sim_timestamp,sim_damage_timestamp,sim_name,sim_expected,Apex Arrow,Blast Arrow,Burst Shot,Caustic Bite,Caustic Bite (dot),Empyreal Arrow,Heartbreak Shot,Iron Jaws,Pitch Perfect,Radiant Encore,Refulgent Arrow,Resonant Arrow,Shot,Sidewinder,Stormbite,Stormbite (dot)
-1650,0,Heartbreak Shot,22196.0,0,0,0,0,0,0,22196,0,0,0,0,0,0,0,0,0
-1030,260,Stormbite,12331.0,0,0,0,0,0,0,22196,0,0,0,0,0,0,0,12331,0
0,758,Shot,8316.0,0,0,0,0,0,0,22196,0,0,0,0,0,8316,0,12331,0
-1030,1500,Stormbite (dot),3085.0,0,0,0,0,0,0,22196,0,0,0,0,0,8316,0,12331,3085
620,1650,Empyreal Arrow,32412.0,0,0,0,0,0,32412,22196,0,0,0,0,0,8316,0,12331,3085
1460,2750,Caustic Bite,18696.0,0,0,0,18696,0,32412,22196,0,0,0,0,0,8316,0,12331,3085
3040,3798,Shot,8405.0,0,0,0,18696,0,32412,22196,0,0,0,0,0,16721,0,12331,3085
-1030,4500,Stormbite (dot),3085.0,0,0,0,18696,0,32412,22196,0,0,0,0,0,16721,0,12331,6170
1460,4500,Caustic Bite (dot),2493.0,0,0,0,18696,2493,32412,22196,0,0,0,0,0,16721,0,12331,6170
3950,5420,Burst Shot,29680.0,0,0,29680,18696,2493,32412,22196,0,0,0,0,0,16721,0,12331,6170
6080,6838,Shot,11380.0,0,0,29680,18696,2493,32412,22196,0,0,0,0,0,28101,0,12331,6170
1460,7500,Caustic Bite (dot),2493.0,0,0,29680,18696,4986,32412,22196,0,0,0,0,0,28101,0,12331,6170
-1030,7500,Stormbite (dot),3085.0,0,0,29680,18696,4986,32412,22196,0,0,0,0,0,28101,0,12331,9255
6440,7910,Burst Shot,24598.0,0,0,54278,18696,4986,32412,22196,0,0,0,0,0,28101,0,12331,9255
6440,7910,Refulgent Arrow,16895.0,0,0,54278,18696,4986,32412,22196,0,0,0,16895,0,28101,0,12331,9255
7680,8480,Pitch Perfect,13963.0,0,0,54278,18696,4986,32412,22196,0,13963,0,16895,0,28101,0,12331,9255
7680,8480,Pitch Perfect,45646.0,0,0,54278,18696,4986,32412,22196,0,59609,0,16895,0,28101,0,12331,9255
7680,9330,Heartbreak Shot,1389.0,0,0,54278,18696,4986,32412,23585,0,59609,0,16895,0,28101,0,12331,9255
9120,9878,Shot,13349.0,0,0,54278,18696,4986,32412,23585,0,59609,0,16895,0,41450,0,12331,9255
1460,10500,Caustic Bite (dot),2493.0,0,0,54278,18696,7479,32412,23585,0,59609,0,16895,0,41450,0,12331,9255
-1030,10500,Stormbite (dot),3085.0,0,0,54278,18696,7479,32412,23585,0,59609,0,16895,0,41450,0,12331,12340
10170,10700,Sidewinder,79201.0,0,0,54278,18696,7479,32412,23585,0,59609,0,16895,0,41450,79201,12331,12340
8930,10890,Radiant Encore,138601.0,0,0,54278,18696,7479,32412,23585,0,59609,138601,16895,0,41450,79201,12331,12340
12040,12840,Pitch Perfect,1910.0,0,0,54278,18696,7479,32412,23585,0,61519,138601,16895,0,41450,79201,12331,12340
11420,12890,Refulgent Arrow,55434.0,0,0,54278,18696,7479,32412,23585,0,61519,138601,72329,0,41450,79201,12331,12340
12160,12918,Shot,13349.0,0,0,54278,18696,7479,32412,23585,0,61519,138601,72329,0,54799,79201,12331,12340
11420,13010,Refulgent Arrow,55434.0,0,0,54278,18696,7479,32412,23585,0,61519,138601,127763,0,54799,79201,12331,12340
11420,13130,Refulgent Arrow,55434.0,0,0,54278,18696,7479,32412,23585,0,61519,138601,183197,0,54799,79201,12331,12340
1460,13500,Caustic Bite (dot),2493.0,0,0,54278,18696,9972,32412,23585,0,61519,138601,183197,0,54799,79201,12331,12340
-1030,13500,Stormbite (dot),3085.0,0,0,54278,18696,9972,32412,23585,0,61519,138601,183197,0,54799,79201,12331,15425
12040,13690,Heartbreak Shot,34680.0,0,0,54278,18696,9972,32412,58265,0,61519,138601,183197,0,54799,79201,12331,15425
12660,14310,Heartbreak Shot,35200.0,0,0,54278,18696,9972,32412,93465,0,61519,138601,183197,0,54799,79201,12331,15425
13910,15070,Resonant Arrow,126719.0,0,0,54278,18696,9972,32412,93465,0,61519,138601,183197,126719,54799,79201,12331,15425
15150,15950,Pitch Perfect,35610.0,0,0,54278,18696,9972,32412,93465,0,97129,138601,183197,126719,54799,79201,12331,15425
15200,15958,Shot,13349.0,0,0,54278,18696,9972,32412,93465,0,97129,138601,183197,126719,68148,79201,12331,15425
14530,16180,Heartbreak Shot,35635.0,0,0,54278,18696,9972,32412,129100,0,97129,138601,183197,126719,68148,79201,12331,15425
-1030,16500,Stormbite (dot),3085.0,0,0,54278,18696,9972,32412,129100,0,97129,138601,183197,126719,68148,79201,12331,18510
1460,16500,Caustic Bite (dot),2493.0,0,0,54278,18696,12465,32412,129100,0,97129,138601,183197,126719,68148,79201,12331,18510
16400,17870,Burst Shot,32538.0,0,0,86816,18696,12465,32412,129100,0,97129,138601,183197,126719,68148,79201,12331,18510
16400,17870,Refulgent Arrow,14019.0,0,0,86816,18696,12465,32412,129100,0,97129,138601,197216,126719,68148,79201,12331,18510
17020,18050,Empyreal Arrow,51477.0,0,0,86816,18696,12465,83889,129100,0,97129,138601,197216,126719,68148,79201,12331,18510
17670,18470,Pitch Perfect,26800.0,0,0,86816,18696,12465,83889,129100,0,123929,138601,197216,126719,68148,79201,12331,18510
18240,18998,Shot,13349.0,0,0,86816,18696,12465,83889,129100,0,123929,138601,197216,126719,81497,79201,12331,18510
-1030,19500,Stormbite (dot),3085.0,0,0,86816,18696,12465,83889,129100,0,123929,138601,197216,126719,81497,79201,12331,21595
1460,19500,Caustic Bite (dot),2493.0,0,0,86816,18696,14958,83889,129100,0,123929,138601,197216,126719,81497,79201,12331,21595
19510,20310,Pitch Perfect,6201.0,0,0,86816,18696,14958,83889,129100,0,130130,138601,197216,126719,81497,79201,12331,21595
18890,20360,Refulgent Arrow,13980.0,0,0,86816,18696,14958,83889,129100,0,130130,138601,211196,126719,81497,79201,12331,21595
18890,20360,Burst Shot,32569.0,0,0,119385,18696,14958,83889,129100,0,130130,138601,211196,126719,81497,79201,12331,21595
21280,22038,Shot,13349.0,0,0,119385,18696,14958,83889,129100,0,130130,138601,211196,126719,94846,79201,12331,21595
-1030,22500,Stormbite (dot),3085.0,0,0,119385,18696,14958,83889,129100,0,130130,138601,211196,126719,94846,79201,12331,24680
1460,22500,Caustic Bite (dot),2493.0,0,0,119385,18696,17451,83889,129100,0,130130,138601,211196,126719,94846,79201,12331,24680
22030,22830,Pitch Perfect,24626.0,0,0,119385,18696,17451,83889,129100,0,154756,138601,211196,126719,94846,79201,12331,24680
21380,22850,Refulgent Arrow,14756.0,0,0,119385,18696,17451,83889,129100,0,154756,138601,225952,126719,94846,79201,12331,24680
21380,22850,Burst Shot,31959.0,0,0,151344,18696,17451,83889,129100,0,154756,138601,225952,126719,94846,79201,12331,24680
23870,24540,Iron Jaws,19796.0,0,0,151344,18696,17451,83889,129100,19796,154756,138601,225952,126719,94846,79201,12331,24680
24320,25078,Shot,13349.0,0,0,151344,18696,17451,83889,129100,19796,154756,138601,225952,126719,108195,79201,12331,24680
24520,25320,Pitch Perfect,23279.0,0,0,151344,18696,17451,83889,129100,19796,178035,138601,225952,126719,108195,79201,12331,24680
23870,25500,Caustic Bite (dot),3961.0,0,0,151344,18696,21412,83889,129100,19796,178035,138601,225952,126719,108195,79201,12331,24680
23870,25500,Stormbite (dot),4952.0,0,0,151344,18696,21412,83889,129100,19796,178035,138601,225952,126719,108195,79201,12331,29632
26361,27831,Refulgent Arrow,22799.0,0,0,151344,18696,21412,83889,129100,19796,178035,138601,248751,126719,108195,79201,12331,29632
26361,27831,Burst Shot,16219.0,0,0,167563,18696,21412,83889,129100,19796,178035,138601,248751,126719,108195,79201,12331,29632
27360,28118,Shot,10462.0,0,0,167563,18696,21412,83889,129100,19796,178035,138601,248751,126719,118657,79201,12331,29632
27631,28431,Pitch Perfect,9607.0,0,0,167563,18696,21412,83889,129100,19796,187642,138601,248751,126719,118657,79201,12331,29632
23870,28500,Stormbite (dot),4952.0,0,0,167563,18696,21412,83889,129100,19796,187642,138601,248751,126719,118657,79201,12331,34584
23870,28500,Caustic Bite (dot),3961.0,0,0,167563,18696,25373,83889,129100,19796,187642,138601,248751,126719,118657,79201,12331,34584
28851,30321,Burst Shot,21904.0,0,0,189467,18696,25373,83889,129100,19796,187642,138601,248751,126719,118657,79201,12331,34584
28851,30321,Refulgent Arrow,9897.0,0,0,189467,18696,25373,83889,129100,19796,187642,138601,258648,126719,118657,79201,12331,34584
30121,30921,Pitch Perfect,12769.0,0,0,189467,18696,25373,83889,129100,19796,200411,138601,258648,126719,118657,79201,12331,34584
29471,31121,Heartbreak Shot,24284.0,0,0,189467,18696,25373,83889,153384,19796,200411,138601,258648,126719,118657,79201,12331,34584
30400,31158,Shot,9097.0,0,0,189467,18696,25373,83889,153384,19796,200411,138601,258648,126719,127754,79201,12331,34584
23870,31500,Stormbite (dot),4952.0,0,0,189467,18696,25373,83889,153384,19796,200411,138601,258648,126719,127754,79201,12331,39536
23870,31500,Caustic Bite (dot),3961.0,0,0,189467,18696,29334,83889,153384,19796,200411,138601,258648,126719,127754,79201,12331,39536
31341,32811,Burst Shot,21948.0,0,0,211415,18696,29334,83889,153384,19796,200411,138601,258648,126719,127754,79201,12331,39536
31341,32811,Refulgent Arrow,9840.0,0,0,211415,18696,29334,83889,153384,19796,200411,138601,268488,126719,127754,79201,12331,39536
32020,33050,Empyreal Arrow,35080.0,0,0,211415,18696,29334,118969,153384,19796,200411,138601,268488,126719,127754,79201,12331,39536
32670,33470,Pitch Perfect,18661.0,0,0,211415,18696,29334,118969,153384,19796,219072,138601,268488,126719,127754,79201,12331,39536
33440,34198,Shot,9097.0,0,0,211415,18696,29334,118969,153384,19796,219072,138601,268488,126719,136851,79201,12331,39536
23870,34500,Stormbite (dot),4952.0,0,0,211415,18696,29334,118969,153384,19796,219072,138601,268488,126719,136851,79201,12331,44488
23870,34500,Caustic Bite (dot),3961.0,0,0,211415,18696,33295,118969,153384,19796,219072,138601,268488,126719,136851,79201,12331,44488
34451,35251,Pitch Perfect,10451.0,0,0,211415,18696,33295,118969,153384,19796,229523,138601,268488,126719,136851,79201,12331,44488
33831,35301,Burst Shot,20329.0,0,0,231744,18696,33295,118969,153384,19796,229523,138601,268488,126719,136851,79201,12331,44488
33831,35301,Refulgent Arrow,9029.0,0,0,231744,18696,33295,118969,153384,19796,229523,138601,277517,126719,136851,79201,12331,44488
36480,37238,Shot,8405.0,0,0,231744,18696,33295,118969,153384,19796,229523,138601,277517,126719,145256,79201,12331,44488
23870,37500,Stormbite (dot),4952.0,0,0,231744,18696,33295,118969,153384,19796,229523,138601,277517,126719,145256,79201,12331,49440
23870,37500,Caustic Bite (dot),3961.0,0,0,231744,18696,37256,118969,153384,19796,229523,138601,277517,126719,145256,79201,12331,49440
36971,37771,Pitch Perfect,11295.0,0,0,231744,18696,37256,118969,153384,19796,240818,138601,277517,126719,145256,79201,12331,49440
36321,37791,Refulgent Arrow,9203.0,0,0,231744,18696,37256,118969,153384,19796,240818,138601,286720,126719,145256,79201,12331,49440
36321,37791,Burst Shot,20192.0,0,0,251936,18696,37256,118969,153384,19796,240818,138601,286720,126719,145256,79201,12331,49440
39461,40261,Pitch Perfect,13023.0,0,0,251936,18696,37256,118969,153384,19796,253841,138601,286720,126719,145256,79201,12331,49440
39520,40278,Shot,8405.0,0,0,251936,18696,37256,118969,153384,19796,253841,138601,286720,126719,153661,79201,12331,49440
38811,40281,Refulgent Arrow,8931.0,0,0,251936,18696,37256,118969,153384,19796,253841,138601,295651,126719,153661,79201,12331,49440
38811,40281,Burst Shot,20406.0,0,0,272342,18696,37256,118969,153384,19796,253841,138601,295651,126719,153661,79201,12331,49440
23870,40500,Stormbite (dot),4952.0,0,0,272342,18696,37256,118969,153384,19796,253841,138601,295651,126719,153661,79201,12331,54392
23870,40500,Caustic Bite (dot),3961.0,0,0,272342,18696,41217,118969,153384,19796,253841,138601,295651,126719,153661,79201,12331,54392
41921,42721,Pitch Perfect,8997.0,0,0,272342,18696,41217,118969,153384,19796,262838,138601,295651,126719,153661,79201,12331,54392
41921,42721,Pitch Perfect,3991.0,0,0,272342,18696,41217,118969,153384,19796,266829,138601,295651,126719,153661,79201,12331,54392
41301,42771,Burst Shot,20365.0,0,0,292707,18696,41217,118969,153384,19796,266829,138601,295651,126719,153661,79201,12331,54392
41301,42771,Refulgent Arrow,8983.0,0,0,292707,18696,41217,118969,153384,19796,266829,138601,304634,126719,153661,79201,12331,54392
42560,43318,Shot,8399.0,0,0,292707,18696,41217,118969,153384,19796,266829,138601,304634,126719,162060,79201,12331,54392
23870,43500,Caustic Bite (dot),3961.0,0,0,292707,18696,45178,118969,153384,19796,266829,138601,304634,126719,162060,79201,12331,54392
23870,43500,Stormbite (dot),4952.0,0,0,292707,18696,45178,118969,153384,19796,266829,138601,304634,126719,162060,79201,12331,59344
43791,45261,Refulgent Arrow,8904.0,0,0,292707,18696,45178,118969,153384,19796,266829,138601,313538,126719,162060,79201,12331,59344
43791,45261,Burst Shot,20408.0,0,0,313115,18696,45178,118969,153384,19796,266829,138601,313538,126719,162060,79201,12331,59344
44411,46061,Heartbreak Shot,22418.0,0,0,313115,18696,45178,118969,175802,19796,266829,138601,313538,126719,162060,79201,12331,59344
45600,46358,Shot,8399.0,0,0,313115,18696,45178,118969,175802,19796,266829,138601,313538,126719,170459,79201,12331,59344
23870,46500,Caustic Bite (dot),3961.0,0,0,313115,18696,49139,118969,175802,19796,266829,138601,313538,126719,170459,79201,12331,59344
23870,46500,Stormbite (dot),4952.0,0,0,313115,18696,49139,118969,175802,19796,266829,138601,313538,126719,170459,79201,12331,64296
46281,47751,Refulgent Arrow,8810.0,0,0,313115,18696,49139,118969,175802,19796,266829,138601,322348,126719,170459,79201,12331,64296
46281,47751,Burst Shot,20482.0,0,0,333597,18696,49139,118969,175802,19796,266829,138601,322348,126719,170459,79201,12331,64296
47020,48050,Empyreal Arrow,32390.0,0,0,333597,18696,49139,151359,175802,19796,266829,138601,322348,126719,170459,79201,12331,64296
47640,49290,Heartbreak Shot,17981.0,0,0,333597,18696,49139,151359,193783,19796,266829,138601,322348,126719,170459,79201,12331,64296
48640,49398,Shot,8399.0,0,0,333597,18696,49139,151359,193783,19796,266829,138601,322348,126719,178858,79201,12331,64296
23870,49500,Stormbite (dot),4952.0,0,0,333597,18696,49139,151359,193783,19796,266829,138601,322348,126719,178858,79201,12331,69248
23870,49500,Caustic Bite (dot),3961.0,0,0,333597,18696,53100,151359,193783,19796,266829,138601,322348,126719,178858,79201,12331,69248
48771,50241,Burst Shot,20225.0,0,0,353822,18696,53100,151359,193783,19796,266829,138601,322348,126719,178858,79201,12331,69248
48771,50241,Refulgent Arrow,9138.0,0,0,353822,18696,53100,151359,193783,19796,266829,138601,331486,126719,178858,79201,12331,69248
49421,51071,Heartbreak Shot,3524.0,0,0,353822,18696,53100,151359,197307,19796,266829,138601,331486,126719,178858,79201,12331,69248
51261,52331,Apex Arrow,1133.0,1133,0,353822,18696,53100,151359,197307,19796,266829,138601,331486,126719,178858,79201,12331,69248
51261,52331,Apex Arrow,9179.0,10312,0,353822,18696,53100,151359,197307,19796,266829,138601,331486,126719,178858,79201,12331,69248
51261,52331,Apex Arrow,2476.0,12788,0,353822,18696,53100,151359,197307,19796,266829,138601,331486,126719,178858,79201,12331,69248
51261,52331,Apex Arrow,4.0,12792,0,353822,18696,53100,151359,197307,19796,266829,138601,331486,126719,178858,79201,12331,69248
51261,52331,Apex Arrow,3.0,12795,0,353822,18696,53100,151359,197307,19796,266829,138601,331486,126719,178858,79201,12331,69248
51261,52331,Apex Arrow,8168.0,20963,0,353822,18696,53100,151359,197307,19796,266829,138601,331486,126719,178858,79201,12331,69248
51261,52331,Apex Arrow,62.0,21025,0,353822,18696,53100,151359,197307,19796,266829,138601,331486,126719,178858,79201,12331,69248
51261,52331,Apex Arrow,17567.0,38592,0,353822,18696,53100,151359,197307,19796,266829,138601,331486,126719,178858,79201,12331,69248
51261,52331,Apex Arrow,14274.0,52866,0,353822,18696,53100,151359,197307,19796,266829,138601,331486,126719,178858,79201,12331,69248
51261,52331,Apex Arrow,3412.0,56278,0,353822,18696,53100,151359,197307,19796,266829,138601,331486,126719,178858,79201,12331,69248
51261,52331,Apex Arrow,16631.0,72909,0,353822,18696,53100,151359,197307,19796,266829,138601,331486,126719,178858,79201,12331,69248
51261,52331,Apex Arrow,261.0,73170,0,353822,18696,53100,151359,197307,19796,266829,138601,331486,126719,178858,79201,12331,69248
51680,52438,Shot,8399.0,73170,0,353822,18696,53100,151359,197307,19796,266829,138601,331486,126719,187257,79201,12331,69248
23870,52500,Stormbite (dot),4952.0,73170,0,353822,18696,53100,151359,197307,19796,266829,138601,331486,126719,187257,79201,12331,74200
23870,52500,Caustic Bite (dot),3961.0,73170,0,353822,18696,57061,151359,197307,19796,266829,138601,331486,126719,187257,79201,12331,74200
51881,53531,Heartbreak Shot,20909.0,73170,0,353822,18696,57061,151359,218216,19796,266829,138601,331486,126719,187257,79201,12331,74200
53751,55221,Refulgent Arrow,1768.0,73170,0,353822,18696,57061,151359,218216,19796,266829,138601,333254,126719,187257,79201,12331,74200
53751,55221,Burst Shot,4291.0,73170,0,358113,18696,57061,151359,218216,19796,266829,138601,333254,126719,187257,79201,12331,74200
53751,55401,Blast Arrow,69131.0,73170,69131,358113,18696,57061,151359,218216,19796,266829,138601,333254,126719,187257,79201,12331,74200
54720,55478,Shot,8399.0,73170,69131,358113,18696,57061,151359,218216,19796,266829,138601,333254,126719,195656,79201,12331,74200
23870,55500,Caustic Bite (dot),3961.0,73170,69131,358113,18696,61022,151359,218216,19796,266829,138601,333254,126719,195656,79201,12331,74200
23870,55500,Stormbite (dot),4952.0,73170,69131,358113,18696,61022,151359,218216,19796,266829,138601,333254,126719,195656,79201,12331,79152
55051,56701,Heartbreak Shot,10857.0,73170,69131,358113,18696,61022,151359,229073,19796,266829,138601,333254,126719,195656,79201,12331,79152
56241,57711,Burst Shot,20252.0,73170,69131,378365,18696,61022,151359,229073,19796,266829,138601,333254,126719,195656,79201,12331,79152
56241,57711,Refulgent Arrow,9103.0,73170,69131,378365,18696,61022,151359,229073,19796,266829,138601,342357,126719,195656,79201,12331,79152
23870,58500,Stormbite (dot),4952.0,73170,69131,378365,18696,61022,151359,229073,19796,266829,138601,342357,126719,195656,79201,12331,84104
23870,58500,Caustic Bite (dot),3961.0,73170,69131,378365,18696,64983,151359,229073,19796,266829,138601,342357,126719,195656,79201,12331,84104
57760,58518,Shot,8399.0,73170,69131,378365,18696,64983,151359,229073,19796,266829,138601,342357,126719,204055,79201,12331,84104
58731,60201,Refulgent Arrow,8960.0,73170,69131,378365,18696,64983,151359,229073,19796,266829,138601,351317,126719,204055,79201,12331,84104
58731,60201,Burst Shot,20364.0,73170,69131,398729,18696,64983,151359,229073,19796,266829,138601,351317,126719,204055,79201,12331,84104
59351,61001,Heartbreak Shot,19692.0,73170,69131,398729,18696,64983,151359,248765,19796,266829,138601,351317,126719,204055,79201,12331,84104
23870,61500,Caustic Bite (dot),3961.0,73170,69131,398729,18696,68944,151359,248765,19796,266829,138601,351317,126719,204055,79201,12331,84104
23870,61500,Stormbite (dot),4952.0,73170,69131,398729,18696,68944,151359,248765,19796,266829,138601,351317,126719,204055,79201,12331,89056
60800,61558,Shot,8399.0,73170,69131,398729,18696,68944,151359,248765,19796,266829,138601,351317,126719,212454,79201,12331,89056
61221,62691,Refulgent Arrow,9117.0,73170,69131,398729,18696,68944,151359,248765,19796,266829,138601,360434,126719,212454,79201,12331,89056
61221,62691,Burst Shot,20241.0,73170,69131,418970,18696,68944,151359,248765,19796,266829,138601,360434,126719,212454,79201,12331,89056
62020,63050,Empyreal Arrow,32390.0,73170,69131,418970,18696,68944,183749,248765,19796,266829,138601,360434,126719,212454,79201,12331,89056
62640,64290,Heartbreak Shot,20028.0,73170,69131,418970,18696,68944,183749,268793,19796,266829,138601,360434,126719,212454,79201,12331,89056
23870,64500,Caustic Bite (dot),3961.0,73170,69131,418970,18696,72905,183749,268793,19796,266829,138601,360434,126719,212454,79201,12331,89056
23870,64500,Stormbite (dot),4952.0,73170,69131,418970,18696,72905,183749,268793,19796,266829,138601,360434,126719,212454,79201,12331,94008
63840,64598,Shot,8399.0,73170,69131,418970,18696,72905,183749,268793,19796,266829,138601,360434,126719,220853,79201,12331,94008
63711,65181,Refulgent Arrow,8880.0,73170,69131,418970,18696,72905,183749,268793,19796,266829,138601,369314,126719,220853,79201,12331,94008
63711,65181,Burst Shot,20427.0,73170,69131,439397,18696,72905,183749,268793,19796,266829,138601,369314,126719,220853,79201,12331,94008
64331,65981,Heartbreak Shot,8702.0,73170,69131,439397,18696,72905,183749,277495,19796,266829,138601,369314,126719,220853,79201,12331,94008
23870,67500,Caustic Bite (dot),3961.0,73170,69131,439397,18696,76866,183749,277495,19796,266829,138601,369314,126719,220853,79201,12331,94008
23870,67500,Stormbite (dot),4952.0,73170,69131,439397,18696,76866,183749,277495,19796,266829,138601,369314,126719,220853,79201,12331,98960
66880,67638,Shot,8399.0,73170,69131,439397,18696,76866,183749,277495,19796,266829,138601,369314,126719,229252,79201,12331,98960
66201,67671,Refulgent Arrow,9082.0,73170,69131,439397,18696,76866,183749,277495,19796,266829,138601,378396,126719,229252,79201,12331,98960
66201,67671,Burst Shot,20269.0,73170,69131,459666,18696,76866,183749,277495,19796,266829,138601,378396,126719,229252,79201,12331,98960
66821,68471,Heartbreak Shot,20104.0,73170,69131,459666,18696,76866,183749,297599,19796,266829,138601,378396,126719,229252,79201,12331,98960
68691,69361,Iron Jaws,12454.0,73170,69131,459666,18696,76866,183749,297599,32250,266829,138601,378396,126719,229252,79201,12331,98960
68691,70500,Caustic Bite (dot),2491.0,73170,69131,459666,18696,79357,183749,297599,32250,266829,138601,378396,126719,229252,79201,12331,98960
68691,70500,Stormbite (dot),3115.0,73170,69131,459666,18696,79357,183749,297599,32250,266829,138601,378396,126719,229252,79201,12331,102075
69920,70678,Shot,8399.0,73170,69131,459666,18696,79357,183749,297599,32250,266829,138601,378396,126719,237651,79201,12331,102075
70170,70700,Sidewinder,49833.0,73170,69131,459666,18696,79357,183749,297599,32250,266829,138601,378396,126719,237651,129034,12331,102075
71181,72651,Refulgent Arrow,18374.0,73170,69131,459666,18696,79357,183749,297599,32250,266829,138601,396770,126719,237651,129034,12331,102075
71181,72651,Burst Shot,12968.0,73170,69131,472634,18696,79357,183749,297599,32250,266829,138601,396770,126719,237651,129034,12331,102075
71831,73481,Heartbreak Shot,9198.0,73170,69131,472634,18696,79357,183749,306797,32250,266829,138601,396770,126719,237651,129034,12331,102075
68691,73500,Caustic Bite (dot),2491.0,73170,69131,472634,18696,81848,183749,306797,32250,266829,138601,396770,126719,237651,129034,12331,102075
68691,73500,Stormbite (dot),3115.0,73170,69131,472634,18696,81848,183749,306797,32250,266829,138601,396770,126719,237651,129034,12331,105190
72960,73718,Shot,8399.0,73170,69131,472634,18696,81848,183749,306797,32250,266829,138601,396770,126719,246050,129034,12331,105190
73671,75141,Refulgent Arrow,9026.0,73170,69131,472634,18696,81848,183749,306797,32250,266829,138601,405796,126719,246050,129034,12331,105190
73671,75141,Burst Shot,20312.0,73170,69131,492946,18696,81848,183749,306797,32250,266829,138601,405796,126719,246050,129034,12331,105190
74321,75971,Heartbreak Shot,20111.0,73170,69131,492946,18696,81848,183749,326908,32250,266829,138601,405796,126719,246050,129034,12331,105190
68691,76500,Caustic Bite (dot),2491.0,73170,69131,492946,18696,84339,183749,326908,32250,266829,138601,405796,126719,246050,129034,12331,105190
68691,76500,Stormbite (dot),3115.0,73170,69131,492946,18696,84339,183749,326908,32250,266829,138601,405796,126719,246050,129034,12331,108305
76000,76758,Shot,8399.0,73170,69131,492946,18696,84339,183749,326908,32250,266829,138601,405796,126719,254449,129034,12331,108305
76162,77632,Refulgent Arrow,9099.0,73170,69131,492946,18696,84339,183749,326908,32250,266829,138601,414895,126719,254449,129034,12331,108305
76162,77632,Burst Shot,20255.0,73170,69131,513201,18696,84339,183749,326908,32250,266829,138601,414895,126719,254449,129034,12331,108305
77020,78050,Empyreal Arrow,32390.0,73170,69131,513201,18696,84339,216139,326908,32250,266829,138601,414895,126719,254449,129034,12331,108305
77640,79290,Heartbreak Shot,20051.0,73170,69131,513201,18696,84339,216139,346959,32250,266829,138601,414895,126719,254449,129034,12331,108305
68691,79500,Caustic Bite (dot),2491.0,73170,69131,513201,18696,86830,216139,346959,32250,266829,138601,414895,126719,254449,129034,12331,108305
68691,79500,Stormbite (dot),3115.0,73170,69131,513201,18696,86830,216139,346959,32250,266829,138601,414895,126719,254449,129034,12331,111420
79040,79798,Shot,8399.0,73170,69131,513201,18696,86830,216139,346959,32250,266829,138601,414895,126719,262848,129034,12331,111420
78652,80122,Burst Shot,20463.0,73170,69131,533664,18696,86830,216139,346959,32250,266829,138601,414895,126719,262848,129034,12331,111420
78652,80122,Refulgent Arrow,8834.0,73170,69131,533664,18696,86830,216139,346959,32250,266829,138601,423729,126719,262848,129034,12331,111420
79272,80922,Heartbreak Shot,8960.0,73170,69131,533664,18696,86830,216139,355919,32250,266829,138601,423729,126719,262848,129034,12331,111420
68691,82500,Stormbite (dot),3115.0,73170,69131,533664,18696,86830,216139,355919,32250,266829,138601,423729,126719,262848,129034,12331,114535
68691,82500,Caustic Bite (dot),2491.0,73170,69131,533664,18696,89321,216139,355919,32250,266829,138601,423729,126719,262848,129034,12331,114535
81142,82612,Burst Shot,20373.0,73170,69131,554037,18696,89321,216139,355919,32250,266829,138601,423729,126719,262848,129034,12331,114535
81142,82612,Refulgent Arrow,8949.0,73170,69131,554037,18696,89321,216139,355919,32250,266829,138601,432678,126719,262848,129034,12331,114535
82080,82838,Shot,8374.0,73170,69131,554037,18696,89321,216139,355919,32250,266829,138601,432678,126719,271222,129034,12331,114535
82382,84032,Heartbreak Shot,20154.0,73170,69131,554037,18696,89321,216139,376073,32250,266829,138601,432678,126719,271222,129034,12331,114535
83632,85102,Refulgent Arrow,9166.0,73170,69131,554037,18696,89321,216139,376073,32250,266829,138601,441844,126719,271222,129034,12331,114535
83632,85102,Burst Shot,20121.0,73170,69131,574158,18696,89321,216139,376073,32250,266829,138601,441844,126719,271222,129034,12331,114535
68691,85500,Caustic Bite (dot),2491.0,73170,69131,574158,18696,91812,216139,376073,32250,266829,138601,441844,126719,271222,129034,12331,114535
68691,85500,Stormbite (dot),3115.0,73170,69131,574158,18696,91812,216139,376073,32250,266829,138601,441844,126719,271222,129034,12331,117650
85120,85878,Shot,8374.0,73170,69131,574158,18696,91812,216139,376073,32250,266829,138601,441844,126719,279596,129034,12331,117650
86122,87592,Refulgent Arrow,9044.0,73170,69131,574158,18696,91812,216139,376073,32250,266829,138601,450888,126719,279596,129034,12331,117650
86122,87592,Burst Shot,20216.0,73170,69131,594374,18696,91812,216139,376073,32250,266829,138601,450888,126719,279596,129034,12331,117650
68691,88500,Stormbite (dot),3115.0,73170,69131,594374,18696,91812,216139,376073,32250,266829,138601,450888,126719,279596,129034,12331,120765
68691,88500,Caustic Bite (dot),2491.0,73170,69131,594374,18696,94303,216139,376073,32250,266829,138601,450888,126719,279596,129034,12331,120765
88160,88918,Shot,8374.0,73170,69131,594374,18696,94303,216139,376073,32250,266829,138601,450888,126719,287970,129034,12331,120765
88512,89982,Burst Shot,20224.0,73170,69131,614598,18696,94303,216139,376073,32250,266829,138601,450888,126719,287970,129034,12331,120765
88512,89982,Refulgent Arrow,9034.0,73170,69131,614598,18696,94303,216139,376073,32250,266829,138601,459922,126719,287970,129034,12331,120765
89162,90812,Heartbreak Shot,11157.0,73170,69131,614598,18696,94303,216139,387230,32250,266829,138601,459922,126719,287970,129034,12331,120765
68691,91500,Stormbite (dot),3115.0,73170,69131,614598,18696,94303,216139,387230,32250,266829,138601,459922,126719,287970,129034,12331,123880
68691,91500,Caustic Bite (dot),2491.0,73170,69131,614598,18696,96794,216139,387230,32250,266829,138601,459922,126719,287970,129034,12331,123880
91200,91958,Shot,8374.0,73170,69131,614598,18696,96794,216139,387230,32250,266829,138601,459922,126719,296344,129034,12331,123880
90802,92272,Refulgent Arrow,9097.0,73170,69131,614598,18696,96794,216139,387230,32250,266829,138601,469019,126719,296344,129034,12331,123880
90802,92272,Burst Shot,20175.0,73170,69131,634773,18696,96794,216139,387230,32250,266829,138601,469019,126719,296344,129034,12331,123880
92020,93050,Empyreal Arrow,32293.0,73170,69131,634773,18696,96794,248432,387230,32250,266829,138601,469019,126719,296344,129034,12331,123880
92992,94462,Refulgent Arrow,8982.0,73170,69131,634773,18696,96794,248432,387230,32250,266829,138601,478001,126719,296344,129034,12331,123880
92992,94462,Burst Shot,20265.0,73170,69131,655038,18696,96794,248432,387230,32250,266829,138601,478001,126719,296344,129034,12331,123880
68691,94500,Caustic Bite (dot),2491.0,73170,69131,655038,18696,99285,248432,387230,32250,266829,138601,478001,126719,296344,129034,12331,123880
68691,94500,Stormbite (dot),3115.0,73170,69131,655038,18696,99285,248432,387230,32250,266829,138601,478001,126719,296344,129034,12331,126995
94240,94998,Shot,8374.0,73170,69131,655038,18696,99285,248432,387230,32250,266829,138601,478001,126719,304718,129034,12331,126995
95082,96552,Refulgent Arrow,9003.0,73170,69131,655038,18696,99285,248432,387230,32250,266829,138601,487004,126719,304718,129034,12331,126995
95082,96552,Burst Shot,20249.0,73170,69131,675287,18696,99285,248432,387230,32250,266829,138601,487004,126719,304718,129034,12331,126995
68691,97500,Caustic Bite (dot),2491.0,73170,69131,675287,18696,101776,248432,387230,32250,266829,138601,487004,126719,304718,129034,12331,126995
68691,97500,Stormbite (dot),3115.0,73170,69131,675287,18696,101776,248432,387230,32250,266829,138601,487004,126719,304718,129034,12331,130110
96382,98032,Heartbreak Shot,11193.0,73170,69131,675287,18696,101776,248432,398423,32250,266829,138601,487004,126719,304718,129034,12331,130110
97280,98038,Shot,8374.0,73170,69131,675287,18696,101776,248432,398423,32250,266829,138601,487004,126719,313092,129034,12331,130110
97172,98642,Refulgent Arrow,9260.0,73170,69131,675287,18696,101776,248432,398423,32250,266829,138601,496264,126719,313092,129034,12331,130110
97172,98642,Burst Shot,20047.0,73170,69131,695334,18696,101776,248432,398423,32250,266829,138601,496264,126719,313092,129034,12331,130110
68691,100500,Stormbite (dot),3115.0,73170,69131,695334,18696,101776,248432,398423,32250,266829,138601,496264,126719,313092,129034,12331,133225
68691,100500,Caustic Bite (dot),2491.0,73170,69131,695334,18696,104267,248432,398423,32250,266829,138601,496264,126719,313092,129034,12331,133225
99262,100732,Burst Shot,20369.0,73170,69131,715703,18696,104267,248432,398423,32250,266829,138601,496264,126719,313092,129034,12331,133225
99262,100732,Refulgent Arrow,8850.0,73170,69131,715703,18696,104267,248432,398423,32250,266829,138601,505114,126719,313092,129034,12331,133225
100320,101078,Shot,8374.0,73170,69131,715703,18696,104267,248432,398423,32250,266829,138601,505114,126719,321466,129034,12331,133225
101352,102822,Burst Shot,20085.0,73170,69131,735788,18696,104267,248432,398423,32250,266829,138601,505114,126719,321466,129034,12331,133225
101352,102822,Refulgent Arrow,9211.0,73170,69131,735788,18696,104267,248432,398423,32250,266829,138601,514325,126719,321466,129034,12331,133225
68691,103500,Caustic Bite (dot),2491.0,73170,69131,735788,18696,106758,248432,398423,32250,266829,138601,514325,126719,321466,129034,12331,133225
68691,103500,Stormbite (dot),3115.0,73170,69131,735788,18696,106758,248432,398423,32250,266829,138601,514325,126719,321466,129034,12331,136340
103360,104118,Shot,8374.0,73170,69131,735788,18696,106758,248432,398423,32250,266829,138601,514325,126719,329840,129034,12331,136340
103442,104912,Refulgent Arrow,9090.0,73170,69131,735788,18696,106758,248432,398423,32250,266829,138601,523415,126719,329840,129034,12331,136340
103442,104912,Burst Shot,20181.0,73170,69131,755969,18696,106758,248432,398423,32250,266829,138601,523415,126719,329840,129034,12331,136340
105532,106202,Iron Jaws,12417.0,73170,69131,755969,18696,106758,248432,398423,44667,266829,138601,523415,126719,329840,129034,12331,136340
105532,106500,Caustic Bite (dot),2484.0,73170,69131,755969,18696,109242,248432,398423,44667,266829,138601,523415,126719,329840,129034,12331,136340
105532,106500,Stormbite (dot),3106.0,73170,69131,755969,18696,109242,248432,398423,44667,266829,138601,523415,126719,329840,129034,12331,139446
106400,107158,Shot,8374.0,73170,69131,755969,18696,109242,248432,398423,44667,266829,138601,523415,126719,338214,129034,12331,139446
107622,109092,Refulgent Arrow,18364.0,73170,69131,755969,18696,109242,248432,398423,44667,266829,138601,541779,126719,338214,129034,12331,139446
107622,109092,Burst Shot,12893.0,73170,69131,768862,18696,109242,248432,398423,44667,266829,138601,541779,126719,338214,129034,12331,139446
108242,109272,Empyreal Arrow,32293.0,73170,69131,768862,18696,109242,280725,398423,44667,266829,138601,541779,126719,338214,129034,12331,139446
105532,109500,Caustic Bite (dot),2484.0,73170,69131,768862,18696,111726,280725,398423,44667,266829,138601,541779,126719,338214,129034,12331,139446
105532,109500,Stormbite (dot),3106.0,73170,69131,768862,18696,111726,280725,398423,44667,266829,138601,541779,126719,338214,129034,12331,142552
109440,110198,Shot,8374.0,73170,69131,768862,18696,111726,280725,398423,44667,266829,138601,541779,126719,346588,129034,12331,142552
109712,111182,Burst Shot,20506.0,73170,69131,789368,18696,111726,280725,398423,44667,266829,138601,541779,126719,346588,129034,12331,142552
109712,111182,Refulgent Arrow,8676.0,73170,69131,789368,18696,111726,280725,398423,44667,266829,138601,550455,126719,346588,129034,12331,142552
105532,112500,Stormbite (dot),3106.0,73170,69131,789368,18696,111726,280725,398423,44667,266829,138601,550455,126719,346588,129034,12331,145658
105532,112500,Caustic Bite (dot),2484.0,73170,69131,789368,18696,114210,280725,398423,44667,266829,138601,550455,126719,346588,129034,12331,145658
112480,113238,Shot,8374.0,73170,69131,789368,18696,114210,280725,398423,44667,266829,138601,550455,126719,354962,129034,12331,145658
111802,113272,Burst Shot,20058.0,73170,69131,809426,18696,114210,280725,398423,44667,266829,138601,550455,126719,354962,129034,12331,145658
111802,113272,Refulgent Arrow,9246.0,73170,69131,809426,18696,114210,280725,398423,44667,266829,138601,559701,126719,354962,129034,12331,145658
113892,115362,Refulgent Arrow,8697.0,73170,69131,809426,18696,114210,280725,398423,44667,266829,138601,568398,126719,354962,129034,12331,145658
113892,115362,Burst Shot,20489.0,73170,69131,829915,18696,114210,280725,398423,44667,266829,138601,568398,126719,354962,129034,12331,145658
105532,115500,Stormbite (dot),3106.0,73170,69131,829915,18696,114210,280725,398423,44667,266829,138601,568398,126719,354962,129034,12331,148764
105532,115500,Caustic Bite (dot),2484.0,73170,69131,829915,18696,116694,280725,398423,44667,266829,138601,568398,126719,354962,129034,12331,148764
115520,116278,Shot,8374.0,73170,69131,829915,18696,116694,280725,398423,44667,266829,138601,568398,126719,363336,129034,12331,148764
115982,117452,Refulgent Arrow,9166.0,73170,69131,829915,18696,116694,280725,398423,44667,266829,138601,577564,126719,363336,129034,12331,148764
115982,117452,Burst Shot,20121.0,73170,69131,850036,18696,116694,280725,398423,44667,266829,138601,577564,126719,363336,129034,12331,148764
105532,118500,Stormbite (dot),3106.0,73170,69131,850036,18696,116694,280725,398423,44667,266829,138601,577564,126719,363336,129034,12331,151870
105532,118500,Caustic Bite (dot),2484.0,73170,69131,850036,18696,119178,280725,398423,44667,266829,138601,577564,126719,363336,129034,12331,151870
118560,119318,Shot,8374.0,73170,69131,850036,18696,119178,280725,398423,44667,266829,138601,577564,126719,371710,129034,12331,151870
118072,119542,Burst Shot,20033.0,73170,69131,870069,18696,119178,280725,398423,44667,266829,138601,577564,126719,371710,129034,12331,151870
118072,119542,Refulgent Arrow,9277.0,73170,69131,870069,18696,119178,280725,398423,44667,266829,138601,586841,126719,371710,129034,12331,151870
105532,121500,Caustic Bite (dot),2484.0,73170,69131,870069,18696,121662,280725,398423,44667,266829,138601,586841,126719,371710,129034,12331,151870
105532,121500,Stormbite (dot),3106.0,73170,69131,870069,18696,121662,280725,398423,44667,266829,138601,586841,126719,371710,129034,12331,154976
120162,121632,Refulgent Arrow,9037.0,73170,69131,870069,18696,121662,280725,398423,44667,266829,138601,595878,126719,371710,129034,12331,154976
120162,121632,Burst Shot,20222.0,73170,69131,890291,18696,121662,280725,398423,44667,266829,138601,595878,126719,371710,129034,12331,154976
121600,122358,Shot,8405.0,73170,69131,890291,18696,121662,280725,398423,44667,266829,138601,595878,126719,380115,129034,12331,154976
122252,123722,Burst Shot,20230.0,73170,69131,910521,18696,121662,280725,398423,44667,266829,138601,595878,126719,380115,129034,12331,154976
122252,123722,Refulgent Arrow,9154.0,73170,69131,910521,18696,121662,280725,398423,44667,266829,138601,605032,126719,380115,129034,12331,154976
123242,124272,Empyreal Arrow,32412.0,73170,69131,910521,18696,121662,313137,398423,44667,266829,138601,605032,126719,380115,129034,12331,154976
105532,124500,Stormbite (dot),3106.0,73170,69131,910521,18696,121662,313137,398423,44667,266829,138601,605032,126719,380115,129034,12331,158082
105532,124500,Caustic Bite (dot),2484.0,73170,69131,910521,18696,124146,313137,398423,44667,266829,138601,605032,126719,380115,129034,12331,158082
124640,125398,Shot,8405.0,73170,69131,910521,18696,124146,313137,398423,44667,266829,138601,605032,126719,388520,129034,12331,158082
124442,125912,Burst Shot,20351.0,73170,69131,930872,18696,124146,313137,398423,44667,266829,138601,605032,126719,388520,129034,12331,158082
124442,125912,Refulgent Arrow,9001.0,73170,69131,930872,18696,124146,313137,398423,44667,266829,138601,614033,126719,388520,129034,12331,158082
105532,127500,Caustic Bite (dot),2484.0,73170,69131,930872,18696,126630,313137,398423,44667,266829,138601,614033,126719,388520,129034,12331,158082
105532,127500,Stormbite (dot),3106.0,73170,69131,930872,18696,126630,313137,398423,44667,266829,138601,614033,126719,388520,129034,12331,161188
126632,128102,Burst Shot,26946.0,73170,69131,957818,18696,126630,313137,398423,44667,266829,138601,614033,126719,388520,129034,12331,161188
126632,128102,Refulgent Arrow,11987.0,73170,69131,957818,18696,126630,313137,398423,44667,266829,138601,626020,126719,388520,129034,12331,161188
127680,128438,Shot,11145.0,73170,69131,957818,18696,126630,313137,398423,44667,266829,138601,626020,126719,399665,129034,12331,161188
127872,128672,Pitch Perfect,44051.0,73170,69131,957818,18696,126630,313137,398423,44667,310880,138601,626020,126719,399665,129034,12331,161188
127872,129522,Heartbreak Shot,12189.0,73170,69131,957818,18696,126630,313137,410612,44667,310880,138601,626020,126719,399665,129034,12331,161188
128822,129892,Apex Arrow,132775.0,205945,69131,957818,18696,126630,313137,410612,44667,310880,138601,626020,126719,399665,129034,12331,161188
128822,129892,Apex Arrow,202.0,206147,69131,957818,18696,126630,313137,410612,44667,310880,138601,626020,126719,399665,129034,12331,161188
128822,129892,Apex Arrow,22.0,206169,69131,957818,18696,126630,313137,410612,44667,310880,138601,626020,126719,399665,129034,12331,161188
128822,129892,Apex Arrow,59.0,206228,69131,957818,18696,126630,313137,410612,44667,310880,138601,626020,126719,399665,129034,12331,161188
105532,130500,Caustic Bite (dot),2484.0,206228,69131,957818,18696,129114,313137,410612,44667,310880,138601,626020,126719,399665,129034,12331,161188
105532,130500,Stormbite (dot),3106.0,206228,69131,957818,18696,129114,313137,410612,44667,310880,138601,626020,126719,399665,129034,12331,164294
130062,130862,Pitch Perfect,17259.0,206228,69131,957818,18696,129114,313137,410612,44667,328139,138601,626020,126719,399665,129034,12331,164294
129442,131092,Heartbreak Shot,34210.0,206228,69131,957818,18696,129114,313137,444822,44667,328139,138601,626020,126719,399665,129034,12331,164294
130720,131478,Shot,12816.0,206228,69131,957818,18696,129114,313137,444822,44667,328139,138601,626020,126719,412481,129034,12331,164294
130062,131712,Heartbreak Shot,22021.0,206228,69131,957818,18696,129114,313137,466843,44667,328139,138601,626020,126719,412481,129034,12331,164294
131632,132162,Sidewinder,76044.0,206228,69131,957818,18696,129114,313137,466843,44667,328139,138601,626020,126719,412481,205078,12331,164294
131012,132662,Blast Arrow,133081.0,206228,202212,957818,18696,129114,313137,466843,44667,328139,138601,626020,126719,412481,205078,12331,164294
105532,133500,Caustic Bite (dot),2484.0,206228,202212,957818,18696,131598,313137,466843,44667,328139,138601,626020,126719,412481,205078,12331,164294
105532,133500,Stormbite (dot),3106.0,206228,202212,957818,18696,131598,313137,466843,44667,328139,138601,626020,126719,412481,205078,12331,167400
133760,134518,Shot,12816.0,206228,202212,957818,18696,131598,313137,466843,44667,328139,138601,626020,126719,425297,205078,12331,167400
134122,134922,Pitch Perfect,5303.0,206228,202212,957818,18696,131598,313137,466843,44667,333442,138601,626020,126719,425297,205078,12331,167400
133502,135462,Radiant Encore,209129.0,206228,202212,957818,18696,131598,313137,466843,44667,333442,347730,626020,126719,425297,205078,12331,167400
134122,135772,Heartbreak Shot,15692.0,206228,202212,957818,18696,131598,313137,482535,44667,333442,347730,626020,126719,425297,205078,12331,167400
134772,136422,Heartbreak Shot,1385.0,206228,202212,957818,18696,131598,313137,483920,44667,333442,347730,626020,126719,425297,205078,12331,167400
105532,136500,Caustic Bite (dot),2484.0,206228,202212,957818,18696,134082,313137,483920,44667,333442,347730,626020,126719,425297,205078,12331,167400
105532,136500,Stormbite (dot),3106.0,206228,202212,957818,18696,134082,313137,483920,44667,333442,347730,626020,126719,425297,205078,12331,170506
136642,137442,Pitch Perfect,24075.0,206228,202212,957818,18696,134082,313137,483920,44667,357517,347730,626020,126719,425297,205078,12331,170506
135992,137462,Refulgent Arrow,53224.0,206228,202212,957818,18696,134082,313137,483920,44667,357517,347730,679244,126719,425297,205078,12331,170506
136800,137558,Shot,12816.0,206228,202212,957818,18696,134082,313137,483920,44667,357517,347730,679244,126719,438113,205078,12331,170506
135992,137582,Refulgent Arrow,53224.0,206228,202212,957818,18696,134082,313137,483920,44667,357517,347730,732468,126719,438113,205078,12331,170506
135992,137702,Refulgent Arrow,53224.0,206228,202212,957818,18696,134082,313137,483920,44667,357517,347730,785692,126719,438113,205078,12331,170506
138242,139272,Empyreal Arrow,49427.0,206228,202212,957818,18696,134082,362564,483920,44667,357517,347730,785692,126719,438113,205078,12331,170506
105532,139500,Caustic Bite (dot),2484.0,206228,202212,957818,18696,136566,362564,483920,44667,357517,347730,785692,126719,438113,205078,12331,170506
105532,139500,Stormbite (dot),3106.0,206228,202212,957818,18696,136566,362564,483920,44667,357517,347730,785692,126719,438113,205078,12331,173612
138862,140022,Resonant Arrow,121668.0,206228,202212,957818,18696,136566,362564,483920,44667,357517,347730,785692,248387,438113,205078,12331,173612
139482,140282,Pitch Perfect,39398.0,206228,202212,957818,18696,136566,362564,483920,44667,396915,347730,785692,248387,438113,205078,12331,173612
139840,140598,Shot,12816.0,206228,202212,957818,18696,136566,362564,483920,44667,396915,347730,785692,248387,450929,205078,12331,173612
105532,142500,Stormbite (dot),3106.0,206228,202212,957818,18696,136566,362564,483920,44667,396915,347730,785692,248387,450929,205078,12331,176718
105532,142500,Caustic Bite (dot),2484.0,206228,202212,957818,18696,139050,362564,483920,44667,396915,347730,785692,248387,450929,205078,12331,176718
142002,142802,Pitch Perfect,19408.0,206228,202212,957818,18696,139050,362564,483920,44667,416323,347730,785692,248387,450929,205078,12331,176718
141352,142822,Refulgent Arrow,13891.0,206228,202212,957818,18696,139050,362564,483920,44667,416323,347730,799583,248387,450929,205078,12331,176718
141352,142822,Burst Shot,30905.0,206228,202212,988723,18696,139050,362564,483920,44667,416323,347730,799583,248387,450929,205078,12331,176718
142880,143638,Shot,12816.0,206228,202212,988723,18696,139050,362564,483920,44667,416323,347730,799583,248387,463745,205078,12331,176718
142002,143652,Heartbreak Shot,12391.0,206228,202212,988723,18696,139050,362564,496311,44667,416323,347730,799583,248387,463745,205078,12331,176718
142652,144302,Heartbreak Shot,4741.0,206228,202212,988723,18696,139050,362564,501052,44667,416323,347730,799583,248387,463745,205078,12331,176718
143842,144512,Iron Jaws,19004.0,206228,202212,988723,18696,139050,362564,501052,63671,416323,347730,799583,248387,463745,205078,12331,176718
143842,145500,Stormbite (dot),4754.0,206228,202212,988723,18696,139050,362564,501052,63671,416323,347730,799583,248387,463745,205078,12331,181472
143842,145500,Caustic Bite (dot),3802.0,206228,202212,988723,18696,142852,362564,501052,63671,416323,347730,799583,248387,463745,205078,12331,181472
145112,145912,Pitch Perfect,6918.0,206228,202212,988723,18696,142852,362564,501052,63671,423241,347730,799583,248387,463745,205078,12331,181472
145920,146678,Shot,12248.0,206228,202212,988723,18696,142852,362564,501052,63671,423241,347730,799583,248387,475993,205078,12331,181472
146332,147802,Burst Shot,16007.0,206228,202212,1004730,18696,142852,362564,501052,63671,423241,347730,799583,248387,475993,205078,12331,181472
146332,147802,Refulgent Arrow,21771.0,206228,202212,1004730,18696,142852,362564,501052,63671,423241,347730,821354,248387,475993,205078,12331,181472
143842,148500,Stormbite (dot),4754.0,206228,202212,1004730,18696,142852,362564,501052,63671,423241,347730,821354,248387,475993,205078,12331,186226
143842,148500,Caustic Bite (dot),3802.0,206228,202212,1004730,18696,146654,362564,501052,63671,423241,347730,821354,248387,475993,205078,12331,186226
148960,149718,Shot,8405.0,206228,202212,1004730,18696,146654,362564,501052,63671,423241,347730,821354,248387,484398,205078,12331,186226
149472,150272,Pitch Perfect,14553.0,206228,202212,1004730,18696,146654,362564,501052,63671,437794,347730,821354,248387,484398,205078,12331,186226
148822,150292,Refulgent Arrow,9022.0,206228,202212,1004730,18696,146654,362564,501052,63671,437794,347730,830376,248387,484398,205078,12331,186226
148822,150292,Burst Shot,20334.0,206228,202212,1025064,18696,146654,362564,501052,63671,437794,347730,830376,248387,484398,205078,12331,186226
149472,151122,Heartbreak Shot,7665.0,206228,202212,1025064,18696,146654,362564,508717,63671,437794,347730,830376,248387,484398,205078,12331,186226
143842,151500,Caustic Bite (dot),3802.0,206228,202212,1025064,18696,150456,362564,508717,63671,437794,347730,830376,248387,484398,205078,12331,186226
143842,151500,Stormbite (dot),4754.0,206228,202212,1025064,18696,150456,362564,508717,63671,437794,347730,830376,248387,484398,205078,12331,190980
150122,151772,Heartbreak Shot,3533.0,206228,202212,1025064,18696,150456,362564,512250,63671,437794,347730,830376,248387,484398,205078,12331,190980
152000,152758,Shot,8405.0,206228,202212,1025064,18696,150456,362564,512250,63671,437794,347730,830376,248387,492803,205078,12331,190980
151962,152762,Pitch Perfect,14611.0,206228,202212,1025064,18696,150456,362564,512250,63671,452405,347730,830376,248387,492803,205078,12331,190980
151312,152782,Refulgent Arrow,8990.0,206228,202212,1025064,18696,150456,362564,512250,63671,452405,347730,839366,248387,492803,205078,12331,190980
151312,152782,Burst Shot,20359.0,206228,202212,1045423,18696,150456,362564,512250,63671,452405,347730,839366,248387,492803,205078,12331,190980
143842,154500,Stormbite (dot),4754.0,206228,202212,1045423,18696,150456,362564,512250,63671,452405,347730,839366,248387,492803,205078,12331,195734
143842,154500,Caustic Bite (dot),3802.0,206228,202212,1045423,18696,154258,362564,512250,63671,452405,347730,839366,248387,492803,205078,12331,195734
153802,155272,Burst Shot,20332.0,206228,202212,1065755,18696,154258,362564,512250,63671,452405,347730,839366,248387,492803,205078,12331,195734
153802,155272,Refulgent Arrow,9025.0,206228,202212,1065755,18696,154258,362564,512250,63671,452405,347730,848391,248387,492803,205078,12331,195734
154422,155452,Empyreal Arrow,32412.0,206228,202212,1065755,18696,154258,394976,512250,63671,452405,347730,848391,248387,492803,205078,12331,195734
155040,155798,Shot,8405.0,206228,202212,1065755,18696,154258,394976,512250,63671,452405,347730,848391,248387,501208,205078,12331,195734
155042,155842,Pitch Perfect,24143.0,206228,202212,1065755,18696,154258,394976,512250,63671,476548,347730,848391,248387,501208,205078,12331,195734
143842,157500,Caustic Bite (dot),3802.0,206228,202212,1065755,18696,158060,394976,512250,63671,476548,347730,848391,248387,501208,205078,12331,195734
143842,157500,Stormbite (dot),4754.0,206228,202212,1065755,18696,158060,394976,512250,63671,476548,347730,848391,248387,501208,205078,12331,200488
156942,157742,Pitch Perfect,13584.0,206228,202212,1065755,18696,158060,394976,512250,63671,490132,347730,848391,248387,501208,205078,12331,200488
156292,157762,Burst Shot,20362.0,206228,202212,1086117,18696,158060,394976,512250,63671,490132,347730,848391,248387,501208,205078,12331,200488
156292,157762,Refulgent Arrow,8987.0,206228,202212,1086117,18696,158060,394976,512250,63671,490132,347730,857378,248387,501208,205078,12331,200488
156942,158592,Heartbreak Shot,7872.0,206228,202212,1086117,18696,158060,394976,520122,63671,490132,347730,857378,248387,501208,205078,12331,200488
158080,158838,Shot,8405.0,206228,202212,1086117,18696,158060,394976,520122,63671,490132,347730,857378,248387,509613,205078,12331,200488
157592,159242,Heartbreak Shot,3362.0,206228,202212,1086117,18696,158060,394976,523484,63671,490132,347730,857378,248387,509613,205078,12331,200488
158782,160252,Refulgent Arrow,8914.0,206228,202212,1086117,18696,158060,394976,523484,63671,490132,347730,866292,248387,509613,205078,12331,200488
158782,160252,Burst Shot,20419.0,206228,202212,1106536,18696,158060,394976,523484,63671,490132,347730,866292,248387,509613,205078,12331,200488
143842,160500,Caustic Bite (dot),3802.0,206228,202212,1106536,18696,161862,394976,523484,63671,490132,347730,866292,248387,509613,205078,12331,200488
143842,160500,Stormbite (dot),4754.0,206228,202212,1106536,18696,161862,394976,523484,63671,490132,347730,866292,248387,509613,205078,12331,205242
160082,160882,Pitch Perfect,5169.0,206228,202212,1106536,18696,161862,394976,523484,63671,495301,347730,866292,248387,509613,205078,12331,205242
161120,161878,Shot,8405.0,206228,202212,1106536,18696,161862,394976,523484,63671,495301,347730,866292,248387,518018,205078,12331,205242
161272,162742,Refulgent Arrow,9060.0,206228,202212,1106536,18696,161862,394976,523484,63671,495301,347730,875352,248387,518018,205078,12331,205242
161272,162742,Burst Shot,20304.0,206228,202212,1126840,18696,161862,394976,523484,63671,495301,347730,875352,248387,518018,205078,12331,205242
143842,163500,Caustic Bite (dot),3802.0,206228,202212,1126840,18696,165664,394976,523484,63671,495301,347730,875352,248387,518018,205078,12331,205242
143842,163500,Stormbite (dot),4754.0,206228,202212,1126840,18696,165664,394976,523484,63671,495301,347730,875352,248387,518018,205078,12331,209996
164160,164918,Shot,8405.0,206228,202212,1126840,18696,165664,394976,523484,63671,495301,347730,875352,248387,526423,205078,12331,209996
164382,165182,Pitch Perfect,13687.0,206228,202212,1126840,18696,165664,394976,523484,63671,508988,347730,875352,248387,526423,205078,12331,209996
164382,165182,Pitch Perfect,11328.0,206228,202212,1126840,18696,165664,394976,523484,63671,520316,347730,875352,248387,526423,205078,12331,209996
164382,165182,Pitch Perfect,3019.0,206228,202212,1126840,18696,165664,394976,523484,63671,523335,347730,875352,248387,526423,205078,12331,209996
163762,165232,Refulgent Arrow,8935.0,206228,202212,1126840,18696,165664,394976,523484,63671,523335,347730,884287,248387,526423,205078,12331,209996
163762,165232,Burst Shot,20403.0,206228,202212,1147243,18696,165664,394976,523484,63671,523335,347730,884287,248387,526423,205078,12331,209996
164382,166032,Heartbreak Shot,459.0,206228,202212,1147243,18696,165664,394976,523943,63671,523335,347730,884287,248387,526423,205078,12331,209996
143842,166500,Caustic Bite (dot),3802.0,206228,202212,1147243,18696,169466,394976,523943,63671,523335,347730,884287,248387,526423,205078,12331,209996
143842,166500,Stormbite (dot),4754.0,206228,202212,1147243,18696,169466,394976,523943,63671,523335,347730,884287,248387,526423,205078,12331,214750
165032,166682,Heartbreak Shot,10731.0,206228,202212,1147243,18696,169466,394976,534674,63671,523335,347730,884287,248387,526423,205078,12331,214750
166252,167722,Refulgent Arrow,9190.0,206228,202212,1147243,18696,169466,394976,534674,63671,523335,347730,893477,248387,526423,205078,12331,214750
166252,167722,Burst Shot,20184.0,206228,202212,1167427,18696,169466,394976,534674,63671,523335,347730,893477,248387,526423,205078,12331,214750
167200,167958,Shot,8399.0,206228,202212,1167427,18696,169466,394976,534674,63671,523335,347730,893477,248387,534822,205078,12331,214750
143842,169500,Stormbite (dot),4754.0,206228,202212,1167427,18696,169466,394976,534674,63671,523335,347730,893477,248387,534822,205078,12331,219504
143842,169500,Caustic Bite (dot),3802.0,206228,202212,1167427,18696,173268,394976,534674,63671,523335,347730,893477,248387,534822,205078,12331,219504
168742,170212,Refulgent Arrow,8747.0,206228,202212,1167427,18696,173268,394976,534674,63671,523335,347730,902224,248387,534822,205078,12331,219504
168742,170212,Burst Shot,20532.0,206228,202212,1187959,18696,173268,394976,534674,63671,523335,347730,902224,248387,534822,205078,12331,219504
169422,170452,Empyreal Arrow,32390.0,206228,202212,1187959,18696,173268,427366,534674,63671,523335,347730,902224,248387,534822,205078,12331,219504
170240,170998,Shot,8399.0,206228,202212,1187959,18696,173268,427366,534674,63671,523335,347730,902224,248387,543221,205078,12331,219504
170042,171692,Heartbreak Shot,20104.0,206228,202212,1187959,18696,173268,427366,554778,63671,523335,347730,902224,248387,543221,205078,12331,219504
143842,172500,Stormbite (dot),4754.0,206228,202212,1187959,18696,173268,427366,554778,63671,523335,347730,902224,248387,543221,205078,12331,224258
143842,172500,Caustic Bite (dot),3802.0,206228,202212,1187959,18696,177070,427366,554778,63671,523335,347730,902224,248387,543221,205078,12331,224258
171233,172703,Refulgent Arrow,9110.0,206228,202212,1187959,18696,177070,427366,554778,63671,523335,347730,911334,248387,543221,205078,12331,224258
171233,172703,Burst Shot,20247.0,206228,202212,1208206,18696,177070,427366,554778,63671,523335,347730,911334,248387,543221,205078,12331,224258
171853,173503,Heartbreak Shot,20183.0,206228,202212,1208206,18696,177070,427366,574961,63671,523335,347730,911334,248387,543221,205078,12331,224258
173280,174038,Shot,8399.0,206228,202212,1208206,18696,177070,427366,574961,63671,523335,347730,911334,248387,551620,205078,12331,224258
173723,175193,Refulgent Arrow,8799.0,206228,202212,1208206,18696,177070,427366,574961,63671,523335,347730,920133,248387,551620,205078,12331,224258
173723,175193,Burst Shot,20490.0,206228,202212,1228696,18696,177070,427366,574961,63671,523335,347730,920133,248387,551620,205078,12331,224258
143842,175500,Caustic Bite (dot),3802.0,206228,202212,1228696,18696,180872,427366,574961,63671,523335,347730,920133,248387,551620,205078,12331,224258
143842,175500,Stormbite (dot),4754.0,206228,202212,1228696,18696,180872,427366,574961,63671,523335,347730,920133,248387,551620,205078,12331,229012
174343,175993,Heartbreak Shot,9137.0,206228,202212,1228696,18696,180872,427366,584098,63671,523335,347730,920133,248387,551620,205078,12331,229012
176320,177078,Shot,8399.0,206228,202212,1228696,18696,180872,427366,584098,63671,523335,347730,920133,248387,560019,205078,12331,229012
176213,177683,Refulgent Arrow,9019.0,206228,202212,1228696,18696,180872,427366,584098,63671,523335,347730,929152,248387,560019,205078,12331,229012
176213,177683,Burst Shot,20318.0,206228,202212,1249014,18696,180872,427366,584098,63671,523335,347730,929152,248387,560019,205078,12331,229012
143842,178500,Caustic Bite (dot),3802.0,206228,202212,1249014,18696,184674,427366,584098,63671,523335,347730,929152,248387,560019,205078,12331,229012
143842,178500,Stormbite (dot),4754.0,206228,202212,1249014,18696,184674,427366,584098,63671,523335,347730,929152,248387,560019,205078,12331,233766
177513,179163,Heartbreak Shot,8799.0,206228,202212,1249014,18696,184674,427366,592897,63671,523335,347730,929152,248387,560019,205078,12331,233766
179360,180118,Shot,8399.0,206228,202212,1249014,18696,184674,427366,592897,63671,523335,347730,929152,248387,568418,205078,12331,233766
178703,180173,Refulgent Arrow,9127.0,206228,202212,1249014,18696,184674,427366,592897,63671,523335,347730,938279,248387,568418,205078,12331,233766
178703,180173,Burst Shot,20233.0,206228,202212,1269247,18696,184674,427366,592897,63671,523335,347730,938279,248387,568418,205078,12331,233766
179353,181003,Heartbreak Shot,11341.0,206228,202212,1269247,18696,184674,427366,604238,63671,523335,347730,938279,248387,568418,205078,12331,233766
143842,181500,Caustic Bite (dot),3802.0,206228,202212,1269247,18696,188476,427366,604238,63671,523335,347730,938279,248387,568418,205078,12331,233766
143842,181500,Stormbite (dot),4754.0,206228,202212,1269247,18696,188476,427366,604238,63671,523335,347730,938279,248387,568418,205078,12331,238520
180003,181653,Heartbreak Shot,8893.0,206228,202212,1269247,18696,188476,427366,613131,63671,523335,347730,938279,248387,568418,205078,12331,238520
181193,182663,Refulgent Arrow,9009.0,206228,202212,1269247,18696,188476,427366,613131,63671,523335,347730,947288,248387,568418,205078,12331,238520
181193,182663,Burst Shot,20326.0,206228,202212,1289573,18696,188476,427366,613131,63671,523335,347730,947288,248387,568418,205078,12331,238520
182400,183158,Shot,8399.0,206228,202212,1289573,18696,188476,427366,613131,63671,523335,347730,947288,248387,576817,205078,12331,238520
143842,184500,Caustic Bite (dot),3802.0,206228,202212,1289573,18696,192278,427366,613131,63671,523335,347730,947288,248387,576817,205078,12331,238520
143842,184500,Stormbite (dot),4754.0,206228,202212,1289573,18696,192278,427366,613131,63671,523335,347730,947288,248387,576817,205078,12331,243274
183683,185153,Refulgent Arrow,8998.0,206228,202212,1289573,18696,192278,427366,613131,63671,523335,347730,956286,248387,576817,205078,12331,243274
183683,185153,Burst Shot,20334.0,206228,202212,1309907,18696,192278,427366,613131,63671,523335,347730,956286,248387,576817,205078,12331,243274
184422,185452,Empyreal Arrow,32390.0,206228,202212,1309907,18696,192278,459756,613131,63671,523335,347730,956286,248387,576817,205078,12331,243274
185440,186198,Shot,8399.0,206228,202212,1309907,18696,192278,459756,613131,63671,523335,347730,956286,248387,585216,205078,12331,243274
185072,186722,Heartbreak Shot,20228.0,206228,202212,1309907,18696,192278,459756,633359,63671,523335,347730,956286,248387,585216,205078,12331,243274
143842,187500,Caustic Bite (dot),3802.0,206228,202212,1309907,18696,196080,459756,633359,63671,523335,347730,956286,248387,585216,205078,12331,243274
143842,187500,Stormbite (dot),4754.0,206228,202212,1309907,18696,196080,459756,633359,63671,523335,347730,956286,248387,585216,205078,12331,248028
186173,187643,Refulgent Arrow,9270.0,206228,202212,1309907,18696,196080,459756,633359,63671,523335,347730,965556,248387,585216,205078,12331,248028
186173,187643,Burst Shot,20121.0,206228,202212,1330028,18696,196080,459756,633359,63671,523335,347730,965556,248387,585216,205078,12331,248028
186793,188443,Heartbreak Shot,20190.0,206228,202212,1330028,18696,196080,459756,653549,63671,523335,347730,965556,248387,585216,205078,12331,248028
188480,189238,Shot,8399.0,206228,202212,1330028,18696,196080,459756,653549,63671,523335,347730,965556,248387,593615,205078,12331,248028
188663,189333,Iron Jaws,12454.0,206228,202212,1330028,18696,196080,459756,653549,76125,523335,347730,965556,248387,593615,205078,12331,248028
188663,190500,Stormbite (dot),3115.0,206228,202212,1330028,18696,196080,459756,653549,76125,523335,347730,965556,248387,593615,205078,12331,251143
188663,190500,Caustic Bite (dot),2491.0,206228,202212,1330028,18696,198571,459756,653549,76125,523335,347730,965556,248387,593615,205078,12331,251143
189283,190933,Heartbreak Shot,8893.0,206228,202212,1330028,18696,198571,459756,662442,76125,523335,347730,965556,248387,593615,205078,12331,251143
191520,192278,Shot,8399.0,206228,202212,1330028,18696,198571,459756,662442,76125,523335,347730,965556,248387,602014,205078,12331,251143
191773,192303,Sidewinder,49833.0,206228,202212,1330028,18696,198571,459756,662442,76125,523335,347730,965556,248387,602014,254911,12331,251143
191153,192623,Refulgent Arrow,18088.0,206228,202212,1330028,18696,198571,459756,662442,76125,523335,347730,983644,248387,602014,254911,12331,251143
191153,192623,Burst Shot,13192.0,206228,202212,1343220,18696,198571,459756,662442,76125,523335,347730,983644,248387,602014,254911,12331,251143
188663,193500,Caustic Bite (dot),2491.0,206228,202212,1343220,18696,201062,459756,662442,76125,523335,347730,983644,248387,602014,254911,12331,251143
188663,193500,Stormbite (dot),3115.0,206228,202212,1343220,18696,201062,459756,662442,76125,523335,347730,983644,248387,602014,254911,12331,254258
192423,194073,Heartbreak Shot,8920.0,206228,202212,1343220,18696,201062,459756,671362,76125,523335,347730,983644,248387,602014,254911,12331,254258
193643,195113,Refulgent Arrow,9166.0,206228,202212,1343220,18696,201062,459756,671362,76125,523335,347730,992810,248387,602014,254911,12331,254258
193643,195113,Burst Shot,20203.0,206228,202212,1363423,18696,201062,459756,671362,76125,523335,347730,992810,248387,602014,254911,12331,254258
194560,195318,Shot,8399.0,206228,202212,1363423,18696,201062,459756,671362,76125,523335,347730,992810,248387,610413,254911,12331,254258
194293,195943,Heartbreak Shot,11307.0,206228,202212,1363423,18696,201062,459756,682669,76125,523335,347730,992810,248387,610413,254911,12331,254258
188663,196500,Caustic Bite (dot),2491.0,206228,202212,1363423,18696,203553,459756,682669,76125,523335,347730,992810,248387,610413,254911,12331,254258
188663,196500,Stormbite (dot),3115.0,206228,202212,1363423,18696,203553,459756,682669,76125,523335,347730,992810,248387,610413,254911,12331,257373
196133,197203,Apex Arrow,70.0,206298,202212,1363423,18696,203553,459756,682669,76125,523335,347730,992810,248387,610413,254911,12331,257373
196133,197203,Apex Arrow,182.0,206480,202212,1363423,18696,203553,459756,682669,76125,523335,347730,992810,248387,610413,254911,12331,257373
196133,197203,Apex Arrow,7.0,206487,202212,1363423,18696,203553,459756,682669,76125,523335,347730,992810,248387,610413,254911,12331,257373
196133,197203,Apex Arrow,86931.0,293418,202212,1363423,18696,203553,459756,682669,76125,523335,347730,992810,248387,610413,254911,12331,257373
197600,198358,Shot,8399.0,293418,202212,1363423,18696,203553,459756,682669,76125,523335,347730,992810,248387,618812,254911,12331,257373
196783,198433,Heartbreak Shot,8897.0,293418,202212,1363423,18696,203553,459756,691566,76125,523335,347730,992810,248387,618812,254911,12331,257373
188663,199500,Caustic Bite (dot),2491.0,293418,202212,1363423,18696,206044,459756,691566,76125,523335,347730,992810,248387,618812,254911,12331,257373
188663,199500,Stormbite (dot),3115.0,293418,202212,1363423,18696,206044,459756,691566,76125,523335,347730,992810,248387,618812,254911,12331,260488
198623,200273,Blast Arrow,87210.0,293418,289422,1363423,18696,206044,459756,691566,76125,523335,347730,992810,248387,618812,254911,12331,260488
199422,200452,Empyreal Arrow,32390.0,293418,289422,1363423,18696,206044,492146,691566,76125,523335,347730,992810,248387,618812,254911,12331,260488
200640,201398,Shot,8399.0,293418,289422,1363423,18696,206044,492146,691566,76125,523335,347730,992810,248387,627211,254911,12331,260488
200042,201692,Heartbreak Shot,20286.0,293418,289422,1363423,18696,206044,492146,711852,76125,523335,347730,992810,248387,627211,254911,12331,260488
188663,202500,Caustic Bite (dot),2491.0,293418,289422,1363423,18696,208535,492146,711852,76125,523335,347730,992810,248387,627211,254911,12331,260488
188663,202500,Stormbite (dot),3115.0,293418,289422,1363423,18696,208535,492146,711852,76125,523335,347730,992810,248387,627211,254911,12331,263603
201113,202583,Refulgent Arrow,9030.0,293418,289422,1363423,18696,208535,492146,711852,76125,523335,347730,1001840,248387,627211,254911,12331,263603
201113,202583,Burst Shot,20310.0,293418,289422,1383733,18696,208535,492146,711852,76125,523335,347730,1001840,248387,627211,254911,12331,263603
201733,203383,Heartbreak Shot,20178.0,293418,289422,1383733,18696,208535,492146,732030,76125,523335,347730,1001840,248387,627211,254911,12331,263603
203680,204438,Shot,8374.0,293418,289422,1383733,18696,208535,492146,732030,76125,523335,347730,1001840,248387,635585,254911,12331,263603
203603,205073,Burst Shot,20085.0,293418,289422,1403818,18696,208535,492146,732030,76125,523335,347730,1001840,248387,635585,254911,12331,263603
203603,205073,Refulgent Arrow,9211.0,293418,289422,1403818,18696,208535,492146,732030,76125,523335,347730,1011051,248387,635585,254911,12331,263603
188663,205500,Caustic Bite (dot),2491.0,293418,289422,1403818,18696,211026,492146,732030,76125,523335,347730,1011051,248387,635585,254911,12331,263603
188663,205500,Stormbite (dot),3115.0,293418,289422,1403818,18696,211026,492146,732030,76125,523335,347730,1011051,248387,635585,254911,12331,266718
206720,207478,Shot,8374.0,293418,289422,1403818,18696,211026,492146,732030,76125,523335,347730,1011051,248387,643959,254911,12331,266718
206093,207563,Burst Shot,20315.0,293418,289422,1424133,18696,211026,492146,732030,76125,523335,347730,1011051,248387,643959,254911,12331,266718
206093,207563,Refulgent Arrow,8919.0,293418,289422,1424133,18696,211026,492146,732030,76125,523335,347730,1019970,248387,643959,254911,12331,266718
188663,208500,Caustic Bite (dot),2491.0,293418,289422,1424133,18696,213517,492146,732030,76125,523335,347730,1019970,248387,643959,254911,12331,266718
188663,208500,Stormbite (dot),3115.0,293418,289422,1424133,18696,213517,492146,732030,76125,523335,347730,1019970,248387,643959,254911,12331,269833
208483,209953,Refulgent Arrow,8954.0,293418,289422,1424133,18696,213517,492146,732030,76125,523335,347730,1028924,248387,643959,254911,12331,269833
208483,209953,Burst Shot,20287.0,293418,289422,1444420,18696,213517,492146,732030,76125,523335,347730,1028924,248387,643959,254911,12331,269833
209760,210518,Shot,8374.0,293418,289422,1444420,18696,213517,492146,732030,76125,523335,347730,1028924,248387,652333,254911,12331,269833
209133,210783,Heartbreak Shot,11280.0,293418,289422,1444420,18696,213517,492146,743310,76125,523335,347730,1028924,248387,652333,254911,12331,269833
188663,211500,Stormbite (dot),3115.0,293418,289422,1444420,18696,213517,492146,743310,76125,523335,347730,1028924,248387,652333,254911,12331,272948
188663,211500,Caustic Bite (dot),2491.0,293418,289422,1444420,18696,216008,492146,743310,76125,523335,347730,1028924,248387,652333,254911,12331,272948
210773,212243,Refulgent Arrow,8999.0,293418,289422,1444420,18696,216008,492146,743310,76125,523335,347730,1037923,248387,652333,254911,12331,272948
210773,212243,Burst Shot,20252.0,293418,289422,1464672,18696,216008,492146,743310,76125,523335,347730,1037923,248387,652333,254911,12331,272948
212800,213558,Shot,8374.0,293418,289422,1464672,18696,216008,492146,743310,76125,523335,347730,1037923,248387,660707,254911,12331,272948
188663,214500,Stormbite (dot),3115.0,293418,289422,1464672,18696,216008,492146,743310,76125,523335,347730,1037923,248387,660707,254911,12331,276063
188663,214500,Caustic Bite (dot),2491.0,293418,289422,1464672,18696,218499,492146,743310,76125,523335,347730,1037923,248387,660707,254911,12331,276063
213063,214533,Refulgent Arrow,9152.0,293418,289422,1464672,18696,218499,492146,743310,76125,523335,347730,1047075,248387,660707,254911,12331,276063
213063,214533,Burst Shot,20131.0,293418,289422,1484803,18696,218499,492146,743310,76125,523335,347730,1047075,248387,660707,254911,12331,276063
214422,215452,Empyreal Arrow,32293.0,293418,289422,1484803,18696,218499,524439,743310,76125,523335,347730,1047075,248387,660707,254911,12331,276063
215840,216598,Shot,8374.0,293418,289422,1484803,18696,218499,524439,743310,76125,523335,347730,1047075,248387,669081,254911,12331,276063
215253,216723,Refulgent Arrow,9128.0,293418,289422,1484803,18696,218499,524439,743310,76125,523335,347730,1056203,248387,669081,254911,12331,276063
215253,216723,Burst Shot,20151.0,293418,289422,1504954,18696,218499,524439,743310,76125,523335,347730,1056203,248387,669081,254911,12331,276063
188663,217500,Stormbite (dot),3115.0,293418,289422,1504954,18696,218499,524439,743310,76125,523335,347730,1056203,248387,669081,254911,12331,279178
188663,217500,Caustic Bite (dot),2491.0,293418,289422,1504954,18696,220990,524439,743310,76125,523335,347730,1056203,248387,669081,254911,12331,279178
215903,217553,Heartbreak Shot,11070.0,293418,289422,1504954,18696,220990,524439,754380,76125,523335,347730,1056203,248387,669081,254911,12331,279178
217343,218813,Burst Shot,20372.0,293418,289422,1525326,18696,220990,524439,754380,76125,523335,347730,1056203,248387,669081,254911,12331,279178
217343,218813,Refulgent Arrow,8846.0,293418,289422,1525326,18696,220990,524439,754380,76125,523335,347730,1065049,248387,669081,254911,12331,279178
218880,219638,Shot,8374.0,293418,289422,1525326,18696,220990,524439,754380,76125,523335,347730,1065049,248387,677455,254911,12331,279178
188663,220500,Stormbite (dot),3115.0,293418,289422,1525326,18696,220990,524439,754380,76125,523335,347730,1065049,248387,677455,254911,12331,282293
188663,220500,Caustic Bite (dot),2491.0,293418,289422,1525326,18696,223481,524439,754380,76125,523335,347730,1065049,248387,677455,254911,12331,282293
219433,220903,Refulgent Arrow,8971.0,293418,289422,1525326,18696,223481,524439,754380,76125,523335,347730,1074020,248387,677455,254911,12331,282293
219433,220903,Burst Shot,20274.0,293418,289422,1545600,18696,223481,524439,754380,76125,523335,347730,1074020,248387,677455,254911,12331,282293
221920,222678,Shot,8374.0,293418,289422,1545600,18696,223481,524439,754380,76125,523335,347730,1074020,248387,685829,254911,12331,282293
221523,222993,Burst Shot,20153.0,293418,289422,1565753,18696,223481,524439,754380,76125,523335,347730,1074020,248387,685829,254911,12331,282293
221523,222993,Refulgent Arrow,9124.0,293418,289422,1565753,18696,223481,524439,754380,76125,523335,347730,1083144,248387,685829,254911,12331,282293
188663,223500,Caustic Bite (dot),2491.0,293418,289422,1565753,18696,225972,524439,754380,76125,523335,347730,1083144,248387,685829,254911,12331,282293
188663,223500,Stormbite (dot),3115.0,293418,289422,1565753,18696,225972,524439,754380,76125,523335,347730,1083144,248387,685829,254911,12331,285408
223613,225083,Refulgent Arrow,8905.0,293418,289422,1565753,18696,225972,524439,754380,76125,523335,347730,1092049,248387,685829,254911,12331,285408
223613,225083,Burst Shot,20325.0,293418,289422,1586078,18696,225972,524439,754380,76125,523335,347730,1092049,248387,685829,254911,12331,285408
224960,225718,Shot,8374.0,293418,289422,1586078,18696,225972,524439,754380,76125,523335,347730,1092049,248387,694203,254911,12331,285408
225703,226373,Iron Jaws,12417.0,293418,289422,1586078,18696,225972,524439,754380,88542,523335,347730,1092049,248387,694203,254911,12331,285408
225703,226500,Caustic Bite (dot),2484.0,293418,289422,1586078,18696,228456,524439,754380,88542,523335,347730,1092049,248387,694203,254911,12331,285408
225703,226500,Stormbite (dot),3106.0,293418,289422,1586078,18696,228456,524439,754380,88542,523335,347730,1092049,248387,694203,254911,12331,288514
228000,228758,Shot,8374.0,293418,289422,1586078,18696,228456,524439,754380,88542,523335,347730,1092049,248387,702577,254911,12331,288514
227793,229263,Burst Shot,12986.0,293418,289422,1599064,18696,228456,524439,754380,88542,523335,347730,1092049,248387,702577,254911,12331,288514
227793,229263,Refulgent Arrow,18246.0,293418,289422,1599064,18696,228456,524439,754380,88542,523335,347730,1110295,248387,702577,254911,12331,288514
225703,229500,Caustic Bite (dot),2484.0,293418,289422,1599064,18696,230940,524439,754380,88542,523335,347730,1110295,248387,702577,254911,12331,288514
225703,229500,Stormbite (dot),3106.0,293418,289422,1599064,18696,230940,524439,754380,88542,523335,347730,1110295,248387,702577,254911,12331,291620
229883,231353,Refulgent Arrow,9121.0,293418,289422,1599064,18696,230940,524439,754380,88542,523335,347730,1119416,248387,702577,254911,12331,291620
229883,231353,Burst Shot,20156.0,293418,289422,1619220,18696,230940,524439,754380,88542,523335,347730,1119416,248387,702577,254911,12331,291620
230503,231533,Empyreal Arrow,32293.0,293418,289422,1619220,18696,230940,556732,754380,88542,523335,347730,1119416,248387,702577,254911,12331,291620
231040,231798,Shot,8374.0,293418,289422,1619220,18696,230940,556732,754380,88542,523335,347730,1119416,248387,710951,254911,12331,291620
225703,232500,Caustic Bite (dot),2484.0,293418,289422,1619220,18696,233424,556732,754380,88542,523335,347730,1119416,248387,710951,254911,12331,291620
225703,232500,Stormbite (dot),3106.0,293418,289422,1619220,18696,233424,556732,754380,88542,523335,347730,1119416,248387,710951,254911,12331,294726
231973,233443,Burst Shot,20413.0,293418,289422,1639633,18696,233424,556732,754380,88542,523335,347730,1119416,248387,710951,254911,12331,294726
231973,233443,Refulgent Arrow,8794.0,293418,289422,1639633,18696,233424,556732,754380,88542,523335,347730,1128210,248387,710951,254911,12331,294726
234080,234838,Shot,8374.0,293418,289422,1639633,18696,233424,556732,754380,88542,523335,347730,1128210,248387,719325,254911,12331,294726
225703,235500,Caustic Bite (dot),2484.0,293418,289422,1639633,18696,235908,556732,754380,88542,523335,347730,1128210,248387,719325,254911,12331,294726
225703,235500,Stormbite (dot),3106.0,293418,289422,1639633,18696,235908,556732,754380,88542,523335,347730,1128210,248387,719325,254911,12331,297832
234063,235533,Refulgent Arrow,9024.0,293418,289422,1639633,18696,235908,556732,754380,88542,523335,347730,1137234,248387,719325,254911,12331,297832
234063,235533,Burst Shot,20233.0,293418,289422,1659866,18696,235908,556732,754380,88542,523335,347730,1137234,248387,719325,254911,12331,297832
236153,237623,Refulgent Arrow,8759.0,293418,289422,1659866,18696,235908,556732,754380,88542,523335,347730,1145993,248387,719325,254911,12331,297832
236153,237623,Burst Shot,20440.0,293418,289422,1680306,18696,235908,556732,754380,88542,523335,347730,1145993,248387,719325,254911,12331,297832
237120,237878,Shot,8374.0,293418,289422,1680306,18696,235908,556732,754380,88542,523335,347730,1145993,248387,727699,254911,12331,297832
225703,238500,Caustic Bite (dot),2484.0,293418,289422,1680306,18696,238392,556732,754380,88542,523335,347730,1145993,248387,727699,254911,12331,297832
225703,238500,Stormbite (dot),3106.0,293418,289422,1680306,18696,238392,556732,754380,88542,523335,347730,1145993,248387,727699,254911,12331,300938
238243,239713,Burst Shot,20260.0,293418,289422,1700566,18696,238392,556732,754380,88542,523335,347730,1145993,248387,727699,254911,12331,300938
238243,239713,Refulgent Arrow,8989.0,293418,289422,1700566,18696,238392,556732,754380,88542,523335,347730,1154982,248387,727699,254911,12331,300938
240160,240918,Shot,8374.0,293418,289422,1700566,18696,238392,556732,754380,88542,523335,347730,1154982,248387,736073,254911,12331,300938
225703,241500,Stormbite (dot),3106.0,293418,289422,1700566,18696,238392,556732,754380,88542,523335,347730,1154982,248387,736073,254911,12331,304044
225703,241500,Caustic Bite (dot),2484.0,293418,289422,1700566,18696,240876,556732,754380,88542,523335,347730,1154982,248387,736073,254911,12331,304044
240333,241803,Refulgent Arrow,8909.0,293418,289422,1700566,18696,240876,556732,754380,88542,523335,347730,1163891,248387,736073,254911,12331,304044
240333,241803,Burst Shot,20323.0,293418,289422,1720889,18696,240876,556732,754380,88542,523335,347730,1163891,248387,736073,254911,12331,304044
242423,243893,Burst Shot,20491.0,293418,289422,1741380,18696,240876,556732,754380,88542,523335,347730,1163891,248387,736073,254911,12331,304044
242423,243893,Refulgent Arrow,8823.0,293418,289422,1741380,18696,240876,556732,754380,88542,523335,347730,1172714,248387,736073,254911,12331,304044
243200,243958,Shot,8405.0,293418,289422,1741380,18696,240876,556732,754380,88542,523335,347730,1172714,248387,744478,254911,12331,304044
225703,244500,Stormbite (dot),3106.0,293418,289422,1741380,18696,240876,556732,754380,88542,523335,347730,1172714,248387,744478,254911,12331,307150
225703,244500,Caustic Bite (dot),2484.0,293418,289422,1741380,18696,243360,556732,754380,88542,523335,347730,1172714,248387,744478,254911,12331,307150
244613,246083,Burst Shot,20249.0,293418,289422,1761629,18696,243360,556732,754380,88542,523335,347730,1172714,248387,744478,254911,12331,307150
244613,246083,Refulgent Arrow,9130.0,293418,289422,1761629,18696,243360,556732,754380,88542,523335,347730,1181844,248387,744478,254911,12331,307150
246240,246998,Shot,9536.0,293418,289422,1761629,18696,243360,556732,754380,88542,523335,347730,1181844,248387,754014,254911,12331,307150
225703,247500,Caustic Bite (dot),2484.0,293418,289422,1761629,18696,245844,556732,754380,88542,523335,347730,1181844,248387,754014,254911,12331,307150
225703,247500,Stormbite (dot),3106.0,293418,289422,1761629,18696,245844,556732,754380,88542,523335,347730,1181844,248387,754014,254911,12331,310256
246803,248273,Burst Shot,26743.0,293418,289422,1788372,18696,245844,556732,754380,88542,523335,347730,1181844,248387,754014,254911,12331,310256
246803,248273,Refulgent Arrow,12246.0,293418,289422,1788372,18696,245844,556732,754380,88542,523335,347730,1194090,248387,754014,254911,12331,310256
248043,249073,Empyreal Arrow,49427.0,293418,289422,1788372,18696,245844,606159,754380,88542,523335,347730,1194090,248387,754014,254911,12331,310256
249280,250038,Shot,12816.0,293418,289422,1788372,18696,245844,606159,754380,88542,523335,347730,1194090,248387,766830,254911,12331,310256
248993,250063,Apex Arrow,2575.0,295993,289422,1788372,18696,245844,606159,754380,88542,523335,347730,1194090,248387,766830,254911,12331,310256
248993,250063,Apex Arrow,15.0,296008,289422,1788372,18696,245844,606159,754380,88542,523335,347730,1194090,248387,766830,254911,12331,310256
248993,250063,Apex Arrow,553.0,296561,289422,1788372,18696,245844,606159,754380,88542,523335,347730,1194090,248387,766830,254911,12331,310256
248993,250063,Apex Arrow,259.0,296820,289422,1788372,18696,245844,606159,754380,88542,523335,347730,1194090,248387,766830,254911,12331,310256
248993,250063,Apex Arrow,37.0,296857,289422,1788372,18696,245844,606159,754380,88542,523335,347730,1194090,248387,766830,254911,12331,310256
248993,250063,Apex Arrow,1266.0,298123,289422,1788372,18696,245844,606159,754380,88542,523335,347730,1194090,248387,766830,254911,12331,310256
248993,250063,Apex Arrow,122781.0,420904,289422,1788372,18696,245844,606159,754380,88542,523335,347730,1194090,248387,766830,254911,12331,310256
248993,250063,Apex Arrow,25.0,420929,289422,1788372,18696,245844,606159,754380,88542,523335,347730,1194090,248387,766830,254911,12331,310256
248993,250063,Apex Arrow,4551.0,425480,289422,1788372,18696,245844,606159,754380,88542,523335,347730,1194090,248387,766830,254911,12331,310256
249613,250413,Pitch Perfect,44017.0,425480,289422,1788372,18696,245844,606159,754380,88542,567352,347730,1194090,248387,766830,254911,12331,310256
225703,250500,Caustic Bite (dot),2484.0,425480,289422,1788372,18696,248328,606159,754380,88542,567352,347730,1194090,248387,766830,254911,12331,310256
225703,250500,Stormbite (dot),3106.0,425480,289422,1788372,18696,248328,606159,754380,88542,567352,347730,1194090,248387,766830,254911,12331,313362
250233,251033,Pitch Perfect,17218.0,425480,289422,1788372,18696,248328,606159,754380,88542,584570,347730,1194090,248387,766830,254911,12331,313362
249613,251263,Heartbreak Shot,12206.0,425480,289422,1788372,18696,248328,606159,766586,88542,584570,347730,1194090,248387,766830,254911,12331,313362
250233,251883,Heartbreak Shot,25603.0,425480,289422,1788372,18696,248328,606159,792189,88542,584570,347730,1194090,248387,766830,254911,12331,313362
251183,252653,Burst Shot,96.0,425480,289422,1788468,18696,248328,606159,792189,88542,584570,347730,1194090,248387,766830,254911,12331,313362
251183,252653,Refulgent Arrow,63.0,425480,289422,1788468,18696,248328,606159,792189,88542,584570,347730,1194153,248387,766830,254911,12331,313362
251183,252833,Blast Arrow,132615.0,425480,422037,1788468,18696,248328,606159,792189,88542,584570,347730,1194153,248387,766830,254911,12331,313362
252423,252953,Sidewinder,76044.0,425480,422037,1788468,18696,248328,606159,792189,88542,584570,347730,1194153,248387,766830,330955,12331,313362
252320,253078,Shot,12816.0,425480,422037,1788468,18696,248328,606159,792189,88542,584570,347730,1194153,248387,779646,330955,12331,313362
251803,253453,Heartbreak Shot,30611.0,425480,422037,1788468,18696,248328,606159,822800,88542,584570,347730,1194153,248387,779646,330955,12331,313362
225703,253500,Caustic Bite (dot),2484.0,425480,422037,1788468,18696,250812,606159,822800,88542,584570,347730,1194153,248387,779646,330955,12331,313362
225703,253500,Stormbite (dot),3106.0,425480,422037,1788468,18696,250812,606159,822800,88542,584570,347730,1194153,248387,779646,330955,12331,316468
253674,255634,Radiant Encore,209129.0,425480,422037,1788468,18696,250812,606159,822800,88542,584570,556859,1194153,248387,779646,330955,12331,316468
254914,255714,Pitch Perfect,5433.0,425480,422037,1788468,18696,250812,606159,822800,88542,590003,556859,1194153,248387,779646,330955,12331,316468
255360,256118,Shot,12816.0,425480,422037,1788468,18696,250812,606159,822800,88542,590003,556859,1194153,248387,792462,330955,12331,316468
225703,256500,Caustic Bite (dot),2484.0,425480,422037,1788468,18696,253296,606159,822800,88542,590003,556859,1194153,248387,792462,330955,12331,316468
225703,256500,Stormbite (dot),3106.0,425480,422037,1788468,18696,253296,606159,822800,88542,590003,556859,1194153,248387,792462,330955,12331,319574
254914,256564,Heartbreak Shot,15983.0,425480,422037,1788468,18696,253296,606159,838783,88542,590003,556859,1194153,248387,792462,330955,12331,319574
256784,257584,Pitch Perfect,23500.0,425480,422037,1788468,18696,253296,606159,838783,88542,613503,556859,1194153,248387,792462,330955,12331,319574
256164,257634,Refulgent Arrow,53224.0,425480,422037,1788468,18696,253296,606159,838783,88542,613503,556859,1247377,248387,792462,330955,12331,319574
256164,257754,Refulgent Arrow,53224.0,425480,422037,1788468,18696,253296,606159,838783,88542,613503,556859,1300601,248387,792462,330955,12331,319574
256164,257874,Refulgent Arrow,53224.0,425480,422037,1788468,18696,253296,606159,838783,88542,613503,556859,1353825,248387,792462,330955,12331,319574
256784,258434,Heartbreak Shot,1282.0,425480,422037,1788468,18696,253296,606159,840065,88542,613503,556859,1353825,248387,792462,330955,12331,319574
258400,259158,Shot,12816.0,425480,422037,1788468,18696,253296,606159,840065,88542,613503,556859,1353825,248387,805278,330955,12331,319574
225703,259500,Caustic Bite (dot),2484.0,425480,422037,1788468,18696,255780,606159,840065,88542,613503,556859,1353825,248387,805278,330955,12331,319574
225703,259500,Stormbite (dot),3106.0,425480,422037,1788468,18696,255780,606159,840065,88542,613503,556859,1353825,248387,805278,330955,12331,322680
259304,260104,Pitch Perfect,22727.0,425480,422037,1788468,18696,255780,606159,840065,88542,636230,556859,1353825,248387,805278,330955,12331,322680
258654,260124,Refulgent Arrow,13721.0,425480,422037,1788468,18696,255780,606159,840065,88542,636230,556859,1367546,248387,805278,330955,12331,322680
258654,260124,Burst Shot,31038.0,425480,422037,1819506,18696,255780,606159,840065,88542,636230,556859,1367546,248387,805278,330955,12331,322680
261440,262198,Shot,12816.0,425480,422037,1819506,18696,255780,606159,840065,88542,636230,556859,1367546,248387,818094,330955,12331,322680
261144,262304,Resonant Arrow,121668.0,425480,422037,1819506,18696,255780,606159,840065,88542,636230,556859,1367546,370055,818094,330955,12331,322680
225703,262500,Stormbite (dot),3106.0,425480,422037,1819506,18696,255780,606159,840065,88542,636230,556859,1367546,370055,818094,330955,12331,325786
225703,262500,Caustic Bite (dot),2484.0,425480,422037,1819506,18696,258264,606159,840065,88542,636230,556859,1367546,370055,818094,330955,12331,325786
262444,263244,Pitch Perfect,13844.0,425480,422037,1819506,18696,258264,606159,840065,88542,650074,556859,1367546,370055,818094,330955,12331,325786
261794,263444,Heartbreak Shot,16944.0,425480,422037,1819506,18696,258264,606159,857009,88542,650074,556859,1367546,370055,818094,330955,12331,325786
263634,264304,Iron Jaws,19004.0,425480,422037,1819506,18696,258264,606159,857009,107546,650074,556859,1367546,370055,818094,330955,12331,325786
264480,265238,Shot,12816.0,425480,422037,1819506,18696,258264,606159,857009,107546,650074,556859,1367546,370055,830910,330955,12331,325786
264254,265284,Empyreal Arrow,49427.0,425480,422037,1819506,18696,258264,655586,857009,107546,650074,556859,1367546,370055,830910,330955,12331,325786
263634,265500,Caustic Bite (dot),3802.0,425480,422037,1819506,18696,262066,655586,857009,107546,650074,556859,1367546,370055,830910,330955,12331,325786
263634,265500,Stormbite (dot),4754.0,425480,422037,1819506,18696,262066,655586,857009,107546,650074,556859,1367546,370055,830910,330955,12331,330540
264874,265674,Pitch Perfect,22542.0,425480,422037,1819506,18696,262066,655586,857009,107546,672616,556859,1367546,370055,830910,330955,12331,330540
265494,266294,Pitch Perfect,21646.0,425480,422037,1819506,18696,262066,655586,857009,107546,694262,556859,1367546,370055,830910,330955,12331,330540
266124,267594,Refulgent Arrow,25137.0,425480,422037,1819506,18696,262066,655586,857009,107546,694262,556859,1392683,370055,830910,330955,12331,330540
266124,267594,Burst Shot,18210.0,425480,422037,1837716,18696,262066,655586,857009,107546,694262,556859,1392683,370055,830910,330955,12331,330540
267520,268278,Shot,9665.0,425480,422037,1837716,18696,262066,655586,857009,107546,694262,556859,1392683,370055,840575,330955,12331,330540
263634,268500,Caustic Bite (dot),3802.0,425480,422037,1837716,18696,265868,655586,857009,107546,694262,556859,1392683,370055,840575,330955,12331,330540
263634,268500,Stormbite (dot),4754.0,425480,422037,1837716,18696,265868,655586,857009,107546,694262,556859,1392683,370055,840575,330955,12331,335294
269264,270064,Pitch Perfect,10734.0,425480,422037,1837716,18696,265868,655586,857009,107546,704996,556859,1392683,370055,840575,330955,12331,335294
268614,270084,Refulgent Arrow,9186.0,425480,422037,1837716,18696,265868,655586,857009,107546,704996,556859,1401869,370055,840575,330955,12331,335294
268614,270084,Burst Shot,20205.0,425480,422037,1857921,18696,265868,655586,857009,107546,704996,556859,1401869,370055,840575,330955,12331,335294
269264,270914,Heartbreak Shot,8652.0,425480,422037,1857921,18696,265868,655586,865661,107546,704996,556859,1401869,370055,840575,330955,12331,335294
270560,271318,Shot,8405.0,425480,422037,1857921,18696,265868,655586,865661,107546,704996,556859,1401869,370055,848980,330955,12331,335294
263634,271500,Caustic Bite (dot),3802.0,425480,422037,1857921,18696,269670,655586,865661,107546,704996,556859,1401869,370055,848980,330955,12331,335294
263634,271500,Stormbite (dot),4754.0,425480,422037,1857921,18696,269670,655586,865661,107546,704996,556859,1401869,370055,848980,330955,12331,340048
269914,271564,Heartbreak Shot,2669.0,425480,422037,1857921,18696,269670,655586,868330,107546,704996,556859,1401869,370055,848980,330955,12331,340048
271754,272554,Pitch Perfect,11291.0,425480,422037,1857921,18696,269670,655586,868330,107546,716287,556859,1401869,370055,848980,330955,12331,340048
271104,272574,Burst Shot,20329.0,425480,422037,1878250,18696,269670,655586,868330,107546,716287,556859,1401869,370055,848980,330955,12331,340048
271104,272574,Refulgent Arrow,9029.0,425480,422037,1878250,18696,269670,655586,868330,107546,716287,556859,1410898,370055,848980,330955,12331,340048
273600,274358,Shot,8405.0,425480,422037,1878250,18696,269670,655586,868330,107546,716287,556859,1410898,370055,857385,330955,12331,340048
263634,274500,Caustic Bite (dot),3802.0,425480,422037,1878250,18696,273472,655586,868330,107546,716287,556859,1410898,370055,857385,330955,12331,340048
263634,274500,Stormbite (dot),4754.0,425480,422037,1878250,18696,273472,655586,868330,107546,716287,556859,1410898,370055,857385,330955,12331,344802
274214,275014,Pitch Perfect,12920.0,425480,422037,1878250,18696,273472,655586,868330,107546,729207,556859,1410898,370055,857385,330955,12331,344802
273594,275064,Refulgent Arrow,8903.0,425480,422037,1878250,18696,273472,655586,868330,107546,729207,556859,1419801,370055,857385,330955,12331,344802
273594,275064,Burst Shot,20428.0,425480,422037,1898678,18696,273472,655586,868330,107546,729207,556859,1419801,370055,857385,330955,12331,344802
276640,277398,Shot,8405.0,425480,422037,1898678,18696,273472,655586,868330,107546,729207,556859,1419801,370055,865790,330955,12331,344802
263634,277500,Caustic Bite (dot),3802.0,425480,422037,1898678,18696,277274,655586,868330,107546,729207,556859,1419801,370055,865790,330955,12331,344802
263634,277500,Stormbite (dot),4754.0,425480,422037,1898678,18696,277274,655586,868330,107546,729207,556859,1419801,370055,865790,330955,12331,349556
276084,277554,Refulgent Arrow,9312.0,425480,422037,1898678,18696,277274,655586,868330,107546,729207,556859,1429113,370055,865790,330955,12331,349556
276084,277554,Burst Shot,20107.0,425480,422037,1918785,18696,277274,655586,868330,107546,729207,556859,1429113,370055,865790,330955,12331,349556
277384,278184,Pitch Perfect,11950.0,425480,422037,1918785,18696,277274,655586,868330,107546,741157,556859,1429113,370055,865790,330955,12331,349556
276734,278384,Heartbreak Shot,11111.0,425480,422037,1918785,18696,277274,655586,879441,107546,741157,556859,1429113,370055,865790,330955,12331,349556
278574,280044,Refulgent Arrow,8973.0,425480,422037,1918785,18696,277274,655586,879441,107546,741157,556859,1438086,370055,865790,330955,12331,349556
278574,280044,Burst Shot,20373.0,425480,422037,1939158,18696,277274,655586,879441,107546,741157,556859,1438086,370055,865790,330955,12331,349556
279254,280284,Empyreal Arrow,32412.0,425480,422037,1939158,18696,277274,687998,879441,107546,741157,556859,1438086,370055,865790,330955,12331,349556
279680,280438,Shot,8405.0,425480,422037,1939158,18696,277274,687998,879441,107546,741157,556859,1438086,370055,874195,330955,12331,349556
263634,280500,Stormbite (dot),4754.0,425480,422037,1939158,18696,277274,687998,879441,107546,741157,556859,1438086,370055,874195,330955,12331,354310
263634,280500,Caustic Bite (dot),3802.0,425480,422037,1939158,18696,281076,687998,879441,107546,741157,556859,1438086,370055,874195,330955,12331,354310
279904,280704,Pitch Perfect,14414.0,425480,422037,1939158,18696,281076,687998,879441,107546,755571,556859,1438086,370055,874195,330955,12331,354310
281714,282514,Pitch Perfect,12390.0,425480,422037,1939158,18696,281076,687998,879441,107546,767961,556859,1438086,370055,874195,330955,12331,354310
281064,282534,Burst Shot,20491.0,425480,422037,1959649,18696,281076,687998,879441,107546,767961,556859,1438086,370055,874195,330955,12331,354310
281064,282534,Refulgent Arrow,8823.0,425480,422037,1959649,18696,281076,687998,879441,107546,767961,556859,1446909,370055,874195,330955,12331,354310
282720,283478,Shot,8405.0,425480,422037,1959649,18696,281076,687998,879441,107546,767961,556859,1446909,370055,882600,330955,12331,354310
263634,283500,Stormbite (dot),4754.0,425480,422037,1959649,18696,281076,687998,879441,107546,767961,556859,1446909,370055,882600,330955,12331,359064
263634,283500,Caustic Bite (dot),3802.0,425480,422037,1959649,18696,284878,687998,879441,107546,767961,556859,1446909,370055,882600,330955,12331,359064
284174,284974,Pitch Perfect,11919.0,425480,422037,1959649,18696,284878,687998,879441,107546,779880,556859,1446909,370055,882600,330955,12331,359064
283554,285024,Burst Shot,20337.0,425480,422037,1979986,18696,284878,687998,879441,107546,779880,556859,1446909,370055,882600,330955,12331,359064
283554,285024,Refulgent Arrow,9018.0,425480,422037,1979986,18696,284878,687998,879441,107546,779880,556859,1455927,370055,882600,330955,12331,359064
284824,285624,Pitch Perfect,4193.0,425480,422037,1979986,18696,284878,687998,879441,107546,784073,556859,1455927,370055,882600,330955,12331,359064
284824,285624,Pitch Perfect,9077.0,425480,422037,1979986,18696,284878,687998,879441,107546,793150,556859,1455927,370055,882600,330955,12331,359064
284174,285824,Heartbreak Shot,8251.0,425480,422037,1979986,18696,284878,687998,887692,107546,793150,556859,1455927,370055,882600,330955,12331,359064
284824,286474,Heartbreak Shot,3071.0,425480,422037,1979986,18696,284878,687998,890763,107546,793150,556859,1455927,370055,882600,330955,12331,359064
263634,286500,Caustic Bite (dot),3802.0,425480,422037,1979986,18696,288680,687998,890763,107546,793150,556859,1455927,370055,882600,330955,12331,359064
263634,286500,Stormbite (dot),4754.0,425480,422037,1979986,18696,288680,687998,890763,107546,793150,556859,1455927,370055,882600,330955,12331,363818
285760,286518,Shot,8399.0,425480,422037,1979986,18696,288680,687998,890763,107546,793150,556859,1455927,370055,890999,330955,12331,363818
286044,287514,Burst Shot,20414.0,425480,422037,2000400,18696,288680,687998,890763,107546,793150,556859,1455927,370055,890999,330955,12331,363818
286044,287514,Refulgent Arrow,8897.0,425480,422037,2000400,18696,288680,687998,890763,107546,793150,556859,1464824,370055,890999,330955,12331,363818
263634,289500,Stormbite (dot),4754.0,425480,422037,2000400,18696,288680,687998,890763,107546,793150,556859,1464824,370055,890999,330955,12331,368572
263634,289500,Caustic Bite (dot),3802.0,425480,422037,2000400,18696,292482,687998,890763,107546,793150,556859,1464824,370055,890999,330955,12331,368572
288800,289558,Shot,8399.0,425480,422037,2000400,18696,292482,687998,890763,107546,793150,556859,1464824,370055,899398,330955,12331,368572
288534,290004,Refulgent Arrow,9082.0,425480,422037,2000400,18696,292482,687998,890763,107546,793150,556859,1473906,370055,899398,330955,12331,368572
288534,290004,Burst Shot,20269.0,425480,422037,2020669,18696,292482,687998,890763,107546,793150,556859,1473906,370055,899398,330955,12331,368572
289184,290834,Heartbreak Shot,8844.0,425480,422037,2020669,18696,292482,687998,899607,107546,793150,556859,1473906,370055,899398,330955,12331,368572
291024,292494,Burst Shot,20370.0,425480,422037,2041039,18696,292482,687998,899607,107546,793150,556859,1473906,370055,899398,330955,12331,368572
291024,292494,Refulgent Arrow,8953.0,425480,422037,2041039,18696,292482,687998,899607,107546,793150,556859,1482859,370055,899398,330955,12331,368572
263634,292500,Stormbite (dot),4754.0,425480,422037,2041039,18696,292482,687998,899607,107546,793150,556859,1482859,370055,899398,330955,12331,373326
263634,292500,Caustic Bite (dot),3802.0,425480,422037,2041039,18696,296284,687998,899607,107546,793150,556859,1482859,370055,899398,330955,12331,373326
291840,292598,Shot,8399.0,425480,422037,2041039,18696,296284,687998,899607,107546,793150,556859,1482859,370055,907797,330955,12331,373326
291674,293324,Heartbreak Shot,20194.0,425480,422037,2041039,18696,296284,687998,919801,107546,793150,556859,1482859,370055,907797,330955,12331,373326
293514,294984,Refulgent Arrow,8772.0,425480,422037,2041039,18696,296284,687998,919801,107546,793150,556859,1491631,370055,907797,330955,12331,373326
293514,294984,Burst Shot,20512.0,425480,422037,2061551,18696,296284,687998,919801,107546,793150,556859,1491631,370055,907797,330955,12331,373326
294254,295284,Empyreal Arrow,32390.0,425480,422037,2061551,18696,296284,720388,919801,107546,793150,556859,1491631,370055,907797,330955,12331,373326
263634,295500,Caustic Bite (dot),3802.0,425480,422037,2061551,18696,300086,720388,919801,107546,793150,556859,1491631,370055,907797,330955,12331,373326
263634,295500,Stormbite (dot),4754.0,425480,422037,2061551,18696,300086,720388,919801,107546,793150,556859,1491631,370055,907797,330955,12331,378080
294880,295638,Shot,8399.0,425480,422037,2061551,18696,300086,720388,919801,107546,793150,556859,1491631,370055,916196,330955,12331,378080
294874,296524,Heartbreak Shot,20214.0,425480,422037,2061551,18696,300086,720388,940015,107546,793150,556859,1491631,370055,916196,330955,12331,378080
296004,297474,Burst Shot,20247.0,425480,422037,2081798,18696,300086,720388,940015,107546,793150,556859,1491631,370055,916196,330955,12331,378080
296004,297474,Refulgent Arrow,9110.0,425480,422037,2081798,18696,300086,720388,940015,107546,793150,556859,1500741,370055,916196,330955,12331,378080
263634,298500,Stormbite (dot),4754.0,425480,422037,2081798,18696,300086,720388,940015,107546,793150,556859,1500741,370055,916196,330955,12331,382834
263634,298500,Caustic Bite (dot),3802.0,425480,422037,2081798,18696,303888,720388,940015,107546,793150,556859,1500741,370055,916196,330955,12331,382834
297920,298678,Shot,8399.0,425480,422037,2081798,18696,303888,720388,940015,107546,793150,556859,1500741,370055,924595,330955,12331,382834
297244,298894,Heartbreak Shot,9061.0,425480,422037,2081798,18696,303888,720388,949076,107546,793150,556859,1500741,370055,924595,330955,12331,382834
298494,299964,Burst Shot,20315.0,425480,422037,2102113,18696,303888,720388,949076,107546,793150,556859,1500741,370055,924595,330955,12331,382834
298494,299964,Refulgent Arrow,9023.0,425480,422037,2102113,18696,303888,720388,949076,107546,793150,556859,1509764,370055,924595,330955,12331,382834
299144,300794,Heartbreak Shot,11112.0,425480,422037,2102113,18696,303888,720388,960188,107546,793150,556859,1509764,370055,924595,330955,12331,382834
263634,301500,Caustic Bite (dot),3802.0,425480,422037,2102113,18696,307690,720388,960188,107546,793150,556859,1509764,370055,924595,330955,12331,382834
263634,301500,Stormbite (dot),4754.0,425480,422037,2102113,18696,307690,720388,960188,107546,793150,556859,1509764,370055,924595,330955,12331,387588
300960,301718,Shot,8399.0,425480,422037,2102113,18696,307690,720388,960188,107546,793150,556859,1509764,370055,932994,330955,12331,387588
300984,302454,Burst Shot,20463.0,425480,422037,2122576,18696,307690,720388,960188,107546,793150,556859,1509764,370055,932994,330955,12331,387588
300984,302454,Refulgent Arrow,8834.0,425480,422037,2122576,18696,307690,720388,960188,107546,793150,556859,1518598,370055,932994,330955,12331,387588
301604,303254,Heartbreak Shot,9018.0,425480,422037,2122576,18696,307690,720388,969206,107546,793150,556859,1518598,370055,932994,330955,12331,387588
263634,304500,Stormbite (dot),4754.0,425480,422037,2122576,18696,307690,720388,969206,107546,793150,556859,1518598,370055,932994,330955,12331,392342
263634,304500,Caustic Bite (dot),3802.0,425480,422037,2122576,18696,311492,720388,969206,107546,793150,556859,1518598,370055,932994,330955,12331,392342
304000,304758,Shot,8399.0,425480,422037,2122576,18696,311492,720388,969206,107546,793150,556859,1518598,370055,941393,330955,12331,392342
303475,304945,Burst Shot,20411.0,425480,422037,2142987,18696,311492,720388,969206,107546,793150,556859,1518598,370055,941393,330955,12331,392342
303475,304945,Refulgent Arrow,8901.0,425480,422037,2142987,18696,311492,720388,969206,107546,793150,556859,1527499,370055,941393,330955,12331,392342
304125,305775,Heartbreak Shot,9081.0,425480,422037,2142987,18696,311492,720388,978287,107546,793150,556859,1527499,370055,941393,330955,12331,392342
305965,307435,Burst Shot,20151.0,425480,422037,2163138,18696,311492,720388,978287,107546,793150,556859,1527499,370055,941393,330955,12331,392342
305965,307435,Refulgent Arrow,9232.0,425480,422037,2163138,18696,311492,720388,978287,107546,793150,556859,1536731,370055,941393,330955,12331,392342
263634,307500,Stormbite (dot),4754.0,425480,422037,2163138,18696,311492,720388,978287,107546,793150,556859,1536731,370055,941393,330955,12331,397096
263634,307500,Caustic Bite (dot),3802.0,425480,422037,2163138,18696,315294,720388,978287,107546,793150,556859,1536731,370055,941393,330955,12331,397096
307040,307798,Shot,8399.0,425480,422037,2163138,18696,315294,720388,978287,107546,793150,556859,1536731,370055,949792,330955,12331,397096
306615,308265,Heartbreak Shot,20154.0,425480,422037,2163138,18696,315294,720388,998441,107546,793150,556859,1536731,370055,949792,330955,12331,397096
308455,309125,Iron Jaws,12454.0,425480,422037,2163138,18696,315294,720388,998441,120000,793150,556859,1536731,370055,949792,330955,12331,397096
309254,310284,Empyreal Arrow,32390.0,425480,422037,2163138,18696,315294,752778,998441,120000,793150,556859,1536731,370055,949792,330955,12331,397096
308455,310500,Caustic Bite (dot),2491.0,425480,422037,2163138,18696,317785,752778,998441,120000,793150,556859,1536731,370055,949792,330955,12331,397096
308455,310500,Stormbite (dot),3115.0,425480,422037,2163138,18696,317785,752778,998441,120000,793150,556859,1536731,370055,949792,330955,12331,400211
310080,310838,Shot,8399.0,425480,422037,2163138,18696,317785,752778,998441,120000,793150,556859,1536731,370055,958191,330955,12331,400211
309874,311524,Heartbreak Shot,20205.0,425480,422037,2163138,18696,317785,752778,1018646,120000,793150,556859,1536731,370055,958191,330955,12331,400211
310945,312015,Apex Arrow,5.0,425485,422037,2163138,18696,317785,752778,1018646,120000,793150,556859,1536731,370055,958191,330955,12331,400211
310945,312015,Apex Arrow,3405.0,428890,422037,2163138,18696,317785,752778,1018646,120000,793150,556859,1536731,370055,958191,330955,12331,400211
310945,312015,Apex Arrow,80573.0,509463,422037,2163138,18696,317785,752778,1018646,120000,793150,556859,1536731,370055,958191,330955,12331,400211
310945,312015,Apex Arrow,5.0,509468,422037,2163138,18696,317785,752778,1018646,120000,793150,556859,1536731,370055,958191,330955,12331,400211
310945,312015,Apex Arrow,6.0,509474,422037,2163138,18696,317785,752778,1018646,120000,793150,556859,1536731,370055,958191,330955,12331,400211
310945,312015,Apex Arrow,778.0,510252,422037,2163138,18696,317785,752778,1018646,120000,793150,556859,1536731,370055,958191,330955,12331,400211
310945,312015,Apex Arrow,71.0,510323,422037,2163138,18696,317785,752778,1018646,120000,793150,556859,1536731,370055,958191,330955,12331,400211
310945,312015,Apex Arrow,202.0,510525,422037,2163138,18696,317785,752778,1018646,120000,793150,556859,1536731,370055,958191,330955,12331,400211
310945,312015,Apex Arrow,1585.0,512110,422037,2163138,18696,317785,752778,1018646,120000,793150,556859,1536731,370055,958191,330955,12331,400211
312423,312953,Sidewinder,49833.0,512110,422037,2163138,18696,317785,752778,1018646,120000,793150,556859,1536731,370055,958191,380788,12331,400211
308455,313500,Stormbite (dot),3115.0,512110,422037,2163138,18696,317785,752778,1018646,120000,793150,556859,1536731,370055,958191,380788,12331,403326
308455,313500,Caustic Bite (dot),2491.0,512110,422037,2163138,18696,320276,752778,1018646,120000,793150,556859,1536731,370055,958191,380788,12331,403326
313120,313878,Shot,8399.0,512110,422037,2163138,18696,320276,752778,1018646,120000,793150,556859,1536731,370055,966590,380788,12331,403326
313435,314905,Refulgent Arrow,24.0,512110,422037,2163138,18696,320276,752778,1018646,120000,793150,556859,1536755,370055,966590,380788,12331,403326
313435,314905,Burst Shot,19.0,512110,422037,2163157,18696,320276,752778,1018646,120000,793150,556859,1536755,370055,966590,380788,12331,403326
313435,315085,Blast Arrow,87088.0,512110,509125,2163157,18696,320276,752778,1018646,120000,793150,556859,1536755,370055,966590,380788,12331,403326
314055,315705,Heartbreak Shot,20143.0,512110,509125,2163157,18696,320276,752778,1038789,120000,793150,556859,1536755,370055,966590,380788,12331,403326
308455,316500,Caustic Bite (dot),2491.0,512110,509125,2163157,18696,322767,752778,1038789,120000,793150,556859,1536755,370055,966590,380788,12331,403326
308455,316500,Stormbite (dot),3115.0,512110,509125,2163157,18696,322767,752778,1038789,120000,793150,556859,1536755,370055,966590,380788,12331,406441
316160,316918,Shot,8399.0,512110,509125,2163157,18696,322767,752778,1038789,120000,793150,556859,1536755,370055,974989,380788,12331,406441
315925,317395,Burst Shot,13135.0,512110,509125,2176292,18696,322767,752778,1038789,120000,793150,556859,1536755,370055,974989,380788,12331,406441
315925,317395,Refulgent Arrow,18161.0,512110,509125,2176292,18696,322767,752778,1038789,120000,793150,556859,1554916,370055,974989,380788,12331,406441
316575,318225,Heartbreak Shot,8797.0,512110,509125,2176292,18696,322767,752778,1047586,120000,793150,556859,1554916,370055,974989,380788,12331,406441
308455,319500,Stormbite (dot),3115.0,512110,509125,2176292,18696,322767,752778,1047586,120000,793150,556859,1554916,370055,974989,380788,12331,409556
308455,319500,Caustic Bite (dot),2491.0,512110,509125,2176292,18696,325258,752778,1047586,120000,793150,556859,1554916,370055,974989,380788,12331,409556
318415,319885,Burst Shot,20260.0,512110,509125,2196552,18696,325258,752778,1047586,120000,793150,556859,1554916,370055,974989,380788,12331,409556
318415,319885,Refulgent Arrow,9092.0,512110,509125,2196552,18696,325258,752778,1047586,120000,793150,556859,1564008,370055,974989,380788,12331,409556
319200,319958,Shot,8399.0,512110,509125,2196552,18696,325258,752778,1047586,120000,793150,556859,1564008,370055,983388,380788,12331,409556
319035,320685,Heartbreak Shot,9083.0,512110,509125,2196552,18696,325258,752778,1056669,120000,793150,556859,1564008,370055,983388,380788,12331,409556
320905,322375,Refulgent Arrow,8852.0,512110,509125,2196552,18696,325258,752778,1056669,120000,793150,556859,1572860,370055,983388,380788,12331,409556
320905,322375,Burst Shot,20449.0,512110,509125,2217001,18696,325258,752778,1056669,120000,793150,556859,1572860,370055,983388,380788,12331,409556
308455,322500,Caustic Bite (dot),2491.0,512110,509125,2217001,18696,327749,752778,1056669,120000,793150,556859,1572860,370055,983388,380788,12331,409556
308455,322500,Stormbite (dot),3115.0,512110,509125,2217001,18696,327749,752778,1056669,120000,793150,556859,1572860,370055,983388,380788,12331,412671
322240,322998,Shot,8399.0,512110,509125,2217001,18696,327749,752778,1056669,120000,793150,556859,1572860,370055,991787,380788,12331,412671
321555,323205,Heartbreak Shot,20250.0,512110,509125,2217001,18696,327749,752778,1076919,120000,793150,556859,1572860,370055,991787,380788,12331,412671
323395,324865,Burst Shot,20424.0,512110,509125,2237425,18696,327749,752778,1076919,120000,793150,556859,1572860,370055,991787,380788,12331,412671
323395,324865,Refulgent Arrow,8780.0,512110,509125,2237425,18696,327749,752778,1076919,120000,793150,556859,1581640,370055,991787,380788,12331,412671
324254,325284,Empyreal Arrow,32293.0,512110,509125,2237425,18696,327749,785071,1076919,120000,793150,556859,1581640,370055,991787,380788,12331,412671
308455,325500,Stormbite (dot),3115.0,512110,509125,2237425,18696,327749,785071,1076919,120000,793150,556859,1581640,370055,991787,380788,12331,415786
308455,325500,Caustic Bite (dot),2491.0,512110,509125,2237425,18696,330240,785071,1076919,120000,793150,556859,1581640,370055,991787,380788,12331,415786
325280,326038,Shot,8374.0,512110,509125,2237425,18696,330240,785071,1076919,120000,793150,556859,1581640,370055,1000161,380788,12331,415786
325885,327355,Burst Shot,19924.0,512110,509125,2257349,18696,330240,785071,1076919,120000,793150,556859,1581640,370055,1000161,380788,12331,415786
325885,327355,Refulgent Arrow,9416.0,512110,509125,2257349,18696,330240,785071,1076919,120000,793150,556859,1591056,370055,1000161,380788,12331,415786
308455,328500,Stormbite (dot),3115.0,512110,509125,2257349,18696,330240,785071,1076919,120000,793150,556859,1591056,370055,1000161,380788,12331,418901
308455,328500,Caustic Bite (dot),2491.0,512110,509125,2257349,18696,332731,785071,1076919,120000,793150,556859,1591056,370055,1000161,380788,12331,418901
328320,329078,Shot,8374.0,512110,509125,2257349,18696,332731,785071,1076919,120000,793150,556859,1591056,370055,1008535,380788,12331,418901
328275,329745,Refulgent Arrow,8672.0,512110,509125,2257349,18696,332731,785071,1076919,120000,793150,556859,1599728,370055,1008535,380788,12331,418901
328275,329745,Burst Shot,20509.0,512110,509125,2277858,18696,332731,785071,1076919,120000,793150,556859,1599728,370055,1008535,380788,12331,418901
328925,330575,Heartbreak Shot,11093.0,512110,509125,2277858,18696,332731,785071,1088012,120000,793150,556859,1599728,370055,1008535,380788,12331,418901
308455,331500,Stormbite (dot),3115.0,512110,509125,2277858,18696,332731,785071,1088012,120000,793150,556859,1599728,370055,1008535,380788,12331,422016
308455,331500,Caustic Bite (dot),2491.0,512110,509125,2277858,18696,335222,785071,1088012,120000,793150,556859,1599728,370055,1008535,380788,12331,422016
331360,332118,Shot,8374.0,512110,509125,2277858,18696,335222,785071,1088012,120000,793150,556859,1599728,370055,1016909,380788,12331,422016
330665,332135,Refulgent Arrow,9490.0,512110,509125,2277858,18696,335222,785071,1088012,120000,793150,556859,1609218,370055,1016909,380788,12331,422016
330665,332135,Burst Shot,19866.0,512110,509125,2297724,18696,335222,785071,1088012,120000,793150,556859,1609218,370055,1016909,380788,12331,422016
332955,334425,Refulgent Arrow,8756.0,512110,509125,2297724,18696,335222,785071,1088012,120000,793150,556859,1617974,370055,1016909,380788,12331,422016
332955,334425,Burst Shot,20443.0,512110,509125,2318167,18696,335222,785071,1088012,120000,793150,556859,1617974,370055,1016909,380788,12331,422016
308455,334500,Stormbite (dot),3115.0,512110,509125,2318167,18696,335222,785071,1088012,120000,793150,556859,1617974,370055,1016909,380788,12331,425131
308455,334500,Caustic Bite (dot),2491.0,512110,509125,2318167,18696,337713,785071,1088012,120000,793150,556859,1617974,370055,1016909,380788,12331,425131
334400,335158,Shot,8374.0,512110,509125,2318167,18696,337713,785071,1088012,120000,793150,556859,1617974,370055,1025283,380788,12331,425131
335145,336615,Burst Shot,20424.0,512110,509125,2338591,18696,337713,785071,1088012,120000,793150,556859,1617974,370055,1025283,380788,12331,425131
335145,336615,Refulgent Arrow,8780.0,512110,509125,2338591,18696,337713,785071,1088012,120000,793150,556859,1626754,370055,1025283,380788,12331,425131
308455,337500,Caustic Bite (dot),2491.0,512110,509125,2338591,18696,340204,785071,1088012,120000,793150,556859,1626754,370055,1025283,380788,12331,425131
308455,337500,Stormbite (dot),3115.0,512110,509125,2338591,18696,340204,785071,1088012,120000,793150,556859,1626754,370055,1025283,380788,12331,428246
336445,338095,Heartbreak Shot,11258.0,512110,509125,2338591,18696,340204,785071,1099270,120000,793150,556859,1626754,370055,1025283,380788,12331,428246
337440,338198,Shot,8374.0,512110,509125,2338591,18696,340204,785071,1099270,120000,793150,556859,1626754,370055,1033657,380788,12331,428246
337235,338705,Burst Shot,20315.0,512110,509125,2358906,18696,340204,785071,1099270,120000,793150,556859,1626754,370055,1033657,380788,12331,428246
337235,338705,Refulgent Arrow,8919.0,512110,509125,2358906,18696,340204,785071,1099270,120000,793150,556859,1635673,370055,1033657,380788,12331,428246
308455,340500,Stormbite (dot),3115.0,512110,509125,2358906,18696,340204,785071,1099270,120000,793150,556859,1635673,370055,1033657,380788,12331,431361
308455,340500,Caustic Bite (dot),2491.0,512110,509125,2358906,18696,342695,785071,1099270,120000,793150,556859,1635673,370055,1033657,380788,12331,431361
339325,340795,Burst Shot,20334.0,512110,509125,2379240,18696,342695,785071,1099270,120000,793150,556859,1635673,370055,1033657,380788,12331,431361
339325,340795,Refulgent Arrow,8895.0,512110,509125,2379240,18696,342695,785071,1099270,120000,793150,556859,1644568,370055,1033657,380788,12331,431361
339945,340975,Empyreal Arrow,32293.0,512110,509125,2379240,18696,342695,817364,1099270,120000,793150,556859,1644568,370055,1033657,380788,12331,431361
340480,341238,Shot,8374.0,512110,509125,2379240,18696,342695,817364,1099270,120000,793150,556859,1644568,370055,1042031,380788,12331,431361
341415,342885,Refulgent Arrow,9319.0,512110,509125,2379240,18696,342695,817364,1099270,120000,793150,556859,1653887,370055,1042031,380788,12331,431361
341415,342885,Burst Shot,20000.0,512110,509125,2399240,18696,342695,817364,1099270,120000,793150,556859,1653887,370055,1042031,380788,12331,431361
308455,343500,Stormbite (dot),3115.0,512110,509125,2399240,18696,342695,817364,1099270,120000,793150,556859,1653887,370055,1042031,380788,12331,434476
308455,343500,Caustic Bite (dot),2491.0,512110,509125,2399240,18696,345186,817364,1099270,120000,793150,556859,1653887,370055,1042031,380788,12331,434476
343520,344278,Shot,8374.0,512110,509125,2399240,18696,345186,817364,1099270,120000,793150,556859,1653887,370055,1050405,380788,12331,434476
343505,344975,Burst Shot,20192.0,512110,509125,2419432,18696,345186,817364,1099270,120000,793150,556859,1653887,370055,1050405,380788,12331,434476
343505,344975,Refulgent Arrow,9076.0,512110,509125,2419432,18696,345186,817364,1099270,120000,793150,556859,1662963,370055,1050405,380788,12331,434476
345595,346265,Iron Jaws,12417.0,512110,509125,2419432,18696,345186,817364,1099270,132417,793150,556859,1662963,370055,1050405,380788,12331,434476
345595,346500,Caustic Bite (dot),2484.0,512110,509125,2419432,18696,347670,817364,1099270,132417,793150,556859,1662963,370055,1050405,380788,12331,434476
345595,346500,Stormbite (dot),3106.0,512110,509125,2419432,18696,347670,817364,1099270,132417,793150,556859,1662963,370055,1050405,380788,12331,437582
346560,347318,Shot,8374.0,512110,509125,2419432,18696,347670,817364,1099270,132417,793150,556859,1662963,370055,1058779,380788,12331,437582
347685,349155,Refulgent Arrow,17436.0,512110,509125,2419432,18696,347670,817364,1099270,132417,793150,556859,1680399,370055,1058779,380788,12331,437582
347685,349155,Burst Shot,13623.0,512110,509125,2433055,18696,347670,817364,1099270,132417,793150,556859,1680399,370055,1058779,380788,12331,437582
345595,349500,Caustic Bite (dot),2484.0,512110,509125,2433055,18696,350154,817364,1099270,132417,793150,556859,1680399,370055,1058779,380788,12331,437582
345595,349500,Stormbite (dot),3106.0,512110,509125,2433055,18696,350154,817364,1099270,132417,793150,556859,1680399,370055,1058779,380788,12331,440688
349600,350358,Shot,8374.0,512110,509125,2433055,18696,350154,817364,1099270,132417,793150,556859,1680399,370055,1067153,380788,12331,440688
349775,351245,Refulgent Arrow,9149.0,512110,509125,2433055,18696,350154,817364,1099270,132417,793150,556859,1689548,370055,1067153,380788,12331,440688
349775,351245,Burst Shot,20134.0,512110,509125,2453189,18696,350154,817364,1099270,132417,793150,556859,1689548,370055,1067153,380788,12331,440688
345595,352500,Stormbite (dot),3106.0,512110,509125,2453189,18696,350154,817364,1099270,132417,793150,556859,1689548,370055,1067153,380788,12331,443794
345595,352500,Caustic Bite (dot),2484.0,512110,509125,2453189,18696,352638,817364,1099270,132417,793150,556859,1689548,370055,1067153,380788,12331,443794
351865,353335,Burst Shot,20383.0,512110,509125,2473572,18696,352638,817364,1099270,132417,793150,556859,1689548,370055,1067153,380788,12331,443794
351865,353335,Refulgent Arrow,8832.0,512110,509125,2473572,18696,352638,817364,1099270,132417,793150,556859,1698380,370055,1067153,380788,12331,443794
352640,353398,Shot,8374.0,512110,509125,2473572,18696,352638,817364,1099270,132417,793150,556859,1698380,370055,1075527,380788,12331,443794
353955,355425,Burst Shot,20211.0,512110,509125,2493783,18696,352638,817364,1099270,132417,793150,556859,1698380,370055,1075527,380788,12331,443794
353955,355425,Refulgent Arrow,9051.0,512110,509125,2493783,18696,352638,817364,1099270,132417,793150,556859,1707431,370055,1075527,380788,12331,443794
345595,355500,Stormbite (dot),3106.0,512110,509125,2493783,18696,352638,817364,1099270,132417,793150,556859,1707431,370055,1075527,380788,12331,446900
345595,355500,Caustic Bite (dot),2484.0,512110,509125,2493783,18696,355122,817364,1099270,132417,793150,556859,1707431,370055,1075527,380788,12331,446900
354945,355975,Empyreal Arrow,32293.0,512110,509125,2493783,18696,355122,849657,1099270,132417,793150,556859,1707431,370055,1075527,380788,12331,446900
355680,356438,Shot,8374.0,512110,509125,2493783,18696,355122,849657,1099270,132417,793150,556859,1707431,370055,1083901,380788,12331,446900
356045,357515,Burst Shot,20211.0,512110,509125,2513994,18696,355122,849657,1099270,132417,793150,556859,1707431,370055,1083901,380788,12331,446900
356045,357515,Refulgent Arrow,9051.0,512110,509125,2513994,18696,355122,849657,1099270,132417,793150,556859,1716482,370055,1083901,380788,12331,446900
345595,358500,Stormbite (dot),3106.0,512110,509125,2513994,18696,355122,849657,1099270,132417,793150,556859,1716482,370055,1083901,380788,12331,450006
345595,358500,Caustic Bite (dot),2484.0,512110,509125,2513994,18696,357606,849657,1099270,132417,793150,556859,1716482,370055,1083901,380788,12331,450006
358720,359478,Shot,8374.0,512110,509125,2513994,18696,357606,849657,1099270,132417,793150,556859,1716482,370055,1092275,380788,12331,450006
358135,359605,Burst Shot,20137.0,512110,509125,2534131,18696,357606,849657,1099270,132417,793150,556859,1716482,370055,1092275,380788,12331,450006
358135,359605,Refulgent Arrow,9145.0,512110,509125,2534131,18696,357606,849657,1099270,132417,793150,556859,1725627,370055,1092275,380788,12331,450006
345595,361500,Stormbite (dot),3106.0,512110,509125,2534131,18696,357606,849657,1099270,132417,793150,556859,1725627,370055,1092275,380788,12331,453112
345595,361500,Caustic Bite (dot),2484.0,512110,509125,2534131,18696,360090,849657,1099270,132417,793150,556859,1725627,370055,1092275,380788,12331,453112
360225,361695,Refulgent Arrow,9121.0,512110,509125,2534131,18696,360090,849657,1099270,132417,793150,556859,1734748,370055,1092275,380788,12331,453112
360225,361695,Burst Shot,20156.0,512110,509125,2554287,18696,360090,849657,1099270,132417,793150,556859,1734748,370055,1092275,380788,12331,453112
361760,362518,Shot,8405.0,512110,509125,2554287,18696,360090,849657,1099270,132417,793150,556859,1734748,370055,1100680,380788,12331,453112
362315,363785,Burst Shot,20315.0,512110,509125,2574602,18696,360090,849657,1099270,132417,793150,556859,1734748,370055,1100680,380788,12331,453112
362315,363785,Refulgent Arrow,9046.0,512110,509125,2574602,18696,360090,849657,1099270,132417,793150,556859,1743794,370055,1100680,380788,12331,453112
345595,364500,Stormbite (dot),3106.0,512110,509125,2574602,18696,360090,849657,1099270,132417,793150,556859,1743794,370055,1100680,380788,12331,456218
345595,364500,Caustic Bite (dot),2484.0,512110,509125,2574602,18696,362574,849657,1099270,132417,793150,556859,1743794,370055,1100680,380788,12331,456218
364800,365558,Shot,9097.0,512110,509125,2574602,18696,362574,849657,1099270,132417,793150,556859,1743794,370055,1109777,380788,12331,456218
364505,365975,Burst Shot,21705.0,512110,509125,2596307,18696,362574,849657,1099270,132417,793150,556859,1743794,370055,1109777,380788,12331,456218
364505,365975,Refulgent Arrow,10150.0,512110,509125,2596307,18696,362574,849657,1099270,132417,793150,556859,1753944,370055,1109777,380788,12331,456218
345595,367500,Stormbite (dot),3106.0,512110,509125,2596307,18696,362574,849657,1099270,132417,793150,556859,1753944,370055,1109777,380788,12331,459324
345595,367500,Caustic Bite (dot),2484.0,512110,509125,2596307,18696,365058,849657,1099270,132417,793150,556859,1753944,370055,1109777,380788,12331,459324
366695,368165,Refulgent Arrow,12299.0,512110,509125,2596307,18696,365058,849657,1099270,132417,793150,556859,1766243,370055,1109777,380788,12331,459324
366695,368165,Burst Shot,27819.0,512110,509125,2624126,18696,365058,849657,1099270,132417,793150,556859,1766243,370055,1109777,380788,12331,459324
367840,368598,Shot,12063.0,512110,509125,2624126,18696,365058,849657,1099270,132417,793150,556859,1766243,370055,1121840,380788,12331,459324
368043,369693,Heartbreak Shot,37032.0,512110,509125,2624126,18696,365058,849657,1136302,132417,793150,556859,1766243,370055,1121840,380788,12331,459324
345595,370500,Stormbite (dot),3106.0,512110,509125,2624126,18696,365058,849657,1136302,132417,793150,556859,1766243,370055,1121840,380788,12331,462430
345595,370500,Caustic Bite (dot),2484.0,512110,509125,2624126,18696,367542,849657,1136302,132417,793150,556859,1766243,370055,1121840,380788,12331,462430
368885,370845,Radiant Encore,226347.0,512110,509125,2624126,18696,367542,849657,1136302,132417,793150,783206,1766243,370055,1121840,380788,12331,462430
369945,370975,Empyreal Arrow,53496.0,512110,509125,2624126,18696,367542,903153,1136302,132417,793150,783206,1766243,370055,1121840,380788,12331,462430
370565,371365,Pitch Perfect,66783.0,512110,509125,2624126,18696,367542,903153,1136302,132417,859933,783206,1766243,370055,1121840,380788,12331,462430
370880,371638,Shot,13873.0,512110,509125,2624126,18696,367542,903153,1136302,132417,859933,783206,1766243,370055,1135713,380788,12331,462430
370565,372215,Heartbreak Shot,3643.0,512110,509125,2624126,18696,367542,903153,1139945,132417,859933,783206,1766243,370055,1135713,380788,12331,462430
371185,372655,Refulgent Arrow,15087.0,512110,509125,2624126,18696,367542,903153,1139945,132417,859933,783206,1781330,370055,1135713,380788,12331,462430
371185,372655,Burst Shot,33407.0,512110,509125,2657533,18696,367542,903153,1139945,132417,859933,783206,1781330,370055,1135713,380788,12331,462430
372423,372953,Sidewinder,82307.0,512110,509125,2657533,18696,367542,903153,1139945,132417,859933,783206,1781330,370055,1135713,463095,12331,462430
345595,373500,Stormbite (dot),3106.0,512110,509125,2657533,18696,367542,903153,1139945,132417,859933,783206,1781330,370055,1135713,463095,12331,465536
345595,373500,Caustic Bite (dot),2484.0,512110,509125,2657533,18696,370026,903153,1139945,132417,859933,783206,1781330,370055,1135713,463095,12331,465536
373043,373843,Pitch Perfect,5222.0,512110,509125,2657533,18696,370026,903153,1139945,132417,865155,783206,1781330,370055,1135713,463095,12331,465536
373920,374678,Shot,13873.0,512110,509125,2657533,18696,370026,903153,1139945,132417,865155,783206,1781330,370055,1149586,463095,12331,465536
373043,374693,Heartbreak Shot,33388.0,512110,509125,2657533,18696,370026,903153,1173333,132417,865155,783206,1781330,370055,1149586,463095,12331,465536
373675,374745,Apex Arrow,140.0,512250,509125,2657533,18696,370026,903153,1173333,132417,865155,783206,1781330,370055,1149586,463095,12331,465536
373675,374745,Apex Arrow,483.0,512733,509125,2657533,18696,370026,903153,1173333,132417,865155,783206,1781330,370055,1149586,463095,12331,465536
373675,374745,Apex Arrow,30.0,512763,509125,2657533,18696,370026,903153,1173333,132417,865155,783206,1781330,370055,1149586,463095,12331,465536
373675,374745,Apex Arrow,1261.0,514024,509125,2657533,18696,370026,903153,1173333,132417,865155,783206,1781330,370055,1149586,463095,12331,465536
373675,374745,Apex Arrow,132586.0,646610,509125,2657533,18696,370026,903153,1173333,132417,865155,783206,1781330,370055,1149586,463095,12331,465536
373675,374745,Apex Arrow,5418.0,652028,509125,2657533,18696,370026,903153,1173333,132417,865155,783206,1781330,370055,1149586,463095,12331,465536
373675,374745,Apex Arrow,3085.0,655113,509125,2657533,18696,370026,903153,1173333,132417,865155,783206,1781330,370055,1149586,463095,12331,465536
345595,376500,Caustic Bite (dot),2484.0,655113,509125,2657533,18696,372510,903153,1173333,132417,865155,783206,1781330,370055,1149586,463095,12331,465536
345595,376500,Stormbite (dot),3106.0,655113,509125,2657533,18696,372510,903153,1173333,132417,865155,783206,1781330,370055,1149586,463095,12331,468642
374915,376565,Heartbreak Shot,18379.0,655113,509125,2657533,18696,372510,903153,1191712,132417,865155,783206,1781330,370055,1149586,463095,12331,468642
376815,377615,Pitch Perfect,1577.0,655113,509125,2657533,18696,372510,903153,1191712,132417,866732,783206,1781330,370055,1149586,463095,12331,468642
376165,377635,Refulgent Arrow,17.0,655113,509125,2657533,18696,372510,903153,1191712,132417,866732,783206,1781347,370055,1149586,463095,12331,468642
376165,377635,Burst Shot,58.0,655113,509125,2657591,18696,372510,903153,1191712,132417,866732,783206,1781347,370055,1149586,463095,12331,468642
376960,377718,Shot,13873.0,655113,509125,2657591,18696,372510,903153,1191712,132417,866732,783206,1781347,370055,1163459,463095,12331,468642
376165,377815,Blast Arrow,143806.0,655113,652931,2657591,18696,372510,903153,1191712,132417,866732,783206,1781347,370055,1163459,463095,12331,468642
345595,379500,Caustic Bite (dot),2484.0,655113,652931,2657591,18696,374994,903153,1191712,132417,866732,783206,1781347,370055,1163459,463095,12331,468642
345595,379500,Stormbite (dot),3106.0,655113,652931,2657591,18696,374994,903153,1191712,132417,866732,783206,1781347,370055,1163459,463095,12331,471748
378655,379815,Resonant Arrow,131689.0,655113,652931,2657591,18696,374994,903153,1191712,132417,866732,783206,1781347,501744,1163459,463095,12331,471748
379305,380105,Pitch Perfect,34703.0,655113,652931,2657591,18696,374994,903153,1191712,132417,901435,783206,1781347,501744,1163459,463095,12331,471748
380000,380758,Shot,13873.0,655113,652931,2657591,18696,374994,903153,1191712,132417,901435,783206,1781347,501744,1177332,463095,12331,471748
345595,382500,Caustic Bite (dot),2484.0,655113,652931,2657591,18696,377478,903153,1191712,132417,901435,783206,1781347,501744,1177332,463095,12331,471748
345595,382500,Stormbite (dot),3106.0,655113,652931,2657591,18696,377478,903153,1191712,132417,901435,783206,1781347,501744,1177332,463095,12331,474854
381145,382615,Refulgent Arrow,57608.0,655113,652931,2657591,18696,377478,903153,1191712,132417,901435,783206,1838955,501744,1177332,463095,12331,474854
381145,382735,Refulgent Arrow,57608.0,655113,652931,2657591,18696,377478,903153,1191712,132417,901435,783206,1896563,501744,1177332,463095,12331,474854
381145,382855,Refulgent Arrow,57608.0,655113,652931,2657591,18696,377478,903153,1191712,132417,901435,783206,1954171,501744,1177332,463095,12331,474854
382445,383245,Pitch Perfect,23303.0,655113,652931,2657591,18696,377478,903153,1191712,132417,924738,783206,1954171,501744,1177332,463095,12331,474854
381795,383445,Heartbreak Shot,18653.0,655113,652931,2657591,18696,377478,903153,1210365,132417,924738,783206,1954171,501744,1177332,463095,12331,474854
383040,383798,Shot,13873.0,655113,652931,2657591,18696,377478,903153,1210365,132417,924738,783206,1954171,501744,1191205,463095,12331,474854
383635,384305,Iron Jaws,20573.0,655113,652931,2657591,18696,377478,903153,1210365,152990,924738,783206,1954171,501744,1191205,463095,12331,474854
383635,385500,Caustic Bite (dot),4117.0,655113,652931,2657591,18696,381595,903153,1210365,152990,924738,783206,1954171,501744,1191205,463095,12331,474854
383635,385500,Stormbite (dot),5146.0,655113,652931,2657591,18696,381595,903153,1210365,152990,924738,783206,1954171,501744,1191205,463095,12331,480000
384945,385975,Empyreal Arrow,53496.0,655113,652931,2657591,18696,381595,956649,1210365,152990,924738,783206,1954171,501744,1191205,463095,12331,480000
386080,386838,Shot,12593.0,655113,652931,2657591,18696,381595,956649,1210365,152990,924738,783206,1954171,501744,1203798,463095,12331,480000
386745,387545,Pitch Perfect,29982.0,655113,652931,2657591,18696,381595,956649,1210365,152990,954720,783206,1954171,501744,1203798,463095,12331,480000
386125,387595,Burst Shot,19692.0,655113,652931,2677283,18696,381595,956649,1210365,152990,954720,783206,1954171,501744,1203798,463095,12331,480000
386125,387595,Refulgent Arrow,27229.0,655113,652931,2677283,18696,381595,956649,1210365,152990,954720,783206,1981400,501744,1203798,463095,12331,480000
383635,388500,Stormbite (dot),5146.0,655113,652931,2677283,18696,381595,956649,1210365,152990,954720,783206,1981400,501744,1203798,463095,12331,485146
383635,388500,Caustic Bite (dot),4117.0,655113,652931,2677283,18696,385712,956649,1210365,152990,954720,783206,1981400,501744,1203798,463095,12331,485146
389120,389878,Shot,9097.0,655113,652931,2677283,18696,385712,956649,1210365,152990,954720,783206,1981400,501744,1212895,463095,12331,485146
389235,390035,Pitch Perfect,15796.0,655113,652931,2677283,18696,385712,956649,1210365,152990,970516,783206,1981400,501744,1212895,463095,12331,485146
388615,390085,Burst Shot,22052.0,655113,652931,2699335,18696,385712,956649,1210365,152990,970516,783206,1981400,501744,1212895,463095,12331,485146
388615,390085,Refulgent Arrow,9708.0,655113,652931,2699335,18696,385712,956649,1210365,152990,970516,783206,1991108,501744,1212895,463095,12331,485146
389235,390885,Heartbreak Shot,8103.0,655113,652931,2699335,18696,385712,956649,1218468,152990,970516,783206,1991108,501744,1212895,463095,12331,485146
383635,391500,Caustic Bite (dot),4117.0,655113,652931,2699335,18696,389829,956649,1218468,152990,970516,783206,1991108,501744,1212895,463095,12331,485146
383635,391500,Stormbite (dot),5146.0,655113,652931,2699335,18696,389829,956649,1218468,152990,970516,783206,1991108,501744,1212895,463095,12331,490292
389885,391535,Heartbreak Shot,3948.0,655113,652931,2699335,18696,389829,956649,1222416,152990,970516,783206,1991108,501744,1212895,463095,12331,490292
391756,392556,Pitch Perfect,5663.0,655113,652931,2699335,18696,389829,956649,1222416,152990,976179,783206,1991108,501744,1212895,463095,12331,490292
391106,392576,Burst Shot,22052.0,655113,652931,2721387,18696,389829,956649,1222416,152990,976179,783206,1991108,501744,1212895,463095,12331,490292
391106,392576,Refulgent Arrow,9708.0,655113,652931,2721387,18696,389829,956649,1222416,152990,976179,783206,2000816,501744,1212895,463095,12331,490292
392160,392918,Shot,9097.0,655113,652931,2721387,18696,389829,956649,1222416,152990,976179,783206,2000816,501744,1221992,463095,12331,490292
383635,394500,Stormbite (dot),5146.0,655113,652931,2721387,18696,389829,956649,1222416,152990,976179,783206,2000816,501744,1221992,463095,12331,495438
383635,394500,Caustic Bite (dot),4117.0,655113,652931,2721387,18696,393946,956649,1222416,152990,976179,783206,2000816,501744,1221992,463095,12331,495438
394246,395046,Pitch Perfect,12960.0,655113,652931,2721387,18696,393946,956649,1222416,152990,989139,783206,2000816,501744,1221992,463095,12331,495438
393596,395066,Burst Shot,20521.0,655113,652931,2741908,18696,393946,956649,1222416,152990,989139,783206,2000816,501744,1221992,463095,12331,495438
393596,395066,Refulgent Arrow,8784.0,655113,652931,2741908,18696,393946,956649,1222416,152990,989139,783206,2009600,501744,1221992,463095,12331,495438
395200,395958,Shot,8405.0,655113,652931,2741908,18696,393946,956649,1222416,152990,989139,783206,2009600,501744,1230397,463095,12331,495438
383635,397500,Stormbite (dot),5146.0,655113,652931,2741908,18696,393946,956649,1222416,152990,989139,783206,2009600,501744,1230397,463095,12331,500584
383635,397500,Caustic Bite (dot),4117.0,655113,652931,2741908,18696,398063,956649,1222416,152990,989139,783206,2009600,501744,1230397,463095,12331,500584
396086,397556,Refulgent Arrow,9298.0,655113,652931,2741908,18696,398063,956649,1222416,152990,989139,783206,2018898,501744,1230397,463095,12331,500584
396086,397556,Burst Shot,20118.0,655113,652931,2762026,18696,398063,956649,1222416,152990,989139,783206,2018898,501744,1230397,463095,12331,500584
397386,398186,Pitch Perfect,15119.0,655113,652931,2762026,18696,398063,956649,1222416,152990,1004258,783206,2018898,501744,1230397,463095,12331,500584
396736,398386,Heartbreak Shot,11299.0,655113,652931,2762026,18696,398063,956649,1233715,152990,1004258,783206,2018898,501744,1230397,463095,12331,500584
398240,398998,Shot,8405.0,655113,652931,2762026,18696,398063,956649,1233715,152990,1004258,783206,2018898,501744,1238802,463095,12331,500584
398576,400046,Refulgent Arrow,8868.0,655113,652931,2762026,18696,398063,956649,1233715,152990,1004258,783206,2027766,501744,1238802,463095,12331,500584
398576,400046,Burst Shot,20455.0,655113,652931,2782481,18696,398063,956649,1233715,152990,1004258,783206,2027766,501744,1238802,463095,12331,500584
383635,400500,Caustic Bite (dot),4117.0,655113,652931,2782481,18696,402180,956649,1233715,152990,1004258,783206,2027766,501744,1238802,463095,12331,500584
383635,400500,Stormbite (dot),5146.0,655113,652931,2782481,18696,402180,956649,1233715,152990,1004258,783206,2027766,501744,1238802,463095,12331,505730
401280,402038,Shot,8405.0,655113,652931,2782481,18696,402180,956649,1233715,152990,1004258,783206,2027766,501744,1247207,463095,12331,505730
401686,402486,Pitch Perfect,10173.0,655113,652931,2782481,18696,402180,956649,1233715,152990,1014431,783206,2027766,501744,1247207,463095,12331,505730
401066,402536,Refulgent Arrow,9200.0,655113,652931,2782481,18696,402180,956649,1233715,152990,1014431,783206,2036966,501744,1247207,463095,12331,505730
401066,402536,Burst Shot,20195.0,655113,652931,2802676,18696,402180,956649,1233715,152990,1014431,783206,2036966,501744,1247207,463095,12331,505730
402306,403336,Empyreal Arrow,32412.0,655113,652931,2802676,18696,402180,989061,1233715,152990,1014431,783206,2036966,501744,1247207,463095,12331,505730
383635,403500,Caustic Bite (dot),4117.0,655113,652931,2802676,18696,406297,989061,1233715,152990,1014431,783206,2036966,501744,1247207,463095,12331,505730
383635,403500,Stormbite (dot),5146.0,655113,652931,2802676,18696,406297,989061,1233715,152990,1014431,783206,2036966,501744,1247207,463095,12331,510876
404176,404976,Pitch Perfect,27747.0,655113,652931,2802676,18696,406297,989061,1233715,152990,1042178,783206,2036966,501744,1247207,463095,12331,510876
403556,405026,Refulgent Arrow,8858.0,655113,652931,2802676,18696,406297,989061,1233715,152990,1042178,783206,2045824,501744,1247207,463095,12331,510876
403556,405026,Burst Shot,20463.0,655113,652931,2823139,18696,406297,989061,1233715,152990,1042178,783206,2045824,501744,1247207,463095,12331,510876
404320,405078,Shot,8405.0,655113,652931,2823139,18696,406297,989061,1233715,152990,1042178,783206,2045824,501744,1255612,463095,12331,510876
404826,405626,Pitch Perfect,778.0,655113,652931,2823139,18696,406297,989061,1233715,152990,1042956,783206,2045824,501744,1255612,463095,12331,510876
404826,405626,Pitch Perfect,8753.0,655113,652931,2823139,18696,406297,989061,1233715,152990,1051709,783206,2045824,501744,1255612,463095,12331,510876
404176,405826,Heartbreak Shot,4293.0,655113,652931,2823139,18696,406297,989061,1238008,152990,1051709,783206,2045824,501744,1255612,463095,12331,510876
404826,406476,Heartbreak Shot,6840.0,655113,652931,2823139,18696,406297,989061,1244848,152990,1051709,783206,2045824,501744,1255612,463095,12331,510876
383635,406500,Caustic Bite (dot),4117.0,655113,652931,2823139,18696,410414,989061,1244848,152990,1051709,783206,2045824,501744,1255612,463095,12331,510876
383635,406500,Stormbite (dot),5146.0,655113,652931,2823139,18696,410414,989061,1244848,152990,1051709,783206,2045824,501744,1255612,463095,12331,516022
406046,407516,Refulgent Arrow,9155.0,655113,652931,2823139,18696,410414,989061,1244848,152990,1051709,783206,2054979,501744,1255612,463095,12331,516022
406046,407516,Burst Shot,20211.0,655113,652931,2843350,18696,410414,989061,1244848,152990,1051709,783206,2054979,501744,1255612,463095,12331,516022
407360,408118,Shot,8399.0,655113,652931,2843350,18696,410414,989061,1244848,152990,1051709,783206,2054979,501744,1264011,463095,12331,516022
383635,409500,Stormbite (dot),5146.0,655113,652931,2843350,18696,410414,989061,1244848,152990,1051709,783206,2054979,501744,1264011,463095,12331,521168
383635,409500,Caustic Bite (dot),4117.0,655113,652931,2843350,18696,414531,989061,1244848,152990,1051709,783206,2054979,501744,1264011,463095,12331,521168
408536,410006,Refulgent Arrow,9023.0,655113,652931,2843350,18696,414531,989061,1244848,152990,1051709,783206,2064002,501744,1264011,463095,12331,521168
408536,410006,Burst Shot,20315.0,655113,652931,2863665,18696,414531,989061,1244848,152990,1051709,783206,2064002,501744,1264011,463095,12331,521168
409186,410836,Heartbreak Shot,9039.0,655113,652931,2863665,18696,414531,989061,1253887,152990,1051709,783206,2064002,501744,1264011,463095,12331,521168
410400,411158,Shot,8399.0,655113,652931,2863665,18696,414531,989061,1253887,152990,1051709,783206,2064002,501744,1272410,463095,12331,521168
411026,412496,Refulgent Arrow,9169.0,655113,652931,2863665,18696,414531,989061,1253887,152990,1051709,783206,2073171,501744,1272410,463095,12331,521168
411026,412496,Burst Shot,20200.0,655113,652931,2883865,18696,414531,989061,1253887,152990,1051709,783206,2073171,501744,1272410,463095,12331,521168
383635,412500,Caustic Bite (dot),4117.0,655113,652931,2883865,18696,418648,989061,1253887,152990,1051709,783206,2073171,501744,1272410,463095,12331,521168
383635,412500,Stormbite (dot),5146.0,655113,652931,2883865,18696,418648,989061,1253887,152990,1051709,783206,2073171,501744,1272410,463095,12331,526314
411646,413296,Heartbreak Shot,20252.0,655113,652931,2883865,18696,418648,989061,1274139,152990,1051709,783206,2073171,501744,1272410,463095,12331,526314
413440,414198,Shot,8399.0,655113,652931,2883865,18696,418648,989061,1274139,152990,1051709,783206,2073171,501744,1280809,463095,12331,526314
413516,414986,Burst Shot,20559.0,655113,652931,2904424,18696,418648,989061,1274139,152990,1051709,783206,2073171,501744,1280809,463095,12331,526314
413516,414986,Refulgent Arrow,8712.0,655113,652931,2904424,18696,418648,989061,1274139,152990,1051709,783206,2081883,501744,1280809,463095,12331,526314
383635,415500,Caustic Bite (dot),4117.0,655113,652931,2904424,18696,422765,989061,1274139,152990,1051709,783206,2081883,501744,1280809,463095,12331,526314
383635,415500,Stormbite (dot),5146.0,655113,652931,2904424,18696,422765,989061,1274139,152990,1051709,783206,2081883,501744,1280809,463095,12331,531460
414136,415786,Heartbreak Shot,8918.0,655113,652931,2904424,18696,422765,989061,1283057,152990,1051709,783206,2081883,501744,1280809,463095,12331,531460
416480,417238,Shot,8399.0,655113,652931,2904424,18696,422765,989061,1283057,152990,1051709,783206,2081883,501744,1289208,463095,12331,531460
416006,417476,Refulgent Arrow,9392.0,655113,652931,2904424,18696,422765,989061,1283057,152990,1051709,783206,2091275,501744,1289208,463095,12331,531460
416006,417476,Burst Shot,20025.0,655113,652931,2924449,18696,422765,989061,1283057,152990,1051709,783206,2091275,501744,1289208,463095,12331,531460
417306,418336,Empyreal Arrow,32390.0,655113,652931,2924449,18696,422765,1021451,1283057,152990,1051709,783206,2091275,501744,1289208,463095,12331,531460
383635,418500,Caustic Bite (dot),4117.0,655113,652931,2924449,18696,426882,1021451,1283057,152990,1051709,783206,2091275,501744,1289208,463095,12331,531460
383635,418500,Stormbite (dot),5146.0,655113,652931,2924449,18696,426882,1021451,1283057,152990,1051709,783206,2091275,501744,1289208,463095,12331,536606
418496,419966,Refulgent Arrow,9026.0,655113,652931,2924449,18696,426882,1021451,1283057,152990,1051709,783206,2100301,501744,1289208,463095,12331,536606
418496,419966,Burst Shot,20312.0,655113,652931,2944761,18696,426882,1021451,1283057,152990,1051709,783206,2100301,501744,1289208,463095,12331,536606
419520,420278,Shot,8399.0,655113,652931,2944761,18696,426882,1021451,1283057,152990,1051709,783206,2100301,501744,1297607,463095,12331,536606
419116,420766,Heartbreak Shot,22418.0,655113,652931,2944761,18696,426882,1021451,1305475,152990,1051709,783206,2100301,501744,1297607,463095,12331,536606
419766,421416,Heartbreak Shot,8911.0,655113,652931,2944761,18696,426882,1021451,1314386,152990,1051709,783206,2100301,501744,1297607,463095,12331,536606
383635,421500,Caustic Bite (dot),4117.0,655113,652931,2944761,18696,430999,1021451,1314386,152990,1051709,783206,2100301,501744,1297607,463095,12331,536606
383635,421500,Stormbite (dot),5146.0,655113,652931,2944761,18696,430999,1021451,1314386,152990,1051709,783206,2100301,501744,1297607,463095,12331,541752
420986,422456,Burst Shot,20167.0,655113,652931,2964928,18696,430999,1021451,1314386,152990,1051709,783206,2100301,501744,1297607,463095,12331,541752
420986,422456,Refulgent Arrow,9211.0,655113,652931,2964928,18696,430999,1021451,1314386,152990,1051709,783206,2109512,501744,1297607,463095,12331,541752
421606,423256,Heartbreak Shot,9034.0,655113,652931,2964928,18696,430999,1021451,1323420,152990,1051709,783206,2109512,501744,1297607,463095,12331,541752
422560,423318,Shot,8399.0,655113,652931,2964928,18696,430999,1021451,1323420,152990,1051709,783206,2109512,501744,1306006,463095,12331,541752
383635,424500,Stormbite (dot),5146.0,655113,652931,2964928,18696,430999,1021451,1323420,152990,1051709,783206,2109512,501744,1306006,463095,12331,546898
383635,424500,Caustic Bite (dot),4117.0,655113,652931,2964928,18696,435116,1021451,1323420,152990,1051709,783206,2109512,501744,1306006,463095,12331,546898
423476,424946,Refulgent Arrow,8824.0,655113,652931,2964928,18696,435116,1021451,1323420,152990,1051709,783206,2118336,501744,1306006,463095,12331,546898
423476,424946,Burst Shot,20471.0,655113,652931,2985399,18696,435116,1021451,1323420,152990,1051709,783206,2118336,501744,1306006,463095,12331,546898
424096,425746,Heartbreak Shot,8850.0,655113,652931,2985399,18696,435116,1021451,1332270,152990,1051709,783206,2118336,501744,1306006,463095,12331,546898
425600,426358,Shot,8399.0,655113,652931,2985399,18696,435116,1021451,1332270,152990,1051709,783206,2118336,501744,1314405,463095,12331,546898
425966,427436,Refulgent Arrow,9183.0,655113,652931,2985399,18696,435116,1021451,1332270,152990,1051709,783206,2127519,501744,1314405,463095,12331,546898
425966,427436,Burst Shot,20189.0,655113,652931,3005588,18696,435116,1021451,1332270,152990,1051709,783206,2127519,501744,1314405,463095,12331,546898
383635,427500,Caustic Bite (dot),4117.0,655113,652931,3005588,18696,439233,1021451,1332270,152990,1051709,783206,2127519,501744,1314405,463095,12331,546898
383635,427500,Stormbite (dot),5146.0,655113,652931,3005588,18696,439233,1021451,1332270,152990,1051709,783206,2127519,501744,1314405,463095,12331,552044
426616,428266,Heartbreak Shot,20208.0,655113,652931,3005588,18696,439233,1021451,1352478,152990,1051709,783206,2127519,501744,1314405,463095,12331,552044
428456,429126,Iron Jaws,12454.0,655113,652931,3005588,18696,439233,1021451,1352478,165444,1051709,783206,2127519,501744,1314405,463095,12331,552044
428640,429398,Shot,8399.0,655113,652931,3005588,18696,439233,1021451,1352478,165444,1051709,783206,2127519,501744,1322804,463095,12331,552044
428456,430500,Caustic Bite (dot),2491.0,655113,652931,3005588,18696,441724,1021451,1352478,165444,1051709,783206,2127519,501744,1322804,463095,12331,552044
428456,430500,Stormbite (dot),3115.0,655113,652931,3005588,18696,441724,1021451,1352478,165444,1051709,783206,2127519,501744,1322804,463095,12331,555159
429076,430726,Heartbreak Shot,9043.0,655113,652931,3005588,18696,441724,1021451,1361521,165444,1051709,783206,2127519,501744,1322804,463095,12331,555159
430946,432416,Burst Shot,13086.0,655113,652931,3018674,18696,441724,1021451,1361521,165444,1051709,783206,2127519,501744,1322804,463095,12331,555159
430946,432416,Refulgent Arrow,18224.0,655113,652931,3018674,18696,441724,1021451,1361521,165444,1051709,783206,2145743,501744,1322804,463095,12331,555159
431680,432438,Shot,8399.0,655113,652931,3018674,18696,441724,1021451,1361521,165444,1051709,783206,2145743,501744,1331203,463095,12331,555159
432423,432953,Sidewinder,49833.0,655113,652931,3018674,18696,441724,1021451,1361521,165444,1051709,783206,2145743,501744,1331203,512928,12331,555159
428456,433500,Stormbite (dot),3115.0,655113,652931,3018674,18696,441724,1021451,1361521,165444,1051709,783206,2145743,501744,1331203,512928,12331,558274
428456,433500,Caustic Bite (dot),2491.0,655113,652931,3018674,18696,444215,1021451,1361521,165444,1051709,783206,2145743,501744,1331203,512928,12331,558274
433436,434506,Apex Arrow,2883.0,657996,652931,3018674,18696,444215,1021451,1361521,165444,1051709,783206,2145743,501744,1331203,512928,12331,558274
433436,434506,Apex Arrow,6710.0,664706,652931,3018674,18696,444215,1021451,1361521,165444,1051709,783206,2145743,501744,1331203,512928,12331,558274
433436,434506,Apex Arrow,68835.0,733541,652931,3018674,18696,444215,1021451,1361521,165444,1051709,783206,2145743,501744,1331203,512928,12331,558274
433436,434506,Apex Arrow,562.0,734103,652931,3018674,18696,444215,1021451,1361521,165444,1051709,783206,2145743,501744,1331203,512928,12331,558274
433436,434506,Apex Arrow,158.0,734261,652931,3018674,18696,444215,1021451,1361521,165444,1051709,783206,2145743,501744,1331203,512928,12331,558274
433436,434506,Apex Arrow,5.0,734266,652931,3018674,18696,444215,1021451,1361521,165444,1051709,783206,2145743,501744,1331203,512928,12331,558274
433436,434506,Apex Arrow,22.0,734288,652931,3018674,18696,444215,1021451,1361521,165444,1051709,783206,2145743,501744,1331203,512928,12331,558274
433436,434506,Apex Arrow,4748.0,739036,652931,3018674,18696,444215,1021451,1361521,165444,1051709,783206,2145743,501744,1331203,512928,12331,558274
433436,434506,Apex Arrow,1297.0,740333,652931,3018674,18696,444215,1021451,1361521,165444,1051709,783206,2145743,501744,1331203,512928,12331,558274
434056,435086,Empyreal Arrow,32390.0,740333,652931,3018674,18696,444215,1053841,1361521,165444,1051709,783206,2145743,501744,1331203,512928,12331,558274
434720,435478,Shot,8399.0,740333,652931,3018674,18696,444215,1053841,1361521,165444,1051709,783206,2145743,501744,1339602,512928,12331,558274
434676,436326,Heartbreak Shot,22418.0,740333,652931,3018674,18696,444215,1053841,1383939,165444,1051709,783206,2145743,501744,1339602,512928,12331,558274
428456,436500,Caustic Bite (dot),2491.0,740333,652931,3018674,18696,446706,1053841,1383939,165444,1051709,783206,2145743,501744,1339602,512928,12331,558274
428456,436500,Stormbite (dot),3115.0,740333,652931,3018674,18696,446706,1053841,1383939,165444,1051709,783206,2145743,501744,1339602,512928,12331,561389
435926,437396,Refulgent Arrow,129.0,740333,652931,3018674,18696,446706,1053841,1383939,165444,1051709,783206,2145872,501744,1339602,512928,12331,561389
435926,437396,Burst Shot,219.0,740333,652931,3018893,18696,446706,1053841,1383939,165444,1051709,783206,2145872,501744,1339602,512928,12331,561389
435926,437576,Blast Arrow,86190.0,740333,739121,3018893,18696,446706,1053841,1383939,165444,1051709,783206,2145872,501744,1339602,512928,12331,561389
436576,438226,Heartbreak Shot,17851.0,740333,739121,3018893,18696,446706,1053841,1401790,165444,1051709,783206,2145872,501744,1339602,512928,12331,561389
437760,438518,Shot,8399.0,740333,739121,3018893,18696,446706,1053841,1401790,165444,1051709,783206,2145872,501744,1348001,512928,12331,561389
428456,439500,Caustic Bite (dot),2491.0,740333,739121,3018893,18696,449197,1053841,1401790,165444,1051709,783206,2145872,501744,1348001,512928,12331,561389
428456,439500,Stormbite (dot),3115.0,740333,739121,3018893,18696,449197,1053841,1401790,165444,1051709,783206,2145872,501744,1348001,512928,12331,564504
438416,439886,Refulgent Arrow,8904.0,740333,739121,3018893,18696,449197,1053841,1401790,165444,1051709,783206,2154776,501744,1348001,512928,12331,564504
438416,439886,Burst Shot,20408.0,740333,739121,3039301,18696,449197,1053841,1401790,165444,1051709,783206,2154776,501744,1348001,512928,12331,564504
439036,440686,Heartbreak Shot,8965.0,740333,739121,3039301,18696,449197,1053841,1410755,165444,1051709,783206,2154776,501744,1348001,512928,12331,564504
440800,441558,Shot,8399.0,740333,739121,3039301,18696,449197,1053841,1410755,165444,1051709,783206,2154776,501744,1356400,512928,12331,564504
440906,442376,Refulgent Arrow,9249.0,740333,739121,3039301,18696,449197,1053841,1410755,165444,1051709,783206,2164025,501744,1356400,512928,12331,564504
440906,442376,Burst Shot,20137.0,740333,739121,3059438,18696,449197,1053841,1410755,165444,1051709,783206,2164025,501744,1356400,512928,12331,564504
428456,442500,Caustic Bite (dot),2491.0,740333,739121,3059438,18696,451688,1053841,1410755,165444,1051709,783206,2164025,501744,1356400,512928,12331,564504
428456,442500,Stormbite (dot),3115.0,740333,739121,3059438,18696,451688,1053841,1410755,165444,1051709,783206,2164025,501744,1356400,512928,12331,567619
441556,443206,Heartbreak Shot,20252.0,740333,739121,3059438,18696,451688,1053841,1431007,165444,1051709,783206,2164025,501744,1356400,512928,12331,567619
443840,444598,Shot,8374.0,740333,739121,3059438,18696,451688,1053841,1431007,165444,1051709,783206,2164025,501744,1364774,512928,12331,567619
443397,444867,Burst Shot,20284.0,740333,739121,3079722,18696,451688,1053841,1431007,165444,1051709,783206,2164025,501744,1364774,512928,12331,567619
443397,444867,Refulgent Arrow,8957.0,740333,739121,3079722,18696,451688,1053841,1431007,165444,1051709,783206,2172982,501744,1364774,512928,12331,567619
428456,445500,Caustic Bite (dot),2491.0,740333,739121,3079722,18696,454179,1053841,1431007,165444,1051709,783206,2172982,501744,1364774,512928,12331,567619
428456,445500,Stormbite (dot),3115.0,740333,739121,3079722,18696,454179,1053841,1431007,165444,1051709,783206,2172982,501744,1364774,512928,12331,570734
445887,447357,Refulgent Arrow,8818.0,740333,739121,3079722,18696,454179,1053841,1431007,165444,1051709,783206,2181800,501744,1364774,512928,12331,570734
445887,447357,Burst Shot,20394.0,740333,739121,3100116,18696,454179,1053841,1431007,165444,1051709,783206,2181800,501744,1364774,512928,12331,570734
446880,447638,Shot,8374.0,740333,739121,3100116,18696,454179,1053841,1431007,165444,1051709,783206,2181800,501744,1373148,512928,12331,570734
428456,448500,Stormbite (dot),3115.0,740333,739121,3100116,18696,454179,1053841,1431007,165444,1051709,783206,2181800,501744,1373148,512928,12331,573849
428456,448500,Caustic Bite (dot),2491.0,740333,739121,3100116,18696,456670,1053841,1431007,165444,1051709,783206,2181800,501744,1373148,512928,12331,573849
448277,449747,Burst Shot,20096.0,740333,739121,3120212,18696,456670,1053841,1431007,165444,1051709,783206,2181800,501744,1373148,512928,12331,573849
448277,449747,Refulgent Arrow,9197.0,740333,739121,3120212,18696,456670,1053841,1431007,165444,1051709,783206,2190997,501744,1373148,512928,12331,573849
449056,450086,Empyreal Arrow,32293.0,740333,739121,3120212,18696,456670,1086134,1431007,165444,1051709,783206,2190997,501744,1373148,512928,12331,573849
449920,450678,Shot,8374.0,740333,739121,3120212,18696,456670,1086134,1431007,165444,1051709,783206,2190997,501744,1381522,512928,12331,573849
449706,451356,Heartbreak Shot,11151.0,740333,739121,3120212,18696,456670,1086134,1442158,165444,1051709,783206,2190997,501744,1381522,512928,12331,573849
428456,451500,Stormbite (dot),3115.0,740333,739121,3120212,18696,456670,1086134,1442158,165444,1051709,783206,2190997,501744,1381522,512928,12331,576964
428456,451500,Caustic Bite (dot),2491.0,740333,739121,3120212,18696,459161,1086134,1442158,165444,1051709,783206,2190997,501744,1381522,512928,12331,576964
450667,452137,Burst Shot,20331.0,740333,739121,3140543,18696,459161,1086134,1442158,165444,1051709,783206,2190997,501744,1381522,512928,12331,576964
450667,452137,Refulgent Arrow,8898.0,740333,739121,3140543,18696,459161,1086134,1442158,165444,1051709,783206,2199895,501744,1381522,512928,12331,576964
452960,453718,Shot,8374.0,740333,739121,3140543,18696,459161,1086134,1442158,165444,1051709,783206,2199895,501744,1389896,512928,12331,576964
452857,454327,Refulgent Arrow,9124.0,740333,739121,3140543,18696,459161,1086134,1442158,165444,1051709,783206,2209019,501744,1389896,512928,12331,576964
452857,454327,Burst Shot,20153.0,740333,739121,3160696,18696,459161,1086134,1442158,165444,1051709,783206,2209019,501744,1389896,512928,12331,576964
428456,454500,Stormbite (dot),3115.0,740333,739121,3160696,18696,459161,1086134,1442158,165444,1051709,783206,2209019,501744,1389896,512928,12331,580079
428456,454500,Caustic Bite (dot),2491.0,740333,739121,3160696,18696,461652,1086134,1442158,165444,1051709,783206,2209019,501744,1389896,512928,12331,580079
455047,456517,Burst Shot,20301.0,740333,739121,3180997,18696,461652,1086134,1442158,165444,1051709,783206,2209019,501744,1389896,512928,12331,580079
455047,456517,Refulgent Arrow,8937.0,740333,739121,3180997,18696,461652,1086134,1442158,165444,1051709,783206,2217956,501744,1389896,512928,12331,580079
456000,456758,Shot,8374.0,740333,739121,3180997,18696,461652,1086134,1442158,165444,1051709,783206,2217956,501744,1398270,512928,12331,580079
428456,457500,Caustic Bite (dot),2491.0,740333,739121,3180997,18696,464143,1086134,1442158,165444,1051709,783206,2217956,501744,1398270,512928,12331,580079
428456,457500,Stormbite (dot),3115.0,740333,739121,3180997,18696,464143,1086134,1442158,165444,1051709,783206,2217956,501744,1398270,512928,12331,583194
456347,457997,Heartbreak Shot,11200.0,740333,739121,3180997,18696,464143,1086134,1453358,165444,1051709,783206,2217956,501744,1398270,512928,12331,583194
457137,458607,Burst Shot,20380.0,740333,739121,3201377,18696,464143,1086134,1453358,165444,1051709,783206,2217956,501744,1398270,512928,12331,583194
457137,458607,Refulgent Arrow,8836.0,740333,739121,3201377,18696,464143,1086134,1453358,165444,1051709,783206,2226792,501744,1398270,512928,12331,583194
459040,459798,Shot,8374.0,740333,739121,3201377,18696,464143,1086134,1453358,165444,1051709,783206,2226792,501744,1406644,512928,12331,583194
428456,460500,Caustic Bite (dot),2491.0,740333,739121,3201377,18696,466634,1086134,1453358,165444,1051709,783206,2226792,501744,1406644,512928,12331,583194
428456,460500,Stormbite (dot),3115.0,740333,739121,3201377,18696,466634,1086134,1453358,165444,1051709,783206,2226792,501744,1406644,512928,12331,586309
459227,460697,Refulgent Arrow,9079.0,740333,739121,3201377,18696,466634,1086134,1453358,165444,1051709,783206,2235871,501744,1406644,512928,12331,586309
459227,460697,Burst Shot,20189.0,740333,739121,3221566,18696,466634,1086134,1453358,165444,1051709,783206,2235871,501744,1406644,512928,12331,586309
461317,462787,Refulgent Arrow,9058.0,740333,739121,3221566,18696,466634,1086134,1453358,165444,1051709,783206,2244929,501744,1406644,512928,12331,586309
461317,462787,Burst Shot,20205.0,740333,739121,3241771,18696,466634,1086134,1453358,165444,1051709,783206,2244929,501744,1406644,512928,12331,586309
462080,462838,Shot,8374.0,740333,739121,3241771,18696,466634,1086134,1453358,165444,1051709,783206,2244929,501744,1415018,512928,12331,586309
428456,463500,Caustic Bite (dot),2491.0,740333,739121,3241771,18696,469125,1086134,1453358,165444,1051709,783206,2244929,501744,1415018,512928,12331,586309
428456,463500,Stormbite (dot),3115.0,740333,739121,3241771,18696,469125,1086134,1453358,165444,1051709,783206,2244929,501744,1415018,512928,12331,589424
463407,464877,Refulgent Arrow,9031.0,740333,739121,3241771,18696,469125,1086134,1453358,165444,1051709,783206,2253960,501744,1415018,512928,12331,589424
463407,464877,Burst Shot,20227.0,740333,739121,3261998,18696,469125,1086134,1453358,165444,1051709,783206,2253960,501744,1415018,512928,12331,589424
464056,465086,Empyreal Arrow,32293.0,740333,739121,3261998,18696,469125,1118427,1453358,165444,1051709,783206,2253960,501744,1415018,512928,12331,589424
465120,465878,Shot,8374.0,740333,739121,3261998,18696,469125,1118427,1453358,165444,1051709,783206,2253960,501744,1423392,512928,12331,589424
465497,466167,Iron Jaws,12417.0,740333,739121,3261998,18696,469125,1118427,1453358,177861,1051709,783206,2253960,501744,1423392,512928,12331,589424
465497,466500,Stormbite (dot),3106.0,740333,739121,3261998,18696,469125,1118427,1453358,177861,1051709,783206,2253960,501744,1423392,512928,12331,592530
465497,466500,Caustic Bite (dot),2484.0,740333,739121,3261998,18696,471609,1118427,1453358,177861,1051709,783206,2253960,501744,1423392,512928,12331,592530
468160,468918,Shot,8374.0,740333,739121,3261998,18696,471609,1118427,1453358,177861,1051709,783206,2253960,501744,1431766,512928,12331,592530
467587,469057,Burst Shot,13199.0,740333,739121,3275197,18696,471609,1118427,1453358,177861,1051709,783206,2253960,501744,1431766,512928,12331,592530
467587,469057,Refulgent Arrow,17975.0,740333,739121,3275197,18696,471609,1118427,1453358,177861,1051709,783206,2271935,501744,1431766,512928,12331,592530
465497,469500,Caustic Bite (dot),2484.0,740333,739121,3275197,18696,474093,1118427,1453358,177861,1051709,783206,2271935,501744,1431766,512928,12331,592530
465497,469500,Stormbite (dot),3106.0,740333,739121,3275197,18696,474093,1118427,1453358,177861,1051709,783206,2271935,501744,1431766,512928,12331,595636
469677,471147,Refulgent Arrow,9184.0,740333,739121,3275197,18696,474093,1118427,1453358,177861,1051709,783206,2281119,501744,1431766,512928,12331,595636
469677,471147,Burst Shot,20107.0,740333,739121,3295304,18696,474093,1118427,1453358,177861,1051709,783206,2281119,501744,1431766,512928,12331,595636
471200,471958,Shot,8374.0,740333,739121,3295304,18696,474093,1118427,1453358,177861,1051709,783206,2281119,501744,1440140,512928,12331,595636
465497,472500,Stormbite (dot),3106.0,740333,739121,3295304,18696,474093,1118427,1453358,177861,1051709,783206,2281119,501744,1440140,512928,12331,598742
465497,472500,Caustic Bite (dot),2484.0,740333,739121,3295304,18696,476577,1118427,1453358,177861,1051709,783206,2281119,501744,1440140,512928,12331,598742
471767,473237,Refulgent Arrow,8801.0,740333,739121,3295304,18696,476577,1118427,1453358,177861,1051709,783206,2289920,501744,1440140,512928,12331,598742
471767,473237,Burst Shot,20407.0,740333,739121,3315711,18696,476577,1118427,1453358,177861,1051709,783206,2289920,501744,1440140,512928,12331,598742
474240,474998,Shot,8374.0,740333,739121,3315711,18696,476577,1118427,1453358,177861,1051709,783206,2289920,501744,1448514,512928,12331,598742
473857,475327,Refulgent Arrow,9107.0,740333,739121,3315711,18696,476577,1118427,1453358,177861,1051709,783206,2299027,501744,1448514,512928,12331,598742
473857,475327,Burst Shot,20167.0,740333,739121,3335878,18696,476577,1118427,1453358,177861,1051709,783206,2299027,501744,1448514,512928,12331,598742
465497,475500,Stormbite (dot),3106.0,740333,739121,3335878,18696,476577,1118427,1453358,177861,1051709,783206,2299027,501744,1448514,512928,12331,601848
465497,475500,Caustic Bite (dot),2484.0,740333,739121,3335878,18696,479061,1118427,1453358,177861,1051709,783206,2299027,501744,1448514,512928,12331,601848
475947,477417,Burst Shot,20383.0,740333,739121,3356261,18696,479061,1118427,1453358,177861,1051709,783206,2299027,501744,1448514,512928,12331,601848
475947,477417,Refulgent Arrow,8832.0,740333,739121,3356261,18696,479061,1118427,1453358,177861,1051709,783206,2307859,501744,1448514,512928,12331,601848
477280,478038,Shot,8374.0,740333,739121,3356261,18696,479061,1118427,1453358,177861,1051709,783206,2307859,501744,1456888,512928,12331,601848
465497,478500,Caustic Bite (dot),2484.0,740333,739121,3356261,18696,481545,1118427,1453358,177861,1051709,783206,2307859,501744,1456888,512928,12331,601848
465497,478500,Stormbite (dot),3106.0,740333,739121,3356261,18696,481545,1118427,1453358,177861,1051709,783206,2307859,501744,1456888,512928,12331,604954
478037,479507,Refulgent Arrow,9090.0,740333,739121,3356261,18696,481545,1118427,1453358,177861,1051709,783206,2316949,501744,1456888,512928,12331,604954
478037,479507,Burst Shot,20181.0,740333,739121,3376442,18696,481545,1118427,1453358,177861,1051709,783206,2316949,501744,1456888,512928,12331,604954
479056,480086,Empyreal Arrow,32293.0,740333,739121,3376442,18696,481545,1150720,1453358,177861,1051709,783206,2316949,501744,1456888,512928,12331,604954
480320,481078,Shot,8374.0,740333,739121,3376442,18696,481545,1150720,1453358,177861,1051709,783206,2316949,501744,1465262,512928,12331,604954
465497,481500,Stormbite (dot),3106.0,740333,739121,3376442,18696,481545,1150720,1453358,177861,1051709,783206,2316949,501744,1465262,512928,12331,608060
465497,481500,Caustic Bite (dot),2484.0,740333,739121,3376442,18696,484029,1150720,1453358,177861,1051709,783206,2316949,501744,1465262,512928,12331,608060
480127,481597,Refulgent Arrow,9041.0,740333,739121,3376442,18696,484029,1150720,1453358,177861,1051709,783206,2325990,501744,1465262,512928,12331,608060
480127,481597,Burst Shot,20219.0,740333,739121,3396661,18696,484029,1150720,1453358,177861,1051709,783206,2325990,501744,1465262,512928,12331,608060
482217,483687,Burst Shot,20378.0,740333,739121,3417039,18696,484029,1150720,1453358,177861,1051709,783206,2325990,501744,1465262,512928,12331,608060
482217,483687,Refulgent Arrow,8966.0,740333,739121,3417039,18696,484029,1150720,1453358,177861,1051709,783206,2334956,501744,1465262,512928,12331,608060
483360,484118,Shot,8405.0,740333,739121,3417039,18696,484029,1150720,1453358,177861,1051709,783206,2334956,501744,1473667,512928,12331,608060
465497,484500,Caustic Bite (dot),2484.0,740333,739121,3417039,18696,486513,1150720,1453358,177861,1051709,783206,2334956,501744,1473667,512928,12331,608060
465497,484500,Stormbite (dot),3106.0,740333,739121,3417039,18696,486513,1150720,1453358,177861,1051709,783206,2334956,501744,1473667,512928,12331,611166
484407,485877,Refulgent Arrow,9134.0,740333,739121,3417039,18696,486513,1150720,1453358,177861,1051709,783206,2344090,501744,1473667,512928,12331,611166
484407,485877,Burst Shot,20247.0,740333,739121,3437286,18696,486513,1150720,1453358,177861,1051709,783206,2344090,501744,1473667,512928,12331,611166
486400,487158,Shot,10013.0,740333,739121,3437286,18696,486513,1150720,1453358,177861,1051709,783206,2344090,501744,1483680,512928,12331,611166
465497,487500,Stormbite (dot),3106.0,740333,739121,3437286,18696,486513,1150720,1453358,177861,1051709,783206,2344090,501744,1483680,512928,12331,614272
465497,487500,Caustic Bite (dot),2484.0,740333,739121,3437286,18696,488997,1150720,1453358,177861,1051709,783206,2344090,501744,1483680,512928,12331,614272
486597,488067,Refulgent Arrow,11425.0,740333,739121,3437286,18696,488997,1150720,1453358,177861,1051709,783206,2355515,501744,1483680,512928,12331,614272
486597,488067,Burst Shot,25656.0,740333,739121,3462942,18696,488997,1150720,1453358,177861,1051709,783206,2355515,501744,1483680,512928,12331,614272
488043,489693,Heartbreak Shot,34210.0,740333,739121,3462942,18696,488997,1150720,1487568,177861,1051709,783206,2355515,501744,1483680,512928,12331,614272
489440,490198,Shot,12816.0,740333,739121,3462942,18696,488997,1150720,1487568,177861,1051709,783206,2355515,501744,1496496,512928,12331,614272
465497,490500,Stormbite (dot),3106.0,740333,739121,3462942,18696,488997,1150720,1487568,177861,1051709,783206,2355515,501744,1496496,512928,12331,617378
465497,490500,Caustic Bite (dot),2484.0,740333,739121,3462942,18696,491481,1150720,1487568,177861,1051709,783206,2355515,501744,1496496,512928,12331,617378
488787,490747,Radiant Encore,209129.0,740333,739121,3462942,18696,491481,1150720,1487568,177861,1051709,992335,2355515,501744,1496496,512928,12331,617378
490027,490827,Pitch Perfect,34908.0,740333,739121,3462942,18696,491481,1150720,1487568,177861,1086617,992335,2355515,501744,1496496,512928,12331,617378
489407,491057,Heartbreak Shot,34210.0,740333,739121,3462942,18696,491481,1150720,1521778,177861,1086617,992335,2355515,501744,1496496,512928,12331,617378
490977,492447,Burst Shot,30842.0,740333,739121,3493784,18696,491481,1150720,1521778,177861,1086617,992335,2355515,501744,1496496,512928,12331,617378
490977,492447,Refulgent Arrow,13971.0,740333,739121,3493784,18696,491481,1150720,1521778,177861,1086617,992335,2369486,501744,1496496,512928,12331,617378
492423,492953,Sidewinder,76044.0,740333,739121,3493784,18696,491481,1150720,1521778,177861,1086617,992335,2369486,501744,1496496,588972,12331,617378
492480,493238,Shot,12816.0,740333,739121,3493784,18696,491481,1150720,1521778,177861,1086617,992335,2369486,501744,1509312,588972,12331,617378
465497,493500,Stormbite (dot),3106.0,740333,739121,3493784,18696,491481,1150720,1521778,177861,1086617,992335,2369486,501744,1509312,588972,12331,620484
465497,493500,Caustic Bite (dot),2484.0,740333,739121,3493784,18696,493965,1150720,1521778,177861,1086617,992335,2369486,501744,1509312,588972,12331,620484
494087,494887,Pitch Perfect,21249.0,740333,739121,3493784,18696,493965,1150720,1521778,177861,1107866,992335,2369486,501744,1509312,588972,12331,620484
493467,494937,Refulgent Arrow,13976.0,740333,739121,3493784,18696,493965,1150720,1521778,177861,1107866,992335,2383462,501744,1509312,588972,12331,620484
493467,494937,Burst Shot,30838.0,740333,739121,3524622,18696,493965,1150720,1521778,177861,1107866,992335,2383462,501744,1509312,588972,12331,620484
494087,495737,Heartbreak Shot,11806.0,740333,739121,3524622,18696,493965,1150720,1533584,177861,1107866,992335,2383462,501744,1509312,588972,12331,620484
494707,495737,Empyreal Arrow,49427.0,740333,739121,3524622,18696,493965,1200147,1533584,177861,1107866,992335,2383462,501744,1509312,588972,12331,620484
495520,496278,Shot,12816.0,740333,739121,3524622,18696,493965,1200147,1533584,177861,1107866,992335,2383462,501744,1522128,588972,12331,620484
465497,496500,Stormbite (dot),3106.0,740333,739121,3524622,18696,493965,1200147,1533584,177861,1107866,992335,2383462,501744,1522128,588972,12331,623590
465497,496500,Caustic Bite (dot),2484.0,740333,739121,3524622,18696,496449,1200147,1533584,177861,1107866,992335,2383462,501744,1522128,588972,12331,623590
495957,497027,Apex Arrow,124125.0,864458,739121,3524622,18696,496449,1200147,1533584,177861,1107866,992335,2383462,501744,1522128,588972,12331,623590
495957,497027,Apex Arrow,4867.0,869325,739121,3524622,18696,496449,1200147,1533584,177861,1107866,992335,2383462,501744,1522128,588972,12331,623590
495957,497027,Apex Arrow,859.0,870184,739121,3524622,18696,496449,1200147,1533584,177861,1107866,992335,2383462,501744,1522128,588972,12331,623590
495957,497027,Apex Arrow,2107.0,872291,739121,3524622,18696,496449,1200147,1533584,177861,1107866,992335,2383462,501744,1522128,588972,12331,623590
495957,497027,Apex Arrow,59.0,872350,739121,3524622,18696,496449,1200147,1533584,177861,1107866,992335,2383462,501744,1522128,588972,12331,623590
495957,497027,Apex Arrow,298.0,872648,739121,3524622,18696,496449,1200147,1533584,177861,1107866,992335,2383462,501744,1522128,588972,12331,623590
495957,497027,Apex Arrow,7.0,872655,739121,3524622,18696,496449,1200147,1533584,177861,1107866,992335,2383462,501744,1522128,588972,12331,623590
495957,497027,Apex Arrow,9.0,872664,739121,3524622,18696,496449,1200147,1533584,177861,1107866,992335,2383462,501744,1522128,588972,12331,623590
497227,498027,Pitch Perfect,34293.0,872664,739121,3524622,18696,496449,1200147,1533584,177861,1142159,992335,2383462,501744,1522128,588972,12331,623590
497227,498877,Heartbreak Shot,5261.0,872664,739121,3524622,18696,496449,1200147,1538845,177861,1142159,992335,2383462,501744,1522128,588972,12331,623590
498560,499318,Shot,12816.0,872664,739121,3524622,18696,496449,1200147,1538845,177861,1142159,992335,2383462,501744,1534944,588972,12331,623590
465497,499500,Caustic Bite (dot),2484.0,872664,739121,3524622,18696,498933,1200147,1538845,177861,1142159,992335,2383462,501744,1534944,588972,12331,623590
465497,499500,Stormbite (dot),3106.0,872664,739121,3524622,18696,498933,1200147,1538845,177861,1142159,992335,2383462,501744,1534944,588972,12331,626696
499097,499897,Pitch Perfect,22323.0,872664,739121,3524622,18696,498933,1200147,1538845,177861,1164482,992335,2383462,501744,1534944,588972,12331,626696
498447,499917,Refulgent Arrow,10.0,872664,739121,3524622,18696,498933,1200147,1538845,177861,1164482,992335,2383472,501744,1534944,588972,12331,626696
498447,499917,Burst Shot,25.0,872664,739121,3524647,18696,498933,1200147,1538845,177861,1164482,992335,2383472,501744,1534944,588972,12331,626696
498447,500097,Blast Arrow,132975.0,872664,872096,3524647,18696,498933,1200147,1538845,177861,1164482,992335,2383472,501744,1534944,588972,12331,626696
500937,502097,Resonant Arrow,121668.0,872664,872096,3524647,18696,498933,1200147,1538845,177861,1164482,992335,2383472,623412,1534944,588972,12331,626696
501600,502358,Shot,12816.0,872664,872096,3524647,18696,498933,1200147,1538845,177861,1164482,992335,2383472,623412,1547760,588972,12331,626696
465497,502500,Caustic Bite (dot),2484.0,872664,872096,3524647,18696,501417,1200147,1538845,177861,1164482,992335,2383472,623412,1547760,588972,12331,626696
465497,502500,Stormbite (dot),3106.0,872664,872096,3524647,18696,501417,1200147,1538845,177861,1164482,992335,2383472,623412,1547760,588972,12331,629802
502207,503007,Pitch Perfect,8636.0,872664,872096,3524647,18696,501417,1200147,1538845,177861,1173118,992335,2383472,623412,1547760,588972,12331,629802
501557,503207,Heartbreak Shot,17142.0,872664,872096,3524647,18696,501417,1200147,1555987,177861,1173118,992335,2383472,623412,1547760,588972,12331,629802
503427,504897,Refulgent Arrow,53224.0,872664,872096,3524647,18696,501417,1200147,1555987,177861,1173118,992335,2436696,623412,1547760,588972,12331,629802
503427,505017,Refulgent Arrow,53224.0,872664,872096,3524647,18696,501417,1200147,1555987,177861,1173118,992335,2489920,623412,1547760,588972,12331,629802
503427,505137,Refulgent Arrow,53224.0,872664,872096,3524647,18696,501417,1200147,1555987,177861,1173118,992335,2543144,623412,1547760,588972,12331,629802
504640,505398,Shot,12816.0,872664,872096,3524647,18696,501417,1200147,1555987,177861,1173118,992335,2543144,623412,1560576,588972,12331,629802
465497,505500,Caustic Bite (dot),2484.0,872664,872096,3524647,18696,503901,1200147,1555987,177861,1173118,992335,2543144,623412,1560576,588972,12331,629802
465497,505500,Stormbite (dot),3106.0,872664,872096,3524647,18696,503901,1200147,1555987,177861,1173118,992335,2543144,623412,1560576,588972,12331,632908
505917,506587,Iron Jaws,18161.0,872664,872096,3524647,18696,503901,1200147,1555987,196022,1173118,992335,2543144,623412,1560576,588972,12331,632908
506537,507337,Pitch Perfect,16437.0,872664,872096,3524647,18696,503901,1200147,1555987,196022,1189555,992335,2543144,623412,1560576,588972,12331,632908
507680,508438,Shot,9665.0,872664,872096,3524647,18696,503901,1200147,1555987,196022,1189555,992335,2543144,623412,1570241,588972,12331,632908
505917,508500,Stormbite (dot),4543.0,872664,872096,3524647,18696,503901,1200147,1555987,196022,1189555,992335,2543144,623412,1570241,588972,12331,637451
505917,508500,Caustic Bite (dot),3633.0,872664,872096,3524647,18696,507534,1200147,1555987,196022,1189555,992335,2543144,623412,1570241,588972,12331,637451
509057,509857,Pitch Perfect,14939.0,872664,872096,3524647,18696,507534,1200147,1555987,196022,1204494,992335,2543144,623412,1570241,588972,12331,637451
508407,509877,Refulgent Arrow,18414.0,872664,872096,3524647,18696,507534,1200147,1555987,196022,1204494,992335,2561558,623412,1570241,588972,12331,637451
508407,509877,Burst Shot,12955.0,872664,872096,3537602,18696,507534,1200147,1555987,196022,1204494,992335,2561558,623412,1570241,588972,12331,637451
509057,510707,Heartbreak Shot,7526.0,872664,872096,3537602,18696,507534,1200147,1563513,196022,1204494,992335,2561558,623412,1570241,588972,12331,637451
509707,510737,Empyreal Arrow,32412.0,872664,872096,3537602,18696,507534,1232559,1563513,196022,1204494,992335,2561558,623412,1570241,588972,12331,637451
510720,511478,Shot,8405.0,872664,872096,3537602,18696,507534,1232559,1563513,196022,1204494,992335,2561558,623412,1578646,588972,12331,637451
505917,511500,Stormbite (dot),4543.0,872664,872096,3537602,18696,507534,1232559,1563513,196022,1204494,992335,2561558,623412,1578646,588972,12331,641994
505917,511500,Caustic Bite (dot),3633.0,872664,872096,3537602,18696,511167,1232559,1563513,196022,1204494,992335,2561558,623412,1578646,588972,12331,641994
511547,512347,Pitch Perfect,24018.0,872664,872096,3537602,18696,511167,1232559,1563513,196022,1228512,992335,2561558,623412,1578646,588972,12331,641994
510897,512367,Refulgent Arrow,8648.0,872664,872096,3537602,18696,511167,1232559,1563513,196022,1228512,992335,2570206,623412,1578646,588972,12331,641994
510897,512367,Burst Shot,20628.0,872664,872096,3558230,18696,511167,1232559,1563513,196022,1228512,992335,2570206,623412,1578646,588972,12331,641994
511547,513197,Heartbreak Shot,3665.0,872664,872096,3558230,18696,511167,1232559,1567178,196022,1228512,992335,2570206,623412,1578646,588972,12331,641994
505917,514500,Caustic Bite (dot),3633.0,872664,872096,3558230,18696,514800,1232559,1567178,196022,1228512,992335,2570206,623412,1578646,588972,12331,641994
505917,514500,Stormbite (dot),4543.0,872664,872096,3558230,18696,514800,1232559,1567178,196022,1228512,992335,2570206,623412,1578646,588972,12331,646537
513760,514518,Shot,8405.0,872664,872096,3558230,18696,514800,1232559,1567178,196022,1228512,992335,2570206,623412,1587051,588972,12331,646537
514036,514836,Pitch Perfect,13831.0,872664,872096,3558230,18696,514800,1232559,1567178,196022,1242343,992335,2570206,623412,1587051,588972,12331,646537
513386,514856,Burst Shot,20238.0,872664,872096,3578468,18696,514800,1232559,1567178,196022,1242343,992335,2570206,623412,1587051,588972,12331,646537
513386,514856,Refulgent Arrow,9144.0,872664,872096,3578468,18696,514800,1232559,1567178,196022,1242343,992335,2579350,623412,1587051,588972,12331,646537
515876,517346,Burst Shot,20293.0,872664,872096,3598761,18696,514800,1232559,1567178,196022,1242343,992335,2579350,623412,1587051,588972,12331,646537
515876,517346,Refulgent Arrow,9074.0,872664,872096,3598761,18696,514800,1232559,1567178,196022,1242343,992335,2588424,623412,1587051,588972,12331,646537
505917,517500,Stormbite (dot),4543.0,872664,872096,3598761,18696,514800,1232559,1567178,196022,1242343,992335,2588424,623412,1587051,588972,12331,651080
505917,517500,Caustic Bite (dot),3633.0,872664,872096,3598761,18696,518433,1232559,1567178,196022,1242343,992335,2588424,623412,1587051,588972,12331,651080
516800,517558,Shot,8405.0,872664,872096,3598761,18696,518433,1232559,1567178,196022,1242343,992335,2588424,623412,1595456,588972,12331,651080
517176,517976,Pitch Perfect,4967.0,872664,872096,3598761,18696,518433,1232559,1567178,196022,1247310,992335,2588424,623412,1595456,588972,12331,651080
516526,518176,Heartbreak Shot,11241.0,872664,872096,3598761,18696,518433,1232559,1578419,196022,1247310,992335,2588424,623412,1595456,588972,12331,651080
518366,519836,Burst Shot,20293.0,872664,872096,3619054,18696,518433,1232559,1578419,196022,1247310,992335,2588424,623412,1595456,588972,12331,651080
518366,519836,Refulgent Arrow,9074.0,872664,872096,3619054,18696,518433,1232559,1578419,196022,1247310,992335,2597498,623412,1595456,588972,12331,651080
505917,520500,Stormbite (dot),4543.0,872664,872096,3619054,18696,518433,1232559,1578419,196022,1247310,992335,2597498,623412,1595456,588972,12331,655623
505917,520500,Caustic Bite (dot),3633.0,872664,872096,3619054,18696,522066,1232559,1578419,196022,1247310,992335,2597498,623412,1595456,588972,12331,655623
519840,520598,Shot,8405.0,872664,872096,3619054,18696,522066,1232559,1578419,196022,1247310,992335,2597498,623412,1603861,588972,12331,655623
521507,522307,Pitch Perfect,13723.0,872664,872096,3619054,18696,522066,1232559,1578419,196022,1261033,992335,2597498,623412,1603861,588972,12331,655623
520857,522327,Refulgent Arrow,9053.0,872664,872096,3619054,18696,522066,1232559,1578419,196022,1261033,992335,2606551,623412,1603861,588972,12331,655623
520857,522327,Burst Shot,20310.0,872664,872096,3639364,18696,522066,1232559,1578419,196022,1261033,992335,2606551,623412,1603861,588972,12331,655623
505917,523500,Caustic Bite (dot),3633.0,872664,872096,3639364,18696,525699,1232559,1578419,196022,1261033,992335,2606551,623412,1603861,588972,12331,655623
505917,523500,Stormbite (dot),4543.0,872664,872096,3639364,18696,525699,1232559,1578419,196022,1261033,992335,2606551,623412,1603861,588972,12331,660166
522880,523638,Shot,8405.0,872664,872096,3639364,18696,525699,1232559,1578419,196022,1261033,992335,2606551,623412,1612266,588972,12331,660166
523967,524767,Pitch Perfect,14930.0,872664,872096,3639364,18696,525699,1232559,1578419,196022,1275963,992335,2606551,623412,1612266,588972,12331,660166
523347,524817,Refulgent Arrow,8973.0,872664,872096,3639364,18696,525699,1232559,1578419,196022,1275963,992335,2615524,623412,1612266,588972,12331,660166
523347,524817,Burst Shot,20373.0,872664,872096,3659737,18696,525699,1232559,1578419,196022,1275963,992335,2615524,623412,1612266,588972,12331,660166
524617,525417,Pitch Perfect,4024.0,872664,872096,3659737,18696,525699,1232559,1578419,196022,1279987,992335,2615524,623412,1612266,588972,12331,660166
524617,525417,Pitch Perfect,7566.0,872664,872096,3659737,18696,525699,1232559,1578419,196022,1287553,992335,2615524,623412,1612266,588972,12331,660166
523967,525617,Heartbreak Shot,7465.0,872664,872096,3659737,18696,525699,1232559,1585884,196022,1287553,992335,2615524,623412,1612266,588972,12331,660166
524617,526267,Heartbreak Shot,3726.0,872664,872096,3659737,18696,525699,1232559,1589610,196022,1287553,992335,2615524,623412,1612266,588972,12331,660166
505917,526500,Caustic Bite (dot),3633.0,872664,872096,3659737,18696,529332,1232559,1589610,196022,1287553,992335,2615524,623412,1612266,588972,12331,660166
505917,526500,Stormbite (dot),4543.0,872664,872096,3659737,18696,529332,1232559,1589610,196022,1287553,992335,2615524,623412,1612266,588972,12331,664709
525920,526678,Shot,8399.0,872664,872096,3659737,18696,529332,1232559,1589610,196022,1287553,992335,2615524,623412,1620665,588972,12331,664709
525838,527308,Burst Shot,20271.0,872664,872096,3680008,18696,529332,1232559,1589610,196022,1287553,992335,2615524,623412,1620665,588972,12331,664709
525838,527308,Refulgent Arrow,9079.0,872664,872096,3680008,18696,529332,1232559,1589610,196022,1287553,992335,2624603,623412,1620665,588972,12331,664709
526458,527488,Empyreal Arrow,32390.0,872664,872096,3680008,18696,529332,1264949,1589610,196022,1287553,992335,2624603,623412,1620665,588972,12331,664709
527078,528728,Heartbreak Shot,11233.0,872664,872096,3680008,18696,529332,1264949,1600843,196022,1287553,992335,2624603,623412,1620665,588972,12331,664709
505917,529500,Caustic Bite (dot),3633.0,872664,872096,3680008,18696,532965,1264949,1600843,196022,1287553,992335,2624603,623412,1620665,588972,12331,664709
505917,529500,Stormbite (dot),4543.0,872664,872096,3680008,18696,532965,1264949,1600843,196022,1287553,992335,2624603,623412,1620665,588972,12331,669252
528960,529718,Shot,8399.0,872664,872096,3680008,18696,532965,1264949,1600843,196022,1287553,992335,2624603,623412,1629064,588972,12331,669252
528328,529798,Refulgent Arrow,8925.0,872664,872096,3680008,18696,532965,1264949,1600843,196022,1287553,992335,2633528,623412,1629064,588972,12331,669252
528328,529798,Burst Shot,20392.0,872664,872096,3700400,18696,532965,1264949,1600843,196022,1287553,992335,2633528,623412,1629064,588972,12331,669252
528978,530628,Heartbreak Shot,8951.0,872664,872096,3700400,18696,532965,1264949,1609794,196022,1287553,992335,2633528,623412,1629064,588972,12331,669252
530818,532288,Burst Shot,20216.0,872664,872096,3720616,18696,532965,1264949,1609794,196022,1287553,992335,2633528,623412,1629064,588972,12331,669252
530818,532288,Refulgent Arrow,9148.0,872664,872096,3720616,18696,532965,1264949,1609794,196022,1287553,992335,2642676,623412,1629064,588972,12331,669252
505917,532500,Caustic Bite (dot),3633.0,872664,872096,3720616,18696,536598,1264949,1609794,196022,1287553,992335,2642676,623412,1629064,588972,12331,669252
505917,532500,Stormbite (dot),4543.0,872664,872096,3720616,18696,536598,1264949,1609794,196022,1287553,992335,2642676,623412,1629064,588972,12331,673795
532000,532758,Shot,8399.0,872664,872096,3720616,18696,536598,1264949,1609794,196022,1287553,992335,2642676,623412,1637463,588972,12331,673795
531468,533118,Heartbreak Shot,20163.0,872664,872096,3720616,18696,536598,1264949,1629957,196022,1287553,992335,2642676,623412,1637463,588972,12331,673795
533308,534778,Refulgent Arrow,8904.0,872664,872096,3720616,18696,536598,1264949,1629957,196022,1287553,992335,2651580,623412,1637463,588972,12331,673795
533308,534778,Burst Shot,20408.0,872664,872096,3741024,18696,536598,1264949,1629957,196022,1287553,992335,2651580,623412,1637463,588972,12331,673795
505917,535500,Caustic Bite (dot),3633.0,872664,872096,3741024,18696,540231,1264949,1629957,196022,1287553,992335,2651580,623412,1637463,588972,12331,673795
505917,535500,Stormbite (dot),4543.0,872664,872096,3741024,18696,540231,1264949,1629957,196022,1287553,992335,2651580,623412,1637463,588972,12331,678338
535040,535798,Shot,8399.0,872664,872096,3741024,18696,540231,1264949,1629957,196022,1287553,992335,2651580,623412,1645862,588972,12331,678338
534608,536258,Heartbreak Shot,9010.0,872664,872096,3741024,18696,540231,1264949,1638967,196022,1287553,992335,2651580,623412,1645862,588972,12331,678338
535798,537268,Refulgent Arrow,8855.0,872664,872096,3741024,18696,540231,1264949,1638967,196022,1287553,992335,2660435,623412,1645862,588972,12331,678338
535798,537268,Burst Shot,20447.0,872664,872096,3761471,18696,540231,1264949,1638967,196022,1287553,992335,2660435,623412,1645862,588972,12331,678338
505917,538500,Caustic Bite (dot),3633.0,872664,872096,3761471,18696,543864,1264949,1638967,196022,1287553,992335,2660435,623412,1645862,588972,12331,678338
505917,538500,Stormbite (dot),4543.0,872664,872096,3761471,18696,543864,1264949,1638967,196022,1287553,992335,2660435,623412,1645862,588972,12331,682881
537068,538718,Heartbreak Shot,9023.0,872664,872096,3761471,18696,543864,1264949,1647990,196022,1287553,992335,2660435,623412,1645862,588972,12331,682881
538080,538838,Shot,8399.0,872664,872096,3761471,18696,543864,1264949,1647990,196022,1287553,992335,2660435,623412,1654261,588972,12331,682881
538288,539758,Refulgent Arrow,9183.0,872664,872096,3761471,18696,543864,1264949,1647990,196022,1287553,992335,2669618,623412,1654261,588972,12331,682881
538288,539758,Burst Shot,20189.0,872664,872096,3781660,18696,543864,1264949,1647990,196022,1287553,992335,2669618,623412,1654261,588972,12331,682881
538908,540558,Heartbreak Shot,11283.0,872664,872096,3781660,18696,543864,1264949,1659273,196022,1287553,992335,2669618,623412,1654261,588972,12331,682881
505917,541500,Caustic Bite (dot),3633.0,872664,872096,3781660,18696,547497,1264949,1659273,196022,1287553,992335,2669618,623412,1654261,588972,12331,682881
505917,541500,Stormbite (dot),4543.0,872664,872096,3781660,18696,547497,1264949,1659273,196022,1287553,992335,2669618,623412,1654261,588972,12331,687424
541120,541878,Shot,8399.0,872664,872096,3781660,18696,547497,1264949,1659273,196022,1287553,992335,2669618,623412,1662660,588972,12331,687424
540778,542248,Burst Shot,20384.0,872664,872096,3802044,18696,547497,1264949,1659273,196022,1287553,992335,2669618,623412,1662660,588972,12331,687424
540778,542248,Refulgent Arrow,8936.0,872664,872096,3802044,18696,547497,1264949,1659273,196022,1287553,992335,2678554,623412,1662660,588972,12331,687424
541458,542488,Empyreal Arrow,32390.0,872664,872096,3802044,18696,547497,1297339,1659273,196022,1287553,992335,2678554,623412,1662660,588972,12331,687424
542078,543728,Heartbreak Shot,20219.0,872664,872096,3802044,18696,547497,1297339,1679492,196022,1287553,992335,2678554,623412,1662660,588972,12331,687424
505917,544500,Caustic Bite (dot),3633.0,872664,872096,3802044,18696,551130,1297339,1679492,196022,1287553,992335,2678554,623412,1662660,588972,12331,687424
505917,544500,Stormbite (dot),4543.0,872664,872096,3802044,18696,551130,1297339,1679492,196022,1287553,992335,2678554,623412,1662660,588972,12331,691967
543268,544738,Refulgent Arrow,8946.0,872664,872096,3802044,18696,551130,1297339,1679492,196022,1287553,992335,2687500,623412,1662660,588972,12331,691967
543268,544738,Burst Shot,20375.0,872664,872096,3822419,18696,551130,1297339,1679492,196022,1287553,992335,2687500,623412,1662660,588972,12331,691967
544160,544918,Shot,8399.0,872664,872096,3822419,18696,551130,1297339,1679492,196022,1287553,992335,2687500,623412,1671059,588972,12331,691967
543918,545568,Heartbreak Shot,8877.0,872664,872096,3822419,18696,551130,1297339,1688369,196022,1287553,992335,2687500,623412,1671059,588972,12331,691967
545758,547228,Burst Shot,20233.0,872664,872096,3842652,18696,551130,1297339,1688369,196022,1287553,992335,2687500,623412,1671059,588972,12331,691967
545758,547228,Refulgent Arrow,9127.0,872664,872096,3842652,18696,551130,1297339,1688369,196022,1287553,992335,2696627,623412,1671059,588972,12331,691967
505917,547500,Caustic Bite (dot),3633.0,872664,872096,3842652,18696,554763,1297339,1688369,196022,1287553,992335,2696627,623412,1671059,588972,12331,691967
505917,547500,Stormbite (dot),4543.0,872664,872096,3842652,18696,554763,1297339,1688369,196022,1287553,992335,2696627,623412,1671059,588972,12331,696510
547200,547958,Shot,8399.0,872664,872096,3842652,18696,554763,1297339,1688369,196022,1287553,992335,2696627,623412,1679458,588972,12331,696510
546408,548058,Heartbreak Shot,20252.0,872664,872096,3842652,18696,554763,1297339,1708621,196022,1287553,992335,2696627,623412,1679458,588972,12331,696510
548248,549718,Burst Shot,20208.0,872664,872096,3862860,18696,554763,1297339,1708621,196022,1287553,992335,2696627,623412,1679458,588972,12331,696510
548248,549718,Refulgent Arrow,9159.0,872664,872096,3862860,18696,554763,1297339,1708621,196022,1287553,992335,2705786,623412,1679458,588972,12331,696510
505917,550500,Caustic Bite (dot),3633.0,872664,872096,3862860,18696,558396,1297339,1708621,196022,1287553,992335,2705786,623412,1679458,588972,12331,696510
505917,550500,Stormbite (dot),4543.0,872664,872096,3862860,18696,558396,1297339,1708621,196022,1287553,992335,2705786,623412,1679458,588972,12331,701053
550240,550998,Shot,8399.0,872664,872096,3862860,18696,558396,1297339,1708621,196022,1287553,992335,2705786,623412,1687857,588972,12331,701053
549518,551168,Heartbreak Shot,8902.0,872664,872096,3862860,18696,558396,1297339,1717523,196022,1287553,992335,2705786,623412,1687857,588972,12331,701053
550738,551408,Iron Jaws,12454.0,872664,872096,3862860,18696,558396,1297339,1717523,208476,1287553,992335,2705786,623412,1687857,588972,12331,701053
552423,552953,Sidewinder,49833.0,872664,872096,3862860,18696,558396,1297339,1717523,208476,1287553,992335,2705786,623412,1687857,638805,12331,701053
550738,553500,Stormbite (dot),3115.0,872664,872096,3862860,18696,558396,1297339,1717523,208476,1287553,992335,2705786,623412,1687857,638805,12331,704168
550738,553500,Caustic Bite (dot),2491.0,872664,872096,3862860,18696,560887,1297339,1717523,208476,1287553,992335,2705786,623412,1687857,638805,12331,704168
553280,554038,Shot,8399.0,872664,872096,3862860,18696,560887,1297339,1717523,208476,1287553,992335,2705786,623412,1696256,638805,12331,704168
553228,554698,Burst Shot,13168.0,872664,872096,3876028,18696,560887,1297339,1717523,208476,1287553,992335,2705786,623412,1696256,638805,12331,704168
553228,554698,Refulgent Arrow,18119.0,872664,872096,3876028,18696,560887,1297339,1717523,208476,1287553,992335,2723905,623412,1696256,638805,12331,704168
553878,555528,Heartbreak Shot,20116.0,872664,872096,3876028,18696,560887,1297339,1737639,208476,1287553,992335,2723905,623412,1696256,638805,12331,704168
550738,556500,Caustic Bite (dot),2491.0,872664,872096,3876028,18696,563378,1297339,1737639,208476,1287553,992335,2723905,623412,1696256,638805,12331,704168
550738,556500,Stormbite (dot),3115.0,872664,872096,3876028,18696,563378,1297339,1737639,208476,1287553,992335,2723905,623412,1696256,638805,12331,707283
556320,557078,Shot,8399.0,872664,872096,3876028,18696,563378,1297339,1737639,208476,1287553,992335,2723905,623412,1704655,638805,12331,707283
555718,557188,Burst Shot,20512.0,872664,872096,3896540,18696,563378,1297339,1737639,208476,1287553,992335,2723905,623412,1704655,638805,12331,707283
555718,557188,Refulgent Arrow,8772.0,872664,872096,3896540,18696,563378,1297339,1737639,208476,1287553,992335,2732677,623412,1704655,638805,12331,707283
556338,557988,Heartbreak Shot,8936.0,872664,872096,3896540,18696,563378,1297339,1746575,208476,1287553,992335,2732677,623412,1704655,638805,12331,707283
556958,557988,Empyreal Arrow,32390.0,872664,872096,3896540,18696,563378,1329729,1746575,208476,1287553,992335,2732677,623412,1704655,638805,12331,707283
558208,559278,Apex Arrow,79117.0,951781,872096,3896540,18696,563378,1329729,1746575,208476,1287553,992335,2732677,623412,1704655,638805,12331,707283
558208,559278,Apex Arrow,3910.0,955691,872096,3896540,18696,563378,1329729,1746575,208476,1287553,992335,2732677,623412,1704655,638805,12331,707283
558208,559278,Apex Arrow,2017.0,957708,872096,3896540,18696,563378,1329729,1746575,208476,1287553,992335,2732677,623412,1704655,638805,12331,707283
558208,559278,Apex Arrow,971.0,958679,872096,3896540,18696,563378,1329729,1746575,208476,1287553,992335,2732677,623412,1704655,638805,12331,707283
558208,559278,Apex Arrow,362.0,959041,872096,3896540,18696,563378,1329729,1746575,208476,1287553,992335,2732677,623412,1704655,638805,12331,707283
558208,559278,Apex Arrow,85.0,959126,872096,3896540,18696,563378,1329729,1746575,208476,1287553,992335,2732677,623412,1704655,638805,12331,707283
558208,559278,Apex Arrow,12.0,959138,872096,3896540,18696,563378,1329729,1746575,208476,1287553,992335,2732677,623412,1704655,638805,12331,707283
558208,559278,Apex Arrow,5.0,959143,872096,3896540,18696,563378,1329729,1746575,208476,1287553,992335,2732677,623412,1704655,638805,12331,707283
550738,559500,Caustic Bite (dot),2491.0,959143,872096,3896540,18696,565869,1329729,1746575,208476,1287553,992335,2732677,623412,1704655,638805,12331,707283
550738,559500,Stormbite (dot),3115.0,959143,872096,3896540,18696,565869,1329729,1746575,208476,1287553,992335,2732677,623412,1704655,638805,12331,710398
559360,560118,Shot,8399.0,959143,872096,3896540,18696,565869,1329729,1746575,208476,1287553,992335,2732677,623412,1713054,638805,12331,710398
558828,560478,Heartbreak Shot,20201.0,959143,872096,3896540,18696,565869,1329729,1766776,208476,1287553,992335,2732677,623412,1713054,638805,12331,710398
560698,562168,Refulgent Arrow,10.0,959143,872096,3896540,18696,565869,1329729,1766776,208476,1287553,992335,2732687,623412,1713054,638805,12331,710398
560698,562168,Burst Shot,35.0,959143,872096,3896575,18696,565869,1329729,1766776,208476,1287553,992335,2732687,623412,1713054,638805,12331,710398
560698,562348,Blast Arrow,87071.0,959143,959167,3896575,18696,565869,1329729,1766776,208476,1287553,992335,2732687,623412,1713054,638805,12331,710398
550738,562500,Caustic Bite (dot),2491.0,959143,959167,3896575,18696,568360,1329729,1766776,208476,1287553,992335,2732687,623412,1713054,638805,12331,710398
550738,562500,Stormbite (dot),3115.0,959143,959167,3896575,18696,568360,1329729,1766776,208476,1287553,992335,2732687,623412,1713054,638805,12331,713513
561318,562968,Heartbreak Shot,20129.0,959143,959167,3896575,18696,568360,1329729,1786905,208476,1287553,992335,2732687,623412,1713054,638805,12331,713513
562400,563158,Shot,8374.0,959143,959167,3896575,18696,568360,1329729,1786905,208476,1287553,992335,2732687,623412,1721428,638805,12331,713513
563188,564658,Burst Shot,20009.0,959143,959167,3916584,18696,568360,1329729,1786905,208476,1287553,992335,2732687,623412,1721428,638805,12331,713513
563188,564658,Refulgent Arrow,9309.0,959143,959167,3916584,18696,568360,1329729,1786905,208476,1287553,992335,2741996,623412,1721428,638805,12331,713513
550738,565500,Caustic Bite (dot),2491.0,959143,959167,3916584,18696,570851,1329729,1786905,208476,1287553,992335,2741996,623412,1721428,638805,12331,713513
550738,565500,Stormbite (dot),3115.0,959143,959167,3916584,18696,570851,1329729,1786905,208476,1287553,992335,2741996,623412,1721428,638805,12331,716628
565440,566198,Shot,8374.0,959143,959167,3916584,18696,570851,1329729,1786905,208476,1287553,992335,2741996,623412,1729802,638805,12331,716628
565678,567148,Refulgent Arrow,8902.0,959143,959167,3916584,18696,570851,1329729,1786905,208476,1287553,992335,2750898,623412,1729802,638805,12331,716628
565678,567148,Burst Shot,20328.0,959143,959167,3936912,18696,570851,1329729,1786905,208476,1287553,992335,2750898,623412,1729802,638805,12331,716628
550738,568500,Caustic Bite (dot),2491.0,959143,959167,3936912,18696,573342,1329729,1786905,208476,1287553,992335,2750898,623412,1729802,638805,12331,716628
550738,568500,Stormbite (dot),3115.0,959143,959167,3936912,18696,573342,1329729,1786905,208476,1287553,992335,2750898,623412,1729802,638805,12331,719743
568480,569238,Shot,8374.0,959143,959167,3936912,18696,573342,1329729,1786905,208476,1287553,992335,2750898,623412,1738176,638805,12331,719743
568168,569638,Burst Shot,20279.0,959143,959167,3957191,18696,573342,1329729,1786905,208476,1287553,992335,2750898,623412,1738176,638805,12331,719743
568168,569638,Refulgent Arrow,8964.0,959143,959167,3957191,18696,573342,1329729,1786905,208476,1287553,992335,2759862,623412,1738176,638805,12331,719743
568818,570468,Heartbreak Shot,11043.0,959143,959167,3957191,18696,573342,1329729,1797948,208476,1287553,992335,2759862,623412,1738176,638805,12331,719743
550738,571500,Caustic Bite (dot),2491.0,959143,959167,3957191,18696,575833,1329729,1797948,208476,1287553,992335,2759862,623412,1738176,638805,12331,719743
550738,571500,Stormbite (dot),3115.0,959143,959167,3957191,18696,575833,1329729,1797948,208476,1287553,992335,2759862,623412,1738176,638805,12331,722858
570658,572128,Refulgent Arrow,9128.0,959143,959167,3957191,18696,575833,1329729,1797948,208476,1287553,992335,2768990,623412,1738176,638805,12331,722858
570658,572128,Burst Shot,20151.0,959143,959167,3977342,18696,575833,1329729,1797948,208476,1287553,992335,2768990,623412,1738176,638805,12331,722858
571520,572278,Shot,8374.0,959143,959167,3977342,18696,575833,1329729,1797948,208476,1287553,992335,2768990,623412,1746550,638805,12331,722858
571958,572988,Empyreal Arrow,32293.0,959143,959167,3977342,18696,575833,1362022,1797948,208476,1287553,992335,2768990,623412,1746550,638805,12331,722858
550738,574500,Caustic Bite (dot),2491.0,959143,959167,3977342,18696,578324,1362022,1797948,208476,1287553,992335,2768990,623412,1746550,638805,12331,722858
550738,574500,Stormbite (dot),3115.0,959143,959167,3977342,18696,578324,1362022,1797948,208476,1287553,992335,2768990,623412,1746550,638805,12331,725973
573149,574619,Refulgent Arrow,9124.0,959143,959167,3977342,18696,578324,1362022,1797948,208476,1287553,992335,2778114,623412,1746550,638805,12331,725973
573149,574619,Burst Shot,20153.0,959143,959167,3997495,18696,578324,1362022,1797948,208476,1287553,992335,2778114,623412,1746550,638805,12331,725973
574560,575318,Shot,8374.0,959143,959167,3997495,18696,578324,1362022,1797948,208476,1287553,992335,2778114,623412,1754924,638805,12331,725973
575539,577009,Refulgent Arrow,9225.0,959143,959167,3997495,18696,578324,1362022,1797948,208476,1287553,992335,2787339,623412,1754924,638805,12331,725973
575539,577009,Burst Shot,20074.0,959143,959167,4017569,18696,578324,1362022,1797948,208476,1287553,992335,2787339,623412,1754924,638805,12331,725973
550738,577500,Stormbite (dot),3115.0,959143,959167,4017569,18696,578324,1362022,1797948,208476,1287553,992335,2787339,623412,1754924,638805,12331,729088
550738,577500,Caustic Bite (dot),2491.0,959143,959167,4017569,18696,580815,1362022,1797948,208476,1287553,992335,2787339,623412,1754924,638805,12331,729088
576189,577839,Heartbreak Shot,11307.0,959143,959167,4017569,18696,580815,1362022,1809255,208476,1287553,992335,2787339,623412,1754924,638805,12331,729088
577600,578358,Shot,8374.0,959143,959167,4017569,18696,580815,1362022,1809255,208476,1287553,992335,2787339,623412,1763298,638805,12331,729088
577829,579299,Refulgent Arrow,8954.0,959143,959167,4017569,18696,580815,1362022,1809255,208476,1287553,992335,2796293,623412,1763298,638805,12331,729088
577829,579299,Burst Shot,20287.0,959143,959167,4037856,18696,580815,1362022,1809255,208476,1287553,992335,2796293,623412,1763298,638805,12331,729088
550738,580500,Stormbite (dot),3115.0,959143,959167,4037856,18696,580815,1362022,1809255,208476,1287553,992335,2796293,623412,1763298,638805,12331,732203
550738,580500,Caustic Bite (dot),2491.0,959143,959167,4037856,18696,583306,1362022,1809255,208476,1287553,992335,2796293,623412,1763298,638805,12331,732203
580640,581398,Shot,8374.0,959143,959167,4037856,18696,583306,1362022,1809255,208476,1287553,992335,2796293,623412,1771672,638805,12331,732203
580019,581489,Refulgent Arrow,9020.0,959143,959167,4037856,18696,583306,1362022,1809255,208476,1287553,992335,2805313,623412,1771672,638805,12331,732203
580019,581489,Burst Shot,20235.0,959143,959167,4058091,18696,583306,1362022,1809255,208476,1287553,992335,2805313,623412,1771672,638805,12331,732203
550738,583500,Caustic Bite (dot),2491.0,959143,959167,4058091,18696,585797,1362022,1809255,208476,1287553,992335,2805313,623412,1771672,638805,12331,732203
550738,583500,Stormbite (dot),3115.0,959143,959167,4058091,18696,585797,1362022,1809255,208476,1287553,992335,2805313,623412,1771672,638805,12331,735318
582209,583679,Burst Shot,20334.0,959143,959167,4078425,18696,585797,1362022,1809255,208476,1287553,992335,2805313,623412,1771672,638805,12331,735318
582209,583679,Refulgent Arrow,8895.0,959143,959167,4078425,18696,585797,1362022,1809255,208476,1287553,992335,2814208,623412,1771672,638805,12331,735318
583680,584438,Shot,8374.0,959143,959167,4078425,18696,585797,1362022,1809255,208476,1287553,992335,2814208,623412,1780046,638805,12331,735318
584399,585869,Burst Shot,20058.0,959143,959167,4098483,18696,585797,1362022,1809255,208476,1287553,992335,2814208,623412,1780046,638805,12331,735318
584399,585869,Refulgent Arrow,9246.0,959143,959167,4098483,18696,585797,1362022,1809255,208476,1287553,992335,2823454,623412,1780046,638805,12331,735318
550738,586500,Stormbite (dot),3115.0,959143,959167,4098483,18696,585797,1362022,1809255,208476,1287553,992335,2823454,623412,1780046,638805,12331,738433
550738,586500,Caustic Bite (dot),2491.0,959143,959167,4098483,18696,588288,1362022,1809255,208476,1287553,992335,2823454,623412,1780046,638805,12331,738433
586720,587478,Shot,8374.0,959143,959167,4098483,18696,588288,1362022,1809255,208476,1287553,992335,2823454,623412,1788420,638805,12331,738433
586489,587959,Burst Shot,20533.0,959143,959167,4119016,18696,588288,1362022,1809255,208476,1287553,992335,2823454,623412,1788420,638805,12331,738433
586489,587959,Refulgent Arrow,8641.0,959143,959167,4119016,18696,588288,1362022,1809255,208476,1287553,992335,2832095,623412,1788420,638805,12331,738433
587109,588139,Empyreal Arrow,32293.0,959143,959167,4119016,18696,588288,1394315,1809255,208476,1287553,992335,2832095,623412,1788420,638805,12331,738433
588579,589249,Iron Jaws,12417.0,959143,959167,4119016,18696,588288,1394315,1809255,220893,1287553,992335,2832095,623412,1788420,638805,12331,738433
588579,589500,Caustic Bite (dot),2484.0,959143,959167,4119016,18696,590772,1394315,1809255,220893,1287553,992335,2832095,623412,1788420,638805,12331,738433
588579,589500,Stormbite (dot),3106.0,959143,959167,4119016,18696,590772,1394315,1809255,220893,1287553,992335,2832095,623412,1788420,638805,12331,741539
589760,590518,Shot,8374.0,959143,959167,4119016,18696,590772,1394315,1809255,220893,1287553,992335,2832095,623412,1796794,638805,12331,741539
590669,592139,Refulgent Arrow,18201.0,959143,959167,4119016,18696,590772,1394315,1809255,220893,1287553,992335,2850296,623412,1796794,638805,12331,741539
590669,592139,Burst Shot,13022.0,959143,959167,4132038,18696,590772,1394315,1809255,220893,1287553,992335,2850296,623412,1796794,638805,12331,741539
588579,592500,Stormbite (dot),3106.0,959143,959167,4132038,18696,590772,1394315,1809255,220893,1287553,992335,2850296,623412,1796794,638805,12331,744645
588579,592500,Caustic Bite (dot),2484.0,959143,959167,4132038,18696,593256,1394315,1809255,220893,1287553,992335,2850296,623412,1796794,638805,12331,744645
592800,593558,Shot,8374.0,959143,959167,4132038,18696,593256,1394315,1809255,220893,1287553,992335,2850296,623412,1805168,638805,12331,744645
592759,594229,Refulgent Arrow,9152.0,959143,959167,4132038,18696,593256,1394315,1809255,220893,1287553,992335,2859448,623412,1805168,638805,12331,744645
592759,594229,Burst Shot,20131.0,959143,959167,4152169,18696,593256,1394315,1809255,220893,1287553,992335,2859448,623412,1805168,638805,12331,744645
588579,595500,Caustic Bite (dot),2484.0,959143,959167,4152169,18696,595740,1394315,1809255,220893,1287553,992335,2859448,623412,1805168,638805,12331,744645
588579,595500,Stormbite (dot),3106.0,959143,959167,4152169,18696,595740,1394315,1809255,220893,1287553,992335,2859448,623412,1805168,638805,12331,747751
594849,596319,Burst Shot,20312.0,959143,959167,4172481,18696,595740,1394315,1809255,220893,1287553,992335,2859448,623412,1805168,638805,12331,747751
594849,596319,Refulgent Arrow,8923.0,959143,959167,4172481,18696,595740,1394315,1809255,220893,1287553,992335,2868371,623412,1805168,638805,12331,747751
595840,596598,Shot,8374.0,959143,959167,4172481,18696,595740,1394315,1809255,220893,1287553,992335,2868371,623412,1813542,638805,12331,747751
596939,598409,Refulgent Arrow,9399.0,959143,959167,4172481,18696,595740,1394315,1809255,220893,1287553,992335,2877770,623412,1813542,638805,12331,747751
596939,598409,Burst Shot,19937.0,959143,959167,4192418,18696,595740,1394315,1809255,220893,1287553,992335,2877770,623412,1813542,638805,12331,747751
588579,598500,Caustic Bite (dot),2484.0,959143,959167,4192418,18696,598224,1394315,1809255,220893,1287553,992335,2877770,623412,1813542,638805,12331,747751
588579,598500,Stormbite (dot),3106.0,959143,959167,4192418,18696,598224,1394315,1809255,220893,1287553,992335,2877770,623412,1813542,638805,12331,750857
598880,599638,Shot,8374.0,959143,959167,4192418,18696,598224,1394315,1809255,220893,1287553,992335,2877770,623412,1821916,638805,12331,750857
599029,600499,Refulgent Arrow,9117.0,959143,959167,4192418,18696,598224,1394315,1809255,220893,1287553,992335,2886887,623412,1821916,638805,12331,750857
599029,600499,Burst Shot,20159.0,959143,959167,4212577,18696,598224,1394315,1809255,220893,1287553,992335,2886887,623412,1821916,638805,12331,750857
588579,601500,Caustic Bite (dot),2484.0,959143,959167,4212577,18696,600708,1394315,1809255,220893,1287553,992335,2886887,623412,1821916,638805,12331,750857
588579,601500,Stormbite (dot),3106.0,959143,959167,4212577,18696,600708,1394315,1809255,220893,1287553,992335,2886887,623412,1821916,638805,12331,753963
601119,602589,Refulgent Arrow,8839.0,959143,959167,4212577,18696,600708,1394315,1809255,220893,1287553,992335,2895726,623412,1821916,638805,12331,753963
601119,602589,Burst Shot,20377.0,959143,959167,4232954,18696,600708,1394315,1809255,220893,1287553,992335,2895726,623412,1821916,638805,12331,753963
601920,602678,Shot,8405.0,959143,959167,4232954,18696,600708,1394315,1809255,220893,1287553,992335,2895726,623412,1830321,638805,12331,753963
602359,603389,Empyreal Arrow,32412.0,959143,959167,4232954,18696,600708,1426727,1809255,220893,1287553,992335,2895726,623412,1830321,638805,12331,753963
588579,604500,Stormbite (dot),3106.0,959143,959167,4232954,18696,600708,1426727,1809255,220893,1287553,992335,2895726,623412,1830321,638805,12331,757069
588579,604500,Caustic Bite (dot),2484.0,959143,959167,4232954,18696,603192,1426727,1809255,220893,1287553,992335,2895726,623412,1830321,638805,12331,757069
603209,604679,Burst Shot,20260.0,959143,959167,4253214,18696,603192,1426727,1809255,220893,1287553,992335,2895726,623412,1830321,638805,12331,757069
603209,604679,Refulgent Arrow,9116.0,959143,959167,4253214,18696,603192,1426727,1809255,220893,1287553,992335,2904842,623412,1830321,638805,12331,757069
604960,605718,Shot,8405.0,959143,959167,4253214,18696,603192,1426727,1809255,220893,1287553,992335,2904842,623412,1838726,638805,12331,757069
605399,606869,Refulgent Arrow,8687.0,959143,959167,4253214,18696,603192,1426727,1809255,220893,1287553,992335,2913529,623412,1838726,638805,12331,757069
605399,606869,Burst Shot,20598.0,959143,959167,4273812,18696,603192,1426727,1809255,220893,1287553,992335,2913529,623412,1838726,638805,12331,757069
588579,607500,Caustic Bite (dot),2484.0,959143,959167,4273812,18696,605676,1426727,1809255,220893,1287553,992335,2913529,623412,1838726,638805,12331,757069
588579,607500,Stormbite (dot),3106.0,959143,959167,4273812,18696,605676,1426727,1809255,220893,1287553,992335,2913529,623412,1838726,638805,12331,760175
608000,608758,Shot,11145.0,959143,959167,4273812,18696,605676,1426727,1809255,220893,1287553,992335,2913529,623412,1849871,638805,12331,760175
607589,609059,Burst Shot,27084.0,959143,959167,4300896,18696,605676,1426727,1809255,220893,1287553,992335,2913529,623412,1849871,638805,12331,760175
607589,609059,Refulgent Arrow,11811.0,959143,959167,4300896,18696,605676,1426727,1809255,220893,1287553,992335,2925340,623412,1849871,638805,12331,760175
608829,609629,Pitch Perfect,44086.0,959143,959167,4300896,18696,605676,1426727,1809255,220893,1331639,992335,2925340,623412,1849871,638805,12331,760175
608829,610479,Heartbreak Shot,12172.0,959143,959167,4300896,18696,605676,1426727,1821427,220893,1331639,992335,2925340,623412,1849871,638805,12331,760175
588579,610500,Stormbite (dot),3106.0,959143,959167,4300896,18696,605676,1426727,1821427,220893,1331639,992335,2925340,623412,1849871,638805,12331,763281
588579,610500,Caustic Bite (dot),2484.0,959143,959167,4300896,18696,608160,1426727,1821427,220893,1331639,992335,2925340,623412,1849871,638805,12331,763281
609779,611739,Radiant Encore,209129.0,959143,959167,4300896,18696,608160,1426727,1821427,220893,1331639,1201464,2925340,623412,1849871,638805,12331,763281
611040,611798,Shot,12816.0,959143,959167,4300896,18696,608160,1426727,1821427,220893,1331639,1201464,2925340,623412,1862687,638805,12331,763281
611019,611819,Pitch Perfect,17451.0,959143,959167,4300896,18696,608160,1426727,1821427,220893,1349090,1201464,2925340,623412,1862687,638805,12331,763281
610399,612049,Heartbreak Shot,34210.0,959143,959167,4300896,18696,608160,1426727,1855637,220893,1349090,1201464,2925340,623412,1862687,638805,12331,763281
611019,612669,Heartbreak Shot,22038.0,959143,959167,4300896,18696,608160,1426727,1877675,220893,1349090,1201464,2925340,623412,1862687,638805,12331,763281
612589,613119,Sidewinder,76044.0,959143,959167,4300896,18696,608160,1426727,1877675,220893,1349090,1201464,2925340,623412,1862687,714849,12331,763281
611969,613439,Refulgent Arrow,13912.0,959143,959167,4300896,18696,608160,1426727,1877675,220893,1349090,1201464,2939252,623412,1862687,714849,12331,763281
611969,613439,Burst Shot,30888.0,959143,959167,4331784,18696,608160,1426727,1877675,220893,1349090,1201464,2939252,623412,1862687,714849,12331,763281
588579,613500,Caustic Bite (dot),2484.0,959143,959167,4331784,18696,610644,1426727,1877675,220893,1349090,1201464,2939252,623412,1862687,714849,12331,763281
588579,613500,Stormbite (dot),3106.0,959143,959167,4331784,18696,610644,1426727,1877675,220893,1349090,1201464,2939252,623412,1862687,714849,12331,766387
614080,614838,Shot,12816.0,959143,959167,4331784,18696,610644,1426727,1877675,220893,1349090,1201464,2939252,623412,1875503,714849,12331,766387
615109,615909,Pitch Perfect,5112.0,959143,959167,4331784,18696,610644,1426727,1877675,220893,1354202,1201464,2939252,623412,1875503,714849,12331,766387
614459,615929,Burst Shot,31051.0,959143,959167,4362835,18696,610644,1426727,1877675,220893,1354202,1201464,2939252,623412,1875503,714849,12331,766387
614459,615929,Refulgent Arrow,13705.0,959143,959167,4362835,18696,610644,1426727,1877675,220893,1354202,1201464,2952957,623412,1875503,714849,12331,766387
588579,616500,Stormbite (dot),3106.0,959143,959167,4362835,18696,610644,1426727,1877675,220893,1354202,1201464,2952957,623412,1875503,714849,12331,769493
588579,616500,Caustic Bite (dot),2484.0,959143,959167,4362835,18696,613128,1426727,1877675,220893,1354202,1201464,2952957,623412,1875503,714849,12331,769493
615759,616559,Pitch Perfect,18354.0,959143,959167,4362835,18696,613128,1426727,1877675,220893,1372556,1201464,2952957,623412,1875503,714849,12331,769493
615109,616759,Heartbreak Shot,15603.0,959143,959167,4362835,18696,613128,1426727,1893278,220893,1372556,1201464,2952957,623412,1875503,714849,12331,769493
615759,617409,Heartbreak Shot,1299.0,959143,959167,4362835,18696,613128,1426727,1894577,220893,1372556,1201464,2952957,623412,1875503,714849,12331,769493
617120,617878,Shot,12816.0,959143,959167,4362835,18696,613128,1426727,1894577,220893,1372556,1201464,2952957,623412,1888319,714849,12331,769493
616949,618419,Burst Shot,31084.0,959143,959167,4393919,18696,613128,1426727,1894577,220893,1372556,1201464,2952957,623412,1888319,714849,12331,769493
616949,618419,Refulgent Arrow,13662.0,959143,959167,4393919,18696,613128,1426727,1894577,220893,1372556,1201464,2966619,623412,1888319,714849,12331,769493
617569,618599,Empyreal Arrow,49427.0,959143,959167,4393919,18696,613128,1476154,1894577,220893,1372556,1201464,2966619,623412,1888319,714849,12331,769493
588579,619500,Stormbite (dot),3106.0,959143,959167,4393919,18696,613128,1476154,1894577,220893,1372556,1201464,2966619,623412,1888319,714849,12331,772599
588579,619500,Caustic Bite (dot),2484.0,959143,959167,4393919,18696,615612,1476154,1894577,220893,1372556,1201464,2966619,623412,1888319,714849,12331,772599
619439,620509,Apex Arrow,4754.0,963897,959167,4393919,18696,615612,1476154,1894577,220893,1372556,1201464,2966619,623412,1888319,714849,12331,772599
619439,620509,Apex Arrow,130.0,964027,959167,4393919,18696,615612,1476154,1894577,220893,1372556,1201464,2966619,623412,1888319,714849,12331,772599
619439,620509,Apex Arrow,279.0,964306,959167,4393919,18696,615612,1476154,1894577,220893,1372556,1201464,2966619,623412,1888319,714849,12331,772599
619439,620509,Apex Arrow,1128.0,965434,959167,4393919,18696,615612,1476154,1894577,220893,1372556,1201464,2966619,623412,1888319,714849,12331,772599
619439,620509,Apex Arrow,8167.0,973601,959167,4393919,18696,615612,1476154,1894577,220893,1372556,1201464,2966619,623412,1888319,714849,12331,772599
619439,620509,Apex Arrow,114184.0,1087785,959167,4393919,18696,615612,1476154,1894577,220893,1372556,1201464,2966619,623412,1888319,714849,12331,772599
619439,620509,Apex Arrow,2556.0,1090341,959167,4393919,18696,615612,1476154,1894577,220893,1372556,1201464,2966619,623412,1888319,714849,12331,772599
619439,620509,Apex Arrow,25.0,1090366,959167,4393919,18696,615612,1476154,1894577,220893,1372556,1201464,2966619,623412,1888319,714849,12331,772599
620059,620859,Pitch Perfect,52681.0,1090366,959167,4393919,18696,615612,1476154,1894577,220893,1425237,1201464,2966619,623412,1888319,714849,12331,772599
620160,620918,Shot,12816.0,1090366,959167,4393919,18696,615612,1476154,1894577,220893,1425237,1201464,2966619,623412,1901135,714849,12331,772599
588579,622500,Stormbite (dot),3106.0,1090366,959167,4393919,18696,615612,1476154,1894577,220893,1425237,1201464,2966619,623412,1901135,714849,12331,775705
588579,622500,Caustic Bite (dot),2484.0,1090366,959167,4393919,18696,618096,1476154,1894577,220893,1425237,1201464,2966619,623412,1901135,714849,12331,775705
621929,623399,Burst Shot,142.0,1090366,959167,4394061,18696,618096,1476154,1894577,220893,1425237,1201464,2966619,623412,1901135,714849,12331,775705
621929,623399,Refulgent Arrow,58.0,1090366,959167,4394061,18696,618096,1476154,1894577,220893,1425237,1201464,2966677,623412,1901135,714849,12331,775705
621929,623579,Blast Arrow,132482.0,1090366,1091649,4394061,18696,618096,1476154,1894577,220893,1425237,1201464,2966677,623412,1901135,714849,12331,775705
623200,623958,Shot,12816.0,1090366,1091649,4394061,18696,618096,1476154,1894577,220893,1425237,1201464,2966677,623412,1913951,714849,12331,775705
623229,624029,Pitch Perfect,11456.0,1090366,1091649,4394061,18696,618096,1476154,1894577,220893,1436693,1201464,2966677,623412,1913951,714849,12331,775705
622579,624229,Heartbreak Shot,17307.0,1090366,1091649,4394061,18696,618096,1476154,1911884,220893,1436693,1201464,2966677,623412,1913951,714849,12331,775705
588579,625500,Stormbite (dot),3106.0,1090366,1091649,4394061,18696,618096,1476154,1911884,220893,1436693,1201464,2966677,623412,1913951,714849,12331,778811
588579,625500,Caustic Bite (dot),2484.0,1090366,1091649,4394061,18696,620580,1476154,1911884,220893,1436693,1201464,2966677,623412,1913951,714849,12331,778811
624419,625579,Resonant Arrow,121668.0,1090366,1091649,4394061,18696,620580,1476154,1911884,220893,1436693,1201464,2966677,745080,1913951,714849,12331,778811
626240,626998,Shot,11819.0,1090366,1091649,4394061,18696,620580,1476154,1911884,220893,1436693,1201464,2966677,745080,1925770,714849,12331,778811
627559,628359,Pitch Perfect,2441.0,1090366,1091649,4394061,18696,620580,1476154,1911884,220893,1439134,1201464,2966677,745080,1925770,714849,12331,778811
626909,628379,Refulgent Arrow,44673.0,1090366,1091649,4394061,18696,620580,1476154,1911884,220893,1439134,1201464,3011350,745080,1925770,714849,12331,778811
626909,628499,Refulgent Arrow,44673.0,1090366,1091649,4394061,18696,620580,1476154,1911884,220893,1439134,1201464,3056023,745080,1925770,714849,12331,778811
588579,628500,Caustic Bite (dot),2484.0,1090366,1091649,4394061,18696,623064,1476154,1911884,220893,1439134,1201464,3056023,745080,1925770,714849,12331,778811
588579,628500,Stormbite (dot),3106.0,1090366,1091649,4394061,18696,623064,1476154,1911884,220893,1439134,1201464,3056023,745080,1925770,714849,12331,781917
626909,628619,Refulgent Arrow,44673.0,1090366,1091649,4394061,18696,623064,1476154,1911884,220893,1439134,1201464,3100696,745080,1925770,714849,12331,781917
629280,630038,Shot,8405.0,1090366,1091649,4394061,18696,623064,1476154,1911884,220893,1439134,1201464,3100696,745080,1934175,714849,12331,781917
629399,630069,Iron Jaws,12462.0,1090366,1091649,4394061,18696,623064,1476154,1911884,233355,1439134,1201464,3100696,745080,1934175,714849,12331,781917
630019,630819,Pitch Perfect,18053.0,1090366,1091649,4394061,18696,623064,1476154,1911884,233355,1457187,1201464,3100696,745080,1934175,714849,12331,781917
629399,631500,Caustic Bite (dot),2493.0,1090366,1091649,4394061,18696,625557,1476154,1911884,233355,1457187,1201464,3100696,745080,1934175,714849,12331,781917
629399,631500,Stormbite (dot),3118.0,1090366,1091649,4394061,18696,625557,1476154,1911884,233355,1457187,1201464,3100696,745080,1934175,714849,12331,785035
630019,631669,Heartbreak Shot,6613.0,1090366,1091649,4394061,18696,625557,1476154,1918497,233355,1457187,1201464,3100696,745080,1934175,714849,12331,785035
630639,632289,Heartbreak Shot,4471.0,1090366,1091649,4394061,18696,625557,1476154,1922968,233355,1457187,1201464,3100696,745080,1934175,714849,12331,785035
632320,633078,Shot,8405.0,1090366,1091649,4394061,18696,625557,1476154,1922968,233355,1457187,1201464,3100696,745080,1942580,714849,12331,785035
631889,633359,Refulgent Arrow,18020.0,1090366,1091649,4394061,18696,625557,1476154,1922968,233355,1457187,1201464,3118716,745080,1942580,714849,12331,785035
631889,633359,Burst Shot,13264.0,1090366,1091649,4407325,18696,625557,1476154,1922968,233355,1457187,1201464,3118716,745080,1942580,714849,12331,785035
632569,633599,Empyreal Arrow,32412.0,1090366,1091649,4407325,18696,625557,1508566,1922968,233355,1457187,1201464,3118716,745080,1942580,714849,12331,785035
633219,634019,Pitch Perfect,24211.0,1090366,1091649,4407325,18696,625557,1508566,1922968,233355,1481398,1201464,3118716,745080,1942580,714849,12331,785035
629399,634500,Caustic Bite (dot),2493.0,1090366,1091649,4407325,18696,628050,1508566,1922968,233355,1481398,1201464,3118716,745080,1942580,714849,12331,785035
629399,634500,Stormbite (dot),3118.0,1090366,1091649,4407325,18696,628050,1508566,1922968,233355,1481398,1201464,3118716,745080,1942580,714849,12331,788153
634999,635799,Pitch Perfect,13472.0,1090366,1091649,4407325,18696,628050,1508566,1922968,233355,1494870,1201464,3118716,745080,1942580,714849,12331,788153
634379,635849,Burst Shot,20280.0,1090366,1091649,4427605,18696,628050,1508566,1922968,233355,1494870,1201464,3118716,745080,1942580,714849,12331,788153
634379,635849,Refulgent Arrow,9092.0,1090366,1091649,4427605,18696,628050,1508566,1922968,233355,1494870,1201464,3127808,745080,1942580,714849,12331,788153
635360,636118,Shot,8405.0,1090366,1091649,4427605,18696,628050,1508566,1922968,233355,1494870,1201464,3127808,745080,1950985,714849,12331,788153
629399,637500,Caustic Bite (dot),2493.0,1090366,1091649,4427605,18696,630543,1508566,1922968,233355,1494870,1201464,3127808,745080,1950985,714849,12331,788153
629399,637500,Stormbite (dot),3118.0,1090366,1091649,4427605,18696,630543,1508566,1922968,233355,1494870,1201464,3127808,745080,1950985,714849,12331,791271
636869,638339,Burst Shot,20222.0,1090366,1091649,4447827,18696,630543,1508566,1922968,233355,1494870,1201464,3127808,745080,1950985,714849,12331,791271
636869,638339,Refulgent Arrow,9165.0,1090366,1091649,4447827,18696,630543,1508566,1922968,233355,1494870,1201464,3136973,745080,1950985,714849,12331,791271
638169,638969,Pitch Perfect,5317.0,1090366,1091649,4447827,18696,630543,1508566,1922968,233355,1500187,1201464,3136973,745080,1950985,714849,12331,791271
638400,639158,Shot,8405.0,1090366,1091649,4447827,18696,630543,1508566,1922968,233355,1500187,1201464,3136973,745080,1959390,714849,12331,791271
637519,639169,Heartbreak Shot,11349.0,1090366,1091649,4447827,18696,630543,1508566,1934317,233355,1500187,1201464,3136973,745080,1959390,714849,12331,791271
629399,640500,Caustic Bite (dot),2493.0,1090366,1091649,4447827,18696,633036,1508566,1934317,233355,1500187,1201464,3136973,745080,1959390,714849,12331,791271
629399,640500,Stormbite (dot),3118.0,1090366,1091649,4447827,18696,633036,1508566,1934317,233355,1500187,1201464,3136973,745080,1959390,714849,12331,794389
639359,640829,Burst Shot,20403.0,1090366,1091649,4468230,18696,633036,1508566,1934317,233355,1500187,1201464,3136973,745080,1959390,714849,12331,794389
639359,640829,Refulgent Arrow,8935.0,1090366,1091649,4468230,18696,633036,1508566,1934317,233355,1500187,1201464,3145908,745080,1959390,714849,12331,794389
641440,642198,Shot,8405.0,1090366,1091649,4468230,18696,633036,1508566,1934317,233355,1500187,1201464,3145908,745080,1967795,714849,12331,794389
642499,643299,Pitch Perfect,13929.0,1090366,1091649,4468230,18696,633036,1508566,1934317,233355,1514116,1201464,3145908,745080,1967795,714849,12331,794389
641849,643319,Refulgent Arrow,9315.0,1090366,1091649,4468230,18696,633036,1508566,1934317,233355,1514116,1201464,3155223,745080,1967795,714849,12331,794389
641849,643319,Burst Shot,20104.0,1090366,1091649,4488334,18696,633036,1508566,1934317,233355,1514116,1201464,3155223,745080,1967795,714849,12331,794389
629399,643500,Caustic Bite (dot),2493.0,1090366,1091649,4488334,18696,635529,1508566,1934317,233355,1514116,1201464,3155223,745080,1967795,714849,12331,794389
629399,643500,Stormbite (dot),3118.0,1090366,1091649,4488334,18696,635529,1508566,1934317,233355,1514116,1201464,3155223,745080,1967795,714849,12331,797507
644480,645238,Shot,8405.0,1090366,1091649,4488334,18696,635529,1508566,1934317,233355,1514116,1201464,3155223,745080,1976200,714849,12331,797507
644959,645759,Pitch Perfect,14544.0,1090366,1091649,4488334,18696,635529,1508566,1934317,233355,1528660,1201464,3155223,745080,1976200,714849,12331,797507
644959,645759,Pitch Perfect,4014.0,1090366,1091649,4488334,18696,635529,1508566,1934317,233355,1532674,1201464,3155223,745080,1976200,714849,12331,797507
644959,645759,Pitch Perfect,7771.0,1090366,1091649,4488334,18696,635529,1508566,1934317,233355,1540445,1201464,3155223,745080,1976200,714849,12331,797507
644339,645809,Burst Shot,20356.0,1090366,1091649,4508690,18696,635529,1508566,1934317,233355,1540445,1201464,3155223,745080,1976200,714849,12331,797507
644339,645809,Refulgent Arrow,8994.0,1090366,1091649,4508690,18696,635529,1508566,1934317,233355,1540445,1201464,3164217,745080,1976200,714849,12331,797507
629399,646500,Caustic Bite (dot),2493.0,1090366,1091649,4508690,18696,638022,1508566,1934317,233355,1540445,1201464,3164217,745080,1976200,714849,12331,797507
629399,646500,Stormbite (dot),3118.0,1090366,1091649,4508690,18696,638022,1508566,1934317,233355,1540445,1201464,3164217,745080,1976200,714849,12331,800625
644959,646609,Heartbreak Shot,771.0,1090366,1091649,4508690,18696,638022,1508566,1935088,233355,1540445,1201464,3164217,745080,1976200,714849,12331,800625
645609,647259,Heartbreak Shot,10305.0,1090366,1091649,4508690,18696,638022,1508566,1945393,233355,1540445,1201464,3164217,745080,1976200,714849,12331,800625
647520,648278,Shot,8399.0,1090366,1091649,4508690,18696,638022,1508566,1945393,233355,1540445,1201464,3164217,745080,1984599,714849,12331,800625
646829,648299,Burst Shot,20299.0,1090366,1091649,4528989,18696,638022,1508566,1945393,233355,1540445,1201464,3164217,745080,1984599,714849,12331,800625
646829,648299,Refulgent Arrow,9044.0,1090366,1091649,4528989,18696,638022,1508566,1945393,233355,1540445,1201464,3173261,745080,1984599,714849,12331,800625
647569,648599,Empyreal Arrow,32390.0,1090366,1091649,4528989,18696,638022,1540956,1945393,233355,1540445,1201464,3173261,745080,1984599,714849,12331,800625
629399,649500,Stormbite (dot),3118.0,1090366,1091649,4528989,18696,638022,1540956,1945393,233355,1540445,1201464,3173261,745080,1984599,714849,12331,803743
629399,649500,Caustic Bite (dot),2493.0,1090366,1091649,4528989,18696,640515,1540956,1945393,233355,1540445,1201464,3173261,745080,1984599,714849,12331,803743
648189,649839,Heartbreak Shot,11341.0,1090366,1091649,4528989,18696,640515,1540956,1956734,233355,1540445,1201464,3173261,745080,1984599,714849,12331,803743
649320,650790,Burst Shot,20392.0,1090366,1091649,4549381,18696,640515,1540956,1956734,233355,1540445,1201464,3173261,745080,1984599,714849,12331,803743
649320,650790,Refulgent Arrow,8925.0,1090366,1091649,4549381,18696,640515,1540956,1956734,233355,1540445,1201464,3182186,745080,1984599,714849,12331,803743
650560,651318,Shot,8399.0,1090366,1091649,4549381,18696,640515,1540956,1956734,233355,1540445,1201464,3182186,745080,1992998,714849,12331,803743
649940,651590,Heartbreak Shot,8805.0,1090366,1091649,4549381,18696,640515,1540956,1965539,233355,1540445,1201464,3182186,745080,1992998,714849,12331,803743
629399,652500,Caustic Bite (dot),2493.0,1090366,1091649,4549381,18696,643008,1540956,1965539,233355,1540445,1201464,3182186,745080,1992998,714849,12331,803743
629399,652500,Stormbite (dot),3118.0,1090366,1091649,4549381,18696,643008,1540956,1965539,233355,1540445,1201464,3182186,745080,1992998,714849,12331,806861
651810,653280,Burst Shot,20403.0,1090366,1091649,4569784,18696,643008,1540956,1965539,233355,1540445,1201464,3182186,745080,1992998,714849,12331,806861
651810,653280,Refulgent Arrow,8911.0,1090366,1091649,4569784,18696,643008,1540956,1965539,233355,1540445,1201464,3191097,745080,1992998,714849,12331,806861
652460,654110,Heartbreak Shot,20225.0,1090366,1091649,4569784,18696,643008,1540956,1985764,233355,1540445,1201464,3191097,745080,1992998,714849,12331,806861
653600,654358,Shot,8399.0,1090366,1091649,4569784,18696,643008,1540956,1985764,233355,1540445,1201464,3191097,745080,2001397,714849,12331,806861
629399,655500,Stormbite (dot),3118.0,1090366,1091649,4569784,18696,643008,1540956,1985764,233355,1540445,1201464,3191097,745080,2001397,714849,12331,809979
629399,655500,Caustic Bite (dot),2493.0,1090366,1091649,4569784,18696,645501,1540956,1985764,233355,1540445,1201464,3191097,745080,2001397,714849,12331,809979
654300,655770,Burst Shot,19992.0,1090366,1091649,4589776,18696,645501,1540956,1985764,233355,1540445,1201464,3191097,745080,2001397,714849,12331,809979
654300,655770,Refulgent Arrow,9434.0,1090366,1091649,4589776,18696,645501,1540956,1985764,233355,1540445,1201464,3200531,745080,2001397,714849,12331,809979
654950,656600,Heartbreak Shot,9018.0,1090366,1091649,4589776,18696,645501,1540956,1994782,233355,1540445,1201464,3200531,745080,2001397,714849,12331,809979
656640,657398,Shot,8399.0,1090366,1091649,4589776,18696,645501,1540956,1994782,233355,1540445,1201464,3200531,745080,2009796,714849,12331,809979
656790,658260,Burst Shot,20414.0,1090366,1091649,4610190,18696,645501,1540956,1994782,233355,1540445,1201464,3200531,745080,2009796,714849,12331,809979
656790,658260,Refulgent Arrow,8897.0,1090366,1091649,4610190,18696,645501,1540956,1994782,233355,1540445,1201464,3209428,745080,2009796,714849,12331,809979
629399,658500,Stormbite (dot),3118.0,1090366,1091649,4610190,18696,645501,1540956,1994782,233355,1540445,1201464,3209428,745080,2009796,714849,12331,813097
629399,658500,Caustic Bite (dot),2493.0,1090366,1091649,4610190,18696,647994,1540956,1994782,233355,1540445,1201464,3209428,745080,2009796,714849,12331,813097
658090,659740,Heartbreak Shot,8942.0,1090366,1091649,4610190,18696,647994,1540956,2003724,233355,1540445,1201464,3209428,745080,2009796,714849,12331,813097
659680,660438,Shot,8399.0,1090366,1091649,4610190,18696,647994,1540956,2003724,233355,1540445,1201464,3209428,745080,2018195,714849,12331,813097
659280,660750,Refulgent Arrow,9291.0,1090366,1091649,4610190,18696,647994,1540956,2003724,233355,1540445,1201464,3218719,745080,2018195,714849,12331,813097
659280,660750,Burst Shot,20104.0,1090366,1091649,4630294,18696,647994,1540956,2003724,233355,1540445,1201464,3218719,745080,2018195,714849,12331,813097
629399,661500,Stormbite (dot),3118.0,1090366,1091649,4630294,18696,647994,1540956,2003724,233355,1540445,1201464,3218719,745080,2018195,714849,12331,816215
629399,661500,Caustic Bite (dot),2493.0,1090366,1091649,4630294,18696,650487,1540956,2003724,233355,1540445,1201464,3218719,745080,2018195,714849,12331,816215
659900,661550,Heartbreak Shot,11200.0,1090366,1091649,4630294,18696,650487,1540956,2014924,233355,1540445,1201464,3218719,745080,2018195,714849,12331,816215
661770,663240,Refulgent Arrow,9246.0,1090366,1091649,4630294,18696,650487,1540956,2014924,233355,1540445,1201464,3227965,745080,2018195,714849,12331,816215
661770,663240,Burst Shot,20140.0,1090366,1091649,4650434,18696,650487,1540956,2014924,233355,1540445,1201464,3227965,745080,2018195,714849,12331,816215
662720,663478,Shot,8399.0,1090366,1091649,4650434,18696,650487,1540956,2014924,233355,1540445,1201464,3227965,745080,2026594,714849,12331,816215
662569,663599,Empyreal Arrow,32390.0,1090366,1091649,4650434,18696,650487,1573346,2014924,233355,1540445,1201464,3227965,745080,2026594,714849,12331,816215
629399,664500,Stormbite (dot),3118.0,1090366,1091649,4650434,18696,650487,1573346,2014924,233355,1540445,1201464,3227965,745080,2026594,714849,12331,819333
629399,664500,Caustic Bite (dot),2493.0,1090366,1091649,4650434,18696,652980,1573346,2014924,233355,1540445,1201464,3227965,745080,2026594,714849,12331,819333
663189,664839,Heartbreak Shot,20225.0,1090366,1091649,4650434,18696,652980,1573346,2035149,233355,1540445,1201464,3227965,745080,2026594,714849,12331,819333
664260,665730,Burst Shot,20449.0,1090366,1091649,4670883,18696,652980,1573346,2035149,233355,1540445,1201464,3227965,745080,2026594,714849,12331,819333
664260,665730,Refulgent Arrow,8852.0,1090366,1091649,4670883,18696,652980,1573346,2035149,233355,1540445,1201464,3236817,745080,2026594,714849,12331,819333
665760,666518,Shot,8399.0,1090366,1091649,4670883,18696,652980,1573346,2035149,233355,1540445,1201464,3236817,745080,2034993,714849,12331,819333
664910,666560,Heartbreak Shot,8922.0,1090366,1091649,4670883,18696,652980,1573346,2044071,233355,1540445,1201464,3236817,745080,2034993,714849,12331,819333
629399,667500,Caustic Bite (dot),2493.0,1090366,1091649,4670883,18696,655473,1573346,2044071,233355,1540445,1201464,3236817,745080,2034993,714849,12331,819333
629399,667500,Stormbite (dot),3118.0,1090366,1091649,4670883,18696,655473,1573346,2044071,233355,1540445,1201464,3236817,745080,2034993,714849,12331,822451
666750,668220,Refulgent Arrow,9040.0,1090366,1091649,4670883,18696,655473,1573346,2044071,233355,1540445,1201464,3245857,745080,2034993,714849,12331,822451
666750,668220,Burst Shot,20301.0,1090366,1091649,4691184,18696,655473,1573346,2044071,233355,1540445,1201464,3245857,745080,2034993,714849,12331,822451
667370,669020,Heartbreak Shot,20194.0,1090366,1091649,4691184,18696,655473,1573346,2064265,233355,1540445,1201464,3245857,745080,2034993,714849,12331,822451
668800,669558,Shot,8399.0,1090366,1091649,4691184,18696,655473,1573346,2064265,233355,1540445,1201464,3245857,745080,2043392,714849,12331,822451
669240,670310,Apex Arrow,8472.0,1098838,1091649,4691184,18696,655473,1573346,2064265,233355,1540445,1201464,3245857,745080,2043392,714849,12331,822451
669240,670310,Apex Arrow,7986.0,1106824,1091649,4691184,18696,655473,1573346,2064265,233355,1540445,1201464,3245857,745080,2043392,714849,12331,822451
669240,670310,Apex Arrow,6774.0,1113598,1091649,4691184,18696,655473,1573346,2064265,233355,1540445,1201464,3245857,745080,2043392,714849,12331,822451
669240,670310,Apex Arrow,4185.0,1117783,1091649,4691184,18696,655473,1573346,2064265,233355,1540445,1201464,3245857,745080,2043392,714849,12331,822451
669240,670310,Apex Arrow,793.0,1118576,1091649,4691184,18696,655473,1573346,2064265,233355,1540445,1201464,3245857,745080,2043392,714849,12331,822451
669240,670310,Apex Arrow,2032.0,1120608,1091649,4691184,18696,655473,1573346,2064265,233355,1540445,1201464,3245857,745080,2043392,714849,12331,822451
669240,670310,Apex Arrow,86.0,1120694,1091649,4691184,18696,655473,1573346,2064265,233355,1540445,1201464,3245857,745080,2043392,714849,12331,822451
669240,670310,Apex Arrow,41285.0,1161979,1091649,4691184,18696,655473,1573346,2064265,233355,1540445,1201464,3245857,745080,2043392,714849,12331,822451
669240,670310,Apex Arrow,277.0,1162256,1091649,4691184,18696,655473,1573346,2064265,233355,1540445,1201464,3245857,745080,2043392,714849,12331,822451
669240,670310,Apex Arrow,4.0,1162260,1091649,4691184,18696,655473,1573346,2064265,233355,1540445,1201464,3245857,745080,2043392,714849,12331,822451
669240,670310,Apex Arrow,7848.0,1170108,1091649,4691184,18696,655473,1573346,2064265,233355,1540445,1201464,3245857,745080,2043392,714849,12331,822451
669240,670310,Apex Arrow,3.0,1170111,1091649,4691184,18696,655473,1573346,2064265,233355,1540445,1201464,3245857,745080,2043392,714849,12331,822451
669240,670310,Apex Arrow,7.0,1170118,1091649,4691184,18696,655473,1573346,2064265,233355,1540445,1201464,3245857,745080,2043392,714849,12331,822451
629399,670500,Caustic Bite (dot),2493.0,1170118,1091649,4691184,18696,657966,1573346,2064265,233355,1540445,1201464,3245857,745080,2043392,714849,12331,822451
629399,670500,Stormbite (dot),3118.0,1170118,1091649,4691184,18696,657966,1573346,2064265,233355,1540445,1201464,3245857,745080,2043392,714849,12331,825569
669890,671540,Heartbreak Shot,8850.0,1170118,1091649,4691184,18696,657966,1573346,2073115,233355,1540445,1201464,3245857,745080,2043392,714849,12331,825569
671840,672598,Shot,8399.0,1170118,1091649,4691184,18696,657966,1573346,2073115,233355,1540445,1201464,3245857,745080,2051791,714849,12331,825569
672589,673119,Sidewinder,49833.0,1170118,1091649,4691184,18696,657966,1573346,2073115,233355,1540445,1201464,3245857,745080,2051791,764682,12331,825569
671730,673200,Burst Shot,2433.0,1170118,1091649,4693617,18696,657966,1573346,2073115,233355,1540445,1201464,3245857,745080,2051791,764682,12331,825569
671730,673200,Refulgent Arrow,1046.0,1170118,1091649,4693617,18696,657966,1573346,2073115,233355,1540445,1201464,3246903,745080,2051791,764682,12331,825569
671730,673380,Blast Arrow,76850.0,1170118,1168499,4693617,18696,657966,1573346,2073115,233355,1540445,1201464,3246903,745080,2051791,764682,12331,825569
629399,673500,Caustic Bite (dot),2493.0,1170118,1168499,4693617,18696,660459,1573346,2073115,233355,1540445,1201464,3246903,745080,2051791,764682,12331,825569
629399,673500,Stormbite (dot),3118.0,1170118,1168499,4693617,18696,660459,1573346,2073115,233355,1540445,1201464,3246903,745080,2051791,764682,12331,828687
673209,674859,Heartbreak Shot,9083.0,1170118,1168499,4693617,18696,660459,1573346,2082198,233355,1540445,1201464,3246903,745080,2051791,764682,12331,828687
674220,674890,Iron Jaws,12454.0,1170118,1168499,4693617,18696,660459,1573346,2082198,245809,1540445,1201464,3246903,745080,2051791,764682,12331,828687
674880,675638,Shot,8399.0,1170118,1168499,4693617,18696,660459,1573346,2082198,245809,1540445,1201464,3246903,745080,2060190,764682,12331,828687
674220,676500,Stormbite (dot),3115.0,1170118,1168499,4693617,18696,660459,1573346,2082198,245809,1540445,1201464,3246903,745080,2060190,764682,12331,831802
674220,676500,Caustic Bite (dot),2491.0,1170118,1168499,4693617,18696,662950,1573346,2082198,245809,1540445,1201464,3246903,745080,2060190,764682,12331,831802
674870,676520,Heartbreak Shot,11054.0,1170118,1168499,4693617,18696,662950,1573346,2093252,245809,1540445,1201464,3246903,745080,2060190,764682,12331,831802
676710,678180,Burst Shot,13332.0,1170118,1168499,4706949,18696,662950,1573346,2093252,245809,1540445,1201464,3246903,745080,2060190,764682,12331,831802
676710,678180,Refulgent Arrow,17910.0,1170118,1168499,4706949,18696,662950,1573346,2093252,245809,1540445,1201464,3264813,745080,2060190,764682,12331,831802
677569,678599,Empyreal Arrow,32390.0,1170118,1168499,4706949,18696,662950,1605736,2093252,245809,1540445,1201464,3264813,745080,2060190,764682,12331,831802
677920,678678,Shot,8399.0,1170118,1168499,4706949,18696,662950,1605736,2093252,245809,1540445,1201464,3264813,745080,2068589,764682,12331,831802
674220,679500,Caustic Bite (dot),2491.0,1170118,1168499,4706949,18696,665441,1605736,2093252,245809,1540445,1201464,3264813,745080,2068589,764682,12331,831802
674220,679500,Stormbite (dot),3115.0,1170118,1168499,4706949,18696,665441,1605736,2093252,245809,1540445,1201464,3264813,745080,2068589,764682,12331,834917
678189,679839,Heartbreak Shot,20190.0,1170118,1168499,4706949,18696,665441,1605736,2113442,245809,1540445,1201464,3264813,745080,2068589,764682,12331,834917
679200,680670,Burst Shot,20403.0,1170118,1168499,4727352,18696,665441,1605736,2113442,245809,1540445,1201464,3264813,745080,2068589,764682,12331,834917
679200,680670,Refulgent Arrow,8911.0,1170118,1168499,4727352,18696,665441,1605736,2113442,245809,1540445,1201464,3273724,745080,2068589,764682,12331,834917
679820,681470,Heartbreak Shot,8960.0,1170118,1168499,4727352,18696,665441,1605736,2122402,245809,1540445,1201464,3273724,745080,2068589,764682,12331,834917
680960,681718,Shot,8399.0,1170118,1168499,4727352,18696,665441,1605736,2122402,245809,1540445,1201464,3273724,745080,2076988,764682,12331,834917
674220,682500,Stormbite (dot),3115.0,1170118,1168499,4727352,18696,665441,1605736,2122402,245809,1540445,1201464,3273724,745080,2076988,764682,12331,838032
674220,682500,Caustic Bite (dot),2491.0,1170118,1168499,4727352,18696,667932,1605736,2122402,245809,1540445,1201464,3273724,745080,2076988,764682,12331,838032
681690,683160,Refulgent Arrow,9159.0,1170118,1168499,4727352,18696,667932,1605736,2122402,245809,1540445,1201464,3282883,745080,2076988,764682,12331,838032
681690,683160,Burst Shot,20208.0,1170118,1168499,4747560,18696,667932,1605736,2122402,245809,1540445,1201464,3282883,745080,2076988,764682,12331,838032
682310,683960,Heartbreak Shot,20232.0,1170118,1168499,4747560,18696,667932,1605736,2142634,245809,1540445,1201464,3282883,745080,2076988,764682,12331,838032
684000,684758,Shot,8374.0,1170118,1168499,4747560,18696,667932,1605736,2142634,245809,1540445,1201464,3282883,745080,2085362,764682,12331,838032
674220,685500,Stormbite (dot),3115.0,1170118,1168499,4747560,18696,667932,1605736,2142634,245809,1540445,1201464,3282883,745080,2085362,764682,12331,841147
674220,685500,Caustic Bite (dot),2491.0,1170118,1168499,4747560,18696,670423,1605736,2142634,245809,1540445,1201464,3282883,745080,2085362,764682,12331,841147
684180,685650,Refulgent Arrow,8759.0,1170118,1168499,4747560,18696,670423,1605736,2142634,245809,1540445,1201464,3291642,745080,2085362,764682,12331,841147
684180,685650,Burst Shot,20440.0,1170118,1168499,4768000,18696,670423,1605736,2142634,245809,1540445,1201464,3291642,745080,2085362,764682,12331,841147
687040,687798,Shot,8374.0,1170118,1168499,4768000,18696,670423,1605736,2142634,245809,1540445,1201464,3291642,745080,2093736,764682,12331,841147
686670,688140,Burst Shot,19992.0,1170118,1168499,4787992,18696,670423,1605736,2142634,245809,1540445,1201464,3291642,745080,2093736,764682,12331,841147
686670,688140,Refulgent Arrow,9330.0,1170118,1168499,4787992,18696,670423,1605736,2142634,245809,1540445,1201464,3300972,745080,2093736,764682,12331,841147
674220,688500,Stormbite (dot),3115.0,1170118,1168499,4787992,18696,670423,1605736,2142634,245809,1540445,1201464,3300972,745080,2093736,764682,12331,844262
674220,688500,Caustic Bite (dot),2491.0,1170118,1168499,4787992,18696,672914,1605736,2142634,245809,1540445,1201464,3300972,745080,2093736,764682,12331,844262
689060,690530,Burst Shot,20418.0,1170118,1168499,4808410,18696,672914,1605736,2142634,245809,1540445,1201464,3300972,745080,2093736,764682,12331,844262
689060,690530,Refulgent Arrow,8787.0,1170118,1168499,4808410,18696,672914,1605736,2142634,245809,1540445,1201464,3309759,745080,2093736,764682,12331,844262
690080,690838,Shot,8374.0,1170118,1168499,4808410,18696,672914,1605736,2142634,245809,1540445,1201464,3309759,745080,2102110,764682,12331,844262
689710,691360,Heartbreak Shot,11034.0,1170118,1168499,4808410,18696,672914,1605736,2153668,245809,1540445,1201464,3309759,745080,2102110,764682,12331,844262
674220,691500,Caustic Bite (dot),2491.0,1170118,1168499,4808410,18696,675405,1605736,2153668,245809,1540445,1201464,3309759,745080,2102110,764682,12331,844262
674220,691500,Stormbite (dot),3115.0,1170118,1168499,4808410,18696,675405,1605736,2153668,245809,1540445,1201464,3309759,745080,2102110,764682,12331,847377
691450,692920,Refulgent Arrow,9232.0,1170118,1168499,4808410,18696,675405,1605736,2153668,245809,1540445,1201464,3318991,745080,2102110,764682,12331,847377
691450,692920,Burst Shot,20069.0,1170118,1168499,4828479,18696,675405,1605736,2153668,245809,1540445,1201464,3318991,745080,2102110,764682,12331,847377
692569,693599,Empyreal Arrow,32293.0,1170118,1168499,4828479,18696,675405,1638029,2153668,245809,1540445,1201464,3318991,745080,2102110,764682,12331,847377
693120,693878,Shot,8374.0,1170118,1168499,4828479,18696,675405,1638029,2153668,245809,1540445,1201464,3318991,745080,2110484,764682,12331,847377
674220,694500,Caustic Bite (dot),2491.0,1170118,1168499,4828479,18696,677896,1638029,2153668,245809,1540445,1201464,3318991,745080,2110484,764682,12331,847377
674220,694500,Stormbite (dot),3115.0,1170118,1168499,4828479,18696,677896,1638029,2153668,245809,1540445,1201464,3318991,745080,2110484,764682,12331,850492
693840,695310,Burst Shot,20309.0,1170118,1168499,4848788,18696,677896,1638029,2153668,245809,1540445,1201464,3318991,745080,2110484,764682,12331,850492
693840,695310,Refulgent Arrow,8926.0,1170118,1168499,4848788,18696,677896,1638029,2153668,245809,1540445,1201464,3327917,745080,2110484,764682,12331,850492
696160,696918,Shot,8374.0,1170118,1168499,4848788,18696,677896,1638029,2153668,245809,1540445,1201464,3327917,745080,2118858,764682,12331,850492
674220,697500,Caustic Bite (dot),2491.0,1170118,1168499,4848788,18696,680387,1638029,2153668,245809,1540445,1201464,3327917,745080,2118858,764682,12331,850492
674220,697500,Stormbite (dot),3115.0,1170118,1168499,4848788,18696,680387,1638029,2153668,245809,1540445,1201464,3327917,745080,2118858,764682,12331,853607
696030,697500,Refulgent Arrow,8756.0,1170118,1168499,4848788,18696,680387,1638029,2153668,245809,1540445,1201464,3336673,745080,2118858,764682,12331,853607
696030,697500,Burst Shot,20443.0,1170118,1168499,4869231,18696,680387,1638029,2153668,245809,1540445,1201464,3336673,745080,2118858,764682,12331,853607
696680,698330,Heartbreak Shot,11316.0,1170118,1168499,4869231,18696,680387,1638029,2164984,245809,1540445,1201464,3336673,745080,2118858,764682,12331,853607
698120,699590,Burst Shot,20282.0,1170118,1168499,4889513,18696,680387,1638029,2164984,245809,1540445,1201464,3336673,745080,2118858,764682,12331,853607
698120,699590,Refulgent Arrow,8961.0,1170118,1168499,4889513,18696,680387,1638029,2164984,245809,1540445,1201464,3345634,745080,2118858,764682,12331,853607
699200,699958,Shot,8374.0,1170118,1168499,4889513,18696,680387,1638029,2164984,245809,1540445,1201464,3345634,745080,2127232,764682,12331,853607
674220,700500,Stormbite (dot),3115.0,1170118,1168499,4889513,18696,680387,1638029,2164984,245809,1540445,1201464,3345634,745080,2127232,764682,12331,856722
674220,700500,Caustic Bite (dot),2491.0,1170118,1168499,4889513,18696,682878,1638029,2164984,245809,1540445,1201464,3345634,745080,2127232,764682,12331,856722
700210,701680,Refulgent Arrow,8964.0,1170118,1168499,4889513,18696,682878,1638029,2164984,245809,1540445,1201464,3354598,745080,2127232,764682,12331,856722
700210,701680,Burst Shot,20279.0,1170118,1168499,4909792,18696,682878,1638029,2164984,245809,1540445,1201464,3354598,745080,2127232,764682,12331,856722
702240,702998,Shot,8374.0,1170118,1168499,4909792,18696,682878,1638029,2164984,245809,1540445,1201464,3354598,745080,2135606,764682,12331,856722
674220,703500,Stormbite (dot),3115.0,1170118,1168499,4909792,18696,682878,1638029,2164984,245809,1540445,1201464,3354598,745080,2135606,764682,12331,859837
674220,703500,Caustic Bite (dot),2491.0,1170118,1168499,4909792,18696,685369,1638029,2164984,245809,1540445,1201464,3354598,745080,2135606,764682,12331,859837
702300,703770,Burst Shot,20224.0,1170118,1168499,4930016,18696,685369,1638029,2164984,245809,1540445,1201464,3354598,745080,2135606,764682,12331,859837
702300,703770,Refulgent Arrow,9034.0,1170118,1168499,4930016,18696,685369,1638029,2164984,245809,1540445,1201464,3363632,745080,2135606,764682,12331,859837
704390,705860,Burst Shot,20323.0,1170118,1168499,4950339,18696,685369,1638029,2164984,245809,1540445,1201464,3363632,745080,2135606,764682,12331,859837
704390,705860,Refulgent Arrow,8909.0,1170118,1168499,4950339,18696,685369,1638029,2164984,245809,1540445,1201464,3372541,745080,2135606,764682,12331,859837
705280,706038,Shot,8374.0,1170118,1168499,4950339,18696,685369,1638029,2164984,245809,1540445,1201464,3372541,745080,2143980,764682,12331,859837
674220,706500,Caustic Bite (dot),2491.0,1170118,1168499,4950339,18696,687860,1638029,2164984,245809,1540445,1201464,3372541,745080,2143980,764682,12331,859837
674220,706500,Stormbite (dot),3115.0,1170118,1168499,4950339,18696,687860,1638029,2164984,245809,1540445,1201464,3372541,745080,2143980,764682,12331,862952
706480,707950,Refulgent Arrow,9166.0,1170118,1168499,4950339,18696,687860,1638029,2164984,245809,1540445,1201464,3381707,745080,2143980,764682,12331,862952
706480,707950,Burst Shot,20121.0,1170118,1168499,4970460,18696,687860,1638029,2164984,245809,1540445,1201464,3381707,745080,2143980,764682,12331,862952
707569,708599,Empyreal Arrow,32293.0,1170118,1168499,4970460,18696,687860,1670322,2164984,245809,1540445,1201464,3381707,745080,2143980,764682,12331,862952
708320,709078,Shot,8374.0,1170118,1168499,4970460,18696,687860,1670322,2164984,245809,1540445,1201464,3381707,745080,2152354,764682,12331,862952
708570,709240,Iron Jaws,12417.0,1170118,1168499,4970460,18696,687860,1670322,2164984,258226,1540445,1201464,3381707,745080,2152354,764682,12331,862952
708570,709500,Caustic Bite (dot),2484.0,1170118,1168499,4970460,18696,690344,1670322,2164984,258226,1540445,1201464,3381707,745080,2152354,764682,12331,862952
708570,709500,Stormbite (dot),3106.0,1170118,1168499,4970460,18696,690344,1670322,2164984,258226,1540445,1201464,3381707,745080,2152354,764682,12331,866058
711360,712118,Shot,8374.0,1170118,1168499,4970460,18696,690344,1670322,2164984,258226,1540445,1201464,3381707,745080,2160728,764682,12331,866058
710660,712130,Burst Shot,13322.0,1170118,1168499,4983782,18696,690344,1670322,2164984,258226,1540445,1201464,3381707,745080,2160728,764682,12331,866058
710660,712130,Refulgent Arrow,17818.0,1170118,1168499,4983782,18696,690344,1670322,2164984,258226,1540445,1201464,3399525,745080,2160728,764682,12331,866058
708570,712500,Stormbite (dot),3106.0,1170118,1168499,4983782,18696,690344,1670322,2164984,258226,1540445,1201464,3399525,745080,2160728,764682,12331,869164
708570,712500,Caustic Bite (dot),2484.0,1170118,1168499,4983782,18696,692828,1670322,2164984,258226,1540445,1201464,3399525,745080,2160728,764682,12331,869164
712750,714220,Burst Shot,20435.0,1170118,1168499,5004217,18696,692828,1670322,2164984,258226,1540445,1201464,3399525,745080,2160728,764682,12331,869164
712750,714220,Refulgent Arrow,8766.0,1170118,1168499,5004217,18696,692828,1670322,2164984,258226,1540445,1201464,3408291,745080,2160728,764682,12331,869164
714400,715158,Shot,8374.0,1170118,1168499,5004217,18696,692828,1670322,2164984,258226,1540445,1201464,3408291,745080,2169102,764682,12331,869164
708570,715500,Stormbite (dot),3106.0,1170118,1168499,5004217,18696,692828,1670322,2164984,258226,1540445,1201464,3408291,745080,2169102,764682,12331,872270
708570,715500,Caustic Bite (dot),2484.0,1170118,1168499,5004217,18696,695312,1670322,2164984,258226,1540445,1201464,3408291,745080,2169102,764682,12331,872270
714840,716310,Burst Shot,20039.0,1170118,1168499,5024256,18696,695312,1670322,2164984,258226,1540445,1201464,3408291,745080,2169102,764682,12331,872270
714840,716310,Refulgent Arrow,9270.0,1170118,1168499,5024256,18696,695312,1670322,2164984,258226,1540445,1201464,3417561,745080,2169102,764682,12331,872270
717440,718198,Shot,8374.0,1170118,1168499,5024256,18696,695312,1670322,2164984,258226,1540445,1201464,3417561,745080,2177476,764682,12331,872270
716930,718400,Burst Shot,20268.0,1170118,1168499,5044524,18696,695312,1670322,2164984,258226,1540445,1201464,3417561,745080,2177476,764682,12331,872270
716930,718400,Refulgent Arrow,8978.0,1170118,1168499,5044524,18696,695312,1670322,2164984,258226,1540445,1201464,3426539,745080,2177476,764682,12331,872270
708570,718500,Caustic Bite (dot),2484.0,1170118,1168499,5044524,18696,697796,1670322,2164984,258226,1540445,1201464,3426539,745080,2177476,764682,12331,872270
708570,718500,Stormbite (dot),3106.0,1170118,1168499,5044524,18696,697796,1670322,2164984,258226,1540445,1201464,3426539,745080,2177476,764682,12331,875376
719020,720490,Burst Shot,20219.0,1170118,1168499,5064743,18696,697796,1670322,2164984,258226,1540445,1201464,3426539,745080,2177476,764682,12331,875376
719020,720490,Refulgent Arrow,9041.0,1170118,1168499,5064743,18696,697796,1670322,2164984,258226,1540445,1201464,3435580,745080,2177476,764682,12331,875376
720480,721238,Shot,8374.0,1170118,1168499,5064743,18696,697796,1670322,2164984,258226,1540445,1201464,3435580,745080,2185850,764682,12331,875376
708570,721500,Stormbite (dot),3106.0,1170118,1168499,5064743,18696,697796,1670322,2164984,258226,1540445,1201464,3435580,745080,2185850,764682,12331,878482
708570,721500,Caustic Bite (dot),2484.0,1170118,1168499,5064743,18696,700280,1670322,2164984,258226,1540445,1201464,3435580,745080,2185850,764682,12331,878482
721111,722581,Refulgent Arrow,9163.0,1170118,1168499,5064743,18696,700280,1670322,2164984,258226,1540445,1201464,3444743,745080,2185850,764682,12331,878482
721111,722581,Burst Shot,20123.0,1170118,1168499,5084866,18696,700280,1670322,2164984,258226,1540445,1201464,3444743,745080,2185850,764682,12331,878482
723520,724278,Shot,9097.0,1170118,1168499,5084866,18696,700280,1670322,2164984,258226,1540445,1201464,3444743,745080,2194947,764682,12331,878482
708570,724500,Stormbite (dot),3106.0,1170118,1168499,5084866,18696,700280,1670322,2164984,258226,1540445,1201464,3444743,745080,2194947,764682,12331,881588
708570,724500,Caustic Bite (dot),2484.0,1170118,1168499,5084866,18696,702764,1670322,2164984,258226,1540445,1201464,3444743,745080,2194947,764682,12331,881588
723201,724671,Burst Shot,22195.0,1170118,1168499,5107061,18696,702764,1670322,2164984,258226,1540445,1201464,3444743,745080,2194947,764682,12331,881588
723201,724671,Refulgent Arrow,9527.0,1170118,1168499,5107061,18696,702764,1670322,2164984,258226,1540445,1201464,3454270,745080,2194947,764682,12331,881588
723821,724851,Empyreal Arrow,35080.0,1170118,1168499,5107061,18696,702764,1705402,2164984,258226,1540445,1201464,3454270,745080,2194947,764682,12331,881588
725391,726861,Refulgent Arrow,9844.0,1170118,1168499,5107061,18696,702764,1705402,2164984,258226,1540445,1201464,3464114,745080,2194947,764682,12331,881588
725391,726861,Burst Shot,21945.0,1170118,1168499,5129006,18696,702764,1705402,2164984,258226,1540445,1201464,3464114,745080,2194947,764682,12331,881588
726560,727318,Shot,9864.0,1170118,1168499,5129006,18696,702764,1705402,2164984,258226,1540445,1201464,3464114,745080,2204811,764682,12331,881588
708570,727500,Stormbite (dot),3106.0,1170118,1168499,5129006,18696,702764,1705402,2164984,258226,1540445,1201464,3464114,745080,2204811,764682,12331,884694
708570,727500,Caustic Bite (dot),2484.0,1170118,1168499,5129006,18696,705248,1705402,2164984,258226,1540445,1201464,3464114,745080,2204811,764682,12331,884694
727581,729051,Burst Shot,27823.0,1170118,1168499,5156829,18696,705248,1705402,2164984,258226,1540445,1201464,3464114,745080,2204811,764682,12331,884694
727581,729051,Refulgent Arrow,12294.0,1170118,1168499,5156829,18696,705248,1705402,2164984,258226,1540445,1201464,3476408,745080,2204811,764682,12331,884694
728829,729629,Pitch Perfect,47843.0,1170118,1168499,5156829,18696,705248,1705402,2164984,258226,1588288,1201464,3476408,745080,2204811,764682,12331,884694
729600,730358,Shot,13873.0,1170118,1168499,5156829,18696,705248,1705402,2164984,258226,1588288,1201464,3476408,745080,2218684,764682,12331,884694
728829,730479,Heartbreak Shot,13113.0,1170118,1168499,5156829,18696,705248,1705402,2178097,258226,1588288,1201464,3476408,745080,2218684,764682,12331,884694
708570,730500,Caustic Bite (dot),2484.0,1170118,1168499,5156829,18696,707732,1705402,2178097,258226,1588288,1201464,3476408,745080,2218684,764682,12331,884694
708570,730500,Stormbite (dot),3106.0,1170118,1168499,5156829,18696,707732,1705402,2178097,258226,1588288,1201464,3476408,745080,2218684,764682,12331,887800
729771,731731,Radiant Encore,226347.0,1170118,1168499,5156829,18696,707732,1705402,2178097,258226,1588288,1427811,3476408,745080,2218684,764682,12331,887800
731041,731841,Pitch Perfect,18710.0,1170118,1168499,5156829,18696,707732,1705402,2178097,258226,1606998,1427811,3476408,745080,2218684,764682,12331,887800
730391,732041,Heartbreak Shot,37032.0,1170118,1168499,5156829,18696,707732,1705402,2215129,258226,1606998,1427811,3476408,745080,2218684,764682,12331,887800
731041,732691,Heartbreak Shot,23919.0,1170118,1168499,5156829,18696,707732,1705402,2239048,258226,1606998,1427811,3476408,745080,2218684,764682,12331,887800
732589,733119,Sidewinder,82307.0,1170118,1168499,5156829,18696,707732,1705402,2239048,258226,1606998,1427811,3476408,745080,2218684,846989,12331,887800
732640,733398,Shot,13873.0,1170118,1168499,5156829,18696,707732,1705402,2239048,258226,1606998,1427811,3476408,745080,2232557,846989,12331,887800
731961,733431,Burst Shot,33697.0,1170118,1168499,5190526,18696,707732,1705402,2239048,258226,1606998,1427811,3476408,745080,2232557,846989,12331,887800
731961,733431,Refulgent Arrow,14718.0,1170118,1168499,5190526,18696,707732,1705402,2239048,258226,1606998,1427811,3491126,745080,2232557,846989,12331,887800
708570,733500,Stormbite (dot),3106.0,1170118,1168499,5190526,18696,707732,1705402,2239048,258226,1606998,1427811,3491126,745080,2232557,846989,12331,890906
708570,733500,Caustic Bite (dot),2484.0,1170118,1168499,5190526,18696,710216,1705402,2239048,258226,1606998,1427811,3491126,745080,2232557,846989,12331,890906
735101,735901,Pitch Perfect,5592.0,1170118,1168499,5190526,18696,710216,1705402,2239048,258226,1612590,1427811,3491126,745080,2232557,846989,12331,890906
734451,735921,Refulgent Arrow,14960.0,1170118,1168499,5190526,18696,710216,1705402,2239048,258226,1612590,1427811,3506086,745080,2232557,846989,12331,890906
734451,735921,Burst Shot,33506.0,1170118,1168499,5224032,18696,710216,1705402,2239048,258226,1612590,1427811,3506086,745080,2232557,846989,12331,890906
735680,736438,Shot,13873.0,1170118,1168499,5224032,18696,710216,1705402,2239048,258226,1612590,1427811,3506086,745080,2246430,846989,12331,890906
708570,736500,Caustic Bite (dot),2484.0,1170118,1168499,5224032,18696,712700,1705402,2239048,258226,1612590,1427811,3506086,745080,2246430,846989,12331,890906
708570,736500,Stormbite (dot),3106.0,1170118,1168499,5224032,18696,712700,1705402,2239048,258226,1612590,1427811,3506086,745080,2246430,846989,12331,894012
735101,736751,Heartbreak Shot,16912.0,1170118,1168499,5224032,18696,712700,1705402,2255960,258226,1612590,1427811,3506086,745080,2246430,846989,12331,894012
735751,737401,Heartbreak Shot,1370.0,1170118,1168499,5224032,18696,712700,1705402,2257330,258226,1612590,1427811,3506086,745080,2246430,846989,12331,894012
737561,738361,Pitch Perfect,26206.0,1170118,1168499,5224032,18696,712700,1705402,2257330,258226,1638796,1427811,3506086,745080,2246430,846989,12331,894012
736941,738411,Refulgent Arrow,15099.0,1170118,1168499,5224032,18696,712700,1705402,2257330,258226,1638796,1427811,3521185,745080,2246430,846989,12331,894012
736941,738411,Burst Shot,33398.0,1170118,1168499,5257430,18696,712700,1705402,2257330,258226,1638796,1427811,3521185,745080,2246430,846989,12331,894012
738720,739478,Shot,13873.0,1170118,1168499,5257430,18696,712700,1705402,2257330,258226,1638796,1427811,3521185,745080,2260303,846989,12331,894012
708570,739500,Stormbite (dot),3106.0,1170118,1168499,5257430,18696,712700,1705402,2257330,258226,1638796,1427811,3521185,745080,2260303,846989,12331,897118
708570,739500,Caustic Bite (dot),2484.0,1170118,1168499,5257430,18696,715184,1705402,2257330,258226,1638796,1427811,3521185,745080,2260303,846989,12331,897118
738821,739851,Empyreal Arrow,53496.0,1170118,1168499,5257430,18696,715184,1758898,2257330,258226,1638796,1427811,3521185,745080,2260303,846989,12331,897118
739441,740511,Apex Arrow,21.0,1170139,1168499,5257430,18696,715184,1758898,2257330,258226,1638796,1427811,3521185,745080,2260303,846989,12331,897118
739441,740511,Apex Arrow,139082.0,1309221,1168499,5257430,18696,715184,1758898,2257330,258226,1638796,1427811,3521185,745080,2260303,846989,12331,897118
739441,740511,Apex Arrow,126.0,1309347,1168499,5257430,18696,715184,1758898,2257330,258226,1638796,1427811,3521185,745080,2260303,846989,12331,897118
739441,740511,Apex Arrow,281.0,1309628,1168499,5257430,18696,715184,1758898,2257330,258226,1638796,1427811,3521185,745080,2260303,846989,12331,897118
739441,740511,Apex Arrow,2928.0,1312556,1168499,5257430,18696,715184,1758898,2257330,258226,1638796,1427811,3521185,745080,2260303,846989,12331,897118
739441,740511,Apex Arrow,1218.0,1313774,1168499,5257430,18696,715184,1758898,2257330,258226,1638796,1427811,3521185,745080,2260303,846989,12331,897118
740681,741481,Pitch Perfect,42710.0,1313774,1168499,5257430,18696,715184,1758898,2257330,258226,1681506,1427811,3521185,745080,2260303,846989,12331,897118
708570,742500,Stormbite (dot),3106.0,1313774,1168499,5257430,18696,715184,1758898,2257330,258226,1681506,1427811,3521185,745080,2260303,846989,12331,900224
708570,742500,Caustic Bite (dot),2484.0,1313774,1168499,5257430,18696,717668,1758898,2257330,258226,1681506,1427811,3521185,745080,2260303,846989,12331,900224
741760,742518,Shot,13873.0,1313774,1168499,5257430,18696,717668,1758898,2257330,258226,1681506,1427811,3521185,745080,2274176,846989,12331,900224
741931,743401,Refulgent Arrow,5.0,1313774,1168499,5257430,18696,717668,1758898,2257330,258226,1681506,1427811,3521190,745080,2274176,846989,12331,900224
741931,743401,Burst Shot,4.0,1313774,1168499,5257434,18696,717668,1758898,2257330,258226,1681506,1427811,3521190,745080,2274176,846989,12331,900224
741931,743581,Blast Arrow,144008.0,1313774,1312507,5257434,18696,717668,1758898,2257330,258226,1681506,1427811,3521190,745080,2274176,846989,12331,900224
743231,744031,Pitch Perfect,20355.0,1313774,1312507,5257434,18696,717668,1758898,2257330,258226,1701861,1427811,3521190,745080,2274176,846989,12331,900224
742581,744231,Heartbreak Shot,18749.0,1313774,1312507,5257434,18696,717668,1758898,2276079,258226,1701861,1427811,3521190,745080,2274176,846989,12331,900224
708570,745500,Caustic Bite (dot),2484.0,1313774,1312507,5257434,18696,720152,1758898,2276079,258226,1701861,1427811,3521190,745080,2274176,846989,12331,900224
708570,745500,Stormbite (dot),3106.0,1313774,1312507,5257434,18696,720152,1758898,2276079,258226,1701861,1427811,3521190,745080,2274176,846989,12331,903330
744800,745558,Shot,13873.0,1313774,1312507,5257434,18696,720152,1758898,2276079,258226,1701861,1427811,3521190,745080,2288049,846989,12331,903330
744421,745581,Resonant Arrow,131689.0,1313774,1312507,5257434,18696,720152,1758898,2276079,258226,1701861,1427811,3521190,876769,2288049,846989,12331,903330
747561,748361,Pitch Perfect,6521.0,1313774,1312507,5257434,18696,720152,1758898,2276079,258226,1708382,1427811,3521190,876769,2288049,846989,12331,903330
746911,748381,Refulgent Arrow,50770.0,1313774,1312507,5257434,18696,720152,1758898,2276079,258226,1708382,1427811,3571960,876769,2288049,846989,12331,903330
708570,748500,Caustic Bite (dot),2484.0,1313774,1312507,5257434,18696,722636,1758898,2276079,258226,1708382,1427811,3571960,876769,2288049,846989,12331,903330
708570,748500,Stormbite (dot),3106.0,1313774,1312507,5257434,18696,722636,1758898,2276079,258226,1708382,1427811,3571960,876769,2288049,846989,12331,906436
746911,748501,Refulgent Arrow,50770.0,1313774,1312507,5257434,18696,722636,1758898,2276079,258226,1708382,1427811,3622730,876769,2288049,846989,12331,906436
747840,748598,Shot,10985.0,1313774,1312507,5257434,18696,722636,1758898,2276079,258226,1708382,1427811,3622730,876769,2299034,846989,12331,906436
746911,748621,Refulgent Arrow,50770.0,1313774,1312507,5257434,18696,722636,1758898,2276079,258226,1708382,1427811,3673500,876769,2299034,846989,12331,906436
750021,750821,Pitch Perfect,16043.0,1313774,1312507,5257434,18696,722636,1758898,2276079,258226,1724425,1427811,3673500,876769,2299034,846989,12331,906436
749401,750871,Refulgent Arrow,9844.0,1313774,1312507,5257434,18696,722636,1758898,2276079,258226,1724425,1427811,3683344,876769,2299034,846989,12331,906436
749401,750871,Burst Shot,21945.0,1313774,1312507,5279379,18696,722636,1758898,2276079,258226,1724425,1427811,3683344,876769,2299034,846989,12331,906436
708570,751500,Caustic Bite (dot),2484.0,1313774,1312507,5279379,18696,725120,1758898,2276079,258226,1724425,1427811,3683344,876769,2299034,846989,12331,906436
708570,751500,Stormbite (dot),3106.0,1313774,1312507,5279379,18696,725120,1758898,2276079,258226,1724425,1427811,3683344,876769,2299034,846989,12331,909542
750880,751638,Shot,9097.0,1313774,1312507,5279379,18696,725120,1758898,2276079,258226,1724425,1427811,3683344,876769,2308131,846989,12331,909542
750021,751671,Heartbreak Shot,8081.0,1313774,1312507,5279379,18696,725120,1758898,2284160,258226,1724425,1427811,3683344,876769,2308131,846989,12331,909542
750671,752321,Heartbreak Shot,3907.0,1313774,1312507,5279379,18696,725120,1758898,2288067,258226,1724425,1427811,3683344,876769,2308131,846989,12331,909542
752511,753311,Pitch Perfect,7880.0,1313774,1312507,5279379,18696,725120,1758898,2288067,258226,1732305,1427811,3683344,876769,2308131,846989,12331,909542
752511,753311,Pitch Perfect,4576.0,1313774,1312507,5279379,18696,725120,1758898,2288067,258226,1736881,1427811,3683344,876769,2308131,846989,12331,909542
752511,753311,Pitch Perfect,15689.0,1313774,1312507,5279379,18696,725120,1758898,2288067,258226,1752570,1427811,3683344,876769,2308131,846989,12331,909542
751891,753361,Refulgent Arrow,9565.0,1313774,1312507,5279379,18696,725120,1758898,2288067,258226,1752570,1427811,3692909,876769,2308131,846989,12331,909542
751891,753361,Burst Shot,22165.0,1313774,1312507,5301544,18696,725120,1758898,2288067,258226,1752570,1427811,3692909,876769,2308131,846989,12331,909542
