sim_timestamp,sim_damage_timestamp,sim_name,sim_potency,sim_expected,sim_weight,sim_target,sim_conditions,sim_variance,sim_buffs
-14000,-14000,Meikyo Shisui,,,,,,,[]
-5000,-5000,Reassemble,,,,,,,[]
-2600,-2600,Medica,,,,,,,[]
-2000,-2000,Grade 4 Gemdraught,,,,,,,[]
-900,-10,Harpe,300.0,30859.0,,Default Target,[],67100715.0,[]
-630,37,Onslaught,150.0,12126.0,,Default Target,[],9774958.0,[]
-540,40,Pneuma,380.0,49391.0,,Default Target,[],147266966.0,[]
68,68,Grade 4 Gemdraught,,,,,,,[]
100,100,Swiftcast,,,,,,,[]
-650,110,Gekko,420.0,42462.0,,Default Target,['Meikyo Shisui'],126106180.0,['Meikyo Shisui']
110,110,Ikishoten,,,,,,,[]
-1000,150,Air Anchor,660.0,152217.0,,Default Target,['Reassemble'],19309106.0,"['Grade 4 Gemdraught', 'Reassemble']"
-500,258,Holy Spirit,400.0,31913.0,,Default Target,[],67703560.0,[]
-380,330,Checkmate,180.0,24091.0,,Default Target,[],40811374.0,['Grade 4 Gemdraught']
450,450,Grade 4 Gemdraught,,,,,,,[]
-10,522,Auto,90.0,9852.0,,Default Target,[],6838685.0,[]
37,569,Auto,90.0,8128.0,,Default Target,[],4391455.0,[]
40,572,Auto,90.0,21.0,,Default Target,[],25.0,[]
-1200,590,Fire III,290.0,33775.0,,Default Target,['3 Astral Fire'],35211484.0,[]
110,642,Auto,90.0,9146.0,,Default Target,[],5850300.0,['Fugetsu']
170,702,Heavy Swing,240.0,19401.0,,Default Target,[],25021639.0,[]
730,730,Grade 4 Gemdraught,,,,,,,[]
258,790,Auto,90.0,5328.0,,Default Target,[],1887023.0,[]
795,795,Infuriate,,,,,,,[]
800,800,Grade 4 Gemdraught,,,,,,,[]
150,908,Shot,80.0,7847.0,,Default Target,[],4329995.0,['Grade 4 Gemdraught']
240,950,Double Check,180.0,24091.0,,Default Target,[],40811374.0,['Grade 4 Gemdraught']
-170,1120,Dia,85.0,10969.0,,Default Target,[],7095404.0,[]
590,1122,Auto,90.0,0.0,,Default Target,[],0.0,['Enochian']
-170,1500,Dia (dot),85.0,11244.0,,Default Target,[],7456489.0,[]
1000,1623,Fast Blade,220.0,17548.0,,Default Target,[],20469011.0,[]
1120,1652,Auto,90.0,0.0,,Default Target,[],0.0,['Grade 4 Gemdraught']
1050,1810,High Thunder,150.0,22191.0,,Default Target,[],15203066.0,['Enochian']
801,1961,Shadow of Death,300.0,30859.0,,Default Target,[],67100715.0,[]
2121,2121,Barrel Stabilizer,,,,,,,[]
2250,2250,Amplifier,,,,,,,[]
2421,2421,Grade 4 Gemdraught,,,,,,,[]
1820,2440,Kasha,420.0,51930.0,,Default Target,[],188617385.0,"['Fugetsu', 'Grade 4 Gemdraught']"
1501,2651,Drill,660.0,88349.0,,Default Target,[],548862248.0,['Grade 4 Gemdraught']
1550,2710,Fire IV,300.0,86475.0,,Default Target,['3 Astral Fire'],230834749.0,"['Enochian', 'Grade 4 Gemdraught', 'Swiftcast']"
2950,2950,Ley Lines,,,,,,,[]
2498,3030,Auto,90.0,5328.0,,Default Target,[],1887023.0,[]
2750,3282,Auto,90.0,9898.0,,Default Target,[],6851445.0,"['Fugetsu', 'Fuka', 'Grade 4 Gemdraught']"
2670,3293,Maim,340.0,27490.0,,Default Target,[],50236558.0,[]
2790,3548,Shot,80.0,7847.0,,Default Target,[],4329995.0,['Grade 4 Gemdraught']
3190,3722,Auto,90.0,11731.0,,Default Target,[],9697594.0,"[""Death's Design"", 'Grade 4 Gemdraught']"
3397,3929,Auto,90.0,8128.0,,Default Target,[],4391455.0,[]
3401,4071,Dosis III,380.0,53462.0,,Default Target,[],172533440.0,['Grade 4 Gemdraught']
4125,4125,Grade 4 Gemdraught,,,,,,,[]
3500,4258,Riot Blade,330.0,26327.0,,Default Target,[],46074807.0,[]
3291,4321,Soul Slice,520.0,63686.0,,Default Target,[],285794179.0,"[""Death's Design"", 'Grade 4 Gemdraught']"
3901,4433,Auto,90.0,21.0,,Default Target,[],25.0,['Grade 4 Gemdraught']
-170,4500,Dia (dot),85.0,11244.0,,Default Target,[],7456489.0,[]
940,4500,Eukrasian Dosis III (dot),85.0,12172.0,,Default Target,[],8943404.0,['Grade 4 Gemdraught']
1050,4500,Thunder (dot),60.0,10027.0,,Default Target,[],3103341.0,['Enochian']
3220,4510,Glare III,350.0,49122.0,,Default Target,[],142303382.0,['Grade 4 Gemdraught']
4511,4511,Arcane Circle,,,,,,,[]
4644,4644,Arcane Circle,,,,,,,[]
4644,4644,Arcane Circle,,,,,,,[]
4644,4644,Arcane Circle,,,,,,,[]
4644,4644,Arcane Circle,,,,,,,[]
4644,4644,Arcane Circle,,,,,,,[]
4644,4644,Arcane Circle,,,,,,,[]
4644,4644,Arcane Circle,,,,,,,[]
4001,5031,Chain Saw,660.0,88349.0,,Default Target,[],548862248.0,['Grade 4 Gemdraught']
4291,5091,Yukikaze,340.0,42037.0,,Default Target,['Meikyo Shisui'],123596383.0,"['Fugetsu', 'Fuka', 'Grade 4 Gemdraught']"
4560,5092,Auto,90.0,0.0,,Default Target,[],0.0,['Grade 4 Gemdraught']
4738,5270,Auto,90.0,5328.0,,Default Target,[],1887023.0,[]
5040,5572,Auto,90.0,9898.0,,Default Target,[],6851445.0,"['Fugetsu', 'Fuka', 'Grade 4 Gemdraught']"
5160,5692,Auto,90.0,0.0,,Default Target,[],0.0,"['Enochian', 'Grade 4 Gemdraught', 'Ley Lines']"
5795,5795,Inner Release,,,,,,,[]
4660,5820,Fire IV,300.0,86475.0,,Default Target,['3 Astral Fire'],230834749.0,"['Enochian', 'Grade 4 Gemdraught', 'Ley Lines']"
5430,6188,Shot,80.0,8082.0,,Default Target,[],4594128.0,"['Arcane Circle', 'Grade 4 Gemdraught']"
5131,6201,Gluttony,520.0,63686.0,,Default Target,[],285794179.0,"[""Death's Design"", 'Grade 4 Gemdraught']"
6252,6252,Presence of Mind,,,,,,,[]
5781,6401,Executioner's Gibbet,760.0,95873.0,,Default Target,[],647702906.0,"['Arcane Circle', ""Death's Design"", 'Grade 4 Gemdraught']"
6420,6420,Grade 4 Gemdraught,,,,,,,[]
5841,6511,Dosis III,380.0,55065.0,,Default Target,[],183041553.0,"['Arcane Circle', 'Grade 4 Gemdraught']"
6000,6578,Royal Authority,460.0,40909.0,,Default Target,[],111249179.0,"['Arcane Circle', 'Grade 4 Gemdraught']"
6625,6625,Fight or Flight,,,,,,,[]
5170,6819,Storm's Eye,500.0,40431.0,,Default Target,[],108662410.0,[]
6390,6922,Auto,90.0,12083.0,,Default Target,[],10288943.0,"['Arcane Circle', ""Death's Design"", 'Grade 4 Gemdraught']"
5650,6940,Glare III,350.0,50595.0,,Default Target,[],150967897.0,"['Arcane Circle', 'Grade 4 Gemdraught']"
7122,7122,Automaton Queen,,,,,,,[]
6701,7233,Auto,90.0,21.0,,Default Target,[],25.0,"['Arcane Circle', 'Grade 4 Gemdraught']"
6757,7289,Auto,90.0,9209.0,,Default Target,['Surging Tempest'],5637007.0,"['Arcane Circle', 'Surging Tempest']"
-170,7500,Dia (dot),85.0,11244.0,,Default Target,[],7456489.0,[]
940,7500,Eukrasian Dosis III (dot),85.0,12172.0,,Default Target,[],8943404.0,['Grade 4 Gemdraught']
1050,7500,Thunder (dot),60.0,10027.0,,Default Target,[],3103341.0,['Enochian']
6978,7510,Auto,90.0,5939.0,,Default Target,[],2345589.0,"['Arcane Circle', 'Grade 4 Gemdraught']"
6502,7572,Excavator,660.0,90999.0,,Default Target,[],582280449.0,"['Arcane Circle', 'Grade 4 Gemdraught']"
6490,7650,Fire IV,300.0,89069.0,,Default Target,['3 Astral Fire'],244888960.0,"['Arcane Circle', 'Enochian', 'Grade 4 Gemdraught', 'Ley Lines']"
7742,7742,Reassemble,,,,,,,[]
7322,7992,Phlegma III,600.0,86992.0,,Default Target,[],456829099.0,"['Arcane Circle', 'Grade 4 Gemdraught']"
7041,8071,Tendo Setsugekka,1100.0,194148.0,,Default Target,[],440000243.0,"['Arcane Circle', 'Fugetsu', 'Fuka', 'Grade 4 Gemdraught']"
7541,8073,Auto,90.0,10195.0,,Default Target,[],7268950.0,"['Arcane Circle', 'Fugetsu', 'Fuka', 'Grade 4 Gemdraught']"
7831,8501,Hissatsu: Senei,800.0,101889.0,,Default Target,[],726083420.0,"['Arcane Circle', 'Fugetsu', 'Fuka', 'Grade 4 Gemdraught']"
7250,8540,Imperator,580.0,64480.0,,Default Target,[],276382788.0,"['Arcane Circle', 'Fight or Flight', 'Grade 4 Gemdraught']"
7670,8607,Inner Chaos,660.0,112833.0,,Default Target,['Surging Tempest'],10605080.0,"['Arcane Circle', 'Grade 4 Gemdraught', 'Surging Tempest']"
8280,8812,Auto,90.0,0.0,,Default Target,[],0.0,"['Arcane Circle', 'Grade 4 Gemdraught', 'Presence of Mind']"
8070,8828,Shot,80.0,8082.0,,Default Target,[],4594128.0,"['Arcane Circle', 'Grade 4 Gemdraught']"
8295,8918,Upheaval,420.0,41629.0,,Default Target,['Surging Tempest'],115200969.0,"['Arcane Circle', 'Grade 4 Gemdraught', 'Surging Tempest']"
8500,9034,Goring Blade,700.0,77820.0,,Default Target,[],402566628.0,"['Arcane Circle', 'Fight or Flight', 'Grade 4 Gemdraught']"
7942,9042,Psyche,600.0,86992.0,,Default Target,[],456829099.0,"['Arcane Circle', 'Grade 4 Gemdraught']"
8389,9059,Assize,400.0,57824.0,,Default Target,[],197195912.0,"['Arcane Circle', 'Grade 4 Gemdraught', 'Presence of Mind']"
7780,9070,Glare III,350.0,50595.0,,Default Target,[],150967897.0,"['Arcane Circle', 'Grade 4 Gemdraught', 'Presence of Mind']"
9191,9191,Meikyo Shisui,,,,,,,[]
8820,9352,Auto,90.0,0.0,,Default Target,[],0.0,"['Arcane Circle', 'Enochian', 'Grade 4 Gemdraught', 'Ley Lines']"
8320,9480,Fire IV,300.0,89069.0,,Default Target,['3 Astral Fire'],244888960.0,"['Arcane Circle', 'Enochian', 'Grade 4 Gemdraught', 'Ley Lines']"
8920,9587,Onslaught,150.0,14863.0,,Default Target,['Surging Tempest'],14686368.0,"['Arcane Circle', 'Grade 4 Gemdraught', 'Surging Tempest']"
8571,9601,Tendo Kaeshi Setsugekka,1100.0,194148.0,,Default Target,[],440000243.0,"['Arcane Circle', 'Fugetsu', 'Fuka', 'Grade 4 Gemdraught']"
9060,9640,Afflatus Misery,1400.0,202391.0,,Default Target,[],2415784090.0,"['Arcane Circle', 'Grade 4 Gemdraught', 'Presence of Mind']"
9218,9750,Auto,90.0,7425.0,,Default Target,[],3664414.0,"['Arcane Circle', 'Fight or Flight', 'Grade 4 Gemdraught']"
9501,10033,Auto,90.0,21.0,,Default Target,[],25.0,"['Arcane Circle', 'Grade 4 Gemdraught']"
9590,10122,Auto,90.0,12083.0,,Default Target,[],10288943.0,"['Arcane Circle', ""Death's Design"", 'Grade 4 Gemdraught']"
9125,10148,Circle of Scorn,140.0,15554.0,,Default Target,[],16081891.0,"['Arcane Circle', 'Fight or Flight', 'Grade 4 Gemdraught']"
9002,10152,Drill,660.0,156783.0,,Default Target,['Reassemble'],20483306.0,"['Arcane Circle', 'Grade 4 Gemdraught', 'Reassemble']"
9622,10332,Checkmate,180.0,24814.0,,Default Target,[],43297945.0,"['Arcane Circle', 'Grade 4 Gemdraught']"
9831,10363,Auto,90.0,10195.0,,Default Target,[],7268950.0,"['Arcane Circle', 'Fugetsu', 'Fuka', 'Grade 4 Gemdraught']"
10382,10382,Druochole,,,,,,,[]
8272,10412,Executioner's Gallows,820.0,103440.0,,Default Target,['Enhanced Gallows'],753966408.0,"['Arcane Circle', ""Death's Design"", 'Enhanced Gallows', 'Grade 4 Gemdraught']"
9762,10432,Phlegma III,600.0,86992.0,,Default Target,[],456829099.0,"['Arcane Circle', 'Grade 4 Gemdraught']"
-170,10500,Dia (dot),85.0,11244.0,,Default Target,[],7456489.0,[]
940,10500,Eukrasian Dosis III (dot),85.0,12172.0,,Default Target,[],8943404.0,['Grade 4 Gemdraught']
1050,10500,Thunder (dot),60.0,10027.0,,Default Target,[],3103341.0,['Enochian']
9125,10500,Circle of Scorn (dot),30.0,3329.0,,Default Target,[],736585.0,"['Arcane Circle', 'Fight or Flight', 'Grade 4 Gemdraught']"
10117,10649,Auto,90.0,9966.0,,Default Target,['Surging Tempest'],6603581.0,"['Arcane Circle', 'Grade 4 Gemdraught', 'Surging Tempest']"
10170,10793,Fell Cleave,580.0,99156.0,,Default Target,['Surging Tempest'],8193921.0,"['Arcane Circle', 'Grade 4 Gemdraught', 'Inner Release', 'Surging Tempest']"
9811,10841,Zanshin,940.0,119719.0,,Default Target,[],1002446755.0,"['Arcane Circle', 'Fugetsu', 'Fuka', 'Grade 4 Gemdraught']"
10150,11310,Fire IV,300.0,89069.0,,Default Target,['3 Astral Fire'],244888960.0,"['Arcane Circle', 'Enochian', 'Grade 4 Gemdraught', 'Ley Lines']"
10795,11462,Onslaught,150.0,14863.0,,Default Target,['Surging Tempest'],14686368.0,"['Arcane Circle', 'Grade 4 Gemdraught', 'Surging Tempest']"
10710,11468,Shot,80.0,8082.0,,Default Target,[],4594128.0,"['Arcane Circle', 'Grade 4 Gemdraught']"
10711,11471,Gekko,420.0,53488.0,,Default Target,['Meikyo Shisui'],200101593.0,"['Arcane Circle', 'Fugetsu', 'Fuka', 'Grade 4 Gemdraught', 'Meikyo Shisui']"
11030,11562,Auto,90.0,0.0,,Default Target,[],0.0,"['Arcane Circle', 'Grade 4 Gemdraught', 'Presence of Mind']"
11020,11640,Xenoglossy,890.0,146792.0,,Default Target,[],665172261.0,"['Arcane Circle', 'Enochian', 'Grade 4 Gemdraught', 'Ley Lines']"
11720,11720,Manafont,,,,,,,[]
11000,11758,Holy Spirit,500.0,55584.0,,Default Target,['Divine Might'],205393104.0,"['Arcane Circle', 'Divine Might', 'Fight or Flight', 'Grade 4 Gemdraught']"
10762,11792,Soul Slice,520.0,65596.0,,Default Target,[],303199446.0,"['Arcane Circle', ""Death's Design"", 'Grade 4 Gemdraught']"
11331,11821,Hissatsu: Gyoten,100.0,12731.0,,Default Target,[],11335254.0,"['Arcane Circle', 'Fugetsu', 'Fuka', 'Grade 4 Gemdraught']"
11000,11850,Glare IV,640.0,92506.0,,Default Target,[],504697145.0,"['Arcane Circle', 'Grade 4 Gemdraught', 'Presence of Mind']"
11625,11982,Expiacion,450.0,50021.0,,Default Target,[],166336654.0,"['Arcane Circle', 'Fight or Flight', 'Grade 4 Gemdraught']"
11458,11990,Auto,90.0,7425.0,,Default Target,[],3664414.0,"['Arcane Circle', 'Fight or Flight', 'Grade 4 Gemdraught']"
11600,12132,Auto,90.0,0.0,,Default Target,[],0.0,"['Arcane Circle', 'Enochian', 'Grade 4 Gemdraught', 'Ley Lines']"
11503,12533,Full Metal Field,900.0,213800.0,,Default Target,[],38084907.0,"['Arcane Circle', 'Grade 4 Gemdraught']"
12622,12622,Roller Dash (pet),288.0,36441.0,,Default Target,[],93376638.0,"['Arcane Circle', 'Grade 4 Gemdraught']"
12121,12653,Auto,90.0,10195.0,,Default Target,[],7268950.0,"['Arcane Circle', 'Fugetsu', 'Fuka', 'Grade 4 Gemdraught']"
12743,12743,Hypercharge,,,,,,,[]
12123,12833,Double Check,180.0,24814.0,,Default Target,[],43297945.0,"['Arcane Circle', 'Grade 4 Gemdraught']"
12670,13293,Fell Cleave,580.0,99156.0,,Default Target,['Surging Tempest'],8193921.0,"['Arcane Circle', 'Grade 4 Gemdraught', 'Inner Release', 'Surging Tempest']"
12790,13322,Auto,90.0,12083.0,,Default Target,[],10288943.0,"['Arcane Circle', ""Death's Design"", 'Grade 4 Gemdraught']"
-170,13500,Dia (dot),85.0,11244.0,,Default Target,[],7456489.0,[]
940,13500,Eukrasian Dosis III (dot),85.0,12172.0,,Default Target,[],8943404.0,['Grade 4 Gemdraught']
1050,13500,Thunder (dot),60.0,10027.0,,Default Target,[],3103341.0,['Enochian']
9125,13500,Circle of Scorn (dot),30.0,3329.0,,Default Target,[],736585.0,"['Arcane Circle', 'Fight or Flight', 'Grade 4 Gemdraught']"
12940,13790,Glare IV,640.0,92506.0,,Default Target,[],504697145.0,"['Arcane Circle', 'Grade 4 Gemdraught', 'Presence of Mind']"
13163,13833,Dosis III,380.0,55065.0,,Default Target,[],183041553.0,"['Arcane Circle', 'Grade 4 Gemdraught']"
13873,13873,Enshroud,,,,,,,[]
13477,14009,Auto,90.0,9966.0,,Default Target,['Surging Tempest'],6603581.0,"['Arcane Circle', 'Grade 4 Gemdraught', 'Surging Tempest']"
13350,14108,Shot,80.0,8082.0,,Default Target,[],4594128.0,"['Arcane Circle', 'Grade 4 Gemdraught']"
13500,14123,Confiteor,1000.0,111175.0,,Default Target,['Requiescat'],821647910.0,"['Arcane Circle', 'Fight or Flight', 'Grade 4 Gemdraught', 'Requiescat']"
13663,14195,Auto,90.0,21.0,,Default Target,[],25.0,"['Arcane Circle', 'Grade 4 Gemdraught']"
13698,14230,Auto,90.0,7425.0,,Default Target,[],3664414.0,"['Arcane Circle', 'Fight or Flight', 'Grade 4 Gemdraught']"
13652,14272,Higanbana,200.0,25468.0,,Default Target,[],45367588.0,"['Arcane Circle', 'Fugetsu', 'Fuka', 'Grade 4 Gemdraught']"
13780,14312,Auto,90.0,0.0,,Default Target,[],0.0,"['Arcane Circle', 'Grade 4 Gemdraught', 'Presence of Mind']"
13253,14413,Plentiful Harvest,1000.0,126151.0,,Default Target,[],1121390424.0,"['Arcane Circle', ""Death's Design"", 'Grade 4 Gemdraught']"
14125,14703,Intervene,150.0,16670.0,,Default Target,[],18471328.0,"['Arcane Circle', 'Fight or Flight', 'Grade 4 Gemdraught']"
14003,14853,Blazing Shot,260.0,35846.0,,Default Target,['Overheated'],90351048.0,"['Arcane Circle', 'Grade 4 Gemdraught', 'Overheated']"
14380,14912,Auto,90.0,0.0,,Default Target,[],0.0,"['Arcane Circle', 'Enochian', 'Grade 4 Gemdraught', 'Ley Lines']"
14411,14943,Auto,90.0,10195.0,,Default Target,[],7268950.0,"['Arcane Circle', 'Fugetsu', 'Fuka', 'Grade 4 Gemdraught']"
13810,14970,Fire IV,300.0,89069.0,,Default Target,['3 Astral Fire'],244888960.0,"['Arcane Circle', 'Enochian', 'Grade 4 Gemdraught', 'Ley Lines']"
14623,15333,Checkmate,180.0,24814.0,,Default Target,[],43297945.0,"['Arcane Circle', 'Grade 4 Gemdraught']"
14881,15731,Glare IV,640.0,92506.0,,Default Target,[],504697145.0,"['Arcane Circle', 'Grade 4 Gemdraught', 'Presence of Mind']"
15170,15793,Fell Cleave,580.0,99156.0,,Default Target,['Surging Tempest'],8193921.0,"['Arcane Circle', 'Grade 4 Gemdraught', 'Inner Release', 'Surging Tempest']"
15822,15822,Arm Punch (pet),144.0,18217.0,,Default Target,[],23334501.0,"['Arcane Circle', 'Grade 4 Gemdraught']"
15641,16261,Flare Star,500.0,148456.0,,Default Target,['3 Astral Fire'],680309599.0,"['Arcane Circle', 'Enochian', 'Grade 4 Gemdraught', 'Ley Lines']"
15603,16273,Dosis III,380.0,55065.0,,Default Target,[],183041553.0,"['Arcane Circle', 'Grade 4 Gemdraught']"
15743,16283,Void Reaping,540.0,68117.0,,Default Target,[],326952479.0,"['Arcane Circle', ""Death's Design"", 'Grade 4 Gemdraught']"
15792,16292,Ogi Namikiri,1000.0,176500.0,,Default Target,[],363635154.0,"['Arcane Circle', 'Fugetsu', 'Fuka', 'Grade 4 Gemdraught']"
15504,16354,Blazing Shot,260.0,35846.0,,Default Target,['Overheated'],90351048.0,"['Arcane Circle', 'Grade 4 Gemdraught', 'Overheated']"
16420,16420,Infuriate,,,,,,,[]
15938,16470,Auto,90.0,7425.0,,Default Target,[],3664414.0,"['Arcane Circle', 'Fight or Flight', 'Grade 4 Gemdraught']"
-170,16500,Dia (dot),85.0,11244.0,,Default Target,[],7456489.0,[]
940,16500,Eukrasian Dosis III (dot),85.0,12172.0,,Default Target,[],8943404.0,['Grade 4 Gemdraught']
1050,16500,Thunder (dot),60.0,10027.0,,Default Target,[],3103341.0,['Enochian']
9125,16500,Circle of Scorn (dot),30.0,3329.0,,Default Target,[],736585.0,"['Arcane Circle', 'Fight or Flight', 'Grade 4 Gemdraught']"
13652,16500,Higanbana (dot),50.0,6442.0,,Default Target,[],2901927.0,"['Arcane Circle', 'Fugetsu', 'Fuka', 'Grade 4 Gemdraught']"
15990,16522,Auto,90.0,12083.0,,Default Target,[],10288943.0,"['Arcane Circle', ""Death's Design"", 'Grade 4 Gemdraught']"
16000,16666,Blade of Faith,760.0,84492.0,,Default Target,['Requiescat'],474561187.0,"['Arcane Circle', 'Fight or Flight', 'Grade 4 Gemdraught', 'Requiescat']"
15990,16748,Shot,80.0,8082.0,,Default Target,[],4594128.0,"['Arcane Circle', 'Grade 4 Gemdraught']"
16123,16833,Double Check,180.0,24814.0,,Default Target,[],43297945.0,"['Arcane Circle', 'Grade 4 Gemdraught']"
15795,16945,Primal Wrath,700.0,69389.0,,Default Target,['Surging Tempest'],320072263.0,"['Arcane Circle', 'Grade 4 Gemdraught', 'Surging Tempest']"
16392,16972,Shoha,640.0,81507.0,,Default Target,[],464646117.0,"['Arcane Circle', 'Fugetsu', 'Fuka', 'Grade 4 Gemdraught']"
16463,16995,Auto,90.0,21.0,,Default Target,[],25.0,"['Arcane Circle', 'Grade 4 Gemdraught']"
16530,17062,Auto,90.0,0.0,,Default Target,[],0.0,"['Arcane Circle', 'Grade 4 Gemdraught', 'Presence of Mind']"
16363,17123,Sacrificium,600.0,75689.0,,Default Target,[],403697858.0,"['Arcane Circle', ""Death's Design"", 'Grade 4 Gemdraught']"
16701,17233,Auto,90.0,10195.0,,Default Target,[],7268950.0,"['Arcane Circle', 'Fugetsu', 'Fuka', 'Grade 4 Gemdraught']"
16837,17369,Auto,90.0,9966.0,,Default Target,['Surging Tempest'],6603581.0,"['Arcane Circle', 'Grade 4 Gemdraught', 'Surging Tempest']"
17422,17422,Arm Punch (pet),144.0,18217.0,,Default Target,[],23334501.0,"['Arcane Circle', 'Grade 4 Gemdraught']"
17132,17622,Kaeshi: Namikiri,1000.0,176500.0,,Default Target,[],363635154.0,"['Arcane Circle', 'Fugetsu', 'Fuka', 'Grade 4 Gemdraught']"
17004,17854,Blazing Shot,260.0,35846.0,,Default Target,['Overheated'],90351048.0,"['Arcane Circle', 'Grade 4 Gemdraught', 'Overheated']"
17244,17864,Cross Reaping,600.0,75689.0,,Default Target,['Enhanced Cross Reaping'],403697858.0,"['Arcane Circle', ""Death's Design"", 'Enhanced Cross Reaping', 'Grade 4 Gemdraught']"
17624,18334,Checkmate,180.0,24814.0,,Default Target,[],43297945.0,"['Arcane Circle', 'Grade 4 Gemdraught']"
17971,18503,Auto,90.0,0.0,,Default Target,[],0.0,"['Arcane Circle', 'Enochian', 'Grade 4 Gemdraught', 'Ley Lines']"
17864,18574,Lemure's Slice,280.0,35318.0,,Default Target,[],87895079.0,"['Arcane Circle', ""Death's Design"", 'Grade 4 Gemdraught']"
17471,18631,Fire IV,300.0,89069.0,,Default Target,['3 Astral Fire'],244888960.0,"['Arcane Circle', 'Enochian', 'Grade 4 Gemdraught', 'Ley Lines']"
18178,18710,Auto,90.0,7425.0,,Default Target,[],3664414.0,"['Arcane Circle', 'Fight or Flight', 'Grade 4 Gemdraught']"
18044,18714,Dosis III,380.0,55065.0,,Default Target,[],183041553.0,"['Arcane Circle', 'Grade 4 Gemdraught']"
17481,18771,Glare III,350.0,50595.0,,Default Target,[],150967897.0,"['Arcane Circle', 'Grade 4 Gemdraught', 'Presence of Mind']"
17670,18830,Primal Rend,700.0,119672.0,,Default Target,['Surging Tempest'],11938080.0,"['Arcane Circle', 'Grade 4 Gemdraught', 'Surging Tempest']"
19022,19022,Arm Punch (pet),144.0,18217.0,,Default Target,[],23334501.0,"['Arcane Circle', 'Grade 4 Gemdraught']"
18744,19284,Void Reaping,600.0,75689.0,,Default Target,['Enhanced Void Reaping'],403697858.0,"['Arcane Circle', ""Death's Design"", 'Enhanced Void Reaping', 'Grade 4 Gemdraught']"
18505,19355,Blazing Shot,260.0,35846.0,,Default Target,['Overheated'],90351048.0,"['Arcane Circle', 'Grade 4 Gemdraught', 'Overheated']"
18630,19388,Shot,80.0,8082.0,,Default Target,[],4594128.0,"['Arcane Circle', 'Grade 4 Gemdraught']"
18500,19391,Blade of Truth,880.0,97832.0,,Default Target,['Requiescat'],636248422.0,"['Arcane Circle', 'Fight or Flight', 'Grade 4 Gemdraught', 'Requiescat']"
-170,19500,Dia (dot),85.0,11244.0,,Default Target,[],7456489.0,[]
940,19500,Eukrasian Dosis III (dot),85.0,12172.0,,Default Target,[],8943404.0,['Grade 4 Gemdraught']
1050,19500,Thunder (dot),60.0,10027.0,,Default Target,[],3103341.0,['Enochian']
9125,19500,Circle of Scorn (dot),30.0,3329.0,,Default Target,[],736585.0,"['Arcane Circle', 'Fight or Flight', 'Grade 4 Gemdraught']"
13652,19500,Higanbana (dot),50.0,6442.0,,Default Target,[],2901927.0,"['Arcane Circle', 'Fugetsu', 'Fuka', 'Grade 4 Gemdraught']"
18991,19523,Auto,90.0,10195.0,,Default Target,[],7268950.0,"['Arcane Circle', 'Fugetsu', 'Fuka', 'Grade 4 Gemdraught']"
19125,19703,Intervene,150.0,16670.0,,Default Target,[],18471328.0,"['Arcane Circle', 'Fight or Flight', 'Grade 4 Gemdraught']"
19190,19722,Auto,90.0,12083.0,,Default Target,[],10288943.0,"['Arcane Circle', ""Death's Design"", 'Grade 4 Gemdraught']"
19263,19795,Auto,90.0,21.0,,Default Target,[],25.0,"['Arcane Circle', 'Grade 4 Gemdraught']"
19125,19835,Double Check,180.0,24814.0,,Default Target,[],43297945.0,"['Arcane Circle', 'Grade 4 Gemdraught']"
20030,20030,Thin Air,,,,,,,[]
19272,20032,Gekko,420.0,53488.0,,Default Target,[],200101593.0,"['Arcane Circle', 'Fugetsu', 'Fuka', 'Grade 4 Gemdraught']"
19921,20453,Auto,90.0,0.0,,Default Target,[],0.0,"['Arcane Circle', 'Grade 4 Gemdraught', 'Presence of Mind']"
19301,20461,Fire IV,300.0,89069.0,,Default Target,['3 Astral Fire'],244888960.0,"['Arcane Circle', 'Enochian', 'Grade 4 Gemdraught', 'Ley Lines']"
19892,20512,Hissatsu: Shinten,250.0,31837.0,,Default Target,[],70898097.0,"['Arcane Circle', 'Fugetsu', 'Fuka', 'Grade 4 Gemdraught']"
20622,20622,Pile Bunker (pet),408.0,51625.0,,Default Target,[],187408189.0,"['Arcane Circle', 'Grade 4 Gemdraught']"
19421,20711,Glare III,350.0,50595.0,,Default Target,[],150967897.0,"['Arcane Circle', 'Grade 4 Gemdraught', 'Presence of Mind']"
20197,20729,Auto,90.0,9966.0,,Default Target,['Surging Tempest'],6603581.0,"['Arcane Circle', 'Grade 4 Gemdraught', 'Surging Tempest']"
20005,20855,Blazing Shot,260.0,35846.0,,Default Target,['Overheated'],90351048.0,"['Arcane Circle', 'Grade 4 Gemdraught', 'Overheated']"
20245,20865,Cross Reaping,600.0,75689.0,,Default Target,['Enhanced Cross Reaping'],403697858.0,"['Arcane Circle', ""Death's Design"", 'Enhanced Cross Reaping', 'Grade 4 Gemdraught']"
10242,20912,Wildfire (dot),1440.0,155759.0,,Default Target,['6 GCD'],20220244.0,"['Arcane Circle', 'Grade 4 Gemdraught']"
20418,20950,Auto,90.0,7425.0,,Default Target,[],3664414.0,"['Arcane Circle', 'Fight or Flight', 'Grade 4 Gemdraught']"
20484,21154,Dosis III,380.0,55065.0,,Default Target,[],183041553.0,"['Arcane Circle', 'Grade 4 Gemdraught']"
20170,21230,Primal Ruination,780.0,133357.0,,Default Target,['Surging Tempest'],14820741.0,"['Arcane Circle', 'Grade 4 Gemdraught', 'Surging Tempest']"
20625,21335,Checkmate,180.0,24814.0,,Default Target,[],43297945.0,"['Arcane Circle', 'Grade 4 Gemdraught']"
20865,21575,Lemure's Slice,280.0,35318.0,,Default Target,[],87895079.0,"['Arcane Circle', ""Death's Design"", 'Grade 4 Gemdraught']"
21281,21813,Auto,90.0,10195.0,,Default Target,[],7268950.0,"['Arcane Circle', 'Fugetsu', 'Fuka', 'Grade 4 Gemdraught']"
21000,21891,Blade of Valor,1000.0,111175.0,,Default Target,['Requiescat'],821647910.0,"['Arcane Circle', 'Fight or Flight', 'Grade 4 Gemdraught', 'Requiescat']"
21970,21970,Thin Air,,,,,,,[]
21270,22028,Shot,80.0,8082.0,,Default Target,[],4594128.0,"['Arcane Circle', 'Grade 4 Gemdraught']"
21412,22032,Kasha,420.0,53488.0,,Default Target,[],200101593.0,"['Arcane Circle', 'Fugetsu', 'Fuka', 'Grade 4 Gemdraught']"
21631,22163,Auto,90.0,0.0,,Default Target,[],0.0,"['Arcane Circle', 'Enochian', 'Grade 4 Gemdraught', 'Ley Lines']"
21131,22291,Fire IV,300.0,89069.0,,Default Target,['3 Astral Fire'],244888960.0,"['Arcane Circle', 'Enochian', 'Grade 4 Gemdraught', 'Ley Lines']"
-170,22500,Dia (dot),85.0,11244.0,,Default Target,[],7456489.0,[]
940,22500,Eukrasian Dosis III (dot),85.0,12172.0,,Default Target,[],8943404.0,['Grade 4 Gemdraught']
1050,22500,Thunder (dot),60.0,10027.0,,Default Target,[],3103341.0,['Enochian']
9125,22500,Circle of Scorn (dot),30.0,3329.0,,Default Target,[],736585.0,"['Arcane Circle', 'Fight or Flight', 'Grade 4 Gemdraught']"
13652,22500,Higanbana (dot),50.0,6442.0,,Default Target,[],2901927.0,"['Arcane Circle', 'Fugetsu', 'Fuka', 'Grade 4 Gemdraught']"
22032,22522,Hissatsu: Gyoten,100.0,12731.0,,Default Target,[],11335254.0,"['Arcane Circle', 'Fugetsu', 'Fuka', 'Grade 4 Gemdraught']"
22622,22622,Crowned Collider (pet),468.0,59218.0,,Default Target,[],246597552.0,"['Arcane Circle', 'Grade 4 Gemdraught']"
21361,22651,Glare III,350.0,50595.0,,Default Target,[],150967897.0,"['Arcane Circle', 'Grade 4 Gemdraught', 'Presence of Mind']"
21506,22656,Drill,660.0,90999.0,,Default Target,[],582280449.0,"['Arcane Circle', 'Grade 4 Gemdraught']"
21625,22785,Blade of Honor,1000.0,111175.0,,Default Target,[],821647910.0,"['Arcane Circle', 'Fight or Flight', 'Grade 4 Gemdraught']"
22126,22836,Double Check,180.0,24814.0,,Default Target,[],43297945.0,"['Arcane Circle', 'Grade 4 Gemdraught']"
22545,23165,Communio,1100.0,138766.0,,Default Target,[],1356871494.0,"['Arcane Circle', ""Death's Design"", 'Grade 4 Gemdraught']"
22658,23190,Auto,90.0,7425.0,,Default Target,[],3664414.0,"['Arcane Circle', 'Fight or Flight', 'Grade 4 Gemdraught']"
22746,23456,Checkmate,180.0,24814.0,,Default Target,[],43297945.0,"['Arcane Circle', 'Grade 4 Gemdraught']"
23045,23577,Auto,90.0,12083.0,,Default Target,[],10288943.0,"['Arcane Circle', ""Death's Design"", 'Grade 4 Gemdraught']"
22924,23594,Dosis III,380.0,55065.0,,Default Target,[],183041553.0,"['Arcane Circle', 'Grade 4 Gemdraught']"
22670,23607,Inner Chaos,660.0,112833.0,,Default Target,['Surging Tempest'],10605080.0,"['Arcane Circle', 'Grade 4 Gemdraught', 'Surging Tempest']"
23424,23956,Auto,90.0,21.0,,Default Target,[],25.0,"['Arcane Circle', 'Grade 4 Gemdraught']"
23557,24089,Auto,90.0,9966.0,,Default Target,['Surging Tempest'],6603581.0,"['Arcane Circle', 'Grade 4 Gemdraught', 'Surging Tempest']"
23571,24103,Auto,90.0,10195.0,,Default Target,[],7268950.0,"['Arcane Circle', 'Fugetsu', 'Fuka', 'Grade 4 Gemdraught']"
22961,24121,Fire IV,300.0,89069.0,,Default Target,['3 Astral Fire'],244888960.0,"['Arcane Circle', 'Enochian', 'Grade 4 Gemdraught']"
23552,24402,Gyofu,240.0,30560.0,,Default Target,[],65322045.0,"['Arcane Circle', 'Fugetsu', 'Fuka', 'Grade 4 Gemdraught']"
24101,24633,Auto,90.0,0.0,,Default Target,[],0.0,"['Arcane Circle', 'Grade 4 Gemdraught']"
23910,24668,Shot,80.0,8082.0,,Default Target,[],4594128.0,"['Arcane Circle', 'Grade 4 Gemdraught']"
23500,24793,Atonement,460.0,51136.0,,Default Target,[],173824157.0,"['Arcane Circle', 'Fight or Flight', 'Grade 4 Gemdraught']"
24006,24806,Heated Split Shot,220.0,30327.0,,Default Target,[],64675413.0,"['Arcane Circle', 'Grade 4 Gemdraught']"
23601,24891,Glare III,350.0,50595.0,,Default Target,[],150967897.0,"['Arcane Circle', 'Grade 4 Gemdraught']"
24626,25336,Double Check,180.0,24814.0,,Default Target,[],43297945.0,"['Arcane Circle', 'Grade 4 Gemdraught']"
24866,25406,Unveiled Gibbet,440.0,55502.0,,Default Target,[],217062312.0,"['Arcane Circle', ""Death's Design"", 'Grade 4 Gemdraught']"
24898,25430,Auto,90.0,7425.0,,Default Target,[],3664414.0,"['Arcane Circle', 'Fight or Flight', 'Grade 4 Gemdraught']"
-170,25500,Dia (dot),85.0,11244.0,,Default Target,[],7456489.0,[]
940,25500,Eukrasian Dosis III (dot),85.0,12172.0,,Default Target,[],8943404.0,['Grade 4 Gemdraught']
1050,25500,Thunder (dot),60.0,10027.0,,Default Target,[],3103341.0,['Enochian']
13652,25500,Higanbana (dot),50.0,6442.0,,Default Target,[],2901927.0,"['Arcane Circle', 'Fugetsu', 'Fuka', 'Grade 4 Gemdraught']"
24246,25536,Perfectio,1300.0,163998.0,,Default Target,[],1895210622.0,"['Arcane Circle', ""Death's Design"", 'Grade 4 Gemdraught']"
25171,25703,Heavy Swing,240.0,23781.0,,Default Target,['Surging Tempest'],37596313.0,"['Arcane Circle', 'Grade 4 Gemdraught', 'Surging Tempest']"
25481,26241,High Thunder,150.0,24019.0,,Default Target,[],17807052.0,"['Enochian', 'Grade 4 Gemdraught']"
25071,26361,Dia,85.0,12229.0,,Default Target,[],8819671.0,"['Arcane Circle', 'Grade 4 Gemdraught']"
25861,26393,Auto,90.0,9898.0,,Default Target,[],6851445.0,"['Fugetsu', 'Fuka', 'Grade 4 Gemdraught']"
25692,26492,Yukikaze,340.0,42037.0,,Default Target,[],123596383.0,"['Fugetsu', 'Fuka', 'Grade 4 Gemdraught']"
25981,26513,Auto,90.0,0.0,,Default Target,[],0.0,"['Enochian', 'Grade 4 Gemdraught']"
26224,26756,Auto,90.0,21.0,,Default Target,[],25.0,['Grade 4 Gemdraught']
26245,26777,Auto,90.0,11731.0,,Default Target,[],9697594.0,"[""Death's Design"", 'Grade 4 Gemdraught']"
26312,26932,Hissatsu: Shinten,250.0,30910.0,,Default Target,[],66828064.0,"['Fugetsu', 'Fuka', 'Grade 4 Gemdraught']"
26000,27160,Supplication,500.0,53965.0,,Default Target,[],193605409.0,"['Fight or Flight', 'Grade 4 Gemdraught']"
26736,27226,Gibbet,620.0,75933.0,,Default Target,['Enhanced Gibbet'],406285543.0,"[""Death's Design"", 'Enhanced Gibbet', 'Grade 4 Gemdraught']"
26507,27307,Heated Slug Shot,320.0,42833.0,,Default Target,[],129006970.0,['Grade 4 Gemdraught']
26550,27308,Shot,80.0,7847.0,,Default Target,[],4329995.0,['Grade 4 Gemdraught']
26917,27449,Auto,90.0,9676.0,,Default Target,['Surging Tempest'],6223026.0,"['Grade 4 Gemdraught', 'Surging Tempest']"
27138,27670,Auto,90.0,7208.0,,Default Target,[],3453776.0,"['Fight or Flight', 'Grade 4 Gemdraught']"
27671,28294,Maim,340.0,32714.0,,Default Target,['Surging Tempest'],71146594.0,"['Grade 4 Gemdraught', 'Surging Tempest']"
27201,28361,Fire IV,300.0,86475.0,,Default Target,['3 Astral Fire'],230834749.0,"['Enochian', 'Grade 4 Gemdraught']"
28474,28474,Druochole,,,,,,,[]
13652,28500,Higanbana (dot),50.0,6442.0,,Default Target,[],2901927.0,"['Arcane Circle', 'Fugetsu', 'Fuka', 'Grade 4 Gemdraught']"
25071,28500,Dia (dot),85.0,12536.0,,Default Target,[],9268595.0,"['Arcane Circle', 'Grade 4 Gemdraught']"
25406,28500,Eukrasian Dosis III (dot),85.0,12172.0,,Default Target,[],8943404.0,['Grade 4 Gemdraught']
25481,28500,Thunder (dot),60.0,10853.0,,Default Target,[],3636061.0,"['Enochian', 'Grade 4 Gemdraught']"
27866,28536,Dosis III,380.0,53462.0,,Default Target,[],172533440.0,['Grade 4 Gemdraught']
28442,29472,Tendo Setsugekka,1100.0,188493.0,,Default Target,[],414732390.0,"['Fugetsu', 'Fuka', 'Grade 4 Gemdraught']"
28942,29474,Auto,90.0,9898.0,,Default Target,[],6851445.0,"['Fugetsu', 'Fuka', 'Grade 4 Gemdraught']"
28961,29493,Auto,90.0,0.0,,Default Target,[],0.0,['Grade 4 Gemdraught']
29024,29556,Auto,90.0,21.0,,Default Target,[],25.0,['Grade 4 Gemdraught']
28461,29751,Glare III,350.0,49122.0,,Default Target,[],142303382.0,['Grade 4 Gemdraught']
28500,29790,Sepulchre,540.0,46625.0,,Default Target,[],144509834.0,['Grade 4 Gemdraught']
29007,29807,Heated Clean Shot,420.0,51946.0,,Default Target,[],189745438.0,[]
29378,29910,Auto,90.0,5767.0,,Default Target,[],2210488.0,['Grade 4 Gemdraught']
29931,29931,Afflatus Rapture,,,,,,,[]
29190,29948,Shot,80.0,7251.0,,Default Target,[],3696450.0,[]
29445,29977,Auto,90.0,11731.0,,Default Target,[],9697594.0,"[""Death's Design"", 'Grade 4 Gemdraught']"
29851,30383,Auto,90.0,0.0,,Default Target,[],0.0,"['Enochian', 'Grade 4 Gemdraught']"
29227,30387,Shadow of Death,300.0,36740.0,,Default Target,[],95117812.0,"[""Death's Design"", 'Grade 4 Gemdraught']"
29351,30511,Fire IV,300.0,86475.0,,Default Target,['3 Astral Fire'],230834749.0,"['Enochian', 'Grade 4 Gemdraught']"
30277,30809,Auto,90.0,9676.0,,Default Target,['Surging Tempest'],6223026.0,"['Grade 4 Gemdraught', 'Surging Tempest']"
30307,30977,Dosis III,380.0,53462.0,,Default Target,[],172533440.0,['Grade 4 Gemdraught']
29973,31003,Tendo Kaeshi Setsugekka,1100.0,188493.0,,Default Target,[],414732390.0,"['Fugetsu', 'Fuka', 'Grade 4 Gemdraught']"
30796,31463,Onslaught,150.0,14430.0,,Default Target,['Surging Tempest'],13842047.0,"['Grade 4 Gemdraught', 'Surging Tempest']"
13652,31500,Higanbana (dot),50.0,6442.0,,Default Target,[],2901927.0,"['Arcane Circle', 'Fugetsu', 'Fuka', 'Grade 4 Gemdraught']"
25071,31500,Dia (dot),85.0,12536.0,,Default Target,[],9268595.0,"['Arcane Circle', 'Grade 4 Gemdraught']"
25406,31500,Eukrasian Dosis III (dot),85.0,12172.0,,Default Target,[],8943404.0,['Grade 4 Gemdraught']
25481,31500,Thunder (dot),60.0,10853.0,,Default Target,[],3636061.0,"['Enochian', 'Grade 4 Gemdraught']"
31000,31623,Fast Blade,220.0,18993.0,,Default Target,[],23978852.0,['Grade 4 Gemdraught']
30171,31686,Storm's Path,500.0,48117.0,,Default Target,['Surging Tempest'],153906513.0,"['Grade 4 Gemdraught', 'Surging Tempest']"
31232,31764,Auto,90.0,9898.0,,Default Target,[],6851445.0,"['Fugetsu', 'Fuka', 'Grade 4 Gemdraught']"
31501,32121,Flare Star,500.0,133166.0,,Default Target,['3 Astral Fire'],547404282.0,['Enochian']
31618,32150,Auto,90.0,5767.0,,Default Target,[],2210488.0,['Grade 4 Gemdraught']
31717,32207,Slice,420.0,51434.0,,Default Target,[],186419631.0,"[""Death's Design"", 'Grade 4 Gemdraught']"
31508,32308,Heated Split Shot,220.0,27207.0,,Default Target,[],52053770.0,[]
32360,32360,Afflatus Rapture,,,,,,,[]
31830,32588,Shot,80.0,7251.0,,Default Target,[],3696450.0,[]
32430,32920,Despair,350.0,93213.0,,Default Target,['3 Astral Fire'],268247312.0,['Enochian']
32401,32933,Auto,90.0,0.0,,Default Target,[],0.0,[]
32113,32963,Gyofu,240.0,27418.0,,Default Target,[],52581804.0,"['Fugetsu', 'Fuka']"
33131,33131,Transpose,,,,,,,[]
32645,33177,Auto,90.0,11731.0,,Default Target,[],9697594.0,"[""Death's Design"", 'Grade 4 Gemdraught']"
32671,33294,Fell Cleave,580.0,55814.0,,Default Target,['Surging Tempest'],207082394.0,"['Grade 4 Gemdraught', 'Surging Tempest']"
33296,33296,Infuriate,,,,,,,[]
32747,33417,Dosis III,380.0,49391.0,,Default Target,[],147266966.0,[]
33131,33663,Auto,90.0,0.0,,Default Target,[],0.0,['Enochian']
33247,33779,Auto,90.0,21.0,,Default Target,[],25.0,[]
33831,33831,Triplecast,,,,,,,[]
33522,34054,Auto,90.0,9146.0,,Default Target,[],5850300.0,"['Fugetsu', 'Fuka']"
33637,34169,Auto,90.0,9676.0,,Default Target,['Surging Tempest'],6223026.0,"['Grade 4 Gemdraught', 'Surging Tempest']"
33500,34258,Riot Blade,330.0,28490.0,,Default Target,[],53957265.0,['Grade 4 Gemdraught']
33858,34390,Auto,90.0,5767.0,,Default Target,[],2210488.0,['Grade 4 Gemdraught']
13652,34500,Higanbana (dot),50.0,6442.0,,Default Target,[],2901927.0,"['Arcane Circle', 'Fugetsu', 'Fuka', 'Grade 4 Gemdraught']"
25071,34500,Dia (dot),85.0,12536.0,,Default Target,[],9268595.0,"['Arcane Circle', 'Grade 4 Gemdraught']"
25406,34500,Eukrasian Dosis III (dot),85.0,12172.0,,Default Target,[],8943404.0,['Grade 4 Gemdraught']
25481,34500,Thunder (dot),60.0,10853.0,,Default Target,[],3636061.0,"['Enochian', 'Grade 4 Gemdraught']"
34208,34788,Waxing Slice,500.0,56579.0,,Default Target,[],225581193.0,"[""Death's Design""]"
34791,34791,Afflatus Rapture,,,,,,,[]
34008,34808,Heated Slug Shot,320.0,39574.0,,Default Target,[],110128346.0,[]
34253,35053,Yukikaze,340.0,38842.0,,Default Target,[],105525015.0,"['Fugetsu', 'Fuka']"
34470,35228,Shot,80.0,7251.0,,Default Target,[],3696450.0,[]
34581,35421,Blizzard III,290.0,42893.0,,Default Target,['1 Umbral Ice'],56791993.0,"['Enochian', 'Triplecast']"
35188,35858,Dosis III,380.0,49391.0,,Default Target,[],147266966.0,[]
35171,36108,Inner Chaos,660.0,109547.0,,Default Target,['Surging Tempest'],9995525.0,"['Grade 4 Gemdraught', 'Surging Tempest']"
35812,36344,Auto,90.0,9146.0,,Default Target,[],5850300.0,"['Fugetsu', 'Fuka']"
35841,36373,Auto,90.0,0.0,,Default Target,[],0.0,[]
35845,36377,Auto,90.0,10837.0,,Default Target,[],8273889.0,"[""Death's Design""]"
36000,36578,Royal Authority,460.0,36701.0,,Default Target,[],89538338.0,[]
36047,36579,Auto,90.0,21.0,,Default Target,[],25.0,[]
36098,36630,Auto,90.0,5328.0,,Default Target,[],1887023.0,[]
36411,36943,Auto,90.0,0.0,,Default Target,[],0.0,['Enochian']
36393,37243,Gyofu,240.0,27418.0,,Default Target,[],52581804.0,"['Fugetsu', 'Fuka']"
36509,37309,Heated Clean Shot,420.0,51946.0,,Default Target,[],189745438.0,[]
13652,37500,Higanbana (dot),50.0,6442.0,,Default Target,[],2901927.0,"['Arcane Circle', 'Fugetsu', 'Fuka', 'Grade 4 Gemdraught']"
25071,37500,Dia (dot),85.0,12536.0,,Default Target,[],9268595.0,"['Arcane Circle', 'Grade 4 Gemdraught']"
25406,37500,Eukrasian Dosis III (dot),85.0,12172.0,,Default Target,[],8943404.0,['Grade 4 Gemdraught']
25481,37500,Thunder (dot),60.0,10853.0,,Default Target,[],3636061.0,"['Enochian', 'Grade 4 Gemdraught']"
36997,37529,Auto,90.0,9676.0,,Default Target,['Surging Tempest'],6223026.0,"['Grade 4 Gemdraught', 'Surging Tempest']"
36698,37728,Soul Slice,520.0,58841.0,,Default Target,[],243981522.0,"[""Death's Design""]"
37221,37801,Afflatus Misery,1400.0,181530.0,,Default Target,[],1943447881.0,[]
37318,37858,Unveiled Gallows,440.0,49788.0,,Default Target,[],174669570.0,"[""Death's Design""]"
37110,37868,Shot,80.0,7251.0,,Default Target,[],3696450.0,[]
36731,37891,Blizzard IV,300.0,44387.0,,Default Target,['3 Umbral Ice'],60819838.0,"['Enochian', 'Triplecast']"
37671,38203,Heavy Swing,240.0,21341.0,,Default Target,['Surging Tempest'],30278556.0,['Surging Tempest']
37628,38298,Dosis III,380.0,49391.0,,Default Target,[],147266966.0,[]
38102,38634,Auto,90.0,9146.0,,Default Target,[],5850300.0,"['Fugetsu', 'Fuka']"
38338,38870,Auto,90.0,5328.0,,Default Target,[],1887023.0,[]
38296,38919,Upheaval,420.0,37355.0,,Default Target,['Surging Tempest'],92756681.0,['Surging Tempest']
38500,39123,Fast Blade,220.0,17548.0,,Default Target,[],20469011.0,[]
38533,39153,Jinpu,300.0,34274.0,,Default Target,[],82159455.0,"['Fugetsu', 'Fuka']"
38847,39379,Auto,90.0,21.0,,Default Target,[],25.0,[]
38881,39551,Paradox,540.0,79886.0,,Default Target,['3 Umbral Ice'],197010726.0,"['Enochian', 'Triplecast']"
39045,39577,Auto,90.0,10837.0,,Default Target,[],8273889.0,"[""Death's Design""]"
39581,39581,Transpose,,,,,,,[]
39189,39679,Gallows,620.0,70159.0,,Default Target,['Enhanced Gallows'],346845630.0,"[""Death's Design"", 'Enhanced Gallows']"
39281,39813,Auto,90.0,0.0,,Default Target,[],0.0,[]
39125,40148,Circle of Scorn,140.0,11164.0,,Default Target,[],8284059.0,[]
39009,40159,Air Anchor,660.0,81629.0,,Default Target,[],468551960.0,[]
39691,40223,Auto,90.0,0.0,,Default Target,[],0.0,['Enochian']
13652,40500,Higanbana (dot),50.0,6442.0,,Default Target,[],2901927.0,"['Arcane Circle', 'Fugetsu', 'Fuka', 'Grade 4 Gemdraught']"
25071,40500,Dia (dot),85.0,12536.0,,Default Target,[],9268595.0,"['Arcane Circle', 'Grade 4 Gemdraught']"
25406,40500,Eukrasian Dosis III (dot),85.0,12172.0,,Default Target,[],8943404.0,['Grade 4 Gemdraught']
25481,40500,Thunder (dot),60.0,10853.0,,Default Target,[],3636061.0,"['Enochian', 'Grade 4 Gemdraught']"
39125,40500,Circle of Scorn (dot),30.0,2392.0,,Default Target,[],380146.0,[]
39750,40508,Shot,80.0,7251.0,,Default Target,[],3696450.0,[]
40069,40739,Dosis III,380.0,49391.0,,Default Target,[],147266966.0,[]
40171,40794,Maim,340.0,30239.0,,Default Target,['Surging Tempest'],60784922.0,['Surging Tempest']
40357,40889,Auto,90.0,8941.0,,Default Target,['Surging Tempest'],5313749.0,['Surging Tempest']
40392,40924,Auto,90.0,9146.0,,Default Target,[],5850300.0,"['Fugetsu', 'Fuka']"
40578,41110,Auto,90.0,5328.0,,Default Target,[],1887023.0,[]
40673,41433,Gekko,420.0,47982.0,,Default Target,[],161026141.0,"['Fugetsu', 'Fuka']"
41031,41701,Paradox,540.0,79886.0,,Default Target,['1 Astral Fire'],197010726.0,['Enochian']
41000,41758,Riot Blade,330.0,26327.0,,Default Target,[],46074807.0,[]
40611,41901,Glare III,350.0,45381.0,,Default Target,[],121455354.0,[]
41625,41982,Expiacion,450.0,35904.0,,Default Target,[],85693120.0,[]
41679,42219,Infernal Slice,600.0,67895.0,,Default Target,[],324829882.0,"[""Death's Design""]"
41510,42310,Heated Split Shot,220.0,27207.0,,Default Target,[],52053770.0,[]
42245,42777,Auto,90.0,10837.0,,Default Target,[],8273889.0,"[""Death's Design""]"
42390,43148,Shot,80.0,7251.0,,Default Target,[],3696450.0,[]
42509,43179,Dosis III,380.0,49391.0,,Default Target,[],147266966.0,[]
42682,43214,Auto,90.0,9146.0,,Default Target,[],5850300.0,"['Fugetsu', 'Fuka']"
42818,43350,Auto,90.0,5328.0,,Default Target,[],1887023.0,[]
13652,43500,Higanbana (dot),50.0,6442.0,,Default Target,[],2901927.0,"['Arcane Circle', 'Fugetsu', 'Fuka', 'Grade 4 Gemdraught']"
25071,43500,Dia (dot),85.0,12536.0,,Default Target,[],9268595.0,"['Arcane Circle', 'Grade 4 Gemdraught']"
25406,43500,Eukrasian Dosis III (dot),85.0,12172.0,,Default Target,[],8943404.0,['Grade 4 Gemdraught']
25481,43500,Thunder (dot),60.0,10853.0,,Default Target,[],3636061.0,"['Enochian', 'Grade 4 Gemdraught']"
39125,43500,Circle of Scorn (dot),30.0,2392.0,,Default Target,[],380146.0,[]
42971,43503,Auto,90.0,0.0,,Default Target,[],0.0,['Enochian']
43009,43541,Auto,90.0,21.0,,Default Target,[],25.0,[]
42813,43663,Gyofu,240.0,27418.0,,Default Target,[],52581804.0,"['Fugetsu', 'Fuka']"
43881,43881,Ley Lines,,,,,,,[]
43541,44073,Auto,90.0,0.0,,Default Target,[],0.0,[]
43717,44249,Auto,90.0,8941.0,,Default Target,['Surging Tempest'],5313749.0,['Surging Tempest']
42671,44320,Storm's Eye,500.0,44474.0,,Default Target,['Surging Tempest'],131481340.0,['Surging Tempest']
43041,44331,Glare III,350.0,45381.0,,Default Target,[],121455354.0,[]
43181,44471,Fire III,290.0,60051.0,,Default Target,['3 Astral Fire'],111314107.0,['Enochian']
44170,44660,Slice,420.0,47524.0,,Default Target,[],159145747.0,"[""Death's Design""]"
43500,44793,Atonement,460.0,36701.0,,Default Target,[],89538338.0,[]
44010,44810,Heated Slug Shot,320.0,39574.0,,Default Target,[],110128346.0,[]
44790,45330,Unveiled Gibbet,440.0,49788.0,,Default Target,[],174669570.0,"[""Death's Design""]"
44972,45504,Auto,90.0,9146.0,,Default Target,[],5850300.0,"['Fugetsu', 'Fuka']"
45058,45590,Auto,90.0,5328.0,,Default Target,[],1887023.0,[]
44949,45619,Dosis III,380.0,49391.0,,Default Target,[],147266966.0,[]
45171,45703,Heavy Swing,240.0,21341.0,,Default Target,['Surging Tempest'],30278556.0,['Surging Tempest']
44954,45754,Shifu,300.0,34274.0,,Default Target,[],82159455.0,"['Fugetsu', 'Fuka']"
45030,45788,Shot,80.0,7251.0,,Default Target,[],3696450.0,[]
45445,45977,Auto,90.0,10837.0,,Default Target,[],8273889.0,"[""Death's Design""]"
45809,46341,Auto,90.0,21.0,,Default Target,[],25.0,[]
13652,46500,Higanbana (dot),50.0,6442.0,,Default Target,[],2901927.0,"['Arcane Circle', 'Fugetsu', 'Fuka', 'Grade 4 Gemdraught']"
25071,46500,Dia (dot),85.0,12536.0,,Default Target,[],9268595.0,"['Arcane Circle', 'Grade 4 Gemdraught']"
25406,46500,Eukrasian Dosis III (dot),85.0,12172.0,,Default Target,[],8943404.0,['Grade 4 Gemdraught']
25481,46500,Thunder (dot),60.0,10853.0,,Default Target,[],3636061.0,"['Enochian', 'Grade 4 Gemdraught']"
39125,46500,Circle of Scorn (dot),30.0,2392.0,,Default Target,[],380146.0,[]
45471,46761,Glare III,350.0,45381.0,,Default Target,[],121455354.0,[]
46660,47150,Gibbet,620.0,70159.0,,Default Target,['Enhanced Gibbet'],346845630.0,"[""Death's Design"", 'Enhanced Gibbet']"
46000,47160,Supplication,500.0,39894.0,,Default Target,[],105795169.0,[]
47280,47280,Enshroud,,,,,,,[]
46511,47311,Heated Clean Shot,420.0,51946.0,,Default Target,[],189745438.0,[]
46791,47323,Auto,90.0,0.0,,Default Target,[],0.0,"['Enochian', 'Ley Lines']"
46291,47451,Fire IV,300.0,79898.0,,Default Target,['3 Astral Fire'],197058271.0,"['Enochian', 'Ley Lines']"
47077,47609,Auto,90.0,8941.0,,Default Target,['Surging Tempest'],5313749.0,['Surging Tempest']
47094,47714,Kasha,420.0,47982.0,,Default Target,[],161026141.0,"['Fugetsu', 'Fuka']"
47262,47794,Auto,90.0,9146.0,,Default Target,[],5850300.0,"['Fugetsu', 'Fuka']"
47298,47830,Auto,90.0,5328.0,,Default Target,[],1887023.0,[]
47131,47841,Checkmate,180.0,22256.0,,Default Target,[],34830145.0,[]
47390,48060,Dosis III,380.0,49391.0,,Default Target,[],147266966.0,[]
47671,48294,Maim,340.0,30239.0,,Default Target,['Surging Tempest'],60784922.0,['Surging Tempest']
47670,48428,Shot,80.0,7251.0,,Default Target,[],3696450.0,[]
47751,48461,Double Check,180.0,22256.0,,Default Target,[],34830145.0,[]
48401,48933,Auto,90.0,0.0,,Default Target,[],0.0,[]
48609,49141,Auto,90.0,21.0,,Default Target,[],25.0,[]
48503,49173,Assize,400.0,51864.0,,Default Target,[],158638414.0,[]
48645,49177,Auto,90.0,10837.0,,Default Target,[],8273889.0,"[""Death's Design""]"
47901,49191,Glare III,350.0,45381.0,,Default Target,[],121455354.0,[]
48121,49281,Fire IV,300.0,79898.0,,Default Target,['3 Astral Fire'],197058271.0,"['Enochian', 'Ley Lines']"
13652,49500,Higanbana (dot),50.0,6442.0,,Default Target,[],2901927.0,"['Arcane Circle', 'Fugetsu', 'Fuka', 'Grade 4 Gemdraught']"
25071,49500,Dia (dot),85.0,12536.0,,Default Target,[],9268595.0,"['Arcane Circle', 'Grade 4 Gemdraught']"
25406,49500,Eukrasian Dosis III (dot),85.0,12172.0,,Default Target,[],8943404.0,['Grade 4 Gemdraught']
25481,49500,Thunder (dot),60.0,10853.0,,Default Target,[],3636061.0,"['Enochian', 'Grade 4 Gemdraught']"
39125,49500,Circle of Scorn (dot),30.0,2392.0,,Default Target,[],380146.0,[]
49631,49631,Automaton Queen,,,,,,,[]
49151,49691,Void Reaping,540.0,61101.0,,Default Target,[],263068010.0,"[""Death's Design""]"
48500,49790,Sepulchre,540.0,43082.0,,Default Target,[],123387031.0,[]
49538,50070,Auto,90.0,5328.0,,Default Target,[],1887023.0,[]
49011,50161,Drill,660.0,81629.0,,Default Target,[],468551960.0,[]
49830,50500,Dosis III,380.0,49391.0,,Default Target,[],147266966.0,[]
49771,50531,Sacrificium,600.0,67895.0,,Default Target,[],324829882.0,"[""Death's Design""]"
50034,50654,Midare Setsugekka,640.0,101332.0,,Default Target,[],119853464.0,"['Fugetsu', 'Fuka']"
50437,50969,Auto,90.0,8941.0,,Default Target,['Surging Tempest'],5313749.0,['Surging Tempest']
50451,50983,Auto,90.0,0.0,,Default Target,[],0.0,"['Enochian', 'Ley Lines']"
50534,51066,Auto,90.0,9146.0,,Default Target,[],5850300.0,"['Fugetsu', 'Fuka']"
50310,51068,Shot,80.0,7251.0,,Default Target,[],3696450.0,[]
49951,51111,Fire IV,300.0,79898.0,,Default Target,['3 Astral Fire'],197058271.0,"['Enochian', 'Ley Lines']"
50651,51271,Cross Reaping,600.0,67895.0,,Default Target,['Enhanced Cross Reaping'],324829882.0,"[""Death's Design"", 'Enhanced Cross Reaping']"
50331,51621,Glare III,350.0,45381.0,,Default Target,[],121455354.0,[]
51000,51758,Holy Spirit,500.0,39894.0,,Default Target,['Divine Might'],105795169.0,['Divine Might']
50171,51820,Storm's Eye,500.0,44474.0,,Default Target,['Surging Tempest'],131481340.0,['Surging Tempest']
51271,51981,Lemure's Slice,280.0,31680.0,,Default Target,[],70719815.0,"[""Death's Design""]"
52132,52132,Hypercharge,,,,,,,[]
51374,52224,Gyofu,240.0,27418.0,,Default Target,[],52581804.0,"['Fugetsu', 'Fuka']"
51778,52310,Auto,90.0,5328.0,,Default Target,[],1887023.0,[]
51512,52312,Heated Split Shot,220.0,27207.0,,Default Target,[],52053770.0,[]
51845,52377,Auto,90.0,10837.0,,Default Target,[],8273889.0,"[""Death's Design""]"
13652,52500,Higanbana (dot),50.0,6442.0,,Default Target,[],2901927.0,"['Arcane Circle', 'Fugetsu', 'Fuka', 'Grade 4 Gemdraught']"
25071,52500,Dia (dot),85.0,12536.0,,Default Target,[],9268595.0,"['Arcane Circle', 'Grade 4 Gemdraught']"
25406,52500,Eukrasian Dosis III (dot),85.0,12172.0,,Default Target,[],8943404.0,['Grade 4 Gemdraught']
25481,52500,Thunder (dot),60.0,10853.0,,Default Target,[],3636061.0,"['Enochian', 'Grade 4 Gemdraught']"
39125,52500,Circle of Scorn (dot),30.0,2392.0,,Default Target,[],380146.0,[]
52152,52692,Void Reaping,600.0,67895.0,,Default Target,['Enhanced Void Reaping'],324829882.0,"[""Death's Design"", 'Enhanced Void Reaping']"
51781,52941,Fire IV,300.0,79898.0,,Default Target,['3 Astral Fire'],197058271.0,"['Enochian', 'Ley Lines']"
52271,52941,Dosis III,380.0,49391.0,,Default Target,[],147266966.0,[]
52671,53203,Heavy Swing,240.0,21341.0,,Default Target,['Surging Tempest'],30278556.0,['Surging Tempest']
52771,53303,Auto,90.0,21.0,,Default Target,[],25.0,[]
52824,53356,Auto,90.0,9146.0,,Default Target,[],5850300.0,"['Fugetsu', 'Fuka']"
52950,53708,Shot,80.0,7251.0,,Default Target,[],3696450.0,[]
53261,53793,Auto,90.0,0.0,,Default Target,[],0.0,[]
52761,54051,Glare III,350.0,45381.0,,Default Target,[],121455354.0,[]
53500,54078,Royal Authority,460.0,36701.0,,Default Target,[],89538338.0,[]
53652,54272,Cross Reaping,600.0,67895.0,,Default Target,['Enhanced Cross Reaping'],324829882.0,"[""Death's Design"", 'Enhanced Cross Reaping']"
53514,54314,Yukikaze,340.0,38842.0,,Default Target,[],105525015.0,"['Fugetsu', 'Fuka']"
53797,54329,Auto,90.0,8941.0,,Default Target,['Surging Tempest'],5313749.0,['Surging Tempest']
54018,54550,Auto,90.0,5328.0,,Default Target,[],1887023.0,[]
54111,54643,Auto,90.0,0.0,,Default Target,[],0.0,"['Enochian', 'Ley Lines']"
53611,54771,Fire IV,300.0,79898.0,,Default Target,['3 Astral Fire'],197058271.0,"['Enochian', 'Ley Lines']"
54012,54862,Blazing Shot,260.0,32154.0,,Default Target,['Overheated'],72701607.0,['Overheated']
54272,54982,Lemure's Slice,280.0,31680.0,,Default Target,[],70719815.0,"[""Death's Design""]"
55131,55131,Roller Dash (pet),240.0,27114.0,,Default Target,[],51699045.0,[]
55182,55182,Triplecast,,,,,,,[]
13652,55500,Higanbana (dot),50.0,6442.0,,Default Target,[],2901927.0,"['Arcane Circle', 'Fugetsu', 'Fuka', 'Grade 4 Gemdraught']"
25071,55500,Dia (dot),85.0,12536.0,,Default Target,[],9268595.0,"['Arcane Circle', 'Grade 4 Gemdraught']"
25406,55500,Eukrasian Dosis III (dot),85.0,12172.0,,Default Target,[],8943404.0,['Grade 4 Gemdraught']
25481,55500,Thunder (dot),60.0,10853.0,,Default Target,[],3636061.0,"['Enochian', 'Grade 4 Gemdraught']"
54231,55521,Dia,85.0,10969.0,,Default Target,[],7095404.0,[]
55045,55577,Auto,90.0,10837.0,,Default Target,[],8273889.0,"[""Death's Design""]"
55114,55646,Auto,90.0,9146.0,,Default Target,[],5850300.0,"['Fugetsu', 'Fuka']"
55171,55794,Maim,340.0,30239.0,,Default Target,['Surging Tempest'],60784922.0,['Surging Tempest']
55571,56103,Auto,90.0,21.0,,Default Target,[],25.0,[]
55590,56348,Shot,80.0,7251.0,,Default Target,[],3696450.0,[]
55513,56363,Blazing Shot,260.0,32154.0,,Default Target,['Overheated'],72701607.0,['Overheated']
55654,56504,Gyofu,240.0,27418.0,,Default Target,[],52581804.0,"['Fugetsu', 'Fuka']"
55802,56562,High Thunder,150.0,22191.0,,Default Target,[],15203066.0,"['Enochian', 'Ley Lines']"
55953,56573,Communio,1100.0,124476.0,,Default Target,[],1091814911.0,"[""Death's Design""]"
56000,56623,Fast Blade,220.0,17548.0,,Default Target,[],20469011.0,[]
56258,56790,Auto,90.0,5328.0,,Default Target,[],1887023.0,[]
56891,57423,Auto,90.0,0.0,,Default Target,[],0.0,"['Enochian', 'Ley Lines']"
56312,57472,Fire IV,300.0,79898.0,,Default Target,['3 Astral Fire'],197058271.0,"['Enochian', 'Ley Lines', 'Triplecast']"
57157,57689,Auto,90.0,8941.0,,Default Target,['Surging Tempest'],5313749.0,['Surging Tempest']
57013,57863,Blazing Shot,260.0,32154.0,,Default Target,['Overheated'],72701607.0,['Overheated']
57213,57883,Dosis III,380.0,49391.0,,Default Target,[],147266966.0,[]
57404,57936,Auto,90.0,9146.0,,Default Target,[],5850300.0,"['Fugetsu', 'Fuka']"
57671,58294,Fell Cleave,580.0,51589.0,,Default Target,['Surging Tempest'],176915445.0,['Surging Tempest']
58331,58331,Arm Punch (pet),120.0,13555.0,,Default Target,[],12921574.0,[]
57794,58414,Jinpu,300.0,34274.0,,Default Target,[],82159455.0,"['Fugetsu', 'Fuka']"
13652,58500,Higanbana (dot),50.0,6442.0,,Default Target,[],2901927.0,"['Arcane Circle', 'Fugetsu', 'Fuka', 'Grade 4 Gemdraught']"
54231,58500,Dia (dot),85.0,11244.0,,Default Target,[],7456489.0,[]
54752,58500,Eukrasian Dosis III (dot),85.0,11245.0,,Default Target,[],7632622.0,[]
55802,58500,Thunder (dot),60.0,10027.0,,Default Target,[],3103341.0,"['Enochian', 'Ley Lines']"
58122,58654,Auto,90.0,0.0,,Default Target,[],0.0,[]
58142,58762,Flare Star,500.0,133166.0,,Default Target,['3 Astral Fire'],547404282.0,"['Enochian', 'Ley Lines', 'Triplecast']"
58245,58777,Auto,90.0,10837.0,,Default Target,[],8273889.0,"[""Death's Design""]"
57653,58813,Shadow of Death,300.0,33945.0,,Default Target,[],81192021.0,"[""Death's Design""]"
58371,58903,Auto,90.0,21.0,,Default Target,[],25.0,[]
57622,58912,Glare III,350.0,45381.0,,Default Target,[],121455354.0,[]
58230,58988,Shot,80.0,7251.0,,Default Target,[],3696450.0,[]
58498,59030,Auto,90.0,5328.0,,Default Target,[],1887023.0,[]
58414,59034,Hissatsu: Shinten,250.0,28561.0,,Default Target,[],57056461.0,"['Fugetsu', 'Fuka']"
58500,59258,Riot Blade,330.0,26327.0,,Default Target,[],46074807.0,[]
58514,59364,Blazing Shot,260.0,32154.0,,Default Target,['Overheated'],72701607.0,['Overheated']
59134,59844,Double Check,180.0,22256.0,,Default Target,[],34830145.0,[]
59931,59931,Arm Punch (pet),120.0,13555.0,,Default Target,[],12921574.0,[]
59671,60203,Auto,90.0,0.0,,Default Target,[],0.0,"['Enochian', 'Ley Lines']"
59694,60226,Auto,90.0,9146.0,,Default Target,[],5850300.0,"['Fugetsu', 'Fuka']"
60261,60261,Druochole,,,,,,,[]
59653,60323,Dosis III,380.0,49391.0,,Default Target,[],147266966.0,[]
59972,60462,Despair,350.0,93213.0,,Default Target,['3 Astral Fire'],268247312.0,"['Enochian', 'Ley Lines']"
60672,60672,Transpose,,,,,,,[]
59935,60695,Gekko,420.0,47982.0,,Default Target,[],161026141.0,"['Fugetsu', 'Fuka']"
60144,60724,Waxing Slice,500.0,56579.0,,Default Target,[],225581193.0,"[""Death's Design""]"
60014,60864,Blazing Shot,260.0,32154.0,,Default Target,['Overheated'],72701607.0,['Overheated']
60517,61049,Auto,90.0,8941.0,,Default Target,['Surging Tempest'],5313749.0,['Surging Tempest']
60738,61270,Auto,90.0,5328.0,,Default Target,[],1887023.0,[]
60052,61342,Glare III,350.0,45381.0,,Default Target,[],121455354.0,[]
60634,61344,Checkmate,180.0,22256.0,,Default Target,[],34830145.0,[]
13652,61500,Higanbana (dot),50.0,6442.0,,Default Target,[],2901927.0,"['Arcane Circle', 'Fugetsu', 'Fuka', 'Grade 4 Gemdraught']"
54231,61500,Dia (dot),85.0,11244.0,,Default Target,[],7456489.0,[]
54752,61500,Eukrasian Dosis III (dot),85.0,11245.0,,Default Target,[],7632622.0,[]
55802,61500,Thunder (dot),60.0,10027.0,,Default Target,[],3103341.0,"['Enochian', 'Ley Lines']"
61531,61531,Arm Punch (pet),120.0,13555.0,,Default Target,[],12921574.0,[]
60870,61628,Shot,80.0,7251.0,,Default Target,[],3696450.0,[]
60171,61686,Storm's Path,500.0,44474.0,,Default Target,['Surging Tempest'],131481340.0,['Surging Tempest']
61445,61977,Auto,90.0,10837.0,,Default Target,[],8273889.0,"[""Death's Design""]"
61000,62293,Atonement,460.0,36701.0,,Default Target,[],89538338.0,[]
61515,62315,Heated Slug Shot,320.0,39574.0,,Default Target,[],110128346.0,[]
61984,62516,Auto,90.0,9146.0,,Default Target,[],5850300.0,"['Fugetsu', 'Fuka']"
61802,62642,Blizzard III,290.0,42893.0,,Default Target,['1 Umbral Ice'],56791993.0,"['Enochian', 'Ley Lines', 'Triplecast']"
62701,62701,Druochole,,,,,,,[]
62094,62764,Dosis III,380.0,49391.0,,Default Target,[],147266966.0,[]
62135,62845,Checkmate,180.0,22256.0,,Default Target,[],34830145.0,[]
62075,62925,Gyofu,240.0,27418.0,,Default Target,[],52581804.0,"['Fugetsu', 'Fuka']"
62451,62983,Auto,90.0,0.0,,Default Target,[],0.0,"['Enochian', 'Ley Lines']"
62594,63126,Auto,90.0,21.0,,Default Target,[],25.0,[]
63131,63131,Pile Bunker (pet),340.0,38417.0,,Default Target,[],103775197.0,[]
62634,63174,Infernal Slice,600.0,67895.0,,Default Target,[],324829882.0,"[""Death's Design""]"
62671,63203,Heavy Swing,240.0,21341.0,,Default Target,['Surging Tempest'],30278556.0,['Surging Tempest']
62695,63315,Hissatsu: Shinten,250.0,28561.0,,Default Target,[],57056461.0,"['Fugetsu', 'Fuka']"
62755,63465,Double Check,180.0,22256.0,,Default Target,[],34830145.0,[]
62978,63510,Auto,90.0,5328.0,,Default Target,[],1887023.0,[]
62982,63514,Auto,90.0,0.0,,Default Target,[],0.0,[]
62482,63772,Glare III,350.0,45381.0,,Default Target,[],121455354.0,[]
63510,64268,Shot,80.0,7251.0,,Default Target,[],3696450.0,[]
63877,64409,Auto,90.0,8941.0,,Default Target,['Surging Tempest'],5313749.0,['Surging Tempest']
13652,64500,Higanbana (dot),50.0,6442.0,,Default Target,[],2901927.0,"['Arcane Circle', 'Fugetsu', 'Fuka', 'Grade 4 Gemdraught']"
54231,64500,Dia (dot),85.0,11244.0,,Default Target,[],7456489.0,[]
54752,64500,Eukrasian Dosis III (dot),85.0,11245.0,,Default Target,[],7632622.0,[]
55802,64500,Thunder (dot),60.0,10027.0,,Default Target,[],3103341.0,"['Enochian', 'Ley Lines']"
64635,64635,Reassemble,,,,,,,[]
63500,64660,Supplication,500.0,39894.0,,Default Target,[],105795169.0,[]
64274,64806,Auto,90.0,9146.0,,Default Target,[],5850300.0,"['Fugetsu', 'Fuka']"
64215,65015,Shifu,300.0,34274.0,,Default Target,[],82159455.0,"['Fugetsu', 'Fuka']"
64015,65045,Chain Saw,660.0,81629.0,,Default Target,[],468551960.0,[]
65131,65131,Crowned Collider (pet),390.0,44069.0,,Default Target,[],136559340.0,[]
65141,65141,Rhizomata,,,,,,,[]
64645,65177,Auto,90.0,10837.0,,Default Target,[],8273889.0,"[""Death's Design""]"
64534,65204,Dosis III,380.0,49391.0,,Default Target,[],147266966.0,[]
65218,65750,Auto,90.0,5328.0,,Default Target,[],1887023.0,[]
64592,65752,Blizzard IV,300.0,44387.0,,Default Target,['3 Umbral Ice'],60819838.0,['Enochian']
65231,65763,Auto,90.0,0.0,,Default Target,[],0.0,['Enochian']
65171,65794,Maim,340.0,30239.0,,Default Target,['Surging Tempest'],60784922.0,['Surging Tempest']
65796,65796,Inner Release,,,,,,,[]
65394,65926,Auto,90.0,21.0,,Default Target,[],25.0,[]
65462,66132,Paradox,540.0,79886.0,,Default Target,['3 Umbral Ice'],197010726.0,['Enochian']
65125,66155,Soul Slice,520.0,58841.0,,Default Target,[],243981522.0,"[""Death's Design""]"
66162,66162,Transpose,,,,,,,[]
64912,66202,Glare III,350.0,45381.0,,Default Target,[],121455354.0,[]
66625,66625,Fight or Flight,,,,,,,[]
66000,66758,Holy Spirit,500.0,39894.0,,Default Target,['Divine Might'],105795169.0,['Divine Might']
65745,66815,Gluttony,520.0,58841.0,,Default Target,[],243981522.0,"[""Death's Design""]"
66150,66908,Shot,80.0,7251.0,,Default Target,[],3696450.0,[]
66355,66975,Kasha,420.0,47982.0,,Default Target,[],161026141.0,"['Fugetsu', 'Fuka']"
66975,66975,Meikyo Shisui,,,,,,,[]
66564,67096,Auto,90.0,9146.0,,Default Target,[],5850300.0,"['Fugetsu', 'Fuka']"
13652,67500,Higanbana (dot),50.0,6442.0,,Default Target,[],2901927.0,"['Arcane Circle', 'Fugetsu', 'Fuka', 'Grade 4 Gemdraught']"
54231,67500,Dia (dot),85.0,11244.0,,Default Target,[],7456489.0,[]
54752,67500,Eukrasian Dosis III (dot),85.0,11245.0,,Default Target,[],7632622.0,[]
55802,67500,Thunder (dot),60.0,10027.0,,Default Target,[],3103341.0,"['Enochian', 'Ley Lines']"
66516,67586,Excavator,660.0,140638.0,,Default Target,['Reassemble'],16475976.0,['Reassemble']
66975,67645,Dosis III,380.0,49391.0,,Default Target,[],147266966.0,[]
67237,67769,Auto,90.0,8941.0,,Default Target,['Surging Tempest'],5313749.0,['Surging Tempest']
67458,67990,Auto,90.0,6660.0,,Default Target,[],2948197.0,['Fight or Flight']
67612,68282,Paradox,540.0,79886.0,,Default Target,['1 Astral Fire'],197010726.0,['Enochian']
67671,68294,Fell Cleave,580.0,88980.0,,Default Target,['Surging Tempest'],6597867.0,"['Inner Release', 'Surging Tempest']"
67842,68374,Auto,90.0,0.0,,Default Target,[],0.0,[]
67845,68377,Auto,90.0,10837.0,,Default Target,[],8273889.0,"[""Death's Design""]"
67250,68540,Imperator,580.0,57844.0,,Default Target,[],222421460.0,['Fight or Flight']
67342,68632,Glare III,350.0,45381.0,,Default Target,[],121455354.0,[]
68194,68726,Auto,90.0,21.0,,Default Target,[],25.0,[]
68296,68919,Upheaval,420.0,37355.0,,Default Target,['Surging Tempest'],92756681.0,['Surging Tempest']
68500,69034,Goring Blade,700.0,69814.0,,Default Target,[],324015381.0,['Fight or Flight']
67942,69042,Psyche,600.0,78028.0,,Default Target,[],367528138.0,[]
68511,69043,Auto,90.0,0.0,,Default Target,[],0.0,['Enochian']
68495,69115,Kaeshi: Setsugekka,640.0,101332.0,,Default Target,[],119853464.0,"['Fugetsu', 'Fuka']"
68854,69386,Auto,90.0,9146.0,,Default Target,[],5850300.0,"['Fugetsu', 'Fuka']"
68790,69548,Shot,80.0,7251.0,,Default Target,[],3696450.0,[]
67615,69755,Executioner's Gallows,820.0,92789.0,,Default Target,['Enhanced Gallows'],606695908.0,"[""Death's Design"", 'Enhanced Gallows']"
69115,69785,Hissatsu: Senei,800.0,91403.0,,Default Target,[],584330583.0,"['Fugetsu', 'Fuka']"
69016,69816,Heated Clean Shot,420.0,51946.0,,Default Target,[],189745438.0,[]
69125,70148,Circle of Scorn,140.0,13955.0,,Default Target,[],12943806.0,['Fight or Flight']
69522,70192,Dosis III,380.0,49391.0,,Default Target,[],147266966.0,[]
69698,70230,Auto,90.0,6660.0,,Default Target,[],2948197.0,['Fight or Flight']
69735,70355,Hissatsu: Shinten,250.0,28561.0,,Default Target,[],57056461.0,"['Fugetsu', 'Fuka']"
13652,70500,Higanbana (dot),50.0,6442.0,,Default Target,[],2901927.0,"['Arcane Circle', 'Fugetsu', 'Fuka', 'Grade 4 Gemdraught']"
54231,70500,Dia (dot),85.0,11244.0,,Default Target,[],7456489.0,[]
54752,70500,Eukrasian Dosis III (dot),85.0,11245.0,,Default Target,[],7632622.0,[]
55802,70500,Thunder (dot),60.0,10027.0,,Default Target,[],3103341.0,"['Enochian', 'Ley Lines']"
69125,70500,Circle of Scorn (dot),30.0,2990.0,,Default Target,[],593707.0,['Fight or Flight']
70106,70726,Executioner's Gibbet,820.0,92789.0,,Default Target,['Enhanced Gibbet'],606695908.0,"[""Death's Design"", 'Enhanced Gibbet']"
70171,70794,Fell Cleave,580.0,88980.0,,Default Target,['Surging Tempest'],6597867.0,"['Inner Release', 'Surging Tempest']"
69762,71052,Fire III,290.0,60051.0,,Default Target,['3 Astral Fire'],111314107.0,['Enochian']
69772,71062,Glare III,350.0,45381.0,,Default Target,[],121455354.0,[]
70597,71129,Auto,90.0,8941.0,,Default Target,['Surging Tempest'],5313749.0,['Surging Tempest']
70994,71526,Auto,90.0,21.0,,Default Target,[],25.0,[]
71045,71577,Auto,90.0,10837.0,,Default Target,[],8273889.0,"[""Death's Design""]"
71625,71982,Expiacion,450.0,44880.0,,Default Target,[],133895595.0,['Fight or Flight']
71430,72188,Shot,80.0,7251.0,,Default Target,[],3696450.0,[]
71245,72275,Tendo Setsugekka,1100.0,174167.0,,Default Target,[],354073868.0,"['Fugetsu', 'Fuka']"
71745,72277,Auto,90.0,9146.0,,Default Target,[],5850300.0,"['Fugetsu', 'Fuka']"
71000,72290,Sepulchre,540.0,53853.0,,Default Target,[],192790977.0,['Fight or Flight']
71517,72317,Heated Split Shot,220.0,27207.0,,Default Target,[],52053770.0,[]
71791,72323,Auto,90.0,0.0,,Default Target,[],0.0,['Enochian']
71938,72470,Auto,90.0,6660.0,,Default Target,[],2948197.0,['Fight or Flight']
71962,72632,Dosis III,380.0,49391.0,,Default Target,[],147266966.0,[]
72036,72656,Hissatsu: Shinten,250.0,28561.0,,Default Target,[],57056461.0,"['Fugetsu', 'Fuka']"
72596,73086,Slice,420.0,47524.0,,Default Target,[],159145747.0,"[""Death's Design""]"
72702,73234,Auto,90.0,0.0,,Default Target,[],0.0,[]
72671,73294,Fell Cleave,580.0,88980.0,,Default Target,['Surging Tempest'],6597867.0,"['Inner Release', 'Surging Tempest']"
72202,73492,Glare III,350.0,45381.0,,Default Target,[],121455354.0,[]
13652,73500,Higanbana (dot),50.0,6442.0,,Default Target,[],2901927.0,"['Arcane Circle', 'Fugetsu', 'Fuka', 'Grade 4 Gemdraught']"
54231,73500,Dia (dot),85.0,11244.0,,Default Target,[],7456489.0,[]
54752,73500,Eukrasian Dosis III (dot),85.0,11245.0,,Default Target,[],7632622.0,[]
55802,73500,Thunder (dot),60.0,10027.0,,Default Target,[],3103341.0,"['Enochian', 'Ley Lines']"
69125,73500,Circle of Scorn (dot),30.0,2990.0,,Default Target,[],593707.0,['Fight or Flight']
72775,73805,Tendo Kaeshi Setsugekka,1100.0,174167.0,,Default Target,[],354073868.0,"['Fugetsu', 'Fuka']"
73921,73921,Infuriate,,,,,,,[]
73395,73975,Shoha,640.0,73121.0,,Default Target,[],373956846.0,"['Fugetsu', 'Fuka']"
73500,74123,Confiteor,1000.0,99736.0,,Default Target,['Requiescat'],661260162.0,"['Fight or Flight', 'Requiescat']"
73132,74292,Fire IV,300.0,79898.0,,Default Target,['3 Astral Fire'],197058271.0,['Enochian']
73296,74446,Primal Wrath,700.0,62264.0,,Default Target,['Surging Tempest'],257708492.0,['Surging Tempest']
73957,74489,Auto,90.0,8941.0,,Default Target,['Surging Tempest'],5313749.0,['Surging Tempest']
74035,74567,Auto,90.0,9146.0,,Default Target,[],5850300.0,"['Fugetsu', 'Fuka']"
74637,74637,Automaton Queen,,,,,,,[]
74125,74703,Intervene,150.0,14957.0,,Default Target,[],14871751.0,['Fight or Flight']
74178,74710,Auto,90.0,6660.0,,Default Target,[],2948197.0,['Fight or Flight']
74245,74777,Auto,90.0,10837.0,,Default Target,[],8273889.0,"[""Death's Design""]"
74017,74817,Heated Slug Shot,320.0,39574.0,,Default Target,[],110128346.0,[]
74070,74828,Shot,80.0,7251.0,,Default Target,[],3696450.0,[]
74403,75073,Dosis III,380.0,49391.0,,Default Target,[],147266966.0,[]
74903,75435,Auto,90.0,21.0,,Default Target,[],25.0,[]
75087,75667,Waxing Slice,500.0,56579.0,,Default Target,[],225581193.0,"[""Death's Design""]"
74916,75676,Gekko,420.0,47982.0,,Default Target,['Meikyo Shisui'],161026141.0,"['Fugetsu', 'Fuka', 'Meikyo Shisui']"
74632,75922,Glare III,350.0,45381.0,,Default Target,[],121455354.0,[]
75536,76156,Hissatsu: Shinten,250.0,28561.0,,Default Target,[],57056461.0,"['Fugetsu', 'Fuka']"
75782,76314,Auto,90.0,0.0,,Default Target,[],0.0,['Enochian']
75172,76332,Primal Rend,700.0,107391.0,,Default Target,['Surging Tempest'],9610510.0,['Surging Tempest']
75282,76442,Fire IV,300.0,79898.0,,Default Target,['3 Astral Fire'],197058271.0,['Enochian']
54231,76500,Dia (dot),85.0,11244.0,,Default Target,[],7456489.0,[]
54752,76500,Eukrasian Dosis III (dot),85.0,11245.0,,Default Target,[],7632622.0,[]
55802,76500,Thunder (dot),60.0,10027.0,,Default Target,[],3103341.0,"['Enochian', 'Ley Lines']"
69125,76500,Circle of Scorn (dot),30.0,2990.0,,Default Target,[],593707.0,['Fight or Flight']
76000,76666,Blade of Faith,760.0,75801.0,,Default Target,['Requiescat'],381953526.0,"['Fight or Flight', 'Requiescat']"
76325,76857,Auto,90.0,9146.0,,Default Target,[],5850300.0,"['Fugetsu', 'Fuka']"
76418,76950,Auto,90.0,6660.0,,Default Target,[],2948197.0,['Fight or Flight']
76625,77203,Intervene,150.0,14957.0,,Default Target,[],14871751.0,['Fight or Flight']
76710,77468,Shot,80.0,7251.0,,Default Target,[],3696450.0,[]
76843,77513,Dosis III,380.0,49391.0,,Default Target,[],147266966.0,[]
76518,77668,Drill,660.0,81629.0,,Default Target,[],468551960.0,[]
77317,77849,Auto,90.0,8941.0,,Default Target,['Surging Tempest'],5313749.0,['Surging Tempest']
77445,77977,Auto,90.0,10837.0,,Default Target,[],8273889.0,"[""Death's Design""]"
77562,78094,Auto,90.0,0.0,,Default Target,[],0.0,[]
77577,78117,Infernal Slice,600.0,67895.0,,Default Target,[],324829882.0,"[""Death's Design""]"
77703,78235,Auto,90.0,21.0,,Default Target,[],25.0,[]
77062,78352,Glare III,350.0,45381.0,,Default Target,[],121455354.0,[]
77856,78476,Higanbana,200.0,22847.0,,Default Target,[],36510407.0,"['Fugetsu', 'Fuka']"
77432,78592,Fire IV,300.0,79898.0,,Default Target,['3 Astral Fire'],197058271.0,['Enochian']
77672,78732,Primal Ruination,780.0,119662.0,,Default Target,['Surging Tempest'],11930102.0,['Surging Tempest']
78615,79147,Auto,90.0,9146.0,,Default Target,[],5850300.0,"['Fugetsu', 'Fuka']"
78658,79190,Auto,90.0,6660.0,,Default Target,[],2948197.0,['Fight or Flight']
78500,79391,Blade of Truth,880.0,87767.0,,Default Target,['Requiescat'],512059341.0,"['Fight or Flight', 'Requiescat']"
54231,79500,Dia (dot),85.0,11244.0,,Default Target,[],7456489.0,[]
54752,79500,Eukrasian Dosis III (dot),85.0,11245.0,,Default Target,[],7632622.0,[]
55802,79500,Thunder (dot),60.0,10027.0,,Default Target,[],3103341.0,"['Enochian', 'Ley Lines']"
69125,79500,Circle of Scorn (dot),30.0,2990.0,,Default Target,[],593707.0,['Fight or Flight']
77856,79500,Higanbana (dot),50.0,5778.0,,Default Target,[],2333763.0,"['Fugetsu', 'Fuka']"
79284,79954,Dosis III,380.0,49391.0,,Default Target,[],147266966.0,[]
79196,79956,Gekko,420.0,47982.0,,Default Target,[],161026141.0,"['Fugetsu', 'Fuka']"
79350,80108,Shot,80.0,7251.0,,Default Target,[],3696450.0,[]
80137,80137,Roller Dash (pet),240.0,27114.0,,Default Target,[],51699045.0,[]
79018,80168,Air Anchor,660.0,81629.0,,Default Target,[],468551960.0,[]
80082,80614,Auto,90.0,0.0,,Default Target,[],0.0,['Enochian']
79582,80742,Fire IV,300.0,79898.0,,Default Target,['3 Astral Fire'],197058271.0,['Enochian']
79492,80782,Glare III,350.0,45381.0,,Default Target,[],121455354.0,[]
80503,81035,Auto,90.0,21.0,,Default Target,[],25.0,[]
80172,81109,Inner Chaos,660.0,101249.0,,Default Target,['Surging Tempest'],8541281.0,['Surging Tempest']
80645,81177,Auto,90.0,10837.0,,Default Target,[],8273889.0,"[""Death's Design""]"
80677,81209,Auto,90.0,8941.0,,Default Target,['Surging Tempest'],5313749.0,['Surging Tempest']
80068,81228,Shadow of Death,300.0,33945.0,,Default Target,[],81192021.0,"[""Death's Design""]"
80688,81228,Unveiled Gallows,440.0,49788.0,,Default Target,[],174669570.0,"[""Death's Design""]"
80898,81430,Auto,90.0,6660.0,,Default Target,[],2948197.0,['Fight or Flight']
80905,81437,Auto,90.0,9146.0,,Default Target,[],5850300.0,"['Fugetsu', 'Fuka']"
81000,81891,Blade of Valor,1000.0,99736.0,,Default Target,['Requiescat'],661260162.0,"['Fight or Flight', 'Requiescat']"
81336,81956,Kasha,420.0,47982.0,,Default Target,[],161026141.0,"['Fugetsu', 'Fuka']"
81519,82319,Heated Clean Shot,420.0,51946.0,,Default Target,[],189745438.0,[]
81724,82394,Dosis III,380.0,49391.0,,Default Target,[],147266966.0,[]
54231,82500,Dia (dot),85.0,11244.0,,Default Target,[],7456489.0,[]
54752,82500,Eukrasian Dosis III (dot),85.0,11245.0,,Default Target,[],7632622.0,[]
55802,82500,Thunder (dot),60.0,10027.0,,Default Target,[],3103341.0,"['Enochian', 'Ley Lines']"
69125,82500,Circle of Scorn (dot),30.0,2990.0,,Default Target,[],593707.0,['Fight or Flight']
77856,82500,Higanbana (dot),50.0,5778.0,,Default Target,[],2333763.0,"['Fugetsu', 'Fuka']"
81990,82748,Shot,80.0,7251.0,,Default Target,[],3696450.0,[]
81625,82785,Blade of Honor,1000.0,99736.0,,Default Target,[],661260162.0,['Fight or Flight']
81732,82892,Fire IV,300.0,79898.0,,Default Target,['3 Astral Fire'],197058271.0,['Enochian']
82422,82954,Auto,90.0,0.0,,Default Target,[],0.0,[]
82558,83048,Gallows,620.0,70159.0,,Default Target,['Enhanced Gallows'],346845630.0,"[""Death's Design"", 'Enhanced Gallows']"
81922,83212,Glare III,350.0,45381.0,,Default Target,[],121455354.0,[]
83337,83337,Arm Punch (pet),120.0,13555.0,,Default Target,[],12921574.0,[]
83138,83670,Auto,90.0,6660.0,,Default Target,[],2948197.0,['Fight or Flight']
83195,83727,Auto,90.0,9146.0,,Default Target,[],5850300.0,"['Fugetsu', 'Fuka']"
83303,83835,Auto,90.0,21.0,,Default Target,[],25.0,[]
83500,84078,Royal Authority,460.0,45875.0,,Default Target,[],139905235.0,['Fight or Flight']
82672,84187,Storm's Path,500.0,44474.0,,Default Target,['Surging Tempest'],131481340.0,['Surging Tempest']
83476,84326,Gyofu,240.0,27418.0,,Default Target,[],52581804.0,"['Fugetsu', 'Fuka']"
83845,84377,Auto,90.0,10837.0,,Default Target,[],8273889.0,"[""Death's Design""]"
84037,84569,Auto,90.0,8941.0,,Default Target,['Surging Tempest'],5313749.0,['Surging Tempest']
83392,84682,Dia,85.0,10969.0,,Default Target,[],7095404.0,[]
84096,84716,Hissatsu: Shinten,250.0,28561.0,,Default Target,[],57056461.0,"['Fugetsu', 'Fuka']"
84019,84819,Heated Split Shot,220.0,27207.0,,Default Target,[],52053770.0,[]
84382,84914,Auto,90.0,0.0,,Default Target,[],0.0,['Enochian']
84937,84937,Arm Punch (pet),120.0,13555.0,,Default Target,[],12921574.0,[]
83882,85042,Fire IV,300.0,79898.0,,Default Target,['3 Astral Fire'],197058271.0,['Enochian']
84630,85388,Shot,80.0,7251.0,,Default Target,[],3696450.0,[]
55802,85500,Thunder (dot),60.0,10027.0,,Default Target,[],3103341.0,"['Enochian', 'Ley Lines']"
77856,85500,Higanbana (dot),50.0,5778.0,,Default Target,[],2333763.0,"['Fugetsu', 'Fuka']"
83392,85500,Dia (dot),85.0,11244.0,,Default Target,[],7456489.0,[]
84205,85500,Eukrasian Dosis III (dot),85.0,11245.0,,Default Target,[],7632622.0,[]
85049,85539,Slice,420.0,47524.0,,Default Target,[],159145747.0,"[""Death's Design""]"
85172,85795,Fell Cleave,580.0,51589.0,,Default Target,['Surging Tempest'],176915445.0,['Surging Tempest']
85378,85910,Auto,90.0,6660.0,,Default Target,[],2948197.0,['Fight or Flight']
85485,86017,Auto,90.0,9146.0,,Default Target,[],5850300.0,"['Fugetsu', 'Fuka']"
86326,86326,Kerachole,,,,,,,[]
85706,86376,Phlegma III,600.0,78028.0,,Default Target,[],367528138.0,[]
85616,86416,Yukikaze,340.0,38842.0,,Default Target,[],105525015.0,"['Fugetsu', 'Fuka']"
86537,86537,Arm Punch (pet),120.0,13555.0,,Default Target,[],12921574.0,[]
86103,86635,Auto,90.0,21.0,,Default Target,[],25.0,[]
86000,86758,Holy Spirit,500.0,49867.0,,Default Target,['Divine Might'],165307933.0,"['Divine Might', 'Fight or Flight']"
86462,87222,High Thunder,150.0,22191.0,,Default Target,[],15203066.0,['Enochian']
86520,87320,Heated Slug Shot,320.0,39574.0,,Default Target,[],110128346.0,[]
87045,87577,Auto,90.0,10837.0,,Default Target,[],8273889.0,"[""Death's Design""]"
87282,87814,Auto,90.0,0.0,,Default Target,[],0.0,[]
87397,87929,Auto,90.0,8941.0,,Default Target,['Surging Tempest'],5313749.0,['Surging Tempest']
87270,88028,Shot,80.0,7251.0,,Default Target,[],3696450.0,[]
86782,88072,Glare III,350.0,45381.0,,Default Target,[],121455354.0,[]
87539,88119,Waxing Slice,500.0,56579.0,,Default Target,[],225581193.0,"[""Death's Design""]"
88137,88137,Pile Bunker (pet),340.0,38417.0,,Default Target,[],103775197.0,[]
87618,88150,Auto,90.0,5328.0,,Default Target,[],1887023.0,[]
87672,88204,Heavy Swing,240.0,21341.0,,Default Target,['Surging Tempest'],30278556.0,['Surging Tempest']
77856,88500,Higanbana (dot),50.0,5778.0,,Default Target,[],2333763.0,"['Fugetsu', 'Fuka']"
83392,88500,Dia (dot),85.0,11244.0,,Default Target,[],7456489.0,[]
84205,88500,Eukrasian Dosis III (dot),85.0,11245.0,,Default Target,[],7632622.0,[]
86462,88500,Thunder (dot),60.0,10027.0,,Default Target,[],3103341.0,['Enochian']
88182,88802,Flare Star,500.0,133166.0,,Default Target,['3 Astral Fire'],547404282.0,['Enochian']
88500,89123,Fast Blade,220.0,17548.0,,Default Target,[],20469011.0,[]
88556,89176,Midare Setsugekka,640.0,101332.0,,Default Target,[],119853464.0,"['Fugetsu', 'Fuka']"
88682,89214,Auto,90.0,0.0,,Default Target,[],0.0,['Enochian']
89056,89588,Auto,90.0,9146.0,,Default Target,[],5850300.0,"['Fugetsu', 'Fuka']"
89112,89602,Despair,350.0,93213.0,,Default Target,['3 Astral Fire'],268247312.0,['Enochian']
89106,89776,Dosis III,380.0,49391.0,,Default Target,[],147266966.0,[]
89812,89812,Swiftcast,,,,,,,[]
89020,89820,Heated Clean Shot,420.0,51946.0,,Default Target,[],189745438.0,[]
90137,90137,Crowned Collider (pet),390.0,44069.0,,Default Target,[],136559340.0,[]
89606,90138,Auto,90.0,21.0,,Default Target,[],25.0,[]
89858,90390,Auto,90.0,5328.0,,Default Target,[],1887023.0,[]
89814,90484,Assize,400.0,51864.0,,Default Target,[],158638414.0,[]
89212,90502,Glare III,350.0,45381.0,,Default Target,[],121455354.0,[]
90512,90512,Transpose,,,,,,,[]
90030,90570,Infernal Slice,600.0,67895.0,,Default Target,[],324829882.0,"[""Death's Design""]"
89910,90668,Shot,80.0,7251.0,,Default Target,[],3696450.0,[]
90682,90682,Afflatus Rapture,,,,,,,[]
89897,90747,Gyofu,240.0,27418.0,,Default Target,[],52581804.0,"['Fugetsu', 'Fuka']"
90245,90777,Auto,90.0,10837.0,,Default Target,[],8273889.0,"[""Death's Design""]"
90172,90795,Maim,340.0,30239.0,,Default Target,['Surging Tempest'],60784922.0,['Surging Tempest']
90722,91254,Auto,90.0,0.0,,Default Target,[],0.0,[]
90757,91289,Auto,90.0,8941.0,,Default Target,['Surging Tempest'],5313749.0,['Surging Tempest']
77856,91500,Higanbana (dot),50.0,5778.0,,Default Target,[],2333763.0,"['Fugetsu', 'Fuka']"
83392,91500,Dia (dot),85.0,11244.0,,Default Target,[],7456489.0,[]
84205,91500,Eukrasian Dosis III (dot),85.0,11245.0,,Default Target,[],7632622.0,[]
86462,91500,Thunder (dot),60.0,10027.0,,Default Target,[],3103341.0,['Enochian']
91000,91758,Riot Blade,330.0,26327.0,,Default Target,[],46074807.0,[]
91346,91878,Auto,90.0,9146.0,,Default Target,[],5850300.0,"['Fugetsu', 'Fuka']"
91262,92102,Blizzard III,290.0,42893.0,,Default Target,['1 Umbral Ice'],56791993.0,"['Enochian', 'Swiftcast']"
91547,92217,Dosis III,380.0,49391.0,,Default Target,[],147266966.0,[]
91521,92321,Heated Split Shot,220.0,27207.0,,Default Target,[],52053770.0,[]
91962,92494,Auto,90.0,0.0,,Default Target,[],0.0,['Enochian']
92098,92630,Auto,90.0,5328.0,,Default Target,[],1887023.0,[]
92037,92837,Yukikaze,340.0,38842.0,,Default Target,[],105525015.0,"['Fugetsu', 'Fuka']"
92406,92938,Auto,90.0,21.0,,Default Target,[],25.0,[]
92520,93010,Slice,420.0,47524.0,,Default Target,[],159145747.0,"[""Death's Design""]"
93112,93112,Afflatus Rapture,,,,,,,[]
92550,93308,Shot,80.0,7251.0,,Default Target,[],3696450.0,[]
93445,93977,Auto,90.0,10837.0,,Default Target,[],8273889.0,"[""Death's Design""]"
93636,94168,Auto,90.0,9146.0,,Default Target,[],5850300.0,"['Fugetsu', 'Fuka']"
92672,94321,Storm's Eye,500.0,44474.0,,Default Target,['Surging Tempest'],131481340.0,['Surging Tempest']
77856,94500,Higanbana (dot),50.0,5778.0,,Default Target,[],2333763.0,"['Fugetsu', 'Fuka']"
83392,94500,Dia (dot),85.0,11244.0,,Default Target,[],7456489.0,[]
84205,94500,Eukrasian Dosis III (dot),85.0,11245.0,,Default Target,[],7632622.0,[]
86462,94500,Thunder (dot),60.0,10027.0,,Default Target,[],3103341.0,['Enochian']
94117,94649,Auto,90.0,8941.0,,Default Target,['Surging Tempest'],5313749.0,['Surging Tempest']
93987,94657,Dosis III,380.0,49391.0,,Default Target,[],147266966.0,[]
94162,94694,Auto,90.0,0.0,,Default Target,[],0.0,[]
93500,94793,Atonement,460.0,36701.0,,Default Target,[],89538338.0,[]
94021,94821,Heated Slug Shot,320.0,39574.0,,Default Target,[],110128346.0,[]
94338,94870,Auto,90.0,5328.0,,Default Target,[],1887023.0,[]
94177,95027,Gyofu,240.0,27418.0,,Default Target,[],52581804.0,"['Fugetsu', 'Fuka']"
94641,95351,Double Check,180.0,22256.0,,Default Target,[],34830145.0,[]
95542,95542,Afflatus Rapture,,,,,,,[]
95011,95591,Waxing Slice,500.0,56579.0,,Default Target,[],225581193.0,"[""Death's Design""]"
95172,95704,Heavy Swing,240.0,21341.0,,Default Target,['Surging Tempest'],30278556.0,['Surging Tempest']
95206,95738,Auto,90.0,21.0,,Default Target,[],25.0,[]
95242,95774,Auto,90.0,0.0,,Default Target,[],0.0,['Enochian']
94632,95792,Blizzard IV,300.0,44387.0,,Default Target,['3 Umbral Ice'],60819838.0,['Enochian']
95190,95948,Shot,80.0,7251.0,,Default Target,[],3696450.0,[]
95261,95971,Checkmate,180.0,22256.0,,Default Target,[],34830145.0,[]
95631,96171,Unveiled Gibbet,440.0,49788.0,,Default Target,[],174669570.0,"[""Death's Design""]"
95562,96232,Paradox,540.0,79886.0,,Default Target,['3 Umbral Ice'],197010726.0,['Enochian']
96262,96262,Transpose,,,,,,,[]
95926,96458,Auto,90.0,9146.0,,Default Target,[],5850300.0,"['Fugetsu', 'Fuka']"
96317,96937,Jinpu,300.0,34274.0,,Default Target,[],82159455.0,"['Fugetsu', 'Fuka']"
96428,97098,Dosis III,380.0,49391.0,,Default Target,[],147266966.0,[]
96578,97110,Auto,90.0,5328.0,,Default Target,[],1887023.0,[]
96000,97160,Supplication,500.0,39894.0,,Default Target,[],105795169.0,[]
96645,97177,Auto,90.0,10837.0,,Default Target,[],8273889.0,"[""Death's Design""]"
96522,97322,Heated Clean Shot,420.0,51946.0,,Default Target,[],189745438.0,[]
77856,97500,Higanbana (dot),50.0,5778.0,,Default Target,[],2333763.0,"['Fugetsu', 'Fuka']"
83392,97500,Dia (dot),85.0,11244.0,,Default Target,[],7456489.0,[]
84205,97500,Eukrasian Dosis III (dot),85.0,11245.0,,Default Target,[],7632622.0,[]
86462,97500,Thunder (dot),60.0,10027.0,,Default Target,[],3103341.0,['Enochian']
97501,97991,Gibbet,620.0,70159.0,,Default Target,['Enhanced Gibbet'],346845630.0,"[""Death's Design"", 'Enhanced Gibbet']"
97477,98009,Auto,90.0,8941.0,,Default Target,['Surging Tempest'],5313749.0,['Surging Tempest']
97602,98134,Auto,90.0,0.0,,Default Target,[],0.0,[]
97672,98295,Maim,340.0,30239.0,,Default Target,['Surging Tempest'],60784922.0,['Surging Tempest']
97712,98382,Paradox,540.0,79886.0,,Default Target,['1 Astral Fire'],197010726.0,['Enochian']
97830,98588,Shot,80.0,7251.0,,Default Target,[],3696450.0,[]
98216,98748,Auto,90.0,9146.0,,Default Target,[],5850300.0,"['Fugetsu', 'Fuka']"
98297,98920,Upheaval,420.0,37355.0,,Default Target,['Surging Tempest'],92756681.0,['Surging Tempest']
98522,99054,Auto,90.0,0.0,,Default Target,[],0.0,['Enochian']
98457,99217,Gekko,420.0,47982.0,,Default Target,[],161026141.0,"['Fugetsu', 'Fuka']"
98818,99350,Auto,90.0,5328.0,,Default Target,[],1887023.0,[]
98868,99538,Dosis III,380.0,49391.0,,Default Target,[],147266966.0,[]
98500,99790,Sepulchre,540.0,43082.0,,Default Target,[],123387031.0,[]
99022,99822,Heated Split Shot,220.0,27207.0,,Default Target,[],52053770.0,[]
99368,99900,Auto,90.0,21.0,,Default Target,[],25.0,[]
99125,100148,Circle of Scorn,140.0,11164.0,,Default Target,[],8284059.0,[]
98932,100222,Glare III,350.0,45381.0,,Default Target,[],121455354.0,[]
99845,100377,Auto,90.0,10837.0,,Default Target,[],8273889.0,"[""Death's Design""]"
77856,100500,Higanbana (dot),50.0,5778.0,,Default Target,[],2333763.0,"['Fugetsu', 'Fuka']"
83392,100500,Dia (dot),85.0,11244.0,,Default Target,[],7456489.0,[]
84205,100500,Eukrasian Dosis III (dot),85.0,11245.0,,Default Target,[],7632622.0,[]
86462,100500,Thunder (dot),60.0,10027.0,,Default Target,[],3103341.0,['Enochian']
99125,100500,Circle of Scorn (dot),30.0,2392.0,,Default Target,[],380146.0,[]
99992,101022,Soul Slice,520.0,58841.0,,Default Target,[],243981522.0,"[""Death's Design""]"
100506,101038,Auto,90.0,9146.0,,Default Target,[],5850300.0,"['Fugetsu', 'Fuka']"
99862,101152,Fire III,290.0,60051.0,,Default Target,['3 Astral Fire'],111314107.0,['Enochian']
100612,101152,Unveiled Gallows,440.0,49788.0,,Default Target,[],174669570.0,"[""Death's Design""]"
100470,101228,Shot,80.0,7251.0,,Default Target,[],3696450.0,[]
100837,101369,Auto,90.0,8941.0,,Default Target,['Surging Tempest'],5313749.0,['Surging Tempest']
100597,101447,Gyofu,240.0,27418.0,,Default Target,[],52581804.0,"['Fugetsu', 'Fuka']"
101000,101578,Royal Authority,460.0,36701.0,,Default Target,[],89538338.0,[]
101058,101590,Auto,90.0,5328.0,,Default Target,[],1887023.0,[]
100172,101687,Storm's Path,500.0,44474.0,,Default Target,['Surging Tempest'],131481340.0,['Surging Tempest']
101309,101979,Dosis III,380.0,49391.0,,Default Target,[],147266966.0,[]
101625,101982,Expiacion,450.0,35904.0,,Default Target,[],85693120.0,[]
101802,102334,Auto,90.0,0.0,,Default Target,[],0.0,['Enochian']
101862,102394,Auto,90.0,0.0,,Default Target,[],0.0,[]
101362,102652,Glare III,350.0,45381.0,,Default Target,[],121455354.0,[]
101523,102673,Drill,660.0,81629.0,,Default Target,[],468551960.0,[]
102168,102700,Auto,90.0,21.0,,Default Target,[],25.0,[]
102482,102972,Gallows,620.0,70159.0,,Default Target,['Enhanced Gallows'],346845630.0,"[""Death's Design"", 'Enhanced Gallows']"
102672,103204,Heavy Swing,240.0,21341.0,,Default Target,['Surging Tempest'],30278556.0,['Surging Tempest']
102796,103328,Auto,90.0,9146.0,,Default Target,[],5850300.0,"['Fugetsu', 'Fuka']"
77856,103500,Higanbana (dot),50.0,5778.0,,Default Target,[],2333763.0,"['Fugetsu', 'Fuka']"
83392,103500,Dia (dot),85.0,11244.0,,Default Target,[],7456489.0,[]
84205,103500,Eukrasian Dosis III (dot),85.0,11245.0,,Default Target,[],7632622.0,[]
86462,103500,Thunder (dot),60.0,10027.0,,Default Target,[],3103341.0,['Enochian']
99125,103500,Circle of Scorn (dot),30.0,2392.0,,Default Target,[],380146.0,[]
102737,103537,Shifu,300.0,34274.0,,Default Target,[],82159455.0,"['Fugetsu', 'Fuka']"
103045,103577,Auto,90.0,10837.0,,Default Target,[],8273889.0,"[""Death's Design""]"
103298,103830,Auto,90.0,5328.0,,Default Target,[],1887023.0,[]
103110,103868,Shot,80.0,7251.0,,Default Target,[],3696450.0,[]
103500,104123,Fast Blade,220.0,17548.0,,Default Target,[],20469011.0,[]
104357,104357,Druochole,,,,,,,[]
103232,104392,Fire IV,300.0,79898.0,,Default Target,['3 Astral Fire'],197058271.0,['Enochian']
103749,104419,Dosis III,380.0,49391.0,,Default Target,[],147266966.0,[]
104197,104729,Auto,90.0,8941.0,,Default Target,['Surging Tempest'],5313749.0,['Surging Tempest']
104023,104823,Heated Slug Shot,320.0,39574.0,,Default Target,[],110128346.0,[]
103792,105082,Glare III,350.0,45381.0,,Default Target,[],121455354.0,[]
104878,105498,Kasha,420.0,47982.0,,Default Target,[],161026141.0,"['Fugetsu', 'Fuka']"
104968,105500,Auto,90.0,21.0,,Default Target,[],25.0,[]
104973,105513,Infernal Slice,600.0,67895.0,,Default Target,[],324829882.0,"[""Death's Design""]"
105086,105618,Auto,90.0,9146.0,,Default Target,[],5850300.0,"['Fugetsu', 'Fuka']"
105172,105795,Maim,340.0,30239.0,,Default Target,['Surging Tempest'],60784922.0,['Surging Tempest']
105538,106070,Auto,90.0,5328.0,,Default Target,[],1887023.0,[]
105882,106414,Auto,90.0,0.0,,Default Target,[],0.0,['Enochian']
77856,106500,Higanbana (dot),50.0,5778.0,,Default Target,[],2333763.0,"['Fugetsu', 'Fuka']"
83392,106500,Dia (dot),85.0,11244.0,,Default Target,[],7456489.0,[]
84205,106500,Eukrasian Dosis III (dot),85.0,11245.0,,Default Target,[],7632622.0,[]
86462,106500,Thunder (dot),60.0,10027.0,,Default Target,[],3103341.0,['Enochian']
99125,106500,Circle of Scorn (dot),30.0,2392.0,,Default Target,[],380146.0,[]
105750,106508,Shot,80.0,7251.0,,Default Target,[],3696450.0,[]
105382,106542,Fire IV,300.0,79898.0,,Default Target,['3 Astral Fire'],197058271.0,['Enochian']
106000,106758,Riot Blade,330.0,26327.0,,Default Target,[],46074807.0,[]
106245,106777,Auto,90.0,10837.0,,Default Target,[],8273889.0,"[""Death's Design""]"
106189,106859,Dosis III,380.0,49391.0,,Default Target,[],147266966.0,[]
106722,107254,Auto,90.0,0.0,,Default Target,[],0.0,[]
106524,107324,Heated Clean Shot,420.0,51946.0,,Default Target,[],189745438.0,[]
106222,107512,Glare III,350.0,45381.0,,Default Target,[],121455354.0,[]
107018,107638,Kaeshi: Setsugekka,640.0,101332.0,,Default Target,[],119853464.0,"['Fugetsu', 'Fuka']"
107376,107908,Auto,90.0,9146.0,,Default Target,[],5850300.0,"['Fugetsu', 'Fuka']"
107463,107953,Slice,420.0,47524.0,,Default Target,[],159145747.0,"[""Death's Design""]"
107557,108089,Auto,90.0,8941.0,,Default Target,['Surging Tempest'],5313749.0,['Surging Tempest']
107778,108310,Auto,90.0,5328.0,,Default Target,[],1887023.0,[]
107532,108692,Fire IV,300.0,79898.0,,Default Target,['3 Astral Fire'],197058271.0,['Enochian']
108390,109148,Shot,80.0,7251.0,,Default Target,[],3696450.0,[]
107672,109187,Storm's Path,500.0,44474.0,,Default Target,['Surging Tempest'],131481340.0,['Surging Tempest']
108630,109300,Dosis III,380.0,49391.0,,Default Target,[],147266966.0,[]
77856,109500,Higanbana (dot),50.0,5778.0,,Default Target,[],2333763.0,"['Fugetsu', 'Fuka']"
83392,109500,Dia (dot),85.0,11244.0,,Default Target,[],7456489.0,[]
84205,109500,Eukrasian Dosis III (dot),85.0,11245.0,,Default Target,[],7632622.0,[]
86462,109500,Thunder (dot),60.0,10027.0,,Default Target,[],3103341.0,['Enochian']
99125,109500,Circle of Scorn (dot),30.0,2392.0,,Default Target,[],380146.0,[]
109130,109662,Auto,90.0,21.0,,Default Target,[],25.0,[]
108500,109793,Atonement,460.0,36701.0,,Default Target,[],89538338.0,[]
109024,109824,Heated Split Shot,220.0,27207.0,,Default Target,[],52053770.0,[]
108652,109942,Glare III,350.0,45381.0,,Default Target,[],121455354.0,[]
109445,109977,Auto,90.0,10837.0,,Default Target,[],8273889.0,"[""Death's Design""]"
110018,110550,Auto,90.0,5328.0,,Default Target,[],1887023.0,[]
109958,110578,Midare Setsugekka,640.0,101332.0,,Default Target,[],119853464.0,"['Fugetsu', 'Fuka']"
110172,110704,Heavy Swing,240.0,21341.0,,Default Target,['Surging Tempest'],30278556.0,['Surging Tempest']
110182,110714,Auto,90.0,0.0,,Default Target,[],0.0,['Enochian']
109682,110842,Fire IV,300.0,79898.0,,Default Target,['3 Astral Fire'],197058271.0,['Enochian']
110458,110990,Auto,90.0,9146.0,,Default Target,[],5850300.0,"['Fugetsu', 'Fuka']"
109954,111114,Shadow of Death,300.0,33945.0,,Default Target,[],81192021.0,"[""Death's Design""]"
110917,111449,Auto,90.0,8941.0,,Default Target,['Surging Tempest'],5313749.0,['Surging Tempest']
111070,111740,Dosis III,380.0,49391.0,,Default Target,[],147266966.0,[]
111030,111788,Shot,80.0,7251.0,,Default Target,[],3696450.0,[]
111582,112114,Auto,90.0,0.0,,Default Target,[],0.0,[]
111298,112148,Gyofu,240.0,27418.0,,Default Target,[],52581804.0,"['Fugetsu', 'Fuka']"
111000,112160,Supplication,500.0,39894.0,,Default Target,[],105795169.0,[]
111525,112325,Heated Slug Shot,320.0,39574.0,,Default Target,[],110128346.0,[]
111082,112372,Glare III,350.0,45381.0,,Default Target,[],121455354.0,[]
111930,112462,Auto,90.0,21.0,,Default Target,[],25.0,[]
77856,112500,Higanbana (dot),50.0,5778.0,,Default Target,[],2333763.0,"['Fugetsu', 'Fuka']"
83392,112500,Dia (dot),85.0,11244.0,,Default Target,[],7456489.0,[]
84205,112500,Eukrasian Dosis III (dot),85.0,11245.0,,Default Target,[],7632622.0,[]
86462,112500,Thunder (dot),60.0,10027.0,,Default Target,[],3103341.0,['Enochian']
99125,112500,Circle of Scorn (dot),30.0,2392.0,,Default Target,[],380146.0,[]
111918,112538,Hissatsu: Shinten,250.0,28561.0,,Default Target,[],57056461.0,"['Fugetsu', 'Fuka']"
112258,112790,Auto,90.0,5328.0,,Default Target,[],1887023.0,[]
111832,112992,Fire IV,300.0,79898.0,,Default Target,['3 Astral Fire'],197058271.0,['Enochian']
112444,113024,Waxing Slice,500.0,56579.0,,Default Target,[],225581193.0,"[""Death's Design""]"
112645,113177,Auto,90.0,10837.0,,Default Target,[],8273889.0,"[""Death's Design""]"
112748,113280,Auto,90.0,9146.0,,Default Target,[],5850300.0,"['Fugetsu', 'Fuka']"
112672,113295,Maim,340.0,30239.0,,Default Target,['Surging Tempest'],60784922.0,['Surging Tempest']
114172,114172,Ixochole,,,,,,,[]
113438,114238,Yukikaze,340.0,38842.0,,Default Target,[],105525015.0,"['Fugetsu', 'Fuka']"
113670,114428,Shot,80.0,7251.0,,Default Target,[],3696450.0,[]
113500,114790,Sepulchre,540.0,43082.0,,Default Target,[],123387031.0,[]
113513,114803,Glare III,350.0,45381.0,,Default Target,[],121455354.0,[]
114277,114809,Auto,90.0,8941.0,,Default Target,['Surging Tempest'],5313749.0,['Surging Tempest']
114025,114825,Heated Clean Shot,420.0,51946.0,,Default Target,[],189745438.0,[]
114482,115014,Auto,90.0,0.0,,Default Target,[],0.0,['Enochian']
114498,115030,Auto,90.0,5328.0,,Default Target,[],1887023.0,[]
113982,115142,Fire IV,300.0,79898.0,,Default Target,['3 Astral Fire'],197058271.0,['Enochian']
114730,115262,Auto,90.0,21.0,,Default Target,[],25.0,[]
114935,115475,Infernal Slice,600.0,67895.0,,Default Target,[],324829882.0,"[""Death's Design""]"
77856,115500,Higanbana (dot),50.0,5778.0,,Default Target,[],2333763.0,"['Fugetsu', 'Fuka']"
86462,115500,Thunder (dot),60.0,10027.0,,Default Target,[],3103341.0,['Enochian']
113552,115500,Eukrasian Dosis III (dot),85.0,11245.0,,Default Target,[],7632622.0,[]
114912,115532,Xenoglossy,890.0,131676.0,,Default Target,[],535209949.0,['Enochian']
115022,115554,Auto,90.0,0.0,,Default Target,[],0.0,[]
115038,115570,Auto,90.0,9146.0,,Default Target,[],5850300.0,"['Fugetsu', 'Fuka']"
115172,115795,Fell Cleave,580.0,51589.0,,Default Target,['Surging Tempest'],176915445.0,['Surging Tempest']
114983,116273,Dia,85.0,10969.0,,Default Target,[],7095404.0,[]
115845,116377,Auto,90.0,10837.0,,Default Target,[],8273889.0,"[""Death's Design""]"
115578,116428,Gyofu,240.0,27418.0,,Default Target,[],52581804.0,"['Fugetsu', 'Fuka']"
116012,116682,Dosis III,380.0,49391.0,,Default Target,[],147266966.0,[]
116000,116758,Holy Spirit,500.0,39894.0,,Default Target,['Divine Might'],105795169.0,['Divine Might']
116310,117068,Shot,80.0,7251.0,,Default Target,[],3696450.0,[]
116738,117270,Auto,90.0,5328.0,,Default Target,[],1887023.0,[]
117062,117552,Despair,350.0,93213.0,,Default Target,['3 Astral Fire'],268247312.0,['Enochian']
116526,117676,Drill,660.0,81629.0,,Default Target,[],468551960.0,[]
117762,117762,Manafont,,,,,,,[]
117328,117860,Auto,90.0,9146.0,,Default Target,[],5850300.0,"['Fugetsu', 'Fuka']"
117425,117915,Slice,420.0,47524.0,,Default Target,[],159145747.0,"[""Death's Design""]"
117637,118169,Auto,90.0,8941.0,,Default Target,['Surging Tempest'],5313749.0,['Surging Tempest']
117762,118294,Auto,90.0,0.0,,Default Target,[],0.0,['Enochian']
117718,118338,Jinpu,300.0,34274.0,,Default Target,[],82159455.0,"['Fugetsu', 'Fuka']"
77856,118500,Higanbana (dot),50.0,5778.0,,Default Target,[],2333763.0,"['Fugetsu', 'Fuka']"
113552,118500,Eukrasian Dosis III (dot),85.0,11245.0,,Default Target,[],7632622.0,[]
114983,118500,Dia (dot),85.0,11244.0,,Default Target,[],7456489.0,[]
118500,119078,Royal Authority,460.0,36701.0,,Default Target,[],89538338.0,[]
118453,119123,Dosis III,380.0,49391.0,,Default Target,[],147266966.0,[]
117672,119187,Storm's Path,500.0,44474.0,,Default Target,['Surging Tempest'],131481340.0,['Surging Tempest']
118873,119405,Auto,90.0,0.0,,Default Target,[],0.0,[]
118953,119485,Auto,90.0,21.0,,Default Target,[],25.0,[]
118978,119510,Auto,90.0,5328.0,,Default Target,[],1887023.0,[]
119045,119577,Auto,90.0,10837.0,,Default Target,[],8273889.0,"[""Death's Design""]"
119646,119646,Automaton Queen,,,,,,,[]
118373,119663,Glare III,350.0,45381.0,,Default Target,[],121455354.0,[]
118950,119708,Shot,80.0,7251.0,,Default Target,[],3696450.0,[]
119618,120150,Auto,90.0,9146.0,,Default Target,[],5850300.0,"['Fugetsu', 'Fuka']"
119026,120176,Air Anchor,660.0,81629.0,,Default Target,[],468551960.0,[]
119916,120496,Waxing Slice,500.0,56579.0,,Default Target,[],225581193.0,"[""Death's Design""]"
120536,120536,Enshroud,,,,,,,[]
119859,120619,Gekko,420.0,47982.0,,Default Target,[],161026141.0,"['Fugetsu', 'Fuka']"
120172,120704,Heavy Swing,240.0,21341.0,,Default Target,['Surging Tempest'],30278556.0,['Surging Tempest']
120432,121052,Flare Star,500.0,133166.0,,Default Target,['3 Astral Fire'],547404282.0,['Enochian']
120479,121099,Hissatsu: Shinten,250.0,28561.0,,Default Target,[],57056461.0,"['Fugetsu', 'Fuka']"
77856,121500,Higanbana (dot),50.0,5778.0,,Default Target,[],2333763.0,"['Fugetsu', 'Fuka']"
113552,121500,Eukrasian Dosis III (dot),85.0,11245.0,,Default Target,[],7632622.0,[]
114983,121500,Dia (dot),85.0,11244.0,,Default Target,[],7456489.0,[]
120997,121529,Auto,90.0,8941.0,,Default Target,['Surging Tempest'],5313749.0,['Surging Tempest']
120893,121563,Dosis III,380.0,49391.0,,Default Target,[],147266966.0,[]
121042,121574,Auto,90.0,0.0,,Default Target,[],0.0,['Enochian']
121000,121623,Fast Blade,220.0,17548.0,,Default Target,[],20469011.0,[]
121218,121750,Auto,90.0,5328.0,,Default Target,[],1887023.0,[]
120803,122093,Glare III,350.0,45381.0,,Default Target,[],121455354.0,[]
122147,122147,Barrel Stabilizer,,,,,,,[]
121753,122285,Auto,90.0,21.0,,Default Target,[],25.0,[]
121590,122348,Shot,80.0,7251.0,,Default Target,[],3696450.0,[]
121908,122440,Auto,90.0,9146.0,,Default Target,[],5850300.0,"['Fugetsu', 'Fuka']"
121527,122677,Drill,660.0,81629.0,,Default Target,[],468551960.0,[]
122245,122777,Auto,90.0,10837.0,,Default Target,[],8273889.0,"[""Death's Design""]"
121999,122849,Gyofu,240.0,27418.0,,Default Target,[],52581804.0,"['Fugetsu', 'Fuka']"
122406,122946,Void Reaping,540.0,61101.0,,Default Target,[],263068010.0,"[""Death's Design""]"
122672,123295,Maim,340.0,30239.0,,Default Target,['Surging Tempest'],60784922.0,['Surging Tempest']
122767,123477,Double Check,180.0,22256.0,,Default Target,[],34830145.0,[]
122582,123742,Fire IV,300.0,79898.0,,Default Target,['3 Astral Fire'],197058271.0,['Enochian']
123458,123990,Auto,90.0,5328.0,,Default Target,[],1887023.0,[]
123334,124004,Dosis III,380.0,49391.0,,Default Target,[],147266966.0,[]
123512,124182,Paradox,540.0,79886.0,,Default Target,['3 Astral Fire'],197010726.0,['Enochian']
123500,124258,Riot Blade,330.0,26327.0,,Default Target,[],46074807.0,[]
123733,124265,Auto,90.0,0.0,,Default Target,[],0.0,[]
77856,124500,Higanbana (dot),50.0,5778.0,,Default Target,[],2333763.0,"['Fugetsu', 'Fuka']"
113552,124500,Eukrasian Dosis III (dot),85.0,11245.0,,Default Target,[],7632622.0,[]
114983,124500,Dia (dot),85.0,11244.0,,Default Target,[],7456489.0,[]
123233,124523,Glare III,350.0,45381.0,,Default Target,[],121455354.0,[]
124647,124647,Reassemble,,,,,,,[]
124198,124730,Auto,90.0,9146.0,,Default Target,[],5850300.0,"['Fugetsu', 'Fuka']"
124322,124854,Auto,90.0,0.0,,Default Target,[],0.0,['Enochian']
124357,124889,Auto,90.0,8941.0,,Default Target,['Surging Tempest'],5313749.0,['Surging Tempest']
124139,124939,Shifu,300.0,34274.0,,Default Target,[],82159455.0,"['Fugetsu', 'Fuka']"
124230,124988,Shot,80.0,7251.0,,Default Target,[],3696450.0,[]
125012,125012,Ley Lines,,,,,,,[]
124027,125057,Chain Saw,660.0,81629.0,,Default Target,[],468551960.0,[]
123907,125067,Shadow of Death,300.0,33945.0,,Default Target,[],81192021.0,"[""Death's Design""]"
124553,125085,Auto,90.0,21.0,,Default Target,[],25.0,[]
125146,125146,Roller Dash (pet),432.0,48811.0,,Default Target,[],167525369.0,[]
125327,125327,Arcane Circle,,,,,,,[]
124759,125379,Hissatsu: Shinten,250.0,28561.0,,Default Target,[],57056461.0,"['Fugetsu', 'Fuka']"
125460,125460,Arcane Circle,,,,,,,[]
125460,125460,Arcane Circle,,,,,,,[]
125460,125460,Arcane Circle,,,,,,,[]
125460,125460,Arcane Circle,,,,,,,[]
125460,125460,Arcane Circle,,,,,,,[]
125460,125460,Arcane Circle,,,,,,,[]
125460,125460,Arcane Circle,,,,,,,[]
125173,125796,Fell Cleave,580.0,51589.0,,Default Target,['Surging Tempest'],176915445.0,['Surging Tempest']
125798,125798,Inner Release,,,,,,,[]
125267,125977,Checkmate,180.0,22256.0,,Default Target,[],34830145.0,[]
125445,125977,Auto,90.0,10837.0,,Default Target,[],8273889.0,"[""Death's Design""]"
125698,126230,Auto,90.0,5328.0,,Default Target,[],1887023.0,[]
126265,126265,Presence of Mind,,,,,,,[]
126423,126423,Infuriate,,,,,,,[]
125774,126444,Dosis III,380.0,49391.0,,Default Target,[],147266966.0,[]
126625,126625,Fight or Flight,,,,,,,[]
126279,126899,Kasha,420.0,49421.0,,Default Target,[],170834077.0,"['Arcane Circle', 'Fugetsu', 'Fuka']"
126899,126899,Meikyo Shisui,,,,,,,[]
125663,126953,Glare III,350.0,45381.0,,Default Target,[],121455354.0,[]
126397,127017,Cross Reaping,600.0,69932.0,,Default Target,['Enhanced Cross Reaping'],344616536.0,"['Arcane Circle', ""Death's Design"", 'Enhanced Cross Reaping']"
126488,127020,Auto,90.0,9420.0,,Default Target,[],6205884.0,"['Arcane Circle', 'Fugetsu', 'Fuka']"
126000,127293,Atonement,460.0,36701.0,,Default Target,[],89538338.0,[]
77856,127500,Higanbana (dot),50.0,5778.0,,Default Target,[],2333763.0,"['Fugetsu', 'Fuka']"
113552,127500,Eukrasian Dosis III (dot),85.0,11245.0,,Default Target,[],7632622.0,[]
114983,127500,Dia (dot),85.0,11244.0,,Default Target,[],7456489.0,[]
126528,127598,Excavator,660.0,144857.0,,Default Target,['Reassemble'],17479774.0,"['Arcane Circle', 'Reassemble']"
126870,127628,Shot,80.0,7468.0,,Default Target,[],3921085.0,['Arcane Circle']
127017,127727,Lemure's Slice,280.0,32630.0,,Default Target,[],75028119.0,"['Arcane Circle', ""Death's Design""]"
127768,127768,Hypercharge,,,,,,,[]
126672,127832,Fire IV,300.0,82294.0,,Default Target,['3 Astral Fire'],209057070.0,"['Arcane Circle', 'Enochian', 'Ley Lines']"
127148,127858,Checkmate,180.0,22923.0,,Default Target,[],36952509.0,['Arcane Circle']
127353,127885,Auto,90.0,21.0,,Default Target,[],25.0,['Arcane Circle']
127255,127925,Phlegma III,600.0,80368.0,,Default Target,[],389906862.0,['Arcane Circle']
127717,128249,Auto,90.0,9209.0,,Default Target,['Surging Tempest'],5637007.0,"['Arcane Circle', 'Surging Tempest']"
128346,128346,Arm Punch (pet),216.0,25132.0,,Default Target,[],44408968.0,['Arcane Circle']
127898,128438,Void Reaping,600.0,69932.0,,Default Target,['Enhanced Void Reaping'],344616536.0,"['Arcane Circle', ""Death's Design"", 'Enhanced Void Reaping']"
127938,128470,Auto,90.0,6860.0,,Default Target,[],3127432.0,"['Arcane Circle', 'Fight or Flight']"
127250,128540,Imperator,580.0,59579.0,,Default Target,[],235972942.0,"['Arcane Circle', 'Fight or Flight']"
127673,128610,Inner Chaos,660.0,104286.0,,Default Target,['Surging Tempest'],9063670.0,"['Arcane Circle', 'Surging Tempest']"
128293,128825,Auto,90.0,0.0,,Default Target,[],0.0,"['Arcane Circle', 'Presence of Mind']"
128298,128921,Upheaval,420.0,38476.0,,Default Target,['Surging Tempest'],98408059.0,"['Arcane Circle', 'Surging Tempest']"
128500,129034,Goring Blade,700.0,71908.0,,Default Target,[],343744737.0,"['Arcane Circle', 'Fight or Flight']"
128419,129039,Kaeshi: Setsugekka,640.0,104372.0,,Default Target,[],127156466.0,"['Arcane Circle', 'Fugetsu', 'Fuka']"
127942,129042,Psyche,600.0,80368.0,,Default Target,[],389906862.0,['Arcane Circle']
127793,129083,Glare III,350.0,46741.0,,Default Target,[],128850869.0,"['Arcane Circle', 'Presence of Mind']"
128645,129177,Auto,90.0,11162.0,,Default Target,[],8778880.0,"['Arcane Circle', ""Death's Design""]"
128518,129278,Sacrificium,600.0,69932.0,,Default Target,[],344616536.0,"['Arcane Circle', ""Death's Design""]"
128778,129310,Auto,90.0,9420.0,,Default Target,[],6205884.0,"['Arcane Circle', 'Fugetsu', 'Fuka']"
128923,129590,Onslaught,150.0,13739.0,,Default Target,['Surging Tempest'],12547811.0,"['Arcane Circle', 'Surging Tempest']"
129038,129618,Shoha,640.0,75315.0,,Default Target,[],396735812.0,"['Arcane Circle', 'Fugetsu', 'Fuka']"
128863,129623,High Thunder,150.0,22857.0,,Default Target,[],16128286.0,"['Arcane Circle', 'Enochian', 'Ley Lines']"
129073,129653,Afflatus Misery,1400.0,186976.0,,Default Target,[],2061802472.0,"['Arcane Circle', 'Presence of Mind']"
129363,129895,Auto,90.0,0.0,,Default Target,[],0.0,"['Arcane Circle', 'Enochian', 'Ley Lines']"
129946,129946,Arm Punch (pet),216.0,25132.0,,Default Target,[],44408968.0,['Arcane Circle']
129398,130018,Cross Reaping,600.0,69932.0,,Default Target,['Enhanced Cross Reaping'],344616536.0,"['Arcane Circle', ""Death's Design"", 'Enhanced Cross Reaping']"
129027,130057,Full Metal Field,900.0,197537.0,,Default Target,[],32531547.0,['Arcane Circle']
129125,130148,Circle of Scorn,140.0,14374.0,,Default Target,[],13730946.0,"['Arcane Circle', 'Fight or Flight']"
129510,130268,Shot,80.0,7468.0,,Default Target,[],3921085.0,['Arcane Circle']
129658,130278,Hissatsu: Shinten,250.0,29418.0,,Default Target,[],60533551.0,"['Arcane Circle', 'Fugetsu', 'Fuka']"
130315,130315,Druochole,,,,,,,[]
129648,130358,Double Check,180.0,22923.0,,Default Target,[],36952509.0,['Arcane Circle']
129695,130365,Phlegma III,600.0,80368.0,,Default Target,[],389906862.0,['Arcane Circle']
129814,130484,Assize,400.0,53419.0,,Default Target,[],168296736.0,"['Arcane Circle', 'Presence of Mind']"
77856,130500,Higanbana (dot),50.0,5778.0,,Default Target,[],2333763.0,"['Fugetsu', 'Fuka']"
113552,130500,Eukrasian Dosis III (dot),85.0,11245.0,,Default Target,[],7632622.0,[]
114983,130500,Dia (dot),85.0,11244.0,,Default Target,[],7456489.0,[]
128863,130500,Thunder (dot),60.0,10327.0,,Default Target,[],3292696.0,"['Arcane Circle', 'Enochian', 'Ley Lines']"
129125,130500,Circle of Scorn (dot),30.0,3079.0,,Default Target,[],629828.0,"['Arcane Circle', 'Fight or Flight']"
130153,130685,Auto,90.0,21.0,,Default Target,[],25.0,['Arcane Circle']
130178,130710,Auto,90.0,6860.0,,Default Target,[],3127432.0,"['Arcane Circle', 'Fight or Flight']"
130018,130728,Lemure's Slice,280.0,32630.0,,Default Target,[],75028119.0,"['Arcane Circle', ""Death's Design""]"
130173,131333,Primal Rend,700.0,110613.0,,Default Target,['Surging Tempest'],10193633.0,"['Arcane Circle', 'Surging Tempest']"
130332,131492,Fire IV,300.0,82294.0,,Default Target,['3 Astral Fire'],209057070.0,"['Arcane Circle', 'Enochian', 'Ley Lines']"
131546,131546,Arm Punch (pet),216.0,25132.0,,Default Target,[],44408968.0,['Arcane Circle']
131077,131609,Auto,90.0,9209.0,,Default Target,['Surging Tempest'],5637007.0,"['Arcane Circle', 'Surging Tempest']"
131625,131982,Expiacion,450.0,46226.0,,Default Target,[],142052572.0,"['Arcane Circle', 'Fight or Flight']"
131373,132040,Onslaught,150.0,13739.0,,Default Target,['Surging Tempest'],12547811.0,"['Arcane Circle', 'Surging Tempest']"
131000,132160,Supplication,500.0,51363.0,,Default Target,[],175374743.0,"['Arcane Circle', 'Fight or Flight']"
131169,132199,Tendo Setsugekka,1100.0,179392.0,,Default Target,[],375638853.0,"['Arcane Circle', 'Fugetsu', 'Fuka']"
131669,132201,Auto,90.0,9420.0,,Default Target,[],6205884.0,"['Arcane Circle', 'Fugetsu', 'Fuka']"
131699,132319,Communio,1100.0,128211.0,,Default Target,[],1158307719.0,"['Arcane Circle', ""Death's Design""]"
131529,132379,Blazing Shot,260.0,33118.0,,Default Target,['Overheated'],77133211.0,"['Arcane Circle', 'Overheated']"
131960,132630,Hissatsu: Senei,800.0,94145.0,,Default Target,[],619920957.0,"['Arcane Circle', 'Fugetsu', 'Fuka']"
132173,132705,Auto,90.0,0.0,,Default Target,[],0.0,"['Arcane Circle', 'Presence of Mind']"
132199,132731,Auto,90.0,11162.0,,Default Target,[],8778880.0,"['Arcane Circle', ""Death's Design""]"
132150,132908,Shot,80.0,7468.0,,Default Target,[],3921085.0,['Arcane Circle']
132418,132950,Auto,90.0,6860.0,,Default Target,[],3127432.0,"['Arcane Circle', 'Fight or Flight']"
131673,132963,Glare III,350.0,46741.0,,Default Target,[],128850869.0,"['Arcane Circle', 'Presence of Mind']"
133146,133146,Pile Bunker (pet),612.0,71229.0,,Default Target,[],356769411.0,['Arcane Circle']
132663,133195,Auto,90.0,0.0,,Default Target,[],0.0,"['Arcane Circle', 'Enochian', 'Ley Lines']"
132673,133296,Fell Cleave,580.0,91649.0,,Default Target,['Surging Tempest'],6999768.0,"['Arcane Circle', 'Inner Release', 'Surging Tempest']"
133319,133319,Ikishoten,,,,,,,[]
132163,133323,Fire IV,300.0,82294.0,,Default Target,['3 Astral Fire'],209057070.0,"['Arcane Circle', 'Enochian', 'Ley Lines']"
77856,133500,Higanbana (dot),50.0,5778.0,,Default Target,[],2333763.0,"['Fugetsu', 'Fuka']"
113552,133500,Eukrasian Dosis III (dot),85.0,11245.0,,Default Target,[],7632622.0,[]
114983,133500,Dia (dot),85.0,11244.0,,Default Target,[],7456489.0,[]
128863,133500,Thunder (dot),60.0,10327.0,,Default Target,[],3292696.0,"['Arcane Circle', 'Enochian', 'Ley Lines']"
129125,133500,Circle of Scorn (dot),30.0,3079.0,,Default Target,[],629828.0,"['Arcane Circle', 'Fight or Flight']"
132699,133729,Tendo Kaeshi Setsugekka,1100.0,179392.0,,Default Target,[],375638853.0,"['Arcane Circle', 'Fugetsu', 'Fuka']"
133095,133765,Dosis III,380.0,50872.0,,Default Target,[],156234075.0,['Arcane Circle']
133029,133879,Blazing Shot,260.0,33118.0,,Default Target,['Overheated'],77133211.0,"['Arcane Circle', 'Overheated']"
133298,133965,Onslaught,150.0,13739.0,,Default Target,['Surging Tempest'],12547811.0,"['Arcane Circle', 'Surging Tempest']"
134019,134019,Enshroud,,,,,,,[]
133500,134123,Confiteor,1000.0,102728.0,,Default Target,['Requiescat'],701541641.0,"['Arcane Circle', 'Fight or Flight', 'Requiescat']"
133595,134127,Auto,90.0,21.0,,Default Target,[],25.0,['Arcane Circle']
133649,134359,Double Check,180.0,22923.0,,Default Target,[],36952509.0,['Arcane Circle']
133959,134491,Auto,90.0,9420.0,,Default Target,[],6205884.0,"['Arcane Circle', 'Fugetsu', 'Fuka']"
133399,134559,Plentiful Harvest,1000.0,116554.0,,Default Target,[],957269112.0,"['Arcane Circle', ""Death's Design""]"
133939,134559,Hissatsu: Shinten,250.0,29418.0,,Default Target,[],60533551.0,"['Arcane Circle', 'Fugetsu', 'Fuka']"
134125,134703,Intervene,150.0,15406.0,,Default Target,[],15776871.0,"['Arcane Circle', 'Fight or Flight']"
133613,134903,Glare III,350.0,46741.0,,Default Target,[],128850869.0,"['Arcane Circle', 'Presence of Mind']"
134437,134969,Auto,90.0,9209.0,,Default Target,['Surging Tempest'],5637007.0,"['Arcane Circle', 'Surging Tempest']"
135146,135146,Crowned Collider (pet),702.0,81703.0,,Default Target,[],469398452.0,['Arcane Circle']
133993,135153,Fire IV,300.0,82294.0,,Default Target,['3 Astral Fire'],209057070.0,"['Arcane Circle', 'Enochian', 'Ley Lines']"
134658,135190,Auto,90.0,6860.0,,Default Target,[],3127432.0,"['Arcane Circle', 'Fight or Flight']"
134530,135380,Blazing Shot,260.0,33118.0,,Default Target,['Overheated'],77133211.0,"['Arcane Circle', 'Overheated']"
134923,135455,Auto,90.0,0.0,,Default Target,[],0.0,"['Arcane Circle', 'Presence of Mind']"
134790,135548,Shot,80.0,7468.0,,Default Target,[],3921085.0,['Arcane Circle']
134839,135599,Gekko,420.0,49421.0,,Default Target,['Meikyo Shisui'],170834077.0,"['Arcane Circle', 'Fugetsu', 'Fuka', 'Meikyo Shisui']"
134893,135743,Glare IV,640.0,85459.0,,Default Target,[],430731501.0,"['Arcane Circle', 'Presence of Mind']"
135173,135796,Fell Cleave,580.0,91649.0,,Default Target,['Surging Tempest'],6999768.0,"['Arcane Circle', 'Inner Release', 'Surging Tempest']"
135150,135860,Checkmate,180.0,22923.0,,Default Target,[],36952509.0,['Arcane Circle']
135399,135931,Auto,90.0,11162.0,,Default Target,[],8778880.0,"['Arcane Circle', ""Death's Design""]"
135536,136206,Dosis III,380.0,50872.0,,Default Target,[],156234075.0,['Arcane Circle']
135890,136430,Void Reaping,540.0,62934.0,,Default Target,[],279091283.0,"['Arcane Circle', ""Death's Design""]"
135459,136489,Zanshin,940.0,110619.0,,Default Target,[],855856194.0,"['Arcane Circle', 'Fugetsu', 'Fuka']"
77856,136500,Higanbana (dot),50.0,5778.0,,Default Target,[],2333763.0,"['Fugetsu', 'Fuka']"
113552,136500,Eukrasian Dosis III (dot),85.0,11245.0,,Default Target,[],7632622.0,[]
114983,136500,Dia (dot),85.0,11244.0,,Default Target,[],7456489.0,[]
128863,136500,Thunder (dot),60.0,10327.0,,Default Target,[],3292696.0,"['Arcane Circle', 'Enochian', 'Ley Lines']"
129125,136500,Circle of Scorn (dot),30.0,3079.0,,Default Target,[],629828.0,"['Arcane Circle', 'Fight or Flight']"
136000,136666,Blade of Faith,760.0,78075.0,,Default Target,['Requiescat'],405221164.0,"['Arcane Circle', 'Fight or Flight', 'Requiescat']"
136249,136781,Auto,90.0,9420.0,,Default Target,[],6205884.0,"['Arcane Circle', 'Fugetsu', 'Fuka']"
136323,136855,Auto,90.0,0.0,,Default Target,[],0.0,"['Arcane Circle', 'Enochian', 'Ley Lines']"
136030,136880,Blazing Shot,260.0,33118.0,,Default Target,['Overheated'],77133211.0,"['Arcane Circle', 'Overheated']"
136395,136927,Auto,90.0,21.0,,Default Target,[],25.0,['Arcane Circle']
135823,136983,Fire IV,300.0,82294.0,,Default Target,['3 Astral Fire'],209057070.0,"['Arcane Circle', 'Enochian', 'Ley Lines']"
136625,137203,Intervene,150.0,15406.0,,Default Target,[],15776871.0,"['Arcane Circle', 'Fight or Flight']"
136510,137270,Sacrificium,600.0,69932.0,,Default Target,[],344616536.0,"['Arcane Circle', ""Death's Design""]"
136650,137360,Double Check,180.0,22923.0,,Default Target,[],36952509.0,['Arcane Circle']
136898,137430,Auto,90.0,6860.0,,Default Target,[],3127432.0,"['Arcane Circle', 'Fight or Flight']"
136833,137683,Glare IV,640.0,85459.0,,Default Target,[],430731501.0,"['Arcane Circle', 'Presence of Mind']"
137390,138010,Cross Reaping,600.0,69932.0,,Default Target,['Enhanced Cross Reaping'],344616536.0,"['Arcane Circle', ""Death's Design"", 'Enhanced Cross Reaping']"
138151,138151,Hypercharge,,,,,,,[]
137430,138188,Shot,80.0,7468.0,,Default Target,[],3921085.0,['Arcane Circle']
137673,138205,Auto,90.0,0.0,,Default Target,[],0.0,"['Arcane Circle', 'Presence of Mind']"
137653,138273,Flare Star,500.0,137161.0,,Default Target,['3 Astral Fire'],580733494.0,"['Arcane Circle', 'Enochian', 'Ley Lines']"
137673,138296,Fell Cleave,580.0,91649.0,,Default Target,['Surging Tempest'],6999768.0,"['Arcane Circle', 'Inner Release', 'Surging Tempest']"
137797,138329,Auto,90.0,9209.0,,Default Target,['Surging Tempest'],5637007.0,"['Arcane Circle', 'Surging Tempest']"
137531,138381,Blazing Shot,260.0,33118.0,,Default Target,['Overheated'],77133211.0,"['Arcane Circle', 'Overheated']"
137780,138400,Higanbana,200.0,23532.0,,Default Target,[],38733013.0,"['Arcane Circle', 'Fugetsu', 'Fuka']"
137976,138646,Dosis III,380.0,50872.0,,Default Target,[],156234075.0,['Arcane Circle']
138010,138720,Lemure's Slice,280.0,32630.0,,Default Target,[],75028119.0,"['Arcane Circle', ""Death's Design""]"
138539,139071,Auto,90.0,9420.0,,Default Target,[],6205884.0,"['Arcane Circle', 'Fugetsu', 'Fuka']"
138599,139131,Auto,90.0,11162.0,,Default Target,[],8778880.0,"['Arcane Circle', ""Death's Design""]"
138523,139143,Xenoglossy,890.0,135626.0,,Default Target,[],567803563.0,"['Arcane Circle', 'Enochian', 'Ley Lines']"
139223,139223,Amplifier,,,,,,,[]
138500,139391,Blade of Truth,880.0,90399.0,,Default Target,['Requiescat'],543243624.0,"['Arcane Circle', 'Fight or Flight', 'Requiescat']"
138891,139431,Void Reaping,600.0,69932.0,,Default Target,['Enhanced Void Reaping'],344616536.0,"['Arcane Circle', ""Death's Design"", 'Enhanced Void Reaping']"
138298,139448,Primal Wrath,700.0,64131.0,,Default Target,['Surging Tempest'],273411936.0,"['Arcane Circle', 'Surging Tempest']"
113552,139500,Eukrasian Dosis III (dot),85.0,11245.0,,Default Target,[],7632622.0,[]
114983,139500,Dia (dot),85.0,11244.0,,Default Target,[],7456489.0,[]
128863,139500,Thunder (dot),60.0,10327.0,,Default Target,[],3292696.0,"['Arcane Circle', 'Enochian', 'Ley Lines']"
129125,139500,Circle of Scorn (dot),30.0,3079.0,,Default Target,[],629828.0,"['Arcane Circle', 'Fight or Flight']"
137780,139500,Higanbana (dot),50.0,5951.0,,Default Target,[],2476337.0,"['Arcane Circle', 'Fugetsu', 'Fuka']"
138773,139623,Glare IV,640.0,85459.0,,Default Target,[],430731501.0,"['Arcane Circle', 'Presence of Mind']"
139103,139635,Auto,90.0,0.0,,Default Target,[],0.0,"['Arcane Circle', 'Enochian', 'Ley Lines']"
139138,139670,Auto,90.0,6860.0,,Default Target,[],3127432.0,"['Arcane Circle', 'Fight or Flight']"
139195,139727,Auto,90.0,21.0,,Default Target,[],25.0,['Arcane Circle']
139031,139881,Blazing Shot,260.0,33118.0,,Default Target,['Overheated'],77133211.0,"['Arcane Circle', 'Overheated']"
139651,140361,Checkmate,180.0,22923.0,,Default Target,[],36952509.0,['Arcane Circle']
139920,140420,Ogi Namikiri,1000.0,163087.0,,Default Target,[],310457357.0,"['Arcane Circle', 'Fugetsu', 'Fuka']"
140070,140828,Shot,80.0,7468.0,,Default Target,[],3921085.0,['Arcane Circle']
130268,140938,Wildfire (dot),1440.0,143913.0,,Default Target,['6 GCD'],17258406.0,['Arcane Circle']
140423,140955,Auto,90.0,0.0,,Default Target,[],0.0,"['Arcane Circle', 'Presence of Mind']"
140353,140973,Xenoglossy,890.0,135626.0,,Default Target,[],567803563.0,"['Arcane Circle', 'Enochian', 'Ley Lines']"
140391,141011,Cross Reaping,600.0,69932.0,,Default Target,['Enhanced Cross Reaping'],344616536.0,"['Arcane Circle', ""Death's Design"", 'Enhanced Cross Reaping']"
141053,141053,Swiftcast,,,,,,,[]
140417,141087,Dosis III,380.0,50872.0,,Default Target,[],156234075.0,['Arcane Circle']
140173,141233,Primal Ruination,780.0,123252.0,,Default Target,['Surging Tempest'],12654694.0,"['Arcane Circle', 'Surging Tempest']"
140829,141361,Auto,90.0,9420.0,,Default Target,[],6205884.0,"['Arcane Circle', 'Fugetsu', 'Fuka']"
140532,141382,Blazing Shot,260.0,33118.0,,Default Target,['Overheated'],77133211.0,"['Arcane Circle', 'Overheated']"
141157,141689,Auto,90.0,9209.0,,Default Target,['Surging Tempest'],5637007.0,"['Arcane Circle', 'Surging Tempest']"
141011,141721,Lemure's Slice,280.0,32630.0,,Default Target,[],75028119.0,"['Arcane Circle', ""Death's Design""]"
141260,141750,Kaeshi: Namikiri,1000.0,163087.0,,Default Target,[],310457357.0,"['Arcane Circle', 'Fugetsu', 'Fuka']"
141152,141862,Double Check,180.0,22923.0,,Default Target,[],36952509.0,['Arcane Circle']
141000,141891,Blade of Valor,1000.0,102728.0,,Default Target,['Requiescat'],701541641.0,"['Arcane Circle', 'Fight or Flight', 'Requiescat']"
141378,141910,Auto,90.0,6860.0,,Default Target,[],3127432.0,"['Arcane Circle', 'Fight or Flight']"
141799,142331,Auto,90.0,11162.0,,Default Target,[],8778880.0,"['Arcane Circle', ""Death's Design""]"
141883,142415,Auto,90.0,0.0,,Default Target,[],0.0,"['Arcane Circle', 'Enochian', 'Ley Lines']"
113552,142500,Eukrasian Dosis III (dot),85.0,11245.0,,Default Target,[],7632622.0,[]
114983,142500,Dia (dot),85.0,11244.0,,Default Target,[],7456489.0,[]
128863,142500,Thunder (dot),60.0,10327.0,,Default Target,[],3292696.0,"['Arcane Circle', 'Enochian', 'Ley Lines']"
129125,142500,Circle of Scorn (dot),30.0,3079.0,,Default Target,[],629828.0,"['Arcane Circle', 'Fight or Flight']"
137780,142500,Higanbana (dot),50.0,5951.0,,Default Target,[],2476337.0,"['Arcane Circle', 'Fugetsu', 'Fuka']"
141995,142527,Auto,90.0,21.0,,Default Target,[],25.0,['Arcane Circle']
141373,142663,Glare III,350.0,46741.0,,Default Target,[],128850869.0,"['Arcane Circle', 'Presence of Mind']"
141625,142785,Blade of Honor,1000.0,102728.0,,Default Target,[],701541641.0,"['Arcane Circle', 'Fight or Flight']"
142183,142803,Xenoglossy,890.0,135626.0,,Default Target,[],567803563.0,"['Arcane Circle', 'Enochian', 'Ley Lines']"
142032,142882,Blazing Shot,260.0,33118.0,,Default Target,['Overheated'],77133211.0,"['Arcane Circle', 'Overheated']"
142692,143312,Communio,1100.0,128211.0,,Default Target,[],1158307719.0,"['Arcane Circle', ""Death's Design""]"
142652,143362,Checkmate,180.0,22923.0,,Default Target,[],36952509.0,['Arcane Circle']
142710,143468,Shot,80.0,7468.0,,Default Target,[],3921085.0,['Arcane Circle']
143119,143651,Auto,90.0,9420.0,,Default Target,[],6205884.0,"['Arcane Circle', 'Fugetsu', 'Fuka']"
143618,144150,Auto,90.0,6860.0,,Default Target,[],3127432.0,"['Arcane Circle', 'Fight or Flight']"
143400,144160,Gekko,420.0,49421.0,,Default Target,[],170834077.0,"['Arcane Circle', 'Fugetsu', 'Fuka']"
143500,144258,Holy Spirit,500.0,51363.0,,Default Target,['Divine Might'],175374743.0,"['Arcane Circle', 'Divine Might', 'Fight or Flight']"
142673,144322,Storm's Eye,500.0,45808.0,,Default Target,['Surging Tempest'],139484235.0,"['Arcane Circle', 'Surging Tempest']"
143533,144383,Blazing Shot,260.0,33118.0,,Default Target,['Overheated'],77133211.0,"['Arcane Circle', 'Overheated']"
144013,144633,Xenoglossy,890.0,135626.0,,Default Target,[],567803563.0,"['Arcane Circle', 'Enochian', 'Ley Lines']"
144020,144640,Hissatsu: Shinten,250.0,29418.0,,Default Target,[],60533551.0,"['Arcane Circle', 'Fugetsu', 'Fuka']"
144114,144646,Auto,90.0,0.0,,Default Target,[],0.0,['Arcane Circle']
144153,144863,Double Check,180.0,22923.0,,Default Target,[],36952509.0,['Arcane Circle']
143614,144904,Glare III,350.0,46741.0,,Default Target,[],128850869.0,['Arcane Circle']
144517,145049,Auto,90.0,9209.0,,Default Target,['Surging Tempest'],5637007.0,"['Arcane Circle', 'Surging Tempest']"
144663,145195,Auto,90.0,0.0,,Default Target,[],0.0,"['Arcane Circle', 'Enochian', 'Ley Lines']"
144640,145220,Shoha,640.0,75315.0,,Default Target,[],396735812.0,"['Arcane Circle', 'Fugetsu', 'Fuka']"
114983,145500,Dia (dot),85.0,11244.0,,Default Target,[],7456489.0,[]
128863,145500,Thunder (dot),60.0,10327.0,,Default Target,[],3292696.0,"['Arcane Circle', 'Enochian', 'Ley Lines']"
137780,145500,Higanbana (dot),50.0,5951.0,,Default Target,[],2476337.0,"['Arcane Circle', 'Fugetsu', 'Fuka']"
142898,145500,Eukrasian Dosis III (dot),85.0,11582.0,,Default Target,[],8097197.0,['Arcane Circle']
144999,145531,Auto,90.0,11162.0,,Default Target,[],8778880.0,"['Arcane Circle', ""Death's Design""]"
144392,145682,Perfectio,1300.0,151524.0,,Default Target,[],1617843098.0,"['Arcane Circle', ""Death's Design""]"
145173,145705,Heavy Swing,240.0,21981.0,,Default Target,['Surging Tempest'],32118001.0,"['Arcane Circle', 'Surging Tempest']"
145798,145798,Infuriate,,,,,,,[]
145033,145883,Blazing Shot,260.0,33118.0,,Default Target,['Overheated'],77133211.0,"['Arcane Circle', 'Overheated']"
145409,145941,Auto,90.0,9420.0,,Default Target,[],6205884.0,"['Arcane Circle', 'Fugetsu', 'Fuka']"
145359,146029,Dosis III,380.0,50872.0,,Default Target,[],156234075.0,['Arcane Circle']
145350,146108,Shot,80.0,7468.0,,Default Target,[],3921085.0,['Arcane Circle']
145540,146160,Kasha,420.0,49421.0,,Default Target,[],170834077.0,"['Arcane Circle', 'Fugetsu', 'Fuka']"
145843,146333,Despair,350.0,96009.0,,Default Target,['3 Astral Fire'],284575080.0,"['Arcane Circle', 'Enochian']"
145653,146363,Checkmate,180.0,22923.0,,Default Target,[],36952509.0,['Arcane Circle']
145084,146374,Dia,85.0,11297.0,,Default Target,[],7527969.0,['Arcane Circle']
145858,146390,Auto,90.0,6860.0,,Default Target,[],3127432.0,"['Arcane Circle', 'Fight or Flight']"
145859,146391,Auto,90.0,21.0,,Default Target,[],25.0,['Arcane Circle']
146543,146543,Transpose,,,,,,,[]
146000,147290,Sepulchre,540.0,55468.0,,Default Target,[],204533505.0,"['Arcane Circle', 'Fight or Flight']"
146883,147423,Infernal Slice,600.0,67895.0,,Default Target,[],324829882.0,"[""Death's Design""]"
146534,147684,Drill,660.0,81629.0,,Default Target,[],468551960.0,[]
147154,147864,Double Check,180.0,22256.0,,Default Target,[],34830145.0,[]
147443,147975,Auto,90.0,0.0,,Default Target,[],0.0,['Enochian']
147699,148231,Auto,90.0,9146.0,,Default Target,[],5850300.0,"['Fugetsu', 'Fuka']"
147877,148409,Auto,90.0,8941.0,,Default Target,['Surging Tempest'],5313749.0,['Surging Tempest']
147799,148469,Dosis III,380.0,49391.0,,Default Target,[],147266966.0,[]
147774,148484,Checkmate,180.0,22256.0,,Default Target,[],34830145.0,[]
128863,148500,Thunder (dot),60.0,10327.0,,Default Target,[],3292696.0,"['Arcane Circle', 'Enochian', 'Ley Lines']"
137780,148500,Higanbana (dot),50.0,5951.0,,Default Target,[],2476337.0,"['Arcane Circle', 'Fugetsu', 'Fuka']"
142898,148500,Eukrasian Dosis III (dot),85.0,11582.0,,Default Target,[],8097197.0,['Arcane Circle']
145084,148500,Dia (dot),85.0,11581.0,,Default Target,[],7910693.0,['Arcane Circle']
147680,148530,Gyofu,240.0,27418.0,,Default Target,[],52581804.0,"['Fugetsu', 'Fuka']"
147503,148573,Gluttony,520.0,58841.0,,Default Target,[],243981522.0,"[""Death's Design""]"
147673,148610,Inner Chaos,660.0,101249.0,,Default Target,['Surging Tempest'],8541281.0,['Surging Tempest']
148098,148630,Auto,90.0,5328.0,,Default Target,[],1887023.0,[]
148199,148731,Auto,90.0,10837.0,,Default Target,[],8273889.0,"[""Death's Design""]"
147990,148748,Shot,80.0,7251.0,,Default Target,[],3696450.0,[]
147993,148833,Blizzard III,290.0,42893.0,,Default Target,['1 Umbral Ice'],56791993.0,"['Enochian', 'Swiftcast']"
148500,149078,Royal Authority,460.0,36701.0,,Default Target,[],89538338.0,[]
148659,149191,Auto,90.0,21.0,,Default Target,[],25.0,[]
148974,149506,Auto,90.0,0.0,,Default Target,[],0.0,[]
148474,149764,Glare III,350.0,45381.0,,Default Target,[],121455354.0,[]
149034,149834,Heated Split Shot,220.0,27207.0,,Default Target,[],52053770.0,[]
149944,149944,Afflatus Rapture,,,,,,,[]
149373,149993,Executioner's Gibbet,820.0,92789.0,,Default Target,['Enhanced Gibbet'],606695908.0,"[""Death's Design"", 'Enhanced Gibbet']"
149989,150521,Auto,90.0,9146.0,,Default Target,[],5850300.0,"['Fugetsu', 'Fuka']"
149820,150620,Yukikaze,340.0,38842.0,,Default Target,[],105525015.0,"['Fugetsu', 'Fuka']"
150173,150796,Maim,340.0,30239.0,,Default Target,['Surging Tempest'],60784922.0,['Surging Tempest']
150338,150870,Auto,90.0,5328.0,,Default Target,[],1887023.0,[]
150240,150910,Dosis III,380.0,49391.0,,Default Target,[],147266966.0,[]
150440,151060,Hissatsu: Shinten,250.0,28561.0,,Default Target,[],57056461.0,"['Fugetsu', 'Fuka']"
150630,151388,Shot,80.0,7251.0,,Default Target,[],3696450.0,[]
128863,151500,Thunder (dot),60.0,10327.0,,Default Target,[],3292696.0,"['Arcane Circle', 'Enochian', 'Ley Lines']"
137780,151500,Higanbana (dot),50.0,5951.0,,Default Target,[],2476337.0,"['Arcane Circle', 'Fugetsu', 'Fuka']"
142898,151500,Eukrasian Dosis III (dot),85.0,11582.0,,Default Target,[],8097197.0,['Arcane Circle']
145084,151500,Dia (dot),85.0,11581.0,,Default Target,[],7910693.0,['Arcane Circle']
151237,151769,Auto,90.0,8941.0,,Default Target,['Surging Tempest'],5313749.0,['Surging Tempest']
151399,151931,Auto,90.0,10837.0,,Default Target,[],8273889.0,"[""Death's Design""]"
151459,151991,Auto,90.0,21.0,,Default Target,[],25.0,[]
151000,152293,Atonement,460.0,36701.0,,Default Target,[],89538338.0,[]
151535,152335,Heated Slug Shot,320.0,39574.0,,Default Target,[],110128346.0,[]
152374,152374,Afflatus Rapture,,,,,,,[]
151863,152395,Auto,90.0,0.0,,Default Target,[],0.0,['Enochian']
151363,152523,Blizzard IV,300.0,44387.0,,Default Target,['3 Umbral Ice'],60819838.0,['Enochian']
152155,152865,Double Check,180.0,22256.0,,Default Target,[],34830145.0,[]
152414,152946,Auto,90.0,0.0,,Default Target,[],0.0,[]
152293,152963,Paradox,540.0,79886.0,,Default Target,['3 Umbral Ice'],197010726.0,['Enochian']
152993,152993,Transpose,,,,,,,[]
152578,153110,Auto,90.0,5328.0,,Default Target,[],1887023.0,[]
152680,153350,Dosis III,380.0,49391.0,,Default Target,[],147266966.0,[]
152761,153381,Midare Setsugekka,640.0,101332.0,,Default Target,[],119853464.0,"['Fugetsu', 'Fuka']"
152775,153485,Checkmate,180.0,22256.0,,Default Target,[],34830145.0,[]
153261,153793,Auto,90.0,9146.0,,Default Target,[],5850300.0,"['Fugetsu', 'Fuka']"
151864,154004,Executioner's Gallows,820.0,92789.0,,Default Target,['Enhanced Gallows'],606695908.0,"[""Death's Design"", 'Enhanced Gallows']"
153270,154028,Shot,80.0,7251.0,,Default Target,[],3696450.0,[]
152673,154188,Storm's Path,500.0,44474.0,,Default Target,['Surging Tempest'],131481340.0,['Surging Tempest']
128863,154500,Thunder (dot),60.0,10327.0,,Default Target,[],3292696.0,"['Arcane Circle', 'Enochian', 'Ley Lines']"
137780,154500,Higanbana (dot),50.0,5951.0,,Default Target,[],2476337.0,"['Arcane Circle', 'Fugetsu', 'Fuka']"
142898,154500,Eukrasian Dosis III (dot),85.0,11582.0,,Default Target,[],8097197.0,['Arcane Circle']
145084,154500,Dia (dot),85.0,11581.0,,Default Target,[],7910693.0,['Arcane Circle']
154655,154655,Automaton Queen,,,,,,,[]
153500,154660,Supplication,500.0,39894.0,,Default Target,[],105795169.0,[]
154804,154804,Afflatus Rapture,,,,,,,[]
154035,154835,Heated Clean Shot,420.0,51946.0,,Default Target,[],189745438.0,[]
154101,154951,Gyofu,240.0,27418.0,,Default Target,[],52581804.0,"['Fugetsu', 'Fuka']"
154597,155129,Auto,90.0,8941.0,,Default Target,['Surging Tempest'],5313749.0,['Surging Tempest']
154599,155131,Auto,90.0,10837.0,,Default Target,[],8273889.0,"[""Death's Design""]"
154818,155350,Auto,90.0,5328.0,,Default Target,[],1887023.0,[]
154354,155384,Soul Slice,520.0,58841.0,,Default Target,[],243981522.0,"[""Death's Design""]"
154974,155514,Unveiled Gibbet,440.0,49788.0,,Default Target,[],174669570.0,"[""Death's Design""]"
155143,155675,Auto,90.0,0.0,,Default Target,[],0.0,['Enochian']
154443,155733,Fire III,290.0,60051.0,,Default Target,['3 Astral Fire'],111314107.0,['Enochian']
155120,155790,Dosis III,380.0,49391.0,,Default Target,[],147266966.0,[]
155173,155796,Fell Cleave,580.0,51589.0,,Default Target,['Surging Tempest'],176915445.0,['Surging Tempest']
155551,156083,Auto,90.0,9146.0,,Default Target,[],5850300.0,"['Fugetsu', 'Fuka']"
155620,156152,Auto,90.0,21.0,,Default Target,[],25.0,[]
155854,156386,Auto,90.0,0.0,,Default Target,[],0.0,[]
155910,156668,Shot,80.0,7251.0,,Default Target,[],3696450.0,[]
156241,157041,Yukikaze,340.0,38842.0,,Default Target,[],105525015.0,"['Fugetsu', 'Fuka']"
156000,157290,Sepulchre,540.0,43082.0,,Default Target,[],123387031.0,[]
156845,157335,Gibbet,620.0,70159.0,,Default Target,['Enhanced Gibbet'],346845630.0,"[""Death's Design"", 'Enhanced Gibbet']"
156536,157336,Heated Split Shot,220.0,27207.0,,Default Target,[],52053770.0,[]
128863,157500,Thunder (dot),60.0,10327.0,,Default Target,[],3292696.0,"['Arcane Circle', 'Enochian', 'Ley Lines']"
137780,157500,Higanbana (dot),50.0,5951.0,,Default Target,[],2476337.0,"['Arcane Circle', 'Fugetsu', 'Fuka']"
142898,157500,Eukrasian Dosis III (dot),85.0,11582.0,,Default Target,[],8097197.0,['Arcane Circle']
145084,157500,Dia (dot),85.0,11581.0,,Default Target,[],7910693.0,['Arcane Circle']
157058,157590,Auto,90.0,5328.0,,Default Target,[],1887023.0,[]
157234,157814,Afflatus Misery,1400.0,181530.0,,Default Target,[],1943447881.0,[]
157673,158205,Heavy Swing,240.0,21341.0,,Default Target,['Surging Tempest'],30278556.0,['Surging Tempest']
157561,158231,Dosis III,380.0,49391.0,,Default Target,[],147266966.0,[]
157799,158331,Auto,90.0,10837.0,,Default Target,[],8273889.0,"[""Death's Design""]"
157841,158373,Auto,90.0,9146.0,,Default Target,[],5850300.0,"['Fugetsu', 'Fuka']"
158474,158474,Thin Air,,,,,,,[]
157957,158489,Auto,90.0,8941.0,,Default Target,['Surging Tempest'],5313749.0,['Surging Tempest']
158298,158921,Upheaval,420.0,37355.0,,Default Target,['Surging Tempest'],92756681.0,['Surging Tempest']
158420,158952,Auto,90.0,21.0,,Default Target,[],25.0,[]
158423,158955,Auto,90.0,0.0,,Default Target,[],0.0,['Enochian']
157813,158973,Fire IV,300.0,79898.0,,Default Target,['3 Astral Fire'],197058271.0,['Enochian']
158381,159231,Gyofu,240.0,27418.0,,Default Target,[],52581804.0,"['Fugetsu', 'Fuka']"
158500,159258,Holy Spirit,500.0,39894.0,,Default Target,['Divine Might'],105795169.0,['Divine Might']
158550,159308,Shot,80.0,7251.0,,Default Target,[],3696450.0,[]
159294,159826,Auto,90.0,0.0,,Default Target,[],0.0,[]
159298,159830,Auto,90.0,5328.0,,Default Target,[],1887023.0,[]
159125,160148,Circle of Scorn,140.0,11164.0,,Default Target,[],8284059.0,[]
160155,160155,Roller Dash (pet),240.0,27114.0,,Default Target,[],51699045.0,[]
159036,160186,Air Anchor,660.0,81629.0,,Default Target,[],468551960.0,[]
159335,160365,Soul Slice,520.0,58841.0,,Default Target,[],243981522.0,"[""Death's Design""]"
159955,160495,Unveiled Gallows,440.0,49788.0,,Default Target,[],174669570.0,"[""Death's Design""]"
137780,160500,Higanbana (dot),50.0,5951.0,,Default Target,[],2476337.0,"['Arcane Circle', 'Fugetsu', 'Fuka']"
142898,160500,Eukrasian Dosis III (dot),85.0,11582.0,,Default Target,[],8097197.0,['Arcane Circle']
145084,160500,Dia (dot),85.0,11581.0,,Default Target,[],7910693.0,['Arcane Circle']
159125,160500,Circle of Scorn (dot),30.0,2392.0,,Default Target,[],380146.0,[]
160131,160663,Auto,90.0,9146.0,,Default Target,[],5850300.0,"['Fugetsu', 'Fuka']"
160001,160671,Dosis III,380.0,49391.0,,Default Target,[],147266966.0,[]
160173,160796,Maim,340.0,30239.0,,Default Target,['Surging Tempest'],60784922.0,['Surging Tempest']
160521,161141,Jinpu,300.0,34274.0,,Default Target,[],82159455.0,"['Fugetsu', 'Fuka']"
160393,161153,High Thunder,150.0,22191.0,,Default Target,[],15203066.0,['Enochian']
161226,161226,Thin Air,,,,,,,[]
160999,161531,Auto,90.0,10837.0,,Default Target,[],8273889.0,"[""Death's Design""]"
161000,161623,Fast Blade,220.0,17548.0,,Default Target,[],20469011.0,[]
161220,161752,Auto,90.0,21.0,,Default Target,[],25.0,[]
161317,161849,Auto,90.0,8941.0,,Default Target,['Surging Tempest'],5313749.0,['Surging Tempest']
160624,161914,Glare III,350.0,45381.0,,Default Target,[],121455354.0,[]
161190,161948,Shot,80.0,7251.0,,Default Target,[],3696450.0,[]
161625,161982,Expiacion,450.0,35904.0,,Default Target,[],85693120.0,[]
161538,162070,Auto,90.0,5328.0,,Default Target,[],1887023.0,[]
161826,162316,Gallows,620.0,70159.0,,Default Target,['Enhanced Gallows'],346845630.0,"[""Death's Design"", 'Enhanced Gallows']"
161537,162337,Heated Slug Shot,320.0,39574.0,,Default Target,[],110128346.0,[]
162421,162953,Auto,90.0,9146.0,,Default Target,[],5850300.0,"['Fugetsu', 'Fuka']"
163049,163049,Taurochole,,,,,,,[]
162442,163112,Dosis III,380.0,49391.0,,Default Target,[],147266966.0,[]
162613,163145,Auto,90.0,0.0,,Default Target,[],0.0,['Enochian']
162113,163273,Fire IV,300.0,79898.0,,Default Target,['3 Astral Fire'],197058271.0,['Enochian']
163355,163355,Arm Punch (pet),120.0,13555.0,,Default Target,[],12921574.0,[]
162661,163421,Gekko,420.0,47982.0,,Default Target,[],161026141.0,"['Fugetsu', 'Fuka']"
137780,163500,Higanbana (dot),50.0,5951.0,,Default Target,[],2476337.0,"['Arcane Circle', 'Fugetsu', 'Fuka']"
142898,163500,Eukrasian Dosis III (dot),85.0,11582.0,,Default Target,[],8097197.0,['Arcane Circle']
145084,163500,Dia (dot),85.0,11581.0,,Default Target,[],7910693.0,['Arcane Circle']
159125,163500,Circle of Scorn (dot),30.0,2392.0,,Default Target,[],380146.0,[]
160393,163500,Thunder (dot),60.0,10027.0,,Default Target,[],3103341.0,['Enochian']
163554,164086,Auto,90.0,0.0,,Default Target,[],0.0,[]
163500,164258,Riot Blade,330.0,26327.0,,Default Target,[],46074807.0,[]
163778,164310,Auto,90.0,5328.0,,Default Target,[],1887023.0,[]
162673,164322,Storm's Eye,500.0,44474.0,,Default Target,['Surging Tempest'],131481340.0,['Surging Tempest']
163054,164344,Glare III,350.0,45381.0,,Default Target,[],121455354.0,[]
163830,164588,Shot,80.0,7251.0,,Default Target,[],3696450.0,[]
164199,164731,Auto,90.0,10837.0,,Default Target,[],8273889.0,"[""Death's Design""]"
164316,164806,Slice,420.0,47524.0,,Default Target,[],159145747.0,"[""Death's Design""]"
164955,164955,Arm Punch (pet),120.0,13555.0,,Default Target,[],12921574.0,[]
164037,165187,Drill,660.0,81629.0,,Default Target,[],468551960.0,[]
164677,165209,Auto,90.0,8941.0,,Default Target,['Surging Tempest'],5313749.0,['Surging Tempest']
164711,165243,Auto,90.0,9146.0,,Default Target,[],5850300.0,"['Fugetsu', 'Fuka']"
164263,165423,Fire IV,300.0,79898.0,,Default Target,['3 Astral Fire'],197058271.0,['Enochian']
164882,165552,Dosis III,380.0,49391.0,,Default Target,[],147266966.0,[]
164801,165651,Gyofu,240.0,27418.0,,Default Target,[],52581804.0,"['Fugetsu', 'Fuka']"
165173,165705,Heavy Swing,240.0,21341.0,,Default Target,['Surging Tempest'],30278556.0,['Surging Tempest']
165382,165914,Auto,90.0,21.0,,Default Target,[],25.0,[]
137780,166500,Higanbana (dot),50.0,5951.0,,Default Target,[],2476337.0,"['Arcane Circle', 'Fugetsu', 'Fuka']"
142898,166500,Eukrasian Dosis III (dot),85.0,11582.0,,Default Target,[],8097197.0,['Arcane Circle']
145084,166500,Dia (dot),85.0,11581.0,,Default Target,[],7910693.0,['Arcane Circle']
159125,166500,Circle of Scorn (dot),30.0,2392.0,,Default Target,[],380146.0,[]
160393,166500,Thunder (dot),60.0,10027.0,,Default Target,[],3103341.0,['Enochian']
166018,166550,Auto,90.0,5328.0,,Default Target,[],1887023.0,[]
166555,166555,Arm Punch (pet),120.0,13555.0,,Default Target,[],12921574.0,[]
166000,166578,Royal Authority,460.0,36701.0,,Default Target,[],89538338.0,[]
165484,166774,Glare III,350.0,45381.0,,Default Target,[],121455354.0,[]
167158,167158,Hypercharge,,,,,,,[]
166470,167228,Shot,80.0,7251.0,,Default Target,[],3696450.0,[]
166538,167338,Heated Clean Shot,420.0,51946.0,,Default Target,[],189745438.0,[]
166807,167387,Waxing Slice,500.0,56579.0,,Default Target,[],225581193.0,"[""Death's Design""]"
166913,167445,Auto,90.0,0.0,,Default Target,[],0.0,['Enochian']
167001,167533,Auto,90.0,9146.0,,Default Target,[],5850300.0,"['Fugetsu', 'Fuka']"
166413,167573,Fire IV,300.0,79898.0,,Default Target,['3 Astral Fire'],197058271.0,['Enochian']
166942,167742,Shifu,300.0,34274.0,,Default Target,[],82159455.0,"['Fugetsu', 'Fuka']"
167399,167931,Auto,90.0,10837.0,,Default Target,[],8273889.0,"[""Death's Design""]"
167323,167993,Dosis III,380.0,49391.0,,Default Target,[],147266966.0,[]
168155,168155,Pile Bunker (pet),340.0,38417.0,,Default Target,[],103775197.0,[]
167673,168296,Maim,340.0,30239.0,,Default Target,['Surging Tempest'],60784922.0,['Surging Tempest']
168037,168569,Auto,90.0,8941.0,,Default Target,['Surging Tempest'],5313749.0,['Surging Tempest']
168182,168714,Auto,90.0,21.0,,Default Target,[],25.0,[]
168258,168790,Auto,90.0,5328.0,,Default Target,[],1887023.0,[]
168414,168946,Auto,90.0,0.0,,Default Target,[],0.0,[]
168500,169123,Fast Blade,220.0,17548.0,,Default Target,[],20469011.0,[]
167914,169204,Glare III,350.0,45381.0,,Default Target,[],121455354.0,[]
137780,169500,Higanbana (dot),50.0,5951.0,,Default Target,[],2476337.0,"['Arcane Circle', 'Fugetsu', 'Fuka']"
142898,169500,Eukrasian Dosis III (dot),85.0,11582.0,,Default Target,[],8097197.0,['Arcane Circle']
145084,169500,Dia (dot),85.0,11581.0,,Default Target,[],7910693.0,['Arcane Circle']
159125,169500,Circle of Scorn (dot),30.0,2392.0,,Default Target,[],380146.0,[]
160393,169500,Thunder (dot),60.0,10027.0,,Default Target,[],3103341.0,['Enochian']
169082,169702,Kasha,420.0,47982.0,,Default Target,[],161026141.0,"['Fugetsu', 'Fuka']"
168563,169723,Fire IV,300.0,79898.0,,Default Target,['3 Astral Fire'],197058271.0,['Enochian']
169291,169823,Auto,90.0,9146.0,,Default Target,[],5850300.0,"['Fugetsu', 'Fuka']"
169297,169837,Infernal Slice,600.0,67895.0,,Default Target,[],324829882.0,"[""Death's Design""]"
169110,169868,Shot,80.0,7251.0,,Default Target,[],3696450.0,[]
169038,169888,Blazing Shot,260.0,32154.0,,Default Target,['Overheated'],72701607.0,['Overheated']
170155,170155,Crowned Collider (pet),390.0,44069.0,,Default Target,[],136559340.0,[]
169658,170368,Double Check,180.0,22256.0,,Default Target,[],34830145.0,[]
169763,170433,Dosis III,380.0,49391.0,,Default Target,[],147266966.0,[]
170498,171030,Auto,90.0,5328.0,,Default Target,[],1887023.0,[]
170599,171131,Auto,90.0,10837.0,,Default Target,[],8273889.0,"[""Death's Design""]"
170539,171389,Blazing Shot,260.0,32154.0,,Default Target,['Overheated'],72701607.0,['Overheated']
170982,171514,Auto,90.0,21.0,,Default Target,[],25.0,[]
170946,171616,Assize,400.0,51864.0,,Default Target,[],158638414.0,[]
170344,171634,Glare III,350.0,45381.0,,Default Target,[],121455354.0,[]
170173,171688,Storm's Path,500.0,44474.0,,Default Target,['Surging Tempest'],131481340.0,['Surging Tempest']
171214,171746,Auto,90.0,0.0,,Default Target,[],0.0,['Enochian']
171000,171758,Riot Blade,330.0,26327.0,,Default Target,[],46074807.0,[]
171222,171842,Kaeshi: Setsugekka,640.0,101332.0,,Default Target,[],119853464.0,"['Fugetsu', 'Fuka']"
171159,171869,Checkmate,180.0,22256.0,,Default Target,[],34830145.0,[]
170714,171874,Fire IV,300.0,79898.0,,Default Target,['3 Astral Fire'],197058271.0,['Enochian']
171397,171929,Auto,90.0,8941.0,,Default Target,['Surging Tempest'],5313749.0,['Surging Tempest']
171581,172113,Auto,90.0,9146.0,,Default Target,[],5850300.0,"['Fugetsu', 'Fuka']"
171644,172314,Paradox,540.0,79886.0,,Default Target,['3 Astral Fire'],197010726.0,['Enochian']
172344,172344,Triplecast,,,,,,,[]
137780,172500,Higanbana (dot),50.0,5951.0,,Default Target,[],2476337.0,"['Arcane Circle', 'Fugetsu', 'Fuka']"
142898,172500,Eukrasian Dosis III (dot),85.0,11582.0,,Default Target,[],8097197.0,['Arcane Circle']
145084,172500,Dia (dot),85.0,11581.0,,Default Target,[],7910693.0,['Arcane Circle']
159125,172500,Circle of Scorn (dot),30.0,2392.0,,Default Target,[],380146.0,[]
160393,172500,Thunder (dot),60.0,10027.0,,Default Target,[],3103341.0,['Enochian']
171750,172508,Shot,80.0,7251.0,,Default Target,[],3696450.0,[]
172039,172889,Blazing Shot,260.0,32154.0,,Default Target,['Overheated'],72701607.0,['Overheated']
171787,172947,Shadow of Death,300.0,33945.0,,Default Target,[],81192021.0,"[""Death's Design""]"
172407,172947,Unveiled Gibbet,440.0,49788.0,,Default Target,[],174669570.0,"[""Death's Design""]"
172738,173270,Auto,90.0,5328.0,,Default Target,[],1887023.0,[]
172673,173296,Fell Cleave,580.0,51589.0,,Default Target,['Surging Tempest'],176915445.0,['Surging Tempest']
173274,173806,Auto,90.0,0.0,,Default Target,[],0.0,[]
172774,174064,Glare III,350.0,45381.0,,Default Target,[],121455354.0,[]
173500,174258,Holy Spirit,500.0,39894.0,,Default Target,['Divine Might'],105795169.0,['Divine Might']
173799,174331,Auto,90.0,10837.0,,Default Target,[],8273889.0,"[""Death's Design""]"
173540,174390,Blazing Shot,260.0,32154.0,,Default Target,['Overheated'],72701607.0,['Overheated']
173794,174414,Flare Star,500.0,133166.0,,Default Target,['3 Astral Fire'],547404282.0,"['Enochian', 'Triplecast']"
174278,174768,Gibbet,620.0,70159.0,,Default Target,['Enhanced Gibbet'],346845630.0,"[""Death's Design"", 'Enhanced Gibbet']"
174162,174782,Midare Setsugekka,640.0,101332.0,,Default Target,[],119853464.0,"['Fugetsu', 'Fuka']"
174898,174898,Enshroud,,,,,,,[]
174494,175026,Auto,90.0,0.0,,Default Target,[],0.0,['Enochian']
174390,175148,Shot,80.0,7251.0,,Default Target,[],3696450.0,[]
174662,175194,Auto,90.0,9146.0,,Default Target,[],5850300.0,"['Fugetsu', 'Fuka']"
174757,175289,Auto,90.0,8941.0,,Default Target,['Surging Tempest'],5313749.0,['Surging Tempest']
174705,175375,Dosis III,380.0,49391.0,,Default Target,[],147266966.0,[]
137780,175500,Higanbana (dot),50.0,5951.0,,Default Target,[],2476337.0,"['Arcane Circle', 'Fugetsu', 'Fuka']"
145084,175500,Dia (dot),85.0,11581.0,,Default Target,[],7910693.0,['Arcane Circle']
160393,175500,Thunder (dot),60.0,10027.0,,Default Target,[],3103341.0,['Enochian']
172245,175500,Eukrasian Dosis III (dot),85.0,11245.0,,Default Target,[],7632622.0,[]
174978,175510,Auto,90.0,5328.0,,Default Target,[],1887023.0,[]
174244,175534,Dia,85.0,10969.0,,Default Target,[],7095404.0,[]
175174,175706,Heavy Swing,240.0,21341.0,,Default Target,['Surging Tempest'],30278556.0,['Surging Tempest']
175205,175737,Auto,90.0,21.0,,Default Target,[],25.0,[]
175040,175890,Blazing Shot,260.0,32154.0,,Default Target,['Overheated'],72701607.0,['Overheated']
175502,176352,Gyofu,240.0,27418.0,,Default Target,[],52581804.0,"['Fugetsu', 'Fuka']"
175944,176434,Despair,350.0,93213.0,,Default Target,['3 Astral Fire'],268247312.0,['Enochian']
176644,176644,Transpose,,,,,,,[]
176000,177293,Atonement,460.0,36701.0,,Default Target,[],89538338.0,[]
176768,177308,Void Reaping,540.0,61101.0,,Default Target,[],263068010.0,"[""Death's Design""]"
176541,177341,Heated Split Shot,220.0,27207.0,,Default Target,[],52053770.0,[]
176952,177484,Auto,90.0,9146.0,,Default Target,[],5850300.0,"['Fugetsu', 'Fuka']"
176999,177531,Auto,90.0,10837.0,,Default Target,[],8273889.0,"[""Death's Design""]"
177218,177750,Auto,90.0,5328.0,,Default Target,[],1887023.0,[]
177030,177788,Shot,80.0,7251.0,,Default Target,[],3696450.0,[]
177145,177815,Dosis III,380.0,49391.0,,Default Target,[],147266966.0,[]
177388,178148,Sacrificium,600.0,67895.0,,Default Target,[],324829882.0,"[""Death's Design""]"
177674,178297,Maim,340.0,30239.0,,Default Target,['Surging Tempest'],60784922.0,['Surging Tempest']
177774,178306,Auto,90.0,0.0,,Default Target,[],0.0,['Enochian']
177642,178442,Yukikaze,340.0,38842.0,,Default Target,[],105525015.0,"['Fugetsu', 'Fuka']"
137780,178500,Higanbana (dot),50.0,5951.0,,Default Target,[],2476337.0,"['Arcane Circle', 'Fugetsu', 'Fuka']"
160393,178500,Thunder (dot),60.0,10027.0,,Default Target,[],3103341.0,['Enochian']
172245,178500,Eukrasian Dosis III (dot),85.0,11245.0,,Default Target,[],7632622.0,[]
174244,178500,Dia (dot),85.0,11244.0,,Default Target,[],7456489.0,[]
178005,178537,Auto,90.0,21.0,,Default Target,[],25.0,[]
178117,178649,Auto,90.0,8941.0,,Default Target,['Surging Tempest'],5313749.0,['Surging Tempest']
178134,178666,Auto,90.0,0.0,,Default Target,[],0.0,[]
178269,178889,Cross Reaping,600.0,67895.0,,Default Target,['Enhanced Cross Reaping'],324829882.0,"[""Death's Design"", 'Enhanced Cross Reaping']"
177634,178924,Glare III,350.0,45381.0,,Default Target,[],121455354.0,[]
178094,178934,Blizzard III,290.0,42893.0,,Default Target,['1 Umbral Ice'],56791993.0,"['Enochian', 'Triplecast']"
178889,179599,Lemure's Slice,280.0,31680.0,,Default Target,[],70719815.0,"[""Death's Design""]"
178500,179660,Supplication,500.0,39894.0,,Default Target,[],105795169.0,[]
179242,179774,Auto,90.0,9146.0,,Default Target,[],5850300.0,"['Fugetsu', 'Fuka']"
179041,179841,Heated Slug Shot,320.0,39574.0,,Default Target,[],110128346.0,[]
179458,179990,Auto,90.0,5328.0,,Default Target,[],1887023.0,[]
179586,180256,Dosis III,380.0,49391.0,,Default Target,[],147266966.0,[]
179769,180309,Void Reaping,600.0,67895.0,,Default Target,['Enhanced Void Reaping'],324829882.0,"[""Death's Design"", 'Enhanced Void Reaping']"
179661,180371,Double Check,180.0,22256.0,,Default Target,[],34830145.0,[]
179670,180428,Shot,80.0,7251.0,,Default Target,[],3696450.0,[]
179782,180632,Gyofu,240.0,27418.0,,Default Target,[],52581804.0,"['Fugetsu', 'Fuka']"
180199,180731,Auto,90.0,10837.0,,Default Target,[],8273889.0,"[""Death's Design""]"
180281,180991,Checkmate,180.0,22256.0,,Default Target,[],34830145.0,[]
180402,181022,Hissatsu: Shinten,250.0,28561.0,,Default Target,[],57056461.0,"['Fugetsu', 'Fuka']"
180805,181337,Auto,90.0,21.0,,Default Target,[],25.0,[]
180064,181354,Glare III,350.0,45381.0,,Default Target,[],121455354.0,[]
180244,181404,Blizzard IV,300.0,44387.0,,Default Target,['3 Umbral Ice'],60819838.0,"['Enochian', 'Triplecast']"
137780,181500,Higanbana (dot),50.0,5951.0,,Default Target,[],2476337.0,"['Arcane Circle', 'Fugetsu', 'Fuka']"
160393,181500,Thunder (dot),60.0,10027.0,,Default Target,[],3103341.0,['Enochian']
172245,181500,Eukrasian Dosis III (dot),85.0,11245.0,,Default Target,[],7632622.0,[]
174244,181500,Dia (dot),85.0,11244.0,,Default Target,[],7456489.0,[]
181054,181586,Auto,90.0,0.0,,Default Target,[],0.0,['Enochian']
180174,181689,Storm's Path,500.0,44474.0,,Default Target,['Surging Tempest'],131481340.0,['Surging Tempest']
181270,181890,Cross Reaping,600.0,67895.0,,Default Target,['Enhanced Cross Reaping'],324829882.0,"[""Death's Design"", 'Enhanced Cross Reaping']"
181477,182009,Auto,90.0,8941.0,,Default Target,['Surging Tempest'],5313749.0,['Surging Tempest']
181532,182064,Auto,90.0,9146.0,,Default Target,[],5850300.0,"['Fugetsu', 'Fuka']"
181698,182230,Auto,90.0,5328.0,,Default Target,[],1887023.0,[]
181000,182290,Sepulchre,540.0,43082.0,,Default Target,[],123387031.0,[]
181542,182342,Heated Clean Shot,420.0,51946.0,,Default Target,[],189745438.0,[]
181923,182543,Jinpu,300.0,34274.0,,Default Target,[],82159455.0,"['Fugetsu', 'Fuka']"
181890,182600,Lemure's Slice,280.0,31680.0,,Default Target,[],70719815.0,"[""Death's Design""]"
182026,182696,Dosis III,380.0,49391.0,,Default Target,[],147266966.0,[]
182394,183064,Paradox,540.0,79886.0,,Default Target,['3 Umbral Ice'],197010726.0,['Enochian']
182310,183068,Shot,80.0,7251.0,,Default Target,[],3696450.0,[]
183094,183094,Transpose,,,,,,,[]
182674,183206,Heavy Swing,240.0,21341.0,,Default Target,['Surging Tempest'],30278556.0,['Surging Tempest']
182994,183526,Auto,90.0,0.0,,Default Target,[],0.0,[]
182494,183784,Glare III,350.0,45381.0,,Default Target,[],121455354.0,[]
183500,184078,Royal Authority,460.0,36701.0,,Default Target,[],89538338.0,[]
183570,184190,Communio,1100.0,124476.0,,Default Target,[],1091814911.0,"[""Death's Design""]"
183822,184354,Auto,90.0,9146.0,,Default Target,[],5850300.0,"['Fugetsu', 'Fuka']"
183938,184470,Auto,90.0,5328.0,,Default Target,[],1887023.0,[]
137780,184500,Higanbana (dot),50.0,5951.0,,Default Target,[],2476337.0,"['Arcane Circle', 'Fugetsu', 'Fuka']"
160393,184500,Thunder (dot),60.0,10027.0,,Default Target,[],3103341.0,['Enochian']
172245,184500,Eukrasian Dosis III (dot),85.0,11245.0,,Default Target,[],7632622.0,[]
174244,184500,Dia (dot),85.0,11244.0,,Default Target,[],7456489.0,[]
184070,184602,Auto,90.0,10837.0,,Default Target,[],8273889.0,"[""Death's Design""]"
184662,184662,Automaton Queen,,,,,,,[]
184683,184683,Meikyo Shisui,,,,,,,[]
184063,184823,Gekko,420.0,47982.0,,Default Target,[],161026141.0,"['Fugetsu', 'Fuka']"
184334,184866,Auto,90.0,0.0,,Default Target,[],0.0,['Enochian']
184042,185072,Chain Saw,660.0,81629.0,,Default Target,[],468551960.0,[]
184467,185137,Dosis III,380.0,49391.0,,Default Target,[],147266966.0,[]
185282,185282,Reassemble,,,,,,,[]
184837,185369,Auto,90.0,8941.0,,Default Target,['Surging Tempest'],5313749.0,['Surging Tempest']
184967,185499,Auto,90.0,21.0,,Default Target,[],25.0,[]
184950,185708,Shot,80.0,7251.0,,Default Target,[],3696450.0,[]
185174,185797,Maim,340.0,30239.0,,Default Target,['Surging Tempest'],60784922.0,['Surging Tempest']
185799,185799,Inner Release,,,,,,,[]
184544,185834,Fire III,290.0,60051.0,,Default Target,['3 Astral Fire'],111314107.0,['Enochian']
185303,185923,Hissatsu: Shinten,250.0,28561.0,,Default Target,[],57056461.0,"['Fugetsu', 'Fuka']"
184924,186214,Glare III,350.0,45381.0,,Default Target,[],121455354.0,[]
185271,186301,Soul Slice,520.0,58841.0,,Default Target,[],243981522.0,"[""Death's Design""]"
186625,186625,Fight or Flight,,,,,,,[]
186112,186644,Auto,90.0,9146.0,,Default Target,[],5850300.0,"['Fugetsu', 'Fuka']"
186178,186710,Auto,90.0,5328.0,,Default Target,[],1887023.0,[]
186203,186823,Kasha,420.0,47982.0,,Default Target,['Meikyo Shisui'],161026141.0,"['Fugetsu', 'Fuka', 'Meikyo Shisui']"
186000,187293,Atonement,460.0,36701.0,,Default Target,[],89538338.0,[]
137780,187500,Higanbana (dot),50.0,5951.0,,Default Target,[],2476337.0,"['Arcane Circle', 'Fugetsu', 'Fuka']"
160393,187500,Thunder (dot),60.0,10027.0,,Default Target,[],3103341.0,['Enochian']
172245,187500,Eukrasian Dosis III (dot),85.0,11245.0,,Default Target,[],7632622.0,[]
174244,187500,Dia (dot),85.0,11244.0,,Default Target,[],7456489.0,[]
186907,187577,Dosis III,380.0,49391.0,,Default Target,[],147266966.0,[]
186543,187613,Excavator,660.0,140638.0,,Default Target,['Reassemble'],16475976.0,['Reassemble']
187270,187802,Auto,90.0,10837.0,,Default Target,[],8273889.0,"[""Death's Design""]"
187674,188297,Fell Cleave,580.0,88980.0,,Default Target,['Surging Tempest'],6597867.0,"['Inner Release', 'Surging Tempest']"
187767,188299,Auto,90.0,21.0,,Default Target,[],25.0,[]
187590,188348,Shot,80.0,7251.0,,Default Target,[],3696450.0,[]
187854,188386,Auto,90.0,0.0,,Default Target,[],0.0,[]
187250,188540,Imperator,580.0,57844.0,,Default Target,[],222421460.0,['Fight or Flight']
187354,188644,Glare III,350.0,45381.0,,Default Target,[],121455354.0,[]
188197,188729,Auto,90.0,8941.0,,Default Target,['Surging Tempest'],5313749.0,['Surging Tempest']
187761,188921,Shadow of Death,300.0,33945.0,,Default Target,[],81192021.0,"[""Death's Design""]"
188299,188922,Upheaval,420.0,37355.0,,Default Target,['Surging Tempest'],92756681.0,['Surging Tempest']
188402,188934,Auto,90.0,9146.0,,Default Target,[],5850300.0,"['Fugetsu', 'Fuka']"
188414,188946,Auto,90.0,0.0,,Default Target,[],0.0,['Enochian']
188418,188950,Auto,90.0,6660.0,,Default Target,[],2948197.0,['Fight or Flight']
188343,188963,Kaeshi: Setsugekka,640.0,101332.0,,Default Target,[],119853464.0,"['Fugetsu', 'Fuka']"
188500,189034,Goring Blade,700.0,69814.0,,Default Target,[],324015381.0,['Fight or Flight']
187914,189074,Fire IV,300.0,79898.0,,Default Target,['3 Astral Fire'],197058271.0,['Enochian']
188963,189583,Hissatsu: Shinten,250.0,28561.0,,Default Target,[],57056461.0,"['Fugetsu', 'Fuka']"
188924,189591,Onslaught,150.0,13339.0,,Default Target,['Surging Tempest'],11827982.0,['Surging Tempest']
189348,190018,Dosis III,380.0,49391.0,,Default Target,[],147266966.0,[]
189125,190148,Circle of Scorn,140.0,13955.0,,Default Target,[],12943806.0,['Fight or Flight']
190162,190162,Roller Dash (pet),288.0,32540.0,,Default Target,[],74454638.0,[]
189043,190193,Drill,660.0,81629.0,,Default Target,[],468551960.0,[]
137780,190500,Higanbana (dot),50.0,5951.0,,Default Target,[],2476337.0,"['Arcane Circle', 'Fugetsu', 'Fuka']"
160393,190500,Thunder (dot),60.0,10027.0,,Default Target,[],3103341.0,['Enochian']
172245,190500,Eukrasian Dosis III (dot),85.0,11245.0,,Default Target,[],7632622.0,[]
174244,190500,Dia (dot),85.0,11244.0,,Default Target,[],7456489.0,[]
189125,190500,Circle of Scorn (dot),30.0,2990.0,,Default Target,[],593707.0,['Fight or Flight']
190252,190742,Slice,420.0,47524.0,,Default Target,[],159145747.0,"[""Death's Design""]"
190174,190797,Fell Cleave,580.0,88980.0,,Default Target,['Surging Tempest'],6597867.0,"['Inner Release', 'Surging Tempest']"
190230,190988,Shot,80.0,7251.0,,Default Target,[],3696450.0,[]
190470,191002,Auto,90.0,10837.0,,Default Target,[],8273889.0,"[""Death's Design""]"
189955,191055,Psyche,600.0,78028.0,,Default Target,[],367528138.0,[]
189784,191074,Glare III,350.0,45381.0,,Default Target,[],121455354.0,[]
190567,191099,Auto,90.0,21.0,,Default Target,[],25.0,[]
190658,191190,Auto,90.0,6660.0,,Default Target,[],2948197.0,['Fight or Flight']
190494,191254,High Thunder,150.0,22191.0,,Default Target,[],15203066.0,['Enochian']
191625,191982,Expiacion,450.0,44880.0,,Default Target,[],133895595.0,['Fight or Flight']
191557,192089,Auto,90.0,8941.0,,Default Target,['Surging Tempest'],5313749.0,['Surging Tempest']
191093,192123,Tendo Setsugekka,1100.0,174167.0,,Default Target,[],354073868.0,"['Fugetsu', 'Fuka']"
191593,192125,Auto,90.0,9146.0,,Default Target,[],5850300.0,"['Fugetsu', 'Fuka']"
191000,192160,Supplication,500.0,49867.0,,Default Target,[],165307933.0,['Fight or Flight']
191544,192344,Heated Split Shot,220.0,27207.0,,Default Target,[],52053770.0,[]
191788,192458,Dosis III,380.0,49391.0,,Default Target,[],147266966.0,[]
191960,192630,Hissatsu: Senei,800.0,91403.0,,Default Target,[],584330583.0,"['Fugetsu', 'Fuka']"
192714,193246,Auto,90.0,0.0,,Default Target,[],0.0,['Enochian']
192714,193246,Auto,90.0,0.0,,Default Target,[],0.0,[]
192674,193297,Fell Cleave,580.0,88980.0,,Default Target,['Surging Tempest'],6597867.0,"['Inner Release', 'Surging Tempest']"
192742,193322,Waxing Slice,500.0,56579.0,,Default Target,[],225581193.0,"[""Death's Design""]"
193362,193362,Arm Punch (pet),144.0,16269.0,,Default Target,[],18613055.0,[]
192214,193374,Fire IV,300.0,79898.0,,Default Target,['3 Astral Fire'],197058271.0,['Enochian']
192898,193430,Auto,90.0,6660.0,,Default Target,[],2948197.0,['Fight or Flight']
137780,193500,Higanbana (dot),50.0,5951.0,,Default Target,[],2476337.0,"['Arcane Circle', 'Fugetsu', 'Fuka']"
172245,193500,Eukrasian Dosis III (dot),85.0,11245.0,,Default Target,[],7632622.0,[]
174244,193500,Dia (dot),85.0,11244.0,,Default Target,[],7456489.0,[]
189125,193500,Circle of Scorn (dot),30.0,2990.0,,Default Target,[],593707.0,['Fight or Flight']
190494,193500,Thunder (dot),60.0,10027.0,,Default Target,[],3103341.0,['Enochian']
192214,193504,Glare III,350.0,45381.0,,Default Target,[],121455354.0,[]
192870,193628,Shot,80.0,7251.0,,Default Target,[],3696450.0,[]
192623,193653,Tendo Kaeshi Setsugekka,1100.0,174167.0,,Default Target,[],354073868.0,"['Fugetsu', 'Fuka']"
193684,193684,Afflatus Rapture,,,,,,,[]
193243,193823,Shoha,640.0,73121.0,,Default Target,[],373956846.0,"['Fugetsu', 'Fuka']"
193924,193924,Infuriate,,,,,,,[]
193500,194123,Confiteor,1000.0,99736.0,,Default Target,['Requiescat'],661260162.0,"['Fight or Flight', 'Requiescat']"
193670,194202,Auto,90.0,10837.0,,Default Target,[],8273889.0,"[""Death's Design""]"
193883,194415,Auto,90.0,9146.0,,Default Target,[],5850300.0,"['Fugetsu', 'Fuka']"
193299,194449,Primal Wrath,700.0,62264.0,,Default Target,['Surging Tempest'],257708492.0,['Surging Tempest']
193863,194483,Hissatsu: Shinten,250.0,28561.0,,Default Target,[],57056461.0,"['Fugetsu', 'Fuka']"
194125,194703,Intervene,150.0,14957.0,,Default Target,[],14871751.0,['Fight or Flight']
194836,194836,Druochole,,,,,,,[]
194044,194844,Heated Slug Shot,320.0,39574.0,,Default Target,[],110128346.0,[]
194229,194899,Dosis III,380.0,49391.0,,Default Target,[],147266966.0,[]
194962,194962,Arm Punch (pet),144.0,16269.0,,Default Target,[],18613055.0,[]
194729,195261,Auto,90.0,21.0,,Default Target,[],25.0,[]
194917,195449,Auto,90.0,8941.0,,Default Target,['Surging Tempest'],5313749.0,['Surging Tempest']
194763,195523,Gekko,420.0,47982.0,,Default Target,[],161026141.0,"['Fugetsu', 'Fuka']"
194364,195524,Fire IV,300.0,79898.0,,Default Target,['3 Astral Fire'],197058271.0,['Enochian']
195138,195670,Auto,90.0,6660.0,,Default Target,[],2948197.0,['Fight or Flight']
195233,195773,Infernal Slice,600.0,67895.0,,Default Target,[],324829882.0,"[""Death's Design""]"
196114,196114,Afflatus Rapture,,,,,,,[]
195510,196268,Shot,80.0,7251.0,,Default Target,[],3696450.0,[]
195174,196334,Primal Rend,700.0,107391.0,,Default Target,['Surging Tempest'],9610510.0,['Surging Tempest']
137780,196500,Higanbana (dot),50.0,5951.0,,Default Target,[],2476337.0,"['Arcane Circle', 'Fugetsu', 'Fuka']"
172245,196500,Eukrasian Dosis III (dot),85.0,11245.0,,Default Target,[],7632622.0,[]
174244,196500,Dia (dot),85.0,11244.0,,Default Target,[],7456489.0,[]
189125,196500,Circle of Scorn (dot),30.0,2990.0,,Default Target,[],593707.0,['Fight or Flight']
190494,196500,Thunder (dot),60.0,10027.0,,Default Target,[],3103341.0,['Enochian']
196562,196562,Arm Punch (pet),144.0,16269.0,,Default Target,[],18613055.0,[]
196000,196666,Blade of Faith,760.0,75801.0,,Default Target,['Requiescat'],381953526.0,"['Fight or Flight', 'Requiescat']"
196154,196686,Auto,90.0,0.0,,Default Target,[],0.0,[]
196173,196705,Auto,90.0,9146.0,,Default Target,[],5850300.0,"['Fugetsu', 'Fuka']"
196625,197203,Intervene,150.0,14957.0,,Default Target,[],14871751.0,['Fight or Flight']
197277,197277,Druochole,,,,,,,[]
196669,197339,Dosis III,380.0,49391.0,,Default Target,[],147266966.0,[]
196545,197345,Heated Clean Shot,420.0,51946.0,,Default Target,[],189745438.0,[]
196870,197402,Auto,90.0,10837.0,,Default Target,[],8273889.0,"[""Death's Design""]"
197014,197546,Auto,90.0,0.0,,Default Target,[],0.0,['Enochian']
196514,197674,Fire IV,300.0,79898.0,,Default Target,['3 Astral Fire'],197058271.0,['Enochian']
197378,197910,Auto,90.0,6660.0,,Default Target,[],2948197.0,['Fight or Flight']
197529,198061,Auto,90.0,21.0,,Default Target,[],25.0,[]
198162,198162,Pile Bunker (pet),408.0,46099.0,,Default Target,[],149433618.0,[]
197723,198213,Slice,420.0,47524.0,,Default Target,[],159145747.0,"[""Death's Design""]"
197704,198324,Higanbana,200.0,22847.0,,Default Target,[],36510407.0,"['Fugetsu', 'Fuka']"
197674,198734,Primal Ruination,780.0,119662.0,,Default Target,['Surging Tempest'],11930102.0,['Surging Tempest']
198277,198809,Auto,90.0,8941.0,,Default Target,['Surging Tempest'],5313749.0,['Surging Tempest']
198150,198908,Shot,80.0,7251.0,,Default Target,[],3696450.0,[]
198463,198995,Auto,90.0,9146.0,,Default Target,[],5850300.0,"['Fugetsu', 'Fuka']"
198500,199391,Blade of Truth,880.0,87767.0,,Default Target,['Requiescat'],512059341.0,"['Fight or Flight', 'Requiescat']"
172245,199500,Eukrasian Dosis III (dot),85.0,11245.0,,Default Target,[],7632622.0,[]
174244,199500,Dia (dot),85.0,11244.0,,Default Target,[],7456489.0,[]
189125,199500,Circle of Scorn (dot),30.0,2990.0,,Default Target,[],593707.0,['Fight or Flight']
190494,199500,Thunder (dot),60.0,10027.0,,Default Target,[],3103341.0,['Enochian']
197704,199500,Higanbana (dot),50.0,5778.0,,Default Target,[],2333763.0,"['Fugetsu', 'Fuka']"
199044,199664,Kasha,420.0,47982.0,,Default Target,[],161026141.0,"['Fugetsu', 'Fuka']"
199109,199779,Dosis III,380.0,49391.0,,Default Target,[],147266966.0,[]
198664,199824,Fire IV,300.0,79898.0,,Default Target,['3 Astral Fire'],197058271.0,['Enochian']
199618,200150,Auto,90.0,6660.0,,Default Target,[],2948197.0,['Fight or Flight']
200162,200162,Crowned Collider (pet),468.0,52884.0,,Default Target,[],196657166.0,[]
199045,200195,Air Anchor,660.0,81629.0,,Default Target,[],468551960.0,[]
200005,200537,Auto,90.0,0.0,,Default Target,[],0.0,[]
200070,200602,Auto,90.0,10837.0,,Default Target,[],8273889.0,"[""Death's Design""]"
200214,200794,Waxing Slice,500.0,56579.0,,Default Target,[],225581193.0,"[""Death's Design""]"
199505,200795,Glare III,350.0,45381.0,,Default Target,[],121455354.0,[]
200329,200861,Auto,90.0,21.0,,Default Target,[],25.0,[]
200174,201111,Inner Chaos,660.0,101249.0,,Default Target,['Surging Tempest'],8541281.0,['Surging Tempest']
200753,201285,Auto,90.0,9146.0,,Default Target,[],5850300.0,"['Fugetsu', 'Fuka']"
200834,201374,Unveiled Gallows,440.0,49788.0,,Default Target,[],174669570.0,"[""Death's Design""]"
200790,201548,Shot,80.0,7251.0,,Default Target,[],3696450.0,[]
201314,201846,Auto,90.0,0.0,,Default Target,[],0.0,['Enochian']
201000,201891,Blade of Valor,1000.0,99736.0,,Default Target,['Requiescat'],661260162.0,"['Fight or Flight', 'Requiescat']"
200814,201974,Fire IV,300.0,79898.0,,Default Target,['3 Astral Fire'],197058271.0,['Enochian']
201184,202034,Gyofu,240.0,27418.0,,Default Target,[],52581804.0,"['Fugetsu', 'Fuka']"
201637,202169,Auto,90.0,8941.0,,Default Target,['Surging Tempest'],5313749.0,['Surging Tempest']
201546,202346,Heated Split Shot,220.0,27207.0,,Default Target,[],52053770.0,[]
201858,202390,Auto,90.0,6660.0,,Default Target,[],2948197.0,['Fight or Flight']
174244,202500,Dia (dot),85.0,11244.0,,Default Target,[],7456489.0,[]
189125,202500,Circle of Scorn (dot),30.0,2990.0,,Default Target,[],593707.0,['Fight or Flight']
190494,202500,Thunder (dot),60.0,10027.0,,Default Target,[],3103341.0,['Enochian']
197704,202500,Higanbana (dot),50.0,5778.0,,Default Target,[],2333763.0,"['Fugetsu', 'Fuka']"
201591,202500,Eukrasian Dosis III (dot),85.0,11245.0,,Default Target,[],7632622.0,[]
201625,202785,Blade of Honor,1000.0,99736.0,,Default Target,[],661260162.0,['Fight or Flight']
202704,203194,Gallows,620.0,70159.0,,Default Target,['Enhanced Gallows'],346845630.0,"[""Death's Design"", 'Enhanced Gallows']"
201935,203225,Glare III,350.0,45381.0,,Default Target,[],121455354.0,[]
202674,203297,Fell Cleave,580.0,51589.0,,Default Target,['Surging Tempest'],176915445.0,['Surging Tempest']
203043,203575,Auto,90.0,9146.0,,Default Target,[],5850300.0,"['Fugetsu', 'Fuka']"
202964,203584,Flare Star,500.0,133166.0,,Default Target,['3 Astral Fire'],547404282.0,['Enochian']
203270,203802,Auto,90.0,10837.0,,Default Target,[],8273889.0,"[""Death's Design""]"
203324,203944,Jinpu,300.0,34274.0,,Default Target,[],82159455.0,"['Fugetsu', 'Fuka']"
203430,204188,Shot,80.0,7251.0,,Default Target,[],3696450.0,[]
203894,204564,Paradox,540.0,79886.0,,Default Target,['3 Astral Fire'],197010726.0,['Enochian']
204594,204594,Swiftcast,,,,,,,[]
204098,204630,Auto,90.0,6660.0,,Default Target,[],2948197.0,['Fight or Flight']
204051,204721,Dosis III,380.0,49391.0,,Default Target,[],147266966.0,[]
203500,204790,Sepulchre,540.0,53853.0,,Default Target,[],192790977.0,['Fight or Flight']
204046,204846,Heated Slug Shot,320.0,39574.0,,Default Target,[],110128346.0,[]
204551,205083,Auto,90.0,21.0,,Default Target,[],25.0,[]
204594,205126,Auto,90.0,0.0,,Default Target,[],0.0,['Enochian']
204865,205397,Auto,90.0,0.0,,Default Target,[],0.0,[]
174244,205500,Dia (dot),85.0,11244.0,,Default Target,[],7456489.0,[]
190494,205500,Thunder (dot),60.0,10027.0,,Default Target,[],3103341.0,['Enochian']
197704,205500,Higanbana (dot),50.0,5778.0,,Default Target,[],2333763.0,"['Fugetsu', 'Fuka']"
201591,205500,Eukrasian Dosis III (dot),85.0,11245.0,,Default Target,[],7632622.0,[]
204997,205529,Auto,90.0,8941.0,,Default Target,['Surging Tempest'],5313749.0,['Surging Tempest']
204365,205655,Glare III,350.0,45381.0,,Default Target,[],121455354.0,[]
205195,205735,Infernal Slice,600.0,67895.0,,Default Target,[],324829882.0,"[""Death's Design""]"
205333,205865,Auto,90.0,9146.0,,Default Target,[],5850300.0,"['Fugetsu', 'Fuka']"
206152,206152,Rhizomata,,,,,,,[]
205532,206202,Phlegma III,600.0,78028.0,,Default Target,[],367528138.0,[]
205464,206224,Gekko,420.0,47982.0,,Default Target,[],161026141.0,"['Fugetsu', 'Fuka']"
206044,206534,Despair,350.0,93213.0,,Default Target,['3 Astral Fire'],268247312.0,['Enochian']
206744,206744,Transpose,,,,,,,[]
206000,206758,Holy Spirit,500.0,49867.0,,Default Target,['Divine Might'],165307933.0,"['Divine Might', 'Fight or Flight']"
206772,206772,Kerachole,,,,,,,[]
205174,206823,Storm's Eye,500.0,44474.0,,Default Target,['Surging Tempest'],131481340.0,['Surging Tempest']
206070,206828,Shot,80.0,7251.0,,Default Target,[],3696450.0,[]
206338,206870,Auto,90.0,6660.0,,Default Target,[],2948197.0,['Fight or Flight']
206470,207002,Auto,90.0,10837.0,,Default Target,[],8273889.0,"[""Death's Design""]"
205835,207125,Dia,85.0,10969.0,,Default Target,[],7095404.0,[]
206547,207347,Heated Clean Shot,420.0,51946.0,,Default Target,[],189745438.0,[]
207167,207877,Double Check,180.0,22256.0,,Default Target,[],34830145.0,[]
207351,207883,Auto,90.0,21.0,,Default Target,[],25.0,[]
207623,208155,Auto,90.0,9146.0,,Default Target,[],5850300.0,"['Fugetsu', 'Fuka']"
207685,208175,Slice,420.0,47524.0,,Default Target,[],159145747.0,"[""Death's Design""]"
207674,208206,Heavy Swing,240.0,21341.0,,Default Target,['Surging Tempest'],30278556.0,['Surging Tempest']
207874,208406,Auto,90.0,0.0,,Default Target,[],0.0,['Enochian']
207604,208454,Gyofu,240.0,27418.0,,Default Target,[],52581804.0,"['Fugetsu', 'Fuka']"
207787,208497,Checkmate,180.0,22256.0,,Default Target,[],34830145.0,[]
190494,208500,Thunder (dot),60.0,10027.0,,Default Target,[],3103341.0,['Enochian']
197704,208500,Higanbana (dot),50.0,5778.0,,Default Target,[],2333763.0,"['Fugetsu', 'Fuka']"
201591,208500,Eukrasian Dosis III (dot),85.0,11245.0,,Default Target,[],7632622.0,[]
205835,208500,Dia (dot),85.0,11244.0,,Default Target,[],7456489.0,[]
208357,208889,Auto,90.0,8941.0,,Default Target,['Surging Tempest'],5313749.0,['Surging Tempest']
208194,209034,Blizzard III,290.0,42893.0,,Default Target,['1 Umbral Ice'],56791993.0,"['Enochian', 'Swiftcast']"
208578,209110,Auto,90.0,5328.0,,Default Target,[],1887023.0,[]
208500,209123,Fast Blade,220.0,17548.0,,Default Target,[],20469011.0,[]
208305,209375,Gluttony,520.0,58841.0,,Default Target,[],243981522.0,"[""Death's Design""]"
208710,209468,Shot,80.0,7251.0,,Default Target,[],3696450.0,[]
208932,209602,Dosis III,380.0,49391.0,,Default Target,[],147266966.0,[]
209047,209847,Heated Split Shot,220.0,27207.0,,Default Target,[],52053770.0,[]
209670,210202,Auto,90.0,10837.0,,Default Target,[],8273889.0,"[""Death's Design""]"
209725,210257,Auto,90.0,0.0,,Default Target,[],0.0,[]
209913,210445,Auto,90.0,9146.0,,Default Target,[],5850300.0,"['Fugetsu', 'Fuka']"
209225,210515,Glare III,350.0,45381.0,,Default Target,[],121455354.0,[]
209744,210544,Yukikaze,340.0,38842.0,,Default Target,[],105525015.0,"['Fugetsu', 'Fuka']"
210151,210683,Auto,90.0,21.0,,Default Target,[],25.0,[]
210176,210796,Executioner's Gibbet,820.0,92789.0,,Default Target,['Enhanced Gibbet'],606695908.0,"[""Death's Design"", 'Enhanced Gibbet']"
210174,210797,Maim,340.0,30239.0,,Default Target,['Surging Tempest'],60784922.0,['Surging Tempest']
210818,211350,Auto,90.0,5328.0,,Default Target,[],1887023.0,[]
190494,211500,Thunder (dot),60.0,10027.0,,Default Target,[],3103341.0,['Enochian']
197704,211500,Higanbana (dot),50.0,5778.0,,Default Target,[],2333763.0,"['Fugetsu', 'Fuka']"
201591,211500,Eukrasian Dosis III (dot),85.0,11245.0,,Default Target,[],7632622.0,[]
205835,211500,Dia (dot),85.0,11244.0,,Default Target,[],7456489.0,[]
211000,211758,Riot Blade,330.0,26327.0,,Default Target,[],46074807.0,[]
211373,212043,Dosis III,380.0,49391.0,,Default Target,[],147266966.0,[]
211350,212108,Shot,80.0,7251.0,,Default Target,[],3696450.0,[]
211717,212249,Auto,90.0,8941.0,,Default Target,['Surging Tempest'],5313749.0,['Surging Tempest']
211548,212348,Heated Slug Shot,320.0,39574.0,,Default Target,[],110128346.0,[]
212064,212596,Auto,90.0,0.0,,Default Target,[],0.0,['Enochian']
211564,212724,Blizzard IV,300.0,44387.0,,Default Target,['3 Umbral Ice'],60819838.0,['Enochian']
212257,212927,Assize,400.0,51864.0,,Default Target,[],158638414.0,[]
211655,212945,Glare III,350.0,45381.0,,Default Target,[],121455354.0,[]
212494,213164,Paradox,540.0,79886.0,,Default Target,['3 Umbral Ice'],197010726.0,['Enochian']
213194,213194,Transpose,,,,,,,[]
212685,213305,Midare Setsugekka,640.0,101332.0,,Default Target,[],119853464.0,"['Fugetsu', 'Fuka']"
212870,213402,Auto,90.0,10837.0,,Default Target,[],8273889.0,"[""Death's Design""]"
213058,213590,Auto,90.0,5328.0,,Default Target,[],1887023.0,[]
213185,213717,Auto,90.0,9146.0,,Default Target,[],5850300.0,"['Fugetsu', 'Fuka']"
213500,214078,Royal Authority,460.0,36701.0,,Default Target,[],89538338.0,[]
212674,214189,Storm's Path,500.0,44474.0,,Default Target,['Surging Tempest'],131481340.0,['Surging Tempest']
213813,214483,Dosis III,380.0,49391.0,,Default Target,[],147266966.0,[]
190494,214500,Thunder (dot),60.0,10027.0,,Default Target,[],3103341.0,['Enochian']
197704,214500,Higanbana (dot),50.0,5778.0,,Default Target,[],2333763.0,"['Fugetsu', 'Fuka']"
201591,214500,Eukrasian Dosis III (dot),85.0,11245.0,,Default Target,[],7632622.0,[]
205835,214500,Dia (dot),85.0,11244.0,,Default Target,[],7456489.0,[]
213990,214748,Shot,80.0,7251.0,,Default Target,[],3696450.0,[]
212666,214806,Executioner's Gallows,820.0,92789.0,,Default Target,['Enhanced Gallows'],606695908.0,"[""Death's Design"", 'Enhanced Gallows']"
214313,214845,Auto,90.0,21.0,,Default Target,[],25.0,[]
214048,214848,Heated Clean Shot,420.0,51946.0,,Default Target,[],189745438.0,[]
214025,214875,Gyofu,240.0,27418.0,,Default Target,[],52581804.0,"['Fugetsu', 'Fuka']"
214585,215117,Auto,90.0,0.0,,Default Target,[],0.0,[]
214085,215375,Glare III,350.0,45381.0,,Default Target,[],121455354.0,[]
215077,215609,Auto,90.0,8941.0,,Default Target,['Surging Tempest'],5313749.0,['Surging Tempest']
215174,215706,Heavy Swing,240.0,21341.0,,Default Target,['Surging Tempest'],30278556.0,['Surging Tempest']
215157,215737,Waxing Slice,500.0,56579.0,,Default Target,[],225581193.0,"[""Death's Design""]"
215298,215830,Auto,90.0,5328.0,,Default Target,[],1887023.0,[]
215344,215876,Auto,90.0,0.0,,Default Target,[],0.0,['Enochian']
214644,215934,Fire III,290.0,60051.0,,Default Target,['3 Astral Fire'],111314107.0,['Enochian']
215475,216007,Auto,90.0,9146.0,,Default Target,[],5850300.0,"['Fugetsu', 'Fuka']"
216070,216602,Auto,90.0,10837.0,,Default Target,[],8273889.0,"[""Death's Design""]"
216000,216623,Fast Blade,220.0,17548.0,,Default Target,[],20469011.0,[]
216254,216924,Dosis III,380.0,49391.0,,Default Target,[],147266966.0,[]
216165,216965,Yukikaze,340.0,38842.0,,Default Target,[],105525015.0,"['Fugetsu', 'Fuka']"
216630,217388,Shot,80.0,7251.0,,Default Target,[],3696450.0,[]
216785,217405,Hissatsu: Shinten,250.0,28561.0,,Default Target,[],57056461.0,"['Fugetsu', 'Fuka']"
190494,217500,Thunder (dot),60.0,10027.0,,Default Target,[],3103341.0,['Enochian']
197704,217500,Higanbana (dot),50.0,5778.0,,Default Target,[],2333763.0,"['Fugetsu', 'Fuka']"
201591,217500,Eukrasian Dosis III (dot),85.0,11245.0,,Default Target,[],7632622.0,[]
205835,217500,Dia (dot),85.0,11244.0,,Default Target,[],7456489.0,[]
217113,217645,Auto,90.0,21.0,,Default Target,[],25.0,[]
216549,217699,Drill,660.0,81629.0,,Default Target,[],468551960.0,[]
216515,217805,Glare III,350.0,45381.0,,Default Target,[],121455354.0,[]
217538,218070,Auto,90.0,5328.0,,Default Target,[],1887023.0,[]
217674,218297,Maim,340.0,30239.0,,Default Target,['Surging Tempest'],60784922.0,['Surging Tempest']
217765,218297,Auto,90.0,9146.0,,Default Target,[],5850300.0,"['Fugetsu', 'Fuka']"
217647,218677,Soul Slice,520.0,58841.0,,Default Target,[],243981522.0,"[""Death's Design""]"
218267,218807,Unveiled Gibbet,440.0,49788.0,,Default Target,[],174669570.0,"[""Death's Design""]"
218299,218922,Upheaval,420.0,37355.0,,Default Target,['Surging Tempest'],92756681.0,['Surging Tempest']
218437,218969,Auto,90.0,8941.0,,Default Target,['Surging Tempest'],5313749.0,['Surging Tempest']
218305,219155,Gyofu,240.0,27418.0,,Default Target,[],52581804.0,"['Fugetsu', 'Fuka']"
218624,219156,Auto,90.0,0.0,,Default Target,[],0.0,['Enochian']
218014,219174,Fire IV,300.0,79898.0,,Default Target,['3 Astral Fire'],197058271.0,['Enochian']
218500,219258,Riot Blade,330.0,26327.0,,Default Target,[],46074807.0,[]
218694,219364,Dosis III,380.0,49391.0,,Default Target,[],147266966.0,[]
219270,219802,Auto,90.0,10837.0,,Default Target,[],8273889.0,"[""Death's Design""]"
219049,219849,Heated Split Shot,220.0,27207.0,,Default Target,[],52053770.0,[]
219445,219977,Auto,90.0,0.0,,Default Target,[],0.0,[]
219270,220028,Shot,80.0,7251.0,,Default Target,[],3696450.0,[]
219125,220148,Circle of Scorn,140.0,11164.0,,Default Target,[],8284059.0,[]
218945,220235,Glare III,350.0,45381.0,,Default Target,[],121455354.0,[]
219778,220310,Auto,90.0,5328.0,,Default Target,[],1887023.0,[]
219913,220445,Auto,90.0,21.0,,Default Target,[],25.0,[]
190494,220500,Thunder (dot),60.0,10027.0,,Default Target,[],3103341.0,['Enochian']
197704,220500,Higanbana (dot),50.0,5778.0,,Default Target,[],2333763.0,"['Fugetsu', 'Fuka']"
201591,220500,Eukrasian Dosis III (dot),85.0,11245.0,,Default Target,[],7632622.0,[]
205835,220500,Dia (dot),85.0,11244.0,,Default Target,[],7456489.0,[]
219125,220500,Circle of Scorn (dot),30.0,2392.0,,Default Target,[],380146.0,[]
220055,220587,Auto,90.0,9146.0,,Default Target,[],5850300.0,"['Fugetsu', 'Fuka']"
220138,220628,Gibbet,620.0,70159.0,,Default Target,['Enhanced Gibbet'],346845630.0,"[""Death's Design"", 'Enhanced Gibbet']"
220445,221065,Jinpu,300.0,34274.0,,Default Target,[],82159455.0,"['Fugetsu', 'Fuka']"
220594,221354,High Thunder,150.0,22191.0,,Default Target,[],15203066.0,['Enochian']
220174,221689,Storm's Path,500.0,44474.0,,Default Target,['Surging Tempest'],131481340.0,['Surging Tempest']
221134,221804,Dosis III,380.0,49391.0,,Default Target,[],147266966.0,[]
221625,221982,Expiacion,450.0,35904.0,,Default Target,[],85693120.0,[]
221000,222293,Atonement,460.0,36701.0,,Default Target,[],89538338.0,[]
221797,222329,Auto,90.0,8941.0,,Default Target,['Surging Tempest'],5313749.0,['Surging Tempest']
221550,222350,Heated Slug Shot,320.0,39574.0,,Default Target,[],110128346.0,[]
222018,222550,Auto,90.0,5328.0,,Default Target,[],1887023.0,[]
221375,222665,Glare III,350.0,45381.0,,Default Target,[],121455354.0,[]
221910,222668,Shot,80.0,7251.0,,Default Target,[],3696450.0,[]
222845,222845,Afflatus Rapture,,,,,,,[]
222345,222877,Auto,90.0,9146.0,,Default Target,[],5850300.0,"['Fugetsu', 'Fuka']"
222470,223002,Auto,90.0,10837.0,,Default Target,[],8273889.0,"[""Death's Design""]"
222628,223168,Infernal Slice,600.0,67895.0,,Default Target,[],324829882.0,"[""Death's Design""]"
222674,223206,Heavy Swing,240.0,21341.0,,Default Target,['Surging Tempest'],30278556.0,['Surging Tempest']
222585,223345,Gekko,420.0,47982.0,,Default Target,[],161026141.0,"['Fugetsu', 'Fuka']"
222814,223346,Auto,90.0,0.0,,Default Target,[],0.0,['Enochian']
222885,223417,Auto,90.0,0.0,,Default Target,[],0.0,[]
222314,223474,Fire IV,300.0,79898.0,,Default Target,['3 Astral Fire'],197058271.0,['Enochian']
197704,223500,Higanbana (dot),50.0,5778.0,,Default Target,[],2333763.0,"['Fugetsu', 'Fuka']"
201591,223500,Eukrasian Dosis III (dot),85.0,11245.0,,Default Target,[],7632622.0,[]
205835,223500,Dia (dot),85.0,11244.0,,Default Target,[],7456489.0,[]
219125,223500,Circle of Scorn (dot),30.0,2392.0,,Default Target,[],380146.0,[]
220594,223500,Thunder (dot),60.0,10027.0,,Default Target,[],3103341.0,['Enochian']
223205,223825,Hissatsu: Shinten,250.0,28561.0,,Default Target,[],57056461.0,"['Fugetsu', 'Fuka']"
223575,224245,Dosis III,380.0,49391.0,,Default Target,[],147266966.0,[]
224075,224607,Auto,90.0,21.0,,Default Target,[],25.0,[]
223500,224660,Supplication,500.0,39894.0,,Default Target,[],105795169.0,[]
224670,224670,Hypercharge,,,,,,,[]
224258,224790,Auto,90.0,5328.0,,Default Target,[],1887023.0,[]
224050,224850,Heated Clean Shot,420.0,51946.0,,Default Target,[],189745438.0,[]
224635,225167,Auto,90.0,9146.0,,Default Target,[],5850300.0,"['Fugetsu', 'Fuka']"
224550,225308,Shot,80.0,7251.0,,Default Target,[],3696450.0,[]
224725,225575,Gyofu,240.0,27418.0,,Default Target,[],52581804.0,"['Fugetsu', 'Fuka']"
224464,225624,Fire IV,300.0,79898.0,,Default Target,['3 Astral Fire'],197058271.0,['Enochian']
225157,225689,Auto,90.0,8941.0,,Default Target,['Surging Tempest'],5313749.0,['Surging Tempest']
225175,225798,Maim,340.0,30239.0,,Default Target,['Surging Tempest'],60784922.0,['Surging Tempest']
225670,226202,Auto,90.0,10837.0,,Default Target,[],8273889.0,"[""Death's Design""]"
225119,226279,Shadow of Death,300.0,33945.0,,Default Target,[],81192021.0,"[""Death's Design""]"
197704,226500,Higanbana (dot),50.0,5778.0,,Default Target,[],2333763.0,"['Fugetsu', 'Fuka']"
201591,226500,Eukrasian Dosis III (dot),85.0,11245.0,,Default Target,[],7632622.0,[]
205835,226500,Dia (dot),85.0,11244.0,,Default Target,[],7456489.0,[]
219125,226500,Circle of Scorn (dot),30.0,2392.0,,Default Target,[],380146.0,[]
220594,226500,Thunder (dot),60.0,10027.0,,Default Target,[],3103341.0,['Enochian']
226015,226685,Dosis III,380.0,49391.0,,Default Target,[],147266966.0,[]
226498,227030,Auto,90.0,5328.0,,Default Target,[],1887023.0,[]
226735,227267,Auto,90.0,0.0,,Default Target,[],0.0,[]
226000,227290,Sepulchre,540.0,43082.0,,Default Target,[],123387031.0,[]
226551,227401,Blazing Shot,260.0,32154.0,,Default Target,['Overheated'],72701607.0,['Overheated']
226875,227407,Auto,90.0,21.0,,Default Target,[],25.0,[]
226925,227457,Auto,90.0,9146.0,,Default Target,[],5850300.0,"['Fugetsu', 'Fuka']"
226235,227525,Glare III,350.0,45381.0,,Default Target,[],121455354.0,[]
227114,227646,Auto,90.0,0.0,,Default Target,[],0.0,['Enochian']
226866,227666,Shifu,300.0,34274.0,,Default Target,[],82159455.0,"['Fugetsu', 'Fuka']"
226614,227774,Fire IV,300.0,79898.0,,Default Target,['3 Astral Fire'],197058271.0,['Enochian']
227171,227881,Double Check,180.0,22256.0,,Default Target,[],34830145.0,[]
227190,227948,Shot,80.0,7251.0,,Default Target,[],3696450.0,[]
227609,228099,Slice,420.0,47524.0,,Default Target,[],159145747.0,"[""Death's Design""]"
228229,228769,Unveiled Gallows,440.0,49788.0,,Default Target,[],174669570.0,"[""Death's Design""]"
228051,228901,Blazing Shot,260.0,32154.0,,Default Target,['Overheated'],72701607.0,['Overheated']
228517,229049,Auto,90.0,8941.0,,Default Target,['Surging Tempest'],5313749.0,['Surging Tempest']
228456,229126,Dosis III,380.0,49391.0,,Default Target,[],147266966.0,[]
228500,229258,Holy Spirit,500.0,39894.0,,Default Target,['Divine Might'],105795169.0,['Divine Might']
228738,229270,Auto,90.0,5328.0,,Default Target,[],1887023.0,[]
227675,229324,Storm's Eye,500.0,44474.0,,Default Target,['Surging Tempest'],131481340.0,['Surging Tempest']
228671,229381,Checkmate,180.0,22256.0,,Default Target,[],34830145.0,[]
228870,229402,Auto,90.0,10837.0,,Default Target,[],8273889.0,"[""Death's Design""]"
197704,229500,Higanbana (dot),50.0,5778.0,,Default Target,[],2333763.0,"['Fugetsu', 'Fuka']"
201591,229500,Eukrasian Dosis III (dot),85.0,11245.0,,Default Target,[],7632622.0,[]
205835,229500,Dia (dot),85.0,11244.0,,Default Target,[],7456489.0,[]
219125,229500,Circle of Scorn (dot),30.0,2392.0,,Default Target,[],380146.0,[]
220594,229500,Thunder (dot),60.0,10027.0,,Default Target,[],3103341.0,['Enochian']
229006,229626,Kasha,420.0,47982.0,,Default Target,[],161026141.0,"['Fugetsu', 'Fuka']"
229215,229747,Auto,90.0,9146.0,,Default Target,[],5850300.0,"['Fugetsu', 'Fuka']"
228764,229924,Fire IV,300.0,79898.0,,Default Target,['3 Astral Fire'],197058271.0,['Enochian']
228665,229955,Glare III,350.0,45381.0,,Default Target,[],121455354.0,[]
229675,230207,Auto,90.0,21.0,,Default Target,[],25.0,[]
229552,230402,Blazing Shot,260.0,32154.0,,Default Target,['Overheated'],72701607.0,['Overheated']
229830,230588,Shot,80.0,7251.0,,Default Target,[],3696450.0,[]
230100,230590,Gallows,620.0,70159.0,,Default Target,['Enhanced Gallows'],346845630.0,"[""Death's Design"", 'Enhanced Gallows']"
230175,230707,Heavy Swing,240.0,21341.0,,Default Target,['Surging Tempest'],30278556.0,['Surging Tempest']
230172,230882,Double Check,180.0,22256.0,,Default Target,[],34830145.0,[]
230978,231510,Auto,90.0,5328.0,,Default Target,[],1887023.0,[]
231000,231578,Royal Authority,460.0,36701.0,,Default Target,[],89538338.0,[]
231146,231766,Kaeshi: Setsugekka,640.0,101332.0,,Default Target,[],119853464.0,"['Fugetsu', 'Fuka']"
231052,231902,Blazing Shot,260.0,32154.0,,Default Target,['Overheated'],72701607.0,['Overheated']
231414,231946,Auto,90.0,0.0,,Default Target,[],0.0,['Enochian']
231505,232037,Auto,90.0,9146.0,,Default Target,[],5850300.0,"['Fugetsu', 'Fuka']"
230914,232074,Fire IV,300.0,79898.0,,Default Target,['3 Astral Fire'],197058271.0,['Enochian']
231595,232127,Auto,90.0,0.0,,Default Target,[],0.0,[]
231672,232382,Checkmate,180.0,22256.0,,Default Target,[],34830145.0,[]
231095,232385,Glare III,350.0,45381.0,,Default Target,[],121455354.0,[]
231877,232409,Auto,90.0,8941.0,,Default Target,['Surging Tempest'],5313749.0,['Surging Tempest']
197704,232500,Higanbana (dot),50.0,5778.0,,Default Target,[],2333763.0,"['Fugetsu', 'Fuka']"
205835,232500,Dia (dot),85.0,11244.0,,Default Target,[],7456489.0,[]
219125,232500,Circle of Scorn (dot),30.0,2392.0,,Default Target,[],380146.0,[]
220594,232500,Thunder (dot),60.0,10027.0,,Default Target,[],3103341.0,['Enochian']
230937,232500,Eukrasian Dosis III (dot),85.0,11245.0,,Default Target,[],7632622.0,[]
231844,232514,Paradox,540.0,79886.0,,Default Target,['3 Astral Fire'],197010726.0,['Enochian']
232070,232602,Auto,90.0,10837.0,,Default Target,[],8273889.0,"[""Death's Design""]"
232590,233170,Waxing Slice,500.0,56579.0,,Default Target,[],225581193.0,"[""Death's Design""]"
232470,233228,Shot,80.0,7251.0,,Default Target,[],3696450.0,[]
232675,233298,Maim,340.0,30239.0,,Default Target,['Surging Tempest'],60784922.0,['Surging Tempest']
232553,233403,Blazing Shot,260.0,32154.0,,Default Target,['Overheated'],72701607.0,['Overheated']
233218,233750,Auto,90.0,5328.0,,Default Target,[],1887023.0,[]
233398,234068,Dosis III,380.0,49391.0,,Default Target,[],147266966.0,[]
233500,234123,Fast Blade,220.0,17548.0,,Default Target,[],20469011.0,[]
233898,234430,Auto,90.0,21.0,,Default Target,[],25.0,[]
233994,234614,Xenoglossy,890.0,131676.0,,Default Target,[],535209949.0,['Enochian']
234086,234706,Midare Setsugekka,640.0,101332.0,,Default Target,[],119853464.0,"['Fugetsu', 'Fuka']"
233525,234815,Glare III,350.0,45381.0,,Default Target,[],121455354.0,[]
234053,234853,Heated Split Shot,220.0,27207.0,,Default Target,[],52053770.0,[]
234586,235118,Auto,90.0,9146.0,,Default Target,[],5850300.0,"['Fugetsu', 'Fuka']"
234694,235226,Auto,90.0,0.0,,Default Target,[],0.0,['Enochian']
197704,235500,Higanbana (dot),50.0,5778.0,,Default Target,[],2333763.0,"['Fugetsu', 'Fuka']"
205835,235500,Dia (dot),85.0,11244.0,,Default Target,[],7456489.0,[]
220594,235500,Thunder (dot),60.0,10027.0,,Default Target,[],3103341.0,['Enochian']
230937,235500,Eukrasian Dosis III (dot),85.0,11245.0,,Default Target,[],7632622.0,[]
235035,235567,Auto,90.0,0.0,,Default Target,[],0.0,[]
235081,235621,Infernal Slice,600.0,67895.0,,Default Target,[],324829882.0,"[""Death's Design""]"
235237,235769,Auto,90.0,8941.0,,Default Target,['Surging Tempest'],5313749.0,['Surging Tempest']
235175,235798,Fell Cleave,580.0,51589.0,,Default Target,['Surging Tempest'],176915445.0,['Surging Tempest']
235270,235802,Auto,90.0,10837.0,,Default Target,[],8273889.0,"[""Death's Design""]"
235110,235868,Shot,80.0,7251.0,,Default Target,[],3696450.0,[]
235458,235990,Auto,90.0,5328.0,,Default Target,[],1887023.0,[]
235426,236276,Gyofu,240.0,27418.0,,Default Target,[],52581804.0,"['Fugetsu', 'Fuka']"
234995,236285,Dia,85.0,10969.0,,Default Target,[],7095404.0,[]
235838,236508,Dosis III,380.0,49391.0,,Default Target,[],147266966.0,[]
236144,236634,Despair,350.0,93213.0,,Default Target,['3 Astral Fire'],268247312.0,['Enochian']
236046,236666,Hissatsu: Shinten,250.0,28561.0,,Default Target,[],57056461.0,"['Fugetsu', 'Fuka']"
236000,236758,Riot Blade,330.0,26327.0,,Default Target,[],46074807.0,[]
236844,236844,Manafont,,,,,,,[]
236698,237230,Auto,90.0,21.0,,Default Target,[],25.0,[]
236876,237408,Auto,90.0,9146.0,,Default Target,[],5850300.0,"['Fugetsu', 'Fuka']"
236554,237704,Drill,660.0,81629.0,,Default Target,[],468551960.0,[]
237571,238061,Slice,420.0,47524.0,,Default Target,[],159145747.0,"[""Death's Design""]"
237698,238230,Auto,90.0,5328.0,,Default Target,[],1887023.0,[]
237566,238366,Yukikaze,340.0,38842.0,,Default Target,[],105525015.0,"['Fugetsu', 'Fuka']"
197704,238500,Higanbana (dot),50.0,5778.0,,Default Target,[],2333763.0,"['Fugetsu', 'Fuka']"
220594,238500,Thunder (dot),60.0,10027.0,,Default Target,[],3103341.0,['Enochian']
230937,238500,Eukrasian Dosis III (dot),85.0,11245.0,,Default Target,[],7632622.0,[]
234995,238500,Dia (dot),85.0,11244.0,,Default Target,[],7456489.0,[]
237974,238506,Auto,90.0,0.0,,Default Target,[],0.0,['Enochian']
237750,238508,Shot,80.0,7251.0,,Default Target,[],3696450.0,[]
238186,238806,Hissatsu: Shinten,250.0,28561.0,,Default Target,[],57056461.0,"['Fugetsu', 'Fuka']"
238279,238949,Dosis III,380.0,49391.0,,Default Target,[],147266966.0,[]
238470,239002,Auto,90.0,10837.0,,Default Target,[],8273889.0,"[""Death's Design""]"
238597,239129,Auto,90.0,8941.0,,Default Target,['Surging Tempest'],5313749.0,['Surging Tempest']
237675,239190,Storm's Path,500.0,44474.0,,Default Target,['Surging Tempest'],131481340.0,['Surging Tempest']
238500,239258,Holy Spirit,500.0,39894.0,,Default Target,['Divine Might'],105795169.0,['Divine Might']
238885,239417,Auto,90.0,0.0,,Default Target,[],0.0,[]
239674,239674,Automaton Queen,,,,,,,[]
238385,239675,Glare III,350.0,45381.0,,Default Target,[],121455354.0,[]
239166,239698,Auto,90.0,9146.0,,Default Target,[],5850300.0,"['Fugetsu', 'Fuka']"
239498,240030,Auto,90.0,21.0,,Default Target,[],25.0,[]
239514,240134,Flare Star,500.0,133166.0,,Default Target,['3 Astral Fire'],547404282.0,['Enochian']
239054,240204,Air Anchor,660.0,81629.0,,Default Target,[],468551960.0,[]
239938,240470,Auto,90.0,5328.0,,Default Target,[],1887023.0,[]
239706,240556,Gyofu,240.0,27418.0,,Default Target,[],52581804.0,"['Fugetsu', 'Fuka']"
240062,240642,Waxing Slice,500.0,56579.0,,Default Target,[],225581193.0,"[""Death's Design""]"
240682,240682,Enshroud,,,,,,,[]
240175,240707,Heavy Swing,240.0,21341.0,,Default Target,['Surging Tempest'],30278556.0,['Surging Tempest']
240294,241004,Double Check,180.0,22256.0,,Default Target,[],34830145.0,[]
240390,241148,Shot,80.0,7251.0,,Default Target,[],3696450.0,[]
240719,241389,Dosis III,380.0,49391.0,,Default Target,[],147266966.0,[]
197704,241500,Higanbana (dot),50.0,5778.0,,Default Target,[],2333763.0,"['Fugetsu', 'Fuka']"
220594,241500,Thunder (dot),60.0,10027.0,,Default Target,[],3103341.0,['Enochian']
230937,241500,Eukrasian Dosis III (dot),85.0,11245.0,,Default Target,[],7632622.0,[]
234995,241500,Dia (dot),85.0,11244.0,,Default Target,[],7456489.0,[]
241456,241988,Auto,90.0,9146.0,,Default Target,[],5850300.0,"['Fugetsu', 'Fuka']"
240815,242105,Glare III,350.0,45381.0,,Default Target,[],121455354.0,[]
242175,242175,Barrel Stabilizer,,,,,,,[]
241670,242202,Auto,90.0,10837.0,,Default Target,[],8273889.0,"[""Death's Design""]"
241000,242293,Atonement,460.0,36701.0,,Default Target,[],89538338.0,[]
241846,242466,Jinpu,300.0,34274.0,,Default Target,[],82159455.0,"['Fugetsu', 'Fuka']"
241957,242489,Auto,90.0,8941.0,,Default Target,['Surging Tempest'],5313749.0,['Surging Tempest']
242164,242696,Auto,90.0,0.0,,Default Target,[],0.0,['Enochian']
241555,242705,Drill,660.0,81629.0,,Default Target,[],468551960.0,[]
242178,242710,Auto,90.0,5328.0,,Default Target,[],1887023.0,[]
241664,242824,Fire IV,300.0,79898.0,,Default Target,['3 Astral Fire'],197058271.0,['Enochian']
242552,243092,Void Reaping,540.0,61101.0,,Default Target,[],263068010.0,"[""Death's Design""]"
242594,243264,Paradox,540.0,79886.0,,Default Target,['3 Astral Fire'],197010726.0,['Enochian']
242675,243298,Maim,340.0,30239.0,,Default Target,['Surging Tempest'],60784922.0,['Surging Tempest']
242795,243505,Checkmate,180.0,22256.0,,Default Target,[],34830145.0,[]
243030,243788,Shot,80.0,7251.0,,Default Target,[],3696450.0,[]
243159,243829,Dosis III,380.0,49391.0,,Default Target,[],147266966.0,[]
244094,244094,Ley Lines,,,,,,,[]
243415,244125,Double Check,180.0,22256.0,,Default Target,[],34830145.0,[]
243659,244191,Auto,90.0,21.0,,Default Target,[],25.0,[]
243745,244277,Auto,90.0,0.0,,Default Target,[],0.0,[]
243746,244278,Auto,90.0,9146.0,,Default Target,[],5850300.0,"['Fugetsu', 'Fuka']"
197704,244500,Higanbana (dot),50.0,5778.0,,Default Target,[],2333763.0,"['Fugetsu', 'Fuka']"
220594,244500,Thunder (dot),60.0,10027.0,,Default Target,[],3103341.0,['Enochian']
230937,244500,Eukrasian Dosis III (dot),85.0,11245.0,,Default Target,[],7632622.0,[]
234995,244500,Dia (dot),85.0,11244.0,,Default Target,[],7456489.0,[]
243245,244535,Glare III,350.0,45381.0,,Default Target,[],121455354.0,[]
244607,244607,Meikyo Shisui,,,,,,,[]
243500,244660,Supplication,500.0,39894.0,,Default Target,[],105795169.0,[]
244675,244675,Reassemble,,,,,,,[]
243987,244747,Gekko,420.0,47982.0,,Default Target,[],161026141.0,"['Fugetsu', 'Fuka']"
244418,244950,Auto,90.0,5328.0,,Default Target,[],1887023.0,[]
244055,245085,Chain Saw,660.0,81629.0,,Default Target,[],468551960.0,[]
245174,245174,Roller Dash (pet),480.0,54238.0,,Default Target,[],206852178.0,[]
244053,245213,Shadow of Death,300.0,33945.0,,Default Target,[],81192021.0,"[""Death's Design""]"
244870,245402,Auto,90.0,10837.0,,Default Target,[],8273889.0,"[""Death's Design""]"
245473,245473,Arcane Circle,,,,,,,[]
245606,245606,Arcane Circle,,,,,,,[]
245606,245606,Arcane Circle,,,,,,,[]
245606,245606,Arcane Circle,,,,,,,[]
245606,245606,Arcane Circle,,,,,,,[]
245606,245606,Arcane Circle,,,,,,,[]
245606,245606,Arcane Circle,,,,,,,[]
245606,245606,Arcane Circle,,,,,,,[]
245175,245798,Fell Cleave,580.0,51589.0,,Default Target,['Surging Tempest'],176915445.0,['Surging Tempest']
245800,245800,Inner Release,,,,,,,[]
245317,245849,Auto,90.0,8941.0,,Default Target,['Surging Tempest'],5313749.0,['Surging Tempest']
245295,246005,Checkmate,180.0,22256.0,,Default Target,[],34830145.0,[]
245600,246270,Dosis III,380.0,49391.0,,Default Target,[],147266966.0,[]
246277,246277,Presence of Mind,,,,,,,[]
246425,246425,Infuriate,,,,,,,[]
245670,246428,Shot,80.0,7251.0,,Default Target,[],3696450.0,[]
246036,246568,Auto,90.0,9146.0,,Default Target,[],5850300.0,"['Fugetsu', 'Fuka']"
246625,246625,Fight or Flight,,,,,,,[]
246127,246747,Kasha,420.0,47982.0,,Default Target,['Meikyo Shisui'],161026141.0,"['Fugetsu', 'Fuka', 'Meikyo Shisui']"
246254,246786,Auto,90.0,0.0,,Default Target,[],0.0,"['Arcane Circle', 'Enochian', 'Ley Lines']"
245754,246914,Fire IV,300.0,79898.0,,Default Target,['3 Astral Fire'],197058271.0,"['Enochian', 'Ley Lines']"
245675,246965,Glare III,350.0,45381.0,,Default Target,[],121455354.0,[]
246459,246991,Auto,90.0,21.0,,Default Target,[],25.0,['Arcane Circle']
246543,247163,Cross Reaping,600.0,69932.0,,Default Target,['Enhanced Cross Reaping'],344616536.0,"['Arcane Circle', ""Death's Design"", 'Enhanced Cross Reaping']"
246658,247190,Auto,90.0,5488.0,,Default Target,[],2001639.0,['Arcane Circle']
246000,247290,Sepulchre,540.0,43082.0,,Default Target,[],123387031.0,[]
197704,247500,Higanbana (dot),50.0,5778.0,,Default Target,[],2333763.0,"['Fugetsu', 'Fuka']"
220594,247500,Thunder (dot),60.0,10027.0,,Default Target,[],3103341.0,['Enochian']
230937,247500,Eukrasian Dosis III (dot),85.0,11245.0,,Default Target,[],7632622.0,[]
234995,247500,Dia (dot),85.0,11244.0,,Default Target,[],7456489.0,[]
246556,247626,Excavator,660.0,144857.0,,Default Target,['Reassemble'],17479774.0,"['Arcane Circle', 'Reassemble']"
247163,247873,Lemure's Slice,280.0,32630.0,,Default Target,[],75028119.0,"['Arcane Circle', ""Death's Design""]"
247176,247886,Checkmate,180.0,22923.0,,Default Target,[],36952509.0,['Arcane Circle']
248374,248374,Arm Punch (pet),240.0,27928.0,,Default Target,[],54846462.0,['Arcane Circle']
247796,248506,Double Check,180.0,22923.0,,Default Target,[],36952509.0,['Arcane Circle']
247250,248540,Imperator,580.0,59579.0,,Default Target,[],235972942.0,"['Arcane Circle', 'Fight or Flight']"
248044,248584,Void Reaping,600.0,69932.0,,Default Target,['Enhanced Void Reaping'],344616536.0,"['Arcane Circle', ""Death's Design"", 'Enhanced Void Reaping']"
248070,248602,Auto,90.0,11162.0,,Default Target,[],8778880.0,"['Arcane Circle', ""Death's Design""]"
247675,248612,Inner Chaos,660.0,104286.0,,Default Target,['Surging Tempest'],9063670.0,"['Arcane Circle', 'Surging Tempest']"
247944,248704,High Thunder,150.0,22857.0,,Default Target,[],16128286.0,"['Arcane Circle', 'Enochian', 'Ley Lines']"
248040,248710,Dosis III,380.0,50872.0,,Default Target,[],156234075.0,['Arcane Circle']
248305,248837,Auto,90.0,0.0,,Default Target,[],0.0,"['Arcane Circle', 'Presence of Mind']"
248326,248858,Auto,90.0,9420.0,,Default Target,[],6205884.0,"['Arcane Circle', 'Fugetsu', 'Fuka']"
248267,248887,Kaeshi: Setsugekka,640.0,104372.0,,Default Target,[],127156466.0,"['Arcane Circle', 'Fugetsu', 'Fuka']"
248300,248923,Upheaval,420.0,38476.0,,Default Target,['Surging Tempest'],98408059.0,"['Arcane Circle', 'Surging Tempest']"
248500,249034,Goring Blade,700.0,71908.0,,Default Target,[],343744737.0,"['Arcane Circle', 'Fight or Flight']"
248310,249068,Shot,80.0,7468.0,,Default Target,[],3921085.0,['Arcane Circle']
247805,249095,Glare III,350.0,46741.0,,Default Target,[],128850869.0,"['Arcane Circle', 'Presence of Mind']"
248677,249209,Auto,90.0,9209.0,,Default Target,['Surging Tempest'],5637007.0,"['Arcane Circle', 'Surging Tempest']"
248664,249424,Sacrificium,600.0,69932.0,,Default Target,[],344616536.0,"['Arcane Circle', ""Death's Design""]"
248898,249430,Auto,90.0,6860.0,,Default Target,[],3127432.0,"['Arcane Circle', 'Fight or Flight']"
248887,249467,Shoha,640.0,75315.0,,Default Target,[],396735812.0,"['Arcane Circle', 'Fugetsu', 'Fuka']"
248925,249592,Onslaught,150.0,13739.0,,Default Target,['Surging Tempest'],12547811.0,"['Arcane Circle', 'Surging Tempest']"
249676,249676,Hypercharge,,,,,,,[]
249259,249791,Auto,90.0,21.0,,Default Target,[],25.0,['Arcane Circle']
249085,249935,Glare IV,640.0,85459.0,,Default Target,[],430731501.0,"['Arcane Circle', 'Presence of Mind']"
249974,249974,Arm Punch (pet),240.0,27928.0,,Default Target,[],54846462.0,['Arcane Circle']
249056,250086,Full Metal Field,900.0,197537.0,,Default Target,[],32531547.0,['Arcane Circle']
249507,250127,Hissatsu: Shinten,250.0,29418.0,,Default Target,[],60533551.0,"['Arcane Circle', 'Fugetsu', 'Fuka']"
249125,250148,Circle of Scorn,140.0,14374.0,,Default Target,[],13730946.0,"['Arcane Circle', 'Fight or Flight']"
249544,250164,Cross Reaping,600.0,69932.0,,Default Target,['Enhanced Cross Reaping'],344616536.0,"['Arcane Circle', ""Death's Design"", 'Enhanced Cross Reaping']"
249521,250191,Phlegma III,600.0,80368.0,,Default Target,[],389906862.0,['Arcane Circle']
249914,250446,Auto,90.0,0.0,,Default Target,[],0.0,"['Arcane Circle', 'Enochian', 'Ley Lines']"
197704,250500,Higanbana (dot),50.0,5778.0,,Default Target,[],2333763.0,"['Fugetsu', 'Fuka']"
230937,250500,Eukrasian Dosis III (dot),85.0,11245.0,,Default Target,[],7632622.0,[]
234995,250500,Dia (dot),85.0,11244.0,,Default Target,[],7456489.0,[]
247944,250500,Thunder (dot),60.0,10327.0,,Default Target,[],3292696.0,"['Arcane Circle', 'Enochian', 'Ley Lines']"
249125,250500,Circle of Scorn (dot),30.0,3079.0,,Default Target,[],629828.0,"['Arcane Circle', 'Fight or Flight']"
249414,250574,Fire IV,300.0,82294.0,,Default Target,['3 Astral Fire'],209057070.0,"['Arcane Circle', 'Enochian', 'Ley Lines']"
250164,250874,Lemure's Slice,280.0,32630.0,,Default Target,[],75028119.0,"['Arcane Circle', ""Death's Design""]"
250141,251241,Psyche,600.0,80368.0,,Default Target,[],389906862.0,['Arcane Circle']
250175,251335,Primal Rend,700.0,110613.0,,Default Target,['Surging Tempest'],10193633.0,"['Arcane Circle', 'Surging Tempest']"
251574,251574,Arm Punch (pet),240.0,27928.0,,Default Target,[],54846462.0,['Arcane Circle']
251000,251578,Royal Authority,460.0,47252.0,,Default Target,[],148425134.0,"['Arcane Circle', 'Fight or Flight']"
251055,251587,Auto,90.0,0.0,,Default Target,[],0.0,"['Arcane Circle', 'Presence of Mind']"
251026,251606,Afflatus Misery,1400.0,186976.0,,Default Target,[],2061802472.0,"['Arcane Circle', 'Presence of Mind']"
251138,251670,Auto,90.0,6860.0,,Default Target,[],3127432.0,"['Arcane Circle', 'Fight or Flight']"
250950,251708,Shot,80.0,7468.0,,Default Target,[],3921085.0,['Arcane Circle']
251625,251982,Expiacion,450.0,46226.0,,Default Target,[],142052572.0,"['Arcane Circle', 'Fight or Flight']"
251375,252042,Onslaught,150.0,13739.0,,Default Target,['Surging Tempest'],12547811.0,"['Arcane Circle', 'Surging Tempest']"
251017,252047,Tendo Setsugekka,1100.0,179392.0,,Default Target,[],375638853.0,"['Arcane Circle', 'Fugetsu', 'Fuka']"
251517,252049,Auto,90.0,9420.0,,Default Target,[],6205884.0,"['Arcane Circle', 'Fugetsu', 'Fuka']"
251244,252404,Fire IV,300.0,82294.0,,Default Target,['3 Astral Fire'],209057070.0,"['Arcane Circle', 'Enochian', 'Ley Lines']"
251557,252407,Blazing Shot,260.0,33118.0,,Default Target,['Overheated'],77133211.0,"['Arcane Circle', 'Overheated']"
251807,252427,Hissatsu: Shinten,250.0,29418.0,,Default Target,[],60533551.0,"['Arcane Circle', 'Fugetsu', 'Fuka']"
251845,252465,Communio,1100.0,128211.0,,Default Target,[],1158307719.0,"['Arcane Circle', ""Death's Design""]"
252037,252569,Auto,90.0,9209.0,,Default Target,['Surging Tempest'],5637007.0,"['Arcane Circle', 'Surging Tempest']"
252059,252591,Auto,90.0,21.0,,Default Target,[],25.0,['Arcane Circle']
251961,252631,Phlegma III,600.0,80368.0,,Default Target,[],389906862.0,['Arcane Circle']
252345,252877,Auto,90.0,11162.0,,Default Target,[],8778880.0,"['Arcane Circle', ""Death's Design""]"
253174,253174,Pile Bunker (pet),680.0,79145.0,,Default Target,[],440466010.0,['Arcane Circle']
252675,253298,Fell Cleave,580.0,91649.0,,Default Target,['Surging Tempest'],6999768.0,"['Arcane Circle', 'Inner Release', 'Surging Tempest']"
197704,253500,Higanbana (dot),50.0,5778.0,,Default Target,[],2333763.0,"['Fugetsu', 'Fuka']"
230937,253500,Eukrasian Dosis III (dot),85.0,11245.0,,Default Target,[],7632622.0,[]
234995,253500,Dia (dot),85.0,11244.0,,Default Target,[],7456489.0,[]
247944,253500,Thunder (dot),60.0,10327.0,,Default Target,[],3292696.0,"['Arcane Circle', 'Enochian', 'Ley Lines']"
249125,253500,Circle of Scorn (dot),30.0,3079.0,,Default Target,[],629828.0,"['Arcane Circle', 'Fight or Flight']"
252547,253577,Tendo Kaeshi Setsugekka,1100.0,179392.0,,Default Target,[],375638853.0,"['Arcane Circle', 'Fugetsu', 'Fuka']"
253787,253787,Ikishoten,,,,,,,[]
252966,253816,Glare IV,640.0,85459.0,,Default Target,[],430731501.0,"['Arcane Circle', 'Presence of Mind']"
253167,253837,Hissatsu: Senei,800.0,94145.0,,Default Target,[],619920957.0,"['Arcane Circle', 'Fugetsu', 'Fuka']"
253057,253907,Blazing Shot,260.0,33118.0,,Default Target,['Overheated'],77133211.0,"['Arcane Circle', 'Overheated']"
253378,253910,Auto,90.0,6860.0,,Default Target,[],3127432.0,"['Arcane Circle', 'Fight or Flight']"
253300,253967,Onslaught,150.0,13739.0,,Default Target,['Surging Tempest'],12547811.0,"['Arcane Circle', 'Surging Tempest']"
253574,254106,Auto,90.0,0.0,,Default Target,[],0.0,"['Arcane Circle', 'Enochian', 'Ley Lines']"
253500,254123,Confiteor,1000.0,102728.0,,Default Target,['Requiescat'],701541641.0,"['Arcane Circle', 'Fight or Flight', 'Requiescat']"
254165,254165,Enshroud,,,,,,,[]
253074,254234,Fire IV,300.0,82294.0,,Default Target,['3 Astral Fire'],209057070.0,"['Arcane Circle', 'Enochian', 'Ley Lines']"
253586,254256,Assize,400.0,53419.0,,Default Target,[],168296736.0,"['Arcane Circle', 'Presence of Mind']"
253805,254337,Auto,90.0,0.0,,Default Target,[],0.0,"['Arcane Circle', 'Presence of Mind']"
253807,254339,Auto,90.0,9420.0,,Default Target,[],6205884.0,"['Arcane Circle', 'Fugetsu', 'Fuka']"
253590,254348,Shot,80.0,7468.0,,Default Target,[],3921085.0,['Arcane Circle']
254125,254703,Intervene,150.0,15406.0,,Default Target,[],15776871.0,"['Arcane Circle', 'Fight or Flight']"
253545,254705,Plentiful Harvest,1000.0,116554.0,,Default Target,[],957269112.0,"['Arcane Circle', ""Death's Design""]"
255174,255174,Crowned Collider (pet),780.0,90783.0,,Default Target,[],579538936.0,['Arcane Circle']
254558,255408,Blazing Shot,260.0,33118.0,,Default Target,['Overheated'],77133211.0,"['Arcane Circle', 'Overheated']"
254687,255447,Gekko,420.0,49421.0,,Default Target,[],170834077.0,"['Arcane Circle', 'Fugetsu', 'Fuka']"
254906,255756,Glare IV,640.0,85459.0,,Default Target,[],430731501.0,"['Arcane Circle', 'Presence of Mind']"
255175,255798,Fell Cleave,580.0,91649.0,,Default Target,['Surging Tempest'],6999768.0,"['Arcane Circle', 'Inner Release', 'Surging Tempest']"
255178,255888,Double Check,180.0,22923.0,,Default Target,[],36952509.0,['Arcane Circle']
255397,255929,Auto,90.0,9209.0,,Default Target,['Surging Tempest'],5637007.0,"['Arcane Circle', 'Surging Tempest']"
255362,256032,Dosis III,380.0,50872.0,,Default Target,[],156234075.0,['Arcane Circle']
254904,256064,Fire IV,300.0,82294.0,,Default Target,['3 Astral Fire'],209057070.0,"['Arcane Circle', 'Enochian', 'Ley Lines']"
255545,256077,Auto,90.0,11162.0,,Default Target,[],8778880.0,"['Arcane Circle', ""Death's Design""]"
255618,256150,Auto,90.0,6860.0,,Default Target,[],3127432.0,"['Arcane Circle', 'Fight or Flight']"
255307,256337,Zanshin,940.0,110619.0,,Default Target,[],855856194.0,"['Arcane Circle', 'Fugetsu', 'Fuka']"
255862,256394,Auto,90.0,21.0,,Default Target,[],25.0,['Arcane Circle']
197704,256500,Higanbana (dot),50.0,5778.0,,Default Target,[],2333763.0,"['Fugetsu', 'Fuka']"
230937,256500,Eukrasian Dosis III (dot),85.0,11245.0,,Default Target,[],7632622.0,[]
234995,256500,Dia (dot),85.0,11244.0,,Default Target,[],7456489.0,[]
247944,256500,Thunder (dot),60.0,10327.0,,Default Target,[],3292696.0,"['Arcane Circle', 'Enochian', 'Ley Lines']"
249125,256500,Circle of Scorn (dot),30.0,3079.0,,Default Target,[],629828.0,"['Arcane Circle', 'Fight or Flight']"
256036,256576,Void Reaping,540.0,62934.0,,Default Target,[],279091283.0,"['Arcane Circle', ""Death's Design""]"
256097,256629,Auto,90.0,9420.0,,Default Target,[],6205884.0,"['Arcane Circle', 'Fugetsu', 'Fuka']"
256000,256666,Blade of Faith,760.0,78075.0,,Default Target,['Requiescat'],405221164.0,"['Arcane Circle', 'Fight or Flight', 'Requiescat']"
256058,256908,Blazing Shot,260.0,33118.0,,Default Target,['Overheated'],77133211.0,"['Arcane Circle', 'Overheated']"
256230,256988,Shot,80.0,7468.0,,Default Target,[],3921085.0,['Arcane Circle']
256555,257087,Auto,90.0,0.0,,Default Target,[],0.0,"['Arcane Circle', 'Presence of Mind']"
256625,257203,Intervene,150.0,15406.0,,Default Target,[],15776871.0,"['Arcane Circle', 'Fight or Flight']"
256735,257355,Flare Star,500.0,137161.0,,Default Target,['3 Astral Fire'],580733494.0,"['Arcane Circle', 'Enochian', 'Ley Lines']"
256678,257388,Checkmate,180.0,22923.0,,Default Target,[],36952509.0,['Arcane Circle']
256656,257416,Sacrificium,600.0,69932.0,,Default Target,[],344616536.0,"['Arcane Circle', ""Death's Design""]"
257235,257767,Auto,90.0,0.0,,Default Target,[],0.0,"['Arcane Circle', 'Enochian', 'Ley Lines']"
257536,258156,Cross Reaping,600.0,69932.0,,Default Target,['Enhanced Cross Reaping'],344616536.0,"['Arcane Circle', ""Death's Design"", 'Enhanced Cross Reaping']"
257605,258225,Xenoglossy,890.0,135626.0,,Default Target,[],567803563.0,"['Arcane Circle', 'Enochian', 'Ley Lines']"
257627,258247,Higanbana,200.0,23532.0,,Default Target,[],38733013.0,"['Arcane Circle', 'Fugetsu', 'Fuka']"
257675,258298,Fell Cleave,580.0,91649.0,,Default Target,['Surging Tempest'],6999768.0,"['Arcane Circle', 'Inner Release', 'Surging Tempest']"
257858,258390,Auto,90.0,6860.0,,Default Target,[],3127432.0,"['Arcane Circle', 'Fight or Flight']"
257559,258409,Blazing Shot,260.0,33118.0,,Default Target,['Overheated'],77133211.0,"['Arcane Circle', 'Overheated']"
257801,258471,Dosis III,380.0,50872.0,,Default Target,[],156234075.0,['Arcane Circle']
257506,258796,Glare III,350.0,46741.0,,Default Target,[],128850869.0,"['Arcane Circle', 'Presence of Mind']"
258228,258848,Hissatsu: Shinten,250.0,29418.0,,Default Target,[],60533551.0,"['Arcane Circle', 'Fugetsu', 'Fuka']"
258156,258866,Lemure's Slice,280.0,32630.0,,Default Target,[],75028119.0,"['Arcane Circle', ""Death's Design""]"
258178,258888,Double Check,180.0,22923.0,,Default Target,[],36952509.0,['Arcane Circle']
258387,258919,Auto,90.0,9420.0,,Default Target,[],6205884.0,"['Arcane Circle', 'Fugetsu', 'Fuka']"
258925,258925,Infuriate,,,,,,,[]
258662,259194,Auto,90.0,21.0,,Default Target,[],25.0,['Arcane Circle']
258745,259277,Auto,90.0,11162.0,,Default Target,[],8778880.0,"['Arcane Circle', ""Death's Design""]"
258757,259289,Auto,90.0,9209.0,,Default Target,['Surging Tempest'],5637007.0,"['Arcane Circle', 'Surging Tempest']"
258500,259391,Blade of Truth,880.0,90399.0,,Default Target,['Requiescat'],543243624.0,"['Arcane Circle', 'Fight or Flight', 'Requiescat']"
258300,259450,Primal Wrath,700.0,64131.0,,Default Target,['Surging Tempest'],273411936.0,"['Arcane Circle', 'Surging Tempest']"
230937,259500,Eukrasian Dosis III (dot),85.0,11245.0,,Default Target,[],7632622.0,[]
234995,259500,Dia (dot),85.0,11244.0,,Default Target,[],7456489.0,[]
247944,259500,Thunder (dot),60.0,10327.0,,Default Target,[],3292696.0,"['Arcane Circle', 'Enochian', 'Ley Lines']"
249125,259500,Circle of Scorn (dot),30.0,3079.0,,Default Target,[],629828.0,"['Arcane Circle', 'Fight or Flight']"
257627,259500,Higanbana (dot),50.0,5951.0,,Default Target,[],2476337.0,"['Arcane Circle', 'Fugetsu', 'Fuka']"
259036,259576,Void Reaping,600.0,69932.0,,Default Target,['Enhanced Void Reaping'],344616536.0,"['Arcane Circle', ""Death's Design"", 'Enhanced Void Reaping']"
258870,259628,Shot,80.0,7468.0,,Default Target,[],3921085.0,['Arcane Circle']
259059,259859,Heated Slug Shot,320.0,40761.0,,Default Target,[],116838807.0,['Arcane Circle']
259435,260055,Xenoglossy,890.0,135626.0,,Default Target,[],567803563.0,"['Arcane Circle', 'Enochian', 'Ley Lines']"
260135,260135,Amplifier,,,,,,,[]
259768,260268,Ogi Namikiri,1000.0,163087.0,,Default Target,[],310457357.0,"['Arcane Circle', 'Fugetsu', 'Fuka']"
259678,260388,Checkmate,180.0,22923.0,,Default Target,[],36952509.0,['Arcane Circle']
259946,260478,Auto,90.0,0.0,,Default Target,[],0.0,"['Arcane Circle', 'Presence of Mind']"
260015,260547,Auto,90.0,0.0,,Default Target,[],0.0,"['Arcane Circle', 'Enochian', 'Ley Lines']"
260098,260630,Auto,90.0,6860.0,,Default Target,[],3127432.0,"['Arcane Circle', 'Fight or Flight']"
259446,260736,Glare III,350.0,46741.0,,Default Target,[],128850869.0,"['Arcane Circle', 'Presence of Mind']"
250296,260966,Wildfire (dot),1440.0,143913.0,,Default Target,['6 GCD'],17258406.0,['Arcane Circle']
260536,261156,Cross Reaping,600.0,69932.0,,Default Target,['Enhanced Cross Reaping'],344616536.0,"['Arcane Circle', ""Death's Design"", 'Enhanced Cross Reaping']"
260677,261209,Auto,90.0,9420.0,,Default Target,[],6205884.0,"['Arcane Circle', 'Fugetsu', 'Fuka']"
260175,261235,Primal Ruination,780.0,123252.0,,Default Target,['Surging Tempest'],12654694.0,"['Arcane Circle', 'Surging Tempest']"
261108,261598,Kaeshi: Namikiri,1000.0,163087.0,,Default Target,[],310457357.0,"['Arcane Circle', 'Fugetsu', 'Fuka']"
261156,261866,Lemure's Slice,280.0,32630.0,,Default Target,[],75028119.0,"['Arcane Circle', ""Death's Design""]"
261265,261885,Xenoglossy,890.0,135626.0,,Default Target,[],567803563.0,"['Arcane Circle', 'Enochian', 'Ley Lines']"
261000,261891,Blade of Valor,1000.0,102728.0,,Default Target,['Requiescat'],701541641.0,"['Arcane Circle', 'Fight or Flight', 'Requiescat']"
261964,261964,Triplecast,,,,,,,[]
261462,261994,Auto,90.0,21.0,,Default Target,[],25.0,['Arcane Circle']
262180,262180,Hypercharge,,,,,,,[]
261510,262268,Shot,80.0,7468.0,,Default Target,[],3921085.0,['Arcane Circle']
261945,262477,Auto,90.0,11162.0,,Default Target,[],8778880.0,"['Arcane Circle', ""Death's Design""]"
234995,262500,Dia (dot),85.0,11244.0,,Default Target,[],7456489.0,[]
247944,262500,Thunder (dot),60.0,10327.0,,Default Target,[],3292696.0,"['Arcane Circle', 'Enochian', 'Ley Lines']"
249125,262500,Circle of Scorn (dot),30.0,3079.0,,Default Target,[],629828.0,"['Arcane Circle', 'Fight or Flight']"
257627,262500,Higanbana (dot),50.0,5951.0,,Default Target,[],2476337.0,"['Arcane Circle', 'Fugetsu', 'Fuka']"
260284,262500,Eukrasian Dosis III (dot),85.0,11582.0,,Default Target,[],8097197.0,['Arcane Circle']
262117,262649,Auto,90.0,9209.0,,Default Target,['Surging Tempest'],5637007.0,"['Arcane Circle', 'Surging Tempest']"
261386,262676,Glare III,350.0,46741.0,,Default Target,[],128850869.0,"['Arcane Circle', 'Presence of Mind']"
261560,262710,Drill,660.0,84078.0,,Default Target,[],497079330.0,['Arcane Circle']
261625,262785,Blade of Honor,1000.0,102728.0,,Default Target,[],701541641.0,"['Arcane Circle', 'Fight or Flight']"
262338,262870,Auto,90.0,6860.0,,Default Target,[],3127432.0,"['Arcane Circle', 'Fight or Flight']"
262795,263327,Auto,90.0,0.0,,Default Target,[],0.0,"['Arcane Circle', 'Enochian', 'Ley Lines']"
262744,263414,Dosis III,380.0,50872.0,,Default Target,[],156234075.0,['Arcane Circle']
262838,263458,Communio,1100.0,128211.0,,Default Target,[],1158307719.0,"['Arcane Circle', ""Death's Design""]"
262967,263499,Auto,90.0,9420.0,,Default Target,[],6205884.0,"['Arcane Circle', 'Fugetsu', 'Fuka']"
262675,263612,Inner Chaos,660.0,104286.0,,Default Target,['Surging Tempest'],9063670.0,"['Arcane Circle', 'Surging Tempest']"
263095,263715,Xenoglossy,890.0,135626.0,,Default Target,[],567803563.0,"['Arcane Circle', 'Enochian', 'Ley Lines']"
263248,264008,Gekko,420.0,49421.0,,Default Target,[],170834077.0,"['Arcane Circle', 'Fugetsu', 'Fuka']"
263500,264258,Holy Spirit,500.0,51363.0,,Default Target,['Divine Might'],175374743.0,"['Arcane Circle', 'Divine Might', 'Fight or Flight']"
263887,264467,Shoha,640.0,75315.0,,Default Target,[],396735812.0,"['Arcane Circle', 'Fugetsu', 'Fuka']"
264126,264658,Auto,90.0,0.0,,Default Target,[],0.0,['Arcane Circle']
264150,264908,Shot,80.0,7468.0,,Default Target,[],3921085.0,['Arcane Circle']
264060,264910,Blazing Shot,260.0,33118.0,,Default Target,['Overheated'],77133211.0,"['Arcane Circle', 'Overheated']"
263626,264916,Glare III,350.0,46741.0,,Default Target,[],128850869.0,['Arcane Circle']
264578,265110,Auto,90.0,6860.0,,Default Target,[],3127432.0,"['Arcane Circle', 'Fight or Flight']"
264680,265390,Double Check,180.0,22923.0,,Default Target,[],36952509.0,['Arcane Circle']
264925,265415,Despair,350.0,96009.0,,Default Target,['3 Astral Fire'],284575080.0,"['Arcane Circle', 'Enochian']"
234995,265500,Dia (dot),85.0,11244.0,,Default Target,[],7456489.0,[]
247944,265500,Thunder (dot),60.0,10327.0,,Default Target,[],3292696.0,"['Arcane Circle', 'Enochian', 'Ley Lines']"
257627,265500,Higanbana (dot),50.0,5951.0,,Default Target,[],2476337.0,"['Arcane Circle', 'Fugetsu', 'Fuka']"
260284,265500,Eukrasian Dosis III (dot),85.0,11582.0,,Default Target,[],8097197.0,['Arcane Circle']
265625,265625,Transpose,,,,,,,[]
265145,265677,Auto,90.0,11162.0,,Default Target,[],8778880.0,"['Arcane Circle', ""Death's Design""]"
265257,265789,Auto,90.0,9420.0,,Default Target,[],6205884.0,"['Arcane Circle', 'Fugetsu', 'Fuka']"
264538,265828,Perfectio,1300.0,151524.0,,Default Target,[],1617843098.0,"['Arcane Circle', ""Death's Design""]"
265184,265854,Dosis III,380.0,50872.0,,Default Target,[],156234075.0,['Arcane Circle']
265477,266009,Auto,90.0,9209.0,,Default Target,['Surging Tempest'],5637007.0,"['Arcane Circle', 'Surging Tempest']"
265575,266107,Auto,90.0,0.0,,Default Target,[],0.0,"['Arcane Circle', 'Enochian']"
265684,266216,Auto,90.0,21.0,,Default Target,[],25.0,['Arcane Circle']
265388,266238,Gyofu,240.0,28241.0,,Default Target,[],55780065.0,"['Arcane Circle', 'Fugetsu', 'Fuka']"
265096,266386,Dia,85.0,11297.0,,Default Target,[],7527969.0,['Arcane Circle']
265561,266411,Blazing Shot,260.0,33118.0,,Default Target,['Overheated'],77133211.0,"['Arcane Circle', 'Overheated']"
266008,266628,Hissatsu: Shinten,250.0,29418.0,,Default Target,[],60533551.0,"['Arcane Circle', 'Fugetsu', 'Fuka']"
265175,266690,Storm's Path,500.0,45808.0,,Default Target,['Surging Tempest'],139484235.0,"['Arcane Circle', 'Surging Tempest']"
266181,266891,Checkmate,180.0,22923.0,,Default Target,[],36952509.0,['Arcane Circle']
266000,267293,Atonement,460.0,47252.0,,Default Target,[],148425134.0,"['Arcane Circle', 'Fight or Flight']"
266818,267350,Auto,90.0,6660.0,,Default Target,[],2948197.0,['Fight or Flight']
266790,267548,Shot,80.0,7251.0,,Default Target,[],3696450.0,[]
267029,267569,Infernal Slice,600.0,67895.0,,Default Target,[],324829882.0,"[""Death's Design""]"
267075,267745,Paradox,540.0,79886.0,,Default Target,['1 Umbral Ice'],197010726.0,"['Enochian', 'Triplecast']"
267061,267911,Blazing Shot,260.0,32154.0,,Default Target,['Overheated'],72701607.0,['Overheated']
267547,268079,Auto,90.0,9146.0,,Default Target,[],5850300.0,"['Fugetsu', 'Fuka']"
267625,268295,Dosis III,380.0,49391.0,,Default Target,[],147266966.0,[]
267675,268298,Fell Cleave,580.0,51589.0,,Default Target,['Surging Tempest'],176915445.0,['Surging Tempest']
267528,268328,Shifu,300.0,34274.0,,Default Target,[],82159455.0,"['Fugetsu', 'Fuka']"
267681,268391,Double Check,180.0,22256.0,,Default Target,[],34830145.0,[]
247944,268500,Thunder (dot),60.0,10327.0,,Default Target,[],3292696.0,"['Arcane Circle', 'Enochian', 'Ley Lines']"
257627,268500,Higanbana (dot),50.0,5951.0,,Default Target,[],2476337.0,"['Arcane Circle', 'Fugetsu', 'Fuka']"
260284,268500,Eukrasian Dosis III (dot),85.0,11582.0,,Default Target,[],8097197.0,['Arcane Circle']
265096,268500,Dia (dot),85.0,11581.0,,Default Target,[],7910693.0,['Arcane Circle']
268345,268877,Auto,90.0,10837.0,,Default Target,[],8273889.0,"[""Death's Design""]"
268484,269016,Auto,90.0,21.0,,Default Target,[],25.0,[]
268837,269369,Auto,90.0,8941.0,,Default Target,['Surging Tempest'],5313749.0,['Surging Tempest']
268305,269375,Gluttony,520.0,58841.0,,Default Target,[],243981522.0,"[""Death's Design""]"
268855,269387,Auto,90.0,0.0,,Default Target,[],0.0,['Enochian']
268562,269412,Blazing Shot,260.0,32154.0,,Default Target,['Overheated'],72701607.0,['Overheated']
268986,269518,Auto,90.0,0.0,,Default Target,[],0.0,[]
269058,269590,Auto,90.0,5328.0,,Default Target,[],1887023.0,[]
268500,269660,Supplication,500.0,39894.0,,Default Target,[],105795169.0,[]
268486,269776,Glare III,350.0,45381.0,,Default Target,[],121455354.0,[]
269182,269892,Checkmate,180.0,22256.0,,Default Target,[],34830145.0,[]
269956,269956,Afflatus Rapture,,,,,,,[]
269225,270065,Blizzard III,290.0,42893.0,,Default Target,['1 Umbral Ice'],56791993.0,"['Enochian', 'Triplecast']"
269519,270139,Executioner's Gibbet,820.0,92789.0,,Default Target,['Enhanced Gibbet'],606695908.0,"[""Death's Design"", 'Enhanced Gibbet']"
269430,270188,Shot,80.0,7251.0,,Default Target,[],3696450.0,[]
269668,270288,Kasha,420.0,47982.0,,Default Target,[],161026141.0,"['Fugetsu', 'Fuka']"
269837,270369,Auto,90.0,9146.0,,Default Target,[],5850300.0,"['Fugetsu', 'Fuka']"
270175,270707,Heavy Swing,240.0,21341.0,,Default Target,['Surging Tempest'],30278556.0,['Surging Tempest']
270065,270735,Dosis III,380.0,49391.0,,Default Target,[],147266966.0,[]
270062,270912,Blazing Shot,260.0,32154.0,,Default Target,['Overheated'],72701607.0,['Overheated']
270682,271392,Double Check,180.0,22256.0,,Default Target,[],34830145.0,[]
247944,271500,Thunder (dot),60.0,10327.0,,Default Target,[],3292696.0,"['Arcane Circle', 'Enochian', 'Ley Lines']"
257627,271500,Higanbana (dot),50.0,5951.0,,Default Target,[],2476337.0,"['Arcane Circle', 'Fugetsu', 'Fuka']"
260284,271500,Eukrasian Dosis III (dot),85.0,11582.0,,Default Target,[],8097197.0,['Arcane Circle']
265096,271500,Dia (dot),85.0,11581.0,,Default Target,[],7910693.0,['Arcane Circle']
271284,271816,Auto,90.0,21.0,,Default Target,[],25.0,[]
271298,271830,Auto,90.0,5328.0,,Default Target,[],1887023.0,[]
272075,272075,Transpose,,,,,,,[]
271545,272077,Auto,90.0,10837.0,,Default Target,[],8273889.0,"[""Death's Design""]"
271000,272290,Sepulchre,540.0,43082.0,,Default Target,[],123387031.0,[]
271563,272363,Heated Clean Shot,420.0,51946.0,,Default Target,[],189745438.0,[]
272386,272386,Afflatus Rapture,,,,,,,[]
271375,272535,Blizzard IV,300.0,44387.0,,Default Target,['3 Umbral Ice'],60819838.0,"['Enochian', 'Triplecast']"
271808,272658,Gyofu,240.0,27418.0,,Default Target,[],52581804.0,"['Fugetsu', 'Fuka']"
272127,272659,Auto,90.0,9146.0,,Default Target,[],5850300.0,"['Fugetsu', 'Fuka']"
272135,272667,Auto,90.0,0.0,,Default Target,[],0.0,['Enochian']
272197,272729,Auto,90.0,8941.0,,Default Target,['Surging Tempest'],5313749.0,['Surging Tempest']
272070,272828,Shot,80.0,7251.0,,Default Target,[],3696450.0,[]
272183,272893,Double Check,180.0,22256.0,,Default Target,[],34830145.0,[]
272426,272958,Auto,90.0,0.0,,Default Target,[],0.0,[]
272506,273176,Dosis III,380.0,49391.0,,Default Target,[],147266966.0,[]
272675,273298,Maim,340.0,30239.0,,Default Target,['Surging Tempest'],60784922.0,['Surging Tempest']
272803,273513,Checkmate,180.0,22256.0,,Default Target,[],34830145.0,[]
273538,274070,Auto,90.0,5328.0,,Default Target,[],1887023.0,[]
273500,274123,Fast Blade,220.0,17548.0,,Default Target,[],20469011.0,[]
272010,274150,Executioner's Gallows,820.0,92789.0,,Default Target,['Enhanced Gallows'],606695908.0,"[""Death's Design"", 'Enhanced Gallows']"
247944,274500,Thunder (dot),60.0,10327.0,,Default Target,[],3292696.0,"['Arcane Circle', 'Enochian', 'Ley Lines']"
257627,274500,Higanbana (dot),50.0,5951.0,,Default Target,[],2476337.0,"['Arcane Circle', 'Fugetsu', 'Fuka']"
260284,274500,Eukrasian Dosis III (dot),85.0,11582.0,,Default Target,[],8097197.0,['Arcane Circle']
265096,274500,Dia (dot),85.0,11581.0,,Default Target,[],7910693.0,['Arcane Circle']
274683,274683,Automaton Queen,,,,,,,[]
273949,274749,Yukikaze,340.0,38842.0,,Default Target,[],105525015.0,"['Fugetsu', 'Fuka']"
273525,274815,Fire III,290.0,60051.0,,Default Target,['3 Astral Fire'],111314107.0,['Enochian']
274816,274816,Afflatus Rapture,,,,,,,[]
274063,274863,Heated Split Shot,220.0,27207.0,,Default Target,[],52053770.0,[]
274417,274949,Auto,90.0,9146.0,,Default Target,[],5850300.0,"['Fugetsu', 'Fuka']"
274745,275277,Auto,90.0,10837.0,,Default Target,[],8273889.0,"[""Death's Design""]"
274710,275468,Shot,80.0,7251.0,,Default Target,[],3696450.0,[]
274500,275530,Soul Slice,520.0,58841.0,,Default Target,[],243981522.0,"[""Death's Design""]"
274946,275616,Dosis III,380.0,49391.0,,Default Target,[],147266966.0,[]
275120,275660,Unveiled Gibbet,440.0,49788.0,,Default Target,[],174669570.0,"[""Death's Design""]"
275415,275947,Auto,90.0,0.0,,Default Target,[],0.0,['Enochian']
275446,275978,Auto,90.0,21.0,,Default Target,[],25.0,[]
275557,276089,Auto,90.0,8941.0,,Default Target,['Surging Tempest'],5313749.0,['Surging Tempest']
275778,276310,Auto,90.0,5328.0,,Default Target,[],1887023.0,[]
275866,276398,Auto,90.0,0.0,,Default Target,[],0.0,[]
276000,276758,Riot Blade,330.0,26327.0,,Default Target,[],46074807.0,[]
275176,276825,Storm's Eye,500.0,44474.0,,Default Target,['Surging Tempest'],131481340.0,['Surging Tempest']
276564,277364,Heated Slug Shot,320.0,39574.0,,Default Target,[],110128346.0,[]
276991,277481,Gibbet,620.0,70159.0,,Default Target,['Enhanced Gibbet'],346845630.0,"[""Death's Design"", 'Enhanced Gibbet']"
247944,277500,Thunder (dot),60.0,10327.0,,Default Target,[],3292696.0,"['Arcane Circle', 'Enochian', 'Ley Lines']"
257627,277500,Higanbana (dot),50.0,5951.0,,Default Target,[],2476337.0,"['Arcane Circle', 'Fugetsu', 'Fuka']"
260284,277500,Eukrasian Dosis III (dot),85.0,11582.0,,Default Target,[],8097197.0,['Arcane Circle']
265096,277500,Dia (dot),85.0,11581.0,,Default Target,[],7910693.0,['Arcane Circle']
276889,277509,Midare Setsugekka,640.0,101332.0,,Default Target,[],119853464.0,"['Fugetsu', 'Fuka']"
277246,277826,Afflatus Misery,1400.0,181530.0,,Default Target,[],1943447881.0,[]
277389,277921,Auto,90.0,9146.0,,Default Target,[],5850300.0,"['Fugetsu', 'Fuka']"
276895,278055,Fire IV,300.0,79898.0,,Default Target,['3 Astral Fire'],197058271.0,['Enochian']
277387,278057,Dosis III,380.0,49391.0,,Default Target,[],147266966.0,[]
277350,278108,Shot,80.0,7251.0,,Default Target,[],3696450.0,[]
277676,278208,Heavy Swing,240.0,21341.0,,Default Target,['Surging Tempest'],30278556.0,['Surging Tempest']
277945,278477,Auto,90.0,10837.0,,Default Target,[],8273889.0,"[""Death's Design""]"
278018,278550,Auto,90.0,5328.0,,Default Target,[],1887023.0,[]
278246,278778,Auto,90.0,21.0,,Default Target,[],25.0,[]
278301,278924,Upheaval,420.0,37355.0,,Default Target,['Surging Tempest'],92756681.0,['Surging Tempest']
278500,279078,Royal Authority,460.0,36701.0,,Default Target,[],89538338.0,[]
278229,279079,Gyofu,240.0,27418.0,,Default Target,[],52581804.0,"['Fugetsu', 'Fuka']"
278917,279449,Auto,90.0,8941.0,,Default Target,['Surging Tempest'],5313749.0,['Surging Tempest']
279306,279838,Auto,90.0,0.0,,Default Target,[],0.0,[]
279125,280148,Circle of Scorn,140.0,11164.0,,Default Target,[],8284059.0,[]
280183,280183,Roller Dash (pet),240.0,27114.0,,Default Target,[],51699045.0,[]
279679,280211,Auto,90.0,9146.0,,Default Target,[],5850300.0,"['Fugetsu', 'Fuka']"
279064,280214,Air Anchor,660.0,81629.0,,Default Target,[],468551960.0,[]
279475,280235,High Thunder,150.0,22191.0,,Default Target,[],15203066.0,['Enochian']
279827,280497,Dosis III,380.0,49391.0,,Default Target,[],147266966.0,[]
257627,280500,Higanbana (dot),50.0,5951.0,,Default Target,[],2476337.0,"['Arcane Circle', 'Fugetsu', 'Fuka']"
260284,280500,Eukrasian Dosis III (dot),85.0,11582.0,,Default Target,[],8097197.0,['Arcane Circle']
265096,280500,Dia (dot),85.0,11581.0,,Default Target,[],7910693.0,['Arcane Circle']
279125,280500,Circle of Scorn (dot),30.0,2392.0,,Default Target,[],380146.0,[]
279475,280500,Thunder (dot),60.0,10027.0,,Default Target,[],3103341.0,['Enochian']
279975,280507,Auto,90.0,0.0,,Default Target,[],0.0,['Enochian']
279481,280511,Soul Slice,520.0,58841.0,,Default Target,[],243981522.0,"[""Death's Design""]"
280101,280641,Unveiled Gallows,440.0,49788.0,,Default Target,[],174669570.0,"[""Death's Design""]"
279990,280748,Shot,80.0,7251.0,,Default Target,[],3696450.0,[]
280258,280790,Auto,90.0,5328.0,,Default Target,[],1887023.0,[]
280176,280799,Maim,340.0,30239.0,,Default Target,['Surging Tempest'],60784922.0,['Surging Tempest']
280369,281169,Yukikaze,340.0,38842.0,,Default Target,[],105525015.0,"['Fugetsu', 'Fuka']"
281046,281578,Auto,90.0,21.0,,Default Target,[],25.0,[]
281000,281623,Fast Blade,220.0,17548.0,,Default Target,[],20469011.0,[]
281145,281677,Auto,90.0,10837.0,,Default Target,[],8273889.0,"[""Death's Design""]"
280636,281926,Glare III,350.0,45381.0,,Default Target,[],121455354.0,[]
281625,281982,Expiacion,450.0,35904.0,,Default Target,[],85693120.0,[]
281195,282355,Fire IV,300.0,79898.0,,Default Target,['3 Astral Fire'],197058271.0,['Enochian']
281565,282365,Heated Clean Shot,420.0,51946.0,,Default Target,[],189745438.0,[]
281972,282462,Gallows,620.0,70159.0,,Default Target,['Enhanced Gallows'],346845630.0,"[""Death's Design"", 'Enhanced Gallows']"
281969,282501,Auto,90.0,9146.0,,Default Target,[],5850300.0,"['Fugetsu', 'Fuka']"
282277,282809,Auto,90.0,8941.0,,Default Target,['Surging Tempest'],5313749.0,['Surging Tempest']
282268,282938,Dosis III,380.0,49391.0,,Default Target,[],147266966.0,[]
282498,283030,Auto,90.0,5328.0,,Default Target,[],1887023.0,[]
282509,283359,Gyofu,240.0,27418.0,,Default Target,[],52581804.0,"['Fugetsu', 'Fuka']"
283383,283383,Arm Punch (pet),120.0,13555.0,,Default Target,[],12921574.0,[]
282630,283388,Shot,80.0,7251.0,,Default Target,[],3696450.0,[]
257627,283500,Higanbana (dot),50.0,5951.0,,Default Target,[],2476337.0,"['Arcane Circle', 'Fugetsu', 'Fuka']"
260284,283500,Eukrasian Dosis III (dot),85.0,11582.0,,Default Target,[],8097197.0,['Arcane Circle']
265096,283500,Dia (dot),85.0,11581.0,,Default Target,[],7910693.0,['Arcane Circle']
279125,283500,Circle of Scorn (dot),30.0,2392.0,,Default Target,[],380146.0,[]
279475,283500,Thunder (dot),60.0,10027.0,,Default Target,[],3103341.0,['Enochian']
283566,284098,Auto,90.0,0.0,,Default Target,[],0.0,[]
282676,284191,Storm's Path,500.0,44474.0,,Default Target,['Surging Tempest'],131481340.0,['Surging Tempest']
283500,284258,Riot Blade,330.0,26327.0,,Default Target,[],46074807.0,[]
283066,284356,Glare III,350.0,45381.0,,Default Target,[],121455354.0,[]
283845,284377,Auto,90.0,0.0,,Default Target,[],0.0,['Enochian']
283345,284505,Fire IV,300.0,79898.0,,Default Target,['3 Astral Fire'],197058271.0,['Enochian']
284259,284791,Auto,90.0,9146.0,,Default Target,[],5850300.0,"['Fugetsu', 'Fuka']"
284345,284877,Auto,90.0,10837.0,,Default Target,[],8273889.0,"[""Death's Design""]"
284983,284983,Arm Punch (pet),120.0,13555.0,,Default Target,[],12921574.0,[]
284065,285215,Drill,660.0,81629.0,,Default Target,[],468551960.0,[]
284649,285269,Jinpu,300.0,34274.0,,Default Target,[],82159455.0,"['Fugetsu', 'Fuka']"
284738,285270,Auto,90.0,5328.0,,Default Target,[],1887023.0,[]
284708,285378,Dosis III,380.0,49391.0,,Default Target,[],147266966.0,[]
284462,285622,Shadow of Death,300.0,33945.0,,Default Target,[],81192021.0,"[""Death's Design""]"
285208,285740,Auto,90.0,21.0,,Default Target,[],25.0,[]
285176,285799,Fell Cleave,580.0,51589.0,,Default Target,['Surging Tempest'],176915445.0,['Surging Tempest']
285270,286028,Shot,80.0,7251.0,,Default Target,[],3696450.0,[]
285637,286169,Auto,90.0,8941.0,,Default Target,['Surging Tempest'],5313749.0,['Surging Tempest']
257627,286500,Higanbana (dot),50.0,5951.0,,Default Target,[],2476337.0,"['Arcane Circle', 'Fugetsu', 'Fuka']"
260284,286500,Eukrasian Dosis III (dot),85.0,11582.0,,Default Target,[],8097197.0,['Arcane Circle']
265096,286500,Dia (dot),85.0,11581.0,,Default Target,[],7910693.0,['Arcane Circle']
279125,286500,Circle of Scorn (dot),30.0,2392.0,,Default Target,[],380146.0,[]
279475,286500,Thunder (dot),60.0,10027.0,,Default Target,[],3103341.0,['Enochian']
286583,286583,Arm Punch (pet),120.0,13555.0,,Default Target,[],12921574.0,[]
285495,286655,Fire IV,300.0,79898.0,,Default Target,['3 Astral Fire'],197058271.0,['Enochian']
285497,286787,Glare III,350.0,45381.0,,Default Target,[],121455354.0,[]
286549,287081,Auto,90.0,9146.0,,Default Target,[],5850300.0,"['Fugetsu', 'Fuka']"
286000,287293,Atonement,460.0,36701.0,,Default Target,[],89538338.0,[]
286566,287366,Heated Split Shot,220.0,27207.0,,Default Target,[],52053770.0,[]
286953,287443,Slice,420.0,47524.0,,Default Target,[],159145747.0,"[""Death's Design""]"
286978,287510,Auto,90.0,5328.0,,Default Target,[],1887023.0,[]
286789,287549,Gekko,420.0,47982.0,,Default Target,[],161026141.0,"['Fugetsu', 'Fuka']"
287148,287818,Dosis III,380.0,49391.0,,Default Target,[],147266966.0,[]
287409,288029,Hissatsu: Shinten,250.0,28561.0,,Default Target,[],57056461.0,"['Fugetsu', 'Fuka']"
287545,288077,Auto,90.0,10837.0,,Default Target,[],8273889.0,"[""Death's Design""]"
288183,288183,Pile Bunker (pet),340.0,38417.0,,Default Target,[],103775197.0,[]
287676,288208,Heavy Swing,240.0,21341.0,,Default Target,['Surging Tempest'],30278556.0,['Surging Tempest']
288008,288540,Auto,90.0,21.0,,Default Target,[],25.0,[]
287910,288668,Shot,80.0,7251.0,,Default Target,[],3696450.0,[]
288145,288677,Auto,90.0,0.0,,Default Target,[],0.0,['Enochian']
287645,288805,Fire IV,300.0,79898.0,,Default Target,['3 Astral Fire'],197058271.0,['Enochian']
288427,288959,Auto,90.0,0.0,,Default Target,[],0.0,[]
287927,289217,Glare III,350.0,45381.0,,Default Target,[],121455354.0,[]
288839,289371,Auto,90.0,9146.0,,Default Target,[],5850300.0,"['Fugetsu', 'Fuka']"
257627,289500,Higanbana (dot),50.0,5951.0,,Default Target,[],2476337.0,"['Arcane Circle', 'Fugetsu', 'Fuka']"
260284,289500,Eukrasian Dosis III (dot),85.0,11582.0,,Default Target,[],8097197.0,['Arcane Circle']
265096,289500,Dia (dot),85.0,11581.0,,Default Target,[],7910693.0,['Arcane Circle']
279125,289500,Circle of Scorn (dot),30.0,2392.0,,Default Target,[],380146.0,[]
279475,289500,Thunder (dot),60.0,10027.0,,Default Target,[],3103341.0,['Enochian']
288997,289529,Auto,90.0,8941.0,,Default Target,['Surging Tempest'],5313749.0,['Surging Tempest']
288500,289660,Supplication,500.0,39894.0,,Default Target,[],105795169.0,[]
289218,289750,Auto,90.0,5328.0,,Default Target,[],1887023.0,[]
288930,289780,Gyofu,240.0,27418.0,,Default Target,[],52581804.0,"['Fugetsu', 'Fuka']"
289066,289866,Heated Slug Shot,320.0,39574.0,,Default Target,[],110128346.0,[]
289443,290023,Waxing Slice,500.0,56579.0,,Default Target,[],225581193.0,"[""Death's Design""]"
290183,290183,Crowned Collider (pet),390.0,44069.0,,Default Target,[],136559340.0,[]
290176,290799,Maim,340.0,30239.0,,Default Target,['Surging Tempest'],60784922.0,['Surging Tempest']
289795,290955,Fire IV,300.0,79898.0,,Default Target,['3 Astral Fire'],197058271.0,['Enochian']
290745,291277,Auto,90.0,10837.0,,Default Target,[],8273889.0,"[""Death's Design""]"
290550,291308,Shot,80.0,7251.0,,Default Target,[],3696450.0,[]
290808,291340,Auto,90.0,21.0,,Default Target,[],25.0,[]
290357,291647,Glare III,350.0,45381.0,,Default Target,[],121455354.0,[]
291129,291661,Auto,90.0,9146.0,,Default Target,[],5850300.0,"['Fugetsu', 'Fuka']"
291070,291870,Shifu,300.0,34274.0,,Default Target,[],82159455.0,"['Fugetsu', 'Fuka']"
291458,291990,Auto,90.0,5328.0,,Default Target,[],1887023.0,[]
291000,292290,Sepulchre,540.0,43082.0,,Default Target,[],123387031.0,[]
291567,292367,Heated Clean Shot,420.0,51946.0,,Default Target,[],189745438.0,[]
291934,292474,Infernal Slice,600.0,67895.0,,Default Target,[],324829882.0,"[""Death's Design""]"
257627,292500,Higanbana (dot),50.0,5951.0,,Default Target,[],2476337.0,"['Arcane Circle', 'Fugetsu', 'Fuka']"
265096,292500,Dia (dot),85.0,11581.0,,Default Target,[],7910693.0,['Arcane Circle']
279125,292500,Circle of Scorn (dot),30.0,2392.0,,Default Target,[],380146.0,[]
279475,292500,Thunder (dot),60.0,10027.0,,Default Target,[],3103341.0,['Enochian']
289630,292500,Eukrasian Dosis III (dot),85.0,11245.0,,Default Target,[],7632622.0,[]
291945,292565,Flare Star,500.0,133166.0,,Default Target,['3 Astral Fire'],547404282.0,['Enochian']
292698,292698,Taurochole,,,,,,,[]
292090,292760,Dosis III,380.0,49391.0,,Default Target,[],147266966.0,[]
292357,292889,Auto,90.0,8941.0,,Default Target,['Surging Tempest'],5313749.0,['Surging Tempest']
292445,292977,Auto,90.0,0.0,,Default Target,[],0.0,['Enochian']
292875,293545,Paradox,540.0,79886.0,,Default Target,['3 Astral Fire'],197010726.0,['Enochian']
293575,293575,Swiftcast,,,,,,,[]
293287,293819,Auto,90.0,0.0,,Default Target,[],0.0,[]
293210,293830,Kasha,420.0,47982.0,,Default Target,[],161026141.0,"['Fugetsu', 'Fuka']"
293190,293948,Shot,80.0,7251.0,,Default Target,[],3696450.0,[]
293419,293951,Auto,90.0,9146.0,,Default Target,[],5850300.0,"['Fugetsu', 'Fuka']"
292787,294077,Glare III,350.0,45381.0,,Default Target,[],121455354.0,[]
292676,294191,Storm's Path,500.0,44474.0,,Default Target,['Surging Tempest'],131481340.0,['Surging Tempest']
293698,294230,Auto,90.0,5328.0,,Default Target,[],1887023.0,[]
293500,294258,Holy Spirit,500.0,39894.0,,Default Target,['Divine Might'],105795169.0,['Divine Might']
293945,294477,Auto,90.0,10837.0,,Default Target,[],8273889.0,"[""Death's Design""]"
294067,294867,Heated Split Shot,220.0,27207.0,,Default Target,[],52053770.0,[]
294424,294914,Slice,420.0,47524.0,,Default Target,[],159145747.0,"[""Death's Design""]"
294531,295201,Dosis III,380.0,49391.0,,Default Target,[],147266966.0,[]
257627,295500,Higanbana (dot),50.0,5951.0,,Default Target,[],2476337.0,"['Arcane Circle', 'Fugetsu', 'Fuka']"
265096,295500,Dia (dot),85.0,11581.0,,Default Target,[],7910693.0,['Arcane Circle']
279475,295500,Thunder (dot),60.0,10027.0,,Default Target,[],3103341.0,['Enochian']
289630,295500,Eukrasian Dosis III (dot),85.0,11245.0,,Default Target,[],7632622.0,[]
295025,295515,Despair,350.0,93213.0,,Default Target,['3 Astral Fire'],268247312.0,['Enochian']
294257,295547,Dia,85.0,10969.0,,Default Target,[],7095404.0,[]
294877,295547,Assize,400.0,51864.0,,Default Target,[],158638414.0,[]
295031,295563,Auto,90.0,21.0,,Default Target,[],25.0,[]
295176,295708,Heavy Swing,240.0,21341.0,,Default Target,['Surging Tempest'],30278556.0,['Surging Tempest']
295725,295725,Transpose,,,,,,,[]
295350,295970,Kaeshi: Setsugekka,640.0,101332.0,,Default Target,[],119853464.0,"['Fugetsu', 'Fuka']"
295709,296241,Auto,90.0,9146.0,,Default Target,[],5850300.0,"['Fugetsu', 'Fuka']"
295717,296249,Auto,90.0,8941.0,,Default Target,['Surging Tempest'],5313749.0,['Surging Tempest']
295725,296257,Auto,90.0,0.0,,Default Target,[],0.0,['Enochian']
295938,296470,Auto,90.0,5328.0,,Default Target,[],1887023.0,[]
296000,296578,Royal Authority,460.0,36701.0,,Default Target,[],89538338.0,[]
295830,296588,Shot,80.0,7251.0,,Default Target,[],3696450.0,[]
296568,297368,Heated Slug Shot,320.0,39574.0,,Default Target,[],110128346.0,[]
296915,297495,Waxing Slice,500.0,56579.0,,Default Target,[],225581193.0,"[""Death's Design""]"
297579,297579,Rhizomata,,,,,,,[]
296971,297641,Dosis III,380.0,49391.0,,Default Target,[],147266966.0,[]
297145,297677,Auto,90.0,10837.0,,Default Target,[],8273889.0,"[""Death's Design""]"
297175,298015,Blizzard III,290.0,42893.0,,Default Target,['1 Umbral Ice'],56791993.0,"['Enochian', 'Swiftcast']"
297535,298075,Unveiled Gibbet,440.0,49788.0,,Default Target,[],174669570.0,"[""Death's Design""]"
297676,298299,Maim,340.0,30239.0,,Default Target,['Surging Tempest'],60784922.0,['Surging Tempest']
297831,298363,Auto,90.0,21.0,,Default Target,[],25.0,[]
257627,298500,Higanbana (dot),50.0,5951.0,,Default Target,[],2476337.0,"['Arcane Circle', 'Fugetsu', 'Fuka']"
279475,298500,Thunder (dot),60.0,10027.0,,Default Target,[],3103341.0,['Enochian']
289630,298500,Eukrasian Dosis III (dot),85.0,11245.0,,Default Target,[],7632622.0,[]
294257,298500,Dia (dot),85.0,11244.0,,Default Target,[],7456489.0,[]
298147,298679,Auto,90.0,0.0,,Default Target,[],0.0,[]
298178,298710,Auto,90.0,5328.0,,Default Target,[],1887023.0,[]
298290,298910,Midare Setsugekka,640.0,101332.0,,Default Target,[],119853464.0,"['Fugetsu', 'Fuka']"
297647,298937,Glare III,350.0,45381.0,,Default Target,[],121455354.0,[]
298500,299123,Fast Blade,220.0,17548.0,,Default Target,[],20469011.0,[]
298470,299228,Shot,80.0,7251.0,,Default Target,[],3696450.0,[]
298790,299322,Auto,90.0,9146.0,,Default Target,[],5850300.0,"['Fugetsu', 'Fuka']"
298891,299511,Hissatsu: Shinten,250.0,28561.0,,Default Target,[],57056461.0,"['Fugetsu', 'Fuka']"
299005,299537,Auto,90.0,0.0,,Default Target,[],0.0,['Enochian']
299077,299609,Auto,90.0,8941.0,,Default Target,['Surging Tempest'],5313749.0,['Surging Tempest']
299068,299868,Heated Clean Shot,420.0,51946.0,,Default Target,[],189745438.0,[]
299405,299895,Gibbet,620.0,70159.0,,Default Target,['Enhanced Gibbet'],346845630.0,"[""Death's Design"", 'Enhanced Gibbet']"
300019,300019,Druochole,,,,,,,[]
299412,300082,Dosis III,380.0,49391.0,,Default Target,[],147266966.0,[]
299630,300480,Gyofu,240.0,27418.0,,Default Target,[],52581804.0,"['Fugetsu', 'Fuka']"
300345,300877,Auto,90.0,10837.0,,Default Target,[],8273889.0,"[""Death's Design""]"
300418,300950,Auto,90.0,5328.0,,Default Target,[],1887023.0,[]
300631,301163,Auto,90.0,21.0,,Default Target,[],25.0,[]
300077,301367,Glare III,350.0,45381.0,,Default Target,[],121455354.0,[]
257627,301500,Higanbana (dot),50.0,5951.0,,Default Target,[],2476337.0,"['Arcane Circle', 'Fugetsu', 'Fuka']"
279475,301500,Thunder (dot),60.0,10027.0,,Default Target,[],3103341.0,['Enochian']
289630,301500,Eukrasian Dosis III (dot),85.0,11245.0,,Default Target,[],7632622.0,[]
294257,301500,Dia (dot),85.0,11244.0,,Default Target,[],7456489.0,[]
301080,301612,Auto,90.0,9146.0,,Default Target,[],5850300.0,"['Fugetsu', 'Fuka']"
300545,301705,Blizzard IV,300.0,44387.0,,Default Target,['3 Umbral Ice'],60819838.0,['Enochian']
301000,301758,Riot Blade,330.0,26327.0,,Default Target,[],46074807.0,[]
300176,301825,Storm's Eye,500.0,44474.0,,Default Target,['Surging Tempest'],131481340.0,['Surging Tempest']
301110,301868,Shot,80.0,7251.0,,Default Target,[],3696450.0,[]
301475,302145,Paradox,540.0,79886.0,,Default Target,['3 Umbral Ice'],197010726.0,['Enochian']
302175,302175,Transpose,,,,,,,[]
301569,302369,Heated Split Shot,220.0,27207.0,,Default Target,[],52053770.0,[]
302390,302390,Meikyo Shisui,,,,,,,[]
301896,302436,Infernal Slice,600.0,67895.0,,Default Target,[],324829882.0,"[""Death's Design""]"
302516,302516,Enshroud,,,,,,,[]
301852,302522,Dosis III,380.0,49391.0,,Default Target,[],147266966.0,[]
301770,302570,Yukikaze,340.0,38842.0,,Default Target,[],105525015.0,"['Fugetsu', 'Fuka']"
302285,302817,Auto,90.0,0.0,,Default Target,[],0.0,['Enochian']
302437,302969,Auto,90.0,8941.0,,Default Target,['Surging Tempest'],5313749.0,['Surging Tempest']
302658,303190,Auto,90.0,5328.0,,Default Target,[],1887023.0,[]
302676,303299,Fell Cleave,580.0,51589.0,,Default Target,['Surging Tempest'],176915445.0,['Surging Tempest']
303007,303539,Auto,90.0,0.0,,Default Target,[],0.0,[]
302507,303797,Glare III,350.0,45381.0,,Default Target,[],121455354.0,[]
303370,303902,Auto,90.0,9146.0,,Default Target,[],5850300.0,"['Fugetsu', 'Fuka']"
303545,304077,Auto,90.0,10837.0,,Default Target,[],8273889.0,"[""Death's Design""]"
257627,304500,Higanbana (dot),50.0,5951.0,,Default Target,[],2476337.0,"['Arcane Circle', 'Fugetsu', 'Fuka']"
279475,304500,Thunder (dot),60.0,10027.0,,Default Target,[],3103341.0,['Enochian']
289630,304500,Eukrasian Dosis III (dot),85.0,11245.0,,Default Target,[],7632622.0,[]
294257,304500,Dia (dot),85.0,11244.0,,Default Target,[],7456489.0,[]
303750,304508,Shot,80.0,7251.0,,Default Target,[],3696450.0,[]
303911,304671,Gekko,420.0,47982.0,,Default Target,['Meikyo Shisui'],161026141.0,"['Fugetsu', 'Fuka', 'Meikyo Shisui']"
304689,304689,Reassemble,,,,,,,[]
303500,304793,Atonement,460.0,36701.0,,Default Target,[],89538338.0,[]
303625,304915,Fire III,290.0,60051.0,,Default Target,['3 Astral Fire'],111314107.0,['Enochian']
304386,304926,Void Reaping,540.0,61101.0,,Default Target,[],263068010.0,"[""Death's Design""]"
304293,304963,Dosis III,380.0,49391.0,,Default Target,[],147266966.0,[]
304069,305099,Chain Saw,660.0,81629.0,,Default Target,[],468551960.0,[]
304531,305151,Hissatsu: Shinten,250.0,28561.0,,Default Target,[],57056461.0,"['Fugetsu', 'Fuka']"
305309,305309,Automaton Queen,,,,,,,[]
304793,305325,Auto,90.0,21.0,,Default Target,[],25.0,[]
304898,305430,Auto,90.0,5328.0,,Default Target,[],1887023.0,[]
305176,305708,Heavy Swing,240.0,21341.0,,Default Target,['Surging Tempest'],30278556.0,['Surging Tempest']
305006,305766,Sacrificium,600.0,67895.0,,Default Target,[],324829882.0,"[""Death's Design""]"
305801,305801,Inner Release,,,,,,,[]
305565,306097,Auto,90.0,0.0,,Default Target,[],0.0,['Enochian']
305660,306192,Auto,90.0,9146.0,,Default Target,[],5850300.0,"['Fugetsu', 'Fuka']"
304937,306227,Glare III,350.0,45381.0,,Default Target,[],121455354.0,[]
305797,306329,Auto,90.0,8941.0,,Default Target,['Surging Tempest'],5313749.0,['Surging Tempest']
306426,306426,Infuriate,,,,,,,[]
305887,306507,Cross Reaping,600.0,67895.0,,Default Target,['Enhanced Cross Reaping'],324829882.0,"[""Death's Design"", 'Enhanced Cross Reaping']"
306625,306625,Fight or Flight,,,,,,,[]
306051,306671,Kasha,420.0,47982.0,,Default Target,[],161026141.0,"['Fugetsu', 'Fuka']"
306390,307148,Shot,80.0,7251.0,,Default Target,[],3696450.0,[]
306000,307160,Supplication,500.0,39894.0,,Default Target,[],105795169.0,[]
306507,307217,Lemure's Slice,280.0,31680.0,,Default Target,[],70719815.0,"[""Death's Design""]"
306745,307277,Auto,90.0,10837.0,,Default Target,[],8273889.0,"[""Death's Design""]"
306733,307403,Dosis III,380.0,49391.0,,Default Target,[],147266966.0,[]
257627,307500,Higanbana (dot),50.0,5951.0,,Default Target,[],2476337.0,"['Arcane Circle', 'Fugetsu', 'Fuka']"
279475,307500,Thunder (dot),60.0,10027.0,,Default Target,[],3103341.0,['Enochian']
289630,307500,Eukrasian Dosis III (dot),85.0,11245.0,,Default Target,[],7632622.0,[]
294257,307500,Dia (dot),85.0,11244.0,,Default Target,[],7456489.0,[]
306570,307640,Excavator,660.0,140638.0,,Default Target,['Reassemble'],16475976.0,['Reassemble']
307138,307670,Auto,90.0,5328.0,,Default Target,[],1887023.0,[]
307387,307927,Void Reaping,600.0,67895.0,,Default Target,['Enhanced Void Reaping'],324829882.0,"[""Death's Design"", 'Enhanced Void Reaping']"
307593,308125,Auto,90.0,21.0,,Default Target,[],25.0,[]
306995,308155,Fire IV,300.0,79898.0,,Default Target,['3 Astral Fire'],197058271.0,['Enochian']
307867,308399,Auto,90.0,0.0,,Default Target,[],0.0,[]
307950,308482,Auto,90.0,9146.0,,Default Target,[],5850300.0,"['Fugetsu', 'Fuka']"
307250,308540,Imperator,580.0,57844.0,,Default Target,[],222421460.0,['Fight or Flight']
307676,308613,Inner Chaos,660.0,101249.0,,Default Target,['Surging Tempest'],8541281.0,['Surging Tempest']
307367,308657,Glare III,350.0,45381.0,,Default Target,[],121455354.0,[]
308191,308811,Kaeshi: Setsugekka,640.0,101332.0,,Default Target,[],119853464.0,"['Fugetsu', 'Fuka']"
308301,308924,Upheaval,420.0,37355.0,,Default Target,['Surging Tempest'],92756681.0,['Surging Tempest']
308500,309034,Goring Blade,700.0,69814.0,,Default Target,[],324015381.0,['Fight or Flight']
308811,309431,Hissatsu: Shinten,250.0,28561.0,,Default Target,[],57056461.0,"['Fugetsu', 'Fuka']"
308888,309508,Cross Reaping,600.0,67895.0,,Default Target,['Enhanced Cross Reaping'],324829882.0,"[""Death's Design"", 'Enhanced Cross Reaping']"
308926,309593,Onslaught,150.0,13339.0,,Default Target,['Surging Tempest'],11827982.0,['Surging Tempest']
309157,309689,Auto,90.0,8941.0,,Default Target,['Surging Tempest'],5313749.0,['Surging Tempest']
309030,309788,Shot,80.0,7251.0,,Default Target,[],3696450.0,[]
309173,309843,Dosis III,380.0,49391.0,,Default Target,[],147266966.0,[]
309378,309910,Auto,90.0,6660.0,,Default Target,[],2948197.0,['Fight or Flight']
309125,310148,Circle of Scorn,140.0,13955.0,,Default Target,[],12943806.0,['Fight or Flight']
309508,310218,Lemure's Slice,280.0,31680.0,,Default Target,[],70719815.0,"[""Death's Design""]"
309070,310220,Drill,660.0,81629.0,,Default Target,[],468551960.0,[]
309575,310335,High Thunder,150.0,22191.0,,Default Target,[],15203066.0,['Enochian']
309690,310400,Checkmate,180.0,22256.0,,Default Target,[],34830145.0,[]
309945,310477,Auto,90.0,10837.0,,Default Target,[],8273889.0,"[""Death's Design""]"
257627,310500,Higanbana (dot),50.0,5951.0,,Default Target,[],2476337.0,"['Arcane Circle', 'Fugetsu', 'Fuka']"
289630,310500,Eukrasian Dosis III (dot),85.0,11245.0,,Default Target,[],7632622.0,[]
294257,310500,Dia (dot),85.0,11244.0,,Default Target,[],7456489.0,[]
309125,310500,Circle of Scorn (dot),30.0,2990.0,,Default Target,[],593707.0,['Fight or Flight']
309575,310500,Thunder (dot),60.0,10027.0,,Default Target,[],3103341.0,['Enochian']
310075,310607,Auto,90.0,0.0,,Default Target,[],0.0,['Enochian']
310240,310772,Auto,90.0,9146.0,,Default Target,[],5850300.0,"['Fugetsu', 'Fuka']"
310809,310809,Roller Dash (pet),336.0,37965.0,,Default Target,[],101352509.0,[]
310393,310925,Auto,90.0,21.0,,Default Target,[],25.0,[]
310310,311020,Double Check,180.0,22256.0,,Default Target,[],34830145.0,[]
309797,311087,Glare III,350.0,45381.0,,Default Target,[],121455354.0,[]
310176,311336,Primal Rend,700.0,107391.0,,Default Target,['Surging Tempest'],9610510.0,['Surging Tempest']
311188,311808,Communio,1100.0,124476.0,,Default Target,[],1091814911.0,"[""Death's Design""]"
310941,311971,Tendo Setsugekka,1100.0,174167.0,,Default Target,[],354073868.0,"['Fugetsu', 'Fuka']"
311625,311982,Expiacion,450.0,44880.0,,Default Target,[],133895595.0,['Fight or Flight']
311618,312150,Auto,90.0,6660.0,,Default Target,[],2948197.0,['Fight or Flight']
311614,312284,Dosis III,380.0,49391.0,,Default Target,[],147266966.0,[]
311000,312290,Sepulchre,540.0,53853.0,,Default Target,[],192790977.0,['Fight or Flight']
311731,312311,Shoha,640.0,73121.0,,Default Target,[],373956846.0,"['Fugetsu', 'Fuka']"
311571,312371,Heated Slug Shot,320.0,39574.0,,Default Target,[],110128346.0,[]
311670,312428,Shot,80.0,7251.0,,Default Target,[],3696450.0,[]
311295,312455,Fire IV,300.0,79898.0,,Default Target,['3 Astral Fire'],197058271.0,['Enochian']
312517,313049,Auto,90.0,8941.0,,Default Target,['Surging Tempest'],5313749.0,['Surging Tempest']
312530,313062,Auto,90.0,9146.0,,Default Target,[],5850300.0,"['Fugetsu', 'Fuka']"
312727,313259,Auto,90.0,0.0,,Default Target,[],0.0,[]
312676,313299,Fell Cleave,580.0,88980.0,,Default Target,['Surging Tempest'],6597867.0,"['Inner Release', 'Surging Tempest']"
312221,313321,Psyche,600.0,78028.0,,Default Target,[],367528138.0,[]
257627,313500,Higanbana (dot),50.0,5951.0,,Default Target,[],2476337.0,"['Arcane Circle', 'Fugetsu', 'Fuka']"
289630,313500,Eukrasian Dosis III (dot),85.0,11245.0,,Default Target,[],7632622.0,[]
294257,313500,Dia (dot),85.0,11244.0,,Default Target,[],7456489.0,[]
309125,313500,Circle of Scorn (dot),30.0,2990.0,,Default Target,[],593707.0,['Fight or Flight']
309575,313500,Thunder (dot),60.0,10027.0,,Default Target,[],3103341.0,['Enochian']
312471,313501,Tendo Kaeshi Setsugekka,1100.0,174167.0,,Default Target,[],354073868.0,"['Fugetsu', 'Fuka']"
312227,313517,Glare III,350.0,45381.0,,Default Target,[],121455354.0,[]
313145,313677,Auto,90.0,10837.0,,Default Target,[],8273889.0,"[""Death's Design""]"
313193,313725,Auto,90.0,21.0,,Default Target,[],25.0,[]
313094,313764,Phlegma III,600.0,78028.0,,Default Target,[],367528138.0,[]
313167,313837,Hissatsu: Senei,800.0,91403.0,,Default Target,[],584330583.0,"['Fugetsu', 'Fuka']"
312889,313919,Soul Slice,520.0,58841.0,,Default Target,[],243981522.0,"[""Death's Design""]"
314009,314009,Arm Punch (pet),168.0,18981.0,,Default Target,[],25334296.0,[]
313500,314123,Confiteor,1000.0,99736.0,,Default Target,['Requiescat'],661260162.0,"['Fight or Flight', 'Requiescat']"
313858,314390,Auto,90.0,6660.0,,Default Target,[],2948197.0,['Fight or Flight']
313787,314407,Hissatsu: Shinten,250.0,28561.0,,Default Target,[],57056461.0,"['Fugetsu', 'Fuka']"
313945,314477,Auto,90.0,0.0,,Default Target,[],0.0,['Enochian']
313445,314605,Fire IV,300.0,79898.0,,Default Target,['3 Astral Fire'],197058271.0,['Enochian']
314125,314703,Intervene,150.0,14957.0,,Default Target,[],14871751.0,['Fight or Flight']
314071,314871,Heated Clean Shot,420.0,51946.0,,Default Target,[],189745438.0,[]
314310,315068,Shot,80.0,7251.0,,Default Target,[],3696450.0,[]
314820,315352,Auto,90.0,9146.0,,Default Target,[],5850300.0,"['Fugetsu', 'Fuka']"
314611,315371,Gekko,420.0,47982.0,,Default Target,[],161026141.0,"['Fugetsu', 'Fuka']"
315609,315609,Arm Punch (pet),168.0,18981.0,,Default Target,[],25334296.0,[]
315176,315799,Fell Cleave,580.0,88980.0,,Default Target,['Surging Tempest'],6597867.0,"['Inner Release', 'Surging Tempest']"
314657,315947,Glare III,350.0,45381.0,,Default Target,[],121455354.0,[]
315877,316409,Auto,90.0,8941.0,,Default Target,['Surging Tempest'],5313749.0,['Surging Tempest']
257627,316500,Higanbana (dot),50.0,5951.0,,Default Target,[],2476337.0,"['Arcane Circle', 'Fugetsu', 'Fuka']"
289630,316500,Eukrasian Dosis III (dot),85.0,11245.0,,Default Target,[],7632622.0,[]
294257,316500,Dia (dot),85.0,11244.0,,Default Target,[],7456489.0,[]
309125,316500,Circle of Scorn (dot),30.0,2990.0,,Default Target,[],593707.0,['Fight or Flight']
309575,316500,Thunder (dot),60.0,10027.0,,Default Target,[],3103341.0,['Enochian']
315379,316539,Shadow of Death,300.0,33945.0,,Default Target,[],81192021.0,"[""Death's Design""]"
316098,316630,Auto,90.0,6660.0,,Default Target,[],2948197.0,['Fight or Flight']
316000,316666,Blade of Faith,760.0,75801.0,,Default Target,['Requiescat'],381953526.0,"['Fight or Flight', 'Requiescat']"
315595,316755,Fire IV,300.0,79898.0,,Default Target,['3 Astral Fire'],197058271.0,['Enochian']
316345,316877,Auto,90.0,10837.0,,Default Target,[],8273889.0,"[""Death's Design""]"
316495,317165,Dosis III,380.0,49391.0,,Default Target,[],147266966.0,[]
316625,317203,Intervene,150.0,14957.0,,Default Target,[],14871751.0,['Fight or Flight']
317209,317209,Arm Punch (pet),168.0,18981.0,,Default Target,[],25334296.0,[]
316572,317372,Heated Split Shot,220.0,27207.0,,Default Target,[],52053770.0,[]
316995,317527,Auto,90.0,21.0,,Default Target,[],25.0,[]
316950,317708,Shot,80.0,7251.0,,Default Target,[],3696450.0,[]
317587,318119,Auto,90.0,0.0,,Default Target,[],0.0,[]
317551,318171,Higanbana,200.0,22847.0,,Default Target,[],36510407.0,"['Fugetsu', 'Fuka']"
317676,318299,Fell Cleave,580.0,88980.0,,Default Target,['Surging Tempest'],6597867.0,"['Inner Release', 'Surging Tempest']"
317870,318360,Slice,420.0,47524.0,,Default Target,[],159145747.0,"[""Death's Design""]"
317087,318377,Glare III,350.0,45381.0,,Default Target,[],121455354.0,[]
318051,318583,Auto,90.0,9146.0,,Default Target,[],5850300.0,"['Fugetsu', 'Fuka']"
318245,318777,Auto,90.0,0.0,,Default Target,[],0.0,['Enochian']
318809,318809,Pile Bunker (pet),476.0,53787.0,,Default Target,[],203427514.0,[]
318338,318870,Auto,90.0,6660.0,,Default Target,[],2948197.0,['Fight or Flight']
317745,318905,Fire IV,300.0,79898.0,,Default Target,['3 Astral Fire'],197058271.0,['Enochian']
318500,319391,Blade of Truth,880.0,87767.0,,Default Target,['Requiescat'],512059341.0,"['Fight or Flight', 'Requiescat']"
318301,319451,Primal Wrath,700.0,62264.0,,Default Target,['Surging Tempest'],257708492.0,['Surging Tempest']
289630,319500,Eukrasian Dosis III (dot),85.0,11245.0,,Default Target,[],7632622.0,[]
294257,319500,Dia (dot),85.0,11244.0,,Default Target,[],7456489.0,[]
309125,319500,Circle of Scorn (dot),30.0,2990.0,,Default Target,[],593707.0,['Fight or Flight']
309575,319500,Thunder (dot),60.0,10027.0,,Default Target,[],3103341.0,['Enochian']
317551,319500,Higanbana (dot),50.0,5778.0,,Default Target,[],2333763.0,"['Fugetsu', 'Fuka']"
318892,319742,Gyofu,240.0,27418.0,,Default Target,[],52581804.0,"['Fugetsu', 'Fuka']"
319237,319769,Auto,90.0,8941.0,,Default Target,['Surging Tempest'],5313749.0,['Surging Tempest']
319545,320077,Auto,90.0,10837.0,,Default Target,[],8273889.0,"[""Death's Design""]"
319072,320222,Air Anchor,660.0,81629.0,,Default Target,[],468551960.0,[]
319795,320327,Auto,90.0,21.0,,Default Target,[],25.0,[]
319590,320348,Shot,80.0,7251.0,,Default Target,[],3696450.0,[]
319517,320807,Glare III,350.0,45381.0,,Default Target,[],121455354.0,[]
320809,320809,Crowned Collider (pet),546.0,61700.0,,Default Target,[],267683178.0,[]
320341,320873,Auto,90.0,9146.0,,Default Target,[],5850300.0,"['Fugetsu', 'Fuka']"
320360,320940,Waxing Slice,500.0,56579.0,,Default Target,[],225581193.0,"[""Death's Design""]"
319895,321055,Fire IV,300.0,79898.0,,Default Target,['3 Astral Fire'],197058271.0,['Enochian']
320578,321110,Auto,90.0,6660.0,,Default Target,[],2948197.0,['Fight or Flight']
320176,321236,Primal Ruination,780.0,119662.0,,Default Target,['Surging Tempest'],11930102.0,['Surging Tempest']
321032,321832,Yukikaze,340.0,38842.0,,Default Target,[],105525015.0,"['Fugetsu', 'Fuka']"
321000,321891,Blade of Valor,1000.0,99736.0,,Default Target,['Requiescat'],661260162.0,"['Fight or Flight', 'Requiescat']"
321437,322107,Dosis III,380.0,49391.0,,Default Target,[],147266966.0,[]
321573,322373,Heated Slug Shot,320.0,39574.0,,Default Target,[],110128346.0,[]
294257,322500,Dia (dot),85.0,11244.0,,Default Target,[],7456489.0,[]
309125,322500,Circle of Scorn (dot),30.0,2990.0,,Default Target,[],593707.0,['Fight or Flight']
309575,322500,Thunder (dot),60.0,10027.0,,Default Target,[],3103341.0,['Enochian']
317551,322500,Higanbana (dot),50.0,5778.0,,Default Target,[],2333763.0,"['Fugetsu', 'Fuka']"
318976,322500,Eukrasian Dosis III (dot),85.0,11245.0,,Default Target,[],7632622.0,[]
322045,322665,Flare Star,500.0,133166.0,,Default Target,['3 Astral Fire'],547404282.0,['Enochian']
321625,322785,Blade of Honor,1000.0,99736.0,,Default Target,[],661260162.0,['Fight or Flight']
322447,322979,Auto,90.0,0.0,,Default Target,[],0.0,[]
322230,322988,Shot,80.0,7251.0,,Default Target,[],3696450.0,[]
322545,323077,Auto,90.0,0.0,,Default Target,[],0.0,['Enochian']
322595,323127,Auto,90.0,21.0,,Default Target,[],25.0,[]
322597,323129,Auto,90.0,8941.0,,Default Target,['Surging Tempest'],5313749.0,['Surging Tempest']
322631,323163,Auto,90.0,9146.0,,Default Target,[],5850300.0,"['Fugetsu', 'Fuka']"
321947,323237,Glare III,350.0,45381.0,,Default Target,[],121455354.0,[]
322745,323277,Auto,90.0,10837.0,,Default Target,[],8273889.0,"[""Death's Design""]"
322676,323299,Maim,340.0,30239.0,,Default Target,['Surging Tempest'],60784922.0,['Surging Tempest']
322818,323350,Auto,90.0,6660.0,,Default Target,[],2948197.0,['Fight or Flight']
322851,323391,Infernal Slice,600.0,67895.0,,Default Target,[],324829882.0,"[""Death's Design""]"
322975,323645,Paradox,540.0,79886.0,,Default Target,['3 Astral Fire'],197010726.0,['Enochian']
323675,323675,Triplecast,,,,,,,[]
323172,324022,Gyofu,240.0,27418.0,,Default Target,[],52581804.0,"['Fugetsu', 'Fuka']"
323500,324258,Holy Spirit,500.0,49867.0,,Default Target,['Divine Might'],165307933.0,"['Divine Might', 'Fight or Flight']"
323877,324547,Dosis III,380.0,49391.0,,Default Target,[],147266966.0,[]
323417,324707,Dia,85.0,10969.0,,Default Target,[],7095404.0,[]
324073,324873,Heated Clean Shot,420.0,51946.0,,Default Target,[],189745438.0,[]
324921,325453,Auto,90.0,9146.0,,Default Target,[],5850300.0,"['Fugetsu', 'Fuka']"
309575,325500,Thunder (dot),60.0,10027.0,,Default Target,[],3103341.0,['Enochian']
317551,325500,Higanbana (dot),50.0,5778.0,,Default Target,[],2333763.0,"['Fugetsu', 'Fuka']"
318976,325500,Eukrasian Dosis III (dot),85.0,11245.0,,Default Target,[],7632622.0,[]
323417,325500,Dia (dot),85.0,11244.0,,Default Target,[],7456489.0,[]
325058,325590,Auto,90.0,6660.0,,Default Target,[],2948197.0,['Fight or Flight']
325125,325615,Despair,350.0,93213.0,,Default Target,['3 Astral Fire'],268247312.0,['Enochian']
324870,325628,Shot,80.0,7251.0,,Default Target,[],3696450.0,[]
325825,325825,Transpose,,,,,,,[]
325341,325831,Slice,420.0,47524.0,,Default Target,[],159145747.0,"[""Death's Design""]"
325312,325932,Jinpu,300.0,34274.0,,Default Target,[],82159455.0,"['Fugetsu', 'Fuka']"
325825,326357,Auto,90.0,0.0,,Default Target,[],0.0,['Enochian']
325945,326477,Auto,90.0,10837.0,,Default Target,[],8273889.0,"[""Death's Design""]"
325957,326489,Auto,90.0,8941.0,,Default Target,['Surging Tempest'],5313749.0,['Surging Tempest']
325961,326501,Unveiled Gallows,440.0,49788.0,,Default Target,[],174669570.0,"[""Death's Design""]"
326000,326578,Royal Authority,460.0,45875.0,,Default Target,[],139905235.0,['Fight or Flight']
325177,326692,Storm's Path,500.0,44474.0,,Default Target,['Surging Tempest'],131481340.0,['Surging Tempest']
326318,326988,Dosis III,380.0,49391.0,,Default Target,[],147266966.0,[]
326818,327350,Auto,90.0,21.0,,Default Target,[],25.0,[]
326574,327374,Heated Split Shot,220.0,27207.0,,Default Target,[],52053770.0,[]
327211,327743,Auto,90.0,9146.0,,Default Target,[],5850300.0,"['Fugetsu', 'Fuka']"
327298,327830,Auto,90.0,5328.0,,Default Target,[],1887023.0,[]
327307,327839,Auto,90.0,0.0,,Default Target,[],0.0,[]
326807,328097,Glare III,350.0,45381.0,,Default Target,[],121455354.0,[]
327275,328115,Blizzard III,290.0,42893.0,,Default Target,['1 Umbral Ice'],56791993.0,"['Enochian', 'Triplecast']"
327677,328209,Heavy Swing,240.0,21341.0,,Default Target,['Surging Tempest'],30278556.0,['Surging Tempest']
327452,328212,Gekko,420.0,47982.0,,Default Target,[],161026141.0,"['Fugetsu', 'Fuka']"
327510,328268,Shot,80.0,7251.0,,Default Target,[],3696450.0,[]
327832,328322,Gallows,620.0,70159.0,,Default Target,['Enhanced Gallows'],346845630.0,"[""Death's Design"", 'Enhanced Gallows']"
309575,328500,Thunder (dot),60.0,10027.0,,Default Target,[],3103341.0,['Enochian']
317551,328500,Higanbana (dot),50.0,5778.0,,Default Target,[],2333763.0,"['Fugetsu', 'Fuka']"
318976,328500,Eukrasian Dosis III (dot),85.0,11245.0,,Default Target,[],7632622.0,[]
323417,328500,Dia (dot),85.0,11244.0,,Default Target,[],7456489.0,[]
328758,329428,Dosis III,380.0,49391.0,,Default Target,[],147266966.0,[]
328452,329522,Gluttony,520.0,58841.0,,Default Target,[],243981522.0,"[""Death's Design""]"
329105,329637,Auto,90.0,0.0,,Default Target,[],0.0,['Enochian']
329145,329677,Auto,90.0,10837.0,,Default Target,[],8273889.0,"[""Death's Design""]"
329694,329694,Hypercharge,,,,,,,[]
328500,329793,Atonement,460.0,36701.0,,Default Target,[],89538338.0,[]
329317,329849,Auto,90.0,8941.0,,Default Target,['Surging Tempest'],5313749.0,['Surging Tempest']
329074,329874,Heated Slug Shot,320.0,39574.0,,Default Target,[],110128346.0,[]
329501,330033,Auto,90.0,9146.0,,Default Target,[],5850300.0,"['Fugetsu', 'Fuka']"
329538,330070,Auto,90.0,5328.0,,Default Target,[],1887023.0,[]
329618,330150,Auto,90.0,21.0,,Default Target,[],25.0,[]
329592,330442,Gyofu,240.0,27418.0,,Default Target,[],52581804.0,"['Fugetsu', 'Fuka']"
329237,330527,Glare III,350.0,45381.0,,Default Target,[],121455354.0,[]
329425,330585,Blizzard IV,300.0,44387.0,,Default Target,['3 Umbral Ice'],60819838.0,"['Enochian', 'Triplecast']"
330707,330707,Afflatus Rapture,,,,,,,[]
330177,330800,Maim,340.0,30239.0,,Default Target,['Surging Tempest'],60784922.0,['Surging Tempest']
330150,330908,Shot,80.0,7251.0,,Default Target,[],3696450.0,[]
330322,330942,Executioner's Gibbet,820.0,92789.0,,Default Target,['Enhanced Gibbet'],606695908.0,"[""Death's Design"", 'Enhanced Gibbet']"
330747,331279,Auto,90.0,0.0,,Default Target,[],0.0,[]
309575,331500,Thunder (dot),60.0,10027.0,,Default Target,[],3103341.0,['Enochian']
317551,331500,Higanbana (dot),50.0,5778.0,,Default Target,[],2333763.0,"['Fugetsu', 'Fuka']"
318976,331500,Eukrasian Dosis III (dot),85.0,11245.0,,Default Target,[],7632622.0,[]
323417,331500,Dia (dot),85.0,11244.0,,Default Target,[],7456489.0,[]
331198,331868,Dosis III,380.0,49391.0,,Default Target,[],147266966.0,[]
331000,332160,Supplication,500.0,39894.0,,Default Target,[],105795169.0,[]
331575,332245,Paradox,540.0,79886.0,,Default Target,['3 Umbral Ice'],197010726.0,"['Enochian', 'Triplecast']"
332275,332275,Transpose,,,,,,,[]
331778,332310,Auto,90.0,5328.0,,Default Target,[],1887023.0,[]
331791,332323,Auto,90.0,9146.0,,Default Target,[],5850300.0,"['Fugetsu', 'Fuka']"
331575,332425,Blazing Shot,260.0,32154.0,,Default Target,['Overheated'],72701607.0,['Overheated']
331732,332532,Shifu,300.0,34274.0,,Default Target,[],82159455.0,"['Fugetsu', 'Fuka']"
332345,332877,Auto,90.0,10837.0,,Default Target,[],8273889.0,"[""Death's Design""]"
332385,332917,Auto,90.0,0.0,,Default Target,[],0.0,['Enochian']
332418,332950,Auto,90.0,21.0,,Default Target,[],25.0,[]
332677,333209,Auto,90.0,8941.0,,Default Target,['Surging Tempest'],5313749.0,['Surging Tempest']
332790,333548,Shot,80.0,7251.0,,Default Target,[],3696450.0,[]
333075,333925,Blazing Shot,260.0,32154.0,,Default Target,['Overheated'],72701607.0,['Overheated']
332677,334192,Storm's Path,500.0,44474.0,,Default Target,['Surging Tempest'],131481340.0,['Surging Tempest']
333639,334309,Dosis III,380.0,49391.0,,Default Target,[],147266966.0,[]
333695,334405,Double Check,180.0,22256.0,,Default Target,[],34830145.0,[]
333873,334493,Kasha,420.0,47982.0,,Default Target,[],161026141.0,"['Fugetsu', 'Fuka']"
309575,334500,Thunder (dot),60.0,10027.0,,Default Target,[],3103341.0,['Enochian']
317551,334500,Higanbana (dot),50.0,5778.0,,Default Target,[],2333763.0,"['Fugetsu', 'Fuka']"
318976,334500,Eukrasian Dosis III (dot),85.0,11245.0,,Default Target,[],7632622.0,[]
323417,334500,Dia (dot),85.0,11244.0,,Default Target,[],7456489.0,[]
334018,334550,Auto,90.0,5328.0,,Default Target,[],1887023.0,[]
334081,334613,Auto,90.0,9146.0,,Default Target,[],5850300.0,"['Fugetsu', 'Fuka']"
333500,334790,Sepulchre,540.0,43082.0,,Default Target,[],123387031.0,[]
332813,334953,Executioner's Gallows,820.0,92789.0,,Default Target,['Enhanced Gallows'],606695908.0,"[""Death's Design"", 'Enhanced Gallows']"
333725,335015,Fire III,290.0,60051.0,,Default Target,['3 Astral Fire'],111314107.0,['Enochian']
334597,335129,Auto,90.0,0.0,,Default Target,[],0.0,[]
334097,335387,Glare III,350.0,45381.0,,Default Target,[],121455354.0,[]
334576,335426,Blazing Shot,260.0,32154.0,,Default Target,['Overheated'],72701607.0,['Overheated']
334877,335547,Assize,400.0,51864.0,,Default Target,[],158638414.0,[]
335177,335800,Fell Cleave,580.0,51589.0,,Default Target,['Surging Tempest'],176915445.0,['Surging Tempest']
335196,335906,Checkmate,180.0,22256.0,,Default Target,[],34830145.0,[]
335545,336077,Auto,90.0,10837.0,,Default Target,[],8273889.0,"[""Death's Design""]"
335430,336188,Shot,80.0,7251.0,,Default Target,[],3696450.0,[]
335665,336197,Auto,90.0,0.0,,Default Target,[],0.0,['Enochian']
335303,336463,Shadow of Death,300.0,33945.0,,Default Target,[],81192021.0,"[""Death's Design""]"
336037,336569,Auto,90.0,8941.0,,Default Target,['Surging Tempest'],5313749.0,['Surging Tempest']
336079,336749,Dosis III,380.0,49391.0,,Default Target,[],147266966.0,[]
336000,336758,Holy Spirit,500.0,39894.0,,Default Target,['Divine Might'],105795169.0,['Divine Might']
336258,336790,Auto,90.0,5328.0,,Default Target,[],1887023.0,[]
336076,336926,Blazing Shot,260.0,32154.0,,Default Target,['Overheated'],72701607.0,['Overheated']
336579,337111,Auto,90.0,21.0,,Default Target,[],25.0,[]
336813,337433,Midare Setsugekka,640.0,101332.0,,Default Target,[],119853464.0,"['Fugetsu', 'Fuka']"
309575,337500,Thunder (dot),60.0,10027.0,,Default Target,[],3103341.0,['Enochian']
317551,337500,Higanbana (dot),50.0,5778.0,,Default Target,[],2333763.0,"['Fugetsu', 'Fuka']"
318976,337500,Eukrasian Dosis III (dot),85.0,11245.0,,Default Target,[],7632622.0,[]
323417,337500,Dia (dot),85.0,11244.0,,Default Target,[],7456489.0,[]
336527,337817,Glare III,350.0,45381.0,,Default Target,[],121455354.0,[]
337313,337845,Auto,90.0,9146.0,,Default Target,[],5850300.0,"['Fugetsu', 'Fuka']"
337677,338209,Heavy Swing,240.0,21341.0,,Default Target,['Surging Tempest'],30278556.0,['Surging Tempest']
337095,338255,Fire IV,300.0,79898.0,,Default Target,['3 Astral Fire'],197058271.0,['Enochian']
337577,338427,Blazing Shot,260.0,32154.0,,Default Target,['Overheated'],72701607.0,['Overheated']
337793,338823,Soul Slice,520.0,58841.0,,Default Target,[],243981522.0,"[""Death's Design""]"
338070,338828,Shot,80.0,7251.0,,Default Target,[],3696450.0,[]
338197,338907,Checkmate,180.0,22256.0,,Default Target,[],34830145.0,[]
338302,338925,Upheaval,420.0,37355.0,,Default Target,['Surging Tempest'],92756681.0,['Surging Tempest']
338413,338953,Unveiled Gibbet,440.0,49788.0,,Default Target,[],174669570.0,"[""Death's Design""]"
338153,339003,Gyofu,240.0,27418.0,,Default Target,[],52581804.0,"['Fugetsu', 'Fuka']"
338498,339030,Auto,90.0,5328.0,,Default Target,[],1887023.0,[]
338500,339123,Fast Blade,220.0,17548.0,,Default Target,[],20469011.0,[]
338520,339190,Dosis III,380.0,49391.0,,Default Target,[],147266966.0,[]
338745,339277,Auto,90.0,10837.0,,Default Target,[],8273889.0,"[""Death's Design""]"
339077,339877,Heated Clean Shot,420.0,51946.0,,Default Target,[],189745438.0,[]
339379,339911,Auto,90.0,21.0,,Default Target,[],25.0,[]
339397,339929,Auto,90.0,8941.0,,Default Target,['Surging Tempest'],5313749.0,['Surging Tempest']
339457,339989,Auto,90.0,0.0,,Default Target,[],0.0,[]
339603,340135,Auto,90.0,9146.0,,Default Target,[],5850300.0,"['Fugetsu', 'Fuka']"
339125,340148,Circle of Scorn,140.0,11164.0,,Default Target,[],8284059.0,[]
338957,340247,Glare III,350.0,45381.0,,Default Target,[],121455354.0,[]
339697,340407,Double Check,180.0,22256.0,,Default Target,[],34830145.0,[]
339675,340435,High Thunder,150.0,22191.0,,Default Target,[],15203066.0,['Enochian']
317551,340500,Higanbana (dot),50.0,5778.0,,Default Target,[],2333763.0,"['Fugetsu', 'Fuka']"
318976,340500,Eukrasian Dosis III (dot),85.0,11245.0,,Default Target,[],7632622.0,[]
323417,340500,Dia (dot),85.0,11244.0,,Default Target,[],7456489.0,[]
339125,340500,Circle of Scorn (dot),30.0,2392.0,,Default Target,[],380146.0,[]
339675,340500,Thunder (dot),60.0,10027.0,,Default Target,[],3103341.0,['Enochian']
340175,340707,Auto,90.0,0.0,,Default Target,[],0.0,['Enochian']
340284,340774,Gibbet,620.0,70159.0,,Default Target,['Enhanced Gibbet'],346845630.0,"[""Death's Design"", 'Enhanced Gibbet']"
340177,340800,Maim,340.0,30239.0,,Default Target,['Surging Tempest'],60784922.0,['Surging Tempest']
340293,341093,Yukikaze,340.0,38842.0,,Default Target,[],105525015.0,"['Fugetsu', 'Fuka']"
340738,341270,Auto,90.0,5328.0,,Default Target,[],1887023.0,[]
340710,341468,Shot,80.0,7251.0,,Default Target,[],3696450.0,[]
340913,341533,Hissatsu: Shinten,250.0,28561.0,,Default Target,[],57056461.0,"['Fugetsu', 'Fuka']"
340960,341630,Dosis III,380.0,49391.0,,Default Target,[],147266966.0,[]
341000,341758,Riot Blade,330.0,26327.0,,Default Target,[],46074807.0,[]
341625,341982,Expiacion,450.0,35904.0,,Default Target,[],85693120.0,[]
341893,342425,Auto,90.0,9146.0,,Default Target,[],5850300.0,"['Fugetsu', 'Fuka']"
341945,342477,Auto,90.0,10837.0,,Default Target,[],8273889.0,"[""Death's Design""]"
341395,342555,Fire IV,300.0,79898.0,,Default Target,['3 Astral Fire'],197058271.0,['Enochian']
341388,342678,Glare III,350.0,45381.0,,Default Target,[],121455354.0,[]
342179,342711,Auto,90.0,21.0,,Default Target,[],25.0,[]
341578,342728,Drill,660.0,81629.0,,Default Target,[],468551960.0,[]
342433,343283,Gyofu,240.0,27418.0,,Default Target,[],52581804.0,"['Fugetsu', 'Fuka']"
342757,343289,Auto,90.0,8941.0,,Default Target,['Surging Tempest'],5313749.0,['Surging Tempest']
342774,343354,Waxing Slice,500.0,56579.0,,Default Target,[],225581193.0,"[""Death's Design""]"
317551,343500,Higanbana (dot),50.0,5778.0,,Default Target,[],2333763.0,"['Fugetsu', 'Fuka']"
318976,343500,Eukrasian Dosis III (dot),85.0,11245.0,,Default Target,[],7632622.0,[]
323417,343500,Dia (dot),85.0,11244.0,,Default Target,[],7456489.0,[]
339125,343500,Circle of Scorn (dot),30.0,2392.0,,Default Target,[],380146.0,[]
339675,343500,Thunder (dot),60.0,10027.0,,Default Target,[],3103341.0,['Enochian']
342978,343510,Auto,90.0,5328.0,,Default Target,[],1887023.0,[]
343401,344071,Dosis III,380.0,49391.0,,Default Target,[],147266966.0,[]
343500,344078,Royal Authority,460.0,36701.0,,Default Target,[],89538338.0,[]
343350,344108,Shot,80.0,7251.0,,Default Target,[],3696450.0,[]
342677,344326,Storm's Eye,500.0,44474.0,,Default Target,['Surging Tempest'],131481340.0,['Surging Tempest']
344045,344577,Auto,90.0,0.0,,Default Target,[],0.0,['Enochian']
343545,344705,Fire IV,300.0,79898.0,,Default Target,['3 Astral Fire'],197058271.0,['Enochian']
344183,344715,Auto,90.0,9146.0,,Default Target,[],5850300.0,"['Fugetsu', 'Fuka']"
344318,344850,Auto,90.0,0.0,,Default Target,[],0.0,[]
344078,344878,Heated Split Shot,220.0,27207.0,,Default Target,[],52053770.0,[]
343818,345108,Glare III,350.0,45381.0,,Default Target,[],121455354.0,[]
344573,345193,Jinpu,300.0,34274.0,,Default Target,[],82159455.0,"['Fugetsu', 'Fuka']"
345145,345677,Auto,90.0,10837.0,,Default Target,[],8273889.0,"[""Death's Design""]"
345177,345709,Heavy Swing,240.0,21341.0,,Default Target,['Surging Tempest'],30278556.0,['Surging Tempest']
345218,345750,Auto,90.0,5328.0,,Default Target,[],1887023.0,[]
345265,345805,Infernal Slice,600.0,67895.0,,Default Target,[],324829882.0,"[""Death's Design""]"
317551,346500,Higanbana (dot),50.0,5778.0,,Default Target,[],2333763.0,"['Fugetsu', 'Fuka']"
318976,346500,Eukrasian Dosis III (dot),85.0,11245.0,,Default Target,[],7632622.0,[]
323417,346500,Dia (dot),85.0,11244.0,,Default Target,[],7456489.0,[]
339125,346500,Circle of Scorn (dot),30.0,2392.0,,Default Target,[],380146.0,[]
339675,346500,Thunder (dot),60.0,10027.0,,Default Target,[],3103341.0,['Enochian']
345841,346511,Dosis III,380.0,49391.0,,Default Target,[],147266966.0,[]
346000,346623,Fast Blade,220.0,17548.0,,Default Target,[],20469011.0,[]
346117,346649,Auto,90.0,8941.0,,Default Target,['Surging Tempest'],5313749.0,['Surging Tempest']
345990,346748,Shot,80.0,7251.0,,Default Target,[],3696450.0,[]
346850,346850,Thin Air,,,,,,,[]
345695,346855,Fire IV,300.0,79898.0,,Default Target,['3 Astral Fire'],197058271.0,['Enochian']
346341,346873,Auto,90.0,21.0,,Default Target,[],25.0,[]
346473,347005,Auto,90.0,9146.0,,Default Target,[],5850300.0,"['Fugetsu', 'Fuka']"
346579,347379,Heated Slug Shot,320.0,39574.0,,Default Target,[],110128346.0,[]
346713,347473,Gekko,420.0,47982.0,,Default Target,[],161026141.0,"['Fugetsu', 'Fuka']"
346248,347538,Glare III,350.0,45381.0,,Default Target,[],121455354.0,[]
347333,347953,Hissatsu: Shinten,250.0,28561.0,,Default Target,[],57056461.0,"['Fugetsu', 'Fuka']"
347458,347990,Auto,90.0,5328.0,,Default Target,[],1887023.0,[]
347755,348245,Slice,420.0,47524.0,,Default Target,[],159145747.0,"[""Death's Design""]"
347677,348300,Maim,340.0,30239.0,,Default Target,['Surging Tempest'],60784922.0,['Surging Tempest']
348345,348877,Auto,90.0,0.0,,Default Target,[],0.0,['Enochian']
348345,348877,Auto,90.0,10837.0,,Default Target,[],8273889.0,"[""Death's Design""]"
347845,349005,Fire IV,300.0,79898.0,,Default Target,['3 Astral Fire'],197058271.0,['Enochian']
348500,349258,Riot Blade,330.0,26327.0,,Default Target,[],46074807.0,[]
348763,349295,Auto,90.0,9146.0,,Default Target,[],5850300.0,"['Fugetsu', 'Fuka']"
348630,349388,Shot,80.0,7251.0,,Default Target,[],3696450.0,[]
317551,349500,Higanbana (dot),50.0,5778.0,,Default Target,[],2333763.0,"['Fugetsu', 'Fuka']"
323417,349500,Dia (dot),85.0,11244.0,,Default Target,[],7456489.0,[]
339125,349500,Circle of Scorn (dot),30.0,2392.0,,Default Target,[],380146.0,[]
339675,349500,Thunder (dot),60.0,10027.0,,Default Target,[],3103341.0,['Enochian']
348323,349500,Eukrasian Dosis III (dot),85.0,11245.0,,Default Target,[],7632622.0,[]
349141,349673,Auto,90.0,21.0,,Default Target,[],25.0,[]
348854,349704,Gyofu,240.0,27418.0,,Default Target,[],52581804.0,"['Fugetsu', 'Fuka']"
349178,349710,Auto,90.0,0.0,,Default Target,[],0.0,[]
349079,349879,Heated Clean Shot,420.0,51946.0,,Default Target,[],189745438.0,[]
348678,349968,Glare III,350.0,45381.0,,Default Target,[],121455354.0,[]
349477,350009,Auto,90.0,8941.0,,Default Target,['Surging Tempest'],5313749.0,['Surging Tempest']
350148,350148,Afflatus Rapture,,,,,,,[]
349698,350230,Auto,90.0,5328.0,,Default Target,[],1887023.0,[]
350246,350826,Waxing Slice,500.0,56579.0,,Default Target,[],225581193.0,"[""Death's Design""]"
349996,351156,Fire IV,300.0,79898.0,,Default Target,['3 Astral Fire'],197058271.0,['Enochian']
351391,351391,Grade 4 Gemdraught,,,,,,,[]
350783,351453,Dosis III,380.0,49391.0,,Default Target,[],147266966.0,[]
351053,351585,Auto,90.0,9146.0,,Default Target,[],5850300.0,"['Fugetsu', 'Fuka']"
350926,351596,Paradox,540.0,79886.0,,Default Target,['3 Astral Fire'],197010726.0,['Enochian']
350177,351692,Storm's Path,500.0,44474.0,,Default Target,['Surging Tempest'],131481340.0,['Surging Tempest']
350994,351794,Shifu,300.0,34274.0,,Default Target,[],82159455.0,"['Fugetsu', 'Fuka']"
351270,352028,Shot,80.0,7251.0,,Default Target,[],3696450.0,[]
351545,352077,Auto,90.0,10837.0,,Default Target,[],8273889.0,"[""Death's Design""]"
351625,352157,Auto,90.0,0.0,,Default Target,[],0.0,['Enochian']
351000,352293,Atonement,460.0,36701.0,,Default Target,[],89538338.0,[]
351580,352380,Heated Split Shot,220.0,27207.0,,Default Target,[],52053770.0,[]
351938,352470,Auto,90.0,5328.0,,Default Target,[],1887023.0,[]
351941,352473,Auto,90.0,21.0,,Default Target,[],25.0,[]
317551,352500,Higanbana (dot),50.0,5778.0,,Default Target,[],2333763.0,"['Fugetsu', 'Fuka']"
323417,352500,Dia (dot),85.0,11244.0,,Default Target,[],7456489.0,[]
339125,352500,Circle of Scorn (dot),30.0,2392.0,,Default Target,[],380146.0,[]
339675,352500,Thunder (dot),60.0,10027.0,,Default Target,[],3103341.0,['Enochian']
348323,352500,Eukrasian Dosis III (dot),85.0,11245.0,,Default Target,[],7632622.0,[]
352578,352578,Afflatus Rapture,,,,,,,[]
352618,353150,Auto,90.0,0.0,,Default Target,[],0.0,[]
352677,353209,Heavy Swing,240.0,21341.0,,Default Target,['Surging Tempest'],30278556.0,['Surging Tempest']
352736,353276,Infernal Slice,600.0,67895.0,,Default Target,[],324829882.0,"[""Death's Design""]"
352837,353369,Auto,90.0,8941.0,,Default Target,['Surging Tempest'],5313749.0,['Surging Tempest']
353076,353566,Despair,350.0,93213.0,,Default Target,['3 Astral Fire'],268247312.0,['Enochian']
353134,353754,Kasha,420.0,47982.0,,Default Target,[],161026141.0,"['Fugetsu', 'Fuka']"
353776,353776,Manafont,,,,,,,[]
353343,353875,Auto,90.0,9146.0,,Default Target,[],5850300.0,"['Fugetsu', 'Fuka']"
353224,353894,Dosis III,380.0,53462.0,,Default Target,[],172533440.0,['Grade 4 Gemdraught']
353356,353896,Unveiled Gallows,440.0,49788.0,,Default Target,[],174669570.0,"[""Death's Design""]"
354298,354298,Grade 4 Gemdraught,,,,,,,[]
354476,354476,Grade 4 Gemdraught,,,,,,,[]
353500,354660,Supplication,500.0,39894.0,,Default Target,[],105795169.0,[]
353910,354668,Shot,80.0,7251.0,,Default Target,[],3696450.0,[]
354178,354710,Auto,90.0,5328.0,,Default Target,[],1887023.0,[]
354080,354880,Heated Slug Shot,320.0,39574.0,,Default Target,[],110128346.0,[]
354745,355277,Auto,90.0,10837.0,,Default Target,[],8273889.0,"[""Death's Design""]"
354905,355437,Auto,90.0,0.0,,Default Target,[],0.0,['Enochian']
317551,355500,Higanbana (dot),50.0,5778.0,,Default Target,[],2333763.0,"['Fugetsu', 'Fuka']"
339675,355500,Thunder (dot),60.0,10027.0,,Default Target,[],3103341.0,['Enochian']
348323,355500,Eukrasian Dosis III (dot),85.0,11245.0,,Default Target,[],7632622.0,[]
355227,355717,Gallows,620.0,70159.0,,Default Target,['Enhanced Gallows'],346845630.0,"[""Death's Design"", 'Enhanced Gallows']"
355177,355800,Maim,340.0,30239.0,,Default Target,['Surging Tempest'],60784922.0,['Surging Tempest']
355274,355894,Kaeshi: Setsugekka,640.0,101332.0,,Default Target,[],119853464.0,"['Fugetsu', 'Fuka']"
355633,356165,Auto,90.0,9146.0,,Default Target,[],5850300.0,"['Fugetsu', 'Fuka']"
355008,356298,Dia,85.0,11873.0,,Default Target,[],8312512.0,['Grade 4 Gemdraught']
355664,356334,Dosis III,380.0,53462.0,,Default Target,[],172533440.0,['Grade 4 Gemdraught']
356058,356590,Auto,90.0,0.0,,Default Target,[],0.0,['Grade 4 Gemdraught']
356164,356696,Auto,90.0,21.0,,Default Target,[],25.0,['Grade 4 Gemdraught']
356197,356729,Auto,90.0,8941.0,,Default Target,['Surging Tempest'],5313749.0,['Surging Tempest']
356418,356950,Auto,90.0,5328.0,,Default Target,[],1887023.0,[]
356446,357066,Flare Star,500.0,144132.0,,Default Target,['3 Astral Fire'],641256316.0,"['Enochian', 'Grade 4 Gemdraught']"
356000,357290,Sepulchre,540.0,43082.0,,Default Target,[],123387031.0,[]
356550,357308,Shot,80.0,7251.0,,Default Target,[],3696450.0,[]
356581,357731,Drill,660.0,81629.0,,Default Target,[],468551960.0,[]
357376,357996,Xenoglossy,890.0,142516.0,,Default Target,[],626983220.0,"['Enochian', 'Grade 4 Gemdraught']"
358201,358201,Grade 4 Gemdraught,,,,,,,[]
357717,358207,Slice,420.0,47524.0,,Default Target,[],159145747.0,"[""Death's Design""]"
357945,358477,Auto,90.0,10837.0,,Default Target,[],8273889.0,"[""Death's Design""]"
317551,358500,Higanbana (dot),50.0,5778.0,,Default Target,[],2333763.0,"['Fugetsu', 'Fuka']"
339675,358500,Thunder (dot),60.0,10027.0,,Default Target,[],3103341.0,['Enochian']
348323,358500,Eukrasian Dosis III (dot),85.0,11245.0,,Default Target,[],7632622.0,[]
355008,358500,Dia (dot),85.0,12172.0,,Default Target,[],8737171.0,['Grade 4 Gemdraught']
358185,358717,Auto,90.0,0.0,,Default Target,[],0.0,"['Enochian', 'Grade 4 Gemdraught']"
358104,358774,Dosis III,380.0,53462.0,,Default Target,[],172533440.0,['Grade 4 Gemdraught']
358214,358834,Midare Setsugekka,640.0,101332.0,,Default Target,[],119853464.0,"['Fugetsu', 'Fuka']"
358658,359190,Auto,90.0,5328.0,,Default Target,[],1887023.0,[]
357677,359192,Storm's Path,500.0,44474.0,,Default Target,['Surging Tempest'],131481340.0,['Surging Tempest']
358714,359246,Auto,90.0,9146.0,,Default Target,[],5850300.0,"['Fugetsu', 'Fuka']"
358500,359258,Holy Spirit,500.0,39894.0,,Default Target,['Divine Might'],105795169.0,['Divine Might']
358964,359496,Auto,90.0,21.0,,Default Target,[],25.0,['Grade 4 Gemdraught']
358398,359688,Glare III,350.0,49122.0,,Default Target,[],142303382.0,['Grade 4 Gemdraught']
359701,359701,Automaton Queen,,,,,,,[]
359190,359948,Shot,80.0,7847.0,,Default Target,[],4329995.0,['Grade 4 Gemdraught']
359498,360030,Auto,90.0,0.0,,Default Target,[],0.0,['Grade 4 Gemdraught']
359557,360089,Auto,90.0,8941.0,,Default Target,['Surging Tempest'],5313749.0,['Surging Tempest']
359081,360231,Air Anchor,660.0,88349.0,,Default Target,[],548862248.0,['Grade 4 Gemdraught']
359554,360404,Gyofu,240.0,27418.0,,Default Target,[],52581804.0,"['Fugetsu', 'Fuka']"
360177,360709,Heavy Swing,240.0,21341.0,,Default Target,['Surging Tempest'],30278556.0,['Surging Tempest']
360208,360788,Waxing Slice,500.0,56579.0,,Default Target,[],225581193.0,"[""Death's Design""]"
360174,360794,Hissatsu: Shinten,250.0,28561.0,,Default Target,[],57056461.0,"['Fugetsu', 'Fuka']"
360828,360828,Enshroud,,,,,,,[]
361152,361152,Taurochole,,,,,,,[]
360545,361215,Dosis III,380.0,53462.0,,Default Target,[],172533440.0,['Grade 4 Gemdraught']
360898,361430,Auto,90.0,5328.0,,Default Target,[],1887023.0,[]
317551,361500,Higanbana (dot),50.0,5778.0,,Default Target,[],2333763.0,"['Fugetsu', 'Fuka']"
339675,361500,Thunder (dot),60.0,10027.0,,Default Target,[],3103341.0,['Enochian']
348323,361500,Eukrasian Dosis III (dot),85.0,11245.0,,Default Target,[],7632622.0,[]
355008,361500,Dia (dot),85.0,12172.0,,Default Target,[],8737171.0,['Grade 4 Gemdraught']
361004,361536,Auto,90.0,9146.0,,Default Target,[],5850300.0,"['Fugetsu', 'Fuka']"
361000,361578,Royal Authority,460.0,36701.0,,Default Target,[],89538338.0,[]
361145,361677,Auto,90.0,10837.0,,Default Target,[],8273889.0,"[""Death's Design""]"
360746,361906,Fire IV,300.0,86475.0,,Default Target,['3 Astral Fire'],230834749.0,"['Enochian', 'Grade 4 Gemdraught']"
361465,361997,Auto,90.0,0.0,,Default Target,[],0.0,"['Enochian', 'Grade 4 Gemdraught']"
360828,362118,Glare III,350.0,49122.0,,Default Target,[],142303382.0,['Grade 4 Gemdraught']
362202,362202,Barrel Stabilizer,,,,,,,[]
361764,362296,Auto,90.0,21.0,,Default Target,[],25.0,['Grade 4 Gemdraught']
362314,362314,Meikyo Shisui,,,,,,,[]
361694,362494,Yukikaze,340.0,38842.0,,Default Target,[],105525015.0,"['Fugetsu', 'Fuka']"
361830,362588,Shot,80.0,7847.0,,Default Target,[],4329995.0,['Grade 4 Gemdraught']
361582,362732,Drill,660.0,88349.0,,Default Target,[],548862248.0,['Grade 4 Gemdraught']
362698,363238,Void Reaping,540.0,61101.0,,Default Target,[],263068010.0,"[""Death's Design""]"
362677,363300,Maim,340.0,30239.0,,Default Target,['Surging Tempest'],60784922.0,['Surging Tempest']
363302,363302,Grade 4 Gemdraught,,,,,,,[]
362917,363449,Auto,90.0,8941.0,,Default Target,['Surging Tempest'],5313749.0,['Surging Tempest']
362822,363532,Double Check,180.0,24091.0,,Default Target,[],40811374.0,['Grade 4 Gemdraught']
362985,363655,Dosis III,380.0,53462.0,,Default Target,[],172533440.0,['Grade 4 Gemdraught']
363138,363670,Auto,90.0,5328.0,,Default Target,[],1887023.0,[]
363294,363826,Auto,90.0,9146.0,,Default Target,[],5850300.0,"['Fugetsu', 'Fuka']"
362896,364056,Fire IV,300.0,86475.0,,Default Target,['3 Astral Fire'],230834749.0,"['Enochian', 'Grade 4 Gemdraught']"
363500,364123,Fast Blade,220.0,17548.0,,Default Target,[],20469011.0,[]
364125,364125,Grade 4 Gemdraught,,,,,,,[]
363758,364290,Auto,90.0,0.0,,Default Target,[],0.0,['Grade 4 Gemdraught']
363834,364454,Kasha,420.0,47982.0,,Default Target,['Meikyo Shisui'],161026141.0,"['Fugetsu', 'Fuka', 'Meikyo Shisui']"
363826,364496,Paradox,540.0,86463.0,,Default Target,['3 Astral Fire'],230768546.0,"['Enochian', 'Grade 4 Gemdraught']"
317551,364500,Higanbana (dot),50.0,5778.0,,Default Target,[],2333763.0,"['Fugetsu', 'Fuka']"
339675,364500,Thunder (dot),60.0,10027.0,,Default Target,[],3103341.0,['Enochian']
348323,364500,Eukrasian Dosis III (dot),85.0,11245.0,,Default Target,[],7632622.0,[]
355008,364500,Dia (dot),85.0,12172.0,,Default Target,[],8737171.0,['Grade 4 Gemdraught']
364526,364526,Ley Lines,,,,,,,[]
363258,364548,Glare III,350.0,49122.0,,Default Target,[],142303382.0,['Grade 4 Gemdraught']
364702,364702,Reassemble,,,,,,,[]
364819,364819,Grade 4 Gemdraught,,,,,,,[]
364345,364877,Auto,90.0,10837.0,,Default Target,[],8273889.0,"[""Death's Design""]"
364454,365074,Hissatsu: Shinten,250.0,28561.0,,Default Target,[],57056461.0,"['Fugetsu', 'Fuka']"
364082,365112,Chain Saw,660.0,88349.0,,Default Target,[],548862248.0,['Grade 4 Gemdraught']
365201,365201,Roller Dash (pet),480.0,58967.0,,Default Target,[],244512823.0,['Grade 4 Gemdraught']
364470,365228,Shot,80.0,7847.0,,Default Target,[],4329995.0,['Grade 4 Gemdraught']
364745,365277,Auto,90.0,0.0,,Default Target,[],0.0,"['Enochian', 'Grade 4 Gemdraught', 'Ley Lines']"
364199,365359,Shadow of Death,300.0,33945.0,,Default Target,[],81192021.0,"[""Death's Design""]"
365473,365473,Arcane Circle,,,,,,,[]
365606,365606,Arcane Circle,,,,,,,[]
365606,365606,Arcane Circle,,,,,,,[]
365606,365606,Arcane Circle,,,,,,,[]
365606,365606,Arcane Circle,,,,,,,[]
365606,365606,Arcane Circle,,,,,,,[]
365606,365606,Arcane Circle,,,,,,,[]
365606,365606,Arcane Circle,,,,,,,[]
365177,365800,Fell Cleave,580.0,55814.0,,Default Target,['Surging Tempest'],207082394.0,"['Grade 4 Gemdraught', 'Surging Tempest']"
365802,365802,Inner Release,,,,,,,[]
365378,365910,Auto,90.0,5767.0,,Default Target,[],2210488.0,['Grade 4 Gemdraught']
365322,366032,Checkmate,180.0,24091.0,,Default Target,[],40811374.0,['Grade 4 Gemdraught']
365426,366096,Dosis III,380.0,53462.0,,Default Target,[],172533440.0,['Grade 4 Gemdraught']
365584,366116,Auto,90.0,9146.0,,Default Target,[],5850300.0,"['Fugetsu', 'Fuka']"
366290,366290,Presence of Mind,,,,,,,[]
366427,366427,Infuriate,,,,,,,[]
365926,366458,Auto,90.0,21.0,,Default Target,[],25.0,['Grade 4 Gemdraught']
366595,366595,Grade 4 Gemdraught,,,,,,,[]
366625,366625,Fight or Flight,,,,,,,[]
365975,366735,Gekko,420.0,47982.0,,Default Target,[],161026141.0,"['Fugetsu', 'Fuka']"
366277,366809,Auto,90.0,9966.0,,Default Target,['Surging Tempest'],6603581.0,"['Arcane Circle', 'Grade 4 Gemdraught', 'Surging Tempest']"
365688,366978,Glare III,350.0,49122.0,,Default Target,[],142303382.0,['Grade 4 Gemdraught']
366000,367293,Atonement,460.0,39718.0,,Default Target,[],104863158.0,['Grade 4 Gemdraught']
366689,367309,Cross Reaping,600.0,75689.0,,Default Target,['Enhanced Cross Reaping'],403697858.0,"['Arcane Circle', ""Death's Design"", 'Enhanced Cross Reaping', 'Grade 4 Gemdraught']"
317551,367500,Higanbana (dot),50.0,5778.0,,Default Target,[],2333763.0,"['Fugetsu', 'Fuka']"
339675,367500,Thunder (dot),60.0,10027.0,,Default Target,[],3103341.0,['Enochian']
348323,367500,Eukrasian Dosis III (dot),85.0,11245.0,,Default Target,[],7632622.0,[]
355008,367500,Dia (dot),85.0,12172.0,,Default Target,[],8737171.0,['Grade 4 Gemdraught']
366906,367576,Phlegma III,600.0,86992.0,,Default Target,[],456829099.0,"['Arcane Circle', 'Grade 4 Gemdraught']"
366583,367653,Excavator,660.0,156783.0,,Default Target,['Reassemble'],20483306.0,"['Arcane Circle', 'Grade 4 Gemdraught', 'Reassemble']"
367110,367868,Shot,80.0,8082.0,,Default Target,[],4594128.0,"['Arcane Circle', 'Grade 4 Gemdraught']"
367203,367913,Double Check,180.0,24814.0,,Default Target,[],43297945.0,"['Arcane Circle', 'Grade 4 Gemdraught']"
367309,368019,Lemure's Slice,280.0,35318.0,,Default Target,[],87895079.0,"['Arcane Circle', ""Death's Design"", 'Grade 4 Gemdraught']"
367525,368057,Auto,90.0,0.0,,Default Target,[],0.0,"['Arcane Circle', 'Enochian', 'Grade 4 Gemdraught', 'Ley Lines']"
367545,368077,Auto,90.0,12083.0,,Default Target,[],10288943.0,"['Arcane Circle', ""Death's Design"", 'Grade 4 Gemdraught']"
366936,368096,Fire IV,300.0,89069.0,,Default Target,['3 Astral Fire'],244888960.0,"['Arcane Circle', 'Enochian', 'Grade 4 Gemdraught', 'Ley Lines']"
367618,368150,Auto,90.0,7425.0,,Default Target,[],3664414.0,"['Arcane Circle', 'Fight or Flight', 'Grade 4 Gemdraught']"
368401,368401,Arm Punch (pet),240.0,30365.0,,Default Target,[],64832701.0,"['Arcane Circle', 'Grade 4 Gemdraught']"
367874,368406,Auto,90.0,10195.0,,Default Target,[],7268950.0,"['Arcane Circle', 'Fugetsu', 'Fuka', 'Grade 4 Gemdraught']"
368443,368443,Hypercharge,,,,,,,[]
367823,368533,Checkmate,180.0,24814.0,,Default Target,[],43297945.0,"['Arcane Circle', 'Grade 4 Gemdraught']"
367250,368540,Imperator,580.0,64480.0,,Default Target,[],276382788.0,"['Arcane Circle', 'Fight or Flight', 'Grade 4 Gemdraught']"
367677,368614,Inner Chaos,660.0,112833.0,,Default Target,['Surging Tempest'],10605080.0,"['Arcane Circle', 'Grade 4 Gemdraught', 'Surging Tempest']"
368190,368730,Void Reaping,600.0,75689.0,,Default Target,['Enhanced Void Reaping'],403697858.0,"['Arcane Circle', ""Death's Design"", 'Enhanced Void Reaping', 'Grade 4 Gemdraught']"
368115,368735,Kaeshi: Setsugekka,640.0,112953.0,,Default Target,[],148914700.0,"['Arcane Circle', 'Fugetsu', 'Fuka', 'Grade 4 Gemdraught']"
368318,368850,Auto,90.0,0.0,,Default Target,[],0.0,"['Arcane Circle', 'Grade 4 Gemdraught', 'Presence of Mind']"
368302,368925,Upheaval,420.0,41629.0,,Default Target,['Surging Tempest'],115200969.0,"['Arcane Circle', 'Grade 4 Gemdraught', 'Surging Tempest']"
368500,369034,Goring Blade,700.0,77820.0,,Default Target,[],402566628.0,"['Arcane Circle', 'Fight or Flight', 'Grade 4 Gemdraught']"
367818,369108,Glare III,350.0,50595.0,,Default Target,[],150967897.0,"['Arcane Circle', 'Grade 4 Gemdraught', 'Presence of Mind']"
368726,369258,Auto,90.0,21.0,,Default Target,[],25.0,"['Arcane Circle', 'Grade 4 Gemdraught']"
368735,369315,Shoha,640.0,81507.0,,Default Target,[],464646117.0,"['Arcane Circle', 'Fugetsu', 'Fuka', 'Grade 4 Gemdraught']"
368810,369570,Sacrificium,600.0,75689.0,,Default Target,[],403697858.0,"['Arcane Circle', ""Death's Design"", 'Grade 4 Gemdraught']"
368927,369594,Onslaught,150.0,14863.0,,Default Target,['Surging Tempest'],14686368.0,"['Arcane Circle', 'Grade 4 Gemdraught', 'Surging Tempest']"
369126,369886,High Thunder,150.0,24740.0,,Default Target,[],18892425.0,"['Arcane Circle', 'Enochian', 'Grade 4 Gemdraught', 'Ley Lines']"
369098,369948,Glare IV,640.0,92506.0,,Default Target,[],504697145.0,"['Arcane Circle', 'Grade 4 Gemdraught', 'Presence of Mind']"
369355,369975,Hissatsu: Shinten,250.0,31837.0,,Default Target,[],70898097.0,"['Arcane Circle', 'Fugetsu', 'Fuka', 'Grade 4 Gemdraught']"
370001,370001,Arm Punch (pet),240.0,30365.0,,Default Target,[],64832701.0,"['Arcane Circle', 'Grade 4 Gemdraught']"
369083,370113,Full Metal Field,900.0,213800.0,,Default Target,[],38084907.0,"['Arcane Circle', 'Grade 4 Gemdraught']"
369125,370148,Circle of Scorn,140.0,15554.0,,Default Target,[],16081891.0,"['Arcane Circle', 'Fight or Flight', 'Grade 4 Gemdraught']"
369637,370169,Auto,90.0,9966.0,,Default Target,['Surging Tempest'],6603581.0,"['Arcane Circle', 'Grade 4 Gemdraught', 'Surging Tempest']"
369521,370191,Phlegma III,600.0,86992.0,,Default Target,[],456829099.0,"['Arcane Circle', 'Grade 4 Gemdraught']"
369690,370310,Cross Reaping,600.0,75689.0,,Default Target,['Enhanced Cross Reaping'],403697858.0,"['Arcane Circle', ""Death's Design"", 'Enhanced Cross Reaping', 'Grade 4 Gemdraught']"
369858,370390,Auto,90.0,7425.0,,Default Target,[],3664414.0,"['Arcane Circle', 'Fight or Flight', 'Grade 4 Gemdraught']"
369703,370413,Checkmate,180.0,24814.0,,Default Target,[],43297945.0,"['Arcane Circle', 'Grade 4 Gemdraught']"
317551,370500,Higanbana (dot),50.0,5778.0,,Default Target,[],2333763.0,"['Fugetsu', 'Fuka']"
348323,370500,Eukrasian Dosis III (dot),85.0,11245.0,,Default Target,[],7632622.0,[]
355008,370500,Dia (dot),85.0,12172.0,,Default Target,[],8737171.0,['Grade 4 Gemdraught']
369125,370500,Circle of Scorn (dot),30.0,3329.0,,Default Target,[],736585.0,"['Arcane Circle', 'Fight or Flight', 'Grade 4 Gemdraught']"
369126,370500,Thunder (dot),60.0,11179.0,,Default Target,[],3857545.0,"['Arcane Circle', 'Enochian', 'Grade 4 Gemdraught', 'Ley Lines']"
369750,370508,Shot,80.0,8082.0,,Default Target,[],4594128.0,"['Arcane Circle', 'Grade 4 Gemdraught']"
370164,370696,Auto,90.0,10195.0,,Default Target,[],7268950.0,"['Arcane Circle', 'Fugetsu', 'Fuka', 'Grade 4 Gemdraught']"
370310,371020,Lemure's Slice,280.0,35318.0,,Default Target,[],87895079.0,"['Arcane Circle', ""Death's Design"", 'Grade 4 Gemdraught']"
370745,371277,Auto,90.0,12083.0,,Default Target,[],10288943.0,"['Arcane Circle', ""Death's Design"", 'Grade 4 Gemdraught']"
370177,371337,Primal Rend,700.0,119672.0,,Default Target,['Surging Tempest'],11938080.0,"['Arcane Circle', 'Grade 4 Gemdraught', 'Surging Tempest']"
371068,371600,Auto,90.0,0.0,,Default Target,[],0.0,"['Arcane Circle', 'Grade 4 Gemdraught', 'Presence of Mind']"
371601,371601,Arm Punch (pet),240.0,30365.0,,Default Target,[],64832701.0,"['Arcane Circle', 'Grade 4 Gemdraught']"
371096,371628,Auto,90.0,0.0,,Default Target,[],0.0,"['Arcane Circle', 'Enochian', 'Grade 4 Gemdraught', 'Ley Lines']"
370596,371756,Fire IV,300.0,89069.0,,Default Target,['3 Astral Fire'],244888960.0,"['Arcane Circle', 'Enochian', 'Grade 4 Gemdraught', 'Ley Lines']"
371038,371888,Glare IV,640.0,92506.0,,Default Target,[],504697145.0,"['Arcane Circle', 'Grade 4 Gemdraught', 'Presence of Mind']"
370865,371895,Tendo Setsugekka,1100.0,194148.0,,Default Target,[],440000243.0,"['Arcane Circle', 'Fugetsu', 'Fuka', 'Grade 4 Gemdraught']"
371625,371982,Expiacion,450.0,50021.0,,Default Target,[],166336654.0,"['Arcane Circle', 'Fight or Flight', 'Grade 4 Gemdraught']"
371377,372044,Onslaught,150.0,14863.0,,Default Target,['Surging Tempest'],14686368.0,"['Arcane Circle', 'Grade 4 Gemdraught', 'Surging Tempest']"
371526,372058,Auto,90.0,21.0,,Default Target,[],25.0,"['Arcane Circle', 'Grade 4 Gemdraught']"
371000,372160,Supplication,500.0,55584.0,,Default Target,[],205393104.0,"['Arcane Circle', 'Fight or Flight', 'Grade 4 Gemdraught']"
371655,372275,Hissatsu: Shinten,250.0,31837.0,,Default Target,[],70898097.0,"['Arcane Circle', 'Fugetsu', 'Fuka', 'Grade 4 Gemdraught']"
371584,372434,Blazing Shot,260.0,35846.0,,Default Target,['Overheated'],90351048.0,"['Arcane Circle', 'Grade 4 Gemdraught', 'Overheated']"
371991,372611,Communio,1100.0,138766.0,,Default Target,[],1356871494.0,"['Arcane Circle', ""Death's Design"", 'Grade 4 Gemdraught']"
372098,372630,Auto,90.0,7425.0,,Default Target,[],3664414.0,"['Arcane Circle', 'Fight or Flight', 'Grade 4 Gemdraught']"
372204,372914,Double Check,180.0,24814.0,,Default Target,[],43297945.0,"['Arcane Circle', 'Grade 4 Gemdraught']"
372454,372986,Auto,90.0,10195.0,,Default Target,[],7268950.0,"['Arcane Circle', 'Fugetsu', 'Fuka', 'Grade 4 Gemdraught']"
372390,373148,Shot,80.0,8082.0,,Default Target,[],4594128.0,"['Arcane Circle', 'Grade 4 Gemdraught']"
373201,373201,Pile Bunker (pet),680.0,86047.0,,Default Target,[],520647045.0,"['Arcane Circle', 'Grade 4 Gemdraught']"
372677,373300,Fell Cleave,580.0,99156.0,,Default Target,['Surging Tempest'],8193921.0,"['Arcane Circle', 'Grade 4 Gemdraught', 'Inner Release', 'Surging Tempest']"
372395,373425,Tendo Kaeshi Setsugekka,1100.0,194148.0,,Default Target,[],440000243.0,"['Arcane Circle', 'Fugetsu', 'Fuka', 'Grade 4 Gemdraught']"
317551,373500,Higanbana (dot),50.0,5778.0,,Default Target,[],2333763.0,"['Fugetsu', 'Fuka']"
348323,373500,Eukrasian Dosis III (dot),85.0,11245.0,,Default Target,[],7632622.0,[]
355008,373500,Dia (dot),85.0,12172.0,,Default Target,[],8737171.0,['Grade 4 Gemdraught']
369125,373500,Circle of Scorn (dot),30.0,3329.0,,Default Target,[],736585.0,"['Arcane Circle', 'Fight or Flight', 'Grade 4 Gemdraught']"
369126,373500,Thunder (dot),60.0,11179.0,,Default Target,[],3857545.0,"['Arcane Circle', 'Enochian', 'Grade 4 Gemdraught', 'Ley Lines']"
372997,373529,Auto,90.0,9966.0,,Default Target,['Surging Tempest'],6603581.0,"['Arcane Circle', 'Grade 4 Gemdraught', 'Surging Tempest']"
372426,373586,Fire IV,300.0,89069.0,,Default Target,['3 Astral Fire'],244888960.0,"['Arcane Circle', 'Enochian', 'Grade 4 Gemdraught', 'Ley Lines']"
372921,373591,Dosis III,380.0,55065.0,,Default Target,[],183041553.0,"['Arcane Circle', 'Grade 4 Gemdraught']"
373787,373787,Ikishoten,,,,,,,[]
372978,373828,Glare IV,640.0,92506.0,,Default Target,[],504697145.0,"['Arcane Circle', 'Grade 4 Gemdraught', 'Presence of Mind']"
373167,373837,Hissatsu: Senei,800.0,101889.0,,Default Target,[],726083420.0,"['Arcane Circle', 'Fugetsu', 'Fuka', 'Grade 4 Gemdraught']"
373084,373934,Blazing Shot,260.0,35846.0,,Default Target,['Overheated'],90351048.0,"['Arcane Circle', 'Grade 4 Gemdraught', 'Overheated']"
373302,373969,Onslaught,150.0,14863.0,,Default Target,['Surging Tempest'],14686368.0,"['Arcane Circle', 'Grade 4 Gemdraught', 'Surging Tempest']"
373500,374123,Confiteor,1000.0,111175.0,,Default Target,['Requiescat'],821647910.0,"['Arcane Circle', 'Fight or Flight', 'Grade 4 Gemdraught', 'Requiescat']"
374311,374311,Enshroud,,,,,,,[]
373818,374350,Auto,90.0,0.0,,Default Target,[],0.0,"['Arcane Circle', 'Grade 4 Gemdraught', 'Presence of Mind']"
373704,374414,Checkmate,180.0,24814.0,,Default Target,[],43297945.0,"['Arcane Circle', 'Grade 4 Gemdraught']"
373945,374477,Auto,90.0,12083.0,,Default Target,[],10288943.0,"['Arcane Circle', ""Death's Design"", 'Grade 4 Gemdraught']"
373529,374629,Psyche,600.0,86992.0,,Default Target,[],456829099.0,"['Arcane Circle', 'Grade 4 Gemdraught']"
374125,374703,Intervene,150.0,16670.0,,Default Target,[],18471328.0,"['Arcane Circle', 'Fight or Flight', 'Grade 4 Gemdraught']"
373691,374851,Plentiful Harvest,1000.0,126151.0,,Default Target,[],1121390424.0,"['Arcane Circle', ""Death's Design"", 'Grade 4 Gemdraught']"
374326,374858,Auto,90.0,21.0,,Default Target,[],25.0,"['Arcane Circle', 'Grade 4 Gemdraught']"
374338,374870,Auto,90.0,7425.0,,Default Target,[],3664414.0,"['Arcane Circle', 'Fight or Flight', 'Grade 4 Gemdraught']"
375201,375201,Crowned Collider (pet),780.0,98702.0,,Default Target,[],685030165.0,"['Arcane Circle', 'Grade 4 Gemdraught']"
374744,375276,Auto,90.0,10195.0,,Default Target,[],7268950.0,"['Arcane Circle', 'Fugetsu', 'Fuka', 'Grade 4 Gemdraught']"
374756,375288,Auto,90.0,0.0,,Default Target,[],0.0,"['Arcane Circle', 'Enochian', 'Grade 4 Gemdraught', 'Ley Lines']"
374535,375295,Gekko,420.0,53488.0,,Default Target,[],200101593.0,"['Arcane Circle', 'Fugetsu', 'Fuka', 'Grade 4 Gemdraught']"
374256,375416,Fire IV,300.0,89069.0,,Default Target,['3 Astral Fire'],244888960.0,"['Arcane Circle', 'Enochian', 'Grade 4 Gemdraught', 'Ley Lines']"
374585,375435,Blazing Shot,260.0,35846.0,,Default Target,['Overheated'],90351048.0,"['Arcane Circle', 'Grade 4 Gemdraught', 'Overheated']"
374918,375498,Afflatus Misery,1400.0,202391.0,,Default Target,[],2415784090.0,"['Arcane Circle', 'Grade 4 Gemdraught', 'Presence of Mind']"
375030,375788,Shot,80.0,8082.0,,Default Target,[],4594128.0,"['Arcane Circle', 'Grade 4 Gemdraught']"
375178,375801,Fell Cleave,580.0,99156.0,,Default Target,['Surging Tempest'],8193921.0,"['Arcane Circle', 'Grade 4 Gemdraught', 'Inner Release', 'Surging Tempest']"
375205,375915,Double Check,180.0,24814.0,,Default Target,[],43297945.0,"['Arcane Circle', 'Grade 4 Gemdraught']"
375362,376032,Dosis III,380.0,55065.0,,Default Target,[],183041553.0,"['Arcane Circle', 'Grade 4 Gemdraught']"
375155,376185,Zanshin,940.0,119719.0,,Default Target,[],1002446755.0,"['Arcane Circle', 'Fugetsu', 'Fuka', 'Grade 4 Gemdraught']"
375538,376208,Assize,400.0,57824.0,,Default Target,[],197195912.0,"['Arcane Circle', 'Grade 4 Gemdraught', 'Presence of Mind']"
317551,376500,Higanbana (dot),50.0,5778.0,,Default Target,[],2333763.0,"['Fugetsu', 'Fuka']"
348323,376500,Eukrasian Dosis III (dot),85.0,11245.0,,Default Target,[],7632622.0,[]
355008,376500,Dia (dot),85.0,12172.0,,Default Target,[],8737171.0,['Grade 4 Gemdraught']
369125,376500,Circle of Scorn (dot),30.0,3329.0,,Default Target,[],736585.0,"['Arcane Circle', 'Fight or Flight', 'Grade 4 Gemdraught']"
369126,376500,Thunder (dot),60.0,11179.0,,Default Target,[],3857545.0,"['Arcane Circle', 'Enochian', 'Grade 4 Gemdraught', 'Ley Lines']"
376000,376666,Blade of Faith,760.0,84492.0,,Default Target,['Requiescat'],474561187.0,"['Arcane Circle', 'Fight or Flight', 'Grade 4 Gemdraught', 'Requiescat']"
376086,376706,Flare Star,500.0,148456.0,,Default Target,['3 Astral Fire'],680309599.0,"['Arcane Circle', 'Enochian', 'Grade 4 Gemdraught', 'Ley Lines']"
376182,376722,Void Reaping,540.0,68117.0,,Default Target,[],326952479.0,"['Arcane Circle', ""Death's Design"", 'Grade 4 Gemdraught']"
376357,376889,Auto,90.0,9966.0,,Default Target,['Surging Tempest'],6603581.0,"['Arcane Circle', 'Grade 4 Gemdraught', 'Surging Tempest']"
376085,376935,Blazing Shot,260.0,35846.0,,Default Target,['Overheated'],90351048.0,"['Arcane Circle', 'Grade 4 Gemdraught', 'Overheated']"
376568,377100,Auto,90.0,0.0,,Default Target,[],0.0,"['Arcane Circle', 'Grade 4 Gemdraught', 'Presence of Mind']"
376578,377110,Auto,90.0,7425.0,,Default Target,[],3664414.0,"['Arcane Circle', 'Fight or Flight', 'Grade 4 Gemdraught']"
376625,377203,Intervene,150.0,16670.0,,Default Target,[],18471328.0,"['Arcane Circle', 'Fight or Flight', 'Grade 4 Gemdraught']"
376705,377415,Checkmate,180.0,24814.0,,Default Target,[],43297945.0,"['Arcane Circle', 'Grade 4 Gemdraught']"
376802,377562,Sacrificium,600.0,75689.0,,Default Target,[],403697858.0,"['Arcane Circle', ""Death's Design"", 'Grade 4 Gemdraught']"
376956,377576,Xenoglossy,890.0,146792.0,,Default Target,[],665172261.0,"['Arcane Circle', 'Enochian', 'Grade 4 Gemdraught', 'Ley Lines']"
377126,377658,Auto,90.0,21.0,,Default Target,[],25.0,"['Arcane Circle', 'Grade 4 Gemdraught']"
377145,377677,Auto,90.0,12083.0,,Default Target,[],10288943.0,"['Arcane Circle', ""Death's Design"", 'Grade 4 Gemdraught']"
377536,378068,Auto,90.0,0.0,,Default Target,[],0.0,"['Arcane Circle', 'Enochian', 'Grade 4 Gemdraught', 'Ley Lines']"
377475,378095,Higanbana,200.0,25468.0,,Default Target,[],45367588.0,"['Arcane Circle', 'Fugetsu', 'Fuka', 'Grade 4 Gemdraught']"
377678,378301,Fell Cleave,580.0,99156.0,,Default Target,['Surging Tempest'],8193921.0,"['Arcane Circle', 'Grade 4 Gemdraught', 'Inner Release', 'Surging Tempest']"
377682,378302,Cross Reaping,600.0,75689.0,,Default Target,['Enhanced Cross Reaping'],403697858.0,"['Arcane Circle', ""Death's Design"", 'Enhanced Cross Reaping', 'Grade 4 Gemdraught']"
377670,378428,Shot,80.0,8082.0,,Default Target,[],4594128.0,"['Arcane Circle', 'Grade 4 Gemdraught']"
377586,378436,Blazing Shot,260.0,35846.0,,Default Target,['Overheated'],90351048.0,"['Arcane Circle', 'Grade 4 Gemdraught', 'Overheated']"
378443,378443,Hypercharge,,,,,,,[]
377975,378507,Auto,90.0,10195.0,,Default Target,[],7268950.0,"['Arcane Circle', 'Fugetsu', 'Fuka', 'Grade 4 Gemdraught']"
377518,378808,Glare III,350.0,50595.0,,Default Target,[],150967897.0,"['Arcane Circle', 'Grade 4 Gemdraught', 'Presence of Mind']"
378928,378928,Infuriate,,,,,,,[]
378302,379012,Lemure's Slice,280.0,35318.0,,Default Target,[],87895079.0,"['Arcane Circle', ""Death's Design"", 'Grade 4 Gemdraught']"
378818,379350,Auto,90.0,7425.0,,Default Target,[],3664414.0,"['Arcane Circle', 'Fight or Flight', 'Grade 4 Gemdraught']"
378500,379391,Blade of Truth,880.0,97832.0,,Default Target,['Requiescat'],636248422.0,"['Arcane Circle', 'Fight or Flight', 'Grade 4 Gemdraught', 'Requiescat']"
378786,379406,Xenoglossy,890.0,146792.0,,Default Target,[],665172261.0,"['Arcane Circle', 'Enochian', 'Grade 4 Gemdraught', 'Ley Lines']"
378303,379453,Primal Wrath,700.0,69389.0,,Default Target,['Surging Tempest'],320072263.0,"['Arcane Circle', 'Grade 4 Gemdraught', 'Surging Tempest']"
355008,379500,Dia (dot),85.0,12172.0,,Default Target,[],8737171.0,['Grade 4 Gemdraught']
369125,379500,Circle of Scorn (dot),30.0,3329.0,,Default Target,[],736585.0,"['Arcane Circle', 'Fight or Flight', 'Grade 4 Gemdraught']"
369126,379500,Thunder (dot),60.0,11179.0,,Default Target,[],3857545.0,"['Arcane Circle', 'Enochian', 'Grade 4 Gemdraught', 'Ley Lines']"
377475,379500,Higanbana (dot),50.0,6442.0,,Default Target,[],2901927.0,"['Arcane Circle', 'Fugetsu', 'Fuka', 'Grade 4 Gemdraught']"
377843,379500,Eukrasian Dosis III (dot),85.0,12537.0,,Default Target,[],9487950.0,"['Arcane Circle', 'Grade 4 Gemdraught']"
379183,379723,Void Reaping,600.0,75689.0,,Default Target,['Enhanced Void Reaping'],403697858.0,"['Arcane Circle', ""Death's Design"", 'Enhanced Void Reaping', 'Grade 4 Gemdraught']"
379086,379936,Blazing Shot,260.0,35846.0,,Default Target,['Overheated'],90351048.0,"['Arcane Circle', 'Grade 4 Gemdraught', 'Overheated']"
379615,380115,Ogi Namikiri,1000.0,176500.0,,Default Target,[],363635154.0,"['Arcane Circle', 'Fugetsu', 'Fuka', 'Grade 4 Gemdraught']"
379717,380249,Auto,90.0,9966.0,,Default Target,['Surging Tempest'],6603581.0,"['Arcane Circle', 'Grade 4 Gemdraught', 'Surging Tempest']"
379706,380416,Double Check,180.0,24814.0,,Default Target,[],43297945.0,"['Arcane Circle', 'Grade 4 Gemdraught']"
379959,380491,Auto,90.0,0.0,,Default Target,[],0.0,"['Arcane Circle', 'Grade 4 Gemdraught', 'Presence of Mind']"
379459,380749,Glare III,350.0,50595.0,,Default Target,[],150967897.0,"['Arcane Circle', 'Grade 4 Gemdraught', 'Presence of Mind']"
380265,380797,Auto,90.0,10195.0,,Default Target,[],7268950.0,"['Arcane Circle', 'Fugetsu', 'Fuka', 'Grade 4 Gemdraught']"
380316,380848,Auto,90.0,0.0,,Default Target,[],0.0,"['Arcane Circle', 'Enochian', 'Grade 4 Gemdraught', 'Ley Lines']"
380345,380877,Auto,90.0,12083.0,,Default Target,[],10288943.0,"['Arcane Circle', ""Death's Design"", 'Grade 4 Gemdraught']"
380911,380911,Swiftcast,,,,,,,[]
380304,380974,Dosis III,380.0,55065.0,,Default Target,[],183041553.0,"['Arcane Circle', 'Grade 4 Gemdraught']"
370323,380993,Wildfire (dot),1440.0,155759.0,,Default Target,['6 GCD'],20220244.0,"['Arcane Circle', 'Grade 4 Gemdraught']"
380310,381068,Shot,80.0,8082.0,,Default Target,[],4594128.0,"['Arcane Circle', 'Grade 4 Gemdraught']"
380616,381236,Xenoglossy,890.0,146792.0,,Default Target,[],665172261.0,"['Arcane Circle', 'Enochian', 'Grade 4 Gemdraught', 'Ley Lines']"
380178,381238,Primal Ruination,780.0,133357.0,,Default Target,['Surging Tempest'],14820741.0,"['Arcane Circle', 'Grade 4 Gemdraught', 'Surging Tempest']"
380683,381303,Cross Reaping,600.0,75689.0,,Default Target,['Enhanced Cross Reaping'],403697858.0,"['Arcane Circle', ""Death's Design"", 'Enhanced Cross Reaping', 'Grade 4 Gemdraught']"
381316,381316,Amplifier,,,,,,,[]
380804,381336,Auto,90.0,21.0,,Default Target,[],25.0,"['Arcane Circle', 'Grade 4 Gemdraught']"
380587,381437,Blazing Shot,260.0,35846.0,,Default Target,['Overheated'],90351048.0,"['Arcane Circle', 'Grade 4 Gemdraught', 'Overheated']"
380956,381446,Kaeshi: Namikiri,1000.0,176500.0,,Default Target,[],363635154.0,"['Arcane Circle', 'Fugetsu', 'Fuka', 'Grade 4 Gemdraught']"
381058,381590,Auto,90.0,7425.0,,Default Target,[],3664414.0,"['Arcane Circle', 'Fight or Flight', 'Grade 4 Gemdraught']"
381000,381891,Blade of Valor,1000.0,111175.0,,Default Target,['Requiescat'],821647910.0,"['Arcane Circle', 'Fight or Flight', 'Grade 4 Gemdraught', 'Requiescat']"
381207,381917,Checkmate,180.0,24814.0,,Default Target,[],43297945.0,"['Arcane Circle', 'Grade 4 Gemdraught']"
381303,382013,Lemure's Slice,280.0,35318.0,,Default Target,[],87895079.0,"['Arcane Circle', ""Death's Design"", 'Grade 4 Gemdraught']"
381784,382454,Dosis III,380.0,55065.0,,Default Target,[],183041553.0,"['Arcane Circle', 'Grade 4 Gemdraught', 'Swiftcast']"
355008,382500,Dia (dot),85.0,12172.0,,Default Target,[],8737171.0,['Grade 4 Gemdraught']
369125,382500,Circle of Scorn (dot),30.0,3329.0,,Default Target,[],736585.0,"['Arcane Circle', 'Fight or Flight', 'Grade 4 Gemdraught']"
369126,382500,Thunder (dot),60.0,11179.0,,Default Target,[],3857545.0,"['Arcane Circle', 'Enochian', 'Grade 4 Gemdraught', 'Ley Lines']"
377475,382500,Higanbana (dot),50.0,6442.0,,Default Target,[],2901927.0,"['Arcane Circle', 'Fugetsu', 'Fuka', 'Grade 4 Gemdraught']"
377843,382500,Eukrasian Dosis III (dot),85.0,12537.0,,Default Target,[],9487950.0,"['Arcane Circle', 'Grade 4 Gemdraught']"
381399,382689,Glare III,350.0,50595.0,,Default Target,[],150967897.0,"['Arcane Circle', 'Grade 4 Gemdraught', 'Presence of Mind']"
381625,382785,Blade of Honor,1000.0,111175.0,,Default Target,[],821647910.0,"['Arcane Circle', 'Fight or Flight', 'Grade 4 Gemdraught']"
382087,382937,Blazing Shot,260.0,35846.0,,Default Target,['Overheated'],90351048.0,"['Arcane Circle', 'Grade 4 Gemdraught', 'Overheated']"
382446,383066,Xenoglossy,890.0,146792.0,,Default Target,[],665172261.0,"['Arcane Circle', 'Enochian', 'Grade 4 Gemdraught', 'Ley Lines']"
382555,383087,Auto,90.0,10195.0,,Default Target,[],7268950.0,"['Arcane Circle', 'Fugetsu', 'Fuka', 'Grade 4 Gemdraught']"
383146,383146,Triplecast,,,,,,,[]
382709,383241,Auto,90.0,0.0,,Default Target,[],0.0,"['Arcane Circle', 'Grade 4 Gemdraught']"
382707,383417,Double Check,180.0,24814.0,,Default Target,[],43297945.0,"['Arcane Circle', 'Grade 4 Gemdraught']"
382984,383604,Communio,1100.0,138766.0,,Default Target,[],1356871494.0,"['Arcane Circle', ""Death's Design"", 'Grade 4 Gemdraught']"
383077,383609,Auto,90.0,9966.0,,Default Target,['Surging Tempest'],6603581.0,"['Arcane Circle', 'Grade 4 Gemdraught', 'Surging Tempest']"
382678,383615,Inner Chaos,660.0,112833.0,,Default Target,['Surging Tempest'],10605080.0,"['Arcane Circle', 'Grade 4 Gemdraught', 'Surging Tempest']"
383096,383628,Auto,90.0,0.0,,Default Target,[],0.0,"['Arcane Circle', 'Enochian', 'Grade 4 Gemdraught', 'Ley Lines']"
382950,383708,Shot,80.0,8082.0,,Default Target,[],4594128.0,"['Arcane Circle', 'Grade 4 Gemdraught']"
383298,383830,Auto,90.0,7425.0,,Default Target,[],3664414.0,"['Arcane Circle', 'Fight or Flight', 'Grade 4 Gemdraught']"
383096,383946,Gyofu,240.0,30560.0,,Default Target,[],65322045.0,"['Arcane Circle', 'Fugetsu', 'Fuka', 'Grade 4 Gemdraught']"
382679,383969,Dia,85.0,12229.0,,Default Target,[],8819671.0,"['Arcane Circle', 'Grade 4 Gemdraught']"
383545,384077,Auto,90.0,12083.0,,Default Target,[],10288943.0,"['Arcane Circle', ""Death's Design"", 'Grade 4 Gemdraught']"
383604,384136,Auto,90.0,21.0,,Default Target,[],25.0,['Arcane Circle']
383500,384258,Holy Spirit,500.0,55584.0,,Default Target,['Divine Might'],205393104.0,"['Arcane Circle', 'Divine Might', 'Fight or Flight', 'Grade 4 Gemdraught']"
383735,384315,Shoha,640.0,81507.0,,Default Target,[],464646117.0,"['Arcane Circle', 'Fugetsu', 'Fuka', 'Grade 4 Gemdraught']"
383588,384438,Blazing Shot,260.0,35846.0,,Default Target,['Overheated'],90351048.0,"['Arcane Circle', 'Grade 4 Gemdraught', 'Overheated']"
384276,384766,Despair,350.0,103915.0,,Default Target,['3 Astral Fire'],333346165.0,"['Arcane Circle', 'Enochian', 'Grade 4 Gemdraught', 'Ley Lines']"
384208,384918,Checkmate,180.0,24814.0,,Default Target,[],43297945.0,"['Arcane Circle', 'Grade 4 Gemdraught']"
384355,384975,Hissatsu: Shinten,250.0,31837.0,,Default Target,[],70898097.0,"['Arcane Circle', 'Fugetsu', 'Fuka', 'Grade 4 Gemdraught']"
384976,384976,Transpose,,,,,,,[]
384845,385377,Auto,90.0,10195.0,,Default Target,[],7268950.0,"['Arcane Circle', 'Fugetsu', 'Fuka', 'Grade 4 Gemdraught']"
369126,385500,Thunder (dot),60.0,11179.0,,Default Target,[],3857545.0,"['Arcane Circle', 'Enochian', 'Grade 4 Gemdraught', 'Ley Lines']"
377475,385500,Higanbana (dot),50.0,6442.0,,Default Target,[],2901927.0,"['Arcane Circle', 'Fugetsu', 'Fuka', 'Grade 4 Gemdraught']"
377843,385500,Eukrasian Dosis III (dot),85.0,12537.0,,Default Target,[],9487950.0,"['Arcane Circle', 'Grade 4 Gemdraught']"
382679,385500,Dia (dot),85.0,12536.0,,Default Target,[],9268595.0,"['Arcane Circle', 'Grade 4 Gemdraught']"
385708,385708,Reassemble,,,,,,,[]
385178,385801,Fell Cleave,580.0,57488.0,,Default Target,['Surging Tempest'],219696606.0,"['Arcane Circle', 'Grade 4 Gemdraught', 'Surging Tempest']"
385184,385854,Dosis III,380.0,50872.0,,Default Target,[],156234075.0,['Arcane Circle']
385856,385856,Meikyo Shisui,,,,,,,[]
385088,385938,Blazing Shot,260.0,35846.0,,Default Target,['Overheated'],90351048.0,"['Arcane Circle', 'Grade 4 Gemdraught', 'Overheated']"
384684,385974,Perfectio,1300.0,163998.0,,Default Target,[],1895210622.0,"['Arcane Circle', ""Death's Design"", 'Grade 4 Gemdraught']"
385236,386036,Yukikaze,340.0,43298.0,,Default Target,[],131122569.0,"['Arcane Circle', 'Fugetsu', 'Fuka', 'Grade 4 Gemdraught']"
385538,386070,Auto,90.0,7425.0,,Default Target,[],3664414.0,"['Arcane Circle', 'Fight or Flight', 'Grade 4 Gemdraught']"
385590,386348,Shot,80.0,8082.0,,Default Target,[],4594128.0,"['Arcane Circle', 'Grade 4 Gemdraught']"
385876,386408,Auto,90.0,0.0,,Default Target,[],0.0,"['Arcane Circle', 'Enochian']"
386107,386777,Paradox,540.0,82283.0,,Default Target,['1 Umbral Ice'],209011300.0,"['Arcane Circle', 'Enochian', 'Triplecast']"
386404,386936,Auto,90.0,21.0,,Default Target,[],25.0,[]
386437,386969,Auto,90.0,9676.0,,Default Target,['Surging Tempest'],6223026.0,"['Grade 4 Gemdraught', 'Surging Tempest']"
386569,387101,Auto,90.0,0.0,,Default Target,[],0.0,[]
386745,387277,Auto,90.0,11731.0,,Default Target,[],9697594.0,"[""Death's Design"", 'Grade 4 Gemdraught']"
386000,387290,Sepulchre,540.0,60029.0,,Default Target,[],239546394.0,"['Arcane Circle', 'Fight or Flight', 'Grade 4 Gemdraught']"
386069,387359,Glare III,350.0,46741.0,,Default Target,[],128850869.0,['Arcane Circle']
387539,387539,Afflatus Rapture,,,,,,,[]
387135,387667,Auto,90.0,9898.0,,Default Target,[],6851445.0,"['Fugetsu', 'Fuka', 'Grade 4 Gemdraught']"
387175,387715,Infernal Slice,600.0,73485.0,,Default Target,[],380523877.0,"[""Death's Design"", 'Grade 4 Gemdraught']"
386589,387739,Drill,660.0,152217.0,,Default Target,['Reassemble'],19309106.0,"['Grade 4 Gemdraught', 'Reassemble']"
387209,387919,Double Check,180.0,24091.0,,Default Target,[],40811374.0,['Grade 4 Gemdraught']
387376,388136,Gekko,420.0,51930.0,,Default Target,['Meikyo Shisui'],188617385.0,"['Fugetsu', 'Fuka', 'Grade 4 Gemdraught', 'Meikyo Shisui']"
388232,388232,Rhizomata,,,,,,,[]
387625,388295,Dosis III,380.0,49391.0,,Default Target,[],147266966.0,[]
387778,388310,Auto,90.0,5767.0,,Default Target,[],2210488.0,['Grade 4 Gemdraught']
369126,388500,Thunder (dot),60.0,11179.0,,Default Target,[],3857545.0,"['Arcane Circle', 'Enochian', 'Grade 4 Gemdraught', 'Ley Lines']"
377475,388500,Higanbana (dot),50.0,6442.0,,Default Target,[],2901927.0,"['Arcane Circle', 'Fugetsu', 'Fuka', 'Grade 4 Gemdraught']"
377843,388500,Eukrasian Dosis III (dot),85.0,12537.0,,Default Target,[],9487950.0,"['Arcane Circle', 'Grade 4 Gemdraught']"
382679,388500,Dia (dot),85.0,12536.0,,Default Target,[],9268595.0,"['Arcane Circle', 'Grade 4 Gemdraught']"
387829,388539,Checkmate,180.0,24091.0,,Default Target,[],40811374.0,['Grade 4 Gemdraught']
388230,388988,Shot,80.0,7847.0,,Default Target,[],4329995.0,['Grade 4 Gemdraught']
388257,389097,Blizzard III,290.0,42893.0,,Default Target,['1 Umbral Ice'],56791993.0,"['Enochian', 'Triplecast']"
388449,389159,Double Check,180.0,24091.0,,Default Target,[],40811374.0,['Grade 4 Gemdraught']
388500,389258,Riot Blade,330.0,28490.0,,Default Target,[],53957265.0,['Grade 4 Gemdraught']
387678,389327,Storm's Eye,500.0,48117.0,,Default Target,['Surging Tempest'],153906513.0,"['Grade 4 Gemdraught', 'Surging Tempest']"
389156,389688,Auto,90.0,0.0,,Default Target,[],0.0,['Enochian']
389089,389889,Heated Split Shot,220.0,27207.0,,Default Target,[],52053770.0,[]
389425,389957,Auto,90.0,9898.0,,Default Target,[],6851445.0,"['Fugetsu', 'Fuka', 'Grade 4 Gemdraught']"
389969,389969,Afflatus Rapture,,,,,,,[]
389516,390136,Kasha,420.0,51930.0,,Default Target,[],188617385.0,"['Fugetsu', 'Fuka', 'Grade 4 Gemdraught']"
389797,390329,Auto,90.0,9676.0,,Default Target,['Surging Tempest'],6223026.0,"['Grade 4 Gemdraught', 'Surging Tempest']"
389945,390477,Auto,90.0,11731.0,,Default Target,[],9697594.0,"[""Death's Design"", 'Grade 4 Gemdraught']"
390009,390541,Auto,90.0,0.0,,Default Target,[],0.0,[]
390018,390550,Auto,90.0,5767.0,,Default Target,[],2210488.0,['Grade 4 Gemdraught']
390673,390673,Druochole,,,,,,,[]
389665,390695,Soul Slice,520.0,63686.0,,Default Target,[],285794179.0,"[""Death's Design"", 'Grade 4 Gemdraught']"
390178,390710,Heavy Swing,240.0,23089.0,,Default Target,['Surging Tempest'],35438482.0,"['Grade 4 Gemdraught', 'Surging Tempest']"
390065,390735,Dosis III,380.0,49391.0,,Default Target,[],147266966.0,[]
390136,390756,Hissatsu: Shinten,250.0,30910.0,,Default Target,[],66828064.0,"['Fugetsu', 'Fuka', 'Grade 4 Gemdraught']"
390565,391097,Auto,90.0,21.0,,Default Target,[],25.0,[]
391107,391107,Transpose,,,,,,,[]
390285,391355,Gluttony,520.0,63686.0,,Default Target,[],285794179.0,"[""Death's Design"", 'Grade 4 Gemdraught']"
369126,391500,Thunder (dot),60.0,11179.0,,Default Target,[],3857545.0,"['Arcane Circle', 'Enochian', 'Grade 4 Gemdraught', 'Ley Lines']"
377475,391500,Higanbana (dot),50.0,6442.0,,Default Target,[],2901927.0,"['Arcane Circle', 'Fugetsu', 'Fuka', 'Grade 4 Gemdraught']"
377843,391500,Eukrasian Dosis III (dot),85.0,12537.0,,Default Target,[],9487950.0,"['Arcane Circle', 'Grade 4 Gemdraught']"
382679,391500,Dia (dot),85.0,12536.0,,Default Target,[],9268595.0,"['Arcane Circle', 'Grade 4 Gemdraught']"
390407,391567,Blizzard IV,300.0,44387.0,,Default Target,['3 Umbral Ice'],60819838.0,"['Enochian', 'Triplecast']"
391000,391578,Royal Authority,460.0,39718.0,,Default Target,[],104863158.0,['Grade 4 Gemdraught']
390870,391628,Shot,80.0,7251.0,,Default Target,[],3696450.0,[]
391590,392390,Heated Slug Shot,320.0,39574.0,,Default Target,[],110128346.0,[]
392399,392399,Afflatus Rapture,,,,,,,[]
392156,392776,Executioner's Gibbet,820.0,100427.0,,Default Target,['Enhanced Gibbet'],710692440.0,"[""Death's Design"", 'Enhanced Gibbet', 'Grade 4 Gemdraught']"
392258,392790,Auto,90.0,5767.0,,Default Target,[],2210488.0,['Grade 4 Gemdraught']
392436,392968,Auto,90.0,0.0,,Default Target,[],0.0,['Enochian']
392506,393176,Dosis III,380.0,49391.0,,Default Target,[],147266966.0,[]
392266,393296,Tendo Setsugekka,1100.0,188493.0,,Default Target,[],414732390.0,"['Fugetsu', 'Fuka', 'Grade 4 Gemdraught']"
392766,393298,Auto,90.0,9898.0,,Default Target,[],6851445.0,"['Fugetsu', 'Fuka', 'Grade 4 Gemdraught']"
392678,393301,Maim,340.0,32714.0,,Default Target,['Surging Tempest'],71146594.0,"['Grade 4 Gemdraught', 'Surging Tempest']"
393145,393677,Auto,90.0,11731.0,,Default Target,[],9697594.0,"[""Death's Design"", 'Grade 4 Gemdraught']"
393157,393689,Auto,90.0,9676.0,,Default Target,['Surging Tempest'],6223026.0,"['Grade 4 Gemdraught', 'Surging Tempest']"
392557,393847,Fire III,290.0,60051.0,,Default Target,['3 Astral Fire'],111314107.0,['Enochian']
393365,393897,Auto,90.0,21.0,,Default Target,[],25.0,[]
393449,393981,Auto,90.0,0.0,,Default Target,[],0.0,[]
393500,394258,Holy Spirit,500.0,43173.0,,Default Target,['Divine Might'],123905687.0,"['Divine Might', 'Grade 4 Gemdraught']"
393510,394268,Shot,80.0,7251.0,,Default Target,[],3696450.0,[]
369126,394500,Thunder (dot),60.0,11179.0,,Default Target,[],3857545.0,"['Arcane Circle', 'Enochian', 'Grade 4 Gemdraught', 'Ley Lines']"
377475,394500,Higanbana (dot),50.0,6442.0,,Default Target,[],2901927.0,"['Arcane Circle', 'Fugetsu', 'Fuka', 'Grade 4 Gemdraught']"
377843,394500,Eukrasian Dosis III (dot),85.0,12537.0,,Default Target,[],9487950.0,"['Arcane Circle', 'Grade 4 Gemdraught']"
382679,394500,Dia (dot),85.0,12536.0,,Default Target,[],9268595.0,"['Arcane Circle', 'Grade 4 Gemdraught']"
393796,394826,Tendo Kaeshi Setsugekka,1100.0,188493.0,,Default Target,[],414732390.0,"['Fugetsu', 'Fuka', 'Grade 4 Gemdraught']"
394090,394890,Heated Clean Shot,420.0,51946.0,,Default Target,[],189745438.0,[]
394498,395030,Auto,90.0,5767.0,,Default Target,[],2210488.0,['Grade 4 Gemdraught']
394829,395409,Afflatus Misery,1400.0,181530.0,,Default Target,[],1943447881.0,[]
395056,395588,Auto,90.0,9898.0,,Default Target,[],6851445.0,"['Fugetsu', 'Fuka', 'Grade 4 Gemdraught']"
394946,395616,Dosis III,380.0,49391.0,,Default Target,[],147266966.0,[]
395178,396693,Storm's Path,500.0,44474.0,,Default Target,['Surging Tempest'],131481340.0,['Surging Tempest']
395937,396697,Gekko,420.0,51930.0,,Default Target,[],188617385.0,"['Fugetsu', 'Fuka', 'Grade 4 Gemdraught']"
396165,396697,Auto,90.0,21.0,,Default Target,[],25.0,[]
394646,396786,Executioner's Gallows,820.0,100427.0,,Default Target,['Enhanced Gallows'],710692440.0,"[""Death's Design"", 'Enhanced Gallows', 'Grade 4 Gemdraught']"
396345,396877,Auto,90.0,10837.0,,Default Target,[],8273889.0,"[""Death's Design""]"
396150,396908,Shot,80.0,7251.0,,Default Target,[],3696450.0,[]
396427,396959,Auto,90.0,0.0,,Default Target,[],0.0,['Enochian']
396557,397047,Hissatsu: Gyoten,100.0,12360.0,,Default Target,[],10684474.0,"['Fugetsu', 'Fuka', 'Grade 4 Gemdraught']"
396517,397049,Auto,90.0,8941.0,,Default Target,['Surging Tempest'],5313749.0,['Surging Tempest']
395927,397087,Fire IV,300.0,79898.0,,Default Target,['3 Astral Fire'],197058271.0,['Enochian']
396738,397270,Auto,90.0,5328.0,,Default Target,[],1887023.0,[]
396000,397293,Atonement,460.0,36701.0,,Default Target,[],89538338.0,[]
396591,397391,Heated Split Shot,220.0,27207.0,,Default Target,[],52053770.0,[]
396889,397421,Auto,90.0,0.0,,Default Target,[],0.0,[]
369126,397500,Thunder (dot),60.0,11179.0,,Default Target,[],3857545.0,"['Arcane Circle', 'Enochian', 'Grade 4 Gemdraught', 'Ley Lines']"
377475,397500,Higanbana (dot),50.0,6442.0,,Default Target,[],2901927.0,"['Arcane Circle', 'Fugetsu', 'Fuka', 'Grade 4 Gemdraught']"
377843,397500,Eukrasian Dosis III (dot),85.0,12537.0,,Default Target,[],9487950.0,"['Arcane Circle', 'Grade 4 Gemdraught']"
382679,397500,Dia (dot),85.0,12536.0,,Default Target,[],9268595.0,"['Arcane Circle', 'Grade 4 Gemdraught']"
397346,397878,Auto,90.0,9146.0,,Default Target,[],5850300.0,"['Fugetsu', 'Fuka']"
397387,398057,Dosis III,380.0,49391.0,,Default Target,[],147266966.0,[]
397137,398167,Soul Slice,520.0,58841.0,,Default Target,[],243981522.0,"[""Death's Design""]"
397678,398210,Heavy Swing,240.0,21341.0,,Default Target,['Surging Tempest'],30278556.0,['Surging Tempest']
397757,398297,Unveiled Gibbet,440.0,49788.0,,Default Target,[],174669570.0,"[""Death's Design""]"
398303,398926,Upheaval,420.0,37355.0,,Default Target,['Surging Tempest'],92756681.0,['Surging Tempest']
398077,398927,Gyofu,240.0,27418.0,,Default Target,[],52581804.0,"['Fugetsu', 'Fuka']"
398507,399267,High Thunder,150.0,22191.0,,Default Target,[],15203066.0,['Enochian']
398219,399509,Glare III,350.0,45381.0,,Default Target,[],121455354.0,[]
398978,399510,Auto,90.0,5328.0,,Default Target,[],1887023.0,[]
398790,399548,Shot,80.0,7251.0,,Default Target,[],3696450.0,[]
398500,399660,Supplication,500.0,39894.0,,Default Target,[],105795169.0,[]
399711,399711,Automaton Queen,,,,,,,[]
399545,400077,Auto,90.0,10837.0,,Default Target,[],8273889.0,"[""Death's Design""]"
399627,400117,Gibbet,620.0,70159.0,,Default Target,['Enhanced Gibbet'],346845630.0,"[""Death's Design"", 'Enhanced Gibbet']"
399125,400148,Circle of Scorn,140.0,11164.0,,Default Target,[],8284059.0,[]
399636,400168,Auto,90.0,9146.0,,Default Target,[],5850300.0,"['Fugetsu', 'Fuka']"
399091,400241,Air Anchor,660.0,81629.0,,Default Target,[],468551960.0,[]
399877,400409,Auto,90.0,8941.0,,Default Target,['Surging Tempest'],5313749.0,['Surging Tempest']
399827,400497,Dosis III,380.0,49391.0,,Default Target,[],147266966.0,[]
377475,400500,Higanbana (dot),50.0,6442.0,,Default Target,[],2901927.0,"['Arcane Circle', 'Fugetsu', 'Fuka', 'Grade 4 Gemdraught']"
377843,400500,Eukrasian Dosis III (dot),85.0,12537.0,,Default Target,[],9487950.0,"['Arcane Circle', 'Grade 4 Gemdraught']"
382679,400500,Dia (dot),85.0,12536.0,,Default Target,[],9268595.0,"['Arcane Circle', 'Grade 4 Gemdraught']"
398507,400500,Thunder (dot),60.0,10027.0,,Default Target,[],3103341.0,['Enochian']
399125,400500,Circle of Scorn (dot),30.0,2392.0,,Default Target,[],380146.0,[]
400178,400801,Maim,340.0,30239.0,,Default Target,['Surging Tempest'],60784922.0,['Surging Tempest']
400327,400859,Auto,90.0,21.0,,Default Target,[],25.0,[]
400217,401017,Yukikaze,340.0,38842.0,,Default Target,[],105525015.0,"['Fugetsu', 'Fuka']"
400727,401259,Auto,90.0,0.0,,Default Target,[],0.0,['Enochian']
400227,401387,Fire IV,300.0,79898.0,,Default Target,['3 Astral Fire'],197058271.0,['Enochian']
401149,401681,Auto,90.0,0.0,,Default Target,[],0.0,[]
401218,401750,Auto,90.0,5328.0,,Default Target,[],1887023.0,[]
400649,401939,Glare III,350.0,45381.0,,Default Target,[],121455354.0,[]
401625,401982,Expiacion,450.0,35904.0,,Default Target,[],85693120.0,[]
401430,402188,Shot,80.0,7251.0,,Default Target,[],3696450.0,[]
401000,402290,Sepulchre,540.0,43082.0,,Default Target,[],123387031.0,[]
401592,402392,Heated Slug Shot,320.0,39574.0,,Default Target,[],110128346.0,[]
401926,402458,Auto,90.0,9146.0,,Default Target,[],5850300.0,"['Fugetsu', 'Fuka']"
402268,402938,Dosis III,380.0,49391.0,,Default Target,[],147266966.0,[]
402357,403207,Gyofu,240.0,27418.0,,Default Target,[],52581804.0,"['Fugetsu', 'Fuka']"
402745,403277,Auto,90.0,10837.0,,Default Target,[],8273889.0,"[""Death's Design""]"
402118,403278,Shadow of Death,300.0,33945.0,,Default Target,[],81192021.0,"[""Death's Design""]"
402678,403301,Fell Cleave,580.0,51589.0,,Default Target,['Surging Tempest'],176915445.0,['Surging Tempest']
377475,403500,Higanbana (dot),50.0,6442.0,,Default Target,[],2901927.0,"['Arcane Circle', 'Fugetsu', 'Fuka', 'Grade 4 Gemdraught']"
377843,403500,Eukrasian Dosis III (dot),85.0,12537.0,,Default Target,[],9487950.0,"['Arcane Circle', 'Grade 4 Gemdraught']"
382679,403500,Dia (dot),85.0,12536.0,,Default Target,[],9268595.0,"['Arcane Circle', 'Grade 4 Gemdraught']"
398507,403500,Thunder (dot),60.0,10027.0,,Default Target,[],3103341.0,['Enochian']
399125,403500,Circle of Scorn (dot),30.0,2392.0,,Default Target,[],380146.0,[]
402377,403537,Fire IV,300.0,79898.0,,Default Target,['3 Astral Fire'],197058271.0,['Enochian']
403127,403659,Auto,90.0,21.0,,Default Target,[],25.0,[]
403237,403769,Auto,90.0,8941.0,,Default Target,['Surging Tempest'],5313749.0,['Surging Tempest']
403458,403990,Auto,90.0,5328.0,,Default Target,[],1887023.0,[]
403500,404123,Fast Blade,220.0,17548.0,,Default Target,[],20469011.0,[]
403079,404369,Glare III,350.0,45381.0,,Default Target,[],121455354.0,[]
404216,404748,Auto,90.0,9146.0,,Default Target,[],5850300.0,"['Fugetsu', 'Fuka']"
404070,404828,Shot,80.0,7251.0,,Default Target,[],3696450.0,[]
404608,405098,Slice,420.0,47524.0,,Default Target,[],159145747.0,"[""Death's Design""]"
405211,405211,Roller Dash (pet),336.0,37965.0,,Default Target,[],101352509.0,[]
404092,405242,Drill,660.0,81629.0,,Default Target,[],468551960.0,[]
404497,405297,Shifu,300.0,34274.0,,Default Target,[],82159455.0,"['Fugetsu', 'Fuka']"
404708,405378,Dosis III,380.0,49391.0,,Default Target,[],147266966.0,[]
404712,405422,Checkmate,180.0,22256.0,,Default Target,[],34830145.0,[]
405027,405559,Auto,90.0,0.0,,Default Target,[],0.0,['Enochian']
404527,405687,Fire IV,300.0,79898.0,,Default Target,['3 Astral Fire'],197058271.0,['Enochian']
405698,406230,Auto,90.0,5328.0,,Default Target,[],1887023.0,[]
405927,406459,Auto,90.0,21.0,,Default Target,[],25.0,[]
405945,406477,Auto,90.0,10837.0,,Default Target,[],8273889.0,"[""Death's Design""]"
377475,406500,Higanbana (dot),50.0,6442.0,,Default Target,[],2901927.0,"['Arcane Circle', 'Fugetsu', 'Fuka', 'Grade 4 Gemdraught']"
377843,406500,Eukrasian Dosis III (dot),85.0,12537.0,,Default Target,[],9487950.0,"['Arcane Circle', 'Grade 4 Gemdraught']"
382679,406500,Dia (dot),85.0,12536.0,,Default Target,[],9268595.0,"['Arcane Circle', 'Grade 4 Gemdraught']"
398507,406500,Thunder (dot),60.0,10027.0,,Default Target,[],3103341.0,['Enochian']
399125,406500,Circle of Scorn (dot),30.0,2392.0,,Default Target,[],380146.0,[]
406009,406541,Auto,90.0,0.0,,Default Target,[],0.0,[]
405178,406693,Storm's Path,500.0,44474.0,,Default Target,['Surging Tempest'],131481340.0,['Surging Tempest']
406000,406758,Riot Blade,330.0,26327.0,,Default Target,[],46074807.0,[]
405509,406799,Glare III,350.0,45381.0,,Default Target,[],121455354.0,[]
406506,407038,Auto,90.0,9146.0,,Default Target,[],5850300.0,"['Fugetsu', 'Fuka']"
406597,407129,Auto,90.0,8941.0,,Default Target,['Surging Tempest'],5313749.0,['Surging Tempest']
407213,407213,Hypercharge,,,,,,,[]
406637,407257,Kasha,420.0,47982.0,,Default Target,[],161026141.0,"['Fugetsu', 'Fuka']"
406593,407393,Heated Clean Shot,420.0,51946.0,,Default Target,[],189745438.0,[]
406710,407468,Shot,80.0,7251.0,,Default Target,[],3696450.0,[]
407099,407679,Waxing Slice,500.0,56579.0,,Default Target,[],225581193.0,"[""Death's Design""]"
406677,407837,Fire IV,300.0,79898.0,,Default Target,['3 Astral Fire'],197058271.0,['Enochian']
407678,408210,Heavy Swing,240.0,21341.0,,Default Target,['Surging Tempest'],30278556.0,['Surging Tempest']
407719,408259,Unveiled Gallows,440.0,49788.0,,Default Target,[],174669570.0,"[""Death's Design""]"
408411,408411,Arm Punch (pet),168.0,18981.0,,Default Target,[],25334296.0,[]
407938,408470,Auto,90.0,5328.0,,Default Target,[],1887023.0,[]
408500,409078,Royal Authority,460.0,36701.0,,Default Target,[],89538338.0,[]
407939,409229,Glare III,350.0,45381.0,,Default Target,[],121455354.0,[]
377475,409500,Higanbana (dot),50.0,6442.0,,Default Target,[],2901927.0,"['Arcane Circle', 'Fugetsu', 'Fuka', 'Grade 4 Gemdraught']"
382679,409500,Dia (dot),85.0,12536.0,,Default Target,[],9268595.0,"['Arcane Circle', 'Grade 4 Gemdraught']"
398507,409500,Thunder (dot),60.0,10027.0,,Default Target,[],3103341.0,['Enochian']
399125,409500,Circle of Scorn (dot),30.0,2392.0,,Default Target,[],380146.0,[]
407189,409500,Eukrasian Dosis III (dot),85.0,11245.0,,Default Target,[],7632622.0,[]
409145,409677,Auto,90.0,10837.0,,Default Target,[],8273889.0,"[""Death's Design""]"
409327,409859,Auto,90.0,0.0,,Default Target,[],0.0,['Enochian']
409093,409943,Blazing Shot,260.0,32154.0,,Default Target,['Overheated'],72701607.0,['Overheated']
408827,409987,Fire IV,300.0,79898.0,,Default Target,['3 Astral Fire'],197058271.0,['Enochian']
410011,410011,Arm Punch (pet),168.0,18981.0,,Default Target,[],25334296.0,[]
409589,410079,Gallows,620.0,70159.0,,Default Target,['Enhanced Gallows'],346845630.0,"[""Death's Design"", 'Enhanced Gallows']"
409350,410108,Shot,80.0,7251.0,,Default Target,[],3696450.0,[]
409577,410197,Midare Setsugekka,640.0,101332.0,,Default Target,[],119853464.0,"['Fugetsu', 'Fuka']"
409650,410320,Dosis III,380.0,49391.0,,Default Target,[],147266966.0,[]
409713,410423,Double Check,180.0,22256.0,,Default Target,[],34830145.0,[]
409957,410489,Auto,90.0,8941.0,,Default Target,['Surging Tempest'],5313749.0,['Surging Tempest']
410077,410609,Auto,90.0,9146.0,,Default Target,[],5850300.0,"['Fugetsu', 'Fuka']"
410150,410682,Auto,90.0,21.0,,Default Target,[],25.0,[]
410178,410710,Auto,90.0,5328.0,,Default Target,[],1887023.0,[]
410178,410801,Maim,340.0,30239.0,,Default Target,['Surging Tempest'],60784922.0,['Surging Tempest']
410869,411401,Auto,90.0,0.0,,Default Target,[],0.0,[]
410594,411444,Blazing Shot,260.0,32154.0,,Default Target,['Overheated'],72701607.0,['Overheated']
410977,411597,Flare Star,500.0,133166.0,,Default Target,['3 Astral Fire'],547404282.0,['Enochian']
411611,411611,Arm Punch (pet),168.0,18981.0,,Default Target,[],25334296.0,[]
411000,411623,Fast Blade,220.0,17548.0,,Default Target,[],20469011.0,[]
410369,411659,Glare III,350.0,45381.0,,Default Target,[],121455354.0,[]
411750,411750,Taurochole,,,,,,,[]
410918,411768,Gyofu,240.0,27418.0,,Default Target,[],52581804.0,"['Fugetsu', 'Fuka']"
411130,412330,Toxikon II,380.0,49391.0,,Default Target,[],147266966.0,[]
377475,412500,Higanbana (dot),50.0,6442.0,,Default Target,[],2901927.0,"['Arcane Circle', 'Fugetsu', 'Fuka', 'Grade 4 Gemdraught']"
382679,412500,Dia (dot),85.0,12536.0,,Default Target,[],9268595.0,"['Arcane Circle', 'Grade 4 Gemdraught']"
398507,412500,Thunder (dot),60.0,10027.0,,Default Target,[],3103341.0,['Enochian']
399125,412500,Circle of Scorn (dot),30.0,2392.0,,Default Target,[],380146.0,[]
407189,412500,Eukrasian Dosis III (dot),85.0,11245.0,,Default Target,[],7632622.0,[]
411907,412577,Paradox,540.0,79886.0,,Default Target,['3 Astral Fire'],197010726.0,['Enochian']
412607,412607,Swiftcast,,,,,,,[]
412080,412620,Infernal Slice,600.0,67895.0,,Default Target,[],324829882.0,"[""Death's Design""]"
411990,412748,Shot,80.0,7251.0,,Default Target,[],3696450.0,[]
412345,412877,Auto,90.0,10837.0,,Default Target,[],8273889.0,"[""Death's Design""]"
412367,412899,Auto,90.0,9146.0,,Default Target,[],5850300.0,"['Fugetsu', 'Fuka']"
412094,412944,Blazing Shot,260.0,32154.0,,Default Target,['Overheated'],72701607.0,['Overheated']
412418,412950,Auto,90.0,5328.0,,Default Target,[],1887023.0,[]
412607,413139,Auto,90.0,0.0,,Default Target,[],0.0,['Enochian']
413211,413211,Pile Bunker (pet),476.0,53787.0,,Default Target,[],203427514.0,[]
412950,413482,Auto,90.0,21.0,,Default Target,[],25.0,[]
413317,413849,Auto,90.0,8941.0,,Default Target,['Surging Tempest'],5313749.0,['Surging Tempest']
413058,413858,Yukikaze,340.0,38842.0,,Default Target,[],105525015.0,"['Fugetsu', 'Fuka']"
412799,414089,Glare III,350.0,45381.0,,Default Target,[],121455354.0,[]
413500,414258,Riot Blade,330.0,26327.0,,Default Target,[],46074807.0,[]
412678,414327,Storm's Eye,500.0,44474.0,,Default Target,['Surging Tempest'],131481340.0,['Surging Tempest']
413595,414445,Blazing Shot,260.0,32154.0,,Default Target,['Overheated'],72701607.0,['Overheated']
414057,414547,Despair,350.0,93213.0,,Default Target,['3 Astral Fire'],268247312.0,['Enochian']
414757,414757,Transpose,,,,,,,[]
414309,414841,Auto,90.0,0.0,,Default Target,[],0.0,[]
414215,414925,Checkmate,180.0,22256.0,,Default Target,[],34830145.0,[]
414570,415060,Slice,420.0,47524.0,,Default Target,[],159145747.0,"[""Death's Design""]"
414657,415189,Auto,90.0,9146.0,,Default Target,[],5850300.0,"['Fugetsu', 'Fuka']"
414658,415190,Auto,90.0,5328.0,,Default Target,[],1887023.0,[]
414531,415201,Dosis III,380.0,49391.0,,Default Target,[],147266966.0,[]
415211,415211,Crowned Collider (pet),546.0,61700.0,,Default Target,[],267683178.0,[]
414630,415388,Shot,80.0,7251.0,,Default Target,[],3696450.0,[]
377475,415500,Higanbana (dot),50.0,6442.0,,Default Target,[],2901927.0,"['Arcane Circle', 'Fugetsu', 'Fuka', 'Grade 4 Gemdraught']"
398507,415500,Thunder (dot),60.0,10027.0,,Default Target,[],3103341.0,['Enochian']
407189,415500,Eukrasian Dosis III (dot),85.0,11245.0,,Default Target,[],7632622.0,[]
414269,415559,Dia,85.0,10969.0,,Default Target,[],7095404.0,[]
415178,415710,Heavy Swing,240.0,21341.0,,Default Target,['Surging Tempest'],30278556.0,['Surging Tempest']
415095,415945,Blazing Shot,260.0,32154.0,,Default Target,['Overheated'],72701607.0,['Overheated']
415198,416048,Gyofu,240.0,27418.0,,Default Target,[],52581804.0,"['Fugetsu', 'Fuka']"
415545,416077,Auto,90.0,10837.0,,Default Target,[],8273889.0,"[""Death's Design""]"
415538,416208,Assize,400.0,51864.0,,Default Target,[],158638414.0,[]
415750,416282,Auto,90.0,21.0,,Default Target,[],25.0,[]
415887,416419,Auto,90.0,0.0,,Default Target,[],0.0,['Enochian']
415715,416425,Double Check,180.0,22256.0,,Default Target,[],34830145.0,[]
416000,416758,Holy Spirit,500.0,39894.0,,Default Target,['Divine Might'],105795169.0,['Divine Might']
416207,417047,Blizzard III,290.0,42893.0,,Default Target,['1 Umbral Ice'],56791993.0,"['Enochian', 'Swiftcast']"
416677,417209,Auto,90.0,8941.0,,Default Target,['Surging Tempest'],5313749.0,['Surging Tempest']
416596,417396,Heated Split Shot,220.0,27207.0,,Default Target,[],52053770.0,[]
416898,417430,Auto,90.0,5328.0,,Default Target,[],1887023.0,[]
416947,417479,Auto,90.0,9146.0,,Default Target,[],5850300.0,"['Fugetsu', 'Fuka']"
416971,417641,Dosis III,380.0,49391.0,,Default Target,[],147266966.0,[]
417061,417641,Waxing Slice,500.0,56579.0,,Default Target,[],225581193.0,"[""Death's Design""]"
417338,417958,Jinpu,300.0,34274.0,,Default Target,[],82159455.0,"['Fugetsu', 'Fuka']"
417270,418028,Shot,80.0,7251.0,,Default Target,[],3696450.0,[]
417678,418301,Maim,340.0,30239.0,,Default Target,['Surging Tempest'],60784922.0,['Surging Tempest']
377475,418500,Higanbana (dot),50.0,6442.0,,Default Target,[],2901927.0,"['Arcane Circle', 'Fugetsu', 'Fuka', 'Grade 4 Gemdraught']"
398507,418500,Thunder (dot),60.0,10027.0,,Default Target,[],3103341.0,['Enochian']
407189,418500,Eukrasian Dosis III (dot),85.0,11245.0,,Default Target,[],7632622.0,[]
414269,418500,Dia (dot),85.0,11244.0,,Default Target,[],7456489.0,[]
417958,418578,Hissatsu: Shinten,250.0,28561.0,,Default Target,[],57056461.0,"['Fugetsu', 'Fuka']"
418159,418691,Auto,90.0,0.0,,Default Target,[],0.0,[]
417659,418949,Glare III,350.0,45381.0,,Default Target,[],121455354.0,[]
418745,419277,Auto,90.0,10837.0,,Default Target,[],8273889.0,"[""Death's Design""]"
419138,419670,Auto,90.0,5328.0,,Default Target,[],1887023.0,[]
419237,419769,Auto,90.0,9146.0,,Default Target,[],5850300.0,"['Fugetsu', 'Fuka']"
418500,419793,Atonement,460.0,36701.0,,Default Target,[],89538338.0,[]
419096,419896,Heated Slug Shot,320.0,39574.0,,Default Target,[],110128346.0,[]
419412,420082,Dosis III,380.0,49391.0,,Default Target,[],147266966.0,[]
419551,420091,Infernal Slice,600.0,67895.0,,Default Target,[],324829882.0,"[""Death's Design""]"
419478,420238,Gekko,420.0,47982.0,,Default Target,[],161026141.0,"['Fugetsu', 'Fuka']"
419912,420444,Auto,90.0,21.0,,Default Target,[],25.0,[]
420037,420569,Auto,90.0,8941.0,,Default Target,['Surging Tempest'],5313749.0,['Surging Tempest']
420077,420609,Auto,90.0,0.0,,Default Target,[],0.0,['Enochian']
419910,420668,Shot,80.0,7251.0,,Default Target,[],3696450.0,[]
419577,420737,Blizzard IV,300.0,44387.0,,Default Target,['3 Umbral Ice'],60819838.0,['Enochian']
420178,420801,Fell Cleave,580.0,51589.0,,Default Target,['Surging Tempest'],176915445.0,['Surging Tempest']
420507,421177,Paradox,540.0,79886.0,,Default Target,['3 Umbral Ice'],197010726.0,['Enochian']
421207,421207,Transpose,,,,,,,[]
420089,421379,Glare III,350.0,45381.0,,Default Target,[],121455354.0,[]
377475,421500,Higanbana (dot),50.0,6442.0,,Default Target,[],2901927.0,"['Arcane Circle', 'Fugetsu', 'Fuka', 'Grade 4 Gemdraught']"
398507,421500,Thunder (dot),60.0,10027.0,,Default Target,[],3103341.0,['Enochian']
407189,421500,Eukrasian Dosis III (dot),85.0,11245.0,,Default Target,[],7632622.0,[]
414269,421500,Dia (dot),85.0,11244.0,,Default Target,[],7456489.0,[]
421378,421910,Auto,90.0,5328.0,,Default Target,[],1887023.0,[]
421527,422059,Auto,90.0,9146.0,,Default Target,[],5850300.0,"['Fugetsu', 'Fuka']"
421000,422160,Supplication,500.0,39894.0,,Default Target,[],105795169.0,[]
421597,422397,Heated Clean Shot,420.0,51946.0,,Default Target,[],189745438.0,[]
421618,422468,Gyofu,240.0,27418.0,,Default Target,[],52581804.0,"['Fugetsu', 'Fuka']"
421945,422477,Auto,90.0,10837.0,,Default Target,[],8273889.0,"[""Death's Design""]"
421852,422522,Dosis III,380.0,49391.0,,Default Target,[],147266966.0,[]
422042,422532,Slice,420.0,47524.0,,Default Target,[],159145747.0,"[""Death's Design""]"
422662,423202,Unveiled Gibbet,440.0,49788.0,,Default Target,[],174669570.0,"[""Death's Design""]"
422712,423244,Auto,90.0,21.0,,Default Target,[],25.0,[]
422550,423308,Shot,80.0,7251.0,,Default Target,[],3696450.0,[]
423019,423551,Auto,90.0,0.0,,Default Target,[],0.0,[]
422519,423809,Glare III,350.0,45381.0,,Default Target,[],121455354.0,[]
423357,423889,Auto,90.0,0.0,,Default Target,[],0.0,['Enochian']
423397,423929,Auto,90.0,8941.0,,Default Target,['Surging Tempest'],5313749.0,['Surging Tempest']
422657,423947,Fire III,290.0,60051.0,,Default Target,['3 Astral Fire'],111314107.0,['Enochian']
423618,424150,Auto,90.0,5328.0,,Default Target,[],1887023.0,[]
422678,424193,Storm's Path,500.0,44474.0,,Default Target,['Surging Tempest'],131481340.0,['Surging Tempest']
423817,424349,Auto,90.0,9146.0,,Default Target,[],5850300.0,"['Fugetsu', 'Fuka']"
377475,424500,Higanbana (dot),50.0,6442.0,,Default Target,[],2901927.0,"['Arcane Circle', 'Fugetsu', 'Fuka', 'Grade 4 Gemdraught']"
398507,424500,Thunder (dot),60.0,10027.0,,Default Target,[],3103341.0,['Enochian']
407189,424500,Eukrasian Dosis III (dot),85.0,11245.0,,Default Target,[],7632622.0,[]
414269,424500,Dia (dot),85.0,11244.0,,Default Target,[],7456489.0,[]
423758,424558,Shifu,300.0,34274.0,,Default Target,[],82159455.0,"['Fugetsu', 'Fuka']"
423500,424790,Sepulchre,540.0,43082.0,,Default Target,[],123387031.0,[]
424293,424963,Dosis III,380.0,49391.0,,Default Target,[],147266966.0,[]
424378,424998,Hissatsu: Shinten,250.0,28561.0,,Default Target,[],57056461.0,"['Fugetsu', 'Fuka']"
424532,425022,Gibbet,620.0,70159.0,,Default Target,['Enhanced Gibbet'],346845630.0,"[""Death's Design"", 'Enhanced Gibbet']"
424097,425127,Chain Saw,660.0,81629.0,,Default Target,[],468551960.0,[]
425145,425677,Auto,90.0,10837.0,,Default Target,[],8273889.0,"[""Death's Design""]"
425179,425711,Heavy Swing,240.0,21341.0,,Default Target,['Surging Tempest'],30278556.0,['Surging Tempest']
425804,425804,Inner Release,,,,,,,[]
425190,425948,Shot,80.0,7251.0,,Default Target,[],3696450.0,[]
425512,426044,Auto,90.0,21.0,,Default Target,[],25.0,[]
424949,426239,Glare III,350.0,45381.0,,Default Target,[],121455354.0,[]
425858,426390,Auto,90.0,5328.0,,Default Target,[],1887023.0,[]
426429,426429,Infuriate,,,,,,,[]
425899,426519,Kasha,420.0,47982.0,,Default Target,[],161026141.0,"['Fugetsu', 'Fuka']"
426519,426519,Meikyo Shisui,,,,,,,[]
426000,426578,Royal Authority,460.0,36701.0,,Default Target,[],89538338.0,[]
426625,426625,Fight or Flight,,,,,,,[]
426107,426639,Auto,90.0,9146.0,,Default Target,[],5850300.0,"['Fugetsu', 'Fuka']"
426457,427217,High Thunder,150.0,22191.0,,Default Target,[],15203066.0,['Enochian']
427218,427218,Automaton Queen,,,,,,,[]
426757,427289,Auto,90.0,8941.0,,Default Target,['Surging Tempest'],5313749.0,['Surging Tempest']
426733,427403,Dosis III,380.0,49391.0,,Default Target,[],147266966.0,[]
426957,427489,Auto,90.0,0.0,,Default Target,[],0.0,['Enochian']
377475,427500,Higanbana (dot),50.0,6442.0,,Default Target,[],2901927.0,"['Arcane Circle', 'Fugetsu', 'Fuka', 'Grade 4 Gemdraught']"
407189,427500,Eukrasian Dosis III (dot),85.0,11245.0,,Default Target,[],7632622.0,[]
414269,427500,Dia (dot),85.0,11244.0,,Default Target,[],7456489.0,[]
426457,427500,Thunder (dot),60.0,10027.0,,Default Target,[],3103341.0,['Enochian']
427023,427603,Waxing Slice,500.0,56579.0,,Default Target,[],225581193.0,"[""Death's Design""]"
426598,427668,Excavator,660.0,81629.0,,Default Target,[],468551960.0,[]
427880,428412,Auto,90.0,0.0,,Default Target,[],0.0,[]
427250,428540,Imperator,580.0,57844.0,,Default Target,[],222421460.0,['Fight or Flight']
427830,428588,Shot,80.0,7251.0,,Default Target,[],3696450.0,[]
427679,428616,Inner Chaos,660.0,101249.0,,Default Target,['Surging Tempest'],8541281.0,['Surging Tempest']
428098,428630,Auto,90.0,6660.0,,Default Target,[],2948197.0,['Fight or Flight']
428039,428659,Kaeshi: Setsugekka,640.0,101332.0,,Default Target,[],119853464.0,"['Fugetsu', 'Fuka']"
427380,428670,Glare III,350.0,45381.0,,Default Target,[],121455354.0,[]
428312,428844,Auto,90.0,21.0,,Default Target,[],25.0,[]
428345,428877,Auto,90.0,10837.0,,Default Target,[],8273889.0,"[""Death's Design""]"
428213,428883,Phlegma III,600.0,78028.0,,Default Target,[],367528138.0,[]
428304,428927,Upheaval,420.0,37355.0,,Default Target,['Surging Tempest'],92756681.0,['Surging Tempest']
428397,428929,Auto,90.0,9146.0,,Default Target,[],5850300.0,"['Fugetsu', 'Fuka']"
428500,429034,Goring Blade,700.0,69814.0,,Default Target,[],324015381.0,['Fight or Flight']
428177,429337,Fire IV,300.0,79898.0,,Default Target,['3 Astral Fire'],197058271.0,['Enochian']
428929,429596,Onslaught,150.0,13339.0,,Default Target,['Surging Tempest'],11827982.0,['Surging Tempest']
429125,430148,Circle of Scorn,140.0,13955.0,,Default Target,[],12943806.0,['Fight or Flight']
429098,430248,Drill,660.0,81629.0,,Default Target,[],468551960.0,[]
429718,430428,Double Check,180.0,22256.0,,Default Target,[],34830145.0,[]
377475,430500,Higanbana (dot),50.0,6442.0,,Default Target,[],2901927.0,"['Arcane Circle', 'Fugetsu', 'Fuka', 'Grade 4 Gemdraught']"
407189,430500,Eukrasian Dosis III (dot),85.0,11245.0,,Default Target,[],7632622.0,[]
414269,430500,Dia (dot),85.0,11244.0,,Default Target,[],7456489.0,[]
426457,430500,Thunder (dot),60.0,10027.0,,Default Target,[],3103341.0,['Enochian']
429125,430500,Circle of Scorn (dot),30.0,2990.0,,Default Target,[],593707.0,['Fight or Flight']
429513,430543,Soul Slice,520.0,58841.0,,Default Target,[],243981522.0,"[""Death's Design""]"
430117,430649,Auto,90.0,8941.0,,Default Target,['Surging Tempest'],5313749.0,['Surging Tempest']
430338,430870,Auto,90.0,6660.0,,Default Target,[],2948197.0,['Fight or Flight']
429810,431100,Glare III,350.0,45381.0,,Default Target,[],121455354.0,[]
430470,431228,Shot,80.0,7251.0,,Default Target,[],3696450.0,[]
430179,431339,Primal Rend,700.0,107391.0,,Default Target,['Surging Tempest'],9610510.0,['Surging Tempest']
430827,431359,Auto,90.0,0.0,,Default Target,[],0.0,['Enochian']
430327,431487,Fire IV,300.0,79898.0,,Default Target,['3 Astral Fire'],197058271.0,['Enochian']
430789,431819,Tendo Setsugekka,1100.0,174167.0,,Default Target,[],354073868.0,"['Fugetsu', 'Fuka']"
431289,431821,Auto,90.0,9146.0,,Default Target,[],5850300.0,"['Fugetsu', 'Fuka']"
431625,431982,Expiacion,450.0,44880.0,,Default Target,[],133895595.0,['Fight or Flight']
431545,432077,Auto,90.0,10837.0,,Default Target,[],8273889.0,"[""Death's Design""]"
431579,432199,Hissatsu: Shinten,250.0,28561.0,,Default Target,[],57056461.0,"['Fugetsu', 'Fuka']"
431614,432284,Dosis III,380.0,49391.0,,Default Target,[],147266966.0,[]
431000,432293,Atonement,460.0,45875.0,,Default Target,[],139905235.0,['Fight or Flight']
431599,432399,Heated Split Shot,220.0,27207.0,,Default Target,[],52053770.0,[]
432004,432544,Infernal Slice,600.0,67895.0,,Default Target,[],324829882.0,"[""Death's Design""]"
432114,432646,Auto,90.0,21.0,,Default Target,[],25.0,[]
432718,432718,Roller Dash (pet),288.0,32540.0,,Default Target,[],74454638.0,[]
432219,432929,Checkmate,180.0,22256.0,,Default Target,[],34830145.0,[]
432578,433110,Auto,90.0,6660.0,,Default Target,[],2948197.0,['Fight or Flight']
432740,433272,Auto,90.0,0.0,,Default Target,[],0.0,[]
432679,433302,Fell Cleave,580.0,88980.0,,Default Target,['Surging Tempest'],6597867.0,"['Inner Release', 'Surging Tempest']"
432319,433349,Tendo Kaeshi Setsugekka,1100.0,174167.0,,Default Target,[],354073868.0,"['Fugetsu', 'Fuka']"
377475,433500,Higanbana (dot),50.0,6442.0,,Default Target,[],2901927.0,"['Arcane Circle', 'Fugetsu', 'Fuka', 'Grade 4 Gemdraught']"
407189,433500,Eukrasian Dosis III (dot),85.0,11245.0,,Default Target,[],7632622.0,[]
414269,433500,Dia (dot),85.0,11244.0,,Default Target,[],7456489.0,[]
426457,433500,Thunder (dot),60.0,10027.0,,Default Target,[],3103341.0,['Enochian']
429125,433500,Circle of Scorn (dot),30.0,2990.0,,Default Target,[],593707.0,['Fight or Flight']
432240,433530,Glare III,350.0,45381.0,,Default Target,[],121455354.0,[]
432477,433637,Fire IV,300.0,79898.0,,Default Target,['3 Astral Fire'],197058271.0,['Enochian']
433167,433837,Hissatsu: Senei,800.0,91403.0,,Default Target,[],584330583.0,"['Fugetsu', 'Fuka']"
433110,433868,Shot,80.0,7251.0,,Default Target,[],3696450.0,[]
433477,434009,Auto,90.0,8941.0,,Default Target,['Surging Tempest'],5313749.0,['Surging Tempest']
433579,434111,Auto,90.0,9146.0,,Default Target,[],5850300.0,"['Fugetsu', 'Fuka']"
433500,434123,Confiteor,1000.0,99736.0,,Default Target,['Requiescat'],661260162.0,"['Fight or Flight', 'Requiescat']"
434125,434703,Intervene,150.0,14957.0,,Default Target,[],14871751.0,['Fight or Flight']
434054,434724,Dosis III,380.0,49391.0,,Default Target,[],147266966.0,[]
434099,434899,Heated Slug Shot,320.0,39574.0,,Default Target,[],110128346.0,[]
435114,435114,Enshroud,,,,,,,[]
434459,435219,Gekko,420.0,47982.0,,Default Target,['Meikyo Shisui'],161026141.0,"['Fugetsu', 'Fuka', 'Meikyo Shisui']"
434745,435277,Auto,90.0,10837.0,,Default Target,[],8273889.0,"[""Death's Design""]"
434818,435350,Auto,90.0,6660.0,,Default Target,[],2948197.0,['Fight or Flight']
434914,435446,Auto,90.0,21.0,,Default Target,[],25.0,[]
434494,435654,Shadow of Death,300.0,33945.0,,Default Target,[],81192021.0,"[""Death's Design""]"
435079,435659,Shoha,640.0,73121.0,,Default Target,[],373956846.0,"['Fugetsu', 'Fuka']"
435127,435659,Auto,90.0,0.0,,Default Target,[],0.0,['Enochian']
434662,435762,Psyche,600.0,78028.0,,Default Target,[],367528138.0,[]
434627,435787,Fire IV,300.0,79898.0,,Default Target,['3 Astral Fire'],197058271.0,['Enochian']
435179,435802,Fell Cleave,580.0,88980.0,,Default Target,['Surging Tempest'],6597867.0,"['Inner Release', 'Surging Tempest']"
435918,435918,Arm Punch (pet),144.0,16269.0,,Default Target,[],18613055.0,[]
434670,435960,Glare III,350.0,45381.0,,Default Target,[],121455354.0,[]
435869,436401,Auto,90.0,9146.0,,Default Target,[],5850300.0,"['Fugetsu', 'Fuka']"
377475,436500,Higanbana (dot),50.0,6442.0,,Default Target,[],2901927.0,"['Arcane Circle', 'Fugetsu', 'Fuka', 'Grade 4 Gemdraught']"
407189,436500,Eukrasian Dosis III (dot),85.0,11245.0,,Default Target,[],7632622.0,[]
414269,436500,Dia (dot),85.0,11244.0,,Default Target,[],7456489.0,[]
426457,436500,Thunder (dot),60.0,10027.0,,Default Target,[],3103341.0,['Enochian']
429125,436500,Circle of Scorn (dot),30.0,2990.0,,Default Target,[],593707.0,['Fight or Flight']
435750,436508,Shot,80.0,7251.0,,Default Target,[],3696450.0,[]
436000,436666,Blade of Faith,760.0,75801.0,,Default Target,['Requiescat'],381953526.0,"['Fight or Flight', 'Requiescat']"
436625,437203,Intervene,150.0,14957.0,,Default Target,[],14871751.0,['Fight or Flight']
436837,437369,Auto,90.0,8941.0,,Default Target,['Surging Tempest'],5313749.0,['Surging Tempest']
436600,437400,Heated Clean Shot,420.0,51946.0,,Default Target,[],189745438.0,[]
437518,437518,Arm Punch (pet),144.0,16269.0,,Default Target,[],18613055.0,[]
436985,437525,Void Reaping,540.0,61101.0,,Default Target,[],263068010.0,"[""Death's Design""]"
437058,437590,Auto,90.0,6660.0,,Default Target,[],2948197.0,['Fight or Flight']
436777,437937,Fire IV,300.0,79898.0,,Default Target,['3 Astral Fire'],197058271.0,['Enochian']
437399,438019,Higanbana,200.0,22847.0,,Default Target,[],36510407.0,"['Fugetsu', 'Fuka']"
437600,438132,Auto,90.0,0.0,,Default Target,[],0.0,[]
437714,438246,Auto,90.0,21.0,,Default Target,[],25.0,[]
437679,438302,Fell Cleave,580.0,88980.0,,Default Target,['Surging Tempest'],6597867.0,"['Inner Release', 'Surging Tempest']"
437605,438365,Sacrificium,600.0,67895.0,,Default Target,[],324829882.0,"[""Death's Design""]"
437100,438390,Glare III,350.0,45381.0,,Default Target,[],121455354.0,[]
437945,438477,Auto,90.0,10837.0,,Default Target,[],8273889.0,"[""Death's Design""]"
438159,438691,Auto,90.0,9146.0,,Default Target,[],5850300.0,"['Fugetsu', 'Fuka']"
438485,439105,Cross Reaping,600.0,67895.0,,Default Target,['Enhanced Cross Reaping'],324829882.0,"[""Death's Design"", 'Enhanced Cross Reaping']"
439118,439118,Arm Punch (pet),144.0,16269.0,,Default Target,[],18613055.0,[]
438390,439148,Shot,80.0,7251.0,,Default Target,[],3696450.0,[]
438739,439359,Kasha,420.0,47982.0,,Default Target,[],161026141.0,"['Fugetsu', 'Fuka']"
438500,439391,Blade of Truth,880.0,87767.0,,Default Target,['Requiescat'],512059341.0,"['Fight or Flight', 'Requiescat']"
438304,439454,Primal Wrath,700.0,62264.0,,Default Target,['Surging Tempest'],257708492.0,['Surging Tempest']
414269,439500,Dia (dot),85.0,11244.0,,Default Target,[],7456489.0,[]
426457,439500,Thunder (dot),60.0,10027.0,,Default Target,[],3103341.0,['Enochian']
429125,439500,Circle of Scorn (dot),30.0,2990.0,,Default Target,[],593707.0,['Fight or Flight']
436536,439500,Eukrasian Dosis III (dot),85.0,11245.0,,Default Target,[],7632622.0,[]
437399,439500,Higanbana (dot),50.0,5778.0,,Default Target,[],2333763.0,"['Fugetsu', 'Fuka']"
438996,439666,Dosis III,380.0,49391.0,,Default Target,[],147266966.0,[]
439105,439815,Lemure's Slice,280.0,31680.0,,Default Target,[],70719815.0,"[""Death's Design""]"
439298,439830,Auto,90.0,6660.0,,Default Target,[],2948197.0,['Fight or Flight']
439427,439959,Auto,90.0,0.0,,Default Target,[],0.0,['Enochian']
439359,439979,Hissatsu: Shinten,250.0,28561.0,,Default Target,[],57056461.0,"['Fugetsu', 'Fuka']"
438927,440087,Fire IV,300.0,79898.0,,Default Target,['3 Astral Fire'],197058271.0,['Enochian']
439100,440250,Air Anchor,660.0,81629.0,,Default Target,[],468551960.0,[]
439986,440526,Void Reaping,600.0,67895.0,,Default Target,['Enhanced Void Reaping'],324829882.0,"[""Death's Design"", 'Enhanced Void Reaping']"
440718,440718,Pile Bunker (pet),408.0,46099.0,,Default Target,[],149433618.0,[]
440197,440729,Auto,90.0,8941.0,,Default Target,['Surging Tempest'],5313749.0,['Surging Tempest']
439530,440820,Glare III,350.0,45381.0,,Default Target,[],121455354.0,[]
440449,440981,Auto,90.0,9146.0,,Default Target,[],5850300.0,"['Fugetsu', 'Fuka']"
440179,441239,Primal Ruination,780.0,119662.0,,Default Target,['Surging Tempest'],11930102.0,['Surging Tempest']
440880,441640,Gekko,420.0,47982.0,,Default Target,[],161026141.0,"['Fugetsu', 'Fuka']"
441145,441677,Auto,90.0,10837.0,,Default Target,[],8273889.0,"[""Death's Design""]"
441077,441697,Flare Star,500.0,133166.0,,Default Target,['3 Astral Fire'],547404282.0,['Enochian']
441030,441788,Shot,80.0,7251.0,,Default Target,[],3696450.0,[]
441000,441891,Blade of Valor,1000.0,99736.0,,Default Target,['Requiescat'],661260162.0,"['Fight or Flight', 'Requiescat']"
441538,442070,Auto,90.0,6660.0,,Default Target,[],2948197.0,['Fight or Flight']
441486,442106,Cross Reaping,600.0,67895.0,,Default Target,['Enhanced Cross Reaping'],324829882.0,"[""Death's Design"", 'Enhanced Cross Reaping']"
441437,442107,Dosis III,380.0,49391.0,,Default Target,[],147266966.0,[]
441601,442401,Heated Split Shot,220.0,27207.0,,Default Target,[],52053770.0,[]
441937,442469,Auto,90.0,21.0,,Default Target,[],25.0,[]
414269,442500,Dia (dot),85.0,11244.0,,Default Target,[],7456489.0,[]
426457,442500,Thunder (dot),60.0,10027.0,,Default Target,[],3103341.0,['Enochian']
429125,442500,Circle of Scorn (dot),30.0,2990.0,,Default Target,[],593707.0,['Fight or Flight']
436536,442500,Eukrasian Dosis III (dot),85.0,11245.0,,Default Target,[],7632622.0,[]
437399,442500,Higanbana (dot),50.0,5778.0,,Default Target,[],2333763.0,"['Fugetsu', 'Fuka']"
442007,442677,Paradox,540.0,79886.0,,Default Target,['3 Astral Fire'],197010726.0,['Enochian']
442707,442707,Triplecast,,,,,,,[]
442718,442718,Crowned Collider (pet),468.0,52884.0,,Default Target,[],196657166.0,[]
441625,442785,Blade of Honor,1000.0,99736.0,,Default Target,[],661260162.0,['Fight or Flight']
442106,442816,Lemure's Slice,280.0,31680.0,,Default Target,[],70719815.0,"[""Death's Design""]"
442460,442992,Auto,90.0,0.0,,Default Target,[],0.0,[]
442707,443239,Auto,90.0,0.0,,Default Target,[],0.0,['Enochian']
441960,443250,Glare III,350.0,45381.0,,Default Target,[],121455354.0,[]
442739,443271,Auto,90.0,9146.0,,Default Target,[],5850300.0,"['Fugetsu', 'Fuka']"
442679,443302,Maim,340.0,30239.0,,Default Target,['Surging Tempest'],60784922.0,['Surging Tempest']
443020,443870,Gyofu,240.0,27418.0,,Default Target,[],52581804.0,"['Fugetsu', 'Fuka']"
443557,444089,Auto,90.0,8941.0,,Default Target,['Surging Tempest'],5313749.0,['Surging Tempest']
443500,444258,Holy Spirit,500.0,49867.0,,Default Target,['Divine Might'],165307933.0,"['Divine Might', 'Fight or Flight']"
443778,444310,Auto,90.0,6660.0,,Default Target,[],2948197.0,['Fight or Flight']
443787,444407,Communio,1100.0,124476.0,,Default Target,[],1091814911.0,"[""Death's Design""]"
443670,444428,Shot,80.0,7251.0,,Default Target,[],3696450.0,[]
443877,444547,Dosis III,380.0,49391.0,,Default Target,[],147266966.0,[]
444157,444647,Despair,350.0,93213.0,,Default Target,['3 Astral Fire'],268247312.0,['Enochian']
444857,444857,Transpose,,,,,,,[]
444345,444877,Auto,90.0,10837.0,,Default Target,[],8273889.0,"[""Death's Design""]"
444101,444901,Heated Slug Shot,320.0,39574.0,,Default Target,[],110128346.0,[]
444737,445269,Auto,90.0,21.0,,Default Target,[],25.0,[]
414269,445500,Dia (dot),85.0,11244.0,,Default Target,[],7456489.0,[]
426457,445500,Thunder (dot),60.0,10027.0,,Default Target,[],3103341.0,['Enochian']
436536,445500,Eukrasian Dosis III (dot),85.0,11245.0,,Default Target,[],7632622.0,[]
437399,445500,Higanbana (dot),50.0,5778.0,,Default Target,[],2333763.0,"['Fugetsu', 'Fuka']"
445029,445561,Auto,90.0,9146.0,,Default Target,[],5850300.0,"['Fugetsu', 'Fuka']"
444390,445680,Glare III,350.0,45381.0,,Default Target,[],121455354.0,[]
445160,445960,Yukikaze,340.0,38842.0,,Default Target,[],105525015.0,"['Fugetsu', 'Fuka']"
445487,445977,Slice,420.0,47524.0,,Default Target,[],159145747.0,"[""Death's Design""]"
445900,446432,Auto,90.0,0.0,,Default Target,[],0.0,[]
445987,446519,Auto,90.0,0.0,,Default Target,[],0.0,['Enochian']
446018,446550,Auto,90.0,6660.0,,Default Target,[],2948197.0,['Fight or Flight']
445179,446694,Storm's Path,500.0,44474.0,,Default Target,['Surging Tempest'],131481340.0,['Surging Tempest']
446318,446988,Dosis III,380.0,49391.0,,Default Target,[],147266966.0,[]
446310,447068,Shot,80.0,7251.0,,Default Target,[],3696450.0,[]
446307,447147,Blizzard III,290.0,42893.0,,Default Target,['1 Umbral Ice'],56791993.0,"['Enochian', 'Triplecast']"
445860,447150,Dia,85.0,10969.0,,Default Target,[],7095404.0,[]
446000,447160,Supplication,500.0,49867.0,,Default Target,[],165307933.0,['Fight or Flight']
446602,447402,Heated Clean Shot,420.0,51946.0,,Default Target,[],189745438.0,[]
446917,447449,Auto,90.0,8941.0,,Default Target,['Surging Tempest'],5313749.0,['Surging Tempest']
447537,448069,Auto,90.0,21.0,,Default Target,[],25.0,[]
447545,448077,Auto,90.0,10837.0,,Default Target,[],8273889.0,"[""Death's Design""]"
448290,448290,Afflatus Rapture,,,,,,,[]
447679,448302,Fell Cleave,580.0,51589.0,,Default Target,['Surging Tempest'],176915445.0,['Surging Tempest']
426457,448500,Thunder (dot),60.0,10027.0,,Default Target,[],3103341.0,['Enochian']
436536,448500,Eukrasian Dosis III (dot),85.0,11245.0,,Default Target,[],7632622.0,[]
437399,448500,Higanbana (dot),50.0,5778.0,,Default Target,[],2333763.0,"['Fugetsu', 'Fuka']"
445860,448500,Dia (dot),85.0,11244.0,,Default Target,[],7456489.0,[]
447978,448558,Waxing Slice,500.0,56579.0,,Default Target,[],225581193.0,"[""Death's Design""]"
448100,448720,Midare Setsugekka,640.0,101332.0,,Default Target,[],119853464.0,"['Fugetsu', 'Fuka']"
448258,448790,Auto,90.0,5328.0,,Default Target,[],1887023.0,[]
448600,449132,Auto,90.0,9146.0,,Default Target,[],5850300.0,"['Fugetsu', 'Fuka']"
448758,449428,Dosis III,380.0,49391.0,,Default Target,[],147266966.0,[]
448457,449617,Blizzard IV,300.0,44387.0,,Default Target,['3 Umbral Ice'],60819838.0,"['Enochian', 'Triplecast']"
448950,449708,Shot,80.0,7251.0,,Default Target,[],3696450.0,[]
448500,449790,Sepulchre,540.0,43082.0,,Default Target,[],123387031.0,[]
449267,449799,Auto,90.0,0.0,,Default Target,[],0.0,['Enochian']
449340,449872,Auto,90.0,0.0,,Default Target,[],0.0,[]
449102,450252,Drill,660.0,81629.0,,Default Target,[],468551960.0,[]
449440,450290,Gyofu,240.0,27418.0,,Default Target,[],52581804.0,"['Fugetsu', 'Fuka']"
450179,450711,Heavy Swing,240.0,21341.0,,Default Target,['Surging Tempest'],30278556.0,['Surging Tempest']
450720,450720,Afflatus Rapture,,,,,,,[]
450277,450809,Auto,90.0,8941.0,,Default Target,['Surging Tempest'],5313749.0,['Surging Tempest']
450468,451008,Infernal Slice,600.0,67895.0,,Default Target,[],324829882.0,"[""Death's Design""]"
450498,451030,Auto,90.0,5328.0,,Default Target,[],1887023.0,[]
450607,451277,Paradox,540.0,79886.0,,Default Target,['3 Umbral Ice'],197010726.0,"['Enochian', 'Triplecast']"
450745,451277,Auto,90.0,10837.0,,Default Target,[],8273889.0,"[""Death's Design""]"
451307,451307,Transpose,,,,,,,[]
450890,451422,Auto,90.0,9146.0,,Default Target,[],5850300.0,"['Fugetsu', 'Fuka']"
426457,451500,Thunder (dot),60.0,10027.0,,Default Target,[],3103341.0,['Enochian']
436536,451500,Eukrasian Dosis III (dot),85.0,11245.0,,Default Target,[],7632622.0,[]
437399,451500,Higanbana (dot),50.0,5778.0,,Default Target,[],2333763.0,"['Fugetsu', 'Fuka']"
445860,451500,Dia (dot),85.0,11244.0,,Default Target,[],7456489.0,[]
451000,451623,Fast Blade,220.0,17548.0,,Default Target,[],20469011.0,[]
451198,451868,Dosis III,380.0,49391.0,,Default Target,[],147266966.0,[]
451088,452158,Gluttony,520.0,58841.0,,Default Target,[],243981522.0,"[""Death's Design""]"
451698,452230,Auto,90.0,21.0,,Default Target,[],25.0,[]
451590,452348,Shot,80.0,7251.0,,Default Target,[],3696450.0,[]
451580,452380,Yukikaze,340.0,38842.0,,Default Target,[],105525015.0,"['Fugetsu', 'Fuka']"
451603,452403,Heated Split Shot,220.0,27207.0,,Default Target,[],52053770.0,[]
452547,453079,Auto,90.0,0.0,,Default Target,[],0.0,['Enochian']
452738,453270,Auto,90.0,5328.0,,Default Target,[],1887023.0,[]
452679,453302,Maim,340.0,30239.0,,Default Target,['Surging Tempest'],60784922.0,['Surging Tempest']
452780,453312,Auto,90.0,0.0,,Default Target,[],0.0,[]
453180,453712,Auto,90.0,9146.0,,Default Target,[],5850300.0,"['Fugetsu', 'Fuka']"
453637,454169,Auto,90.0,8941.0,,Default Target,['Surging Tempest'],5313749.0,['Surging Tempest']
453500,454258,Riot Blade,330.0,26327.0,,Default Target,[],46074807.0,[]
453639,454309,Dosis III,380.0,49391.0,,Default Target,[],147266966.0,[]
453945,454477,Auto,90.0,10837.0,,Default Target,[],8273889.0,"[""Death's Design""]"
426457,454500,Thunder (dot),60.0,10027.0,,Default Target,[],3103341.0,['Enochian']
436536,454500,Eukrasian Dosis III (dot),85.0,11245.0,,Default Target,[],7632622.0,[]
437399,454500,Higanbana (dot),50.0,5778.0,,Default Target,[],2333763.0,"['Fugetsu', 'Fuka']"
445860,454500,Dia (dot),85.0,11244.0,,Default Target,[],7456489.0,[]
453720,454570,Gyofu,240.0,27418.0,,Default Target,[],52581804.0,"['Fugetsu', 'Fuka']"
454103,454903,Heated Slug Shot,320.0,39574.0,,Default Target,[],110128346.0,[]
454230,454988,Shot,80.0,7251.0,,Default Target,[],3696450.0,[]
454498,455030,Auto,90.0,21.0,,Default Target,[],25.0,[]
452959,455099,Executioner's Gallows,820.0,92789.0,,Default Target,['Enhanced Gallows'],606695908.0,"[""Death's Design"", 'Enhanced Gallows']"
454407,455167,High Thunder,150.0,22191.0,,Default Target,[],15203066.0,['Enochian']
454110,455400,Glare III,350.0,45381.0,,Default Target,[],121455354.0,[]
454978,455510,Auto,90.0,5328.0,,Default Target,[],1887023.0,[]
455580,455580,Afflatus Rapture,,,,,,,[]
455470,456002,Auto,90.0,9146.0,,Default Target,[],5850300.0,"['Fugetsu', 'Fuka']"
455449,456069,Executioner's Gibbet,820.0,92789.0,,Default Target,['Enhanced Gibbet'],606695908.0,"[""Death's Design"", 'Enhanced Gibbet']"
454907,456197,Fire III,290.0,60051.0,,Default Target,['3 Astral Fire'],111314107.0,['Enochian']
455827,456359,Auto,90.0,0.0,,Default Target,[],0.0,['Enochian']
455861,456481,Jinpu,300.0,34274.0,,Default Target,[],82159455.0,"['Fugetsu', 'Fuka']"
456000,456578,Royal Authority,460.0,36701.0,,Default Target,[],89538338.0,[]
456069,456609,Unveiled Gallows,440.0,49788.0,,Default Target,[],174669570.0,"[""Death's Design""]"
456079,456749,Dosis III,380.0,49391.0,,Default Target,[],147266966.0,[]
456750,456750,Taurochole,,,,,,,[]
456220,456752,Auto,90.0,0.0,,Default Target,[],0.0,[]
455179,456828,Storm's Eye,500.0,44474.0,,Default Target,['Surging Tempest'],131481340.0,['Surging Tempest']
456200,456870,Assize,400.0,51864.0,,Default Target,[],158638414.0,[]
456481,457101,Hissatsu: Shinten,250.0,28561.0,,Default Target,[],57056461.0,"['Fugetsu', 'Fuka']"
456604,457404,Heated Clean Shot,420.0,51946.0,,Default Target,[],189745438.0,[]
436536,457500,Eukrasian Dosis III (dot),85.0,11245.0,,Default Target,[],7632622.0,[]
437399,457500,Higanbana (dot),50.0,5778.0,,Default Target,[],2333763.0,"['Fugetsu', 'Fuka']"
445860,457500,Dia (dot),85.0,11244.0,,Default Target,[],7456489.0,[]
454407,457500,Thunder (dot),60.0,10027.0,,Default Target,[],3103341.0,['Enochian']
456997,457529,Auto,90.0,8941.0,,Default Target,['Surging Tempest'],5313749.0,['Surging Tempest']
456870,457628,Shot,80.0,7251.0,,Default Target,[],3696450.0,[]
457145,457677,Auto,90.0,10837.0,,Default Target,[],8273889.0,"[""Death's Design""]"
457218,457750,Auto,90.0,5328.0,,Default Target,[],1887023.0,[]
457298,457830,Auto,90.0,21.0,,Default Target,[],25.0,[]
457679,458211,Heavy Swing,240.0,21341.0,,Default Target,['Surging Tempest'],30278556.0,['Surging Tempest']
457760,458292,Auto,90.0,9146.0,,Default Target,[],5850300.0,"['Fugetsu', 'Fuka']"
457940,458430,Gallows,620.0,70159.0,,Default Target,['Enhanced Gallows'],346845630.0,"[""Death's Design"", 'Enhanced Gallows']"
458001,458761,Gekko,420.0,47982.0,,Default Target,[],161026141.0,"['Fugetsu', 'Fuka']"
458520,459190,Dosis III,380.0,49391.0,,Default Target,[],147266966.0,[]
458277,459437,Fire IV,300.0,79898.0,,Default Target,['3 Astral Fire'],197058271.0,['Enochian']
459107,459639,Auto,90.0,0.0,,Default Target,[],0.0,['Enochian']
458500,459793,Atonement,460.0,36701.0,,Default Target,[],89538338.0,[]
459104,459904,Heated Split Shot,220.0,27207.0,,Default Target,[],52053770.0,[]
459458,459990,Auto,90.0,5328.0,,Default Target,[],1887023.0,[]
459125,460148,Circle of Scorn,140.0,11164.0,,Default Target,[],8284059.0,[]
459660,460192,Auto,90.0,0.0,,Default Target,[],0.0,[]
458970,460260,Glare III,350.0,45381.0,,Default Target,[],121455354.0,[]
459510,460268,Shot,80.0,7251.0,,Default Target,[],3696450.0,[]
436536,460500,Eukrasian Dosis III (dot),85.0,11245.0,,Default Target,[],7632622.0,[]
437399,460500,Higanbana (dot),50.0,5778.0,,Default Target,[],2333763.0,"['Fugetsu', 'Fuka']"
445860,460500,Dia (dot),85.0,11244.0,,Default Target,[],7456489.0,[]
454407,460500,Thunder (dot),60.0,10027.0,,Default Target,[],3103341.0,['Enochian']
459125,460500,Circle of Scorn (dot),30.0,2392.0,,Default Target,[],380146.0,[]
460050,460582,Auto,90.0,9146.0,,Default Target,[],5850300.0,"['Fugetsu', 'Fuka']"
460179,460802,Maim,340.0,30239.0,,Default Target,['Surging Tempest'],60784922.0,['Surging Tempest']
460345,460877,Auto,90.0,10837.0,,Default Target,[],8273889.0,"[""Death's Design""]"
460357,460889,Auto,90.0,8941.0,,Default Target,['Surging Tempest'],5313749.0,['Surging Tempest']
460141,460991,Gyofu,240.0,27418.0,,Default Target,[],52581804.0,"['Fugetsu', 'Fuka']"
460430,461460,Soul Slice,520.0,58841.0,,Default Target,[],243981522.0,"[""Death's Design""]"
460427,461587,Fire IV,300.0,79898.0,,Default Target,['3 Astral Fire'],197058271.0,['Enochian']
461050,461590,Unveiled Gibbet,440.0,49788.0,,Default Target,[],174669570.0,"[""Death's Design""]"
460960,461630,Dosis III,380.0,49391.0,,Default Target,[],147266966.0,[]
461625,461982,Expiacion,450.0,35904.0,,Default Target,[],85693120.0,[]
461460,461992,Auto,90.0,21.0,,Default Target,[],25.0,[]
461000,462160,Supplication,500.0,39894.0,,Default Target,[],105795169.0,[]
461698,462230,Auto,90.0,5328.0,,Default Target,[],1887023.0,[]
461605,462405,Heated Slug Shot,320.0,39574.0,,Default Target,[],110128346.0,[]
461400,462690,Glare III,350.0,45381.0,,Default Target,[],121455354.0,[]
462340,462872,Auto,90.0,9146.0,,Default Target,[],5850300.0,"['Fugetsu', 'Fuka']"
462150,462908,Shot,80.0,7251.0,,Default Target,[],3696450.0,[]
462281,463081,Shifu,300.0,34274.0,,Default Target,[],82159455.0,"['Fugetsu', 'Fuka']"
462921,463411,Gibbet,620.0,70159.0,,Default Target,['Enhanced Gibbet'],346845630.0,"[""Death's Design"", 'Enhanced Gibbet']"
436536,463500,Eukrasian Dosis III (dot),85.0,11245.0,,Default Target,[],7632622.0,[]
437399,463500,Higanbana (dot),50.0,5778.0,,Default Target,[],2333763.0,"['Fugetsu', 'Fuka']"
445860,463500,Dia (dot),85.0,11244.0,,Default Target,[],7456489.0,[]
454407,463500,Thunder (dot),60.0,10027.0,,Default Target,[],3103341.0,['Enochian']
459125,463500,Circle of Scorn (dot),30.0,2392.0,,Default Target,[],380146.0,[]
462901,463521,Hissatsu: Shinten,250.0,28561.0,,Default Target,[],57056461.0,"['Fugetsu', 'Fuka']"
463077,463609,Auto,90.0,0.0,,Default Target,[],0.0,['Enochian']
462577,463737,Fire IV,300.0,79898.0,,Default Target,['3 Astral Fire'],197058271.0,['Enochian']
463401,464071,Dosis III,380.0,49391.0,,Default Target,[],147266966.0,[]
463545,464077,Auto,90.0,10837.0,,Default Target,[],8273889.0,"[""Death's Design""]"
462679,464194,Storm's Path,500.0,44474.0,,Default Target,['Surging Tempest'],131481340.0,['Surging Tempest']
463717,464249,Auto,90.0,8941.0,,Default Target,['Surging Tempest'],5313749.0,['Surging Tempest']
463938,464470,Auto,90.0,5328.0,,Default Target,[],1887023.0,[]
463500,464790,Sepulchre,540.0,43082.0,,Default Target,[],123387031.0,[]
464260,464792,Auto,90.0,21.0,,Default Target,[],25.0,[]
464330,464862,Auto,90.0,0.0,,Default Target,[],0.0,[]
464105,464905,Heated Clean Shot,420.0,51946.0,,Default Target,[],189745438.0,[]
464421,465041,Kasha,420.0,47982.0,,Default Target,[],161026141.0,"['Fugetsu', 'Fuka']"
463830,465120,Glare III,350.0,45381.0,,Default Target,[],121455354.0,[]
464630,465162,Auto,90.0,9146.0,,Default Target,[],5850300.0,"['Fugetsu', 'Fuka']"
464725,465435,Checkmate,180.0,22256.0,,Default Target,[],34830145.0,[]
464790,465548,Shot,80.0,7251.0,,Default Target,[],3696450.0,[]
465179,465802,Fell Cleave,580.0,51589.0,,Default Target,['Surging Tempest'],176915445.0,['Surging Tempest']
464727,465887,Fire IV,300.0,79898.0,,Default Target,['3 Astral Fire'],197058271.0,['Enochian']
436536,466500,Eukrasian Dosis III (dot),85.0,11245.0,,Default Target,[],7632622.0,[]
437399,466500,Higanbana (dot),50.0,5778.0,,Default Target,[],2333763.0,"['Fugetsu', 'Fuka']"
445860,466500,Dia (dot),85.0,11244.0,,Default Target,[],7456489.0,[]
454407,466500,Thunder (dot),60.0,10027.0,,Default Target,[],3103341.0,['Enochian']
459125,466500,Circle of Scorn (dot),30.0,2392.0,,Default Target,[],380146.0,[]
466502,466502,Druochole,,,,,,,[]
465411,466571,Shadow of Death,300.0,33945.0,,Default Target,[],81192021.0,"[""Death's Design""]"
466178,466710,Auto,90.0,5328.0,,Default Target,[],1887023.0,[]
466000,466758,Holy Spirit,500.0,39894.0,,Default Target,['Divine Might'],105795169.0,['Divine Might']
466561,467181,Kaeshi: Setsugekka,640.0,101332.0,,Default Target,[],119853464.0,"['Fugetsu', 'Fuka']"
466745,467277,Auto,90.0,10837.0,,Default Target,[],8273889.0,"[""Death's Design""]"
466920,467452,Auto,90.0,9146.0,,Default Target,[],5850300.0,"['Fugetsu', 'Fuka']"
466260,467550,Glare III,350.0,45381.0,,Default Target,[],121455354.0,[]
467060,467592,Auto,90.0,21.0,,Default Target,[],25.0,[]
467077,467609,Auto,90.0,8941.0,,Default Target,['Surging Tempest'],5313749.0,['Surging Tempest']
466606,467756,Drill,660.0,81629.0,,Default Target,[],468551960.0,[]
467377,467909,Auto,90.0,0.0,,Default Target,[],0.0,['Enochian']
466877,468037,Fire IV,300.0,79898.0,,Default Target,['3 Astral Fire'],197058271.0,['Enochian']
467430,468188,Shot,80.0,7251.0,,Default Target,[],3696450.0,[]
467679,468211,Heavy Swing,240.0,21341.0,,Default Target,['Surging Tempest'],30278556.0,['Surging Tempest']
467902,468392,Slice,420.0,47524.0,,Default Target,[],159145747.0,"[""Death's Design""]"
468418,468950,Auto,90.0,5328.0,,Default Target,[],1887023.0,[]
468950,468950,Kerachole,,,,,,,[]
468343,469013,Dosis III,380.0,49391.0,,Default Target,[],147266966.0,[]
468500,469123,Fast Blade,220.0,17548.0,,Default Target,[],20469011.0,[]
437399,469500,Higanbana (dot),50.0,5778.0,,Default Target,[],2333763.0,"['Fugetsu', 'Fuka']"
445860,469500,Dia (dot),85.0,11244.0,,Default Target,[],7456489.0,[]
454407,469500,Thunder (dot),60.0,10027.0,,Default Target,[],3103341.0,['Enochian']
459125,469500,Circle of Scorn (dot),30.0,2392.0,,Default Target,[],380146.0,[]
465882,469500,Eukrasian Dosis III (dot),85.0,11245.0,,Default Target,[],7632622.0,[]
469190,469722,Auto,90.0,0.0,,Default Target,[],0.0,[]
469106,469906,Heated Split Shot,220.0,27207.0,,Default Target,[],52053770.0,[]
468690,469980,Glare III,350.0,45381.0,,Default Target,[],121455354.0,[]
469501,470121,Midare Setsugekka,640.0,101332.0,,Default Target,[],119853464.0,"['Fugetsu', 'Fuka']"
469027,470187,Fire IV,300.0,79898.0,,Default Target,['3 Astral Fire'],197058271.0,['Enochian']
469945,470477,Auto,90.0,10837.0,,Default Target,[],8273889.0,"[""Death's Design""]"
470001,470533,Auto,90.0,9146.0,,Default Target,[],5850300.0,"['Fugetsu', 'Fuka']"
469957,470627,Paradox,540.0,79886.0,,Default Target,['3 Astral Fire'],197010726.0,['Enochian']
470179,470802,Maim,340.0,30239.0,,Default Target,['Surging Tempest'],60784922.0,['Surging Tempest']
470070,470828,Shot,80.0,7251.0,,Default Target,[],3696450.0,[]
470437,470969,Auto,90.0,8941.0,,Default Target,['Surging Tempest'],5313749.0,['Surging Tempest']
470392,470972,Waxing Slice,500.0,56579.0,,Default Target,[],225581193.0,"[""Death's Design""]"
470657,471189,Auto,90.0,0.0,,Default Target,[],0.0,['Enochian']
470658,471190,Auto,90.0,5328.0,,Default Target,[],1887023.0,[]
470783,471453,Dosis III,380.0,49391.0,,Default Target,[],147266966.0,[]
470841,471691,Gyofu,240.0,27418.0,,Default Target,[],52581804.0,"['Fugetsu', 'Fuka']"
471000,471758,Riot Blade,330.0,26327.0,,Default Target,[],46074807.0,[]
471283,471815,Auto,90.0,21.0,,Default Target,[],25.0,[]
471607,472407,Heated Slug Shot,320.0,39574.0,,Default Target,[],110128346.0,[]
471120,472410,Glare III,350.0,45381.0,,Default Target,[],121455354.0,[]
437399,472500,Higanbana (dot),50.0,5778.0,,Default Target,[],2333763.0,"['Fugetsu', 'Fuka']"
445860,472500,Dia (dot),85.0,11244.0,,Default Target,[],7456489.0,[]
454407,472500,Thunder (dot),60.0,10027.0,,Default Target,[],3103341.0,['Enochian']
459125,472500,Circle of Scorn (dot),30.0,2392.0,,Default Target,[],380146.0,[]
465882,472500,Eukrasian Dosis III (dot),85.0,11245.0,,Default Target,[],7632622.0,[]
472107,472597,Despair,350.0,93213.0,,Default Target,['3 Astral Fire'],268247312.0,['Enochian']
472807,472807,Manafont,,,,,,,[]
472291,472823,Auto,90.0,9146.0,,Default Target,[],5850300.0,"['Fugetsu', 'Fuka']"
472883,473423,Infernal Slice,600.0,67895.0,,Default Target,[],324829882.0,"[""Death's Design""]"
472898,473430,Auto,90.0,5328.0,,Default Target,[],1887023.0,[]
472710,473468,Shot,80.0,7251.0,,Default Target,[],3696450.0,[]
473145,473677,Auto,90.0,10837.0,,Default Target,[],8273889.0,"[""Death's Design""]"
472982,473782,Yukikaze,340.0,38842.0,,Default Target,[],105525015.0,"['Fugetsu', 'Fuka']"
473224,473894,Dosis III,380.0,49391.0,,Default Target,[],147266966.0,[]
473500,474078,Royal Authority,460.0,36701.0,,Default Target,[],89538338.0,[]
472679,474194,Storm's Path,500.0,44474.0,,Default Target,['Surging Tempest'],131481340.0,['Surging Tempest']
473797,474329,Auto,90.0,8941.0,,Default Target,['Surging Tempest'],5313749.0,['Surging Tempest']
473937,474469,Auto,90.0,0.0,,Default Target,[],0.0,['Enochian']
474050,474582,Auto,90.0,0.0,,Default Target,[],0.0,[]
474083,474615,Auto,90.0,21.0,,Default Target,[],25.0,[]
473550,474840,Glare III,350.0,45381.0,,Default Target,[],121455354.0,[]
474107,474907,Heated Clean Shot,420.0,51946.0,,Default Target,[],189745438.0,[]
474581,475113,Auto,90.0,9146.0,,Default Target,[],5850300.0,"['Fugetsu', 'Fuka']"
437399,475500,Higanbana (dot),50.0,5778.0,,Default Target,[],2333763.0,"['Fugetsu', 'Fuka']"
445860,475500,Dia (dot),85.0,11244.0,,Default Target,[],7456489.0,[]
454407,475500,Thunder (dot),60.0,10027.0,,Default Target,[],3103341.0,['Enochian']
465882,475500,Eukrasian Dosis III (dot),85.0,11245.0,,Default Target,[],7632622.0,[]
475138,475670,Auto,90.0,5328.0,,Default Target,[],1887023.0,[]
475180,475712,Heavy Swing,240.0,21341.0,,Default Target,['Surging Tempest'],30278556.0,['Surging Tempest']
475373,475863,Slice,420.0,47524.0,,Default Target,[],159145747.0,"[""Death's Design""]"
475122,475972,Gyofu,240.0,27418.0,,Default Target,[],52581804.0,"['Fugetsu', 'Fuka']"
475477,476097,Flare Star,500.0,133166.0,,Default Target,['3 Astral Fire'],547404282.0,['Enochian']
475350,476108,Shot,80.0,7251.0,,Default Target,[],3696450.0,[]
475020,476310,Dia,85.0,10969.0,,Default Target,[],7095404.0,[]
475664,476334,Dosis III,380.0,49391.0,,Default Target,[],147266966.0,[]
475742,476362,Hissatsu: Shinten,250.0,28561.0,,Default Target,[],57056461.0,"['Fugetsu', 'Fuka']"
476000,476623,Fast Blade,220.0,17548.0,,Default Target,[],20469011.0,[]
476345,476877,Auto,90.0,10837.0,,Default Target,[],8273889.0,"[""Death's Design""]"
476407,477027,Xenoglossy,890.0,131676.0,,Default Target,[],535209949.0,['Enochian']
476871,477403,Auto,90.0,9146.0,,Default Target,[],5850300.0,"['Fugetsu', 'Fuka']"
476608,477408,Heated Split Shot,220.0,27207.0,,Default Target,[],52053770.0,[]
476883,477415,Auto,90.0,21.0,,Default Target,[],25.0,[]
477157,477689,Auto,90.0,8941.0,,Default Target,['Surging Tempest'],5313749.0,['Surging Tempest']
477217,477749,Auto,90.0,0.0,,Default Target,[],0.0,['Enochian']
477262,477882,Jinpu,300.0,34274.0,,Default Target,[],82159455.0,"['Fugetsu', 'Fuka']"
477378,477910,Auto,90.0,5328.0,,Default Target,[],1887023.0,[]
477680,478303,Maim,340.0,30239.0,,Default Target,['Surging Tempest'],60784922.0,['Surging Tempest']
477864,478444,Waxing Slice,500.0,56579.0,,Default Target,[],225581193.0,"[""Death's Design""]"
437399,478500,Higanbana (dot),50.0,5778.0,,Default Target,[],2333763.0,"['Fugetsu', 'Fuka']"
454407,478500,Thunder (dot),60.0,10027.0,,Default Target,[],3103341.0,['Enochian']
465882,478500,Eukrasian Dosis III (dot),85.0,11245.0,,Default Target,[],7632622.0,[]
475020,478500,Dia (dot),85.0,11244.0,,Default Target,[],7456489.0,[]
477990,478748,Shot,80.0,7251.0,,Default Target,[],3696450.0,[]
478104,478774,Dosis III,380.0,49391.0,,Default Target,[],147266966.0,[]
478484,479024,Unveiled Gallows,440.0,49788.0,,Default Target,[],174669570.0,"[""Death's Design""]"
478500,479258,Riot Blade,330.0,26327.0,,Default Target,[],46074807.0,[]
478910,479442,Auto,90.0,0.0,,Default Target,[],0.0,[]
479161,479693,Auto,90.0,9146.0,,Default Target,[],5850300.0,"['Fugetsu', 'Fuka']"
478410,479700,Glare III,350.0,45381.0,,Default Target,[],121455354.0,[]
479728,479728,Automaton Queen,,,,,,,[]
479545,480077,Auto,90.0,10837.0,,Default Target,[],8273889.0,"[""Death's Design""]"
479618,480150,Auto,90.0,5328.0,,Default Target,[],1887023.0,[]
479402,480162,Gekko,420.0,47982.0,,Default Target,[],161026141.0,"['Fugetsu', 'Fuka']"
479108,480258,Air Anchor,660.0,81629.0,,Default Target,[],468551960.0,[]
480354,480844,Gallows,620.0,70159.0,,Default Target,['Enhanced Gallows'],346845630.0,"[""Death's Design"", 'Enhanced Gallows']"
479777,480937,Fire IV,300.0,79898.0,,Default Target,['3 Astral Fire'],197058271.0,['Enochian']
480974,480974,Enshroud,,,,,,,[]
480497,481029,Auto,90.0,0.0,,Default Target,[],0.0,['Enochian']
480517,481049,Auto,90.0,8941.0,,Default Target,['Surging Tempest'],5313749.0,['Surging Tempest']
480545,481215,Dosis III,380.0,49391.0,,Default Target,[],147266966.0,[]
480630,481388,Shot,80.0,7251.0,,Default Target,[],3696450.0,[]
437399,481500,Higanbana (dot),50.0,5778.0,,Default Target,[],2333763.0,"['Fugetsu', 'Fuka']"
454407,481500,Thunder (dot),60.0,10027.0,,Default Target,[],3103341.0,['Enochian']
465882,481500,Eukrasian Dosis III (dot),85.0,11245.0,,Default Target,[],7632622.0,[]
475020,481500,Dia (dot),85.0,11244.0,,Default Target,[],7456489.0,[]
481045,481577,Auto,90.0,21.0,,Default Target,[],25.0,[]
481000,481758,Holy Spirit,500.0,39894.0,,Default Target,['Divine Might'],105795169.0,['Divine Might']
480180,481829,Storm's Eye,500.0,44474.0,,Default Target,['Surging Tempest'],131481340.0,['Surging Tempest']
481451,481983,Auto,90.0,9146.0,,Default Target,[],5850300.0,"['Fugetsu', 'Fuka']"
480840,482130,Glare III,350.0,45381.0,,Default Target,[],121455354.0,[]
482229,482229,Barrel Stabilizer,,,,,,,[]
481858,482390,Auto,90.0,5328.0,,Default Target,[],1887023.0,[]
481542,482392,Gyofu,240.0,27418.0,,Default Target,[],52581804.0,"['Fugetsu', 'Fuka']"
481609,482759,Drill,660.0,81629.0,,Default Target,[],468551960.0,[]
481927,483087,Fire IV,300.0,79898.0,,Default Target,['3 Astral Fire'],197058271.0,['Enochian']
482680,483212,Heavy Swing,240.0,21341.0,,Default Target,['Surging Tempest'],30278556.0,['Surging Tempest']
482745,483277,Auto,90.0,10837.0,,Default Target,[],8273889.0,"[""Death's Design""]"
482845,483385,Void Reaping,540.0,61101.0,,Default Target,[],263068010.0,"[""Death's Design""]"
482857,483527,Paradox,540.0,79886.0,,Default Target,['3 Astral Fire'],197010726.0,['Enochian']
482849,483559,Double Check,180.0,22256.0,,Default Target,[],34830145.0,[]
483593,483593,Rhizomata,,,,,,,[]
482985,483655,Dosis III,380.0,49391.0,,Default Target,[],147266966.0,[]
483270,484028,Shot,80.0,7251.0,,Default Target,[],3696450.0,[]
483469,484179,Checkmate,180.0,22256.0,,Default Target,[],34830145.0,[]
483741,484273,Auto,90.0,9146.0,,Default Target,[],5850300.0,"['Fugetsu', 'Fuka']"
483770,484302,Auto,90.0,0.0,,Default Target,[],0.0,[]
483777,484309,Auto,90.0,0.0,,Default Target,[],0.0,['Enochian']
484357,484357,Ley Lines,,,,,,,[]
483845,484377,Auto,90.0,21.0,,Default Target,[],25.0,[]
483877,484409,Auto,90.0,8941.0,,Default Target,['Surging Tempest'],5313749.0,['Surging Tempest']
483682,484482,Shifu,300.0,34274.0,,Default Target,[],82159455.0,"['Fugetsu', 'Fuka']"
437399,484500,Higanbana (dot),50.0,5778.0,,Default Target,[],2333763.0,"['Fugetsu', 'Fuka']"
454407,484500,Thunder (dot),60.0,10027.0,,Default Target,[],3103341.0,['Enochian']
465882,484500,Eukrasian Dosis III (dot),85.0,11245.0,,Default Target,[],7632622.0,[]
475020,484500,Dia (dot),85.0,11244.0,,Default Target,[],7456489.0,[]
483270,484560,Glare III,350.0,45381.0,,Default Target,[],121455354.0,[]
484098,484630,Auto,90.0,5328.0,,Default Target,[],1887023.0,[]
484729,484729,Reassemble,,,,,,,[]
483500,484793,Atonement,460.0,36701.0,,Default Target,[],89538338.0,[]
484302,484922,Hissatsu: Shinten,250.0,28561.0,,Default Target,[],57056461.0,"['Fugetsu', 'Fuka']"
484109,485139,Chain Saw,660.0,81629.0,,Default Target,[],468551960.0,[]
485228,485228,Roller Dash (pet),432.0,48811.0,,Default Target,[],167525369.0,[]
485473,485473,Arcane Circle,,,,,,,[]
484345,485505,Shadow of Death,300.0,33945.0,,Default Target,[],81192021.0,"[""Death's Design""]"
485606,485606,Arcane Circle,,,,,,,[]
485606,485606,Arcane Circle,,,,,,,[]
485606,485606,Arcane Circle,,,,,,,[]
485606,485606,Arcane Circle,,,,,,,[]
485606,485606,Arcane Circle,,,,,,,[]
485606,485606,Arcane Circle,,,,,,,[]
485606,485606,Arcane Circle,,,,,,,[]
485180,485803,Fell Cleave,580.0,51589.0,,Default Target,['Surging Tempest'],176915445.0,['Surging Tempest']
485805,485805,Inner Release,,,,,,,[]
485349,486059,Double Check,180.0,22256.0,,Default Target,[],34830145.0,[]
485426,486096,Dosis III,380.0,49391.0,,Default Target,[],147266966.0,[]
486303,486303,Presence of Mind,,,,,,,[]
486430,486430,Infuriate,,,,,,,[]
485822,486442,Kasha,420.0,47982.0,,Default Target,[],161026141.0,"['Fugetsu', 'Fuka']"
486442,486442,Meikyo Shisui,,,,,,,[]
485945,486477,Auto,90.0,10837.0,,Default Target,[],8273889.0,"[""Death's Design""]"
486031,486563,Auto,90.0,9146.0,,Default Target,[],5850300.0,"['Fugetsu', 'Fuka']"
486625,486625,Fight or Flight,,,,,,,[]
485910,486668,Shot,80.0,7251.0,,Default Target,[],3696450.0,[]
486338,486870,Auto,90.0,5488.0,,Default Target,[],2001639.0,['Arcane Circle']
485701,486991,Glare III,350.0,45381.0,,Default Target,[],121455354.0,[]
486000,487160,Supplication,500.0,39894.0,,Default Target,[],105795169.0,[]
486017,487177,Fire IV,300.0,79898.0,,Default Target,['3 Astral Fire'],197058271.0,"['Enochian', 'Ley Lines']"
486645,487177,Auto,90.0,21.0,,Default Target,[],25.0,['Arcane Circle']
486836,487456,Cross Reaping,600.0,69932.0,,Default Target,['Enhanced Cross Reaping'],344616536.0,"['Arcane Circle', ""Death's Design"", 'Enhanced Cross Reaping']"
437399,487500,Higanbana (dot),50.0,5778.0,,Default Target,[],2333763.0,"['Fugetsu', 'Fuka']"
465882,487500,Eukrasian Dosis III (dot),85.0,11245.0,,Default Target,[],7632622.0,[]
475020,487500,Dia (dot),85.0,11244.0,,Default Target,[],7456489.0,[]
486906,487576,Phlegma III,600.0,80368.0,,Default Target,[],389906862.0,['Arcane Circle']
486610,487680,Excavator,660.0,144857.0,,Default Target,['Reassemble'],17479774.0,"['Arcane Circle', 'Reassemble']"
487237,487769,Auto,90.0,9209.0,,Default Target,['Surging Tempest'],5637007.0,"['Arcane Circle', 'Surging Tempest']"
487230,487940,Checkmate,180.0,22923.0,,Default Target,[],36952509.0,['Arcane Circle']
487456,488216,Sacrificium,600.0,69932.0,,Default Target,[],344616536.0,"['Arcane Circle', ""Death's Design""]"
488428,488428,Arm Punch (pet),216.0,25132.0,,Default Target,[],44408968.0,['Arcane Circle']
487250,488540,Imperator,580.0,59579.0,,Default Target,[],235972942.0,"['Arcane Circle', 'Fight or Flight']"
487850,488560,Double Check,180.0,22923.0,,Default Target,[],36952509.0,['Arcane Circle']
487963,488583,Kaeshi: Setsugekka,640.0,104372.0,,Default Target,[],127156466.0,"['Arcane Circle', 'Fugetsu', 'Fuka']"
487680,488617,Inner Chaos,660.0,104286.0,,Default Target,['Surging Tempest'],9063670.0,"['Arcane Circle', 'Surging Tempest']"
488321,488853,Auto,90.0,9420.0,,Default Target,[],6205884.0,"['Arcane Circle', 'Fugetsu', 'Fuka']"
488331,488863,Auto,90.0,0.0,,Default Target,[],0.0,"['Arcane Circle', 'Presence of Mind']"
488336,488876,Void Reaping,600.0,69932.0,,Default Target,['Enhanced Void Reaping'],344616536.0,"['Arcane Circle', ""Death's Design"", 'Enhanced Void Reaping']"
488305,488928,Upheaval,420.0,38476.0,,Default Target,['Surging Tempest'],98408059.0,"['Arcane Circle', 'Surging Tempest']"
488207,488967,High Thunder,150.0,22857.0,,Default Target,[],16128286.0,"['Arcane Circle', 'Enochian', 'Ley Lines']"
488500,489034,Goring Blade,700.0,71908.0,,Default Target,[],343744737.0,"['Arcane Circle', 'Fight or Flight']"
488578,489110,Auto,90.0,6860.0,,Default Target,[],3127432.0,"['Arcane Circle', 'Fight or Flight']"
487831,489121,Glare III,350.0,46741.0,,Default Target,[],128850869.0,"['Arcane Circle', 'Presence of Mind']"
488583,489163,Shoha,640.0,75315.0,,Default Target,[],396735812.0,"['Arcane Circle', 'Fugetsu', 'Fuka']"
488707,489239,Auto,90.0,0.0,,Default Target,[],0.0,"['Arcane Circle', 'Enochian', 'Ley Lines']"
488550,489308,Shot,80.0,7468.0,,Default Target,[],3921085.0,['Arcane Circle']
488930,489597,Onslaught,150.0,13739.0,,Default Target,['Surging Tempest'],12547811.0,"['Arcane Circle', 'Surging Tempest']"
488956,489666,Lemure's Slice,280.0,32630.0,,Default Target,[],75028119.0,"['Arcane Circle', ""Death's Design""]"
489145,489677,Auto,90.0,11162.0,,Default Target,[],8778880.0,"['Arcane Circle', ""Death's Design""]"
489730,489730,Hypercharge,,,,,,,[]
489111,489961,Glare IV,640.0,85459.0,,Default Target,[],430731501.0,"['Arcane Circle', 'Presence of Mind']"
489445,489977,Auto,90.0,21.0,,Default Target,[],25.0,['Arcane Circle']
490028,490028,Arm Punch (pet),216.0,25132.0,,Default Target,[],44408968.0,['Arcane Circle']
489110,490140,Full Metal Field,900.0,197537.0,,Default Target,[],32531547.0,['Arcane Circle']
489125,490148,Circle of Scorn,140.0,14374.0,,Default Target,[],13730946.0,"['Arcane Circle', 'Fight or Flight']"
489521,490191,Phlegma III,600.0,80368.0,,Default Target,[],389906862.0,['Arcane Circle']
489837,490457,Cross Reaping,600.0,69932.0,,Default Target,['Enhanced Cross Reaping'],344616536.0,"['Arcane Circle', ""Death's Design"", 'Enhanced Cross Reaping']"
437399,490500,Higanbana (dot),50.0,5778.0,,Default Target,[],2333763.0,"['Fugetsu', 'Fuka']"
465882,490500,Eukrasian Dosis III (dot),85.0,11245.0,,Default Target,[],7632622.0,[]
475020,490500,Dia (dot),85.0,11244.0,,Default Target,[],7456489.0,[]
488207,490500,Thunder (dot),60.0,10327.0,,Default Target,[],3292696.0,"['Arcane Circle', 'Enochian', 'Ley Lines']"
489125,490500,Circle of Scorn (dot),30.0,3079.0,,Default Target,[],629828.0,"['Arcane Circle', 'Fight or Flight']"
489677,490837,Fire IV,300.0,82294.0,,Default Target,['3 Astral Fire'],209057070.0,"['Arcane Circle', 'Enochian', 'Ley Lines']"
490597,491129,Auto,90.0,9209.0,,Default Target,['Surging Tempest'],5637007.0,"['Arcane Circle', 'Surging Tempest']"
490457,491167,Lemure's Slice,280.0,32630.0,,Default Target,[],75028119.0,"['Arcane Circle', ""Death's Design""]"
490180,491340,Primal Rend,700.0,110613.0,,Default Target,['Surging Tempest'],10193633.0,"['Arcane Circle', 'Surging Tempest']"
490818,491350,Auto,90.0,6860.0,,Default Target,[],3127432.0,"['Arcane Circle', 'Fight or Flight']"
491081,491613,Auto,90.0,0.0,,Default Target,[],0.0,"['Arcane Circle', 'Presence of Mind']"
491628,491628,Arm Punch (pet),216.0,25132.0,,Default Target,[],44408968.0,['Arcane Circle']
490713,491743,Tendo Setsugekka,1100.0,179392.0,,Default Target,[],375638853.0,"['Arcane Circle', 'Fugetsu', 'Fuka']"
491213,491745,Auto,90.0,9420.0,,Default Target,[],6205884.0,"['Arcane Circle', 'Fugetsu', 'Fuka']"
491051,491901,Glare IV,640.0,85459.0,,Default Target,[],430731501.0,"['Arcane Circle', 'Presence of Mind']"
491190,491948,Shot,80.0,7468.0,,Default Target,[],3921085.0,['Arcane Circle']
491625,491982,Expiacion,450.0,46226.0,,Default Target,[],142052572.0,"['Arcane Circle', 'Fight or Flight']"
491380,492047,Onslaught,150.0,13739.0,,Default Target,['Surging Tempest'],12547811.0,"['Arcane Circle', 'Surging Tempest']"
491503,492123,Hissatsu: Shinten,250.0,29418.0,,Default Target,[],60533551.0,"['Arcane Circle', 'Fugetsu', 'Fuka']"
491000,492290,Sepulchre,540.0,55468.0,,Default Target,[],204533505.0,"['Arcane Circle', 'Fight or Flight']"
491611,492461,Blazing Shot,260.0,33118.0,,Default Target,['Overheated'],77133211.0,"['Arcane Circle', 'Overheated']"
492007,492539,Auto,90.0,0.0,,Default Target,[],0.0,"['Arcane Circle', 'Enochian', 'Ley Lines']"
491507,492667,Fire IV,300.0,82294.0,,Default Target,['3 Astral Fire'],209057070.0,"['Arcane Circle', 'Enochian', 'Ley Lines']"
492137,492757,Communio,1100.0,128211.0,,Default Target,[],1158307719.0,"['Arcane Circle', ""Death's Design""]"
492231,492941,Checkmate,180.0,22923.0,,Default Target,[],36952509.0,['Arcane Circle']
492637,493169,Auto,90.0,11162.0,,Default Target,[],8778880.0,"['Arcane Circle', ""Death's Design""]"
493228,493228,Pile Bunker (pet),612.0,71229.0,,Default Target,[],356769411.0,['Arcane Circle']
492243,493273,Tendo Kaeshi Setsugekka,1100.0,179392.0,,Default Target,[],375638853.0,"['Arcane Circle', 'Fugetsu', 'Fuka']"
492680,493303,Fell Cleave,580.0,91649.0,,Default Target,['Surging Tempest'],6999768.0,"['Arcane Circle', 'Inner Release', 'Surging Tempest']"
437399,493500,Higanbana (dot),50.0,5778.0,,Default Target,[],2333763.0,"['Fugetsu', 'Fuka']"
465882,493500,Eukrasian Dosis III (dot),85.0,11245.0,,Default Target,[],7632622.0,[]
475020,493500,Dia (dot),85.0,11244.0,,Default Target,[],7456489.0,[]
488207,493500,Thunder (dot),60.0,10327.0,,Default Target,[],3292696.0,"['Arcane Circle', 'Enochian', 'Ley Lines']"
489125,493500,Circle of Scorn (dot),30.0,3079.0,,Default Target,[],629828.0,"['Arcane Circle', 'Fight or Flight']"
493058,493590,Auto,90.0,6860.0,,Default Target,[],3127432.0,"['Arcane Circle', 'Fight or Flight']"
492921,493591,Dosis III,380.0,50872.0,,Default Target,[],156234075.0,['Arcane Circle']
493167,493837,Hissatsu: Senei,800.0,94145.0,,Default Target,[],619920957.0,"['Arcane Circle', 'Fugetsu', 'Fuka']"
492991,493841,Glare IV,640.0,85459.0,,Default Target,[],430731501.0,"['Arcane Circle', 'Presence of Mind']"
493421,493953,Auto,90.0,21.0,,Default Target,[],25.0,['Arcane Circle']
493111,493961,Blazing Shot,260.0,33118.0,,Default Target,['Overheated'],77133211.0,"['Arcane Circle', 'Overheated']"
493305,493972,Onslaught,150.0,13739.0,,Default Target,['Surging Tempest'],12547811.0,"['Arcane Circle', 'Surging Tempest']"
493503,494035,Auto,90.0,9420.0,,Default Target,[],6205884.0,"['Arcane Circle', 'Fugetsu', 'Fuka']"
493500,494123,Confiteor,1000.0,102728.0,,Default Target,['Requiescat'],701541641.0,"['Arcane Circle', 'Fight or Flight', 'Requiescat']"
493831,494363,Auto,90.0,0.0,,Default Target,[],0.0,"['Arcane Circle', 'Presence of Mind']"
493731,494441,Double Check,180.0,22923.0,,Default Target,[],36952509.0,['Arcane Circle']
494458,494458,Enshroud,,,,,,,[]
493957,494489,Auto,90.0,9209.0,,Default Target,['Surging Tempest'],5637007.0,"['Arcane Circle', 'Surging Tempest']"
493338,494498,Fire IV,300.0,82294.0,,Default Target,['3 Astral Fire'],209057070.0,"['Arcane Circle', 'Enochian', 'Ley Lines']"
493830,494588,Shot,80.0,7468.0,,Default Target,[],3921085.0,['Arcane Circle']
494125,494703,Intervene,150.0,15406.0,,Default Target,[],15776871.0,"['Arcane Circle', 'Fight or Flight']"
493838,494998,Plentiful Harvest,1000.0,116554.0,,Default Target,[],957269112.0,"['Arcane Circle', ""Death's Design""]"
495003,495003,Ikishoten,,,,,,,[]
494383,495143,Gekko,420.0,49421.0,,Default Target,['Meikyo Shisui'],170834077.0,"['Arcane Circle', 'Fugetsu', 'Fuka', 'Meikyo Shisui']"
495228,495228,Crowned Collider (pet),702.0,81703.0,,Default Target,[],469398452.0,['Arcane Circle']
494612,495462,Blazing Shot,260.0,33118.0,,Default Target,['Overheated'],77133211.0,"['Arcane Circle', 'Overheated']"
495168,495788,Flare Star,500.0,137161.0,,Default Target,['3 Astral Fire'],580733494.0,"['Arcane Circle', 'Enochian', 'Ley Lines']"
495180,495803,Fell Cleave,580.0,91649.0,,Default Target,['Surging Tempest'],6999768.0,"['Arcane Circle', 'Inner Release', 'Surging Tempest']"
495298,495830,Auto,90.0,6860.0,,Default Target,[],3127432.0,"['Arcane Circle', 'Fight or Flight']"
495078,495838,Sacrificium,600.0,69932.0,,Default Target,[],344616536.0,"['Arcane Circle', ""Death's Design""]"
495232,495942,Checkmate,180.0,22923.0,,Default Target,[],36952509.0,['Arcane Circle']
495668,496200,Auto,90.0,0.0,,Default Target,[],0.0,"['Arcane Circle', 'Enochian', 'Ley Lines']"
495793,496325,Auto,90.0,9420.0,,Default Target,[],6205884.0,"['Arcane Circle', 'Fugetsu', 'Fuka']"
495837,496369,Auto,90.0,11162.0,,Default Target,[],8778880.0,"['Arcane Circle', ""Death's Design""]"
437399,496500,Higanbana (dot),50.0,5778.0,,Default Target,[],2333763.0,"['Fugetsu', 'Fuka']"
475020,496500,Dia (dot),85.0,11244.0,,Default Target,[],7456489.0,[]
488207,496500,Thunder (dot),60.0,10327.0,,Default Target,[],3292696.0,"['Arcane Circle', 'Enochian', 'Ley Lines']"
489125,496500,Circle of Scorn (dot),30.0,3079.0,,Default Target,[],629828.0,"['Arcane Circle', 'Fight or Flight']"
495403,496500,Eukrasian Dosis III (dot),85.0,11582.0,,Default Target,[],8097197.0,['Arcane Circle']
496038,496658,Xenoglossy,890.0,135626.0,,Default Target,[],567803563.0,"['Arcane Circle', 'Enochian', 'Ley Lines']"
496000,496666,Blade of Faith,760.0,78075.0,,Default Target,['Requiescat'],405221164.0,"['Arcane Circle', 'Fight or Flight', 'Requiescat']"
496221,496753,Auto,90.0,21.0,,Default Target,[],25.0,['Arcane Circle']
496328,496868,Void Reaping,540.0,62934.0,,Default Target,[],279091283.0,"['Arcane Circle', ""Death's Design""]"
496200,496870,Assize,400.0,53419.0,,Default Target,[],168296736.0,"['Arcane Circle', 'Presence of Mind']"
495591,496881,Glare III,350.0,46741.0,,Default Target,[],128850869.0,"['Arcane Circle', 'Presence of Mind']"
496112,496962,Blazing Shot,260.0,33118.0,,Default Target,['Overheated'],77133211.0,"['Arcane Circle', 'Overheated']"
496581,497113,Auto,90.0,0.0,,Default Target,[],0.0,"['Arcane Circle', 'Presence of Mind']"
496023,497123,Psyche,600.0,80368.0,,Default Target,[],389906862.0,['Arcane Circle']
496625,497203,Intervene,150.0,15406.0,,Default Target,[],15776871.0,"['Arcane Circle', 'Fight or Flight']"
496470,497228,Shot,80.0,7468.0,,Default Target,[],3921085.0,['Arcane Circle']
496732,497442,Double Check,180.0,22923.0,,Default Target,[],36952509.0,['Arcane Circle']
496871,497451,Afflatus Misery,1400.0,186976.0,,Default Target,[],2061802472.0,"['Arcane Circle', 'Presence of Mind']"
497317,497849,Auto,90.0,9209.0,,Default Target,['Surging Tempest'],5637007.0,"['Arcane Circle', 'Surging Tempest']"
497323,497943,Higanbana,200.0,23532.0,,Default Target,[],38733013.0,"['Arcane Circle', 'Fugetsu', 'Fuka']"
497538,498070,Auto,90.0,6860.0,,Default Target,[],3127432.0,"['Arcane Circle', 'Fight or Flight']"
497680,498303,Fell Cleave,580.0,91649.0,,Default Target,['Surging Tempest'],6999768.0,"['Arcane Circle', 'Inner Release', 'Surging Tempest']"
497829,498449,Cross Reaping,600.0,69932.0,,Default Target,['Enhanced Cross Reaping'],344616536.0,"['Arcane Circle', ""Death's Design"", 'Enhanced Cross Reaping']"
497613,498463,Blazing Shot,260.0,33118.0,,Default Target,['Overheated'],77133211.0,"['Arcane Circle', 'Overheated']"
497868,498488,Xenoglossy,890.0,135626.0,,Default Target,[],567803563.0,"['Arcane Circle', 'Enochian', 'Ley Lines']"
497863,498533,Dosis III,380.0,50872.0,,Default Target,[],156234075.0,['Arcane Circle']
498083,498615,Auto,90.0,9420.0,,Default Target,[],6205884.0,"['Arcane Circle', 'Fugetsu', 'Fuka']"
498930,498930,Infuriate,,,,,,,[]
498233,498943,Checkmate,180.0,22923.0,,Default Target,[],36952509.0,['Arcane Circle']
497924,498954,Zanshin,940.0,110619.0,,Default Target,[],855856194.0,"['Arcane Circle', 'Fugetsu', 'Fuka']"
498448,498980,Auto,90.0,0.0,,Default Target,[],0.0,"['Arcane Circle', 'Enochian', 'Ley Lines']"
498449,499159,Lemure's Slice,280.0,32630.0,,Default Target,[],75028119.0,"['Arcane Circle', ""Death's Design""]"
498500,499391,Blade of Truth,880.0,90399.0,,Default Target,['Requiescat'],543243624.0,"['Arcane Circle', 'Fight or Flight', 'Requiescat']"
498305,499455,Primal Wrath,700.0,64131.0,,Default Target,['Surging Tempest'],273411936.0,"['Arcane Circle', 'Surging Tempest']"
475020,499500,Dia (dot),85.0,11244.0,,Default Target,[],7456489.0,[]
488207,499500,Thunder (dot),60.0,10327.0,,Default Target,[],3292696.0,"['Arcane Circle', 'Enochian', 'Ley Lines']"
489125,499500,Circle of Scorn (dot),30.0,3079.0,,Default Target,[],629828.0,"['Arcane Circle', 'Fight or Flight']"
495403,499500,Eukrasian Dosis III (dot),85.0,11582.0,,Default Target,[],8097197.0,['Arcane Circle']
497323,499500,Higanbana (dot),50.0,5951.0,,Default Target,[],2476337.0,"['Arcane Circle', 'Fugetsu', 'Fuka']"
499021,499553,Auto,90.0,21.0,,Default Target,[],25.0,['Arcane Circle']
499037,499569,Auto,90.0,11162.0,,Default Target,[],8778880.0,"['Arcane Circle', ""Death's Design""]"
499110,499868,Shot,80.0,7468.0,,Default Target,[],3921085.0,['Arcane Circle']
499329,499869,Void Reaping,600.0,69932.0,,Default Target,['Enhanced Void Reaping'],344616536.0,"['Arcane Circle', ""Death's Design"", 'Enhanced Void Reaping']"
499113,499913,Heated Slug Shot,320.0,40761.0,,Default Target,[],116838807.0,['Arcane Circle']
499463,499963,Ogi Namikiri,1000.0,163087.0,,Default Target,[],310457357.0,"['Arcane Circle', 'Fugetsu', 'Fuka']"
499778,500310,Auto,90.0,6860.0,,Default Target,[],3127432.0,"['Arcane Circle', 'Fight or Flight']"
499698,500318,Xenoglossy,890.0,135626.0,,Default Target,[],567803563.0,"['Arcane Circle', 'Enochian', 'Ley Lines']"
500353,500353,Reassemble,,,,,,,[]
500398,500398,Triplecast,,,,,,,[]
499733,500443,Double Check,180.0,22923.0,,Default Target,[],36952509.0,['Arcane Circle']
499971,500503,Auto,90.0,0.0,,Default Target,[],0.0,"['Arcane Circle', 'Presence of Mind']"
500064,500684,Hissatsu: Shinten,250.0,29418.0,,Default Target,[],60533551.0,"['Arcane Circle', 'Fugetsu', 'Fuka']"
499471,500761,Glare III,350.0,46741.0,,Default Target,[],128850869.0,"['Arcane Circle', 'Presence of Mind']"
500373,500905,Auto,90.0,9420.0,,Default Target,[],6205884.0,"['Arcane Circle', 'Fugetsu', 'Fuka']"
500911,500911,Kerachole,,,,,,,[]
500304,500974,Dosis III,380.0,50872.0,,Default Target,[],156234075.0,['Arcane Circle']
490350,501020,Wildfire (dot),1440.0,143913.0,,Default Target,['6 GCD'],17258406.0,['Arcane Circle']
500677,501209,Auto,90.0,9209.0,,Default Target,['Surging Tempest'],5637007.0,"['Arcane Circle', 'Surging Tempest']"
500180,501240,Primal Ruination,780.0,123252.0,,Default Target,['Surging Tempest'],12654694.0,"['Arcane Circle', 'Surging Tempest']"
500803,501293,Kaeshi: Namikiri,1000.0,163087.0,,Default Target,[],310457357.0,"['Arcane Circle', 'Fugetsu', 'Fuka']"
500830,501450,Cross Reaping,600.0,69932.0,,Default Target,['Enhanced Cross Reaping'],344616536.0,"['Arcane Circle', ""Death's Design"", 'Enhanced Cross Reaping']"
501228,501760,Auto,90.0,0.0,,Default Target,[],0.0,"['Arcane Circle', 'Enochian', 'Ley Lines']"
501000,501891,Blade of Valor,1000.0,102728.0,,Default Target,['Requiescat'],701541641.0,"['Arcane Circle', 'Fight or Flight', 'Requiescat']"
501528,502018,Despair,350.0,96009.0,,Default Target,['3 Astral Fire'],284575080.0,"['Arcane Circle', 'Enochian', 'Ley Lines']"
501450,502160,Lemure's Slice,280.0,32630.0,,Default Target,[],75028119.0,"['Arcane Circle', ""Death's Design""]"
502228,502228,Amplifier,,,,,,,[]
502234,502234,Hypercharge,,,,,,,[]
475020,502500,Dia (dot),85.0,11244.0,,Default Target,[],7456489.0,[]
488207,502500,Thunder (dot),60.0,10327.0,,Default Target,[],3292696.0,"['Arcane Circle', 'Enochian', 'Ley Lines']"
489125,502500,Circle of Scorn (dot),30.0,3079.0,,Default Target,[],629828.0,"['Arcane Circle', 'Fight or Flight']"
495403,502500,Eukrasian Dosis III (dot),85.0,11582.0,,Default Target,[],8097197.0,['Arcane Circle']
497323,502500,Higanbana (dot),50.0,5951.0,,Default Target,[],2476337.0,"['Arcane Circle', 'Fugetsu', 'Fuka']"
501750,502508,Shot,80.0,7468.0,,Default Target,[],3921085.0,['Arcane Circle']
502018,502550,Auto,90.0,6860.0,,Default Target,[],3127432.0,"['Arcane Circle', 'Fight or Flight']"
501411,502701,Glare III,350.0,46741.0,,Default Target,[],128850869.0,"['Arcane Circle', 'Presence of Mind']"
501614,502764,Drill,660.0,144857.0,,Default Target,['Reassemble'],17479774.0,"['Arcane Circle', 'Reassemble']"
502237,502769,Auto,90.0,11162.0,,Default Target,[],8778880.0,"['Arcane Circle', ""Death's Design""]"
501625,502785,Blade of Honor,1000.0,102728.0,,Default Target,[],701541641.0,"['Arcane Circle', 'Fight or Flight']"
502663,503195,Auto,90.0,9420.0,,Default Target,[],6205884.0,"['Arcane Circle', 'Fugetsu', 'Fuka']"
502744,503414,Dosis III,380.0,50872.0,,Default Target,[],156234075.0,['Arcane Circle']
502680,503617,Inner Chaos,660.0,104286.0,,Default Target,['Surging Tempest'],9063670.0,"['Arcane Circle', 'Surging Tempest']"
502944,503704,Gekko,420.0,49421.0,,Default Target,[],170834077.0,"['Arcane Circle', 'Fugetsu', 'Fuka']"
503130,503750,Communio,1100.0,128211.0,,Default Target,[],1158307719.0,"['Arcane Circle', ""Death's Design""]"
503244,503776,Auto,90.0,21.0,,Default Target,[],25.0,['Arcane Circle']
503358,503978,Xenoglossy,890.0,135626.0,,Default Target,[],567803563.0,"['Arcane Circle', 'Enochian', 'Ley Lines']"
504058,504058,Transpose,,,,,,,[]
503500,504078,Royal Authority,460.0,47252.0,,Default Target,[],148425134.0,"['Arcane Circle', 'Fight or Flight']"
503583,504163,Shoha,640.0,75315.0,,Default Target,[],396735812.0,"['Arcane Circle', 'Fugetsu', 'Fuka']"
504008,504540,Auto,90.0,0.0,,Default Target,[],0.0,"['Arcane Circle', 'Enochian', 'Ley Lines']"
504037,504569,Auto,90.0,9209.0,,Default Target,['Surging Tempest'],5637007.0,"['Arcane Circle', 'Surging Tempest']"
504151,504683,Auto,90.0,0.0,,Default Target,[],0.0,['Arcane Circle']
504258,504790,Auto,90.0,6860.0,,Default Target,[],3127432.0,"['Arcane Circle', 'Fight or Flight']"
504203,504823,Hissatsu: Shinten,250.0,29418.0,,Default Target,[],60533551.0,"['Arcane Circle', 'Fugetsu', 'Fuka']"
503651,504941,Glare III,350.0,46741.0,,Default Target,[],128850869.0,['Arcane Circle']
504114,504964,Blazing Shot,260.0,33118.0,,Default Target,['Overheated'],77133211.0,"['Arcane Circle', 'Overheated']"
504390,505148,Shot,80.0,7468.0,,Default Target,[],3921085.0,['Arcane Circle']
504734,505444,Checkmate,180.0,22923.0,,Default Target,[],36952509.0,['Arcane Circle']
504953,505485,Auto,90.0,9420.0,,Default Target,[],6205884.0,"['Arcane Circle', 'Fugetsu', 'Fuka']"
475020,505500,Dia (dot),85.0,11244.0,,Default Target,[],7456489.0,[]
488207,505500,Thunder (dot),60.0,10327.0,,Default Target,[],3292696.0,"['Arcane Circle', 'Enochian', 'Ley Lines']"
495403,505500,Eukrasian Dosis III (dot),85.0,11582.0,,Default Target,[],8097197.0,['Arcane Circle']
497323,505500,Higanbana (dot),50.0,5951.0,,Default Target,[],2476337.0,"['Arcane Circle', 'Fugetsu', 'Fuka']"
505084,505704,Kasha,420.0,49421.0,,Default Target,[],170834077.0,"['Arcane Circle', 'Fugetsu', 'Fuka']"
505180,505803,Maim,340.0,31146.0,,Default Target,['Surging Tempest'],64490250.0,"['Arcane Circle', 'Surging Tempest']"
505184,505854,Dosis III,380.0,50872.0,,Default Target,[],156234075.0,['Arcane Circle']
505188,505858,Paradox,540.0,82283.0,,Default Target,['1 Umbral Ice'],209011300.0,"['Arcane Circle', 'Enochian', 'Triplecast']"
505437,505969,Auto,90.0,11162.0,,Default Target,[],8778880.0,"['Arcane Circle', ""Death's Design""]"
504831,506121,Perfectio,1300.0,151524.0,,Default Target,[],1617843098.0,"['Arcane Circle', ""Death's Design""]"
505121,506411,Dia,85.0,11297.0,,Default Target,[],7527969.0,['Arcane Circle']
505615,506465,Blazing Shot,260.0,33118.0,,Default Target,['Overheated'],77133211.0,"['Arcane Circle', 'Overheated']"
506044,506576,Auto,90.0,21.0,,Default Target,[],25.0,['Arcane Circle']
506000,506758,Holy Spirit,500.0,51363.0,,Default Target,['Divine Might'],175374743.0,"['Arcane Circle', 'Divine Might', 'Fight or Flight']"
506235,506945,Double Check,180.0,22256.0,,Default Target,[],34830145.0,[]
506498,507030,Auto,90.0,6660.0,,Default Target,[],2948197.0,['Fight or Flight']
506788,507320,Auto,90.0,0.0,,Default Target,[],0.0,['Enochian']
507243,507775,Auto,90.0,9146.0,,Default Target,[],5850300.0,"['Fugetsu', 'Fuka']"
507030,507788,Shot,80.0,7251.0,,Default Target,[],3696450.0,[]
507321,507861,Infernal Slice,600.0,67895.0,,Default Target,[],324829882.0,"[""Death's Design""]"
507397,507929,Auto,90.0,8941.0,,Default Target,['Surging Tempest'],5313749.0,['Surging Tempest']
507115,507965,Blazing Shot,260.0,32154.0,,Default Target,['Overheated'],72701607.0,['Overheated']
507224,508074,Gyofu,240.0,27418.0,,Default Target,[],52581804.0,"['Fugetsu', 'Fuka']"
507338,508178,Blizzard III,290.0,42893.0,,Default Target,['1 Umbral Ice'],56791993.0,"['Enochian', 'Triplecast']"
507625,508295,Dosis III,380.0,49391.0,,Default Target,[],147266966.0,[]
507735,508445,Checkmate,180.0,22256.0,,Default Target,[],34830145.0,[]
488207,508500,Thunder (dot),60.0,10327.0,,Default Target,[],3292696.0,"['Arcane Circle', 'Enochian', 'Ley Lines']"
495403,508500,Eukrasian Dosis III (dot),85.0,11582.0,,Default Target,[],8097197.0,['Arcane Circle']
497323,508500,Higanbana (dot),50.0,5951.0,,Default Target,[],2476337.0,"['Arcane Circle', 'Fugetsu', 'Fuka']"
505121,508500,Dia (dot),85.0,11581.0,,Default Target,[],7910693.0,['Arcane Circle']
508637,509169,Auto,90.0,10837.0,,Default Target,[],8273889.0,"[""Death's Design""]"
507680,509195,Storm's Path,500.0,44474.0,,Default Target,['Surging Tempest'],131481340.0,['Surging Tempest']
508738,509270,Auto,90.0,5328.0,,Default Target,[],1887023.0,[]
508844,509376,Auto,90.0,21.0,,Default Target,[],25.0,[]
508616,509466,Blazing Shot,260.0,32154.0,,Default Target,['Overheated'],72701607.0,['Overheated']
509011,509543,Auto,90.0,0.0,,Default Target,[],0.0,[]
508500,509793,Atonement,460.0,36701.0,,Default Target,[],89538338.0,[]
508511,509801,Glare III,350.0,45381.0,,Default Target,[],121455354.0,[]
509236,509946,Double Check,180.0,22256.0,,Default Target,[],34830145.0,[]
509981,509981,Afflatus Rapture,,,,,,,[]
509533,510065,Auto,90.0,9146.0,,Default Target,[],5850300.0,"['Fugetsu', 'Fuka']"
509364,510164,Yukikaze,340.0,38842.0,,Default Target,[],105525015.0,"['Fugetsu', 'Fuka']"
510188,510188,Transpose,,,,,,,[]
509670,510428,Shot,80.0,7251.0,,Default Target,[],3696450.0,[]
510068,510600,Auto,90.0,0.0,,Default Target,[],0.0,['Enochian']
509488,510648,Blizzard IV,300.0,44387.0,,Default Target,['3 Umbral Ice'],60819838.0,"['Enochian', 'Triplecast']"
510180,510712,Heavy Swing,240.0,21341.0,,Default Target,['Surging Tempest'],30278556.0,['Surging Tempest']
510065,510735,Dosis III,380.0,49391.0,,Default Target,[],147266966.0,[]
509812,510842,Soul Slice,520.0,58841.0,,Default Target,[],243981522.0,"[""Death's Design""]"
510116,510966,Blazing Shot,260.0,32154.0,,Default Target,['Overheated'],72701607.0,['Overheated']
510757,511289,Auto,90.0,8941.0,,Default Target,['Surging Tempest'],5313749.0,['Surging Tempest']
510736,511446,Checkmate,180.0,22256.0,,Default Target,[],34830145.0,[]
488207,511500,Thunder (dot),60.0,10327.0,,Default Target,[],3292696.0,"['Arcane Circle', 'Enochian', 'Ley Lines']"
495403,511500,Eukrasian Dosis III (dot),85.0,11582.0,,Default Target,[],8097197.0,['Arcane Circle']
497323,511500,Higanbana (dot),50.0,5951.0,,Default Target,[],2476337.0,"['Arcane Circle', 'Fugetsu', 'Fuka']"
505121,511500,Dia (dot),85.0,11581.0,,Default Target,[],7910693.0,['Arcane Circle']
510978,511510,Auto,90.0,5328.0,,Default Target,[],1887023.0,[]
511088,512158,Gluttony,520.0,58841.0,,Default Target,[],243981522.0,"[""Death's Design""]"
511000,512160,Supplication,500.0,39894.0,,Default Target,[],105795169.0,[]
512236,512236,Automaton Queen,,,,,,,[]
511837,512369,Auto,90.0,10837.0,,Default Target,[],8273889.0,"[""Death's Design""]"
512412,512412,Afflatus Rapture,,,,,,,[]
511617,512417,Heated Clean Shot,420.0,51946.0,,Default Target,[],189745438.0,[]
512302,512922,Executioner's Gibbet,820.0,92789.0,,Default Target,['Enhanced Gibbet'],606695908.0,"[""Death's Design"", 'Enhanced Gibbet']"
512304,512924,Midare Setsugekka,640.0,101332.0,,Default Target,[],119853464.0,"['Fugetsu', 'Fuka']"
511638,512928,Fire III,290.0,60051.0,,Default Target,['3 Astral Fire'],111314107.0,['Enochian']
512451,512983,Auto,90.0,0.0,,Default Target,[],0.0,[]
512310,513068,Shot,80.0,7251.0,,Default Target,[],3696450.0,[]
512506,513176,Dosis III,380.0,49391.0,,Default Target,[],147266966.0,[]
512679,513302,Maim,340.0,30239.0,,Default Target,['Surging Tempest'],60784922.0,['Surging Tempest']
512804,513336,Auto,90.0,9146.0,,Default Target,[],5850300.0,"['Fugetsu', 'Fuka']"
513006,513538,Auto,90.0,21.0,,Default Target,[],25.0,[]
513218,513750,Auto,90.0,5328.0,,Default Target,[],1887023.0,[]
513348,513880,Auto,90.0,0.0,,Default Target,[],0.0,['Enochian']
513644,514494,Gyofu,240.0,27418.0,,Default Target,[],52581804.0,"['Fugetsu', 'Fuka']"
488207,514500,Thunder (dot),60.0,10327.0,,Default Target,[],3292696.0,"['Arcane Circle', 'Enochian', 'Ley Lines']"
495403,514500,Eukrasian Dosis III (dot),85.0,11582.0,,Default Target,[],8097197.0,['Arcane Circle']
497323,514500,Higanbana (dot),50.0,5951.0,,Default Target,[],2476337.0,"['Arcane Circle', 'Fugetsu', 'Fuka']"
505121,514500,Dia (dot),85.0,11581.0,,Default Target,[],7910693.0,['Arcane Circle']
514117,514649,Auto,90.0,8941.0,,Default Target,['Surging Tempest'],5313749.0,['Surging Tempest']
513500,514790,Sepulchre,540.0,43082.0,,Default Target,[],123387031.0,[]
514842,514842,Afflatus Rapture,,,,,,,[]
514116,514916,Heated Split Shot,220.0,27207.0,,Default Target,[],52053770.0,[]
515037,515569,Auto,90.0,10837.0,,Default Target,[],8273889.0,"[""Death's Design""]"
514946,515616,Dosis III,380.0,49391.0,,Default Target,[],147266966.0,[]
515094,515626,Auto,90.0,9146.0,,Default Target,[],5850300.0,"['Fugetsu', 'Fuka']"
514950,515708,Shot,80.0,7251.0,,Default Target,[],3696450.0,[]
515458,515990,Auto,90.0,5328.0,,Default Target,[],1887023.0,[]
515008,516168,Fire IV,300.0,79898.0,,Default Target,['3 Astral Fire'],197058271.0,['Enochian']
515806,516338,Auto,90.0,21.0,,Default Target,[],25.0,[]
515891,516423,Auto,90.0,0.0,,Default Target,[],0.0,[]
515784,516584,Yukikaze,340.0,38842.0,,Default Target,[],105525015.0,"['Fugetsu', 'Fuka']"
516000,516623,Fast Blade,220.0,17548.0,,Default Target,[],20469011.0,[]
515179,516694,Storm's Path,500.0,44474.0,,Default Target,['Surging Tempest'],131481340.0,['Surging Tempest']
514792,516932,Executioner's Gallows,820.0,92789.0,,Default Target,['Enhanced Gallows'],606695908.0,"[""Death's Design"", 'Enhanced Gallows']"
516618,517418,Heated Slug Shot,320.0,39574.0,,Default Target,[],110128346.0,[]
488207,517500,Thunder (dot),60.0,10327.0,,Default Target,[],3292696.0,"['Arcane Circle', 'Enochian', 'Ley Lines']"
495403,517500,Eukrasian Dosis III (dot),85.0,11582.0,,Default Target,[],8097197.0,['Arcane Circle']
497323,517500,Higanbana (dot),50.0,5951.0,,Default Target,[],2476337.0,"['Arcane Circle', 'Fugetsu', 'Fuka']"
505121,517500,Dia (dot),85.0,11581.0,,Default Target,[],7910693.0,['Arcane Circle']
517736,517736,Roller Dash (pet),240.0,27114.0,,Default Target,[],51699045.0,[]
517272,517852,Afflatus Misery,1400.0,181530.0,,Default Target,[],1943447881.0,[]
517892,517892,Thin Air,,,,,,,[]
517384,517916,Auto,90.0,9146.0,,Default Target,[],5850300.0,"['Fugetsu', 'Fuka']"
517477,518009,Auto,90.0,8941.0,,Default Target,['Surging Tempest'],5313749.0,['Surging Tempest']
517387,518057,Dosis III,380.0,49391.0,,Default Target,[],147266966.0,[]
517698,518230,Auto,90.0,5328.0,,Default Target,[],1887023.0,[]
517679,518302,Fell Cleave,580.0,51589.0,,Default Target,['Surging Tempest'],176915445.0,['Surging Tempest']
517588,518348,High Thunder,150.0,22191.0,,Default Target,[],15203066.0,['Enochian']
517590,518348,Shot,80.0,7251.0,,Default Target,[],3696450.0,[]
517283,518443,Shadow of Death,300.0,33945.0,,Default Target,[],81192021.0,"[""Death's Design""]"
518088,518620,Auto,90.0,0.0,,Default Target,[],0.0,['Enochian']
518237,518769,Auto,90.0,10837.0,,Default Target,[],8273889.0,"[""Death's Design""]"
517924,518774,Gyofu,240.0,27418.0,,Default Target,[],52581804.0,"['Fugetsu', 'Fuka']"
518304,518927,Upheaval,420.0,37355.0,,Default Target,['Surging Tempest'],92756681.0,['Surging Tempest']
518606,519138,Auto,90.0,21.0,,Default Target,[],25.0,[]
518500,519258,Riot Blade,330.0,26327.0,,Default Target,[],46074807.0,[]
519331,519863,Auto,90.0,0.0,,Default Target,[],0.0,[]
519125,520148,Circle of Scorn,140.0,11164.0,,Default Target,[],8284059.0,[]
519674,520206,Auto,90.0,9146.0,,Default Target,[],5850300.0,"['Fugetsu', 'Fuka']"
519118,520268,Air Anchor,660.0,81629.0,,Default Target,[],468551960.0,[]
519307,520467,Fire IV,300.0,79898.0,,Default Target,['3 Astral Fire'],197058271.0,['Enochian']
519938,520470,Auto,90.0,5328.0,,Default Target,[],1887023.0,[]
519826,520496,Dosis III,380.0,49391.0,,Default Target,[],147266966.0,[]
495403,520500,Eukrasian Dosis III (dot),85.0,11582.0,,Default Target,[],8097197.0,['Arcane Circle']
497323,520500,Higanbana (dot),50.0,5951.0,,Default Target,[],2476337.0,"['Arcane Circle', 'Fugetsu', 'Fuka']"
505121,520500,Dia (dot),85.0,11581.0,,Default Target,[],7910693.0,['Arcane Circle']
517588,520500,Thunder (dot),60.0,10027.0,,Default Target,[],3103341.0,['Enochian']
519125,520500,Circle of Scorn (dot),30.0,2392.0,,Default Target,[],380146.0,[]
520065,520685,Jinpu,300.0,34274.0,,Default Target,[],82159455.0,"['Fugetsu', 'Fuka']"
520179,520711,Heavy Swing,240.0,21341.0,,Default Target,['Surging Tempest'],30278556.0,['Surging Tempest']
519773,520803,Soul Slice,520.0,58841.0,,Default Target,[],243981522.0,"[""Death's Design""]"
520393,520933,Unveiled Gibbet,440.0,49788.0,,Default Target,[],174669570.0,"[""Death's Design""]"
520936,520936,Arm Punch (pet),120.0,13555.0,,Default Target,[],12921574.0,[]
520230,520988,Shot,80.0,7251.0,,Default Target,[],3696450.0,[]
521264,521264,Thin Air,,,,,,,[]
520837,521369,Auto,90.0,8941.0,,Default Target,['Surging Tempest'],5313749.0,['Surging Tempest']
521000,521578,Royal Authority,460.0,36701.0,,Default Target,[],89538338.0,[]
520662,521952,Glare III,350.0,45381.0,,Default Target,[],121455354.0,[]
521437,521969,Auto,90.0,10837.0,,Default Target,[],8273889.0,"[""Death's Design""]"
521625,521982,Expiacion,450.0,35904.0,,Default Target,[],85693120.0,[]
521619,522419,Heated Clean Shot,420.0,51946.0,,Default Target,[],189745438.0,[]
521958,522490,Auto,90.0,0.0,,Default Target,[],0.0,['Enochian']
521964,522496,Auto,90.0,9146.0,,Default Target,[],5850300.0,"['Fugetsu', 'Fuka']"
522536,522536,Arm Punch (pet),120.0,13555.0,,Default Target,[],12921574.0,[]
521458,522618,Fire IV,300.0,79898.0,,Default Target,['3 Astral Fire'],197058271.0,['Enochian']
522178,522710,Auto,90.0,5328.0,,Default Target,[],1887023.0,[]
522264,522754,Gibbet,620.0,70159.0,,Default Target,['Enhanced Gibbet'],346845630.0,"[""Death's Design"", 'Enhanced Gibbet']"
522268,522938,Dosis III,380.0,49391.0,,Default Target,[],147266966.0,[]
522205,522965,Gekko,420.0,47982.0,,Default Target,[],161026141.0,"['Fugetsu', 'Fuka']"
522768,523300,Auto,90.0,21.0,,Default Target,[],25.0,[]
522679,523302,Maim,340.0,30239.0,,Default Target,['Surging Tempest'],60784922.0,['Surging Tempest']
495403,523500,Eukrasian Dosis III (dot),85.0,11582.0,,Default Target,[],8097197.0,['Arcane Circle']
497323,523500,Higanbana (dot),50.0,5951.0,,Default Target,[],2476337.0,"['Arcane Circle', 'Fugetsu', 'Fuka']"
505121,523500,Dia (dot),85.0,11581.0,,Default Target,[],7910693.0,['Arcane Circle']
517588,523500,Thunder (dot),60.0,10027.0,,Default Target,[],3103341.0,['Enochian']
519125,523500,Circle of Scorn (dot),30.0,2392.0,,Default Target,[],380146.0,[]
522870,523628,Shot,80.0,7251.0,,Default Target,[],3696450.0,[]
523591,524123,Auto,90.0,0.0,,Default Target,[],0.0,[]
524136,524136,Arm Punch (pet),120.0,13555.0,,Default Target,[],12921574.0,[]
523091,524381,Glare III,350.0,45381.0,,Default Target,[],121455354.0,[]
524197,524729,Auto,90.0,8941.0,,Default Target,['Surging Tempest'],5313749.0,['Surging Tempest']
524739,524739,Hypercharge,,,,,,,[]
523608,524768,Fire IV,300.0,79898.0,,Default Target,['3 Astral Fire'],197058271.0,['Enochian']
524254,524786,Auto,90.0,9146.0,,Default Target,[],5850300.0,"['Fugetsu', 'Fuka']"
523500,524793,Atonement,460.0,36701.0,,Default Target,[],89538338.0,[]
524418,524950,Auto,90.0,5328.0,,Default Target,[],1887023.0,[]
524637,525169,Auto,90.0,10837.0,,Default Target,[],8273889.0,"[""Death's Design""]"
524345,525195,Gyofu,240.0,27418.0,,Default Target,[],52581804.0,"['Fugetsu', 'Fuka']"
524754,525244,Slice,420.0,47524.0,,Default Target,[],159145747.0,"[""Death's Design""]"
524119,525269,Drill,660.0,81629.0,,Default Target,[],468551960.0,[]
525736,525736,Pile Bunker (pet),340.0,38417.0,,Default Target,[],103775197.0,[]
525568,526100,Auto,90.0,21.0,,Default Target,[],25.0,[]
525510,526268,Shot,80.0,7251.0,,Default Target,[],3696450.0,[]
497323,526500,Higanbana (dot),50.0,5951.0,,Default Target,[],2476337.0,"['Arcane Circle', 'Fugetsu', 'Fuka']"
505121,526500,Dia (dot),85.0,11581.0,,Default Target,[],7910693.0,['Arcane Circle']
517588,526500,Thunder (dot),60.0,10027.0,,Default Target,[],3103341.0,['Enochian']
519125,526500,Circle of Scorn (dot),30.0,2392.0,,Default Target,[],380146.0,[]
524749,526500,Eukrasian Dosis III (dot),85.0,11245.0,,Default Target,[],7632622.0,[]
526258,526790,Auto,90.0,0.0,,Default Target,[],0.0,['Enochian']
525522,526812,Glare III,350.0,45381.0,,Default Target,[],121455354.0,[]
525181,526830,Storm's Eye,500.0,44474.0,,Default Target,['Surging Tempest'],131481340.0,['Surging Tempest']
525758,526918,Fire IV,300.0,79898.0,,Default Target,['3 Astral Fire'],197058271.0,['Enochian']
526544,527076,Auto,90.0,9146.0,,Default Target,[],5850300.0,"['Fugetsu', 'Fuka']"
526000,527160,Supplication,500.0,39894.0,,Default Target,[],105795169.0,[]
526658,527190,Auto,90.0,5328.0,,Default Target,[],1887023.0,[]
526485,527285,Shifu,300.0,34274.0,,Default Target,[],82159455.0,"['Fugetsu', 'Fuka']"
526620,527470,Blazing Shot,260.0,32154.0,,Default Target,['Overheated'],72701607.0,['Overheated']
527105,527725,Hissatsu: Shinten,250.0,28561.0,,Default Target,[],57056461.0,"['Fugetsu', 'Fuka']"
527736,527736,Crowned Collider (pet),390.0,44069.0,,Default Target,[],136559340.0,[]
527245,527825,Waxing Slice,500.0,56579.0,,Default Target,[],225581193.0,"[""Death's Design""]"
527210,527880,Dosis III,380.0,49391.0,,Default Target,[],147266966.0,[]
527240,527950,Double Check,180.0,22256.0,,Default Target,[],34830145.0,[]
527557,528089,Auto,90.0,8941.0,,Default Target,['Surging Tempest'],5313749.0,['Surging Tempest']
527681,528213,Heavy Swing,240.0,21341.0,,Default Target,['Surging Tempest'],30278556.0,['Surging Tempest']
527837,528369,Auto,90.0,10837.0,,Default Target,[],8273889.0,"[""Death's Design""]"
528368,528900,Auto,90.0,21.0,,Default Target,[],25.0,[]
528150,528908,Shot,80.0,7251.0,,Default Target,[],3696450.0,[]
528120,528970,Blazing Shot,260.0,32154.0,,Default Target,['Overheated'],72701607.0,['Overheated']
528452,528984,Auto,90.0,0.0,,Default Target,[],0.0,[]
527908,529068,Fire IV,300.0,79898.0,,Default Target,['3 Astral Fire'],197058271.0,['Enochian']
527952,529242,Glare III,350.0,45381.0,,Default Target,[],121455354.0,[]
528625,529245,Kasha,420.0,47982.0,,Default Target,[],161026141.0,"['Fugetsu', 'Fuka']"
528834,529366,Auto,90.0,9146.0,,Default Target,[],5850300.0,"['Fugetsu', 'Fuka']"
528898,529430,Auto,90.0,5328.0,,Default Target,[],1887023.0,[]
528740,529450,Checkmate,180.0,22256.0,,Default Target,[],34830145.0,[]
497323,529500,Higanbana (dot),50.0,5951.0,,Default Target,[],2476337.0,"['Arcane Circle', 'Fugetsu', 'Fuka']"
505121,529500,Dia (dot),85.0,11581.0,,Default Target,[],7910693.0,['Arcane Circle']
517588,529500,Thunder (dot),60.0,10027.0,,Default Target,[],3103341.0,['Enochian']
519125,529500,Circle of Scorn (dot),30.0,2392.0,,Default Target,[],380146.0,[]
524749,529500,Eukrasian Dosis III (dot),85.0,11245.0,,Default Target,[],7632622.0,[]
528500,529790,Sepulchre,540.0,43082.0,,Default Target,[],123387031.0,[]
529735,530275,Infernal Slice,600.0,67895.0,,Default Target,[],324829882.0,"[""Death's Design""]"
529650,530320,Dosis III,380.0,49391.0,,Default Target,[],147266966.0,[]
529621,530471,Blazing Shot,260.0,32154.0,,Default Target,['Overheated'],72701607.0,['Overheated']
530058,530678,Flare Star,500.0,133166.0,,Default Target,['3 Astral Fire'],547404282.0,['Enochian']
530181,530804,Maim,340.0,30239.0,,Default Target,['Surging Tempest'],60784922.0,['Surging Tempest']
530241,530951,Double Check,180.0,22256.0,,Default Target,[],34830145.0,[]
530558,531090,Auto,90.0,0.0,,Default Target,[],0.0,['Enochian']
530765,531385,Kaeshi: Setsugekka,640.0,101332.0,,Default Target,[],119853464.0,"['Fugetsu', 'Fuka']"
530917,531449,Auto,90.0,8941.0,,Default Target,['Surging Tempest'],5313749.0,['Surging Tempest']
530790,531548,Shot,80.0,7251.0,,Default Target,[],3696450.0,[]
531037,531569,Auto,90.0,10837.0,,Default Target,[],8273889.0,"[""Death's Design""]"
531124,531656,Auto,90.0,9146.0,,Default Target,[],5850300.0,"['Fugetsu', 'Fuka']"
530988,531658,Paradox,540.0,79886.0,,Default Target,['3 Astral Fire'],197010726.0,['Enochian']
531138,531670,Auto,90.0,5328.0,,Default Target,[],1887023.0,[]
530382,531672,Glare III,350.0,45381.0,,Default Target,[],121455354.0,[]
531688,531688,Swiftcast,,,,,,,[]
531000,531758,Holy Spirit,500.0,39894.0,,Default Target,['Divine Might'],105795169.0,['Divine Might']
531121,531971,Blazing Shot,260.0,32154.0,,Default Target,['Overheated'],72701607.0,['Overheated']
531741,532451,Checkmate,180.0,22256.0,,Default Target,[],34830145.0,[]
497323,532500,Higanbana (dot),50.0,5951.0,,Default Target,[],2476337.0,"['Arcane Circle', 'Fugetsu', 'Fuka']"
505121,532500,Dia (dot),85.0,11581.0,,Default Target,[],7910693.0,['Arcane Circle']
517588,532500,Thunder (dot),60.0,10027.0,,Default Target,[],3103341.0,['Enochian']
519125,532500,Circle of Scorn (dot),30.0,2392.0,,Default Target,[],380146.0,[]
524749,532500,Eukrasian Dosis III (dot),85.0,11245.0,,Default Target,[],7632622.0,[]
532226,532716,Slice,420.0,47524.0,,Default Target,[],159145747.0,"[""Death's Design""]"
532090,532760,Dosis III,380.0,49391.0,,Default Target,[],147266966.0,[]
532590,533122,Auto,90.0,21.0,,Default Target,[],25.0,[]
532622,533472,Blazing Shot,260.0,32154.0,,Default Target,['Overheated'],72701607.0,['Overheated']
533138,533628,Despair,350.0,93213.0,,Default Target,['3 Astral Fire'],268247312.0,['Enochian']
533838,533838,Transpose,,,,,,,[]
533312,533844,Auto,90.0,0.0,,Default Target,[],0.0,[]
533378,533910,Auto,90.0,5328.0,,Default Target,[],1887023.0,[]
532812,534102,Glare III,350.0,45381.0,,Default Target,[],121455354.0,[]
533500,534123,Fast Blade,220.0,17548.0,,Default Target,[],20469011.0,[]
533430,534188,Shot,80.0,7251.0,,Default Target,[],3696450.0,[]
532681,534196,Storm's Path,500.0,44474.0,,Default Target,['Surging Tempest'],131481340.0,['Surging Tempest']
533706,534326,Midare Setsugekka,640.0,101332.0,,Default Target,[],119853464.0,"['Fugetsu', 'Fuka']"
533838,534370,Auto,90.0,0.0,,Default Target,[],0.0,['Enochian']
534206,534738,Auto,90.0,9146.0,,Default Target,[],5850300.0,"['Fugetsu', 'Fuka']"
534237,534769,Auto,90.0,10837.0,,Default Target,[],8273889.0,"[""Death's Design""]"
534277,534809,Auto,90.0,8941.0,,Default Target,['Surging Tempest'],5313749.0,['Surging Tempest']
534122,534922,Heated Split Shot,220.0,27207.0,,Default Target,[],52053770.0,[]
535138,535138,Taurochole,,,,,,,[]
534531,535201,Dosis III,380.0,49391.0,,Default Target,[],147266966.0,[]
534716,535296,Waxing Slice,500.0,56579.0,,Default Target,[],225581193.0,"[""Death's Design""]"
497323,535500,Higanbana (dot),50.0,5951.0,,Default Target,[],2476337.0,"['Arcane Circle', 'Fugetsu', 'Fuka']"
505121,535500,Dia (dot),85.0,11581.0,,Default Target,[],7910693.0,['Arcane Circle']
517588,535500,Thunder (dot),60.0,10027.0,,Default Target,[],3103341.0,['Enochian']
524749,535500,Eukrasian Dosis III (dot),85.0,11245.0,,Default Target,[],7632622.0,[]
535181,535804,Fell Cleave,580.0,51589.0,,Default Target,['Surging Tempest'],176915445.0,['Surging Tempest']
535336,535876,Unveiled Gallows,440.0,49788.0,,Default Target,[],174669570.0,"[""Death's Design""]"
535046,535896,Gyofu,240.0,27418.0,,Default Target,[],52581804.0,"['Fugetsu', 'Fuka']"
535390,535922,Auto,90.0,21.0,,Default Target,[],25.0,[]
535288,536128,Blizzard III,290.0,42893.0,,Default Target,['1 Umbral Ice'],56791993.0,"['Enochian', 'Swiftcast']"
535618,536150,Auto,90.0,5328.0,,Default Target,[],1887023.0,[]
535242,536532,Glare III,350.0,45381.0,,Default Target,[],121455354.0,[]
536000,536758,Riot Blade,330.0,26327.0,,Default Target,[],46074807.0,[]
536070,536828,Shot,80.0,7251.0,,Default Target,[],3696450.0,[]
536496,537028,Auto,90.0,9146.0,,Default Target,[],5850300.0,"['Fugetsu', 'Fuka']"
536752,537284,Auto,90.0,0.0,,Default Target,[],0.0,[]
536623,537423,Heated Slug Shot,320.0,39574.0,,Default Target,[],110128346.0,[]
536971,537641,Dosis III,380.0,49391.0,,Default Target,[],147266966.0,[]
537118,537650,Auto,90.0,0.0,,Default Target,[],0.0,['Enochian']
537207,537697,Gallows,620.0,70159.0,,Default Target,['Enhanced Gallows'],346845630.0,"[""Death's Design"", 'Enhanced Gallows']"
537243,537953,Double Check,180.0,22256.0,,Default Target,[],34830145.0,[]
537437,537969,Auto,90.0,10837.0,,Default Target,[],8273889.0,"[""Death's Design""]"
537186,537986,Yukikaze,340.0,38842.0,,Default Target,[],105525015.0,"['Fugetsu', 'Fuka']"
536712,538002,Dia,85.0,10969.0,,Default Target,[],7095404.0,[]
537332,538002,Assize,400.0,51864.0,,Default Target,[],158638414.0,[]
537637,538169,Auto,90.0,8941.0,,Default Target,['Surging Tempest'],5313749.0,['Surging Tempest']
537681,538213,Heavy Swing,240.0,21341.0,,Default Target,['Surging Tempest'],30278556.0,['Surging Tempest']
537858,538390,Auto,90.0,5328.0,,Default Target,[],1887023.0,[]
537806,538426,Hissatsu: Shinten,250.0,28561.0,,Default Target,[],57056461.0,"['Fugetsu', 'Fuka']"
497323,538500,Higanbana (dot),50.0,5951.0,,Default Target,[],2476337.0,"['Arcane Circle', 'Fugetsu', 'Fuka']"
517588,538500,Thunder (dot),60.0,10027.0,,Default Target,[],3103341.0,['Enochian']
524749,538500,Eukrasian Dosis III (dot),85.0,11245.0,,Default Target,[],7632622.0,[]
536712,538500,Dia (dot),85.0,11244.0,,Default Target,[],7456489.0,[]
538190,538722,Auto,90.0,21.0,,Default Target,[],25.0,[]
538500,539078,Royal Authority,460.0,36701.0,,Default Target,[],89538338.0,[]
538786,539318,Auto,90.0,9146.0,,Default Target,[],5850300.0,"['Fugetsu', 'Fuka']"
538710,539468,Shot,80.0,7251.0,,Default Target,[],3696450.0,[]
538658,539818,Blizzard IV,300.0,44387.0,,Default Target,['3 Umbral Ice'],60819838.0,['Enochian']
539123,539923,Heated Clean Shot,420.0,51946.0,,Default Target,[],189745438.0,[]
539412,540082,Dosis III,380.0,49391.0,,Default Target,[],147266966.0,[]
539326,540176,Gyofu,240.0,27418.0,,Default Target,[],52581804.0,"['Fugetsu', 'Fuka']"
539697,540237,Infernal Slice,600.0,67895.0,,Default Target,[],324829882.0,"[""Death's Design""]"
539588,540258,Paradox,540.0,79886.0,,Default Target,['3 Umbral Ice'],197010726.0,['Enochian']
540288,540288,Transpose,,,,,,,[]
540098,540630,Auto,90.0,5328.0,,Default Target,[],1887023.0,[]
540181,540804,Maim,340.0,30239.0,,Default Target,['Surging Tempest'],60784922.0,['Surging Tempest']
540398,540930,Auto,90.0,0.0,,Default Target,[],0.0,['Enochian']
540602,541134,Auto,90.0,0.0,,Default Target,[],0.0,[]
540637,541169,Auto,90.0,10837.0,,Default Target,[],8273889.0,"[""Death's Design""]"
540102,541392,Glare III,350.0,45381.0,,Default Target,[],121455354.0,[]
497323,541500,Higanbana (dot),50.0,5951.0,,Default Target,[],2476337.0,"['Arcane Circle', 'Fugetsu', 'Fuka']"
517588,541500,Thunder (dot),60.0,10027.0,,Default Target,[],3103341.0,['Enochian']
524749,541500,Eukrasian Dosis III (dot),85.0,11245.0,,Default Target,[],7632622.0,[]
536712,541500,Dia (dot),85.0,11244.0,,Default Target,[],7456489.0,[]
540997,541529,Auto,90.0,8941.0,,Default Target,['Surging Tempest'],5313749.0,['Surging Tempest']
541076,541608,Auto,90.0,9146.0,,Default Target,[],5850300.0,"['Fugetsu', 'Fuka']"
541466,542086,Jinpu,300.0,34274.0,,Default Target,[],82159455.0,"['Fugetsu', 'Fuka']"
541350,542108,Shot,80.0,7251.0,,Default Target,[],3696450.0,[]
541000,542293,Atonement,460.0,36701.0,,Default Target,[],89538338.0,[]
541624,542424,Heated Split Shot,220.0,27207.0,,Default Target,[],52053770.0,[]
541852,542522,Dosis III,380.0,49391.0,,Default Target,[],147266966.0,[]
542188,542678,Slice,420.0,47524.0,,Default Target,[],159145747.0,"[""Death's Design""]"
542338,542870,Auto,90.0,5328.0,,Default Target,[],1887023.0,[]
542352,542884,Auto,90.0,21.0,,Default Target,[],25.0,[]
541738,543028,Fire III,290.0,60051.0,,Default Target,['3 Astral Fire'],111314107.0,['Enochian']
542532,543822,Glare III,350.0,45381.0,,Default Target,[],121455354.0,[]
543366,543898,Auto,90.0,9146.0,,Default Target,[],5850300.0,"['Fugetsu', 'Fuka']"
543500,544123,Fast Blade,220.0,17548.0,,Default Target,[],20469011.0,[]
542681,544196,Storm's Path,500.0,44474.0,,Default Target,['Surging Tempest'],131481340.0,['Surging Tempest']
543678,544210,Auto,90.0,0.0,,Default Target,[],0.0,['Enochian']
544226,544226,Meikyo Shisui,,,,,,,[]
543606,544366,Gekko,420.0,47982.0,,Default Target,[],161026141.0,"['Fugetsu', 'Fuka']"
543837,544369,Auto,90.0,10837.0,,Default Target,[],8273889.0,"[""Death's Design""]"
497323,544500,Higanbana (dot),50.0,5951.0,,Default Target,[],2476337.0,"['Arcane Circle', 'Fugetsu', 'Fuka']"
517588,544500,Thunder (dot),60.0,10027.0,,Default Target,[],3103341.0,['Enochian']
524749,544500,Eukrasian Dosis III (dot),85.0,11245.0,,Default Target,[],7632622.0,[]
536712,544500,Dia (dot),85.0,11244.0,,Default Target,[],7456489.0,[]
543990,544748,Shot,80.0,7251.0,,Default Target,[],3696450.0,[]
544357,544889,Auto,90.0,8941.0,,Default Target,['Surging Tempest'],5313749.0,['Surging Tempest']
544293,544963,Dosis III,380.0,49391.0,,Default Target,[],147266966.0,[]
545000,545000,Reassemble,,,,,,,[]
544578,545110,Auto,90.0,5328.0,,Default Target,[],1887023.0,[]
544124,545154,Chain Saw,660.0,81629.0,,Default Target,[],468551960.0,[]
544678,545258,Waxing Slice,500.0,56579.0,,Default Target,[],225581193.0,"[""Death's Design""]"
544846,545466,Hissatsu: Shinten,250.0,28561.0,,Default Target,[],57056461.0,"['Fugetsu', 'Fuka']"
545620,545620,Automaton Queen,,,,,,,[]
545152,545684,Auto,90.0,21.0,,Default Target,[],25.0,[]
545181,545713,Heavy Swing,240.0,21341.0,,Default Target,['Surging Tempest'],30278556.0,['Surging Tempest']
545806,545806,Inner Release,,,,,,,[]
545462,545994,Auto,90.0,0.0,,Default Target,[],0.0,[]
545656,546188,Auto,90.0,9146.0,,Default Target,[],5850300.0,"['Fugetsu', 'Fuka']"
544962,546252,Glare III,350.0,45381.0,,Default Target,[],121455354.0,[]
545108,546268,Fire IV,300.0,79898.0,,Default Target,['3 Astral Fire'],197058271.0,['Enochian']
545746,546366,Kasha,420.0,47982.0,,Default Target,['Meikyo Shisui'],161026141.0,"['Fugetsu', 'Fuka', 'Meikyo Shisui']"
546431,546431,Infuriate,,,,,,,[]
545773,546443,Phlegma III,600.0,78028.0,,Default Target,[],367528138.0,[]
546625,546625,Fight or Flight,,,,,,,[]
546000,546758,Riot Blade,330.0,26327.0,,Default Target,[],46074807.0,[]
546818,547350,Auto,90.0,5328.0,,Default Target,[],1887023.0,[]
546630,547388,Shot,80.0,7251.0,,Default Target,[],3696450.0,[]
497323,547500,Higanbana (dot),50.0,5951.0,,Default Target,[],2476337.0,"['Arcane Circle', 'Fugetsu', 'Fuka']"
517588,547500,Thunder (dot),60.0,10027.0,,Default Target,[],3103341.0,['Enochian']
524749,547500,Eukrasian Dosis III (dot),85.0,11245.0,,Default Target,[],7632622.0,[]
536712,547500,Dia (dot),85.0,11244.0,,Default Target,[],7456489.0,[]
547037,547569,Auto,90.0,10837.0,,Default Target,[],8273889.0,"[""Death's Design""]"
546625,547695,Excavator,660.0,140638.0,,Default Target,['Reassemble'],16475976.0,['Reassemble']
547169,548199,Soul Slice,520.0,58841.0,,Default Target,[],243981522.0,"[""Death's Design""]"
547717,548249,Auto,90.0,8941.0,,Default Target,['Surging Tempest'],5313749.0,['Surging Tempest']
547789,548329,Unveiled Gibbet,440.0,49788.0,,Default Target,[],174669570.0,"[""Death's Design""]"
547688,548448,High Thunder,150.0,22191.0,,Default Target,[],15203066.0,['Enochian']
547946,548478,Auto,90.0,9146.0,,Default Target,[],5850300.0,"['Fugetsu', 'Fuka']"
547952,548484,Auto,90.0,21.0,,Default Target,[],25.0,[]
547887,548507,Kaeshi: Setsugekka,640.0,101332.0,,Default Target,[],119853464.0,"['Fugetsu', 'Fuka']"
547250,548540,Imperator,580.0,57844.0,,Default Target,[],222421460.0,['Fight or Flight']
547681,548618,Inner Chaos,660.0,101249.0,,Default Target,['Surging Tempest'],8541281.0,['Surging Tempest']
547392,548682,Glare III,350.0,45381.0,,Default Target,[],121455354.0,[]
548188,548720,Auto,90.0,0.0,,Default Target,[],0.0,['Enochian']
548306,548929,Upheaval,420.0,37355.0,,Default Target,['Surging Tempest'],92756681.0,['Surging Tempest']
548500,549034,Goring Blade,700.0,69814.0,,Default Target,[],324015381.0,['Fight or Flight']
549058,549590,Auto,90.0,6660.0,,Default Target,[],2948197.0,['Fight or Flight']
548931,549598,Onslaught,150.0,13339.0,,Default Target,['Surging Tempest'],11827982.0,['Surging Tempest']
549173,549843,Dosis III,380.0,49391.0,,Default Target,[],147266966.0,[]
549125,549925,Heated Slug Shot,320.0,39574.0,,Default Target,[],110128346.0,[]
549270,550028,Shot,80.0,7251.0,,Default Target,[],3696450.0,[]
549125,550148,Circle of Scorn,140.0,13955.0,,Default Target,[],12943806.0,['Fight or Flight']
549659,550149,Gibbet,620.0,70159.0,,Default Target,['Enhanced Gibbet'],346845630.0,"[""Death's Design"", 'Enhanced Gibbet']"
497323,550500,Higanbana (dot),50.0,5951.0,,Default Target,[],2476337.0,"['Arcane Circle', 'Fugetsu', 'Fuka']"
524749,550500,Eukrasian Dosis III (dot),85.0,11245.0,,Default Target,[],7632622.0,[]
536712,550500,Dia (dot),85.0,11244.0,,Default Target,[],7456489.0,[]
547688,550500,Thunder (dot),60.0,10027.0,,Default Target,[],3103341.0,['Enochian']
549125,550500,Circle of Scorn (dot),30.0,2990.0,,Default Target,[],593707.0,['Fight or Flight']
549408,550568,Fire IV,300.0,79898.0,,Default Target,['3 Astral Fire'],197058271.0,['Enochian']
550237,550769,Auto,90.0,10837.0,,Default Target,[],8273889.0,"[""Death's Design""]"
550322,550854,Auto,90.0,0.0,,Default Target,[],0.0,[]
549822,551112,Glare III,350.0,45381.0,,Default Target,[],121455354.0,[]
551120,551120,Roller Dash (pet),288.0,32540.0,,Default Target,[],74454638.0,[]
550181,551341,Primal Rend,700.0,107391.0,,Default Target,['Surging Tempest'],9610510.0,['Surging Tempest']
551077,551609,Auto,90.0,8941.0,,Default Target,['Surging Tempest'],5313749.0,['Surging Tempest']
550637,551667,Tendo Setsugekka,1100.0,174167.0,,Default Target,[],354073868.0,"['Fugetsu', 'Fuka']"
551137,551669,Auto,90.0,9146.0,,Default Target,[],5850300.0,"['Fugetsu', 'Fuka']"
551298,551830,Auto,90.0,6660.0,,Default Target,[],2948197.0,['Fight or Flight']
551625,551982,Expiacion,450.0,44880.0,,Default Target,[],133895595.0,['Fight or Flight']
551427,552007,Shoha,640.0,73121.0,,Default Target,[],373956846.0,"['Fugetsu', 'Fuka']"
551000,552160,Supplication,500.0,49867.0,,Default Target,[],165307933.0,['Fight or Flight']
551614,552284,Dosis III,380.0,49391.0,,Default Target,[],147266966.0,[]
551626,552426,Heated Clean Shot,420.0,51946.0,,Default Target,[],189745438.0,[]
552058,552590,Auto,90.0,0.0,,Default Target,[],0.0,['Enochian']
552114,552646,Auto,90.0,21.0,,Default Target,[],25.0,[]
551910,552668,Shot,80.0,7251.0,,Default Target,[],3696450.0,[]
551558,552718,Fire IV,300.0,79898.0,,Default Target,['3 Astral Fire'],197058271.0,['Enochian']
552167,553197,Tendo Kaeshi Setsugekka,1100.0,174167.0,,Default Target,[],354073868.0,"['Fugetsu', 'Fuka']"
552681,553304,Fell Cleave,580.0,88980.0,,Default Target,['Surging Tempest'],6597867.0,"['Inner Release', 'Surging Tempest']"
552150,553310,Shadow of Death,300.0,33945.0,,Default Target,[],81192021.0,"[""Death's Design""]"
497323,553500,Higanbana (dot),50.0,5951.0,,Default Target,[],2476337.0,"['Arcane Circle', 'Fugetsu', 'Fuka']"
524749,553500,Eukrasian Dosis III (dot),85.0,11245.0,,Default Target,[],7632622.0,[]
536712,553500,Dia (dot),85.0,11244.0,,Default Target,[],7456489.0,[]
547688,553500,Thunder (dot),60.0,10027.0,,Default Target,[],3103341.0,['Enochian']
549125,553500,Circle of Scorn (dot),30.0,2990.0,,Default Target,[],593707.0,['Fight or Flight']
552252,553542,Glare III,350.0,45381.0,,Default Target,[],121455354.0,[]
553167,553837,Hissatsu: Senei,800.0,91403.0,,Default Target,[],584330583.0,"['Fugetsu', 'Fuka']"
553427,553959,Auto,90.0,9146.0,,Default Target,[],5850300.0,"['Fugetsu', 'Fuka']"
553437,553969,Auto,90.0,10837.0,,Default Target,[],8273889.0,"[""Death's Design""]"
553538,554070,Auto,90.0,6660.0,,Default Target,[],2948197.0,['Fight or Flight']
553500,554123,Confiteor,1000.0,99736.0,,Default Target,['Requiescat'],661260162.0,"['Fight or Flight', 'Requiescat']"
554320,554320,Arm Punch (pet),144.0,16269.0,,Default Target,[],18613055.0,[]
554125,554703,Intervene,150.0,14957.0,,Default Target,[],14871751.0,['Fight or Flight']
553708,554868,Fire IV,300.0,79898.0,,Default Target,['3 Astral Fire'],197058271.0,['Enochian']
554437,554969,Auto,90.0,8941.0,,Default Target,['Surging Tempest'],5313749.0,['Surging Tempest']
554307,555067,Gekko,420.0,47982.0,,Default Target,[],161026141.0,"['Fugetsu', 'Fuka']"
554640,555180,Infernal Slice,600.0,67895.0,,Default Target,[],324829882.0,"[""Death's Design""]"
554126,555276,Drill,660.0,81629.0,,Default Target,[],468551960.0,[]
554550,555308,Shot,80.0,7251.0,,Default Target,[],3696450.0,[]
554914,555446,Auto,90.0,21.0,,Default Target,[],25.0,[]
554927,555547,Hissatsu: Shinten,250.0,28561.0,,Default Target,[],57056461.0,"['Fugetsu', 'Fuka']"
555182,555714,Auto,90.0,0.0,,Default Target,[],0.0,[]
555181,555804,Fell Cleave,580.0,88980.0,,Default Target,['Surging Tempest'],6597867.0,"['Inner Release', 'Surging Tempest']"
555920,555920,Arm Punch (pet),144.0,16269.0,,Default Target,[],18613055.0,[]
554682,555972,Glare III,350.0,45381.0,,Default Target,[],121455354.0,[]
555717,556249,Auto,90.0,9146.0,,Default Target,[],5850300.0,"['Fugetsu', 'Fuka']"
555778,556310,Auto,90.0,6660.0,,Default Target,[],2948197.0,['Fight or Flight']
497323,556500,Higanbana (dot),50.0,5951.0,,Default Target,[],2476337.0,"['Arcane Circle', 'Fugetsu', 'Fuka']"
536712,556500,Dia (dot),85.0,11244.0,,Default Target,[],7456489.0,[]
547688,556500,Thunder (dot),60.0,10027.0,,Default Target,[],3103341.0,['Enochian']
549125,556500,Circle of Scorn (dot),30.0,2990.0,,Default Target,[],593707.0,['Fight or Flight']
554095,556500,Eukrasian Dosis III (dot),85.0,11245.0,,Default Target,[],7632622.0,[]
556000,556666,Blade of Faith,760.0,75801.0,,Default Target,['Requiescat'],381953526.0,"['Fight or Flight', 'Requiescat']"
556358,556890,Auto,90.0,0.0,,Default Target,[],0.0,['Enochian']
555858,557018,Fire IV,300.0,79898.0,,Default Target,['3 Astral Fire'],197058271.0,['Enochian']
556637,557169,Auto,90.0,10837.0,,Default Target,[],8273889.0,"[""Death's Design""]"
556625,557203,Intervene,150.0,14957.0,,Default Target,[],14871751.0,['Fight or Flight']
556556,557226,Dosis III,380.0,49391.0,,Default Target,[],147266966.0,[]
556627,557427,Heated Split Shot,220.0,27207.0,,Default Target,[],52053770.0,[]
557520,557520,Arm Punch (pet),144.0,16269.0,,Default Target,[],18613055.0,[]
557131,557621,Slice,420.0,47524.0,,Default Target,[],159145747.0,"[""Death's Design""]"
557247,557867,Higanbana,200.0,22847.0,,Default Target,[],36510407.0,"['Fugetsu', 'Fuka']"
557190,557948,Shot,80.0,7251.0,,Default Target,[],3696450.0,[]
557714,558246,Auto,90.0,21.0,,Default Target,[],25.0,[]
557163,558263,Psyche,600.0,78028.0,,Default Target,[],367528138.0,[]
557681,558304,Fell Cleave,580.0,88980.0,,Default Target,['Surging Tempest'],6597867.0,"['Inner Release', 'Surging Tempest']"
557797,558329,Auto,90.0,8941.0,,Default Target,['Surging Tempest'],5313749.0,['Surging Tempest']
557112,558402,Glare III,350.0,45381.0,,Default Target,[],121455354.0,[]
558007,558539,Auto,90.0,9146.0,,Default Target,[],5850300.0,"['Fugetsu', 'Fuka']"
558018,558550,Auto,90.0,6660.0,,Default Target,[],2948197.0,['Fight or Flight']
559120,559120,Pile Bunker (pet),408.0,46099.0,,Default Target,[],149433618.0,[]
558008,559168,Fire IV,300.0,79898.0,,Default Target,['3 Astral Fire'],197058271.0,['Enochian']
558587,559347,Gekko,420.0,47982.0,,Default Target,[],161026141.0,"['Fugetsu', 'Fuka']"
558500,559391,Blade of Truth,880.0,87767.0,,Default Target,['Requiescat'],512059341.0,"['Fight or Flight', 'Requiescat']"
558306,559456,Primal Wrath,700.0,62264.0,,Default Target,['Surging Tempest'],257708492.0,['Surging Tempest']
536712,559500,Dia (dot),85.0,11244.0,,Default Target,[],7456489.0,[]
547688,559500,Thunder (dot),60.0,10027.0,,Default Target,[],3103341.0,['Enochian']
549125,559500,Circle of Scorn (dot),30.0,2990.0,,Default Target,[],593707.0,['Fight or Flight']
554095,559500,Eukrasian Dosis III (dot),85.0,11245.0,,Default Target,[],7632622.0,[]
557247,559500,Higanbana (dot),50.0,5778.0,,Default Target,[],2333763.0,"['Fugetsu', 'Fuka']"
558996,559666,Dosis III,380.0,49391.0,,Default Target,[],147266966.0,[]
559621,560201,Waxing Slice,500.0,56579.0,,Default Target,[],225581193.0,"[""Death's Design""]"
559127,560277,Air Anchor,660.0,81629.0,,Default Target,[],468551960.0,[]
559837,560369,Auto,90.0,10837.0,,Default Target,[],8273889.0,"[""Death's Design""]"
559747,560457,Double Check,180.0,22256.0,,Default Target,[],34830145.0,[]
560042,560574,Auto,90.0,0.0,,Default Target,[],0.0,[]
559830,560588,Shot,80.0,7251.0,,Default Target,[],3696450.0,[]
560159,560779,Flare Star,500.0,133166.0,,Default Target,['3 Astral Fire'],547404282.0,['Enochian']
560258,560790,Auto,90.0,6660.0,,Default Target,[],2948197.0,['Fight or Flight']
560297,560829,Auto,90.0,9146.0,,Default Target,[],5850300.0,"['Fugetsu', 'Fuka']"
559542,560832,Glare III,350.0,45381.0,,Default Target,[],121455354.0,[]
560367,561077,Checkmate,180.0,22256.0,,Default Target,[],34830145.0,[]
561120,561120,Crowned Collider (pet),468.0,52884.0,,Default Target,[],196657166.0,[]
560659,561191,Auto,90.0,0.0,,Default Target,[],0.0,['Enochian']
560181,561241,Primal Ruination,780.0,119662.0,,Default Target,['Surging Tempest'],11930102.0,['Surging Tempest']
560727,561577,Gyofu,240.0,27418.0,,Default Target,[],52581804.0,"['Fugetsu', 'Fuka']"
561157,561689,Auto,90.0,8941.0,,Default Target,['Surging Tempest'],5313749.0,['Surging Tempest']
561089,561759,Paradox,540.0,79886.0,,Default Target,['3 Astral Fire'],197010726.0,['Enochian']
561789,561789,Triplecast,,,,,,,[]
561000,561891,Blade of Valor,1000.0,99736.0,,Default Target,['Requiescat'],661260162.0,"['Fight or Flight', 'Requiescat']"
561437,562107,Dosis III,380.0,49391.0,,Default Target,[],147266966.0,[]
561628,562428,Heated Slug Shot,320.0,39574.0,,Default Target,[],110128346.0,[]
561937,562469,Auto,90.0,21.0,,Default Target,[],25.0,[]
536712,562500,Dia (dot),85.0,11244.0,,Default Target,[],7456489.0,[]
547688,562500,Thunder (dot),60.0,10027.0,,Default Target,[],3103341.0,['Enochian']
549125,562500,Circle of Scorn (dot),30.0,2990.0,,Default Target,[],593707.0,['Fight or Flight']
554095,562500,Eukrasian Dosis III (dot),85.0,11245.0,,Default Target,[],7632622.0,[]
557247,562500,Higanbana (dot),50.0,5778.0,,Default Target,[],2333763.0,"['Fugetsu', 'Fuka']"
562112,562652,Infernal Slice,600.0,67895.0,,Default Target,[],324829882.0,"[""Death's Design""]"
561625,562785,Blade of Honor,1000.0,99736.0,,Default Target,[],661260162.0,['Fight or Flight']
562498,563030,Auto,90.0,6660.0,,Default Target,[],2948197.0,['Fight or Flight']
562587,563119,Auto,90.0,9146.0,,Default Target,[],5850300.0,"['Fugetsu', 'Fuka']"
562470,563228,Shot,80.0,7251.0,,Default Target,[],3696450.0,[]
561972,563262,Glare III,350.0,45381.0,,Default Target,[],121455354.0,[]
562681,563304,Maim,340.0,30239.0,,Default Target,['Surging Tempest'],60784922.0,['Surging Tempest']
563037,563569,Auto,90.0,10837.0,,Default Target,[],8273889.0,"[""Death's Design""]"
562868,563668,Yukikaze,340.0,38842.0,,Default Target,[],105525015.0,"['Fugetsu', 'Fuka']"
563239,563729,Despair,350.0,93213.0,,Default Target,['3 Astral Fire'],268247312.0,['Enochian']
563939,563939,Transpose,,,,,,,[]
563500,564258,Holy Spirit,500.0,49867.0,,Default Target,['Divine Might'],165307933.0,"['Divine Might', 'Fight or Flight']"
563939,564471,Auto,90.0,0.0,,Default Target,[],0.0,['Enochian']
563877,564547,Dosis III,380.0,49391.0,,Default Target,[],147266966.0,[]
564128,564928,Heated Clean Shot,420.0,51946.0,,Default Target,[],189745438.0,[]
564517,565049,Auto,90.0,8941.0,,Default Target,['Surging Tempest'],5313749.0,['Surging Tempest']
564602,565092,Slice,420.0,47524.0,,Default Target,[],159145747.0,"[""Death's Design""]"
564737,565269,Auto,90.0,21.0,,Default Target,[],25.0,[]
564738,565270,Auto,90.0,6660.0,,Default Target,[],2948197.0,['Fight or Flight']
564877,565409,Auto,90.0,9146.0,,Default Target,[],5850300.0,"['Fugetsu', 'Fuka']"
564902,565434,Auto,90.0,0.0,,Default Target,[],0.0,[]
536712,565500,Dia (dot),85.0,11244.0,,Default Target,[],7456489.0,[]
547688,565500,Thunder (dot),60.0,10027.0,,Default Target,[],3103341.0,['Enochian']
554095,565500,Eukrasian Dosis III (dot),85.0,11245.0,,Default Target,[],7632622.0,[]
557247,565500,Higanbana (dot),50.0,5778.0,,Default Target,[],2333763.0,"['Fugetsu', 'Fuka']"
564402,565692,Glare III,350.0,45381.0,,Default Target,[],121455354.0,[]
565181,565804,Fell Cleave,580.0,51589.0,,Default Target,['Surging Tempest'],176915445.0,['Surging Tempest']
565008,565858,Gyofu,240.0,27418.0,,Default Target,[],52581804.0,"['Fugetsu', 'Fuka']"
565110,565868,Shot,80.0,7251.0,,Default Target,[],3696450.0,[]
565389,566229,Blizzard III,290.0,42893.0,,Default Target,['1 Umbral Ice'],56791993.0,"['Enochian', 'Triplecast']"
566237,566769,Auto,90.0,10837.0,,Default Target,[],8273889.0,"[""Death's Design""]"
566318,566988,Dosis III,380.0,49391.0,,Default Target,[],147266966.0,[]
565872,567162,Dia,85.0,10969.0,,Default Target,[],7095404.0,[]
566000,567290,Sepulchre,540.0,53853.0,,Default Target,[],192790977.0,['Fight or Flight']
566978,567510,Auto,90.0,6660.0,,Default Target,[],2948197.0,['Fight or Flight']
567093,567673,Waxing Slice,500.0,56579.0,,Default Target,[],225581193.0,"[""Death's Design""]"
567167,567699,Auto,90.0,9146.0,,Default Target,[],5850300.0,"['Fugetsu', 'Fuka']"
567219,567751,Auto,90.0,0.0,,Default Target,[],0.0,['Enochian']
566629,567779,Drill,660.0,81629.0,,Default Target,[],468551960.0,[]
567148,567948,Shifu,300.0,34274.0,,Default Target,[],82159455.0,"['Fugetsu', 'Fuka']"
567537,568069,Auto,90.0,21.0,,Default Target,[],25.0,[]
567713,568253,Unveiled Gallows,440.0,49788.0,,Default Target,[],174669570.0,"[""Death's Design""]"
567768,568388,Hissatsu: Shinten,250.0,28561.0,,Default Target,[],57056461.0,"['Fugetsu', 'Fuka']"
567877,568409,Auto,90.0,8941.0,,Default Target,['Surging Tempest'],5313749.0,['Surging Tempest']
547688,568500,Thunder (dot),60.0,10027.0,,Default Target,[],3103341.0,['Enochian']
554095,568500,Eukrasian Dosis III (dot),85.0,11245.0,,Default Target,[],7632622.0,[]
557247,568500,Higanbana (dot),50.0,5778.0,,Default Target,[],2333763.0,"['Fugetsu', 'Fuka']"
565872,568500,Dia (dot),85.0,11244.0,,Default Target,[],7456489.0,[]
567750,568508,Shot,80.0,7251.0,,Default Target,[],3696450.0,[]
567539,568699,Blizzard IV,300.0,44387.0,,Default Target,['3 Umbral Ice'],60819838.0,"['Enochian', 'Triplecast']"
568500,569078,Royal Authority,460.0,36701.0,,Default Target,[],89538338.0,[]
567681,569330,Storm's Eye,500.0,44474.0,,Default Target,['Surging Tempest'],131481340.0,['Surging Tempest']
568758,569428,Dosis III,380.0,49391.0,,Default Target,[],147266966.0,[]
569218,569750,Auto,90.0,5328.0,,Default Target,[],1887023.0,[]
569288,569908,Kasha,420.0,47982.0,,Default Target,[],161026141.0,"['Fugetsu', 'Fuka']"
569129,569929,Heated Split Shot,220.0,27207.0,,Default Target,[],52053770.0,[]
569437,569969,Auto,90.0,10837.0,,Default Target,[],8273889.0,"[""Death's Design""]"
569457,569989,Auto,90.0,9146.0,,Default Target,[],5850300.0,"['Fugetsu', 'Fuka']"
569583,570073,Gallows,620.0,70159.0,,Default Target,['Enhanced Gallows'],346845630.0,"[""Death's Design"", 'Enhanced Gallows']"
569762,570294,Auto,90.0,0.0,,Default Target,[],0.0,[]
569689,570359,Paradox,540.0,79886.0,,Default Target,['3 Umbral Ice'],197010726.0,"['Enochian', 'Triplecast']"
570389,570389,Transpose,,,,,,,[]
569262,570552,Glare III,350.0,45381.0,,Default Target,[],121455354.0,[]
570181,570713,Heavy Swing,240.0,21341.0,,Default Target,['Surging Tempest'],30278556.0,['Surging Tempest']
570733,570733,Afflatus Rapture,,,,,,,[]
570499,571031,Auto,90.0,0.0,,Default Target,[],0.0,['Enochian']
570390,571148,Shot,80.0,7251.0,,Default Target,[],3696450.0,[]
547688,571500,Thunder (dot),60.0,10027.0,,Default Target,[],3103341.0,['Enochian']
554095,571500,Eukrasian Dosis III (dot),85.0,11245.0,,Default Target,[],7632622.0,[]
557247,571500,Higanbana (dot),50.0,5778.0,,Default Target,[],2333763.0,"['Fugetsu', 'Fuka']"
565872,571500,Dia (dot),85.0,11244.0,,Default Target,[],7456489.0,[]
571237,571769,Auto,90.0,8941.0,,Default Target,['Surging Tempest'],5313749.0,['Surging Tempest']
571198,571868,Dosis III,380.0,49391.0,,Default Target,[],147266966.0,[]
571458,571990,Auto,90.0,5328.0,,Default Target,[],1887023.0,[]
571088,572158,Gluttony,520.0,58841.0,,Default Target,[],243981522.0,"[""Death's Design""]"
571698,572230,Auto,90.0,21.0,,Default Target,[],25.0,[]
571000,572293,Atonement,460.0,36701.0,,Default Target,[],89538338.0,[]
571630,572430,Heated Slug Shot,320.0,39574.0,,Default Target,[],110128346.0,[]
572074,572694,Executioner's Gibbet,820.0,92789.0,,Default Target,['Enhanced Gibbet'],606695908.0,"[""Death's Design"", 'Enhanced Gibbet']"
572228,572848,Midare Setsugekka,640.0,101332.0,,Default Target,[],119853464.0,"['Fugetsu', 'Fuka']"
571839,573129,Fire III,290.0,60051.0,,Default Target,['3 Astral Fire'],111314107.0,['Enochian']
573163,573163,Afflatus Rapture,,,,,,,[]
572637,573169,Auto,90.0,10837.0,,Default Target,[],8273889.0,"[""Death's Design""]"
572728,573260,Auto,90.0,9146.0,,Default Target,[],5850300.0,"['Fugetsu', 'Fuka']"
572681,573304,Maim,340.0,30239.0,,Default Target,['Surging Tempest'],60784922.0,['Surging Tempest']
573202,573734,Auto,90.0,0.0,,Default Target,[],0.0,[]
573030,573788,Shot,80.0,7251.0,,Default Target,[],3696450.0,[]
573698,574230,Auto,90.0,5328.0,,Default Target,[],1887023.0,[]
574247,574247,Rhizomata,,,,,,,[]
573639,574309,Dosis III,380.0,49391.0,,Default Target,[],147266966.0,[]
573779,574311,Auto,90.0,0.0,,Default Target,[],0.0,['Enochian']
573568,574418,Gyofu,240.0,27418.0,,Default Target,[],52581804.0,"['Fugetsu', 'Fuka']"
547688,574500,Thunder (dot),60.0,10027.0,,Default Target,[],3103341.0,['Enochian']
554095,574500,Eukrasian Dosis III (dot),85.0,11245.0,,Default Target,[],7632622.0,[]
557247,574500,Higanbana (dot),50.0,5778.0,,Default Target,[],2333763.0,"['Fugetsu', 'Fuka']"
565872,574500,Dia (dot),85.0,11244.0,,Default Target,[],7456489.0,[]
573500,574660,Supplication,500.0,39894.0,,Default Target,[],105795169.0,[]
574188,574808,Hissatsu: Shinten,250.0,28561.0,,Default Target,[],57056461.0,"['Fugetsu', 'Fuka']"
574130,574930,Heated Clean Shot,420.0,51946.0,,Default Target,[],189745438.0,[]
574498,575030,Auto,90.0,21.0,,Default Target,[],25.0,[]
574597,575129,Auto,90.0,8941.0,,Default Target,['Surging Tempest'],5313749.0,['Surging Tempest']
575018,575550,Auto,90.0,9146.0,,Default Target,[],5850300.0,"['Fugetsu', 'Fuka']"
575593,575593,Afflatus Rapture,,,,,,,[]
575209,576369,Fire IV,300.0,79898.0,,Default Target,['3 Astral Fire'],197058271.0,['Enochian']
575837,576369,Auto,90.0,10837.0,,Default Target,[],8273889.0,"[""Death's Design""]"
575670,576428,Shot,80.0,7251.0,,Default Target,[],3696450.0,[]
575938,576470,Auto,90.0,5328.0,,Default Target,[],1887023.0,[]
575708,576508,Yukikaze,340.0,38842.0,,Default Target,[],105525015.0,"['Fugetsu', 'Fuka']"
576687,576687,Kerachole,,,,,,,[]
575182,576697,Storm's Path,500.0,44474.0,,Default Target,['Surging Tempest'],131481340.0,['Surging Tempest']
574564,576704,Executioner's Gallows,820.0,92789.0,,Default Target,['Enhanced Gallows'],606695908.0,"[""Death's Design"", 'Enhanced Gallows']"
576079,576749,Dosis III,380.0,49391.0,,Default Target,[],147266966.0,[]
576642,577174,Auto,90.0,0.0,,Default Target,[],0.0,[]
576000,577290,Sepulchre,540.0,43082.0,,Default Target,[],123387031.0,[]
576631,577431,Heated Split Shot,220.0,27207.0,,Default Target,[],52053770.0,[]
547688,577500,Thunder (dot),60.0,10027.0,,Default Target,[],3103341.0,['Enochian']
554095,577500,Eukrasian Dosis III (dot),85.0,11245.0,,Default Target,[],7632622.0,[]
557247,577500,Higanbana (dot),50.0,5778.0,,Default Target,[],2333763.0,"['Fugetsu', 'Fuka']"
565872,577500,Dia (dot),85.0,11244.0,,Default Target,[],7456489.0,[]
577298,577830,Auto,90.0,21.0,,Default Target,[],25.0,[]
577308,577840,Auto,90.0,9146.0,,Default Target,[],5850300.0,"['Fugetsu', 'Fuka']"
577332,578002,Assize,400.0,51864.0,,Default Target,[],158638414.0,[]
577055,578085,Soul Slice,520.0,58841.0,,Default Target,[],243981522.0,"[""Death's Design""]"
577682,578214,Heavy Swing,240.0,21341.0,,Default Target,['Surging Tempest'],30278556.0,['Surging Tempest']
577675,578215,Unveiled Gibbet,440.0,49788.0,,Default Target,[],174669570.0,"[""Death's Design""]"
577957,578489,Auto,90.0,8941.0,,Default Target,['Surging Tempest'],5313749.0,['Surging Tempest']
577789,578549,High Thunder,150.0,22191.0,,Default Target,[],15203066.0,['Enochian']
577848,578698,Gyofu,240.0,27418.0,,Default Target,[],52581804.0,"['Fugetsu', 'Fuka']"
578178,578710,Auto,90.0,5328.0,,Default Target,[],1887023.0,[]
578289,578821,Auto,90.0,0.0,,Default Target,[],0.0,['Enochian']
578307,578930,Upheaval,420.0,37355.0,,Default Target,['Surging Tempest'],92756681.0,['Surging Tempest']
578310,579068,Shot,80.0,7251.0,,Default Target,[],3696450.0,[]
578520,579190,Dosis III,380.0,49391.0,,Default Target,[],147266966.0,[]
578500,579258,Holy Spirit,500.0,39894.0,,Default Target,['Divine Might'],105795169.0,['Divine Might']
579037,579569,Auto,90.0,10837.0,,Default Target,[],8273889.0,"[""Death's Design""]"
579131,579931,Heated Slug Shot,320.0,39574.0,,Default Target,[],110128346.0,[]
579545,580035,Gibbet,620.0,70159.0,,Default Target,['Enhanced Gibbet'],346845630.0,"[""Death's Design"", 'Enhanced Gibbet']"
579598,580130,Auto,90.0,9146.0,,Default Target,[],5850300.0,"['Fugetsu', 'Fuka']"
579125,580148,Circle of Scorn,140.0,11164.0,,Default Target,[],8284059.0,[]
578983,580273,Glare III,350.0,45381.0,,Default Target,[],121455354.0,[]
554095,580500,Eukrasian Dosis III (dot),85.0,11245.0,,Default Target,[],7632622.0,[]
557247,580500,Higanbana (dot),50.0,5778.0,,Default Target,[],2333763.0,"['Fugetsu', 'Fuka']"
565872,580500,Dia (dot),85.0,11244.0,,Default Target,[],7456489.0,[]
577789,580500,Thunder (dot),60.0,10027.0,,Default Target,[],3103341.0,['Enochian']
579125,580500,Circle of Scorn (dot),30.0,2392.0,,Default Target,[],380146.0,[]
579989,580609,Jinpu,300.0,34274.0,,Default Target,[],82159455.0,"['Fugetsu', 'Fuka']"
580082,580614,Auto,90.0,0.0,,Default Target,[],0.0,[]
579509,580669,Fire IV,300.0,79898.0,,Default Target,['3 Astral Fire'],197058271.0,['Enochian']
580182,580805,Maim,340.0,30239.0,,Default Target,['Surging Tempest'],60784922.0,['Surging Tempest']
580418,580950,Auto,90.0,5328.0,,Default Target,[],1887023.0,[]
581568,581568,Taurochole,,,,,,,[]
581000,581623,Fast Blade,220.0,17548.0,,Default Target,[],20469011.0,[]
580960,581630,Dosis III,380.0,49391.0,,Default Target,[],147266966.0,[]
580950,581708,Shot,80.0,7251.0,,Default Target,[],3696450.0,[]
581317,581849,Auto,90.0,8941.0,,Default Target,['Surging Tempest'],5313749.0,['Surging Tempest']
581625,581982,Expiacion,450.0,35904.0,,Default Target,[],85693120.0,[]
581460,581992,Auto,90.0,21.0,,Default Target,[],25.0,[]
582252,582252,Hypercharge,,,,,,,[]
581888,582420,Auto,90.0,9146.0,,Default Target,[],5850300.0,"['Fugetsu', 'Fuka']"
581632,582432,Heated Clean Shot,420.0,51946.0,,Default Target,[],189745438.0,[]
582036,582576,Infernal Slice,600.0,67895.0,,Default Target,[],324829882.0,"[""Death's Design""]"
582159,582691,Auto,90.0,0.0,,Default Target,[],0.0,['Enochian']
581413,582703,Glare III,350.0,45381.0,,Default Target,[],121455354.0,[]
582237,582769,Auto,90.0,10837.0,,Default Target,[],8273889.0,"[""Death's Design""]"
581659,582819,Fire IV,300.0,79898.0,,Default Target,['3 Astral Fire'],197058271.0,['Enochian']
582129,582889,Gekko,420.0,47982.0,,Default Target,[],161026141.0,"['Fugetsu', 'Fuka']"
582658,583190,Auto,90.0,5328.0,,Default Target,[],1887023.0,[]
582682,583305,Fell Cleave,580.0,51589.0,,Default Target,['Surging Tempest'],176915445.0,['Surging Tempest']
582749,583369,Hissatsu: Shinten,250.0,28561.0,,Default Target,[],57056461.0,"['Fugetsu', 'Fuka']"
554095,583500,Eukrasian Dosis III (dot),85.0,11245.0,,Default Target,[],7632622.0,[]
557247,583500,Higanbana (dot),50.0,5778.0,,Default Target,[],2333763.0,"['Fugetsu', 'Fuka']"
565872,583500,Dia (dot),85.0,11244.0,,Default Target,[],7456489.0,[]
577789,583500,Thunder (dot),60.0,10027.0,,Default Target,[],3103341.0,['Enochian']
579125,583500,Circle of Scorn (dot),30.0,2392.0,,Default Target,[],380146.0,[]
583500,584258,Riot Blade,330.0,26327.0,,Default Target,[],46074807.0,[]
583590,584348,Shot,80.0,7251.0,,Default Target,[],3696450.0,[]
584178,584710,Auto,90.0,9146.0,,Default Target,[],5850300.0,"['Fugetsu', 'Fuka']"
584260,584792,Auto,90.0,21.0,,Default Target,[],25.0,[]
584343,584875,Auto,90.0,0.0,,Default Target,[],0.0,[]
583809,584969,Fire IV,300.0,79898.0,,Default Target,['3 Astral Fire'],197058271.0,['Enochian']
584132,584982,Blazing Shot,260.0,32154.0,,Default Target,['Overheated'],72701607.0,['Overheated']
584269,585119,Gyofu,240.0,27418.0,,Default Target,[],52581804.0,"['Fugetsu', 'Fuka']"
583843,585133,Glare III,350.0,45381.0,,Default Target,[],121455354.0,[]
584677,585209,Auto,90.0,8941.0,,Default Target,['Surging Tempest'],5313749.0,['Surging Tempest']
584898,585430,Auto,90.0,5328.0,,Default Target,[],1887023.0,[]
584752,585462,Checkmate,180.0,22256.0,,Default Target,[],34830145.0,[]
584526,585686,Shadow of Death,300.0,33945.0,,Default Target,[],81192021.0,"[""Death's Design""]"
585437,585969,Auto,90.0,10837.0,,Default Target,[],8273889.0,"[""Death's Design""]"
585633,586483,Blazing Shot,260.0,32154.0,,Default Target,['Overheated'],72701607.0,['Overheated']
557247,586500,Higanbana (dot),50.0,5778.0,,Default Target,[],2333763.0,"['Fugetsu', 'Fuka']"
565872,586500,Dia (dot),85.0,11244.0,,Default Target,[],7456489.0,[]
577789,586500,Thunder (dot),60.0,10027.0,,Default Target,[],3103341.0,['Enochian']
579125,586500,Circle of Scorn (dot),30.0,2392.0,,Default Target,[],380146.0,[]
583442,586500,Eukrasian Dosis III (dot),85.0,11245.0,,Default Target,[],7632622.0,[]
585902,586572,Dosis III,380.0,49391.0,,Default Target,[],147266966.0,[]
586000,586578,Royal Authority,460.0,36701.0,,Default Target,[],89538338.0,[]
585182,586697,Storm's Path,500.0,44474.0,,Default Target,['Surging Tempest'],131481340.0,['Surging Tempest']
586253,586963,Double Check,180.0,22256.0,,Default Target,[],34830145.0,[]
586230,586988,Shot,80.0,7251.0,,Default Target,[],3696450.0,[]
586459,586991,Auto,90.0,0.0,,Default Target,[],0.0,['Enochian']
586468,587000,Auto,90.0,9146.0,,Default Target,[],5850300.0,"['Fugetsu', 'Fuka']"
585959,587119,Fire IV,300.0,79898.0,,Default Target,['3 Astral Fire'],197058271.0,['Enochian']
586409,587209,Shifu,300.0,34274.0,,Default Target,[],82159455.0,"['Fugetsu', 'Fuka']"
587017,587507,Slice,420.0,47524.0,,Default Target,[],159145747.0,"[""Death's Design""]"
586273,587563,Glare III,350.0,45381.0,,Default Target,[],121455354.0,[]
587060,587592,Auto,90.0,21.0,,Default Target,[],25.0,[]
587138,587670,Auto,90.0,5328.0,,Default Target,[],1887023.0,[]
587133,587983,Blazing Shot,260.0,32154.0,,Default Target,['Overheated'],72701607.0,['Overheated']
587682,588214,Heavy Swing,240.0,21341.0,,Default Target,['Surging Tempest'],30278556.0,['Surging Tempest']
587753,588463,Checkmate,180.0,22256.0,,Default Target,[],34830145.0,[]
588037,588569,Auto,90.0,8941.0,,Default Target,['Surging Tempest'],5313749.0,['Surging Tempest']
588343,589013,Dosis III,380.0,49391.0,,Default Target,[],147266966.0,[]
588549,589169,Kasha,420.0,47982.0,,Default Target,[],161026141.0,"['Fugetsu', 'Fuka']"
588637,589169,Auto,90.0,10837.0,,Default Target,[],8273889.0,"[""Death's Design""]"
588109,589269,Fire IV,300.0,79898.0,,Default Target,['3 Astral Fire'],197058271.0,['Enochian']
588758,589290,Auto,90.0,9146.0,,Default Target,[],5850300.0,"['Fugetsu', 'Fuka']"
588634,589484,Blazing Shot,260.0,32154.0,,Default Target,['Overheated'],72701607.0,['Overheated']
557247,589500,Higanbana (dot),50.0,5778.0,,Default Target,[],2333763.0,"['Fugetsu', 'Fuka']"
565872,589500,Dia (dot),85.0,11244.0,,Default Target,[],7456489.0,[]
577789,589500,Thunder (dot),60.0,10027.0,,Default Target,[],3103341.0,['Enochian']
579125,589500,Circle of Scorn (dot),30.0,2392.0,,Default Target,[],380146.0,[]
583442,589500,Eukrasian Dosis III (dot),85.0,11245.0,,Default Target,[],7632622.0,[]
588870,589628,Shot,80.0,7251.0,,Default Target,[],3696450.0,[]
589203,589735,Auto,90.0,0.0,,Default Target,[],0.0,[]
588500,589793,Atonement,460.0,36701.0,,Default Target,[],89538338.0,[]
589378,589910,Auto,90.0,5328.0,,Default Target,[],1887023.0,[]
589254,589964,Double Check,180.0,22256.0,,Default Target,[],34830145.0,[]
588703,589993,Glare III,350.0,45381.0,,Default Target,[],121455354.0,[]
589507,590087,Waxing Slice,500.0,56579.0,,Default Target,[],225581193.0,"[""Death's Design""]"
590182,590805,Maim,340.0,30239.0,,Default Target,['Surging Tempest'],60784922.0,['Surging Tempest']
590259,590879,Flare Star,500.0,133166.0,,Default Target,['3 Astral Fire'],547404282.0,['Enochian']
590134,590984,Blazing Shot,260.0,32154.0,,Default Target,['Overheated'],72701607.0,['Overheated']
590759,591291,Auto,90.0,0.0,,Default Target,[],0.0,['Enochian']
590689,591309,Kaeshi: Setsugekka,640.0,101332.0,,Default Target,[],119853464.0,"['Fugetsu', 'Fuka']"
590783,591453,Dosis III,380.0,49391.0,,Default Target,[],147266966.0,[]
591048,591580,Auto,90.0,9146.0,,Default Target,[],5850300.0,"['Fugetsu', 'Fuka']"
591283,591815,Auto,90.0,21.0,,Default Target,[],25.0,[]
591189,591859,Paradox,540.0,79886.0,,Default Target,['3 Astral Fire'],197010726.0,['Enochian']
591397,591929,Auto,90.0,8941.0,,Default Target,['Surging Tempest'],5313749.0,['Surging Tempest']
591618,592150,Auto,90.0,5328.0,,Default Target,[],1887023.0,[]
591000,592160,Supplication,500.0,39894.0,,Default Target,[],105795169.0,[]
591510,592268,Shot,80.0,7251.0,,Default Target,[],3696450.0,[]
591837,592369,Auto,90.0,10837.0,,Default Target,[],8273889.0,"[""Death's Design""]"
591133,592423,Glare III,350.0,45381.0,,Default Target,[],121455354.0,[]
557247,592500,Higanbana (dot),50.0,5778.0,,Default Target,[],2333763.0,"['Fugetsu', 'Fuka']"
565872,592500,Dia (dot),85.0,11244.0,,Default Target,[],7456489.0,[]
577789,592500,Thunder (dot),60.0,10027.0,,Default Target,[],3103341.0,['Enochian']
579125,592500,Circle of Scorn (dot),30.0,2392.0,,Default Target,[],380146.0,[]
583442,592500,Eukrasian Dosis III (dot),85.0,11245.0,,Default Target,[],7632622.0,[]
591998,592538,Infernal Slice,600.0,67895.0,,Default Target,[],324829882.0,"[""Death's Design""]"
591635,592785,Drill,660.0,81629.0,,Default Target,[],468551960.0,[]
593339,593829,Despair,350.0,93213.0,,Default Target,['3 Astral Fire'],268247312.0,['Enochian']
593224,593894,Dosis III,380.0,49391.0,,Default Target,[],147266966.0,[]
594039,594039,Manafont,,,,,,,[]
593629,594249,Midare Setsugekka,640.0,101332.0,,Default Target,[],119853464.0,"['Fugetsu', 'Fuka']"
593500,594258,Holy Spirit,500.0,39894.0,,Default Target,['Divine Might'],105795169.0,['Divine Might']
592682,594331,Storm's Eye,500.0,44474.0,,Default Target,['Surging Tempest'],131481340.0,['Surging Tempest']
593858,594390,Auto,90.0,5328.0,,Default Target,[],1887023.0,[]
594039,594571,Auto,90.0,0.0,,Default Target,[],0.0,['Enochian']
594063,594595,Auto,90.0,0.0,,Default Target,[],0.0,[]
594083,594615,Auto,90.0,21.0,,Default Target,[],25.0,[]
594129,594661,Auto,90.0,9146.0,,Default Target,[],5850300.0,"['Fugetsu', 'Fuka']"
593563,594853,Glare III,350.0,45381.0,,Default Target,[],121455354.0,[]
594150,594908,Shot,80.0,7251.0,,Default Target,[],3696450.0,[]
594135,594935,Heated Split Shot,220.0,27207.0,,Default Target,[],52053770.0,[]
594488,594978,Slice,420.0,47524.0,,Default Target,[],159145747.0,"[""Death's Design""]"
594757,595289,Auto,90.0,8941.0,,Default Target,['Surging Tempest'],5313749.0,['Surging Tempest']
557247,595500,Higanbana (dot),50.0,5778.0,,Default Target,[],2333763.0,"['Fugetsu', 'Fuka']"
565872,595500,Dia (dot),85.0,11244.0,,Default Target,[],7456489.0,[]
577789,595500,Thunder (dot),60.0,10027.0,,Default Target,[],3103341.0,['Enochian']
583442,595500,Eukrasian Dosis III (dot),85.0,11245.0,,Default Target,[],7632622.0,[]
595037,595569,Auto,90.0,10837.0,,Default Target,[],8273889.0,"[""Death's Design""]"
595108,595648,Unveiled Gallows,440.0,49788.0,,Default Target,[],174669570.0,"[""Death's Design""]"
595182,595714,Heavy Swing,240.0,21341.0,,Default Target,['Surging Tempest'],30278556.0,['Surging Tempest']
594970,595820,Gyofu,240.0,27418.0,,Default Target,[],52581804.0,"['Fugetsu', 'Fuka']"
595489,596109,Xenoglossy,890.0,131676.0,,Default Target,[],535209949.0,['Enochian']
595590,596210,Hissatsu: Shinten,250.0,28561.0,,Default Target,[],57056461.0,"['Fugetsu', 'Fuka']"
595033,596323,Dia,85.0,10969.0,,Default Target,[],7095404.0,[]
595664,596334,Dosis III,380.0,49391.0,,Default Target,[],147266966.0,[]
596000,596623,Fast Blade,220.0,17548.0,,Default Target,[],20469011.0,[]
596098,596630,Auto,90.0,5328.0,,Default Target,[],1887023.0,[]
596419,596951,Auto,90.0,9146.0,,Default Target,[],5850300.0,"['Fugetsu', 'Fuka']"
596883,597415,Auto,90.0,21.0,,Default Target,[],25.0,[]
596636,597436,Heated Slug Shot,320.0,39574.0,,Default Target,[],110128346.0,[]
596979,597469,Gallows,620.0,70159.0,,Default Target,['Enhanced Gallows'],346845630.0,"[""Death's Design"", 'Enhanced Gallows']"
596790,597548,Shot,80.0,7251.0,,Default Target,[],3696450.0,[]
597319,597851,Auto,90.0,0.0,,Default Target,[],0.0,['Enochian']
597110,597910,Yukikaze,340.0,38842.0,,Default Target,[],105525015.0,"['Fugetsu', 'Fuka']"
597682,598305,Maim,340.0,30239.0,,Default Target,['Surging Tempest'],60784922.0,['Surging Tempest']
597730,598350,Hissatsu: Shinten,250.0,28561.0,,Default Target,[],57056461.0,"['Fugetsu', 'Fuka']"
557247,598500,Higanbana (dot),50.0,5778.0,,Default Target,[],2333763.0,"['Fugetsu', 'Fuka']"
577789,598500,Thunder (dot),60.0,10027.0,,Default Target,[],3103341.0,['Enochian']
583442,598500,Eukrasian Dosis III (dot),85.0,11245.0,,Default Target,[],7632622.0,[]
595033,598500,Dia (dot),85.0,11244.0,,Default Target,[],7456489.0,[]
598117,598649,Auto,90.0,8941.0,,Default Target,['Surging Tempest'],5313749.0,['Surging Tempest']
598237,598769,Auto,90.0,10837.0,,Default Target,[],8273889.0,"[""Death's Design""]"
598104,598774,Dosis III,380.0,49391.0,,Default Target,[],147266966.0,[]
598338,598870,Auto,90.0,5328.0,,Default Target,[],1887023.0,[]
598709,599241,Auto,90.0,9146.0,,Default Target,[],5850300.0,"['Fugetsu', 'Fuka']"
598500,599258,Riot Blade,330.0,26327.0,,Default Target,[],46074807.0,[]
598923,599455,Auto,90.0,0.0,,Default Target,[],0.0,[]
598423,599713,Glare III,350.0,45381.0,,Default Target,[],121455354.0,[]
599756,599756,Automaton Queen,,,,,,,[]
598859,600019,Fire IV,300.0,79898.0,,Default Target,['3 Astral Fire'],197058271.0,['Enochian']
599469,600049,Waxing Slice,500.0,56579.0,,Default Target,[],225581193.0,"[""Death's Design""]"
600089,600089,Enshroud,,,,,,,[]
599250,600100,Gyofu,240.0,27418.0,,Default Target,[],52581804.0,"['Fugetsu', 'Fuka']"
599430,600188,Shot,80.0,7251.0,,Default Target,[],3696450.0,[]
599136,600286,Air Anchor,660.0,81629.0,,Default Target,[],468551960.0,[]
600182,600805,Fell Cleave,580.0,51589.0,,Default Target,['Surging Tempest'],176915445.0,['Surging Tempest']
600807,600807,Infuriate,,,,,,,[]
600578,601110,Auto,90.0,5328.0,,Default Target,[],1887023.0,[]
600545,601215,Dosis III,380.0,49391.0,,Default Target,[],147266966.0,[]
557247,601500,Higanbana (dot),50.0,5778.0,,Default Target,[],2333763.0,"['Fugetsu', 'Fuka']"
577789,601500,Thunder (dot),60.0,10027.0,,Default Target,[],3103341.0,['Enochian']
583442,601500,Eukrasian Dosis III (dot),85.0,11245.0,,Default Target,[],7632622.0,[]
595033,601500,Dia (dot),85.0,11244.0,,Default Target,[],7456489.0,[]
600999,601531,Auto,90.0,9146.0,,Default Target,[],5850300.0,"['Fugetsu', 'Fuka']"
601045,601577,Auto,90.0,21.0,,Default Target,[],25.0,[]
601437,601969,Auto,90.0,10837.0,,Default Target,[],8273889.0,"[""Death's Design""]"
601477,602009,Auto,90.0,8941.0,,Default Target,['Surging Tempest'],5313749.0,['Surging Tempest']
601390,602010,Jinpu,300.0,34274.0,,Default Target,[],82159455.0,"['Fugetsu', 'Fuka']"
601509,602041,Auto,90.0,0.0,,Default Target,[],0.0,['Enochian']
600853,602143,Glare III,350.0,45381.0,,Default Target,[],121455354.0,[]
601009,602169,Fire IV,300.0,79898.0,,Default Target,['3 Astral Fire'],197058271.0,['Enochian']
602257,602257,Barrel Stabilizer,,,,,,,[]
601000,602290,Sepulchre,540.0,43082.0,,Default Target,[],123387031.0,[]
601960,602500,Void Reaping,540.0,61101.0,,Default Target,[],263068010.0,"[""Death's Design""]"
601637,602787,Drill,660.0,81629.0,,Default Target,[],468551960.0,[]
602070,602828,Shot,80.0,7251.0,,Default Target,[],3696450.0,[]
602818,603350,Auto,90.0,5328.0,,Default Target,[],1887023.0,[]
602877,603587,Checkmate,180.0,22256.0,,Default Target,[],34830145.0,[]
602985,603655,Dosis III,380.0,49391.0,,Default Target,[],147266966.0,[]
603289,603821,Auto,90.0,9146.0,,Default Target,[],5850300.0,"['Fugetsu', 'Fuka']"
603500,604078,Royal Authority,460.0,36701.0,,Default Target,[],89538338.0,[]
604150,604150,Meikyo Shisui,,,,,,,[]
602682,604197,Storm's Path,500.0,44474.0,,Default Target,['Surging Tempest'],131481340.0,['Surging Tempest']
603497,604207,Double Check,180.0,22256.0,,Default Target,[],34830145.0,[]
603530,604290,Gekko,420.0,47982.0,,Default Target,[],161026141.0,"['Fugetsu', 'Fuka']"
603783,604315,Auto,90.0,0.0,,Default Target,[],0.0,[]
603159,604319,Fire IV,300.0,79898.0,,Default Target,['3 Astral Fire'],197058271.0,['Enochian']
603845,604377,Auto,90.0,21.0,,Default Target,[],25.0,[]
557247,604500,Higanbana (dot),50.0,5778.0,,Default Target,[],2333763.0,"['Fugetsu', 'Fuka']"
577789,604500,Thunder (dot),60.0,10027.0,,Default Target,[],3103341.0,['Enochian']
583442,604500,Eukrasian Dosis III (dot),85.0,11245.0,,Default Target,[],7632622.0,[]
595033,604500,Dia (dot),85.0,11244.0,,Default Target,[],7456489.0,[]
603283,604573,Glare III,350.0,45381.0,,Default Target,[],121455354.0,[]
603460,604620,Shadow of Death,300.0,33945.0,,Default Target,[],81192021.0,"[""Death's Design""]"
604089,604759,Paradox,540.0,79886.0,,Default Target,['3 Astral Fire'],197010726.0,['Enochian']
604137,605167,Chain Saw,660.0,81629.0,,Default Target,[],468551960.0,[]
604637,605169,Auto,90.0,10837.0,,Default Target,[],8273889.0,"[""Death's Design""]"
605256,605256,Roller Dash (pet),480.0,54238.0,,Default Target,[],206852178.0,[]
604789,605321,Auto,90.0,0.0,,Default Target,[],0.0,['Enochian']
604837,605369,Auto,90.0,8941.0,,Default Target,['Surging Tempest'],5313749.0,['Surging Tempest']
605377,605377,Reassemble,,,,,,,[]
604770,605390,Hissatsu: Shinten,250.0,28561.0,,Default Target,[],57056461.0,"['Fugetsu', 'Fuka']"
604757,605467,Checkmate,180.0,22256.0,,Default Target,[],34830145.0,[]
604710,605468,Shot,80.0,7251.0,,Default Target,[],3696450.0,[]
605473,605473,Arcane Circle,,,,,,,[]
605589,605589,Ley Lines,,,,,,,[]
605058,605590,Auto,90.0,5328.0,,Default Target,[],1887023.0,[]
605606,605606,Arcane Circle,,,,,,,[]
605606,605606,Arcane Circle,,,,,,,[]
605606,605606,Arcane Circle,,,,,,,[]
605606,605606,Arcane Circle,,,,,,,[]
605606,605606,Arcane Circle,,,,,,,[]
605606,605606,Arcane Circle,,,,,,,[]
605606,605606,Arcane Circle,,,,,,,[]
605182,605714,Heavy Swing,240.0,21341.0,,Default Target,['Surging Tempest'],30278556.0,['Surging Tempest']
605807,605807,Inner Release,,,,,,,[]
605426,606096,Dosis III,380.0,49391.0,,Default Target,[],147266966.0,[]
605579,606111,Auto,90.0,9146.0,,Default Target,[],5850300.0,"['Fugetsu', 'Fuka']"
605670,606290,Kasha,420.0,47982.0,,Default Target,['Meikyo Shisui'],161026141.0,"['Fugetsu', 'Fuka', 'Meikyo Shisui']"
606315,606315,Presence of Mind,,,,,,,[]
606625,606625,Fight or Flight,,,,,,,[]
605997,606707,Double Check,180.0,22256.0,,Default Target,[],34830145.0,[]
606093,606713,Cross Reaping,600.0,67895.0,,Default Target,['Enhanced Cross Reaping'],324829882.0,"[""Death's Design"", 'Enhanced Cross Reaping']"
605713,607003,Glare III,350.0,45381.0,,Default Target,[],121455354.0,[]
606645,607177,Auto,90.0,21.0,,Default Target,[],25.0,['Arcane Circle']
606000,607293,Atonement,460.0,36701.0,,Default Target,[],89538338.0,[]
606713,607423,Lemure's Slice,280.0,32630.0,,Default Target,[],75028119.0,"['Arcane Circle', ""Death's Design""]"
557247,607500,Higanbana (dot),50.0,5778.0,,Default Target,[],2333763.0,"['Fugetsu', 'Fuka']"
577789,607500,Thunder (dot),60.0,10027.0,,Default Target,[],3103341.0,['Enochian']
583442,607500,Eukrasian Dosis III (dot),85.0,11245.0,,Default Target,[],7632622.0,[]
595033,607500,Dia (dot),85.0,11244.0,,Default Target,[],7456489.0,[]
606638,607708,Excavator,660.0,144857.0,,Default Target,['Reassemble'],17479774.0,"['Arcane Circle', 'Reassemble']"
607298,607830,Auto,90.0,6860.0,,Default Target,[],3127432.0,"['Arcane Circle', 'Fight or Flight']"
607258,607968,Checkmate,180.0,22923.0,,Default Target,[],36952509.0,['Arcane Circle']
607350,608108,Shot,80.0,7468.0,,Default Target,[],3921085.0,['Arcane Circle']
607593,608133,Void Reaping,600.0,69932.0,,Default Target,['Enhanced Void Reaping'],344616536.0,"['Arcane Circle', ""Death's Design"", 'Enhanced Void Reaping']"
607837,608369,Auto,90.0,11162.0,,Default Target,[],8778880.0,"['Arcane Circle', ""Death's Design""]"
607869,608401,Auto,90.0,9420.0,,Default Target,[],6205884.0,"['Arcane Circle', 'Fugetsu', 'Fuka']"
607249,608409,Fire IV,300.0,82294.0,,Default Target,['3 Astral Fire'],209057070.0,"['Arcane Circle', 'Enochian', 'Ley Lines']"
607810,608430,Kaeshi: Setsugekka,640.0,104372.0,,Default Target,[],127156466.0,"['Arcane Circle', 'Fugetsu', 'Fuka']"
608456,608456,Arm Punch (pet),240.0,27928.0,,Default Target,[],54846462.0,['Arcane Circle']
607866,608536,Dosis III,380.0,50872.0,,Default Target,[],156234075.0,['Arcane Circle']
607250,608540,Imperator,580.0,59579.0,,Default Target,[],235972942.0,"['Arcane Circle', 'Fight or Flight']"
607878,608588,Double Check,180.0,22923.0,,Default Target,[],36952509.0,['Arcane Circle']
608069,608601,Auto,90.0,0.0,,Default Target,[],0.0,"['Arcane Circle', 'Enochian', 'Ley Lines']"
607682,608619,Inner Chaos,660.0,104286.0,,Default Target,['Surging Tempest'],9063670.0,"['Arcane Circle', 'Surging Tempest']"
608197,608729,Auto,90.0,9209.0,,Default Target,['Surging Tempest'],5637007.0,"['Arcane Circle', 'Surging Tempest']"
608343,608875,Auto,90.0,0.0,,Default Target,[],0.0,"['Arcane Circle', 'Presence of Mind']"
608307,608930,Upheaval,420.0,38476.0,,Default Target,['Surging Tempest'],98408059.0,"['Arcane Circle', 'Surging Tempest']"
608213,608973,Sacrificium,600.0,69932.0,,Default Target,[],344616536.0,"['Arcane Circle', ""Death's Design""]"
608430,609010,Shoha,640.0,75315.0,,Default Target,[],396735812.0,"['Arcane Circle', 'Fugetsu', 'Fuka']"
608500,609034,Goring Blade,700.0,71908.0,,Default Target,[],343744737.0,"['Arcane Circle', 'Fight or Flight']"
607843,609133,Glare III,350.0,46741.0,,Default Target,[],128850869.0,"['Arcane Circle', 'Presence of Mind']"
608932,609599,Onslaught,150.0,13739.0,,Default Target,['Surging Tempest'],12547811.0,"['Arcane Circle', 'Surging Tempest']"
609094,609714,Cross Reaping,600.0,69932.0,,Default Target,['Enhanced Cross Reaping'],344616536.0,"['Arcane Circle', ""Death's Design"", 'Enhanced Cross Reaping']"
609758,609758,Hypercharge,,,,,,,[]
609123,609973,Glare IV,640.0,85459.0,,Default Target,[],430731501.0,"['Arcane Circle', 'Presence of Mind']"
609445,609977,Auto,90.0,21.0,,Default Target,[],25.0,['Arcane Circle']
609347,610017,Phlegma III,600.0,80368.0,,Default Target,[],389906862.0,['Arcane Circle']
610056,610056,Arm Punch (pet),240.0,27928.0,,Default Target,[],54846462.0,['Arcane Circle']
609538,610070,Auto,90.0,6860.0,,Default Target,[],3127432.0,"['Arcane Circle', 'Fight or Flight']"
609125,610148,Circle of Scorn,140.0,14374.0,,Default Target,[],13730946.0,"['Arcane Circle', 'Fight or Flight']"
609138,610168,Full Metal Field,900.0,197537.0,,Default Target,[],32531547.0,['Arcane Circle']
609439,610199,High Thunder,150.0,22857.0,,Default Target,[],16128286.0,"['Arcane Circle', 'Enochian', 'Ley Lines']"
609714,610424,Lemure's Slice,280.0,32630.0,,Default Target,[],75028119.0,"['Arcane Circle', ""Death's Design""]"
557247,610500,Higanbana (dot),50.0,5778.0,,Default Target,[],2333763.0,"['Fugetsu', 'Fuka']"
583442,610500,Eukrasian Dosis III (dot),85.0,11245.0,,Default Target,[],7632622.0,[]
595033,610500,Dia (dot),85.0,11244.0,,Default Target,[],7456489.0,[]
609125,610500,Circle of Scorn (dot),30.0,3079.0,,Default Target,[],629828.0,"['Arcane Circle', 'Fight or Flight']"
609439,610500,Thunder (dot),60.0,10327.0,,Default Target,[],3292696.0,"['Arcane Circle', 'Enochian', 'Ley Lines']"
609990,610748,Shot,80.0,7468.0,,Default Target,[],3921085.0,['Arcane Circle']
610182,611342,Primal Rend,700.0,110613.0,,Default Target,['Surging Tempest'],10193633.0,"['Arcane Circle', 'Surging Tempest']"
610561,611591,Tendo Setsugekka,1100.0,179392.0,,Default Target,[],375638853.0,"['Arcane Circle', 'Fugetsu', 'Fuka']"
611061,611593,Auto,90.0,9420.0,,Default Target,[],6205884.0,"['Arcane Circle', 'Fugetsu', 'Fuka']"
611093,611625,Auto,90.0,0.0,,Default Target,[],0.0,"['Arcane Circle', 'Presence of Mind']"
611656,611656,Arm Punch (pet),240.0,27928.0,,Default Target,[],54846462.0,['Arcane Circle']
611063,611913,Glare IV,640.0,85459.0,,Default Target,[],430731501.0,"['Arcane Circle', 'Presence of Mind']"
611409,611941,Auto,90.0,0.0,,Default Target,[],0.0,"['Arcane Circle', 'Enochian', 'Ley Lines']"
611351,611971,Hissatsu: Shinten,250.0,29418.0,,Default Target,[],60533551.0,"['Arcane Circle', 'Fugetsu', 'Fuka']"
611625,611982,Expiacion,450.0,46226.0,,Default Target,[],142052572.0,"['Arcane Circle', 'Fight or Flight']"
611394,612014,Communio,1100.0,128211.0,,Default Target,[],1158307719.0,"['Arcane Circle', ""Death's Design""]"
611382,612049,Onslaught,150.0,13739.0,,Default Target,['Surging Tempest'],12547811.0,"['Arcane Circle', 'Surging Tempest']"
610909,612069,Fire IV,300.0,82294.0,,Default Target,['3 Astral Fire'],209057070.0,"['Arcane Circle', 'Enochian', 'Ley Lines']"
611557,612089,Auto,90.0,9209.0,,Default Target,['Surging Tempest'],5637007.0,"['Arcane Circle', 'Surging Tempest']"
611000,612160,Supplication,500.0,51363.0,,Default Target,[],175374743.0,"['Arcane Circle', 'Fight or Flight']"
611778,612310,Auto,90.0,6860.0,,Default Target,[],3127432.0,"['Arcane Circle', 'Fight or Flight']"
611894,612426,Auto,90.0,11162.0,,Default Target,[],8778880.0,"['Arcane Circle', ""Death's Design""]"
611787,612457,Phlegma III,600.0,80368.0,,Default Target,[],389906862.0,['Arcane Circle']
611639,612489,Blazing Shot,260.0,33118.0,,Default Target,['Overheated'],77133211.0,"['Arcane Circle', 'Overheated']"
612245,612777,Auto,90.0,21.0,,Default Target,[],25.0,['Arcane Circle']
612091,613121,Tendo Kaeshi Setsugekka,1100.0,179392.0,,Default Target,[],375638853.0,"['Arcane Circle', 'Fugetsu', 'Fuka']"
613256,613256,Pile Bunker (pet),680.0,79145.0,,Default Target,[],440466010.0,['Arcane Circle']
612682,613305,Fell Cleave,580.0,91649.0,,Default Target,['Surging Tempest'],6999768.0,"['Arcane Circle', 'Inner Release', 'Surging Tempest']"
612630,613388,Shot,80.0,7468.0,,Default Target,[],3921085.0,['Arcane Circle']
557247,613500,Higanbana (dot),50.0,5778.0,,Default Target,[],2333763.0,"['Fugetsu', 'Fuka']"
583442,613500,Eukrasian Dosis III (dot),85.0,11245.0,,Default Target,[],7632622.0,[]
595033,613500,Dia (dot),85.0,11244.0,,Default Target,[],7456489.0,[]
609125,613500,Circle of Scorn (dot),30.0,3079.0,,Default Target,[],629828.0,"['Arcane Circle', 'Fight or Flight']"
609439,613500,Thunder (dot),60.0,10327.0,,Default Target,[],3292696.0,"['Arcane Circle', 'Enochian', 'Ley Lines']"
613715,613715,Enshroud,,,,,,,[]
613167,613837,Hissatsu: Senei,800.0,94145.0,,Default Target,[],619920957.0,"['Arcane Circle', 'Fugetsu', 'Fuka']"
613003,613853,Glare IV,640.0,85459.0,,Default Target,[],430731501.0,"['Arcane Circle', 'Presence of Mind']"
613351,613883,Auto,90.0,9420.0,,Default Target,[],6205884.0,"['Arcane Circle', 'Fugetsu', 'Fuka']"
612739,613899,Fire IV,300.0,82294.0,,Default Target,['3 Astral Fire'],209057070.0,"['Arcane Circle', 'Enochian', 'Ley Lines']"
613307,613974,Onslaught,150.0,13739.0,,Default Target,['Surging Tempest'],12547811.0,"['Arcane Circle', 'Surging Tempest']"
613139,613989,Blazing Shot,260.0,33118.0,,Default Target,['Overheated'],77133211.0,"['Arcane Circle', 'Overheated']"
613500,614123,Confiteor,1000.0,102728.0,,Default Target,['Requiescat'],701541641.0,"['Arcane Circle', 'Fight or Flight', 'Requiescat']"
613095,614255,Plentiful Harvest,1000.0,116554.0,,Default Target,[],957269112.0,"['Arcane Circle', ""Death's Design""]"
613843,614375,Auto,90.0,0.0,,Default Target,[],0.0,"['Arcane Circle', 'Presence of Mind']"
613759,614469,Checkmate,180.0,22923.0,,Default Target,[],36952509.0,['Arcane Circle']
614018,614550,Auto,90.0,6860.0,,Default Target,[],3127432.0,"['Arcane Circle', 'Fight or Flight']"
614125,614703,Intervene,150.0,15406.0,,Default Target,[],15776871.0,"['Arcane Circle', 'Fight or Flight']"
614231,614991,Gekko,420.0,49421.0,,Default Target,[],170834077.0,"['Arcane Circle', 'Fugetsu', 'Fuka']"
615003,615003,Ikishoten,,,,,,,[]
614569,615189,Flare Star,500.0,137161.0,,Default Target,['3 Astral Fire'],580733494.0,"['Arcane Circle', 'Enochian', 'Ley Lines']"
615256,615256,Crowned Collider (pet),780.0,90783.0,,Default Target,[],579538936.0,['Arcane Circle']
614917,615449,Auto,90.0,9209.0,,Default Target,['Surging Tempest'],5637007.0,"['Arcane Circle', 'Surging Tempest']"
614640,615490,Blazing Shot,260.0,33118.0,,Default Target,['Overheated'],77133211.0,"['Arcane Circle', 'Overheated']"
615069,615601,Auto,90.0,0.0,,Default Target,[],0.0,"['Arcane Circle', 'Enochian', 'Ley Lines']"
615094,615626,Auto,90.0,11162.0,,Default Target,[],8778880.0,"['Arcane Circle', ""Death's Design""]"
615182,615805,Fell Cleave,580.0,91649.0,,Default Target,['Surging Tempest'],6999768.0,"['Arcane Circle', 'Inner Release', 'Surging Tempest']"
615187,615857,Dosis III,380.0,50872.0,,Default Target,[],156234075.0,['Arcane Circle']
615260,615970,Double Check,180.0,22923.0,,Default Target,[],36952509.0,['Arcane Circle']
615270,616028,Shot,80.0,7468.0,,Default Target,[],3921085.0,['Arcane Circle']
615439,616059,Xenoglossy,890.0,135626.0,,Default Target,[],567803563.0,"['Arcane Circle', 'Enochian', 'Ley Lines']"
615585,616125,Void Reaping,540.0,62934.0,,Default Target,[],279091283.0,"['Arcane Circle', ""Death's Design""]"
615641,616173,Auto,90.0,9420.0,,Default Target,[],6205884.0,"['Arcane Circle', 'Fugetsu', 'Fuka']"
615687,616219,Auto,90.0,21.0,,Default Target,[],25.0,['Arcane Circle']
557247,616500,Higanbana (dot),50.0,5778.0,,Default Target,[],2333763.0,"['Fugetsu', 'Fuka']"
595033,616500,Dia (dot),85.0,11244.0,,Default Target,[],7456489.0,[]
609125,616500,Circle of Scorn (dot),30.0,3079.0,,Default Target,[],629828.0,"['Arcane Circle', 'Fight or Flight']"
609439,616500,Thunder (dot),60.0,10327.0,,Default Target,[],3292696.0,"['Arcane Circle', 'Enochian', 'Ley Lines']"
616000,616666,Blade of Faith,760.0,78075.0,,Default Target,['Requiescat'],405221164.0,"['Arcane Circle', 'Fight or Flight', 'Requiescat']"
616258,616790,Auto,90.0,6860.0,,Default Target,[],3127432.0,"['Arcane Circle', 'Fight or Flight']"
615604,616894,Glare III,350.0,46741.0,,Default Target,[],128850869.0,"['Arcane Circle', 'Presence of Mind']"
616205,616965,Sacrificium,600.0,69932.0,,Default Target,[],344616536.0,"['Arcane Circle', ""Death's Design""]"
616140,616990,Blazing Shot,260.0,33118.0,,Default Target,['Overheated'],77133211.0,"['Arcane Circle', 'Overheated']"
616593,617125,Auto,90.0,0.0,,Default Target,[],0.0,"['Arcane Circle', 'Presence of Mind']"
616625,617203,Intervene,150.0,15406.0,,Default Target,[],15776871.0,"['Arcane Circle', 'Fight or Flight']"
616884,617464,Afflatus Misery,1400.0,186976.0,,Default Target,[],2061802472.0,"['Arcane Circle', 'Presence of Mind']"
616760,617470,Checkmate,180.0,22923.0,,Default Target,[],36952509.0,['Arcane Circle']
617086,617706,Cross Reaping,600.0,69932.0,,Default Target,['Enhanced Cross Reaping'],344616536.0,"['Arcane Circle', ""Death's Design"", 'Enhanced Cross Reaping']"
617171,617791,Higanbana,200.0,23532.0,,Default Target,[],38733013.0,"['Arcane Circle', 'Fugetsu', 'Fuka']"
617269,617889,Xenoglossy,890.0,135626.0,,Default Target,[],567803563.0,"['Arcane Circle', 'Enochian', 'Ley Lines']"
617504,618174,Assize,400.0,53419.0,,Default Target,[],168296736.0,"['Arcane Circle', 'Presence of Mind']"
617628,618298,Dosis III,380.0,50872.0,,Default Target,[],156234075.0,['Arcane Circle']
617682,618305,Fell Cleave,580.0,91649.0,,Default Target,['Surging Tempest'],6999768.0,"['Arcane Circle', 'Inner Release', 'Surging Tempest']"
617849,618381,Auto,90.0,0.0,,Default Target,[],0.0,"['Arcane Circle', 'Enochian', 'Ley Lines']"
617706,618416,Lemure's Slice,280.0,32630.0,,Default Target,[],75028119.0,"['Arcane Circle', ""Death's Design""]"
617931,618463,Auto,90.0,9420.0,,Default Target,[],6205884.0,"['Arcane Circle', 'Fugetsu', 'Fuka']"
617641,618491,Blazing Shot,260.0,33118.0,,Default Target,['Overheated'],77133211.0,"['Arcane Circle', 'Overheated']"
617910,618668,Shot,80.0,7468.0,,Default Target,[],3921085.0,['Arcane Circle']
617771,618801,Zanshin,940.0,110619.0,,Default Target,[],855856194.0,"['Arcane Circle', 'Fugetsu', 'Fuka']"
618277,618809,Auto,90.0,9209.0,,Default Target,['Surging Tempest'],5637007.0,"['Arcane Circle', 'Surging Tempest']"
618294,618826,Auto,90.0,11162.0,,Default Target,[],8778880.0,"['Arcane Circle', ""Death's Design""]"
618932,618932,Infuriate,,,,,,,[]
618261,618971,Double Check,180.0,22923.0,,Default Target,[],36952509.0,['Arcane Circle']
618487,619019,Auto,90.0,21.0,,Default Target,[],25.0,['Arcane Circle']
618498,619030,Auto,90.0,6860.0,,Default Target,[],3127432.0,"['Arcane Circle', 'Fight or Flight']"
618586,619126,Void Reaping,600.0,69932.0,,Default Target,['Enhanced Void Reaping'],344616536.0,"['Arcane Circle', ""Death's Design"", 'Enhanced Void Reaping']"
618235,619335,Psyche,600.0,80368.0,,Default Target,[],389906862.0,['Arcane Circle']
618500,619391,Blade of Truth,880.0,90399.0,,Default Target,['Requiescat'],543243624.0,"['Arcane Circle', 'Fight or Flight', 'Requiescat']"
618307,619457,Primal Wrath,700.0,64131.0,,Default Target,['Surging Tempest'],273411936.0,"['Arcane Circle', 'Surging Tempest']"
595033,619500,Dia (dot),85.0,11244.0,,Default Target,[],7456489.0,[]
609125,619500,Circle of Scorn (dot),30.0,3079.0,,Default Target,[],629828.0,"['Arcane Circle', 'Fight or Flight']"
609439,619500,Thunder (dot),60.0,10327.0,,Default Target,[],3292696.0,"['Arcane Circle', 'Enochian', 'Ley Lines']"
617171,619500,Higanbana (dot),50.0,5951.0,,Default Target,[],2476337.0,"['Arcane Circle', 'Fugetsu', 'Fuka']"
619099,619719,Xenoglossy,890.0,135626.0,,Default Target,[],567803563.0,"['Arcane Circle', 'Enochian', 'Ley Lines']"
619799,619799,Triplecast,,,,,,,[]
619311,619811,Ogi Namikiri,1000.0,163087.0,,Default Target,[],310457357.0,"['Arcane Circle', 'Fugetsu', 'Fuka']"
619141,619941,Heated Clean Shot,420.0,53503.0,,Default Target,[],201301861.0,['Arcane Circle']
619761,620471,Double Check,180.0,22923.0,,Default Target,[],36952509.0,['Arcane Circle']
619984,620516,Auto,90.0,0.0,,Default Target,[],0.0,"['Arcane Circle', 'Presence of Mind']"
619912,620532,Hissatsu: Shinten,250.0,29418.0,,Default Target,[],60533551.0,"['Arcane Circle', 'Fugetsu', 'Fuka']"
620087,620707,Cross Reaping,600.0,69932.0,,Default Target,['Enhanced Cross Reaping'],344616536.0,"['Arcane Circle', ""Death's Design"", 'Enhanced Cross Reaping']"
620221,620753,Auto,90.0,9420.0,,Default Target,[],6205884.0,"['Arcane Circle', 'Fugetsu', 'Fuka']"
619484,620774,Glare III,350.0,46741.0,,Default Target,[],128850869.0,"['Arcane Circle', 'Presence of Mind']"
610378,621048,Wildfire (dot),1440.0,143913.0,,Default Target,['6 GCD'],17258406.0,['Arcane Circle']
620381,621091,Checkmate,180.0,22923.0,,Default Target,[],36952509.0,['Arcane Circle']
620651,621141,Kaeshi: Namikiri,1000.0,163087.0,,Default Target,[],310457357.0,"['Arcane Circle', 'Fugetsu', 'Fuka']"
620629,621161,Auto,90.0,0.0,,Default Target,[],0.0,"['Arcane Circle', 'Enochian', 'Ley Lines']"
620182,621242,Primal Ruination,780.0,123252.0,,Default Target,['Surging Tempest'],12654694.0,"['Arcane Circle', 'Surging Tempest']"
620738,621270,Auto,90.0,6860.0,,Default Target,[],3127432.0,"['Arcane Circle', 'Fight or Flight']"
620550,621308,Shot,80.0,7468.0,,Default Target,[],3921085.0,['Arcane Circle']
620707,621417,Lemure's Slice,280.0,32630.0,,Default Target,[],75028119.0,"['Arcane Circle', ""Death's Design""]"
620929,621419,Despair,350.0,96009.0,,Default Target,['3 Astral Fire'],284575080.0,"['Arcane Circle', 'Enochian', 'Ley Lines']"
621629,621629,Transpose,,,,,,,[]
621287,621819,Auto,90.0,21.0,,Default Target,[],25.0,['Arcane Circle']
621000,621891,Blade of Valor,1000.0,102728.0,,Default Target,['Requiescat'],701541641.0,"['Arcane Circle', 'Fight or Flight', 'Requiescat']"
621494,622026,Auto,90.0,11162.0,,Default Target,[],8778880.0,"['Arcane Circle', ""Death's Design""]"
621637,622169,Auto,90.0,9209.0,,Default Target,['Surging Tempest'],5637007.0,"['Arcane Circle', 'Surging Tempest']"
622262,622262,Automaton Queen,,,,,,,[]
595033,622500,Dia (dot),85.0,11244.0,,Default Target,[],7456489.0,[]
609125,622500,Circle of Scorn (dot),30.0,3079.0,,Default Target,[],629828.0,"['Arcane Circle', 'Fight or Flight']"
609439,622500,Thunder (dot),60.0,10327.0,,Default Target,[],3292696.0,"['Arcane Circle', 'Enochian', 'Ley Lines']"
617171,622500,Higanbana (dot),50.0,5951.0,,Default Target,[],2476337.0,"['Arcane Circle', 'Fugetsu', 'Fuka']"
620109,622500,Eukrasian Dosis III (dot),85.0,11582.0,,Default Target,[],8097197.0,['Arcane Circle']
621424,622714,Glare III,350.0,46741.0,,Default Target,[],128850869.0,"['Arcane Circle', 'Presence of Mind']"
621625,622785,Blade of Honor,1000.0,102728.0,,Default Target,[],701541641.0,"['Arcane Circle', 'Fight or Flight']"
621642,622792,Drill,660.0,84078.0,,Default Target,[],497079330.0,['Arcane Circle']
622882,622882,Hypercharge,,,,,,,[]
622387,623007,Communio,1100.0,128211.0,,Default Target,[],1158307719.0,"['Arcane Circle', ""Death's Design""]"
622511,623043,Auto,90.0,9420.0,,Default Target,[],6205884.0,"['Arcane Circle', 'Fugetsu', 'Fuka']"
622570,623240,Dosis III,380.0,50872.0,,Default Target,[],156234075.0,['Arcane Circle']
622760,623430,Paradox,540.0,82283.0,,Default Target,['1 Umbral Ice'],209011300.0,"['Arcane Circle', 'Enochian', 'Ley Lines', 'Triplecast']"
623460,623460,Amplifier,,,,,,,[]
622978,623510,Auto,90.0,6860.0,,Default Target,[],3127432.0,"['Arcane Circle', 'Fight or Flight']"
622791,623551,Gekko,420.0,49421.0,,Default Target,[],170834077.0,"['Arcane Circle', 'Fugetsu', 'Fuka']"
622682,623619,Inner Chaos,660.0,104286.0,,Default Target,['Surging Tempest'],9063670.0,"['Arcane Circle', 'Surging Tempest']"
623409,623941,Auto,90.0,0.0,,Default Target,[],0.0,"['Arcane Circle', 'Enochian', 'Ley Lines']"
623190,623948,Shot,80.0,7468.0,,Default Target,[],3921085.0,['Arcane Circle']
623430,624010,Shoha,640.0,75315.0,,Default Target,[],396735812.0,"['Arcane Circle', 'Fugetsu', 'Fuka']"
624164,624696,Auto,90.0,0.0,,Default Target,[],0.0,['Arcane Circle']
623500,624790,Sepulchre,540.0,55468.0,,Default Target,[],204533505.0,"['Arcane Circle', 'Fight or Flight']"
623664,624954,Glare III,350.0,46741.0,,Default Target,[],128850869.0,['Arcane Circle']
624142,624992,Blazing Shot,260.0,33118.0,,Default Target,['Overheated'],77133211.0,"['Arcane Circle', 'Overheated']"
624590,625210,Xenoglossy,890.0,135626.0,,Default Target,[],567803563.0,"['Arcane Circle', 'Enochian', 'Ley Lines']"
624694,625226,Auto,90.0,11162.0,,Default Target,[],8778880.0,"['Arcane Circle', ""Death's Design""]"
624801,625333,Auto,90.0,9420.0,,Default Target,[],6205884.0,"['Arcane Circle', 'Fugetsu', 'Fuka']"
624088,625378,Perfectio,1300.0,151524.0,,Default Target,[],1617843098.0,"['Arcane Circle', ""Death's Design""]"
595033,625500,Dia (dot),85.0,11244.0,,Default Target,[],7456489.0,[]
609439,625500,Thunder (dot),60.0,10327.0,,Default Target,[],3292696.0,"['Arcane Circle', 'Enochian', 'Ley Lines']"
617171,625500,Higanbana (dot),50.0,5951.0,,Default Target,[],2476337.0,"['Arcane Circle', 'Fugetsu', 'Fuka']"
620109,625500,Eukrasian Dosis III (dot),85.0,11582.0,,Default Target,[],8097197.0,['Arcane Circle']
624997,625529,Auto,90.0,9209.0,,Default Target,['Surging Tempest'],5637007.0,"['Arcane Circle', 'Surging Tempest']"
625010,625680,Dosis III,380.0,50872.0,,Default Target,[],156234075.0,['Arcane Circle']
625218,625750,Auto,90.0,6860.0,,Default Target,[],3127432.0,"['Arcane Circle', 'Fight or Flight']"
624932,625782,Gyofu,240.0,28241.0,,Default Target,[],55780065.0,"['Arcane Circle', 'Fugetsu', 'Fuka']"
625183,625806,Maim,340.0,31146.0,,Default Target,['Surging Tempest'],64490250.0,"['Arcane Circle', 'Surging Tempest']"
625510,626042,Auto,90.0,21.0,,Default Target,[],25.0,['Arcane Circle']
625134,626424,Dia,85.0,11297.0,,Default Target,[],7527969.0,['Arcane Circle']
625643,626493,Blazing Shot,260.0,33118.0,,Default Target,['Overheated'],77133211.0,"['Arcane Circle', 'Overheated']"
625830,626588,Shot,80.0,7468.0,,Default Target,[],3921085.0,['Arcane Circle']
626189,626721,Auto,90.0,0.0,,Default Target,[],0.0,"['Arcane Circle', 'Enochian']"
626000,626758,Holy Spirit,500.0,51363.0,,Default Target,['Divine Might'],175374743.0,"['Arcane Circle', 'Divine Might', 'Fight or Flight']"
626263,626973,Double Check,180.0,22256.0,,Default Target,[],34830145.0,[]
626578,627118,Infernal Slice,600.0,67895.0,,Default Target,[],324829882.0,"[""Death's Design""]"
626420,627260,Blizzard III,290.0,42893.0,,Default Target,['1 Umbral Ice'],56791993.0,"['Enochian', 'Triplecast']"
627091,627623,Auto,90.0,9146.0,,Default Target,[],5850300.0,"['Fugetsu', 'Fuka']"
627762,627762,Roller Dash (pet),240.0,27114.0,,Default Target,[],51699045.0,[]
627072,627872,Yukikaze,340.0,38842.0,,Default Target,[],105525015.0,"['Fugetsu', 'Fuka']"
627458,627990,Auto,90.0,5328.0,,Default Target,[],1887023.0,[]
627143,627993,Blazing Shot,260.0,32154.0,,Default Target,['Overheated'],72701607.0,['Overheated']
628058,628058,Taurochole,,,,,,,[]
627451,628121,Dosis III,380.0,49391.0,,Default Target,[],147266966.0,[]
627894,628426,Auto,90.0,10837.0,,Default Target,[],8273889.0,"[""Death's Design""]"
627763,628473,Checkmate,180.0,22256.0,,Default Target,[],34830145.0,[]
609439,628500,Thunder (dot),60.0,10327.0,,Default Target,[],3292696.0,"['Arcane Circle', 'Enochian', 'Ley Lines']"
617171,628500,Higanbana (dot),50.0,5951.0,,Default Target,[],2476337.0,"['Arcane Circle', 'Fugetsu', 'Fuka']"
620109,628500,Eukrasian Dosis III (dot),85.0,11582.0,,Default Target,[],8097197.0,['Arcane Circle']
625134,628500,Dia (dot),85.0,11581.0,,Default Target,[],7910693.0,['Arcane Circle']
628310,628842,Auto,90.0,21.0,,Default Target,[],25.0,[]
628357,628889,Auto,90.0,8941.0,,Default Target,['Surging Tempest'],5313749.0,['Surging Tempest']
628500,629123,Fast Blade,220.0,17548.0,,Default Target,[],20469011.0,[]
627683,629198,Storm's Path,500.0,44474.0,,Default Target,['Surging Tempest'],131481340.0,['Surging Tempest']
628470,629228,Shot,80.0,7251.0,,Default Target,[],3696450.0,[]
629270,629270,Transpose,,,,,,,[]
628644,629494,Blazing Shot,260.0,32154.0,,Default Target,['Overheated'],72701607.0,['Overheated']
629024,629556,Auto,90.0,0.0,,Default Target,[],0.0,[]
628570,629730,Blizzard IV,300.0,44387.0,,Default Target,['3 Umbral Ice'],60819838.0,"['Enochian', 'Triplecast']"
628524,629814,Glare III,350.0,45381.0,,Default Target,[],121455354.0,[]
629381,629913,Auto,90.0,9146.0,,Default Target,[],5850300.0,"['Fugetsu', 'Fuka']"
629264,629974,Double Check,180.0,22256.0,,Default Target,[],34830145.0,[]
629469,630001,Auto,90.0,0.0,,Default Target,[],0.0,['Enochian']
629212,630062,Gyofu,240.0,27418.0,,Default Target,[],52581804.0,"['Fugetsu', 'Fuka']"
629069,630099,Soul Slice,520.0,58841.0,,Default Target,[],243981522.0,"[""Death's Design""]"
629698,630230,Auto,90.0,5328.0,,Default Target,[],1887023.0,[]
629891,630561,Dosis III,380.0,49391.0,,Default Target,[],147266966.0,[]
630183,630806,Fell Cleave,580.0,51589.0,,Default Target,['Surging Tempest'],176915445.0,['Surging Tempest']
630808,630808,Infuriate,,,,,,,[]
630962,630962,Arm Punch (pet),120.0,13555.0,,Default Target,[],12921574.0,[]
630144,630994,Blazing Shot,260.0,32154.0,,Default Target,['Overheated'],72701607.0,['Overheated']
630764,631474,Checkmate,180.0,22256.0,,Default Target,[],34830145.0,[]
609439,631500,Thunder (dot),60.0,10327.0,,Default Target,[],3292696.0,"['Arcane Circle', 'Enochian', 'Ley Lines']"
617171,631500,Higanbana (dot),50.0,5951.0,,Default Target,[],2476337.0,"['Arcane Circle', 'Fugetsu', 'Fuka']"
620109,631500,Eukrasian Dosis III (dot),85.0,11582.0,,Default Target,[],8097197.0,['Arcane Circle']
625134,631500,Dia (dot),85.0,11581.0,,Default Target,[],7910693.0,['Arcane Circle']
631094,631626,Auto,90.0,10837.0,,Default Target,[],8273889.0,"[""Death's Design""]"
631110,631642,Auto,90.0,21.0,,Default Target,[],25.0,[]
631000,631758,Riot Blade,330.0,26327.0,,Default Target,[],46074807.0,[]
631110,631868,Shot,80.0,7251.0,,Default Target,[],3696450.0,[]
630720,632010,Fire III,290.0,60051.0,,Default Target,['3 Astral Fire'],111314107.0,['Enochian']
631559,632049,Slice,420.0,47524.0,,Default Target,[],159145747.0,"[""Death's Design""]"
631352,632152,Shifu,300.0,34274.0,,Default Target,[],82159455.0,"['Fugetsu', 'Fuka']"
631671,632203,Auto,90.0,9146.0,,Default Target,[],5850300.0,"['Fugetsu', 'Fuka']"
630954,632244,Glare III,350.0,45381.0,,Default Target,[],121455354.0,[]
631717,632249,Auto,90.0,8941.0,,Default Target,['Surging Tempest'],5313749.0,['Surging Tempest']
631645,632445,Heated Split Shot,220.0,27207.0,,Default Target,[],52053770.0,[]
631938,632470,Auto,90.0,5328.0,,Default Target,[],1887023.0,[]
632562,632562,Arm Punch (pet),120.0,13555.0,,Default Target,[],12921574.0,[]
632332,633002,Dosis III,380.0,49391.0,,Default Target,[],147266966.0,[]
632179,633249,Gluttony,520.0,58841.0,,Default Target,[],243981522.0,"[""Death's Design""]"
632749,633281,Auto,90.0,0.0,,Default Target,[],0.0,['Enochian']
632683,633620,Inner Chaos,660.0,101249.0,,Default Target,['Surging Tempest'],8541281.0,['Surging Tempest']
633500,634078,Royal Authority,460.0,36701.0,,Default Target,[],89538338.0,[]
633492,634112,Kasha,420.0,47982.0,,Default Target,[],161026141.0,"['Fugetsu', 'Fuka']"
634162,634162,Arm Punch (pet),120.0,13555.0,,Default Target,[],12921574.0,[]
633884,634416,Auto,90.0,0.0,,Default Target,[],0.0,[]
633961,634493,Auto,90.0,9146.0,,Default Target,[],5850300.0,"['Fugetsu', 'Fuka']"
609439,634500,Thunder (dot),60.0,10327.0,,Default Target,[],3292696.0,"['Arcane Circle', 'Enochian', 'Ley Lines']"
617171,634500,Higanbana (dot),50.0,5951.0,,Default Target,[],2476337.0,"['Arcane Circle', 'Fugetsu', 'Fuka']"
620109,634500,Eukrasian Dosis III (dot),85.0,11582.0,,Default Target,[],8097197.0,['Arcane Circle']
625134,634500,Dia (dot),85.0,11581.0,,Default Target,[],7910693.0,['Arcane Circle']
633750,634508,Shot,80.0,7251.0,,Default Target,[],3696450.0,[]
634050,634670,Executioner's Gibbet,820.0,92789.0,,Default Target,['Enhanced Gibbet'],606695908.0,"[""Death's Design"", 'Enhanced Gibbet']"
633384,634674,Glare III,350.0,45381.0,,Default Target,[],121455354.0,[]
634178,634710,Auto,90.0,5328.0,,Default Target,[],1887023.0,[]
634294,634826,Auto,90.0,10837.0,,Default Target,[],8273889.0,"[""Death's Design""]"
634145,634945,Heated Slug Shot,320.0,39574.0,,Default Target,[],110128346.0,[]
634090,635250,Fire IV,300.0,79898.0,,Default Target,['3 Astral Fire'],197058271.0,['Enochian']
634772,635442,Dosis III,380.0,49391.0,,Default Target,[],147266966.0,[]
635077,635609,Auto,90.0,8941.0,,Default Target,['Surging Tempest'],5313749.0,['Surging Tempest']
635183,635715,Heavy Swing,240.0,21341.0,,Default Target,['Surging Tempest'],30278556.0,['Surging Tempest']
635762,635762,Pile Bunker (pet),340.0,38417.0,,Default Target,[],103775197.0,[]
635272,635804,Auto,90.0,21.0,,Default Target,[],25.0,[]
636416,636416,Thin Air,,,,,,,[]
636418,636950,Auto,90.0,5328.0,,Default Target,[],1887023.0,[]
636432,637052,Midare Setsugekka,640.0,101332.0,,Default Target,[],119853464.0,"['Fugetsu', 'Fuka']"
635814,637104,Glare III,350.0,45381.0,,Default Target,[],121455354.0,[]
636390,637148,Shot,80.0,7251.0,,Default Target,[],3696450.0,[]
636740,637272,Auto,90.0,0.0,,Default Target,[],0.0,['Enochian']
636000,637293,Atonement,460.0,36701.0,,Default Target,[],89538338.0,[]
636240,637400,Fire IV,300.0,79898.0,,Default Target,['3 Astral Fire'],197058271.0,['Enochian']
636646,637446,Heated Clean Shot,420.0,51946.0,,Default Target,[],189745438.0,[]
636932,637464,Auto,90.0,9146.0,,Default Target,[],5850300.0,"['Fugetsu', 'Fuka']"
609439,637500,Thunder (dot),60.0,10327.0,,Default Target,[],3292696.0,"['Arcane Circle', 'Enochian', 'Ley Lines']"
617171,637500,Higanbana (dot),50.0,5951.0,,Default Target,[],2476337.0,"['Arcane Circle', 'Fugetsu', 'Fuka']"
620109,637500,Eukrasian Dosis III (dot),85.0,11582.0,,Default Target,[],8097197.0,['Arcane Circle']
625134,637500,Dia (dot),85.0,11581.0,,Default Target,[],7910693.0,['Arcane Circle']
637762,637762,Crowned Collider (pet),390.0,44069.0,,Default Target,[],136559340.0,[]
637213,637883,Dosis III,380.0,49391.0,,Default Target,[],147266966.0,[]
637494,638026,Auto,90.0,10837.0,,Default Target,[],8273889.0,"[""Death's Design""]"
637683,638306,Maim,340.0,30239.0,,Default Target,['Surging Tempest'],60784922.0,['Surging Tempest']
638072,638604,Auto,90.0,21.0,,Default Target,[],25.0,[]
637772,638622,Gyofu,240.0,27418.0,,Default Target,[],52581804.0,"['Fugetsu', 'Fuka']"
636540,638680,Executioner's Gallows,820.0,92789.0,,Default Target,['Enhanced Gallows'],606695908.0,"[""Death's Design"", 'Enhanced Gallows']"
638846,638846,Thin Air,,,,,,,[]
638308,638931,Upheaval,420.0,37355.0,,Default Target,['Surging Tempest'],92756681.0,['Surging Tempest']
638437,638969,Auto,90.0,8941.0,,Default Target,['Surging Tempest'],5313749.0,['Surging Tempest']
638658,639190,Auto,90.0,5328.0,,Default Target,[],1887023.0,[]
638744,639276,Auto,90.0,0.0,,Default Target,[],0.0,[]
638244,639534,Glare III,350.0,45381.0,,Default Target,[],121455354.0,[]
638820,639580,High Thunder,150.0,22191.0,,Default Target,[],15203066.0,['Enochian']
638500,639660,Supplication,500.0,39894.0,,Default Target,[],105795169.0,[]
639222,639754,Auto,90.0,9146.0,,Default Target,[],5850300.0,"['Fugetsu', 'Fuka']"
639030,639788,Shot,80.0,7251.0,,Default Target,[],3696450.0,[]
639031,640061,Soul Slice,520.0,58841.0,,Default Target,[],243981522.0,"[""Death's Design""]"
639125,640148,Circle of Scorn,140.0,11164.0,,Default Target,[],8284059.0,[]
639651,640191,Unveiled Gibbet,440.0,49788.0,,Default Target,[],174669570.0,"[""Death's Design""]"
639146,640296,Air Anchor,660.0,81629.0,,Default Target,[],468551960.0,[]
639653,640323,Dosis III,380.0,49391.0,,Default Target,[],147266966.0,[]
639766,640476,Double Check,180.0,22256.0,,Default Target,[],34830145.0,[]
617171,640500,Higanbana (dot),50.0,5951.0,,Default Target,[],2476337.0,"['Arcane Circle', 'Fugetsu', 'Fuka']"
620109,640500,Eukrasian Dosis III (dot),85.0,11582.0,,Default Target,[],8097197.0,['Arcane Circle']
625134,640500,Dia (dot),85.0,11581.0,,Default Target,[],7910693.0,['Arcane Circle']
638820,640500,Thunder (dot),60.0,10027.0,,Default Target,[],3103341.0,['Enochian']
639125,640500,Circle of Scorn (dot),30.0,2392.0,,Default Target,[],380146.0,[]
639913,640713,Yukikaze,340.0,38842.0,,Default Target,[],105525015.0,"['Fugetsu', 'Fuka']"
640386,641096,Checkmate,180.0,22256.0,,Default Target,[],34830145.0,[]
640694,641226,Auto,90.0,10837.0,,Default Target,[],8273889.0,"[""Death's Design""]"
640872,641404,Auto,90.0,21.0,,Default Target,[],25.0,[]
640898,641430,Auto,90.0,5328.0,,Default Target,[],1887023.0,[]
641040,641572,Auto,90.0,0.0,,Default Target,[],0.0,['Enochian']
640540,641700,Fire IV,300.0,79898.0,,Default Target,['3 Astral Fire'],197058271.0,['Enochian']
641000,641758,Holy Spirit,500.0,39894.0,,Default Target,['Divine Might'],105795169.0,['Divine Might']
640183,641832,Storm's Eye,500.0,44474.0,,Default Target,['Surging Tempest'],131481340.0,['Surging Tempest']
640674,641964,Glare III,350.0,45381.0,,Default Target,[],121455354.0,[]
641625,641982,Expiacion,450.0,35904.0,,Default Target,[],85693120.0,[]
641521,642011,Gibbet,620.0,70159.0,,Default Target,['Enhanced Gibbet'],346845630.0,"[""Death's Design"", 'Enhanced Gibbet']"
641512,642044,Auto,90.0,9146.0,,Default Target,[],5850300.0,"['Fugetsu', 'Fuka']"
641797,642329,Auto,90.0,8941.0,,Default Target,['Surging Tempest'],5313749.0,['Surging Tempest']
641670,642428,Shot,80.0,7251.0,,Default Target,[],3696450.0,[]
641647,642447,Heated Split Shot,220.0,27207.0,,Default Target,[],52053770.0,[]
642053,642903,Gyofu,240.0,27418.0,,Default Target,[],52581804.0,"['Fugetsu', 'Fuka']"
642683,643215,Heavy Swing,240.0,21341.0,,Default Target,['Surging Tempest'],30278556.0,['Surging Tempest']
642673,643293,Hissatsu: Shinten,250.0,28561.0,,Default Target,[],57056461.0,"['Fugetsu', 'Fuka']"
617171,643500,Higanbana (dot),50.0,5951.0,,Default Target,[],2476337.0,"['Arcane Circle', 'Fugetsu', 'Fuka']"
625134,643500,Dia (dot),85.0,11581.0,,Default Target,[],7910693.0,['Arcane Circle']
638820,643500,Thunder (dot),60.0,10027.0,,Default Target,[],3103341.0,['Enochian']
639125,643500,Circle of Scorn (dot),30.0,2392.0,,Default Target,[],380146.0,[]
642134,643500,Eukrasian Dosis III (dot),85.0,11245.0,,Default Target,[],7632622.0,[]
643138,643670,Auto,90.0,5328.0,,Default Target,[],1887023.0,[]
642690,643850,Fire IV,300.0,79898.0,,Default Target,['3 Astral Fire'],197058271.0,['Enochian']
643604,644136,Auto,90.0,0.0,,Default Target,[],0.0,[]
643802,644334,Auto,90.0,9146.0,,Default Target,[],5850300.0,"['Fugetsu', 'Fuka']"
643104,644394,Glare III,350.0,45381.0,,Default Target,[],121455354.0,[]
643894,644426,Auto,90.0,10837.0,,Default Target,[],8273889.0,"[""Death's Design""]"
644632,644632,Enshroud,,,,,,,[]
643500,644790,Sepulchre,540.0,43082.0,,Default Target,[],123387031.0,[]
644193,644813,Jinpu,300.0,34274.0,,Default Target,[],82159455.0,"['Fugetsu', 'Fuka']"
644147,644947,Heated Slug Shot,320.0,39574.0,,Default Target,[],110128346.0,[]
644310,645068,Shot,80.0,7251.0,,Default Target,[],3696450.0,[]
644012,645172,Shadow of Death,300.0,33945.0,,Default Target,[],81192021.0,"[""Death's Design""]"
644595,645265,Dosis III,380.0,49391.0,,Default Target,[],147266966.0,[]
645095,645627,Auto,90.0,21.0,,Default Target,[],25.0,[]
645157,645689,Auto,90.0,8941.0,,Default Target,['Surging Tempest'],5313749.0,['Surging Tempest']
645183,645806,Maim,340.0,30239.0,,Default Target,['Surging Tempest'],60784922.0,['Surging Tempest']
645340,645872,Auto,90.0,0.0,,Default Target,[],0.0,['Enochian']
645378,645910,Auto,90.0,5328.0,,Default Target,[],1887023.0,[]
644840,646000,Fire IV,300.0,79898.0,,Default Target,['3 Astral Fire'],197058271.0,['Enochian']
617171,646500,Higanbana (dot),50.0,5951.0,,Default Target,[],2476337.0,"['Arcane Circle', 'Fugetsu', 'Fuka']"
625134,646500,Dia (dot),85.0,11581.0,,Default Target,[],7910693.0,['Arcane Circle']
638820,646500,Thunder (dot),60.0,10027.0,,Default Target,[],3103341.0,['Enochian']
639125,646500,Circle of Scorn (dot),30.0,2392.0,,Default Target,[],380146.0,[]
642134,646500,Eukrasian Dosis III (dot),85.0,11245.0,,Default Target,[],7632622.0,[]
646000,646623,Fast Blade,220.0,17548.0,,Default Target,[],20469011.0,[]
646092,646624,Auto,90.0,9146.0,,Default Target,[],5850300.0,"['Fugetsu', 'Fuka']"
645534,646824,Glare III,350.0,45381.0,,Default Target,[],121455354.0,[]
646502,647042,Void Reaping,540.0,61101.0,,Default Target,[],263068010.0,"[""Death's Design""]"
646333,647093,Gekko,420.0,47982.0,,Default Target,[],161026141.0,"['Fugetsu', 'Fuka']"
647094,647626,Auto,90.0,10837.0,,Default Target,[],8273889.0,"[""Death's Design""]"
647035,647705,Dosis III,380.0,49391.0,,Default Target,[],147266966.0,[]
646950,647708,Shot,80.0,7251.0,,Default Target,[],3696450.0,[]
646648,647798,Drill,660.0,81629.0,,Default Target,[],468551960.0,[]
647122,647882,Sacrificium,600.0,67895.0,,Default Target,[],324829882.0,"[""Death's Design""]"
646990,648150,Fire IV,300.0,79898.0,,Default Target,['3 Astral Fire'],197058271.0,['Enochian']
647618,648150,Auto,90.0,5328.0,,Default Target,[],1887023.0,[]
647895,648427,Auto,90.0,21.0,,Default Target,[],25.0,[]
648003,648623,Cross Reaping,600.0,67895.0,,Default Target,['Enhanced Cross Reaping'],324829882.0,"[""Death's Design"", 'Enhanced Cross Reaping']"
648382,648914,Auto,90.0,9146.0,,Default Target,[],5850300.0,"['Fugetsu', 'Fuka']"
648464,648996,Auto,90.0,0.0,,Default Target,[],0.0,[]
648517,649049,Auto,90.0,8941.0,,Default Target,['Surging Tempest'],5313749.0,['Surging Tempest']
647683,649198,Storm's Path,500.0,44474.0,,Default Target,['Surging Tempest'],131481340.0,['Surging Tempest']
647964,649254,Glare III,350.0,45381.0,,Default Target,[],121455354.0,[]
648500,649258,Riot Blade,330.0,26327.0,,Default Target,[],46074807.0,[]
648473,649323,Gyofu,240.0,27418.0,,Default Target,[],52581804.0,"['Fugetsu', 'Fuka']"
648623,649333,Lemure's Slice,280.0,31680.0,,Default Target,[],70719815.0,"[""Death's Design""]"
617171,649500,Higanbana (dot),50.0,5951.0,,Default Target,[],2476337.0,"['Arcane Circle', 'Fugetsu', 'Fuka']"
625134,649500,Dia (dot),85.0,11581.0,,Default Target,[],7910693.0,['Arcane Circle']
638820,649500,Thunder (dot),60.0,10027.0,,Default Target,[],3103341.0,['Enochian']
639125,649500,Circle of Scorn (dot),30.0,2392.0,,Default Target,[],380146.0,[]
642134,649500,Eukrasian Dosis III (dot),85.0,11245.0,,Default Target,[],7632622.0,[]
649140,649760,Flare Star,500.0,133166.0,,Default Target,['3 Astral Fire'],547404282.0,['Enochian']
649148,649948,Heated Clean Shot,420.0,51946.0,,Default Target,[],189745438.0,[]
649503,650043,Void Reaping,600.0,67895.0,,Default Target,['Enhanced Void Reaping'],324829882.0,"[""Death's Design"", 'Enhanced Void Reaping']"
649476,650146,Dosis III,380.0,49391.0,,Default Target,[],147266966.0,[]
649640,650172,Auto,90.0,0.0,,Default Target,[],0.0,['Enochian']
649590,650348,Shot,80.0,7251.0,,Default Target,[],3696450.0,[]
649858,650390,Auto,90.0,5328.0,,Default Target,[],1887023.0,[]
650070,650740,Paradox,540.0,79886.0,,Default Target,['3 Astral Fire'],197010726.0,['Enochian']
650770,650770,Swiftcast,,,,,,,[]
650183,650806,Fell Cleave,580.0,51589.0,,Default Target,['Surging Tempest'],176915445.0,['Surging Tempest']
650294,650826,Auto,90.0,10837.0,,Default Target,[],8273889.0,"[""Death's Design""]"
650672,651204,Auto,90.0,9146.0,,Default Target,[],5850300.0,"['Fugetsu', 'Fuka']"
650695,651227,Auto,90.0,21.0,,Default Target,[],25.0,[]
650613,651413,Shifu,300.0,34274.0,,Default Target,[],82159455.0,"['Fugetsu', 'Fuka']"
651000,651578,Royal Authority,460.0,36701.0,,Default Target,[],89538338.0,[]
651004,651624,Cross Reaping,600.0,67895.0,,Default Target,['Enhanced Cross Reaping'],324829882.0,"[""Death's Design"", 'Enhanced Cross Reaping']"
650394,651684,Glare III,350.0,45381.0,,Default Target,[],121455354.0,[]
651233,651853,Hissatsu: Shinten,250.0,28561.0,,Default Target,[],57056461.0,"['Fugetsu', 'Fuka']"
651864,651864,Afflatus Rapture,,,,,,,[]
651624,652334,Lemure's Slice,280.0,31680.0,,Default Target,[],70719815.0,"[""Death's Design""]"
651877,652409,Auto,90.0,8941.0,,Default Target,['Surging Tempest'],5313749.0,['Surging Tempest']
651904,652436,Auto,90.0,0.0,,Default Target,[],0.0,[]
651649,652449,Heated Split Shot,220.0,27207.0,,Default Target,[],52053770.0,[]
617171,652500,Higanbana (dot),50.0,5951.0,,Default Target,[],2476337.0,"['Arcane Circle', 'Fugetsu', 'Fuka']"
625134,652500,Dia (dot),85.0,11581.0,,Default Target,[],7910693.0,['Arcane Circle']
638820,652500,Thunder (dot),60.0,10027.0,,Default Target,[],3103341.0,['Enochian']
639125,652500,Circle of Scorn (dot),30.0,2392.0,,Default Target,[],380146.0,[]
642134,652500,Eukrasian Dosis III (dot),85.0,11245.0,,Default Target,[],7632622.0,[]
651916,652586,Dosis III,380.0,49391.0,,Default Target,[],147266966.0,[]
652098,652630,Auto,90.0,5328.0,,Default Target,[],1887023.0,[]
652220,652710,Despair,350.0,93213.0,,Default Target,['3 Astral Fire'],268247312.0,['Enochian']
652920,652920,Transpose,,,,,,,[]
652230,652988,Shot,80.0,7251.0,,Default Target,[],3696450.0,[]
652683,653215,Heavy Swing,240.0,21341.0,,Default Target,['Surging Tempest'],30278556.0,['Surging Tempest']
652753,653373,Kasha,420.0,47982.0,,Default Target,[],161026141.0,"['Fugetsu', 'Fuka']"
652920,653452,Auto,90.0,0.0,,Default Target,[],0.0,['Enochian']
652962,653494,Auto,90.0,9146.0,,Default Target,[],5850300.0,"['Fugetsu', 'Fuka']"
653304,653924,Communio,1100.0,124476.0,,Default Target,[],1091814911.0,"[""Death's Design""]"
654294,654294,Afflatus Rapture,,,,,,,[]
653804,654336,Auto,90.0,10837.0,,Default Target,[],8273889.0,"[""Death's Design""]"
653500,654793,Atonement,460.0,36701.0,,Default Target,[],89538338.0,[]
654338,654870,Auto,90.0,5328.0,,Default Target,[],1887023.0,[]
654149,654949,Heated Slug Shot,320.0,39574.0,,Default Target,[],110128346.0,[]
654357,655027,Dosis III,380.0,49391.0,,Default Target,[],147266966.0,[]
654370,655210,Blizzard III,290.0,42893.0,,Default Target,['1 Umbral Ice'],56791993.0,"['Enochian', 'Swiftcast']"
654857,655389,Auto,90.0,21.0,,Default Target,[],25.0,[]
617171,655500,Higanbana (dot),50.0,5951.0,,Default Target,[],2476337.0,"['Arcane Circle', 'Fugetsu', 'Fuka']"
625134,655500,Dia (dot),85.0,11581.0,,Default Target,[],7910693.0,['Arcane Circle']
638820,655500,Thunder (dot),60.0,10027.0,,Default Target,[],3103341.0,['Enochian']
642134,655500,Eukrasian Dosis III (dot),85.0,11245.0,,Default Target,[],7632622.0,[]
654894,655514,Kaeshi: Setsugekka,640.0,101332.0,,Default Target,[],119853464.0,"['Fugetsu', 'Fuka']"
655005,655585,Waxing Slice,500.0,56579.0,,Default Target,[],225581193.0,"[""Death's Design""]"
654870,655628,Shot,80.0,7251.0,,Default Target,[],3696450.0,[]
655237,655769,Auto,90.0,8941.0,,Default Target,['Surging Tempest'],5313749.0,['Surging Tempest']
655252,655784,Auto,90.0,9146.0,,Default Target,[],5850300.0,"['Fugetsu', 'Fuka']"
655183,655806,Maim,340.0,30239.0,,Default Target,['Surging Tempest'],60784922.0,['Surging Tempest']
655344,655876,Auto,90.0,0.0,,Default Target,[],0.0,[]
656000,656623,Fast Blade,220.0,17548.0,,Default Target,[],20469011.0,[]
656200,656732,Auto,90.0,0.0,,Default Target,[],0.0,['Enochian']
656578,657110,Auto,90.0,5328.0,,Default Target,[],1887023.0,[]
656650,657450,Heated Clean Shot,420.0,51946.0,,Default Target,[],189745438.0,[]
656797,657467,Dosis III,380.0,49391.0,,Default Target,[],147266966.0,[]
657004,657536,Auto,90.0,10837.0,,Default Target,[],8273889.0,"[""Death's Design""]"
656725,658015,Dia,85.0,10969.0,,Default Target,[],7095404.0,[]
657495,658035,Infernal Slice,600.0,67895.0,,Default Target,[],324829882.0,"[""Death's Design""]"
657504,658174,Assize,400.0,51864.0,,Default Target,[],158638414.0,[]
657657,658189,Auto,90.0,21.0,,Default Target,[],25.0,[]
657510,658268,Shot,80.0,7251.0,,Default Target,[],3696450.0,[]
657834,658454,Midare Setsugekka,640.0,101332.0,,Default Target,[],119853464.0,"['Fugetsu', 'Fuka']"
617171,658500,Higanbana (dot),50.0,5951.0,,Default Target,[],2476337.0,"['Arcane Circle', 'Fugetsu', 'Fuka']"
638820,658500,Thunder (dot),60.0,10027.0,,Default Target,[],3103341.0,['Enochian']
642134,658500,Eukrasian Dosis III (dot),85.0,11245.0,,Default Target,[],7632622.0,[]
656725,658500,Dia (dot),85.0,11244.0,,Default Target,[],7456489.0,[]
658115,658655,Unveiled Gallows,440.0,49788.0,,Default Target,[],174669570.0,"[""Death's Design""]"
658334,658866,Auto,90.0,9146.0,,Default Target,[],5850300.0,"['Fugetsu', 'Fuka']"
657740,658900,Blizzard IV,300.0,44387.0,,Default Target,['3 Umbral Ice'],60819838.0,['Enochian']
658597,659129,Auto,90.0,8941.0,,Default Target,['Surging Tempest'],5313749.0,['Surging Tempest']
659155,659155,Afflatus Rapture,,,,,,,[]
657683,659198,Storm's Path,500.0,44474.0,,Default Target,['Surging Tempest'],131481340.0,['Surging Tempest']
658500,659258,Riot Blade,330.0,26327.0,,Default Target,[],46074807.0,[]
658784,659316,Auto,90.0,0.0,,Default Target,[],0.0,[]
658670,659340,Paradox,540.0,79886.0,,Default Target,['3 Umbral Ice'],197010726.0,['Enochian']
658818,659350,Auto,90.0,5328.0,,Default Target,[],1887023.0,[]
659370,659370,Transpose,,,,,,,[]
659238,659908,Dosis III,380.0,49391.0,,Default Target,[],147266966.0,[]
659150,659950,Heated Split Shot,220.0,27207.0,,Default Target,[],52053770.0,[]
659480,660012,Auto,90.0,0.0,,Default Target,[],0.0,['Enochian']
659174,660024,Gyofu,240.0,27418.0,,Default Target,[],52581804.0,"['Fugetsu', 'Fuka']"
659986,660476,Gallows,620.0,70159.0,,Default Target,['Enhanced Gallows'],346845630.0,"[""Death's Design"", 'Enhanced Gallows']"
660183,660715,Heavy Swing,240.0,21341.0,,Default Target,['Surging Tempest'],30278556.0,['Surging Tempest']
660204,660736,Auto,90.0,10837.0,,Default Target,[],8273889.0,"[""Death's Design""]"
660150,660908,Shot,80.0,7251.0,,Default Target,[],3696450.0,[]
660457,660989,Auto,90.0,21.0,,Default Target,[],25.0,[]
660424,661044,Hissatsu: Shinten,250.0,28561.0,,Default Target,[],57056461.0,"['Fugetsu', 'Fuka']"
660624,661156,Auto,90.0,9146.0,,Default Target,[],5850300.0,"['Fugetsu', 'Fuka']"
617171,661500,Higanbana (dot),50.0,5951.0,,Default Target,[],2476337.0,"['Arcane Circle', 'Fugetsu', 'Fuka']"
638820,661500,Thunder (dot),60.0,10027.0,,Default Target,[],3103341.0,['Enochian']
642134,661500,Eukrasian Dosis III (dot),85.0,11245.0,,Default Target,[],7632622.0,[]
656725,661500,Dia (dot),85.0,11244.0,,Default Target,[],7456489.0,[]
661058,661590,Auto,90.0,5328.0,,Default Target,[],1887023.0,[]
660820,662110,Fire III,290.0,60051.0,,Default Target,['3 Astral Fire'],111314107.0,['Enochian']
661314,662114,Yukikaze,340.0,38842.0,,Default Target,[],105525015.0,"['Fugetsu', 'Fuka']"
661000,662160,Supplication,500.0,39894.0,,Default Target,[],105795169.0,[]
661585,662165,Afflatus Misery,1400.0,181530.0,,Default Target,[],1943447881.0,[]
661678,662348,Dosis III,380.0,49391.0,,Default Target,[],147266966.0,[]
661651,662451,Heated Slug Shot,320.0,39574.0,,Default Target,[],110128346.0,[]
661957,662489,Auto,90.0,8941.0,,Default Target,['Surging Tempest'],5313749.0,['Surging Tempest']
662224,662756,Auto,90.0,0.0,,Default Target,[],0.0,[]
662760,663292,Auto,90.0,0.0,,Default Target,[],0.0,['Enochian']
662683,663306,Maim,340.0,30239.0,,Default Target,['Surging Tempest'],60784922.0,['Surging Tempest']
662914,663446,Auto,90.0,9146.0,,Default Target,[],5850300.0,"['Fugetsu', 'Fuka']"
662790,663548,Shot,80.0,7251.0,,Default Target,[],3696450.0,[]
662476,663636,Shadow of Death,300.0,33945.0,,Default Target,[],81192021.0,"[""Death's Design""]"
663298,663830,Auto,90.0,5328.0,,Default Target,[],1887023.0,[]
663404,663936,Auto,90.0,10837.0,,Default Target,[],8273889.0,"[""Death's Design""]"
663500,664258,Holy Spirit,500.0,39894.0,,Default Target,['Divine Might'],105795169.0,['Divine Might']
663454,664304,Gyofu,240.0,27418.0,,Default Target,[],52581804.0,"['Fugetsu', 'Fuka']"
617171,664500,Higanbana (dot),50.0,5951.0,,Default Target,[],2476337.0,"['Arcane Circle', 'Fugetsu', 'Fuka']"
638820,664500,Thunder (dot),60.0,10027.0,,Default Target,[],3103341.0,['Enochian']
642134,664500,Eukrasian Dosis III (dot),85.0,11245.0,,Default Target,[],7632622.0,[]
656725,664500,Dia (dot),85.0,11244.0,,Default Target,[],7456489.0,[]
664726,664726,Rhizomata,,,,,,,[]
664771,664771,Automaton Queen,,,,,,,[]
664118,664788,Dosis III,380.0,49391.0,,Default Target,[],147266966.0,[]
664618,665150,Auto,90.0,21.0,,Default Target,[],25.0,[]
664151,665181,Chain Saw,660.0,81629.0,,Default Target,[],468551960.0,[]
664190,665350,Fire IV,300.0,79898.0,,Default Target,['3 Astral Fire'],197058271.0,['Enochian']
664967,665457,Slice,420.0,47524.0,,Default Target,[],159145747.0,"[""Death's Design""]"
665204,665736,Auto,90.0,9146.0,,Default Target,[],5850300.0,"['Fugetsu', 'Fuka']"
665808,665808,Inner Release,,,,,,,[]
665317,665849,Auto,90.0,8941.0,,Default Target,['Surging Tempest'],5313749.0,['Surging Tempest']
665538,666070,Auto,90.0,5328.0,,Default Target,[],1887023.0,[]
665430,666188,Shot,80.0,7251.0,,Default Target,[],3696450.0,[]
665664,666196,Auto,90.0,0.0,,Default Target,[],0.0,[]
665594,666214,Jinpu,300.0,34274.0,,Default Target,[],82159455.0,"['Fugetsu', 'Fuka']"
664975,666265,Glare III,350.0,45381.0,,Default Target,[],121455354.0,[]
666625,666625,Fight or Flight,,,,,,,[]
665183,666698,Storm's Path,500.0,44474.0,,Default Target,['Surging Tempest'],131481340.0,['Surging Tempest']
666214,666834,Hissatsu: Shinten,250.0,28561.0,,Default Target,[],57056461.0,"['Fugetsu', 'Fuka']"
666604,667136,Auto,90.0,10837.0,,Default Target,[],8273889.0,"[""Death's Design""]"
667166,667166,Druochole,,,,,,,[]
666559,667229,Dosis III,380.0,49391.0,,Default Target,[],147266966.0,[]
666000,667290,Sepulchre,540.0,43082.0,,Default Target,[],123387031.0,[]
666840,667372,Auto,90.0,0.0,,Default Target,[],0.0,['Enochian']
617171,667500,Higanbana (dot),50.0,5951.0,,Default Target,[],2476337.0,"['Arcane Circle', 'Fugetsu', 'Fuka']"
638820,667500,Thunder (dot),60.0,10027.0,,Default Target,[],3103341.0,['Enochian']
642134,667500,Eukrasian Dosis III (dot),85.0,11245.0,,Default Target,[],7632622.0,[]
656725,667500,Dia (dot),85.0,11244.0,,Default Target,[],7456489.0,[]
666340,667500,Fire IV,300.0,79898.0,,Default Target,['3 Astral Fire'],197058271.0,['Enochian']
666652,667722,Excavator,660.0,81629.0,,Default Target,[],468551960.0,[]
667418,667950,Auto,90.0,21.0,,Default Target,[],25.0,[]
667494,668026,Auto,90.0,9146.0,,Default Target,[],5850300.0,"['Fugetsu', 'Fuka']"
667457,668037,Waxing Slice,500.0,56579.0,,Default Target,[],225581193.0,"[""Death's Design""]"
667683,668306,Fell Cleave,580.0,88980.0,,Default Target,['Surging Tempest'],6597867.0,"['Inner Release', 'Surging Tempest']"
667778,668310,Auto,90.0,6660.0,,Default Target,[],2948197.0,['Fight or Flight']
667734,668494,Gekko,420.0,47982.0,,Default Target,[],161026141.0,"['Fugetsu', 'Fuka']"
667250,668540,Imperator,580.0,57844.0,,Default Target,[],222421460.0,['Fight or Flight']
667405,668695,Glare III,350.0,45381.0,,Default Target,[],121455354.0,[]
668070,668828,Shot,80.0,7251.0,,Default Target,[],3696450.0,[]
668308,668931,Upheaval,420.0,37355.0,,Default Target,['Surging Tempest'],92756681.0,['Surging Tempest']
668500,669034,Goring Blade,700.0,69814.0,,Default Target,[],324015381.0,['Fight or Flight']
668677,669209,Auto,90.0,8941.0,,Default Target,['Surging Tempest'],5313749.0,['Surging Tempest']
668933,669600,Onslaught,150.0,13339.0,,Default Target,['Surging Tempest'],11827982.0,['Surging Tempest']
668999,669669,Dosis III,380.0,49391.0,,Default Target,[],147266966.0,[]
668920,669680,High Thunder,150.0,22191.0,,Default Target,[],15203066.0,['Enochian']
669152,669952,Heated Clean Shot,420.0,51946.0,,Default Target,[],189745438.0,[]
669125,670148,Circle of Scorn,140.0,13955.0,,Default Target,[],12943806.0,['Fight or Flight']
670271,670271,Roller Dash (pet),336.0,37965.0,,Default Target,[],101352509.0,[]
669784,670316,Auto,90.0,9146.0,,Default Target,[],5850300.0,"['Fugetsu', 'Fuka']"
669804,670336,Auto,90.0,10837.0,,Default Target,[],8273889.0,"[""Death's Design""]"
669948,670488,Infernal Slice,600.0,67895.0,,Default Target,[],324829882.0,"[""Death's Design""]"
617171,670500,Higanbana (dot),50.0,5951.0,,Default Target,[],2476337.0,"['Arcane Circle', 'Fugetsu', 'Fuka']"
642134,670500,Eukrasian Dosis III (dot),85.0,11245.0,,Default Target,[],7632622.0,[]
656725,670500,Dia (dot),85.0,11244.0,,Default Target,[],7456489.0,[]
668920,670500,Thunder (dot),60.0,10027.0,,Default Target,[],3103341.0,['Enochian']
669125,670500,Circle of Scorn (dot),30.0,2990.0,,Default Target,[],593707.0,['Fight or Flight']
670018,670550,Auto,90.0,6660.0,,Default Target,[],2948197.0,['Fight or Flight']
669875,670725,Gyofu,240.0,27418.0,,Default Target,[],52581804.0,"['Fugetsu', 'Fuka']"
670218,670750,Auto,90.0,21.0,,Default Target,[],25.0,[]
670335,670867,Auto,90.0,0.0,,Default Target,[],0.0,[]
669835,671125,Glare III,350.0,45381.0,,Default Target,[],121455354.0,[]
670183,671343,Primal Rend,700.0,107391.0,,Default Target,['Surging Tempest'],9610510.0,['Surging Tempest']
670710,671468,Shot,80.0,7251.0,,Default Target,[],3696450.0,[]
671000,671578,Royal Authority,460.0,45875.0,,Default Target,[],139905235.0,['Fight or Flight']
671140,671672,Auto,90.0,0.0,,Default Target,[],0.0,['Enochian']
670640,671800,Fire IV,300.0,79898.0,,Default Target,['3 Astral Fire'],197058271.0,['Enochian']
671625,671982,Expiacion,450.0,44880.0,,Default Target,[],133895595.0,['Fight or Flight']
672037,672569,Auto,90.0,8941.0,,Default Target,['Surging Tempest'],5313749.0,['Surging Tempest']
672074,672606,Auto,90.0,9146.0,,Default Target,[],5850300.0,"['Fugetsu', 'Fuka']"
672258,672790,Auto,90.0,6660.0,,Default Target,[],2948197.0,['Fight or Flight']
671653,672803,Drill,660.0,81629.0,,Default Target,[],468551960.0,[]
672015,672815,Shifu,300.0,34274.0,,Default Target,[],82159455.0,"['Fugetsu', 'Fuka']"
672683,673306,Fell Cleave,580.0,88980.0,,Default Target,['Surging Tempest'],6597867.0,"['Inner Release', 'Surging Tempest']"
672438,673468,Soul Slice,520.0,58841.0,,Default Target,[],243981522.0,"[""Death's Design""]"
673471,673471,Arm Punch (pet),168.0,18981.0,,Default Target,[],25334296.0,[]
617171,673500,Higanbana (dot),50.0,5951.0,,Default Target,[],2476337.0,"['Arcane Circle', 'Fugetsu', 'Fuka']"
656725,673500,Dia (dot),85.0,11244.0,,Default Target,[],7456489.0,[]
668920,673500,Thunder (dot),60.0,10027.0,,Default Target,[],3103341.0,['Enochian']
669125,673500,Circle of Scorn (dot),30.0,2990.0,,Default Target,[],593707.0,['Fight or Flight']
671481,673500,Eukrasian Dosis III (dot),85.0,11245.0,,Default Target,[],7632622.0,[]
673004,673536,Auto,90.0,10837.0,,Default Target,[],8273889.0,"[""Death's Design""]"
672265,673555,Glare III,350.0,45381.0,,Default Target,[],121455354.0,[]
673058,673598,Unveiled Gibbet,440.0,49788.0,,Default Target,[],174669570.0,"[""Death's Design""]"
673167,673837,Hissatsu: Senei,800.0,91403.0,,Default Target,[],584330583.0,"['Fugetsu', 'Fuka']"
672790,673950,Fire IV,300.0,79898.0,,Default Target,['3 Astral Fire'],197058271.0,['Enochian']
673350,674108,Shot,80.0,7251.0,,Default Target,[],3696450.0,[]
673500,674123,Confiteor,1000.0,99736.0,,Default Target,['Requiescat'],661260162.0,"['Fight or Flight', 'Requiescat']"
674549,674549,Taurochole,,,,,,,[]
673941,674611,Dosis III,380.0,49391.0,,Default Target,[],147266966.0,[]
674125,674703,Intervene,150.0,14957.0,,Default Target,[],14871751.0,['Fight or Flight']
674155,674775,Kasha,420.0,47982.0,,Default Target,[],161026141.0,"['Fugetsu', 'Fuka']"
674364,674896,Auto,90.0,9146.0,,Default Target,[],5850300.0,"['Fugetsu', 'Fuka']"
674153,674953,Heated Split Shot,220.0,27207.0,,Default Target,[],52053770.0,[]
674441,674973,Auto,90.0,21.0,,Default Target,[],25.0,[]
674498,675030,Auto,90.0,6660.0,,Default Target,[],2948197.0,['Fight or Flight']
675071,675071,Arm Punch (pet),168.0,18981.0,,Default Target,[],25334296.0,[]
674929,675419,Gibbet,620.0,70159.0,,Default Target,['Enhanced Gibbet'],346845630.0,"[""Death's Design"", 'Enhanced Gibbet']"
675195,675727,Auto,90.0,0.0,,Default Target,[],0.0,[]
675184,675807,Fell Cleave,580.0,88980.0,,Default Target,['Surging Tempest'],6597867.0,"['Inner Release', 'Surging Tempest']"
675397,675929,Auto,90.0,8941.0,,Default Target,['Surging Tempest'],5313749.0,['Surging Tempest']
675440,675972,Auto,90.0,0.0,,Default Target,[],0.0,['Enochian']
674695,675985,Glare III,350.0,45381.0,,Default Target,[],121455354.0,[]
674940,676100,Fire IV,300.0,79898.0,,Default Target,['3 Astral Fire'],197058271.0,['Enochian']
617171,676500,Higanbana (dot),50.0,5951.0,,Default Target,[],2476337.0,"['Arcane Circle', 'Fugetsu', 'Fuka']"
656725,676500,Dia (dot),85.0,11244.0,,Default Target,[],7456489.0,[]
668920,676500,Thunder (dot),60.0,10027.0,,Default Target,[],3103341.0,['Enochian']
669125,676500,Circle of Scorn (dot),30.0,2990.0,,Default Target,[],593707.0,['Fight or Flight']
671481,676500,Eukrasian Dosis III (dot),85.0,11245.0,,Default Target,[],7632622.0,[]
676000,676666,Blade of Faith,760.0,75801.0,,Default Target,['Requiescat'],381953526.0,"['Fight or Flight', 'Requiescat']"
676671,676671,Arm Punch (pet),168.0,18981.0,,Default Target,[],25334296.0,[]
676204,676736,Auto,90.0,10837.0,,Default Target,[],8273889.0,"[""Death's Design""]"
675990,676748,Shot,80.0,7251.0,,Default Target,[],3696450.0,[]
676295,676915,Kaeshi: Setsugekka,640.0,101332.0,,Default Target,[],119853464.0,"['Fugetsu', 'Fuka']"
675809,676959,Primal Wrath,700.0,62264.0,,Default Target,['Surging Tempest'],257708492.0,['Surging Tempest']
676382,677052,Dosis III,380.0,49391.0,,Default Target,[],147266966.0,[]
676654,677186,Auto,90.0,9146.0,,Default Target,[],5850300.0,"['Fugetsu', 'Fuka']"
676625,677203,Intervene,150.0,14957.0,,Default Target,[],14871751.0,['Fight or Flight']
676738,677270,Auto,90.0,6660.0,,Default Target,[],2948197.0,['Fight or Flight']
676654,677454,Heated Slug Shot,320.0,39574.0,,Default Target,[],110128346.0,[]
676915,677535,Hissatsu: Shinten,250.0,28561.0,,Default Target,[],57056461.0,"['Fugetsu', 'Fuka']"
677241,677773,Auto,90.0,21.0,,Default Target,[],25.0,[]
677419,677909,Slice,420.0,47524.0,,Default Target,[],159145747.0,"[""Death's Design""]"
677090,678250,Fire IV,300.0,79898.0,,Default Target,['3 Astral Fire'],197058271.0,['Enochian']
678271,678271,Pile Bunker (pet),476.0,53787.0,,Default Target,[],203427514.0,[]
677125,678415,Glare III,350.0,45381.0,,Default Target,[],121455354.0,[]
677684,678744,Primal Ruination,780.0,119662.0,,Default Target,['Surging Tempest'],11930102.0,['Surging Tempest']
678757,679289,Auto,90.0,8941.0,,Default Target,['Surging Tempest'],5313749.0,['Surging Tempest']
678630,679388,Shot,80.0,7251.0,,Default Target,[],3696450.0,[]
678500,679391,Blade of Truth,880.0,87767.0,,Default Target,['Requiescat'],512059341.0,"['Fight or Flight', 'Requiescat']"
678822,679492,Dosis III,380.0,49391.0,,Default Target,[],147266966.0,[]
656725,679500,Dia (dot),85.0,11244.0,,Default Target,[],7456489.0,[]
668920,679500,Thunder (dot),60.0,10027.0,,Default Target,[],3103341.0,['Enochian']
669125,679500,Circle of Scorn (dot),30.0,2990.0,,Default Target,[],593707.0,['Fight or Flight']
671481,679500,Eukrasian Dosis III (dot),85.0,11245.0,,Default Target,[],7632622.0,[]
678978,679510,Auto,90.0,6660.0,,Default Target,[],2948197.0,['Fight or Flight']
679235,679855,Midare Setsugekka,640.0,101332.0,,Default Target,[],119853464.0,"['Fugetsu', 'Fuka']"
679240,679860,Flare Star,500.0,133166.0,,Default Target,['3 Astral Fire'],547404282.0,['Enochian']
679404,679936,Auto,90.0,10837.0,,Default Target,[],8273889.0,"[""Death's Design""]"
679735,680267,Auto,90.0,9146.0,,Default Target,[],5850300.0,"['Fugetsu', 'Fuka']"
680271,680271,Crowned Collider (pet),546.0,61700.0,,Default Target,[],267683178.0,[]
679740,680272,Auto,90.0,0.0,,Default Target,[],0.0,['Enochian']
679154,680304,Air Anchor,660.0,81629.0,,Default Target,[],468551960.0,[]
679835,680415,Shoha,640.0,73121.0,,Default Target,[],373956846.0,"['Fugetsu', 'Fuka']"
679910,680490,Waxing Slice,500.0,56579.0,,Default Target,[],225581193.0,"[""Death's Design""]"
679430,680530,Psyche,600.0,78028.0,,Default Target,[],367528138.0,[]
680041,680573,Auto,90.0,21.0,,Default Target,[],25.0,[]
680055,680587,Auto,90.0,0.0,,Default Target,[],0.0,[]
680184,680807,Fell Cleave,580.0,51589.0,,Default Target,['Surging Tempest'],176915445.0,['Surging Tempest']
680170,680840,Paradox,540.0,79886.0,,Default Target,['3 Astral Fire'],197010726.0,['Enochian']
679555,680845,Glare III,350.0,45381.0,,Default Target,[],121455354.0,[]
680870,680870,Triplecast,,,,,,,[]
680575,681425,Gyofu,240.0,27418.0,,Default Target,[],52581804.0,"['Fugetsu', 'Fuka']"
681218,681750,Auto,90.0,6660.0,,Default Target,[],2948197.0,['Fight or Flight']
681000,681891,Blade of Valor,1000.0,99736.0,,Default Target,['Requiescat'],661260162.0,"['Fight or Flight', 'Requiescat']"
681263,681933,Dosis III,380.0,49391.0,,Default Target,[],147266966.0,[]
681270,682028,Shot,80.0,7251.0,,Default Target,[],3696450.0,[]
682275,682275,Hypercharge,,,,,,,[]
681655,682455,Heated Clean Shot,420.0,51946.0,,Default Target,[],189745438.0,[]
656725,682500,Dia (dot),85.0,11244.0,,Default Target,[],7456489.0,[]
668920,682500,Thunder (dot),60.0,10027.0,,Default Target,[],3103341.0,['Enochian']
669125,682500,Circle of Scorn (dot),30.0,2990.0,,Default Target,[],593707.0,['Fight or Flight']
671481,682500,Eukrasian Dosis III (dot),85.0,11245.0,,Default Target,[],7632622.0,[]
682025,682557,Auto,90.0,9146.0,,Default Target,[],5850300.0,"['Fugetsu', 'Fuka']"
682117,682649,Auto,90.0,8941.0,,Default Target,['Surging Tempest'],5313749.0,['Surging Tempest']
681625,682785,Blade of Honor,1000.0,99736.0,,Default Target,[],661260162.0,['Fight or Flight']
682320,682810,Despair,350.0,93213.0,,Default Target,['3 Astral Fire'],268247312.0,['Enochian']
682400,682940,Infernal Slice,600.0,67895.0,,Default Target,[],324829882.0,"[""Death's Design""]"
683020,683020,Transpose,,,,,,,[]
682604,683136,Auto,90.0,10837.0,,Default Target,[],8273889.0,"[""Death's Design""]"
682684,683216,Heavy Swing,240.0,21341.0,,Default Target,['Surging Tempest'],30278556.0,['Surging Tempest']
681985,683275,Glare III,350.0,45381.0,,Default Target,[],121455354.0,[]
682715,683515,Yukikaze,340.0,38842.0,,Default Target,[],105525015.0,"['Fugetsu', 'Fuka']"
683020,683552,Auto,90.0,0.0,,Default Target,[],0.0,['Enochian']
683458,683990,Auto,90.0,6660.0,,Default Target,[],2948197.0,['Fight or Flight']
683500,684258,Holy Spirit,500.0,49867.0,,Default Target,['Divine Might'],165307933.0,"['Divine Might', 'Fight or Flight']"
683703,684373,Dosis III,380.0,49391.0,,Default Target,[],147266966.0,[]
683910,684668,Shot,80.0,7251.0,,Default Target,[],3696450.0,[]
684203,684735,Auto,90.0,21.0,,Default Target,[],25.0,[]
684315,684847,Auto,90.0,9146.0,,Default Target,[],5850300.0,"['Fugetsu', 'Fuka']"
684155,685005,Blazing Shot,260.0,32154.0,,Default Target,['Overheated'],72701607.0,['Overheated']
684470,685310,Blizzard III,290.0,42893.0,,Default Target,['1 Umbral Ice'],56791993.0,"['Enochian', 'Triplecast']"
684891,685381,Slice,420.0,47524.0,,Default Target,[],159145747.0,"[""Death's Design""]"
684915,685447,Auto,90.0,0.0,,Default Target,[],0.0,[]
684775,685485,Double Check,180.0,22256.0,,Default Target,[],34830145.0,[]
656725,685500,Dia (dot),85.0,11244.0,,Default Target,[],7456489.0,[]
668920,685500,Thunder (dot),60.0,10027.0,,Default Target,[],3103341.0,['Enochian']
671481,685500,Eukrasian Dosis III (dot),85.0,11245.0,,Default Target,[],7632622.0,[]
684415,685705,Glare III,350.0,45381.0,,Default Target,[],121455354.0,[]
685184,685807,Maim,340.0,30239.0,,Default Target,['Surging Tempest'],60784922.0,['Surging Tempest']
685183,685853,Phlegma III,600.0,78028.0,,Default Target,[],367528138.0,[]
685477,686009,Auto,90.0,8941.0,,Default Target,['Surging Tempest'],5313749.0,['Surging Tempest']
685698,686230,Auto,90.0,6660.0,,Default Target,[],2948197.0,['Fight or Flight']
685656,686276,Higanbana,200.0,22847.0,,Default Target,[],36510407.0,"['Fugetsu', 'Fuka']"
685804,686336,Auto,90.0,10837.0,,Default Target,[],8273889.0,"[""Death's Design""]"
685656,686506,Blazing Shot,260.0,32154.0,,Default Target,['Overheated'],72701607.0,['Overheated']
686300,686832,Auto,90.0,0.0,,Default Target,[],0.0,['Enochian']
686256,686876,Hissatsu: Shinten,250.0,28561.0,,Default Target,[],57056461.0,"['Fugetsu', 'Fuka']"
686276,686986,Checkmate,180.0,22256.0,,Default Target,[],34830145.0,[]
686605,687137,Auto,90.0,9146.0,,Default Target,[],5850300.0,"['Fugetsu', 'Fuka']"
685885,687175,Dia,85.0,10969.0,,Default Target,[],7095404.0,[]
686000,687293,Atonement,460.0,45875.0,,Default Target,[],139905235.0,['Fight or Flight']
686550,687308,Shot,80.0,7251.0,,Default Target,[],3696450.0,[]
687003,687535,Auto,90.0,21.0,,Default Target,[],25.0,[]
686620,687780,Blizzard IV,300.0,44387.0,,Default Target,['3 Umbral Ice'],60819838.0,"['Enochian', 'Triplecast']"
686996,687846,Gyofu,240.0,27418.0,,Default Target,[],52581804.0,"['Fugetsu', 'Fuka']"
687381,687961,Waxing Slice,500.0,56579.0,,Default Target,[],225581193.0,"[""Death's Design""]"
687156,688006,Blazing Shot,260.0,32154.0,,Default Target,['Overheated'],72701607.0,['Overheated']
687938,688470,Auto,90.0,5328.0,,Default Target,[],1887023.0,[]
687776,688486,Double Check,180.0,22256.0,,Default Target,[],34830145.0,[]
668920,688500,Thunder (dot),60.0,10027.0,,Default Target,[],3103341.0,['Enochian']
671481,688500,Eukrasian Dosis III (dot),85.0,11245.0,,Default Target,[],7632622.0,[]
685656,688500,Higanbana (dot),50.0,5778.0,,Default Target,[],2333763.0,"['Fugetsu', 'Fuka']"
685885,688500,Dia (dot),85.0,11244.0,,Default Target,[],7456489.0,[]
688584,689254,Dosis III,380.0,49391.0,,Default Target,[],147266966.0,[]
687684,689333,Storm's Eye,500.0,44474.0,,Default Target,['Surging Tempest'],131481340.0,['Surging Tempest']
688837,689369,Auto,90.0,8941.0,,Default Target,['Surging Tempest'],5313749.0,['Surging Tempest']
688895,689427,Auto,90.0,9146.0,,Default Target,[],5850300.0,"['Fugetsu', 'Fuka']"
688770,689440,Paradox,540.0,79886.0,,Default Target,['3 Umbral Ice'],197010726.0,"['Enochian', 'Triplecast']"
689470,689470,Transpose,,,,,,,[]
688657,689507,Blazing Shot,260.0,32154.0,,Default Target,['Overheated'],72701607.0,['Overheated']
689004,689536,Auto,90.0,10837.0,,Default Target,[],8273889.0,"[""Death's Design""]"
688500,689660,Supplication,500.0,39894.0,,Default Target,[],105795169.0,[]
689136,689936,Yukikaze,340.0,38842.0,,Default Target,[],105525015.0,"['Fugetsu', 'Fuka']"
689190,689948,Shot,80.0,7251.0,,Default Target,[],3696450.0,[]
689277,689987,Checkmate,180.0,22256.0,,Default Target,[],34830145.0,[]
689580,690112,Auto,90.0,0.0,,Default Target,[],0.0,['Enochian']
689775,690307,Auto,90.0,0.0,,Default Target,[],0.0,[]
689803,690335,Auto,90.0,21.0,,Default Target,[],25.0,[]
689872,690412,Infernal Slice,600.0,67895.0,,Default Target,[],324829882.0,"[""Death's Design""]"
689275,690565,Glare III,350.0,45381.0,,Default Target,[],121455354.0,[]
690178,690710,Auto,90.0,5328.0,,Default Target,[],1887023.0,[]
690184,690716,Heavy Swing,240.0,21341.0,,Default Target,['Surging Tempest'],30278556.0,['Surging Tempest']
690157,691007,Blazing Shot,260.0,32154.0,,Default Target,['Overheated'],72701607.0,['Overheated']
668920,691500,Thunder (dot),60.0,10027.0,,Default Target,[],3103341.0,['Enochian']
671481,691500,Eukrasian Dosis III (dot),85.0,11245.0,,Default Target,[],7632622.0,[]
685656,691500,Higanbana (dot),50.0,5778.0,,Default Target,[],2333763.0,"['Fugetsu', 'Fuka']"
685885,691500,Dia (dot),85.0,11244.0,,Default Target,[],7456489.0,[]
691024,691694,Dosis III,380.0,49391.0,,Default Target,[],147266966.0,[]
691185,691717,Auto,90.0,9146.0,,Default Target,[],5850300.0,"['Fugetsu', 'Fuka']"
691276,692126,Gyofu,240.0,27418.0,,Default Target,[],52581804.0,"['Fugetsu', 'Fuka']"
690920,692210,Fire III,290.0,60051.0,,Default Target,['3 Astral Fire'],111314107.0,['Enochian']
691000,692290,Sepulchre,540.0,43082.0,,Default Target,[],123387031.0,[]
691830,692588,Shot,80.0,7251.0,,Default Target,[],3696450.0,[]
692197,692729,Auto,90.0,8941.0,,Default Target,['Surging Tempest'],5313749.0,['Surging Tempest']
692204,692736,Auto,90.0,10837.0,,Default Target,[],8273889.0,"[""Death's Design""]"
691658,692808,Drill,660.0,81629.0,,Default Target,[],468551960.0,[]
692362,692852,Slice,420.0,47524.0,,Default Target,[],159145747.0,"[""Death's Design""]"
692418,692950,Auto,90.0,5328.0,,Default Target,[],1887023.0,[]
691705,692995,Glare III,350.0,45381.0,,Default Target,[],121455354.0,[]
692684,693307,Maim,340.0,30239.0,,Default Target,['Surging Tempest'],60784922.0,['Surging Tempest']
692860,693392,Auto,90.0,0.0,,Default Target,[],0.0,['Enochian']
693475,694007,Auto,90.0,9146.0,,Default Target,[],5850300.0,"['Fugetsu', 'Fuka']"
693416,694036,Jinpu,300.0,34274.0,,Default Target,[],82159455.0,"['Fugetsu', 'Fuka']"
692982,694052,Gluttony,520.0,58841.0,,Default Target,[],243981522.0,"[""Death's Design""]"
693500,694123,Fast Blade,220.0,17548.0,,Default Target,[],20469011.0,[]
693465,694135,Dosis III,380.0,49391.0,,Default Target,[],147266966.0,[]
693965,694497,Auto,90.0,21.0,,Default Target,[],25.0,[]
668920,694500,Thunder (dot),60.0,10027.0,,Default Target,[],3103341.0,['Enochian']
671481,694500,Eukrasian Dosis III (dot),85.0,11245.0,,Default Target,[],7632622.0,[]
685656,694500,Higanbana (dot),50.0,5778.0,,Default Target,[],2333763.0,"['Fugetsu', 'Fuka']"
685885,694500,Dia (dot),85.0,11244.0,,Default Target,[],7456489.0,[]
694158,694958,Heated Split Shot,220.0,27207.0,,Default Target,[],52053770.0,[]
694635,695167,Auto,90.0,0.0,,Default Target,[],0.0,[]
694658,695190,Auto,90.0,5328.0,,Default Target,[],1887023.0,[]
694470,695228,Shot,80.0,7251.0,,Default Target,[],3696450.0,[]
694135,695425,Glare III,350.0,45381.0,,Default Target,[],121455354.0,[]
694290,695450,Fire IV,300.0,79898.0,,Default Target,['3 Astral Fire'],197058271.0,['Enochian']
695404,695936,Auto,90.0,10837.0,,Default Target,[],8273889.0,"[""Death's Design""]"
695557,696089,Auto,90.0,8941.0,,Default Target,['Surging Tempest'],5313749.0,['Surging Tempest']
695765,696297,Auto,90.0,9146.0,,Default Target,[],5850300.0,"['Fugetsu', 'Fuka']"
695556,696316,Gekko,420.0,47982.0,,Default Target,[],161026141.0,"['Fugetsu', 'Fuka']"
695905,696575,Dosis III,380.0,49391.0,,Default Target,[],147266966.0,[]
695184,696699,Storm's Path,500.0,44474.0,,Default Target,['Surging Tempest'],131481340.0,['Surging Tempest']
696000,696758,Riot Blade,330.0,26327.0,,Default Target,[],46074807.0,[]
696176,696796,Hissatsu: Shinten,250.0,28561.0,,Default Target,[],57056461.0,"['Fugetsu', 'Fuka']"
694853,696993,Executioner's Gallows,820.0,92789.0,,Default Target,['Enhanced Gallows'],606695908.0,"[""Death's Design"", 'Enhanced Gallows']"
696765,697297,Auto,90.0,21.0,,Default Target,[],25.0,[]
696898,697430,Auto,90.0,5328.0,,Default Target,[],1887023.0,[]
696659,697459,Heated Slug Shot,320.0,39574.0,,Default Target,[],110128346.0,[]
696940,697472,Auto,90.0,0.0,,Default Target,[],0.0,['Enochian']
668920,697500,Thunder (dot),60.0,10027.0,,Default Target,[],3103341.0,['Enochian']
671481,697500,Eukrasian Dosis III (dot),85.0,11245.0,,Default Target,[],7632622.0,[]
685656,697500,Higanbana (dot),50.0,5778.0,,Default Target,[],2333763.0,"['Fugetsu', 'Fuka']"
685885,697500,Dia (dot),85.0,11244.0,,Default Target,[],7456489.0,[]
696440,697600,Fire IV,300.0,79898.0,,Default Target,['3 Astral Fire'],197058271.0,['Enochian']
696565,697855,Glare III,350.0,45381.0,,Default Target,[],121455354.0,[]
697110,697868,Shot,80.0,7251.0,,Default Target,[],3696450.0,[]
697343,697963,Executioner's Gibbet,820.0,92789.0,,Default Target,['Enhanced Gibbet'],606695908.0,"[""Death's Design"", 'Enhanced Gibbet']"
697684,698307,Fell Cleave,580.0,51589.0,,Default Target,['Surging Tempest'],176915445.0,['Surging Tempest']
697696,698546,Gyofu,240.0,27418.0,,Default Target,[],52581804.0,"['Fugetsu', 'Fuka']"
698055,698587,Auto,90.0,9146.0,,Default Target,[],5850300.0,"['Fugetsu', 'Fuka']"
698309,698932,Upheaval,420.0,37355.0,,Default Target,['Surging Tempest'],92756681.0,['Surging Tempest']
698346,699016,Dosis III,380.0,49391.0,,Default Target,[],147266966.0,[]
698500,699078,Royal Authority,460.0,36701.0,,Default Target,[],89538338.0,[]
698604,699136,Auto,90.0,10837.0,,Default Target,[],8273889.0,"[""Death's Design""]"
698917,699449,Auto,90.0,8941.0,,Default Target,['Surging Tempest'],5313749.0,['Surging Tempest']
699138,699670,Auto,90.0,5328.0,,Default Target,[],1887023.0,[]
699020,699780,High Thunder,150.0,22191.0,,Default Target,[],15203066.0,['Enochian']
699159,699959,Heated Clean Shot,420.0,51946.0,,Default Target,[],189745438.0,[]
699495,700027,Auto,90.0,0.0,,Default Target,[],0.0,[]
699565,700097,Auto,90.0,21.0,,Default Target,[],25.0,[]
699125,700148,Circle of Scorn,140.0,11164.0,,Default Target,[],8284059.0,[]
699597,700267,Assize,400.0,51864.0,,Default Target,[],158638414.0,[]
698995,700285,Glare III,350.0,45381.0,,Default Target,[],121455354.0,[]
671481,700500,Eukrasian Dosis III (dot),85.0,11245.0,,Default Target,[],7632622.0,[]
685656,700500,Higanbana (dot),50.0,5778.0,,Default Target,[],2333763.0,"['Fugetsu', 'Fuka']"
685885,700500,Dia (dot),85.0,11244.0,,Default Target,[],7456489.0,[]
699020,700500,Thunder (dot),60.0,10027.0,,Default Target,[],3103341.0,['Enochian']
699125,700500,Circle of Scorn (dot),30.0,2392.0,,Default Target,[],380146.0,[]
699750,700508,Shot,80.0,7251.0,,Default Target,[],3696450.0,[]
699836,700636,Shifu,300.0,34274.0,,Default Target,[],82159455.0,"['Fugetsu', 'Fuka']"
700184,700716,Heavy Swing,240.0,21341.0,,Default Target,['Surging Tempest'],30278556.0,['Surging Tempest']
699833,700863,Soul Slice,520.0,58841.0,,Default Target,[],243981522.0,"[""Death's Design""]"
700345,700877,Auto,90.0,9146.0,,Default Target,[],5850300.0,"['Fugetsu', 'Fuka']"
700453,700993,Unveiled Gallows,440.0,49788.0,,Default Target,[],174669570.0,"[""Death's Design""]"
700786,701456,Dosis III,380.0,49391.0,,Default Target,[],147266966.0,[]
701240,701772,Auto,90.0,0.0,,Default Target,[],0.0,['Enochian']
700740,701900,Fire IV,300.0,79898.0,,Default Target,['3 Astral Fire'],197058271.0,['Enochian']
701378,701910,Auto,90.0,5328.0,,Default Target,[],1887023.0,[]
701625,701982,Expiacion,450.0,35904.0,,Default Target,[],85693120.0,[]
701000,702293,Atonement,460.0,36701.0,,Default Target,[],89538338.0,[]
701804,702336,Auto,90.0,10837.0,,Default Target,[],8273889.0,"[""Death's Design""]"
701660,702460,Heated Split Shot,220.0,27207.0,,Default Target,[],52053770.0,[]
701977,702597,Kasha,420.0,47982.0,,Default Target,[],161026141.0,"['Fugetsu', 'Fuka']"
701425,702715,Glare III,350.0,45381.0,,Default Target,[],121455354.0,[]
702277,702809,Auto,90.0,8941.0,,Default Target,['Surging Tempest'],5313749.0,['Surging Tempest']
702324,702814,Gallows,620.0,70159.0,,Default Target,['Enhanced Gallows'],346845630.0,"[""Death's Design"", 'Enhanced Gallows']"
702365,702897,Auto,90.0,21.0,,Default Target,[],25.0,[]
702390,703148,Shot,80.0,7251.0,,Default Target,[],3696450.0,[]
702635,703167,Auto,90.0,9146.0,,Default Target,[],5850300.0,"['Fugetsu', 'Fuka']"
702597,703217,Hissatsu: Shinten,250.0,28561.0,,Default Target,[],57056461.0,"['Fugetsu', 'Fuka']"
702684,703307,Maim,340.0,30239.0,,Default Target,['Surging Tempest'],60784922.0,['Surging Tempest']
685656,703500,Higanbana (dot),50.0,5778.0,,Default Target,[],2333763.0,"['Fugetsu', 'Fuka']"
685885,703500,Dia (dot),85.0,11244.0,,Default Target,[],7456489.0,[]
699020,703500,Thunder (dot),60.0,10027.0,,Default Target,[],3103341.0,['Enochian']
699125,703500,Circle of Scorn (dot),30.0,2392.0,,Default Target,[],380146.0,[]
702890,704050,Fire IV,300.0,79898.0,,Default Target,['3 Astral Fire'],197058271.0,['Enochian']
703500,704123,Fast Blade,220.0,17548.0,,Default Target,[],20469011.0,[]
703618,704150,Auto,90.0,5328.0,,Default Target,[],1887023.0,[]
703268,704468,Toxikon II,380.0,49391.0,,Default Target,[],147266966.0,[]
704117,704737,Kaeshi: Setsugekka,640.0,101332.0,,Default Target,[],119853464.0,"['Fugetsu', 'Fuka']"
704355,704887,Auto,90.0,0.0,,Default Target,[],0.0,[]
704160,704960,Heated Slug Shot,320.0,39574.0,,Default Target,[],110128346.0,[]
703855,705145,Glare III,350.0,45381.0,,Default Target,[],121455354.0,[]
705325,705325,Afflatus Rapture,,,,,,,[]
704925,705457,Auto,90.0,9146.0,,Default Target,[],5850300.0,"['Fugetsu', 'Fuka']"
704780,705490,Checkmate,180.0,22256.0,,Default Target,[],34830145.0,[]
705004,705536,Auto,90.0,10837.0,,Default Target,[],8273889.0,"[""Death's Design""]"
705165,705697,Auto,90.0,21.0,,Default Target,[],25.0,[]
705030,705788,Shot,80.0,7251.0,,Default Target,[],3696450.0,[]
704814,705974,Shadow of Death,300.0,33945.0,,Default Target,[],81192021.0,"[""Death's Design""]"
705540,706072,Auto,90.0,0.0,,Default Target,[],0.0,['Enochian']
705400,706110,Double Check,180.0,22256.0,,Default Target,[],34830145.0,[]
705637,706169,Auto,90.0,8941.0,,Default Target,['Surging Tempest'],5313749.0,['Surging Tempest']
705040,706200,Fire IV,300.0,79898.0,,Default Target,['3 Astral Fire'],197058271.0,['Enochian']
705858,706390,Auto,90.0,5328.0,,Default Target,[],1887023.0,[]
685656,706500,Higanbana (dot),50.0,5778.0,,Default Target,[],2333763.0,"['Fugetsu', 'Fuka']"
685885,706500,Dia (dot),85.0,11244.0,,Default Target,[],7456489.0,[]
699020,706500,Thunder (dot),60.0,10027.0,,Default Target,[],3103341.0,['Enochian']
699125,706500,Circle of Scorn (dot),30.0,2392.0,,Default Target,[],380146.0,[]
705708,706500,Eukrasian Dosis III (dot),85.0,11245.0,,Default Target,[],7632622.0,[]
705184,706699,Storm's Path,500.0,44474.0,,Default Target,['Surging Tempest'],131481340.0,['Surging Tempest']
706000,706758,Riot Blade,330.0,26327.0,,Default Target,[],46074807.0,[]
706661,707461,Heated Clean Shot,420.0,51946.0,,Default Target,[],189745438.0,[]
707057,707677,Midare Setsugekka,640.0,101332.0,,Default Target,[],119853464.0,"['Fugetsu', 'Fuka']"
707755,707755,Afflatus Rapture,,,,,,,[]
707305,707885,Waxing Slice,500.0,56579.0,,Default Target,[],225581193.0,"[""Death's Design""]"
707557,708089,Auto,90.0,9146.0,,Default Target,[],5850300.0,"['Fugetsu', 'Fuka']"
707684,708216,Heavy Swing,240.0,21341.0,,Default Target,['Surging Tempest'],30278556.0,['Surging Tempest']
707795,708327,Auto,90.0,0.0,,Default Target,[],0.0,[]
707190,708350,Fire IV,300.0,79898.0,,Default Target,['3 Astral Fire'],197058271.0,['Enochian']
707670,708428,Shot,80.0,7251.0,,Default Target,[],3696450.0,[]
708098,708630,Auto,90.0,5328.0,,Default Target,[],1887023.0,[]
708204,708736,Auto,90.0,10837.0,,Default Target,[],8273889.0,"[""Death's Design""]"
708168,708838,Dosis III,380.0,49391.0,,Default Target,[],147266966.0,[]
708668,709200,Auto,90.0,21.0,,Default Target,[],25.0,[]
708397,709247,Gyofu,240.0,27418.0,,Default Target,[],52581804.0,"['Fugetsu', 'Fuka']"
685656,709500,Higanbana (dot),50.0,5778.0,,Default Target,[],2333763.0,"['Fugetsu', 'Fuka']"
685885,709500,Dia (dot),85.0,11244.0,,Default Target,[],7456489.0,[]
699020,709500,Thunder (dot),60.0,10027.0,,Default Target,[],3103341.0,['Enochian']
699125,709500,Circle of Scorn (dot),30.0,2392.0,,Default Target,[],380146.0,[]
705708,709500,Eukrasian Dosis III (dot),85.0,11245.0,,Default Target,[],7632622.0,[]
708997,709529,Auto,90.0,8941.0,,Default Target,['Surging Tempest'],5313749.0,['Surging Tempest']
708500,709660,Supplication,500.0,39894.0,,Default Target,[],105795169.0,[]
709340,709960,Flare Star,500.0,133166.0,,Default Target,['3 Astral Fire'],547404282.0,['Enochian']
709161,710311,Drill,660.0,81629.0,,Default Target,[],468551960.0,[]
709795,710335,Infernal Slice,600.0,67895.0,,Default Target,[],324829882.0,"[""Death's Design""]"
709840,710372,Auto,90.0,0.0,,Default Target,[],0.0,['Enochian']
709847,710379,Auto,90.0,9146.0,,Default Target,[],5850300.0,"['Fugetsu', 'Fuka']"
710184,710807,Maim,340.0,30239.0,,Default Target,['Surging Tempest'],60784922.0,['Surging Tempest']
710338,710870,Auto,90.0,5328.0,,Default Target,[],1887023.0,[]
710270,710940,Paradox,540.0,79886.0,,Default Target,['3 Astral Fire'],197010726.0,['Enochian']
710415,710955,Unveiled Gibbet,440.0,49788.0,,Default Target,[],174669570.0,"[""Death's Design""]"
710310,711068,Shot,80.0,7251.0,,Default Target,[],3696450.0,[]
710609,711279,Dosis III,380.0,49391.0,,Default Target,[],147266966.0,[]
710537,711337,Yukikaze,340.0,38842.0,,Default Target,[],105525015.0,"['Fugetsu', 'Fuka']"
711000,711758,Holy Spirit,500.0,39894.0,,Default Target,['Divine Might'],105795169.0,['Divine Might']
711404,711936,Auto,90.0,10837.0,,Default Target,[],8273889.0,"[""Death's Design""]"
711468,712000,Auto,90.0,21.0,,Default Target,[],25.0,[]
711645,712177,Auto,90.0,0.0,,Default Target,[],0.0,[]
711145,712435,Glare III,350.0,45381.0,,Default Target,[],121455354.0,[]
711662,712462,Heated Split Shot,220.0,27207.0,,Default Target,[],52053770.0,[]
685656,712500,Higanbana (dot),50.0,5778.0,,Default Target,[],2333763.0,"['Fugetsu', 'Fuka']"
685885,712500,Dia (dot),85.0,11244.0,,Default Target,[],7456489.0,[]
699020,712500,Thunder (dot),60.0,10027.0,,Default Target,[],3103341.0,['Enochian']
699125,712500,Circle of Scorn (dot),30.0,2392.0,,Default Target,[],380146.0,[]
705708,712500,Eukrasian Dosis III (dot),85.0,11245.0,,Default Target,[],7632622.0,[]
712616,712616,Afflatus Rapture,,,,,,,[]
712137,712669,Auto,90.0,9146.0,,Default Target,[],5850300.0,"['Fugetsu', 'Fuka']"
712286,712776,Gibbet,620.0,70159.0,,Default Target,['Enhanced Gibbet'],346845630.0,"[""Death's Design"", 'Enhanced Gibbet']"
712357,712889,Auto,90.0,8941.0,,Default Target,['Surging Tempest'],5313749.0,['Surging Tempest']
712420,712910,Despair,350.0,93213.0,,Default Target,['3 Astral Fire'],268247312.0,['Enochian']
712578,713110,Auto,90.0,5328.0,,Default Target,[],1887023.0,[]
713120,713120,Manafont,,,,,,,[]
712684,713307,Fell Cleave,580.0,51589.0,,Default Target,['Surging Tempest'],176915445.0,['Surging Tempest']
713309,713309,Infuriate,,,,,,,[]
712677,713527,Gyofu,240.0,27418.0,,Default Target,[],52581804.0,"['Fugetsu', 'Fuka']"
713120,713652,Auto,90.0,0.0,,Default Target,[],0.0,['Enochian']
713657,713657,Grade 4 Gemdraught,,,,,,,[]
712950,713708,Shot,80.0,7251.0,,Default Target,[],3696450.0,[]
713049,713719,Dosis III,380.0,49391.0,,Default Target,[],147266966.0,[]
713820,713820,Grade 4 Gemdraught,,,,,,,[]
713500,714790,Sepulchre,540.0,43082.0,,Default Target,[],123387031.0,[]
714268,714800,Auto,90.0,21.0,,Default Target,[],25.0,[]
714427,714959,Auto,90.0,9146.0,,Default Target,[],5850300.0,"['Fugetsu', 'Fuka']"
714162,714962,Heated Slug Shot,320.0,39574.0,,Default Target,[],110128346.0,[]
714604,715136,Auto,90.0,10837.0,,Default Target,[],8273889.0,"[""Death's Design""]"
714776,715266,Slice,420.0,47524.0,,Default Target,[],159145747.0,"[""Death's Design""]"
714818,715350,Auto,90.0,5328.0,,Default Target,[],1887023.0,[]
714817,715437,Jinpu,300.0,34274.0,,Default Target,[],82159455.0,"['Fugetsu', 'Fuka']"
685656,715500,Higanbana (dot),50.0,5778.0,,Default Target,[],2333763.0,"['Fugetsu', 'Fuka']"
685885,715500,Dia (dot),85.0,11244.0,,Default Target,[],7456489.0,[]
699020,715500,Thunder (dot),60.0,10027.0,,Default Target,[],3103341.0,['Enochian']
705708,715500,Eukrasian Dosis III (dot),85.0,11245.0,,Default Target,[],7632622.0,[]
715437,716057,Hissatsu: Shinten,250.0,28561.0,,Default Target,[],57056461.0,"['Fugetsu', 'Fuka']"
715490,716160,Dosis III,380.0,53462.0,,Default Target,[],172533440.0,['Grade 4 Gemdraught']
715717,716249,Auto,90.0,8941.0,,Default Target,['Surging Tempest'],5313749.0,['Surging Tempest']
715590,716348,Shot,80.0,7251.0,,Default Target,[],3696450.0,[]
716000,716578,Royal Authority,460.0,36701.0,,Default Target,[],89538338.0,[]
716808,716808,Grade 4 Gemdraught,,,,,,,[]
715184,716833,Storm's Eye,500.0,44474.0,,Default Target,['Surging Tempest'],131481340.0,['Surging Tempest']
716400,716932,Auto,90.0,0.0,,Default Target,[],0.0,"['Enochian', 'Grade 4 Gemdraught']"
715790,716950,Fire IV,300.0,86475.0,,Default Target,['3 Astral Fire'],230834749.0,"['Enochian', 'Grade 4 Gemdraught']"
716506,717038,Auto,90.0,0.0,,Default Target,[],0.0,[]
716717,717249,Auto,90.0,9146.0,,Default Target,[],5850300.0,"['Fugetsu', 'Fuka']"
716006,717296,Glare III,350.0,45381.0,,Default Target,[],121455354.0,[]
716720,717340,Xenoglossy,890.0,142516.0,,Default Target,[],626983220.0,"['Enochian', 'Grade 4 Gemdraught']"
716663,717463,Heated Clean Shot,420.0,51946.0,,Default Target,[],189745438.0,[]
717058,717590,Auto,90.0,5328.0,,Default Target,[],1887023.0,[]
716958,717718,Gekko,420.0,47982.0,,Default Target,[],161026141.0,"['Fugetsu', 'Fuka']"
717267,717847,Waxing Slice,500.0,56579.0,,Default Target,[],225581193.0,"[""Death's Design""]"
718183,718183,Grade 4 Gemdraught,,,,,,,[]
718208,718208,Grade 4 Gemdraught,,,,,,,[]
717684,718216,Heavy Swing,240.0,21341.0,,Default Target,['Surging Tempest'],30278556.0,['Surging Tempest']
717804,718336,Auto,90.0,10837.0,,Default Target,[],8273889.0,"[""Death's Design""]"
685656,718500,Higanbana (dot),50.0,5778.0,,Default Target,[],2333763.0,"['Fugetsu', 'Fuka']"
699020,718500,Thunder (dot),60.0,10027.0,,Default Target,[],3103341.0,['Enochian']
705708,718500,Eukrasian Dosis III (dot),85.0,11245.0,,Default Target,[],7632622.0,[]
717930,718600,Dosis III,380.0,53462.0,,Default Target,[],172533440.0,['Grade 4 Gemdraught']
717476,718766,Dia,85.0,11873.0,,Default Target,[],8312512.0,['Grade 4 Gemdraught']
718887,718887,Grade 4 Gemdraught,,,,,,,[]
718430,718962,Auto,90.0,21.0,,Default Target,[],25.0,['Grade 4 Gemdraught']
718230,718988,Shot,80.0,7251.0,,Default Target,[],3696450.0,[]
718500,719123,Fast Blade,220.0,17548.0,,Default Target,[],20469011.0,[]
719007,719539,Auto,90.0,9898.0,,Default Target,[],6851445.0,"['Fugetsu', 'Fuka', 'Grade 4 Gemdraught']"
719077,719609,Auto,90.0,8941.0,,Default Target,['Surging Tempest'],5313749.0,['Surging Tempest']
719718,719718,Meikyo Shisui,,,,,,,[]
719783,719783,Automaton Queen,,,,,,,[]
719298,719830,Auto,90.0,5328.0,,Default Target,[],1887023.0,[]
719098,719948,Gyofu,240.0,29670.0,,Default Target,[],61572204.0,"['Fugetsu', 'Fuka', 'Grade 4 Gemdraught']"
719757,720297,Infernal Slice,600.0,73485.0,,Default Target,[],380523877.0,"[""Death's Design"", 'Grade 4 Gemdraught']"
719163,720313,Air Anchor,660.0,88349.0,,Default Target,[],548862248.0,['Grade 4 Gemdraught']
720184,720807,Maim,340.0,30239.0,,Default Target,['Surging Tempest'],60784922.0,['Surging Tempest']
720809,720809,Grade 4 Gemdraught,,,,,,,[]
720377,720917,Unveiled Gallows,440.0,53885.0,,Default Target,[],204603373.0,"[""Death's Design"", 'Grade 4 Gemdraught']"
720338,720958,Hissatsu: Shinten,250.0,30910.0,,Default Target,[],66828064.0,"['Fugetsu', 'Fuka', 'Grade 4 Gemdraught']"
720371,721041,Dosis III,380.0,53462.0,,Default Target,[],172533440.0,['Grade 4 Gemdraught']
720590,721122,Auto,90.0,0.0,,Default Target,[],0.0,"['Enochian', 'Grade 4 Gemdraught']"
720090,721250,Fire IV,300.0,86475.0,,Default Target,['3 Astral Fire'],230834749.0,"['Enochian', 'Grade 4 Gemdraught']"
685656,721500,Higanbana (dot),50.0,5778.0,,Default Target,[],2333763.0,"['Fugetsu', 'Fuka']"
699020,721500,Thunder (dot),60.0,10027.0,,Default Target,[],3103341.0,['Enochian']
705708,721500,Eukrasian Dosis III (dot),85.0,11245.0,,Default Target,[],7632622.0,[]
717476,721500,Dia (dot),85.0,12172.0,,Default Target,[],8737171.0,['Grade 4 Gemdraught']
721004,721536,Auto,90.0,11731.0,,Default Target,[],9697594.0,"[""Death's Design"", 'Grade 4 Gemdraught']"
721625,721625,Grade 4 Gemdraught,,,,,,,[]
720870,721628,Shot,80.0,7847.0,,Default Target,[],4329995.0,['Grade 4 Gemdraught']
721000,721758,Riot Blade,330.0,26327.0,,Default Target,[],46074807.0,[]
721230,721762,Auto,90.0,21.0,,Default Target,[],25.0,['Grade 4 Gemdraught']
721297,721829,Auto,90.0,9898.0,,Default Target,[],6851445.0,"['Fugetsu', 'Fuka', 'Grade 4 Gemdraught']"
721238,721858,Kasha,420.0,51930.0,,Default Target,['Meikyo Shisui'],188617385.0,"['Fugetsu', 'Fuka', 'Grade 4 Gemdraught', 'Meikyo Shisui']"
721366,721898,Auto,90.0,0.0,,Default Target,[],0.0,['Grade 4 Gemdraught']
721538,722070,Auto,90.0,5328.0,,Default Target,[],1887023.0,[]
720866,722156,Glare III,350.0,49122.0,,Default Target,[],142303382.0,['Grade 4 Gemdraught']
722284,722284,Barrel Stabilizer,,,,,,,[]
722248,722738,Gallows,620.0,75933.0,,Default Target,['Enhanced Gallows'],406285543.0,"[""Death's Design"", 'Enhanced Gallows', 'Grade 4 Gemdraught']"
721664,722814,Drill,660.0,88349.0,,Default Target,[],548862248.0,['Grade 4 Gemdraught']
722868,722868,Enshroud,,,,,,,[]
722904,722904,Reassemble,,,,,,,[]
722437,722969,Auto,90.0,9676.0,,Default Target,['Surging Tempest'],6223026.0,"['Grade 4 Gemdraught', 'Surging Tempest']"
722240,723400,Fire IV,300.0,86475.0,,Default Target,['3 Astral Fire'],230834749.0,"['Enochian', 'Grade 4 Gemdraught']"
722811,723481,Dosis III,380.0,53462.0,,Default Target,[],172533440.0,['Grade 4 Gemdraught']
723170,723840,Paradox,540.0,86463.0,,Default Target,['3 Astral Fire'],230768546.0,"['Enochian', 'Grade 4 Gemdraught']"
723378,723998,Kaeshi: Setsugekka,640.0,109663.0,,Default Target,[],140370522.0,"['Fugetsu', 'Fuka', 'Grade 4 Gemdraught']"
723587,724119,Auto,90.0,9898.0,,Default Target,[],6851445.0,"['Fugetsu', 'Fuka', 'Grade 4 Gemdraught']"
722684,724199,Storm's Path,500.0,48117.0,,Default Target,['Surging Tempest'],153906513.0,"['Grade 4 Gemdraught', 'Surging Tempest']"
723524,724234,Checkmate,180.0,24091.0,,Default Target,[],40811374.0,['Grade 4 Gemdraught']
723510,724268,Shot,80.0,7847.0,,Default Target,[],4329995.0,['Grade 4 Gemdraught']
723778,724310,Auto,90.0,5767.0,,Default Target,[],2210488.0,['Grade 4 Gemdraught']
723870,724402,Auto,90.0,0.0,,Default Target,[],0.0,"['Enochian', 'Grade 4 Gemdraught']"
685656,724500,Higanbana (dot),50.0,5778.0,,Default Target,[],2333763.0,"['Fugetsu', 'Fuka']"
699020,724500,Thunder (dot),60.0,10027.0,,Default Target,[],3103341.0,['Enochian']
705708,724500,Eukrasian Dosis III (dot),85.0,11245.0,,Default Target,[],7632622.0,[]
717476,724500,Dia (dot),85.0,12172.0,,Default Target,[],8737171.0,['Grade 4 Gemdraught']
724030,724562,Auto,90.0,21.0,,Default Target,[],25.0,['Grade 4 Gemdraught']
723296,724586,Glare III,350.0,49122.0,,Default Target,[],142303382.0,['Grade 4 Gemdraught']
724670,724670,Ley Lines,,,,,,,[]
724204,724736,Auto,90.0,11731.0,,Default Target,[],9697594.0,"[""Death's Design"", 'Grade 4 Gemdraught']"
724784,724784,Reassemble,,,,,,,[]
723500,724793,Atonement,460.0,39718.0,,Default Target,[],104863158.0,['Grade 4 Gemdraught']
724164,725194,Chain Saw,660.0,152217.0,,Default Target,['Reassemble'],19309106.0,"['Grade 4 Gemdraught', 'Reassemble']"
724738,725278,Void Reaping,540.0,66133.0,,Default Target,[],308178538.0,"[""Death's Design"", 'Grade 4 Gemdraught']"
725283,725283,Roller Dash (pet),480.0,58967.0,,Default Target,[],244512823.0,['Grade 4 Gemdraught']
725473,725473,Arcane Circle,,,,,,,[]
725606,725606,Arcane Circle,,,,,,,[]
725606,725606,Arcane Circle,,,,,,,[]
725606,725606,Arcane Circle,,,,,,,[]
725606,725606,Arcane Circle,,,,,,,[]
725606,725606,Arcane Circle,,,,,,,[]
725606,725606,Arcane Circle,,,,,,,[]
725606,725606,Arcane Circle,,,,,,,[]
725185,725717,Heavy Swing,240.0,23089.0,,Default Target,['Surging Tempest'],35438482.0,"['Grade 4 Gemdraught', 'Surging Tempest']"
725810,725810,Inner Release,,,,,,,[]
725252,725922,Dosis III,380.0,53462.0,,Default Target,[],172533440.0,['Grade 4 Gemdraught']
725404,726114,Double Check,180.0,24091.0,,Default Target,[],40811374.0,['Grade 4 Gemdraught']
726328,726328,Presence of Mind,,,,,,,[]
725797,726329,Auto,90.0,9676.0,,Default Target,['Surging Tempest'],6223026.0,"['Grade 4 Gemdraught', 'Surging Tempest']"
726018,726550,Auto,90.0,5767.0,,Default Target,[],2210488.0,['Grade 4 Gemdraught']
726625,726625,Fight or Flight,,,,,,,[]
726024,726734,Checkmate,180.0,24091.0,,Default Target,[],40811374.0,['Grade 4 Gemdraught']
726000,726758,Holy Spirit,500.0,43173.0,,Default Target,['Divine Might'],123905687.0,"['Divine Might', 'Grade 4 Gemdraught']"
726226,726758,Auto,90.0,0.0,,Default Target,[],0.0,['Grade 4 Gemdraught']
726239,726859,Cross Reaping,600.0,75689.0,,Default Target,['Enhanced Cross Reaping'],403697858.0,"['Arcane Circle', ""Death's Design"", 'Enhanced Cross Reaping', 'Grade 4 Gemdraught']"
726150,726908,Shot,80.0,7847.0,,Default Target,[],4329995.0,['Grade 4 Gemdraught']
725726,727016,Glare III,350.0,49122.0,,Default Target,[],142303382.0,['Grade 4 Gemdraught']
726128,727158,Tendo Setsugekka,1100.0,188493.0,,Default Target,[],414732390.0,"['Fugetsu', 'Fuka', 'Grade 4 Gemdraught']"
726628,727160,Auto,90.0,10195.0,,Default Target,[],7268950.0,"['Arcane Circle', 'Fugetsu', 'Fuka', 'Grade 4 Gemdraught']"
726330,727490,Fire IV,300.0,89069.0,,Default Target,['3 Astral Fire'],244888960.0,"['Arcane Circle', 'Enochian', 'Grade 4 Gemdraught', 'Ley Lines']"
685656,727500,Higanbana (dot),50.0,5778.0,,Default Target,[],2333763.0,"['Fugetsu', 'Fuka']"
699020,727500,Thunder (dot),60.0,10027.0,,Default Target,[],3103341.0,['Enochian']
705708,727500,Eukrasian Dosis III (dot),85.0,11245.0,,Default Target,[],7632622.0,[]
717476,727500,Dia (dot),85.0,12172.0,,Default Target,[],8737171.0,['Grade 4 Gemdraught']
726859,727569,Lemure's Slice,280.0,35318.0,,Default Target,[],87895079.0,"['Arcane Circle', ""Death's Design"", 'Grade 4 Gemdraught']"
727150,727682,Auto,90.0,0.0,,Default Target,[],0.0,"['Arcane Circle', 'Enochian', 'Grade 4 Gemdraught', 'Ley Lines']"
726665,727735,Excavator,660.0,156783.0,,Default Target,['Reassemble'],20483306.0,"['Arcane Circle', 'Grade 4 Gemdraught', 'Reassemble']"
727900,727900,Triplecast,,,,,,,[]
727905,727905,Hypercharge,,,,,,,[]
727404,727936,Auto,90.0,12083.0,,Default Target,[],10288943.0,"['Arcane Circle', ""Death's Design"", 'Grade 4 Gemdraught']"
727285,727995,Double Check,180.0,24814.0,,Default Target,[],43297945.0,"['Arcane Circle', 'Grade 4 Gemdraught']"
727739,728279,Void Reaping,600.0,75689.0,,Default Target,['Enhanced Void Reaping'],403697858.0,"['Arcane Circle', ""Death's Design"", 'Enhanced Void Reaping', 'Grade 4 Gemdraught']"
727692,728362,Dosis III,380.0,55065.0,,Default Target,[],183041553.0,"['Arcane Circle', 'Grade 4 Gemdraught']"
728483,728483,Arm Punch (pet),240.0,30365.0,,Default Target,[],64832701.0,"['Arcane Circle', 'Grade 4 Gemdraught']"
727250,728540,Imperator,580.0,64480.0,,Default Target,[],276382788.0,"['Arcane Circle', 'Fight or Flight', 'Grade 4 Gemdraught']"
727685,728622,Inner Chaos,660.0,112833.0,,Default Target,['Surging Tempest'],10605080.0,"['Arcane Circle', 'Grade 4 Gemdraught', 'Surging Tempest']"
727658,728688,Tendo Kaeshi Setsugekka,1100.0,194148.0,,Default Target,[],440000243.0,"['Arcane Circle', 'Fugetsu', 'Fuka', 'Grade 4 Gemdraught']"
728192,728724,Auto,90.0,21.0,,Default Target,[],25.0,"['Arcane Circle', 'Grade 4 Gemdraught']"
728258,728790,Auto,90.0,7425.0,,Default Target,[],3664414.0,"['Arcane Circle', 'Fight or Flight', 'Grade 4 Gemdraught']"
728278,728858,Shoha,640.0,81507.0,,Default Target,[],464646117.0,"['Arcane Circle', 'Fugetsu', 'Fuka', 'Grade 4 Gemdraught']"
728310,728933,Upheaval,420.0,41629.0,,Default Target,['Surging Tempest'],115200969.0,"['Arcane Circle', 'Grade 4 Gemdraught', 'Surging Tempest']"
728500,729034,Goring Blade,700.0,77820.0,,Default Target,[],402566628.0,"['Arcane Circle', 'Fight or Flight', 'Grade 4 Gemdraught']"
728359,729119,Sacrificium,600.0,75689.0,,Default Target,[],403697858.0,"['Arcane Circle', ""Death's Design"", 'Grade 4 Gemdraught']"
727856,729146,Glare III,350.0,50595.0,,Default Target,[],150967897.0,"['Arcane Circle', 'Grade 4 Gemdraught', 'Presence of Mind']"
728520,729280,High Thunder,150.0,24740.0,,Default Target,[],18892425.0,"['Arcane Circle', 'Enochian', 'Grade 4 Gemdraught', 'Ley Lines']"
728918,729450,Auto,90.0,10195.0,,Default Target,[],7268950.0,"['Arcane Circle', 'Fugetsu', 'Fuka', 'Grade 4 Gemdraught']"
728790,729548,Shot,80.0,8082.0,,Default Target,[],4594128.0,"['Arcane Circle', 'Grade 4 Gemdraught']"
728935,729602,Onslaught,150.0,14863.0,,Default Target,['Surging Tempest'],14686368.0,"['Arcane Circle', 'Grade 4 Gemdraught', 'Surging Tempest']"
729157,729689,Auto,90.0,9966.0,,Default Target,['Surging Tempest'],6603581.0,"['Arcane Circle', 'Grade 4 Gemdraught', 'Surging Tempest']"
729172,729842,Phlegma III,600.0,86992.0,,Default Target,[],456829099.0,"['Arcane Circle', 'Grade 4 Gemdraught']"
729240,729860,Cross Reaping,600.0,75689.0,,Default Target,['Enhanced Cross Reaping'],403697858.0,"['Arcane Circle', ""Death's Design"", 'Enhanced Cross Reaping', 'Grade 4 Gemdraught']"
729136,729986,Glare IV,640.0,92506.0,,Default Target,[],504697145.0,"['Arcane Circle', 'Grade 4 Gemdraught', 'Presence of Mind']"
730083,730083,Arm Punch (pet),240.0,30365.0,,Default Target,[],64832701.0,"['Arcane Circle', 'Grade 4 Gemdraught']"
729125,730148,Circle of Scorn,140.0,15554.0,,Default Target,[],16081891.0,"['Arcane Circle', 'Fight or Flight', 'Grade 4 Gemdraught']"
729031,730191,Fire IV,300.0,89069.0,,Default Target,['3 Astral Fire'],244888960.0,"['Arcane Circle', 'Enochian', 'Grade 4 Gemdraught', 'Ley Lines', 'Triplecast']"
729165,730195,Full Metal Field,900.0,213800.0,,Default Target,[],38084907.0,"['Arcane Circle', 'Grade 4 Gemdraught']"
729666,730198,Auto,90.0,0.0,,Default Target,[],0.0,"['Arcane Circle', 'Grade 4 Gemdraught', 'Presence of Mind']"
729930,730462,Auto,90.0,0.0,,Default Target,[],0.0,"['Arcane Circle', 'Enochian', 'Grade 4 Gemdraught', 'Ley Lines']"
685656,730500,Higanbana (dot),50.0,5778.0,,Default Target,[],2333763.0,"['Fugetsu', 'Fuka']"
705708,730500,Eukrasian Dosis III (dot),85.0,11245.0,,Default Target,[],7632622.0,[]
717476,730500,Dia (dot),85.0,12172.0,,Default Target,[],8737171.0,['Grade 4 Gemdraught']
728520,730500,Thunder (dot),60.0,11179.0,,Default Target,[],3857545.0,"['Arcane Circle', 'Enochian', 'Grade 4 Gemdraught', 'Ley Lines']"
729125,730500,Circle of Scorn (dot),30.0,3329.0,,Default Target,[],736585.0,"['Arcane Circle', 'Fight or Flight', 'Grade 4 Gemdraught']"
729798,730558,Gekko,420.0,53488.0,,Default Target,[],200101593.0,"['Arcane Circle', 'Fugetsu', 'Fuka', 'Grade 4 Gemdraught']"
729860,730570,Lemure's Slice,280.0,35318.0,,Default Target,[],87895079.0,"['Arcane Circle', ""Death's Design"", 'Grade 4 Gemdraught']"
730498,731030,Auto,90.0,7425.0,,Default Target,[],3664414.0,"['Arcane Circle', 'Fight or Flight', 'Grade 4 Gemdraught']"
730418,731038,Hissatsu: Shinten,250.0,31837.0,,Default Target,[],70898097.0,"['Arcane Circle', 'Fugetsu', 'Fuka', 'Grade 4 Gemdraught']"
730604,731136,Auto,90.0,12083.0,,Default Target,[],10288943.0,"['Arcane Circle', ""Death's Design"", 'Grade 4 Gemdraught']"
730185,731345,Primal Rend,700.0,119672.0,,Default Target,['Surging Tempest'],11938080.0,"['Arcane Circle', 'Grade 4 Gemdraught', 'Surging Tempest']"
730992,731524,Auto,90.0,21.0,,Default Target,[],25.0,"['Arcane Circle', 'Grade 4 Gemdraught']"
731683,731683,Arm Punch (pet),240.0,30365.0,,Default Target,[],64832701.0,"['Arcane Circle', 'Grade 4 Gemdraught']"
731208,731740,Auto,90.0,10195.0,,Default Target,[],7268950.0,"['Arcane Circle', 'Fugetsu', 'Fuka', 'Grade 4 Gemdraught']"
731076,731926,Glare IV,640.0,92506.0,,Default Target,[],504697145.0,"['Arcane Circle', 'Grade 4 Gemdraught', 'Presence of Mind']"
731625,731982,Expiacion,450.0,50021.0,,Default Target,[],166336654.0,"['Arcane Circle', 'Fight or Flight', 'Grade 4 Gemdraught']"
730861,732021,Fire IV,300.0,89069.0,,Default Target,['3 Astral Fire'],244888960.0,"['Arcane Circle', 'Enochian', 'Grade 4 Gemdraught', 'Ley Lines', 'Triplecast']"
731385,732052,Onslaught,150.0,14863.0,,Default Target,['Surging Tempest'],14686368.0,"['Arcane Circle', 'Grade 4 Gemdraught', 'Surging Tempest']"
731000,732160,Supplication,500.0,55584.0,,Default Target,[],205393104.0,"['Arcane Circle', 'Fight or Flight', 'Grade 4 Gemdraught']"
731540,732160,Communio,1100.0,138766.0,,Default Target,[],1356871494.0,"['Arcane Circle', ""Death's Design"", 'Grade 4 Gemdraught']"
731430,732188,Shot,80.0,8082.0,,Default Target,[],4594128.0,"['Arcane Circle', 'Grade 4 Gemdraught']"
731613,732283,Phlegma III,600.0,86992.0,,Default Target,[],456829099.0,"['Arcane Circle', 'Grade 4 Gemdraught']"
731666,732516,Blazing Shot,260.0,35846.0,,Default Target,['Overheated'],90351048.0,"['Arcane Circle', 'Grade 4 Gemdraught', 'Overheated']"
731939,732559,Kasha,420.0,53488.0,,Default Target,[],200101593.0,"['Arcane Circle', 'Fugetsu', 'Fuka', 'Grade 4 Gemdraught']"
732559,732559,Meikyo Shisui,,,,,,,[]
732416,732948,Auto,90.0,0.0,,Default Target,[],0.0,"['Arcane Circle', 'Grade 4 Gemdraught', 'Presence of Mind']"
732286,732996,Double Check,180.0,24814.0,,Default Target,[],43297945.0,"['Arcane Circle', 'Grade 4 Gemdraught']"
732517,733049,Auto,90.0,9966.0,,Default Target,['Surging Tempest'],6603581.0,"['Arcane Circle', 'Grade 4 Gemdraught', 'Surging Tempest']"
732710,733242,Auto,90.0,0.0,,Default Target,[],0.0,"['Arcane Circle', 'Enochian', 'Grade 4 Gemdraught', 'Ley Lines']"
732738,733270,Auto,90.0,7425.0,,Default Target,[],3664414.0,"['Arcane Circle', 'Fight or Flight', 'Grade 4 Gemdraught']"
733283,733283,Pile Bunker (pet),680.0,86047.0,,Default Target,[],520647045.0,"['Arcane Circle', 'Grade 4 Gemdraught']"
732685,733308,Fell Cleave,580.0,99156.0,,Default Target,['Surging Tempest'],8193921.0,"['Arcane Circle', 'Grade 4 Gemdraught', 'Inner Release', 'Surging Tempest']"
732691,733311,Flare Star,500.0,148456.0,,Default Target,['3 Astral Fire'],680309599.0,"['Arcane Circle', 'Enochian', 'Grade 4 Gemdraught', 'Ley Lines', 'Triplecast']"
685656,733500,Higanbana (dot),50.0,5778.0,,Default Target,[],2333763.0,"['Fugetsu', 'Fuka']"
705708,733500,Eukrasian Dosis III (dot),85.0,11245.0,,Default Target,[],7632622.0,[]
717476,733500,Dia (dot),85.0,12172.0,,Default Target,[],8737171.0,['Grade 4 Gemdraught']
728520,733500,Thunder (dot),60.0,11179.0,,Default Target,[],3857545.0,"['Arcane Circle', 'Enochian', 'Grade 4 Gemdraught', 'Ley Lines']"
729125,733500,Circle of Scorn (dot),30.0,3329.0,,Default Target,[],736585.0,"['Arcane Circle', 'Fight or Flight', 'Grade 4 Gemdraught']"
733179,733849,Hissatsu: Senei,800.0,101889.0,,Default Target,[],726083420.0,"['Arcane Circle', 'Fugetsu', 'Fuka', 'Grade 4 Gemdraught']"
733861,733861,Enshroud,,,,,,,[]
733016,733866,Glare IV,640.0,92506.0,,Default Target,[],504697145.0,"['Arcane Circle', 'Grade 4 Gemdraught', 'Presence of Mind']"
733310,733977,Onslaught,150.0,14863.0,,Default Target,['Surging Tempest'],14686368.0,"['Arcane Circle', 'Grade 4 Gemdraught', 'Surging Tempest']"
733166,734016,Blazing Shot,260.0,35846.0,,Default Target,['Overheated'],90351048.0,"['Arcane Circle', 'Grade 4 Gemdraught', 'Overheated']"
733498,734030,Auto,90.0,10195.0,,Default Target,[],7268950.0,"['Arcane Circle', 'Fugetsu', 'Fuka', 'Grade 4 Gemdraught']"
733500,734123,Confiteor,1000.0,111175.0,,Default Target,['Requiescat'],821647910.0,"['Arcane Circle', 'Fight or Flight', 'Grade 4 Gemdraught', 'Requiescat']"
733792,734324,Auto,90.0,21.0,,Default Target,[],25.0,"['Arcane Circle', 'Grade 4 Gemdraught']"
733804,734336,Auto,90.0,12083.0,,Default Target,[],10288943.0,"['Arcane Circle', ""Death's Design"", 'Grade 4 Gemdraught']"
733241,734401,Plentiful Harvest,1000.0,126151.0,,Default Target,[],1121390424.0,"['Arcane Circle', ""Death's Design"", 'Grade 4 Gemdraught']"
733786,734496,Checkmate,180.0,24814.0,,Default Target,[],43297945.0,"['Arcane Circle', 'Grade 4 Gemdraught']"
734125,734703,Intervene,150.0,16670.0,,Default Target,[],18471328.0,"['Arcane Circle', 'Fight or Flight', 'Grade 4 Gemdraught']"
734070,734828,Shot,80.0,8082.0,,Default Target,[],4594128.0,"['Arcane Circle', 'Grade 4 Gemdraught']"
734079,734879,Yukikaze,340.0,43298.0,,Default Target,['Meikyo Shisui'],131122569.0,"['Arcane Circle', 'Fugetsu', 'Fuka', 'Grade 4 Gemdraught', 'Meikyo Shisui']"
734521,735011,Despair,350.0,103915.0,,Default Target,['3 Astral Fire'],333346165.0,"['Arcane Circle', 'Enochian', 'Grade 4 Gemdraught', 'Ley Lines']"
735221,735221,Transpose,,,,,,,[]
735283,735283,Crowned Collider (pet),780.0,98702.0,,Default Target,[],685030165.0,"['Arcane Circle', 'Grade 4 Gemdraught']"
734699,735319,Hissatsu: Shinten,250.0,31837.0,,Default Target,[],70898097.0,"['Arcane Circle', 'Fugetsu', 'Fuka', 'Grade 4 Gemdraught']"
734978,735510,Auto,90.0,7425.0,,Default Target,[],3664414.0,"['Arcane Circle', 'Fight or Flight', 'Grade 4 Gemdraught']"
734667,735517,Blazing Shot,260.0,35846.0,,Default Target,['Overheated'],90351048.0,"['Arcane Circle', 'Grade 4 Gemdraught', 'Overheated']"
735013,735683,Dosis III,380.0,55065.0,,Default Target,[],183041553.0,"['Arcane Circle', 'Grade 4 Gemdraught']"
735185,735808,Fell Cleave,580.0,99156.0,,Default Target,['Surging Tempest'],8193921.0,"['Arcane Circle', 'Grade 4 Gemdraught', 'Inner Release', 'Surging Tempest']"
735287,735997,Double Check,180.0,24814.0,,Default Target,[],43297945.0,"['Arcane Circle', 'Grade 4 Gemdraught']"
735490,736022,Auto,90.0,0.0,,Default Target,[],0.0,"['Arcane Circle', 'Enochian', 'Grade 4 Gemdraught', 'Ley Lines']"
735731,736271,Void Reaping,540.0,68117.0,,Default Target,[],326952479.0,"['Arcane Circle', ""Death's Design"", 'Grade 4 Gemdraught']"
735788,736320,Auto,90.0,10195.0,,Default Target,[],7268950.0,"['Arcane Circle', 'Fugetsu', 'Fuka', 'Grade 4 Gemdraught']"
735877,736409,Auto,90.0,9966.0,,Default Target,['Surging Tempest'],6603581.0,"['Arcane Circle', 'Grade 4 Gemdraught', 'Surging Tempest']"
685656,736500,Higanbana (dot),50.0,5778.0,,Default Target,[],2333763.0,"['Fugetsu', 'Fuka']"
717476,736500,Dia (dot),85.0,12172.0,,Default Target,[],8737171.0,['Grade 4 Gemdraught']
728520,736500,Thunder (dot),60.0,11179.0,,Default Target,[],3857545.0,"['Arcane Circle', 'Enochian', 'Grade 4 Gemdraught', 'Ley Lines']"
729125,736500,Circle of Scorn (dot),30.0,3329.0,,Default Target,[],736585.0,"['Arcane Circle', 'Fight or Flight', 'Grade 4 Gemdraught']"
736116,736648,Auto,90.0,0.0,,Default Target,[],0.0,"['Arcane Circle', 'Grade 4 Gemdraught', 'Presence of Mind']"
736000,736666,Blade of Faith,760.0,84492.0,,Default Target,['Requiescat'],474561187.0,"['Arcane Circle', 'Fight or Flight', 'Grade 4 Gemdraught', 'Requiescat']"
735616,736906,Glare III,350.0,50595.0,,Default Target,[],150967897.0,"['Arcane Circle', 'Grade 4 Gemdraught', 'Presence of Mind']"
736351,736971,Xenoglossy,890.0,146792.0,,Default Target,[],665172261.0,"['Arcane Circle', 'Enochian', 'Grade 4 Gemdraught', 'Ley Lines']"
736167,737017,Blazing Shot,260.0,35846.0,,Default Target,['Overheated'],90351048.0,"['Arcane Circle', 'Grade 4 Gemdraught', 'Overheated']"
736351,737111,Sacrificium,600.0,75689.0,,Default Target,[],403697858.0,"['Arcane Circle', ""Death's Design"", 'Grade 4 Gemdraught']"
736625,737203,Intervene,150.0,16670.0,,Default Target,[],18471328.0,"['Arcane Circle', 'Fight or Flight', 'Grade 4 Gemdraught']"
736710,737468,Shot,80.0,8082.0,,Default Target,[],4594128.0,"['Arcane Circle', 'Grade 4 Gemdraught']"
737004,737536,Auto,90.0,12083.0,,Default Target,[],10288943.0,"['Arcane Circle', ""Death's Design"", 'Grade 4 Gemdraught']"
737218,737750,Auto,90.0,7425.0,,Default Target,[],3664414.0,"['Arcane Circle', 'Fight or Flight', 'Grade 4 Gemdraught']"
737232,737852,Cross Reaping,600.0,75689.0,,Default Target,['Enhanced Cross Reaping'],403697858.0,"['Arcane Circle', ""Death's Design"", 'Enhanced Cross Reaping', 'Grade 4 Gemdraught']"
736829,737859,Tendo Setsugekka,1100.0,194148.0,,Default Target,[],440000243.0,"['Arcane Circle', 'Fugetsu', 'Fuka', 'Grade 4 Gemdraught']"
737454,738124,Dosis III,380.0,55065.0,,Default Target,[],183041553.0,"['Arcane Circle', 'Grade 4 Gemdraught']"
737619,738239,Hissatsu: Shinten,250.0,31837.0,,Default Target,[],70898097.0,"['Arcane Circle', 'Fugetsu', 'Fuka', 'Grade 4 Gemdraught']"
738288,738288,Hypercharge,,,,,,,[]
737685,738308,Fell Cleave,580.0,99156.0,,Default Target,['Surging Tempest'],8193921.0,"['Arcane Circle', 'Grade 4 Gemdraught', 'Inner Release', 'Surging Tempest']"
737954,738486,Auto,90.0,21.0,,Default Target,[],25.0,"['Arcane Circle', 'Grade 4 Gemdraught']"
737668,738518,Blazing Shot,260.0,35846.0,,Default Target,['Overheated'],90351048.0,"['Arcane Circle', 'Grade 4 Gemdraught', 'Overheated']"
737852,738562,Lemure's Slice,280.0,35318.0,,Default Target,[],87895079.0,"['Arcane Circle', ""Death's Design"", 'Grade 4 Gemdraught']"
738078,738610,Auto,90.0,10195.0,,Default Target,[],7268950.0,"['Arcane Circle', 'Fugetsu', 'Fuka', 'Grade 4 Gemdraught']"
738181,738801,Xenoglossy,890.0,146792.0,,Default Target,[],665172261.0,"['Arcane Circle', 'Enochian', 'Grade 4 Gemdraught', 'Ley Lines']"
738270,738802,Auto,90.0,0.0,,Default Target,[],0.0,"['Arcane Circle', 'Enochian', 'Grade 4 Gemdraught', 'Ley Lines']"
737556,738846,Glare III,350.0,50595.0,,Default Target,[],150967897.0,"['Arcane Circle', 'Grade 4 Gemdraught', 'Presence of Mind']"
738935,738935,Infuriate,,,,,,,[]
738979,738979,Ikishoten,,,,,,,[]
738732,739272,Void Reaping,600.0,75689.0,,Default Target,['Enhanced Void Reaping'],403697858.0,"['Arcane Circle', ""Death's Design"", 'Enhanced Void Reaping', 'Grade 4 Gemdraught']"
738359,739389,Tendo Kaeshi Setsugekka,1100.0,194148.0,,Default Target,[],440000243.0,"['Arcane Circle', 'Fugetsu', 'Fuka', 'Grade 4 Gemdraught']"
738500,739391,Blade of Truth,880.0,97832.0,,Default Target,['Requiescat'],636248422.0,"['Arcane Circle', 'Fight or Flight', 'Grade 4 Gemdraught', 'Requiescat']"
738310,739460,Primal Wrath,700.0,69389.0,,Default Target,['Surging Tempest'],320072263.0,"['Arcane Circle', 'Grade 4 Gemdraught', 'Surging Tempest']"
685656,739500,Higanbana (dot),50.0,5778.0,,Default Target,[],2333763.0,"['Fugetsu', 'Fuka']"
717476,739500,Dia (dot),85.0,12172.0,,Default Target,[],8737171.0,['Grade 4 Gemdraught']
728520,739500,Thunder (dot),60.0,11179.0,,Default Target,[],3857545.0,"['Arcane Circle', 'Enochian', 'Grade 4 Gemdraught', 'Ley Lines']"
729125,739500,Circle of Scorn (dot),30.0,3329.0,,Default Target,[],736585.0,"['Arcane Circle', 'Fight or Flight', 'Grade 4 Gemdraught']"
739237,739769,Auto,90.0,9966.0,,Default Target,['Surging Tempest'],6603581.0,"['Arcane Circle', 'Grade 4 Gemdraught', 'Surging Tempest']"
739458,739990,Auto,90.0,7425.0,,Default Target,[],3664414.0,"['Arcane Circle', 'Fight or Flight', 'Grade 4 Gemdraught']"
739168,740018,Blazing Shot,260.0,35846.0,,Default Target,['Overheated'],90351048.0,"['Arcane Circle', 'Grade 4 Gemdraught', 'Overheated']"
739599,740089,Hissatsu: Gyoten,100.0,12731.0,,Default Target,[],11335254.0,"['Arcane Circle', 'Fugetsu', 'Fuka', 'Grade 4 Gemdraught']"
739350,740108,Shot,80.0,8082.0,,Default Target,[],4594128.0,"['Arcane Circle', 'Grade 4 Gemdraught']"
739788,740498,Checkmate,180.0,24814.0,,Default Target,[],43297945.0,"['Arcane Circle', 'Grade 4 Gemdraught']"
739996,740528,Auto,90.0,0.0,,Default Target,[],0.0,"['Arcane Circle', 'Grade 4 Gemdraught', 'Presence of Mind']"
739894,740564,Dosis III,380.0,55065.0,,Default Target,[],183041553.0,"['Arcane Circle', 'Grade 4 Gemdraught']"
740011,740631,Xenoglossy,890.0,146792.0,,Default Target,[],665172261.0,"['Arcane Circle', 'Enochian', 'Grade 4 Gemdraught', 'Ley Lines']"
740204,740736,Auto,90.0,12083.0,,Default Target,[],10288943.0,"['Arcane Circle', ""Death's Design"", 'Grade 4 Gemdraught']"
740105,740775,Assize,400.0,57824.0,,Default Target,[],197195912.0,"['Arcane Circle', 'Grade 4 Gemdraught', 'Presence of Mind']"
739496,740786,Glare III,350.0,50595.0,,Default Target,[],150967897.0,"['Arcane Circle', 'Grade 4 Gemdraught', 'Presence of Mind']"
740233,740853,Cross Reaping,600.0,75689.0,,Default Target,['Enhanced Cross Reaping'],403697858.0,"['Arcane Circle', ""Death's Design"", 'Enhanced Cross Reaping', 'Grade 4 Gemdraught']"
740368,740900,Auto,90.0,10195.0,,Default Target,[],7268950.0,"['Arcane Circle', 'Fugetsu', 'Fuka', 'Grade 4 Gemdraught']"
730378,741048,Wildfire (dot),1440.0,155759.0,,Default Target,['6 GCD'],20220244.0,"['Arcane Circle', 'Grade 4 Gemdraught']"
740185,741245,Primal Ruination,780.0,133357.0,,Default Target,['Surging Tempest'],14820741.0,"['Arcane Circle', 'Grade 4 Gemdraught', 'Surging Tempest']"
740754,741286,Auto,90.0,21.0,,Default Target,[],25.0,"['Arcane Circle', 'Grade 4 Gemdraught']"
740669,741519,Blazing Shot,260.0,35846.0,,Default Target,['Overheated'],90351048.0,"['Arcane Circle', 'Grade 4 Gemdraught', 'Overheated']"
740853,741563,Lemure's Slice,280.0,35318.0,,Default Target,[],87895079.0,"['Arcane Circle', ""Death's Design"", 'Grade 4 Gemdraught']"
741050,741582,Auto,90.0,0.0,,Default Target,[],0.0,"['Arcane Circle', 'Enochian', 'Grade 4 Gemdraught', 'Ley Lines']"
740502,741602,Psyche,600.0,86992.0,,Default Target,[],456829099.0,"['Arcane Circle', 'Grade 4 Gemdraught']"
741299,741799,Ogi Namikiri,1000.0,176500.0,,Default Target,[],363635154.0,"['Arcane Circle', 'Fugetsu', 'Fuka', 'Grade 4 Gemdraught']"
741000,741891,Blade of Valor,1000.0,111175.0,,Default Target,['Requiescat'],821647910.0,"['Arcane Circle', 'Fight or Flight', 'Grade 4 Gemdraught', 'Requiescat']"
741289,741999,Double Check,180.0,24814.0,,Default Target,[],43297945.0,"['Arcane Circle', 'Grade 4 Gemdraught']"
741698,742230,Auto,90.0,7425.0,,Default Target,[],3664414.0,"['Arcane Circle', 'Fight or Flight', 'Grade 4 Gemdraught']"
685656,742500,Higanbana (dot),50.0,5778.0,,Default Target,[],2333763.0,"['Fugetsu', 'Fuka']"
717476,742500,Dia (dot),85.0,12172.0,,Default Target,[],8737171.0,['Grade 4 Gemdraught']
728520,742500,Thunder (dot),60.0,11179.0,,Default Target,[],3857545.0,"['Arcane Circle', 'Enochian', 'Grade 4 Gemdraught', 'Ley Lines']"
729125,742500,Circle of Scorn (dot),30.0,3329.0,,Default Target,[],736585.0,"['Arcane Circle', 'Fight or Flight', 'Grade 4 Gemdraught']"
741841,742511,Paradox,540.0,89057.0,,Default Target,['1 Umbral Ice'],244822423.0,"['Arcane Circle', 'Enochian', 'Grade 4 Gemdraught', 'Ley Lines']"
742541,742541,Transpose,,,,,,,[]
741436,742726,Glare III,350.0,50595.0,,Default Target,[],150967897.0,"['Arcane Circle', 'Grade 4 Gemdraught', 'Presence of Mind']"
741990,742748,Shot,80.0,8082.0,,Default Target,[],4594128.0,"['Arcane Circle', 'Grade 4 Gemdraught']"
741625,742785,Blade of Honor,1000.0,111175.0,,Default Target,[],821647910.0,"['Arcane Circle', 'Fight or Flight', 'Grade 4 Gemdraught']"
741900,742930,Zanshin,940.0,119719.0,,Default Target,[],1002446755.0,"['Arcane Circle', 'Fugetsu', 'Fuka', 'Grade 4 Gemdraught']"
742942,742942,Swiftcast,,,,,,,[]
742335,743005,Dosis III,380.0,55065.0,,Default Target,[],183041553.0,"['Arcane Circle', 'Grade 4 Gemdraught']"
742169,743019,Blazing Shot,260.0,35846.0,,Default Target,['Overheated'],90351048.0,"['Arcane Circle', 'Grade 4 Gemdraught', 'Overheated']"
742597,743129,Auto,90.0,9966.0,,Default Target,['Surging Tempest'],6603581.0,"['Arcane Circle', 'Grade 4 Gemdraught', 'Surging Tempest']"
742639,743129,Kaeshi: Namikiri,1000.0,176500.0,,Default Target,[],363635154.0,"['Arcane Circle', 'Fugetsu', 'Fuka', 'Grade 4 Gemdraught']"
742533,743153,Communio,1100.0,138766.0,,Default Target,[],1356871494.0,"['Arcane Circle', ""Death's Design"", 'Grade 4 Gemdraught']"
742658,743190,Auto,90.0,10195.0,,Default Target,[],7268950.0,"['Arcane Circle', 'Fugetsu', 'Fuka', 'Grade 4 Gemdraught']"
742789,743499,Checkmate,180.0,24814.0,,Default Target,[],43297945.0,"['Arcane Circle', 'Grade 4 Gemdraught']"
742685,743622,Inner Chaos,660.0,112833.0,,Default Target,['Surging Tempest'],10605080.0,"['Arcane Circle', 'Grade 4 Gemdraught', 'Surging Tempest']"
743404,743936,Auto,90.0,12083.0,,Default Target,[],10288943.0,"['Arcane Circle', ""Death's Design"", 'Grade 4 Gemdraught']"
743554,744086,Auto,90.0,21.0,,Default Target,[],25.0,"['Arcane Circle', 'Grade 4 Gemdraught']"
743830,744362,Auto,90.0,0.0,,Default Target,[],0.0,"['Arcane Circle', 'Enochian', 'Grade 4 Gemdraught', 'Ley Lines']"
744371,744371,Amplifier,,,,,,,[]
743938,744470,Auto,90.0,7425.0,,Default Target,[],3664414.0,"['Arcane Circle', 'Fight or Flight', 'Grade 4 Gemdraught']"
743815,744485,Dosis III,380.0,55065.0,,Default Target,[],183041553.0,"['Arcane Circle', 'Grade 4 Gemdraught', 'Swiftcast']"
743670,744520,Blazing Shot,260.0,35846.0,,Default Target,['Overheated'],90351048.0,"['Arcane Circle', 'Grade 4 Gemdraught', 'Overheated']"
744177,744709,Auto,90.0,0.0,,Default Target,[],0.0,"['Arcane Circle', 'Grade 4 Gemdraught']"
743500,744790,Sepulchre,540.0,60029.0,,Default Target,[],239546394.0,"['Arcane Circle', 'Fight or Flight', 'Grade 4 Gemdraught']"
744854,744854,Enshroud,,,,,,,[]
743671,744961,Fire III,290.0,66943.0,,Default Target,['3 Astral Fire'],138340027.0,"['Arcane Circle', 'Enochian', 'Grade 4 Gemdraught', 'Ley Lines']"
743677,744967,Glare III,350.0,50595.0,,Default Target,[],150967897.0,"['Arcane Circle', 'Grade 4 Gemdraught']"
744290,745000,Double Check,180.0,24814.0,,Default Target,[],43297945.0,"['Arcane Circle', 'Grade 4 Gemdraught']"
744630,745388,Shot,80.0,8082.0,,Default Target,[],4594128.0,"['Arcane Circle', 'Grade 4 Gemdraught']"
744948,745480,Auto,90.0,10195.0,,Default Target,[],7268950.0,"['Arcane Circle', 'Fugetsu', 'Fuka', 'Grade 4 Gemdraught']"
685656,745500,Higanbana (dot),50.0,5778.0,,Default Target,[],2333763.0,"['Fugetsu', 'Fuka']"
717476,745500,Dia (dot),85.0,12172.0,,Default Target,[],8737171.0,['Grade 4 Gemdraught']
728520,745500,Thunder (dot),60.0,11179.0,,Default Target,[],3857545.0,"['Arcane Circle', 'Enochian', 'Grade 4 Gemdraught', 'Ley Lines']"
744234,745524,Perfectio,1300.0,163998.0,,Default Target,[],1895210622.0,"['Arcane Circle', ""Death's Design"", 'Grade 4 Gemdraught']"
744779,745539,Gekko,420.0,53488.0,,Default Target,['Meikyo Shisui'],200101593.0,"['Arcane Circle', 'Fugetsu', 'Fuka', 'Grade 4 Gemdraught', 'Meikyo Shisui']"
745147,745727,Afflatus Misery,1400.0,202391.0,,Default Target,[],2415784090.0,"['Arcane Circle', 'Grade 4 Gemdraught']"
745185,745808,Maim,340.0,33696.0,,Default Target,['Surging Tempest'],75474495.0,"['Arcane Circle', 'Grade 4 Gemdraught', 'Surging Tempest']"
745399,746019,Hissatsu: Shinten,250.0,31837.0,,Default Target,[],70898097.0,"['Arcane Circle', 'Fugetsu', 'Fuka', 'Grade 4 Gemdraught']"
745170,746020,Blazing Shot,260.0,35846.0,,Default Target,['Overheated'],90351048.0,"['Arcane Circle', 'Grade 4 Gemdraught', 'Overheated']"
745501,746121,Xenoglossy,890.0,135626.0,,Default Target,[],567803563.0,"['Arcane Circle', 'Enochian']"
745474,746234,Sacrificium,600.0,75689.0,,Default Target,[],403697858.0,"['Arcane Circle', ""Death's Design"", 'Grade 4 Gemdraught']"
745957,746489,Auto,90.0,9966.0,,Default Target,['Surging Tempest'],6603581.0,"['Arcane Circle', 'Grade 4 Gemdraught', 'Surging Tempest']"
745790,746500,Checkmate,180.0,24814.0,,Default Target,[],43297945.0,"['Arcane Circle', 'Grade 4 Gemdraught']"
746000,746578,Royal Authority,460.0,51136.0,,Default Target,[],173824157.0,"['Arcane Circle', 'Fight or Flight', 'Grade 4 Gemdraught']"
746178,746710,Auto,90.0,7425.0,,Default Target,[],3664414.0,"['Arcane Circle', 'Fight or Flight', 'Grade 4 Gemdraught']"
746604,747136,Auto,90.0,11731.0,,Default Target,[],9697594.0,"[""Death's Design"", 'Grade 4 Gemdraught']"
746610,747142,Auto,90.0,0.0,,Default Target,[],0.0,['Enochian']
746920,747540,Kasha,420.0,51930.0,,Default Target,[],188617385.0,"['Fugetsu', 'Fuka', 'Grade 4 Gemdraught']"
747238,747770,Auto,90.0,9898.0,,Default Target,[],6851445.0,"['Fugetsu', 'Fuka', 'Grade 4 Gemdraught']"
746671,747821,Drill,660.0,88349.0,,Default Target,[],548862248.0,['Grade 4 Gemdraught']
747216,747886,Dosis III,380.0,49391.0,,Default Target,[],147266966.0,[]
747291,748001,Checkmate,180.0,24091.0,,Default Target,[],40811374.0,['Grade 4 Gemdraught']
747270,748028,Shot,80.0,7847.0,,Default Target,[],4329995.0,['Grade 4 Gemdraught']
747651,748141,Despair,350.0,93213.0,,Default Target,['3 Astral Fire'],268247312.0,['Enochian']
747524,748144,Communio,1100.0,134724.0,,Default Target,[],1278967386.0,"[""Death's Design"", 'Grade 4 Gemdraught']"
747716,748248,Auto,90.0,21.0,,Default Target,[],25.0,[]
747685,748308,Fell Cleave,580.0,55814.0,,Default Target,['Surging Tempest'],207082394.0,"['Grade 4 Gemdraught', 'Surging Tempest']"
748310,748310,Infuriate,,,,,,,[]
748351,748351,Transpose,,,,,,,[]
717476,748500,Dia (dot),85.0,12172.0,,Default Target,[],8737171.0,['Grade 4 Gemdraught']
728520,748500,Thunder (dot),60.0,11179.0,,Default Target,[],3857545.0,"['Arcane Circle', 'Enochian', 'Grade 4 Gemdraught', 'Ley Lines']"
747911,748621,Double Check,180.0,24091.0,,Default Target,[],40811374.0,['Grade 4 Gemdraught']
748160,748650,Hissatsu: Gyoten,100.0,12360.0,,Default Target,[],10684474.0,"['Fugetsu', 'Fuka', 'Grade 4 Gemdraught']"
748418,748950,Auto,90.0,5767.0,,Default Target,[],2210488.0,['Grade 4 Gemdraught']
749139,749139,Swiftcast,,,,,,,[]
748531,749241,Checkmate,180.0,24091.0,,Default Target,[],40811374.0,['Grade 4 Gemdraught']
748500,749258,Holy Spirit,500.0,43173.0,,Default Target,['Divine Might'],123905687.0,"['Divine Might', 'Grade 4 Gemdraught']"
749037,749569,Auto,90.0,0.0,,Default Target,[],0.0,[]
748537,749827,Glare III,350.0,45381.0,,Default Target,[],121455354.0,[]
749317,749849,Auto,90.0,9676.0,,Default Target,['Surging Tempest'],6223026.0,"['Grade 4 Gemdraught', 'Surging Tempest']"
748696,749896,Toxikon II,380.0,49391.0,,Default Target,[],147266966.0,[]
749060,749910,Gyofu,240.0,27418.0,,Default Target,[],52581804.0,"['Fugetsu', 'Fuka']"
749171,749971,Heated Split Shot,220.0,27207.0,,Default Target,[],52053770.0,[]
749528,750060,Auto,90.0,9146.0,,Default Target,[],5850300.0,"['Fugetsu', 'Fuka']"
749680,750300,Hissatsu: Shinten,250.0,28561.0,,Default Target,[],57056461.0,"['Fugetsu', 'Fuka']"
749804,750336,Auto,90.0,10837.0,,Default Target,[],8273889.0,"[""Death's Design""]"
749225,750385,Harvest Moon,800.0,97982.0,,Default Target,[],676504257.0,"[""Death's Design"", 'Grade 4 Gemdraught']"
749890,750422,Auto,90.0,0.0,,Default Target,[],0.0,['Enochian']
749801,750471,Paradox,540.0,79886.0,,Default Target,['1 Umbral Ice'],197010726.0,['Enochian']
749791,750501,Double Check,180.0,22256.0,,Default Target,[],34830145.0,[]
750185,751122,Inner Chaos,660.0,109547.0,,Default Target,['Surging Tempest'],9995525.0,"['Grade 4 Gemdraught', 'Surging Tempest']"
750658,751190,Auto,90.0,5767.0,,Default Target,[],2210488.0,['Grade 4 Gemdraught']
750007,751297,Glare III,350.0,45381.0,,Default Target,[],121455354.0,['Swiftcast']
751000,752293,Atonement,460.0,39718.0,,Default Target,[],104863158.0,['Grade 4 Gemdraught']
752677,753209,Auto,90.0,8941.0,,Default Target,['Surging Tempest'],5313749.0,['Surging Tempest']
752898,753430,Auto,90.0,5328.0,,Default Target,[],1887023.0,[]
752685,754200,Storm's Path,500.0,44474.0,,Default Target,['Surging Tempest'],131481340.0,['Surging Tempest']
753500,754660,Supplication,500.0,39894.0,,Default Target,[],105795169.0,[]
755138,755670,Auto,90.0,5328.0,,Default Target,[],1887023.0,[]
756000,757290,Sepulchre,540.0,43082.0,,Default Target,[],123387031.0,[]
