sim_timestamp,sim_damage_timestamp,sim_name,sim_expected,Apex Arrow,Blast Arrow,Burst Shot,Caustic Bite,Caustic Bite (dot),Empyreal Arrow,Heartbreak Shot,Iron Jaws,Pitch Perfect,Radiant Encore,Refulgent Arrow,Resonant Arrow,Shot,Sidewinder,Stormbite,Stormbite (dot)
-1650,0,Heartbreak Shot,22196.0,0,0,0,0,0,0,22196,0,0,0,0,0,0,0,0,0
-1030,260,Stormbite,12331.0,0,0,0,0,0,0,22196,0,0,0,0,0,0,0,12331,0
0,758,Shot,8316.0,0,0,0,0,0,0,22196,0,0,0,0,0,8316,0,12331,0
-1030,1500,Stormbite (dot),3085.0,0,0,0,0,0,0,22196,0,0,0,0,0,8316,0,12331,3085
620,1650,Empyreal Arrow,32412.0,0,0,0,0,0,32412,22196,0,0,0,0,0,8316,0,12331,3085
1460,2750,Caustic Bite,18696.0,0,0,0,18696,0,32412,22196,0,0,0,0,0,8316,0,12331,3085
3040,3798,Shot,8405.0,0,0,0,18696,0,32412,22196,0,0,0,0,0,16721,0,12331,3085
-1030,4500,Stormbite (dot),3085.0,0,0,0,18696,0,32412,22196,0,0,0,0,0,16721,0,12331,6170
1460,4500,Caustic Bite (dot),2493.0,0,0,0,18696,2493,32412,22196,0,0,0,0,0,16721,0,12331,6170
3950,5420,Burst Shot,31164.0,0,0,31164,18696,2493,32412,22196,0,0,0,0,0,16721,0,12331,6170
6080,6838,Shot,12297.0,0,0,31164,18696,2493,32412,22196,0,0,0,0,0,29018,0,12331,6170
1460,7500,Caustic Bite (dot),2493.0,0,0,31164,18696,4986,32412,22196,0,0,0,0,0,29018,0,12331,6170
-1030,7500,Stormbite (dot),3085.0,0,0,31164,18696,4986,32412,22196,0,0,0,0,0,29018,0,12331,9255
6440,7910,Burst Shot,26895.0,0,0,58059,18696,4986,32412,22196,0,0,0,0,0,29018,0,12331,9255
6440,7910,Refulgent Arrow,17855.0,0,0,58059,18696,4986,32412,22196,0,0,0,17855,0,29018,0,12331,9255
7680,8480,Pitch Perfect,15097.0,0,0,58059,18696,4986,32412,22196,0,15097,0,17855,0,29018,0,12331,9255
7680,8480,Pitch Perfect,49154.0,0,0,58059,18696,4986,32412,22196,0,64251,0,17855,0,29018,0,12331,9255
7680,9330,Heartbreak Shot,1578.0,0,0,58059,18696,4986,32412,23774,0,64251,0,17855,0,29018,0,12331,9255
9120,9878,Shot,14425.0,0,0,58059,18696,4986,32412,23774,0,64251,0,17855,0,43443,0,12331,9255
-1030,10500,Stormbite (dot),3085.0,0,0,58059,18696,4986,32412,23774,0,64251,0,17855,0,43443,0,12331,12340
1460,10500,Caustic Bite (dot),2493.0,0,0,58059,18696,7479,32412,23774,0,64251,0,17855,0,43443,0,12331,12340
10170,10700,Sidewinder,85584.0,0,0,58059,18696,7479,32412,23774,0,64251,0,17855,0,43443,85584,12331,12340
8930,10890,Radiant Encore,149770.0,0,0,58059,18696,7479,32412,23774,0,64251,149770,17855,0,43443,85584,12331,12340
12040,12840,Pitch Perfect,2064.0,0,0,58059,18696,7479,32412,23774,0,66315,149770,17855,0,43443,85584,12331,12340
11420,12890,Refulgent Arrow,59901.0,0,0,58059,18696,7479,32412,23774,0,66315,149770,77756,0,43443,85584,12331,12340
12160,12918,Shot,14425.0,0,0,58059,18696,7479,32412,23774,0,66315,149770,77756,0,57868,85584,12331,12340
11420,13010,Refulgent Arrow,59901.0,0,0,58059,18696,7479,32412,23774,0,66315,149770,137657,0,57868,85584,12331,12340
11420,13130,Refulgent Arrow,59901.0,0,0,58059,18696,7479,32412,23774,0,66315,149770,197558,0,57868,85584,12331,12340
-1030,13500,Stormbite (dot),3085.0,0,0,58059,18696,7479,32412,23774,0,66315,149770,197558,0,57868,85584,12331,15425
1460,13500,Caustic Bite (dot),2493.0,0,0,58059,18696,9972,32412,23774,0,66315,149770,197558,0,57868,85584,12331,15425
12040,13690,Heartbreak Shot,37474.0,0,0,58059,18696,9972,32412,61248,0,66315,149770,197558,0,57868,85584,12331,15425
12660,14310,Heartbreak Shot,37959.0,0,0,58059,18696,9972,32412,99207,0,66315,149770,197558,0,57868,85584,12331,15425
13910,15070,Resonant Arrow,136931.0,0,0,58059,18696,9972,32412,99207,0,66315,149770,197558,136931,57868,85584,12331,15425
15150,15950,Pitch Perfect,38233.0,0,0,58059,18696,9972,32412,99207,0,104548,149770,197558,136931,57868,85584,12331,15425
15200,15958,Shot,14425.0,0,0,58059,18696,9972,32412,99207,0,104548,149770,197558,136931,72293,85584,12331,15425
14530,16180,Heartbreak Shot,38506.0,0,0,58059,18696,9972,32412,137713,0,104548,149770,197558,136931,72293,85584,12331,15425
1460,16500,Caustic Bite (dot),2493.0,0,0,58059,18696,12465,32412,137713,0,104548,149770,197558,136931,72293,85584,12331,15425
-1030,16500,Stormbite (dot),3085.0,0,0,58059,18696,12465,32412,137713,0,104548,149770,197558,136931,72293,85584,12331,18510
16400,17870,Burst Shot,34737.0,0,0,92796,18696,12465,32412,137713,0,104548,149770,197558,136931,72293,85584,12331,18510
16400,17870,Refulgent Arrow,15688.0,0,0,92796,18696,12465,32412,137713,0,104548,149770,213246,136931,72293,85584,12331,18510
17020,18050,Empyreal Arrow,55625.0,0,0,92796,18696,12465,88037,137713,0,104548,149770,213246,136931,72293,85584,12331,18510
17670,18470,Pitch Perfect,29075.0,0,0,92796,18696,12465,88037,137713,0,133623,149770,213246,136931,72293,85584,12331,18510
18240,18998,Shot,14425.0,0,0,92796,18696,12465,88037,137713,0,133623,149770,213246,136931,86718,85584,12331,18510
-1030,19500,Stormbite (dot),3085.0,0,0,92796,18696,12465,88037,137713,0,133623,149770,213246,136931,86718,85584,12331,21595
1460,19500,Caustic Bite (dot),2493.0,0,0,92796,18696,14958,88037,137713,0,133623,149770,213246,136931,86718,85584,12331,21595
19510,20310,Pitch Perfect,6908.0,0,0,92796,18696,14958,88037,137713,0,140531,149770,213246,136931,86718,85584,12331,21595
18890,20360,Burst Shot,34732.0,0,0,127528,18696,14958,88037,137713,0,140531,149770,213246,136931,86718,85584,12331,21595
18890,20360,Refulgent Arrow,15694.0,0,0,127528,18696,14958,88037,137713,0,140531,149770,228940,136931,86718,85584,12331,21595
21280,22038,Shot,14425.0,0,0,127528,18696,14958,88037,137713,0,140531,149770,228940,136931,101143,85584,12331,21595
-1030,22500,Stormbite (dot),3085.0,0,0,127528,18696,14958,88037,137713,0,140531,149770,228940,136931,101143,85584,12331,24680
1460,22500,Caustic Bite (dot),2493.0,0,0,127528,18696,17451,88037,137713,0,140531,149770,228940,136931,101143,85584,12331,24680
22030,22830,Pitch Perfect,26980.0,0,0,127528,18696,17451,88037,137713,0,167511,149770,228940,136931,101143,85584,12331,24680
21380,22850,Burst Shot,34949.0,0,0,162477,18696,17451,88037,137713,0,167511,149770,228940,136931,101143,85584,12331,24680
21380,22850,Refulgent Arrow,15418.0,0,0,162477,18696,17451,88037,137713,0,167511,149770,244358,136931,101143,85584,12331,24680
23870,24540,Iron Jaws,21391.0,0,0,162477,18696,17451,88037,137713,21391,167511,149770,244358,136931,101143,85584,12331,24680
24320,25078,Shot,14425.0,0,0,162477,18696,17451,88037,137713,21391,167511,149770,244358,136931,115568,85584,12331,24680
24520,25320,Pitch Perfect,24023.0,0,0,162477,18696,17451,88037,137713,21391,191534,149770,244358,136931,115568,85584,12331,24680
23870,25500,Stormbite (dot),5351.0,0,0,162477,18696,17451,88037,137713,21391,191534,149770,244358,136931,115568,85584,12331,30031
23870,25500,Caustic Bite (dot),4281.0,0,0,162477,18696,21732,88037,137713,21391,191534,149770,244358,136931,115568,85584,12331,30031
26361,27831,Burst Shot,16420.0,0,0,178897,18696,21732,88037,137713,21391,191534,149770,244358,136931,115568,85584,12331,30031
26361,27831,Refulgent Arrow,22542.0,0,0,178897,18696,21732,88037,137713,21391,191534,149770,266900,136931,115568,85584,12331,30031
27360,28118,Shot,10462.0,0,0,178897,18696,21732,88037,137713,21391,191534,149770,266900,136931,126030,85584,12331,30031
27631,28431,Pitch Perfect,9573.0,0,0,178897,18696,21732,88037,137713,21391,201107,149770,266900,136931,126030,85584,12331,30031
23870,28500,Stormbite (dot),5351.0,0,0,178897,18696,21732,88037,137713,21391,201107,149770,266900,136931,126030,85584,12331,35382
23870,28500,Caustic Bite (dot),4281.0,0,0,178897,18696,26013,88037,137713,21391,201107,149770,266900,136931,126030,85584,12331,35382
28851,30321,Burst Shot,21838.0,0,0,200735,18696,26013,88037,137713,21391,201107,149770,266900,136931,126030,85584,12331,35382
28851,30321,Refulgent Arrow,9980.0,0,0,200735,18696,26013,88037,137713,21391,201107,149770,276880,136931,126030,85584,12331,35382
30121,30921,Pitch Perfect,12497.0,0,0,200735,18696,26013,88037,137713,21391,213604,149770,276880,136931,126030,85584,12331,35382
29471,31121,Heartbreak Shot,24284.0,0,0,200735,18696,26013,88037,161997,21391,213604,149770,276880,136931,126030,85584,12331,35382
30400,31158,Shot,9097.0,0,0,200735,18696,26013,88037,161997,21391,213604,149770,276880,136931,135127,85584,12331,35382
23870,31500,Stormbite (dot),5351.0,0,0,200735,18696,26013,88037,161997,21391,213604,149770,276880,136931,135127,85584,12331,40733
23870,31500,Caustic Bite (dot),4281.0,0,0,200735,18696,30294,88037,161997,21391,213604,149770,276880,136931,135127,85584,12331,40733
31341,32811,Burst Shot,22037.0,0,0,222772,18696,30294,88037,161997,21391,213604,149770,276880,136931,135127,85584,12331,40733
31341,32811,Refulgent Arrow,9727.0,0,0,222772,18696,30294,88037,161997,21391,213604,149770,286607,136931,135127,85584,12331,40733
32020,33050,Empyreal Arrow,35080.0,0,0,222772,18696,30294,123117,161997,21391,213604,149770,286607,136931,135127,85584,12331,40733
32670,33470,Pitch Perfect,18535.0,0,0,222772,18696,30294,123117,161997,21391,232139,149770,286607,136931,135127,85584,12331,40733
33440,34198,Shot,9097.0,0,0,222772,18696,30294,123117,161997,21391,232139,149770,286607,136931,144224,85584,12331,40733
23870,34500,Caustic Bite (dot),4281.0,0,0,222772,18696,34575,123117,161997,21391,232139,149770,286607,136931,144224,85584,12331,40733
23870,34500,Stormbite (dot),5351.0,0,0,222772,18696,34575,123117,161997,21391,232139,149770,286607,136931,144224,85584,12331,46084
34451,35251,Pitch Perfect,10770.0,0,0,222772,18696,34575,123117,161997,21391,242909,149770,286607,136931,144224,85584,12331,46084
33831,35301,Burst Shot,20411.0,0,0,243183,18696,34575,123117,161997,21391,242909,149770,286607,136931,144224,85584,12331,46084
33831,35301,Refulgent Arrow,8924.0,0,0,243183,18696,34575,123117,161997,21391,242909,149770,295531,136931,144224,85584,12331,46084
36480,37238,Shot,8405.0,0,0,243183,18696,34575,123117,161997,21391,242909,149770,295531,136931,152629,85584,12331,46084
23870,37500,Caustic Bite (dot),4281.0,0,0,243183,18696,38856,123117,161997,21391,242909,149770,295531,136931,152629,85584,12331,46084
23870,37500,Stormbite (dot),5351.0,0,0,243183,18696,38856,123117,161997,21391,242909,149770,295531,136931,152629,85584,12331,51435
36971,37771,Pitch Perfect,11385.0,0,0,243183,18696,38856,123117,161997,21391,254294,149770,295531,136931,152629,85584,12331,51435
36321,37791,Refulgent Arrow,8969.0,0,0,243183,18696,38856,123117,161997,21391,254294,149770,304500,136931,152629,85584,12331,51435
36321,37791,Burst Shot,20376.0,0,0,263559,18696,38856,123117,161997,21391,254294,149770,304500,136931,152629,85584,12331,51435
39461,40261,Pitch Perfect,12628.0,0,0,263559,18696,38856,123117,161997,21391,266922,149770,304500,136931,152629,85584,12331,51435
39520,40278,Shot,8405.0,0,0,263559,18696,38856,123117,161997,21391,266922,149770,304500,136931,161034,85584,12331,51435
38811,40281,Refulgent Arrow,8976.0,0,0,263559,18696,38856,123117,161997,21391,266922,149770,313476,136931,161034,85584,12331,51435
38811,40281,Burst Shot,20370.0,0,0,283929,18696,38856,123117,161997,21391,266922,149770,313476,136931,161034,85584,12331,51435
23870,40500,Caustic Bite (dot),4281.0,0,0,283929,18696,43137,123117,161997,21391,266922,149770,313476,136931,161034,85584,12331,51435
23870,40500,Stormbite (dot),5351.0,0,0,283929,18696,43137,123117,161997,21391,266922,149770,313476,136931,161034,85584,12331,56786
41921,42721,Pitch Perfect,9112.0,0,0,283929,18696,43137,123117,161997,21391,276034,149770,313476,136931,161034,85584,12331,56786
41921,42721,Pitch Perfect,4023.0,0,0,283929,18696,43137,123117,161997,21391,280057,149770,313476,136931,161034,85584,12331,56786
41301,42771,Burst Shot,20376.0,0,0,304305,18696,43137,123117,161997,21391,280057,149770,313476,136931,161034,85584,12331,56786
41301,42771,Refulgent Arrow,8969.0,0,0,304305,18696,43137,123117,161997,21391,280057,149770,322445,136931,161034,85584,12331,56786
42560,43318,Shot,8399.0,0,0,304305,18696,43137,123117,161997,21391,280057,149770,322445,136931,169433,85584,12331,56786
23870,43500,Caustic Bite (dot),4281.0,0,0,304305,18696,47418,123117,161997,21391,280057,149770,322445,136931,169433,85584,12331,56786
23870,43500,Stormbite (dot),5351.0,0,0,304305,18696,47418,123117,161997,21391,280057,149770,322445,136931,169433,85584,12331,62137
43791,45261,Burst Shot,20197.0,0,0,324502,18696,47418,123117,161997,21391,280057,149770,322445,136931,169433,85584,12331,62137
43791,45261,Refulgent Arrow,9173.0,0,0,324502,18696,47418,123117,161997,21391,280057,149770,331618,136931,169433,85584,12331,62137
44411,46061,Heartbreak Shot,22418.0,0,0,324502,18696,47418,123117,184415,21391,280057,149770,331618,136931,169433,85584,12331,62137
45600,46358,Shot,8399.0,0,0,324502,18696,47418,123117,184415,21391,280057,149770,331618,136931,177832,85584,12331,62137
23870,46500,Stormbite (dot),5351.0,0,0,324502,18696,47418,123117,184415,21391,280057,149770,331618,136931,177832,85584,12331,67488
23870,46500,Caustic Bite (dot),4281.0,0,0,324502,18696,51699,123117,184415,21391,280057,149770,331618,136931,177832,85584,12331,67488
46281,47751,Burst Shot,20269.0,0,0,344771,18696,51699,123117,184415,21391,280057,149770,331618,136931,177832,85584,12331,67488
46281,47751,Refulgent Arrow,9082.0,0,0,344771,18696,51699,123117,184415,21391,280057,149770,340700,136931,177832,85584,12331,67488
47020,48050,Empyreal Arrow,32390.0,0,0,344771,18696,51699,155507,184415,21391,280057,149770,340700,136931,177832,85584,12331,67488
47640,49290,Heartbreak Shot,17916.0,0,0,344771,18696,51699,155507,202331,21391,280057,149770,340700,136931,177832,85584,12331,67488
48640,49398,Shot,8399.0,0,0,344771,18696,51699,155507,202331,21391,280057,149770,340700,136931,186231,85584,12331,67488
23870,49500,Stormbite (dot),5351.0,0,0,344771,18696,51699,155507,202331,21391,280057,149770,340700,136931,186231,85584,12331,72839
23870,49500,Caustic Bite (dot),4281.0,0,0,344771,18696,55980,155507,202331,21391,280057,149770,340700,136931,186231,85584,12331,72839
48771,50241,Burst Shot,20230.0,0,0,365001,18696,55980,155507,202331,21391,280057,149770,340700,136931,186231,85584,12331,72839
48771,50241,Refulgent Arrow,9131.0,0,0,365001,18696,55980,155507,202331,21391,280057,149770,349831,136931,186231,85584,12331,72839
49421,51071,Heartbreak Shot,3598.0,0,0,365001,18696,55980,155507,205929,21391,280057,149770,349831,136931,186231,85584,12331,72839
51261,52331,Apex Arrow,3552.0,3552,0,365001,18696,55980,155507,205929,21391,280057,149770,349831,136931,186231,85584,12331,72839
51261,52331,Apex Arrow,13904.0,17456,0,365001,18696,55980,155507,205929,21391,280057,149770,349831,136931,186231,85584,12331,72839
51261,52331,Apex Arrow,2459.0,19915,0,365001,18696,55980,155507,205929,21391,280057,149770,349831,136931,186231,85584,12331,72839
51261,52331,Apex Arrow,8997.0,28912,0,365001,18696,55980,155507,205929,21391,280057,149770,349831,136931,186231,85584,12331,72839
51261,52331,Apex Arrow,16223.0,45135,0,365001,18696,55980,155507,205929,21391,280057,149770,349831,136931,186231,85584,12331,72839
51261,52331,Apex Arrow,7528.0,52663,0,365001,18696,55980,155507,205929,21391,280057,149770,349831,136931,186231,85584,12331,72839
51261,52331,Apex Arrow,303.0,52966,0,365001,18696,55980,155507,205929,21391,280057,149770,349831,136931,186231,85584,12331,72839
51261,52331,Apex Arrow,62.0,53028,0,365001,18696,55980,155507,205929,21391,280057,149770,349831,136931,186231,85584,12331,72839
51261,52331,Apex Arrow,4.0,53032,0,365001,18696,55980,155507,205929,21391,280057,149770,349831,136931,186231,85584,12331,72839
51261,52331,Apex Arrow,18894.0,71926,0,365001,18696,55980,155507,205929,21391,280057,149770,349831,136931,186231,85584,12331,72839
51261,52331,Apex Arrow,1235.0,73161,0,365001,18696,55980,155507,205929,21391,280057,149770,349831,136931,186231,85584,12331,72839
51680,52438,Shot,8399.0,73161,0,365001,18696,55980,155507,205929,21391,280057,149770,349831,136931,194630,85584,12331,72839
23870,52500,Stormbite (dot),5351.0,73161,0,365001,18696,55980,155507,205929,21391,280057,149770,349831,136931,194630,85584,12331,78190
23870,52500,Caustic Bite (dot),4281.0,73161,0,365001,18696,60261,155507,205929,21391,280057,149770,349831,136931,194630,85584,12331,78190
51881,53531,Heartbreak Shot,20983.0,73161,0,365001,18696,60261,155507,226912,21391,280057,149770,349831,136931,194630,85584,12331,78190
53751,55221,Burst Shot,4069.0,73161,0,369070,18696,60261,155507,226912,21391,280057,149770,349831,136931,194630,85584,12331,78190
53751,55221,Refulgent Arrow,1876.0,73161,0,369070,18696,60261,155507,226912,21391,280057,149770,351707,136931,194630,85584,12331,78190
53751,55401,Blast Arrow,69567.0,73161,69567,369070,18696,60261,155507,226912,21391,280057,149770,351707,136931,194630,85584,12331,78190
54720,55478,Shot,8399.0,73161,69567,369070,18696,60261,155507,226912,21391,280057,149770,351707,136931,203029,85584,12331,78190
23870,55500,Stormbite (dot),5351.0,73161,69567,369070,18696,60261,155507,226912,21391,280057,149770,351707,136931,203029,85584,12331,83541
23870,55500,Caustic Bite (dot),4281.0,73161,69567,369070,18696,64542,155507,226912,21391,280057,149770,351707,136931,203029,85584,12331,83541
55051,56701,Heartbreak Shot,10897.0,73161,69567,369070,18696,64542,155507,237809,21391,280057,149770,351707,136931,203029,85584,12331,83541
56241,57711,Burst Shot,20362.0,73161,69567,389432,18696,64542,155507,237809,21391,280057,149770,351707,136931,203029,85584,12331,83541
56241,57711,Refulgent Arrow,8963.0,73161,69567,389432,18696,64542,155507,237809,21391,280057,149770,360670,136931,203029,85584,12331,83541
23870,58500,Stormbite (dot),5351.0,73161,69567,389432,18696,64542,155507,237809,21391,280057,149770,360670,136931,203029,85584,12331,88892
23870,58500,Caustic Bite (dot),4281.0,73161,69567,389432,18696,68823,155507,237809,21391,280057,149770,360670,136931,203029,85584,12331,88892
57760,58518,Shot,8399.0,73161,69567,389432,18696,68823,155507,237809,21391,280057,149770,360670,136931,211428,85584,12331,88892
58731,60201,Burst Shot,20488.0,73161,69567,409920,18696,68823,155507,237809,21391,280057,149770,360670,136931,211428,85584,12331,88892
58731,60201,Refulgent Arrow,8803.0,73161,69567,409920,18696,68823,155507,237809,21391,280057,149770,369473,136931,211428,85584,12331,88892
59351,61001,Heartbreak Shot,19853.0,73161,69567,409920,18696,68823,155507,257662,21391,280057,149770,369473,136931,211428,85584,12331,88892
23870,61500,Stormbite (dot),5351.0,73161,69567,409920,18696,68823,155507,257662,21391,280057,149770,369473,136931,211428,85584,12331,94243
23870,61500,Caustic Bite (dot),4281.0,73161,69567,409920,18696,73104,155507,257662,21391,280057,149770,369473,136931,211428,85584,12331,94243
60800,61558,Shot,8399.0,73161,69567,409920,18696,73104,155507,257662,21391,280057,149770,369473,136931,219827,85584,12331,94243
61221,62691,Refulgent Arrow,9002.0,73161,69567,409920,18696,73104,155507,257662,21391,280057,149770,378475,136931,219827,85584,12331,94243
61221,62691,Burst Shot,20332.0,73161,69567,430252,18696,73104,155507,257662,21391,280057,149770,378475,136931,219827,85584,12331,94243
62020,63050,Empyreal Arrow,32390.0,73161,69567,430252,18696,73104,187897,257662,21391,280057,149770,378475,136931,219827,85584,12331,94243
62640,64290,Heartbreak Shot,19925.0,73161,69567,430252,18696,73104,187897,277587,21391,280057,149770,378475,136931,219827,85584,12331,94243
23870,64500,Caustic Bite (dot),4281.0,73161,69567,430252,18696,77385,187897,277587,21391,280057,149770,378475,136931,219827,85584,12331,94243
23870,64500,Stormbite (dot),5351.0,73161,69567,430252,18696,77385,187897,277587,21391,280057,149770,378475,136931,219827,85584,12331,99594
63840,64598,Shot,8399.0,73161,69567,430252,18696,77385,187897,277587,21391,280057,149770,378475,136931,228226,85584,12331,99594
63711,65181,Refulgent Arrow,8956.0,73161,69567,430252,18696,77385,187897,277587,21391,280057,149770,387431,136931,228226,85584,12331,99594
63711,65181,Burst Shot,20367.0,73161,69567,450619,18696,77385,187897,277587,21391,280057,149770,387431,136931,228226,85584,12331,99594
64331,65981,Heartbreak Shot,8563.0,73161,69567,450619,18696,77385,187897,286150,21391,280057,149770,387431,136931,228226,85584,12331,99594
23870,67500,Stormbite (dot),5351.0,73161,69567,450619,18696,77385,187897,286150,21391,280057,149770,387431,136931,228226,85584,12331,104945
23870,67500,Caustic Bite (dot),4281.0,73161,69567,450619,18696,81666,187897,286150,21391,280057,149770,387431,136931,228226,85584,12331,104945
66880,67638,Shot,8399.0,73161,69567,450619,18696,81666,187897,286150,21391,280057,149770,387431,136931,236625,85584,12331,104945
66201,67671,Refulgent Arrow,8817.0,73161,69567,450619,18696,81666,187897,286150,21391,280057,149770,396248,136931,236625,85584,12331,104945
66201,67671,Burst Shot,20477.0,73161,69567,471096,18696,81666,187897,286150,21391,280057,149770,396248,136931,236625,85584,12331,104945
66821,68471,Heartbreak Shot,20221.0,73161,69567,471096,18696,81666,187897,306371,21391,280057,149770,396248,136931,236625,85584,12331,104945
68691,69361,Iron Jaws,12454.0,73161,69567,471096,18696,81666,187897,306371,33845,280057,149770,396248,136931,236625,85584,12331,104945
68691,70500,Caustic Bite (dot),2491.0,73161,69567,471096,18696,84157,187897,306371,33845,280057,149770,396248,136931,236625,85584,12331,104945
68691,70500,Stormbite (dot),3115.0,73161,69567,471096,18696,84157,187897,306371,33845,280057,149770,396248,136931,236625,85584,12331,108060
69920,70678,Shot,8399.0,73161,69567,471096,18696,84157,187897,306371,33845,280057,149770,396248,136931,245024,85584,12331,108060
70170,70700,Sidewinder,49833.0,73161,69567,471096,18696,84157,187897,306371,33845,280057,149770,396248,136931,245024,135417,12331,108060
71181,72651,Refulgent Arrow,18412.0,73161,69567,471096,18696,84157,187897,306371,33845,280057,149770,414660,136931,245024,135417,12331,108060
71181,72651,Burst Shot,12938.0,73161,69567,484034,18696,84157,187897,306371,33845,280057,149770,414660,136931,245024,135417,12331,108060
71831,73481,Heartbreak Shot,9198.0,73161,69567,484034,18696,84157,187897,315569,33845,280057,149770,414660,136931,245024,135417,12331,108060
68691,73500,Caustic Bite (dot),2491.0,73161,69567,484034,18696,86648,187897,315569,33845,280057,149770,414660,136931,245024,135417,12331,108060
68691,73500,Stormbite (dot),3115.0,73161,69567,484034,18696,86648,187897,315569,33845,280057,149770,414660,136931,245024,135417,12331,111175
72960,73718,Shot,8399.0,73161,69567,484034,18696,86648,187897,315569,33845,280057,149770,414660,136931,253423,135417,12331,111175
73671,75141,Refulgent Arrow,8960.0,73161,69567,484034,18696,86648,187897,315569,33845,280057,149770,423620,136931,253423,135417,12331,111175
73671,75141,Burst Shot,20364.0,73161,69567,504398,18696,86648,187897,315569,33845,280057,149770,423620,136931,253423,135417,12331,111175
74321,75971,Heartbreak Shot,20145.0,73161,69567,504398,18696,86648,187897,335714,33845,280057,149770,423620,136931,253423,135417,12331,111175
68691,76500,Caustic Bite (dot),2491.0,73161,69567,504398,18696,89139,187897,335714,33845,280057,149770,423620,136931,253423,135417,12331,111175
68691,76500,Stormbite (dot),3115.0,73161,69567,504398,18696,89139,187897,335714,33845,280057,149770,423620,136931,253423,135417,12331,114290
76000,76758,Shot,8399.0,73161,69567,504398,18696,89139,187897,335714,33845,280057,149770,423620,136931,261822,135417,12331,114290
76162,77632,Burst Shot,20414.0,73161,69567,524812,18696,89139,187897,335714,33845,280057,149770,423620,136931,261822,135417,12331,114290
76162,77632,Refulgent Arrow,8897.0,73161,69567,524812,18696,89139,187897,335714,33845,280057,149770,432517,136931,261822,135417,12331,114290
77020,78050,Empyreal Arrow,32390.0,73161,69567,524812,18696,89139,220287,335714,33845,280057,149770,432517,136931,261822,135417,12331,114290
77640,79290,Heartbreak Shot,20154.0,73161,69567,524812,18696,89139,220287,355868,33845,280057,149770,432517,136931,261822,135417,12331,114290
68691,79500,Caustic Bite (dot),2491.0,73161,69567,524812,18696,91630,220287,355868,33845,280057,149770,432517,136931,261822,135417,12331,114290
68691,79500,Stormbite (dot),3115.0,73161,69567,524812,18696,91630,220287,355868,33845,280057,149770,432517,136931,261822,135417,12331,117405
79040,79798,Shot,8399.0,73161,69567,524812,18696,91630,220287,355868,33845,280057,149770,432517,136931,270221,135417,12331,117405
78652,80122,Refulgent Arrow,9033.0,73161,69567,524812,18696,91630,220287,355868,33845,280057,149770,441550,136931,270221,135417,12331,117405
78652,80122,Burst Shot,20307.0,73161,69567,545119,18696,91630,220287,355868,33845,280057,149770,441550,136931,270221,135417,12331,117405
79272,80922,Heartbreak Shot,8853.0,73161,69567,545119,18696,91630,220287,364721,33845,280057,149770,441550,136931,270221,135417,12331,117405
68691,82500,Stormbite (dot),3115.0,73161,69567,545119,18696,91630,220287,364721,33845,280057,149770,441550,136931,270221,135417,12331,120520
68691,82500,Caustic Bite (dot),2491.0,73161,69567,545119,18696,94121,220287,364721,33845,280057,149770,441550,136931,270221,135417,12331,120520
81142,82612,Burst Shot,20258.0,73161,69567,565377,18696,94121,220287,364721,33845,280057,149770,441550,136931,270221,135417,12331,120520
81142,82612,Refulgent Arrow,9096.0,73161,69567,565377,18696,94121,220287,364721,33845,280057,149770,450646,136931,270221,135417,12331,120520
82080,82838,Shot,8374.0,73161,69567,565377,18696,94121,220287,364721,33845,280057,149770,450646,136931,278595,135417,12331,120520
82382,84032,Heartbreak Shot,20212.0,73161,69567,565377,18696,94121,220287,384933,33845,280057,149770,450646,136931,278595,135417,12331,120520
83632,85102,Refulgent Arrow,8923.0,73161,69567,565377,18696,94121,220287,384933,33845,280057,149770,459569,136931,278595,135417,12331,120520
83632,85102,Burst Shot,20312.0,73161,69567,585689,18696,94121,220287,384933,33845,280057,149770,459569,136931,278595,135417,12331,120520
68691,85500,Stormbite (dot),3115.0,73161,69567,585689,18696,94121,220287,384933,33845,280057,149770,459569,136931,278595,135417,12331,123635
68691,85500,Caustic Bite (dot),2491.0,73161,69567,585689,18696,96612,220287,384933,33845,280057,149770,459569,136931,278595,135417,12331,123635
85120,85878,Shot,8374.0,73161,69567,585689,18696,96612,220287,384933,33845,280057,149770,459569,136931,286969,135417,12331,123635
86122,87592,Refulgent Arrow,8891.0,73161,69567,585689,18696,96612,220287,384933,33845,280057,149770,468460,136931,286969,135417,12331,123635
86122,87592,Burst Shot,20336.0,73161,69567,606025,18696,96612,220287,384933,33845,280057,149770,468460,136931,286969,135417,12331,123635
68691,88500,Stormbite (dot),3115.0,73161,69567,606025,18696,96612,220287,384933,33845,280057,149770,468460,136931,286969,135417,12331,126750
68691,88500,Caustic Bite (dot),2491.0,73161,69567,606025,18696,99103,220287,384933,33845,280057,149770,468460,136931,286969,135417,12331,126750
88160,88918,Shot,8374.0,73161,69567,606025,18696,99103,220287,384933,33845,280057,149770,468460,136931,295343,135417,12331,126750
88512,89982,Burst Shot,20085.0,73161,69567,626110,18696,99103,220287,384933,33845,280057,149770,468460,136931,295343,135417,12331,126750
88512,89982,Refulgent Arrow,9211.0,73161,69567,626110,18696,99103,220287,384933,33845,280057,149770,477671,136931,295343,135417,12331,126750
89162,90812,Heartbreak Shot,11146.0,73161,69567,626110,18696,99103,220287,396079,33845,280057,149770,477671,136931,295343,135417,12331,126750
68691,91500,Stormbite (dot),3115.0,73161,69567,626110,18696,99103,220287,396079,33845,280057,149770,477671,136931,295343,135417,12331,129865
68691,91500,Caustic Bite (dot),2491.0,73161,69567,626110,18696,101594,220287,396079,33845,280057,149770,477671,136931,295343,135417,12331,129865
91200,91958,Shot,8374.0,73161,69567,626110,18696,101594,220287,396079,33845,280057,149770,477671,136931,303717,135417,12331,129865
90802,92272,Refulgent Arrow,9110.0,73161,69567,626110,18696,101594,220287,396079,33845,280057,149770,486781,136931,303717,135417,12331,129865
90802,92272,Burst Shot,20164.0,73161,69567,646274,18696,101594,220287,396079,33845,280057,149770,486781,136931,303717,135417,12331,129865
92020,93050,Empyreal Arrow,32293.0,73161,69567,646274,18696,101594,252580,396079,33845,280057,149770,486781,136931,303717,135417,12331,129865
92992,94462,Refulgent Arrow,9034.0,73161,69567,646274,18696,101594,252580,396079,33845,280057,149770,495815,136931,303717,135417,12331,129865
92992,94462,Burst Shot,20224.0,73161,69567,666498,18696,101594,252580,396079,33845,280057,149770,495815,136931,303717,135417,12331,129865
68691,94500,Stormbite (dot),3115.0,73161,69567,666498,18696,101594,252580,396079,33845,280057,149770,495815,136931,303717,135417,12331,132980
68691,94500,Caustic Bite (dot),2491.0,73161,69567,666498,18696,104085,252580,396079,33845,280057,149770,495815,136931,303717,135417,12331,132980
94240,94998,Shot,8374.0,73161,69567,666498,18696,104085,252580,396079,33845,280057,149770,495815,136931,312091,135417,12331,132980
95082,96552,Burst Shot,20309.0,73161,69567,686807,18696,104085,252580,396079,33845,280057,149770,495815,136931,312091,135417,12331,132980
95082,96552,Refulgent Arrow,8926.0,73161,69567,686807,18696,104085,252580,396079,33845,280057,149770,504741,136931,312091,135417,12331,132980
68691,97500,Caustic Bite (dot),2491.0,73161,69567,686807,18696,106576,252580,396079,33845,280057,149770,504741,136931,312091,135417,12331,132980
68691,97500,Stormbite (dot),3115.0,73161,69567,686807,18696,106576,252580,396079,33845,280057,149770,504741,136931,312091,135417,12331,136095
96382,98032,Heartbreak Shot,11204.0,73161,69567,686807,18696,106576,252580,407283,33845,280057,149770,504741,136931,312091,135417,12331,136095
97280,98038,Shot,8374.0,73161,69567,686807,18696,106576,252580,407283,33845,280057,149770,504741,136931,320465,135417,12331,136095
97172,98642,Refulgent Arrow,9114.0,73161,69567,686807,18696,106576,252580,407283,33845,280057,149770,513855,136931,320465,135417,12331,136095
97172,98642,Burst Shot,20162.0,73161,69567,706969,18696,106576,252580,407283,33845,280057,149770,513855,136931,320465,135417,12331,136095
68691,100500,Stormbite (dot),3115.0,73161,69567,706969,18696,106576,252580,407283,33845,280057,149770,513855,136931,320465,135417,12331,139210
68691,100500,Caustic Bite (dot),2491.0,73161,69567,706969,18696,109067,252580,407283,33845,280057,149770,513855,136931,320465,135417,12331,139210
99262,100732,Refulgent Arrow,9086.0,73161,69567,706969,18696,109067,252580,407283,33845,280057,149770,522941,136931,320465,135417,12331,139210
99262,100732,Burst Shot,20183.0,73161,69567,727152,18696,109067,252580,407283,33845,280057,149770,522941,136931,320465,135417,12331,139210
100320,101078,Shot,8374.0,73161,69567,727152,18696,109067,252580,407283,33845,280057,149770,522941,136931,328839,135417,12331,139210
101352,102822,Burst Shot,20334.0,73161,69567,747486,18696,109067,252580,407283,33845,280057,149770,522941,136931,328839,135417,12331,139210
101352,102822,Refulgent Arrow,8895.0,73161,69567,747486,18696,109067,252580,407283,33845,280057,149770,531836,136931,328839,135417,12331,139210
68691,103500,Stormbite (dot),3115.0,73161,69567,747486,18696,109067,252580,407283,33845,280057,149770,531836,136931,328839,135417,12331,142325
68691,103500,Caustic Bite (dot),2491.0,73161,69567,747486,18696,111558,252580,407283,33845,280057,149770,531836,136931,328839,135417,12331,142325
103360,104118,Shot,8374.0,73161,69567,747486,18696,111558,252580,407283,33845,280057,149770,531836,136931,337213,135417,12331,142325
103442,104912,Burst Shot,20200.0,73161,69567,767686,18696,111558,252580,407283,33845,280057,149770,531836,136931,337213,135417,12331,142325
103442,104912,Refulgent Arrow,9065.0,73161,69567,767686,18696,111558,252580,407283,33845,280057,149770,540901,136931,337213,135417,12331,142325
105532,106202,Iron Jaws,12417.0,73161,69567,767686,18696,111558,252580,407283,46262,280057,149770,540901,136931,337213,135417,12331,142325
105532,106500,Stormbite (dot),3106.0,73161,69567,767686,18696,111558,252580,407283,46262,280057,149770,540901,136931,337213,135417,12331,145431
105532,106500,Caustic Bite (dot),2484.0,73161,69567,767686,18696,114042,252580,407283,46262,280057,149770,540901,136931,337213,135417,12331,145431
106400,107158,Shot,8374.0,73161,69567,767686,18696,114042,252580,407283,46262,280057,149770,540901,136931,345587,135417,12331,145431
107622,109092,Burst Shot,13131.0,73161,69567,780817,18696,114042,252580,407283,46262,280057,149770,540901,136931,345587,135417,12331,145431
107622,109092,Refulgent Arrow,18062.0,73161,69567,780817,18696,114042,252580,407283,46262,280057,149770,558963,136931,345587,135417,12331,145431
108242,109272,Empyreal Arrow,32293.0,73161,69567,780817,18696,114042,284873,407283,46262,280057,149770,558963,136931,345587,135417,12331,145431
105532,109500,Caustic Bite (dot),2484.0,73161,69567,780817,18696,116526,284873,407283,46262,280057,149770,558963,136931,345587,135417,12331,145431
105532,109500,Stormbite (dot),3106.0,73161,69567,780817,18696,116526,284873,407283,46262,280057,149770,558963,136931,345587,135417,12331,148537
109440,110198,Shot,8374.0,73161,69567,780817,18696,116526,284873,407283,46262,280057,149770,558963,136931,353961,135417,12331,148537
109712,111182,Burst Shot,20060.0,73161,69567,800877,18696,116526,284873,407283,46262,280057,149770,558963,136931,353961,135417,12331,148537
109712,111182,Refulgent Arrow,9243.0,73161,69567,800877,18696,116526,284873,407283,46262,280057,149770,568206,136931,353961,135417,12331,148537
105532,112500,Stormbite (dot),3106.0,73161,69567,800877,18696,116526,284873,407283,46262,280057,149770,568206,136931,353961,135417,12331,151643
105532,112500,Caustic Bite (dot),2484.0,73161,69567,800877,18696,119010,284873,407283,46262,280057,149770,568206,136931,353961,135417,12331,151643
112480,113238,Shot,8374.0,73161,69567,800877,18696,119010,284873,407283,46262,280057,149770,568206,136931,362335,135417,12331,151643
111802,113272,Refulgent Arrow,8881.0,73161,69567,800877,18696,119010,284873,407283,46262,280057,149770,577087,136931,362335,135417,12331,151643
111802,113272,Burst Shot,20345.0,73161,69567,821222,18696,119010,284873,407283,46262,280057,149770,577087,136931,362335,135417,12331,151643
113892,115362,Burst Shot,20216.0,73161,69567,841438,18696,119010,284873,407283,46262,280057,149770,577087,136931,362335,135417,12331,151643
113892,115362,Refulgent Arrow,9044.0,73161,69567,841438,18696,119010,284873,407283,46262,280057,149770,586131,136931,362335,135417,12331,151643
105532,115500,Caustic Bite (dot),2484.0,73161,69567,841438,18696,121494,284873,407283,46262,280057,149770,586131,136931,362335,135417,12331,151643
105532,115500,Stormbite (dot),3106.0,73161,69567,841438,18696,121494,284873,407283,46262,280057,149770,586131,136931,362335,135417,12331,154749
115520,116278,Shot,8374.0,73161,69567,841438,18696,121494,284873,407283,46262,280057,149770,586131,136931,370709,135417,12331,154749
115982,117452,Refulgent Arrow,8937.0,73161,69567,841438,18696,121494,284873,407283,46262,280057,149770,595068,136931,370709,135417,12331,154749
115982,117452,Burst Shot,20301.0,73161,69567,861739,18696,121494,284873,407283,46262,280057,149770,595068,136931,370709,135417,12331,154749
105532,118500,Caustic Bite (dot),2484.0,73161,69567,861739,18696,123978,284873,407283,46262,280057,149770,595068,136931,370709,135417,12331,154749
105532,118500,Stormbite (dot),3106.0,73161,69567,861739,18696,123978,284873,407283,46262,280057,149770,595068,136931,370709,135417,12331,157855
118560,119318,Shot,8374.0,73161,69567,861739,18696,123978,284873,407283,46262,280057,149770,595068,136931,379083,135417,12331,157855
118072,119542,Refulgent Arrow,8874.0,73161,69567,861739,18696,123978,284873,407283,46262,280057,149770,603942,136931,379083,135417,12331,157855
118072,119542,Burst Shot,20350.0,73161,69567,882089,18696,123978,284873,407283,46262,280057,149770,603942,136931,379083,135417,12331,157855
105532,121500,Caustic Bite (dot),2484.0,73161,69567,882089,18696,126462,284873,407283,46262,280057,149770,603942,136931,379083,135417,12331,157855
105532,121500,Stormbite (dot),3106.0,73161,69567,882089,18696,126462,284873,407283,46262,280057,149770,603942,136931,379083,135417,12331,160961
120162,121632,Refulgent Arrow,8964.0,73161,69567,882089,18696,126462,284873,407283,46262,280057,149770,612906,136931,379083,135417,12331,160961
120162,121632,Burst Shot,20279.0,73161,69567,902368,18696,126462,284873,407283,46262,280057,149770,612906,136931,379083,135417,12331,160961
121600,122358,Shot,8405.0,73161,69567,902368,18696,126462,284873,407283,46262,280057,149770,612906,136931,387488,135417,12331,160961
122252,123722,Burst Shot,20285.0,73161,69567,922653,18696,126462,284873,407283,46262,280057,149770,612906,136931,387488,135417,12331,160961
122252,123722,Refulgent Arrow,9085.0,73161,69567,922653,18696,126462,284873,407283,46262,280057,149770,621991,136931,387488,135417,12331,160961
123242,124272,Empyreal Arrow,32412.0,73161,69567,922653,18696,126462,317285,407283,46262,280057,149770,621991,136931,387488,135417,12331,160961
105532,124500,Caustic Bite (dot),2484.0,73161,69567,922653,18696,128946,317285,407283,46262,280057,149770,621991,136931,387488,135417,12331,160961
105532,124500,Stormbite (dot),3106.0,73161,69567,922653,18696,128946,317285,407283,46262,280057,149770,621991,136931,387488,135417,12331,164067
124640,125398,Shot,8405.0,73161,69567,922653,18696,128946,317285,407283,46262,280057,149770,621991,136931,395893,135417,12331,164067
124442,125912,Burst Shot,20450.0,73161,69567,943103,18696,128946,317285,407283,46262,280057,149770,621991,136931,395893,135417,12331,164067
124442,125912,Refulgent Arrow,8875.0,73161,69567,943103,18696,128946,317285,407283,46262,280057,149770,630866,136931,395893,135417,12331,164067
105532,127500,Caustic Bite (dot),2484.0,73161,69567,943103,18696,131430,317285,407283,46262,280057,149770,630866,136931,395893,135417,12331,164067
105532,127500,Stormbite (dot),3106.0,73161,69567,943103,18696,131430,317285,407283,46262,280057,149770,630866,136931,395893,135417,12331,167173
126632,128102,Refulgent Arrow,13168.0,73161,69567,943103,18696,131430,317285,407283,46262,280057,149770,644034,136931,395893,135417,12331,167173
126632,128102,Burst Shot,28949.0,73161,69567,972052,18696,131430,317285,407283,46262,280057,149770,644034,136931,395893,135417,12331,167173
127680,128438,Shot,12043.0,73161,69567,972052,18696,131430,317285,407283,46262,280057,149770,644034,136931,407936,135417,12331,167173
127872,128672,Pitch Perfect,47794.0,73161,69567,972052,18696,131430,317285,407283,46262,327851,149770,644034,136931,407936,135417,12331,167173
127872,129522,Heartbreak Shot,13075.0,73161,69567,972052,18696,131430,317285,420358,46262,327851,149770,644034,136931,407936,135417,12331,167173
128822,129892,Apex Arrow,177.0,73338,69567,972052,18696,131430,317285,420358,46262,327851,149770,644034,136931,407936,135417,12331,167173
128822,129892,Apex Arrow,24.0,73362,69567,972052,18696,131430,317285,420358,46262,327851,149770,644034,136931,407936,135417,12331,167173
128822,129892,Apex Arrow,143532.0,216894,69567,972052,18696,131430,317285,420358,46262,327851,149770,644034,136931,407936,135417,12331,167173
128822,129892,Apex Arrow,51.0,216945,69567,972052,18696,131430,317285,420358,46262,327851,149770,644034,136931,407936,135417,12331,167173
105532,130500,Caustic Bite (dot),2484.0,216945,69567,972052,18696,133914,317285,420358,46262,327851,149770,644034,136931,407936,135417,12331,167173
105532,130500,Stormbite (dot),3106.0,216945,69567,972052,18696,133914,317285,420358,46262,327851,149770,644034,136931,407936,135417,12331,170279
130062,130862,Pitch Perfect,18768.0,216945,69567,972052,18696,133914,317285,420358,46262,346619,149770,644034,136931,407936,135417,12331,170279
129442,131092,Heartbreak Shot,36967.0,216945,69567,972052,18696,133914,317285,457325,46262,346619,149770,644034,136931,407936,135417,12331,170279
130720,131478,Shot,13849.0,216945,69567,972052,18696,133914,317285,457325,46262,346619,149770,644034,136931,421785,135417,12331,170279
130062,131712,Heartbreak Shot,23891.0,216945,69567,972052,18696,133914,317285,481216,46262,346619,149770,644034,136931,421785,135417,12331,170279
131632,132162,Sidewinder,82172.0,216945,69567,972052,18696,133914,317285,481216,46262,346619,149770,644034,136931,421785,217589,12331,170279
131012,132662,Blast Arrow,143806.0,216945,213373,972052,18696,133914,317285,481216,46262,346619,149770,644034,136931,421785,217589,12331,170279
105532,133500,Stormbite (dot),3106.0,216945,213373,972052,18696,133914,317285,481216,46262,346619,149770,644034,136931,421785,217589,12331,173385
105532,133500,Caustic Bite (dot),2484.0,216945,213373,972052,18696,136398,317285,481216,46262,346619,149770,644034,136931,421785,217589,12331,173385
133760,134518,Shot,13849.0,216945,213373,972052,18696,136398,317285,481216,46262,346619,149770,644034,136931,435634,217589,12331,173385
134122,134922,Pitch Perfect,5457.0,216945,213373,972052,18696,136398,317285,481216,46262,352076,149770,644034,136931,435634,217589,12331,173385
133502,135462,Radiant Encore,225982.0,216945,213373,972052,18696,136398,317285,481216,46262,352076,375752,644034,136931,435634,217589,12331,173385
134122,135772,Heartbreak Shot,17038.0,216945,213373,972052,18696,136398,317285,498254,46262,352076,375752,644034,136931,435634,217589,12331,173385
134772,136422,Heartbreak Shot,1397.0,216945,213373,972052,18696,136398,317285,499651,46262,352076,375752,644034,136931,435634,217589,12331,173385
105532,136500,Caustic Bite (dot),2484.0,216945,213373,972052,18696,138882,317285,499651,46262,352076,375752,644034,136931,435634,217589,12331,173385
105532,136500,Stormbite (dot),3106.0,216945,213373,972052,18696,138882,317285,499651,46262,352076,375752,644034,136931,435634,217589,12331,176491
136642,137442,Pitch Perfect,25594.0,216945,213373,972052,18696,138882,317285,499651,46262,377670,375752,644034,136931,435634,217589,12331,176491
135992,137462,Refulgent Arrow,57513.0,216945,213373,972052,18696,138882,317285,499651,46262,377670,375752,701547,136931,435634,217589,12331,176491
136800,137558,Shot,13849.0,216945,213373,972052,18696,138882,317285,499651,46262,377670,375752,701547,136931,449483,217589,12331,176491
135992,137582,Refulgent Arrow,57513.0,216945,213373,972052,18696,138882,317285,499651,46262,377670,375752,759060,136931,449483,217589,12331,176491
135992,137702,Refulgent Arrow,57513.0,216945,213373,972052,18696,138882,317285,499651,46262,377670,375752,816573,136931,449483,217589,12331,176491
138242,139272,Empyreal Arrow,53410.0,216945,213373,972052,18696,138882,370695,499651,46262,377670,375752,816573,136931,449483,217589,12331,176491
105532,139500,Caustic Bite (dot),2484.0,216945,213373,972052,18696,141366,370695,499651,46262,377670,375752,816573,136931,449483,217589,12331,176491
105532,139500,Stormbite (dot),3106.0,216945,213373,972052,18696,141366,370695,499651,46262,377670,375752,816573,136931,449483,217589,12331,179597
138862,140022,Resonant Arrow,131472.0,216945,213373,972052,18696,141366,370695,499651,46262,377670,375752,816573,268403,449483,217589,12331,179597
139482,140282,Pitch Perfect,43460.0,216945,213373,972052,18696,141366,370695,499651,46262,421130,375752,816573,268403,449483,217589,12331,179597
139840,140598,Shot,13849.0,216945,213373,972052,18696,141366,370695,499651,46262,421130,375752,816573,268403,463332,217589,12331,179597
105532,142500,Caustic Bite (dot),2484.0,216945,213373,972052,18696,143850,370695,499651,46262,421130,375752,816573,268403,463332,217589,12331,179597
105532,142500,Stormbite (dot),3106.0,216945,213373,972052,18696,143850,370695,499651,46262,421130,375752,816573,268403,463332,217589,12331,182703
142002,142802,Pitch Perfect,20033.0,216945,213373,972052,18696,143850,370695,499651,46262,441163,375752,816573,268403,463332,217589,12331,182703
141352,142822,Refulgent Arrow,15074.0,216945,213373,972052,18696,143850,370695,499651,46262,441163,375752,831647,268403,463332,217589,12331,182703
141352,142822,Burst Shot,33345.0,216945,213373,1005397,18696,143850,370695,499651,46262,441163,375752,831647,268403,463332,217589,12331,182703
142880,143638,Shot,13849.0,216945,213373,1005397,18696,143850,370695,499651,46262,441163,375752,831647,268403,477181,217589,12331,182703
142002,143652,Heartbreak Shot,13640.0,216945,213373,1005397,18696,143850,370695,513291,46262,441163,375752,831647,268403,477181,217589,12331,182703
142652,144302,Heartbreak Shot,4890.0,216945,213373,1005397,18696,143850,370695,518181,46262,441163,375752,831647,268403,477181,217589,12331,182703
143842,144512,Iron Jaws,20536.0,216945,213373,1005397,18696,143850,370695,518181,66798,441163,375752,831647,268403,477181,217589,12331,182703
143842,145500,Stormbite (dot),5137.0,216945,213373,1005397,18696,143850,370695,518181,66798,441163,375752,831647,268403,477181,217589,12331,187840
143842,145500,Caustic Bite (dot),4108.0,216945,213373,1005397,18696,147958,370695,518181,66798,441163,375752,831647,268403,477181,217589,12331,187840
145112,145912,Pitch Perfect,7380.0,216945,213373,1005397,18696,147958,370695,518181,66798,448543,375752,831647,268403,477181,217589,12331,187840
145920,146678,Shot,13235.0,216945,213373,1005397,18696,147958,370695,518181,66798,448543,375752,831647,268403,490416,217589,12331,187840
146332,147802,Burst Shot,16710.0,216945,213373,1022107,18696,147958,370695,518181,66798,448543,375752,831647,268403,490416,217589,12331,187840
146332,147802,Refulgent Arrow,22984.0,216945,213373,1022107,18696,147958,370695,518181,66798,448543,375752,854631,268403,490416,217589,12331,187840
143842,148500,Caustic Bite (dot),4108.0,216945,213373,1022107,18696,152066,370695,518181,66798,448543,375752,854631,268403,490416,217589,12331,187840
143842,148500,Stormbite (dot),5137.0,216945,213373,1022107,18696,152066,370695,518181,66798,448543,375752,854631,268403,490416,217589,12331,192977
148960,149718,Shot,8405.0,216945,213373,1022107,18696,152066,370695,518181,66798,448543,375752,854631,268403,498821,217589,12331,192977
149472,150272,Pitch Perfect,14822.0,216945,213373,1022107,18696,152066,370695,518181,66798,463365,375752,854631,268403,498821,217589,12331,192977
148822,150292,Burst Shot,20134.0,216945,213373,1042241,18696,152066,370695,518181,66798,463365,375752,854631,268403,498821,217589,12331,192977
148822,150292,Refulgent Arrow,9277.0,216945,213373,1042241,18696,152066,370695,518181,66798,463365,375752,863908,268403,498821,217589,12331,192977
149472,151122,Heartbreak Shot,7499.0,216945,213373,1042241,18696,152066,370695,525680,66798,463365,375752,863908,268403,498821,217589,12331,192977
143842,151500,Stormbite (dot),5137.0,216945,213373,1042241,18696,152066,370695,525680,66798,463365,375752,863908,268403,498821,217589,12331,198114
143842,151500,Caustic Bite (dot),4108.0,216945,213373,1042241,18696,156174,370695,525680,66798,463365,375752,863908,268403,498821,217589,12331,198114
150122,151772,Heartbreak Shot,3688.0,216945,213373,1042241,18696,156174,370695,529368,66798,463365,375752,863908,268403,498821,217589,12331,198114
152000,152758,Shot,8405.0,216945,213373,1042241,18696,156174,370695,529368,66798,463365,375752,863908,268403,507226,217589,12331,198114
151962,152762,Pitch Perfect,14526.0,216945,213373,1042241,18696,156174,370695,529368,66798,477891,375752,863908,268403,507226,217589,12331,198114
151312,152782,Burst Shot,20280.0,216945,213373,1062521,18696,156174,370695,529368,66798,477891,375752,863908,268403,507226,217589,12331,198114
151312,152782,Refulgent Arrow,9092.0,216945,213373,1062521,18696,156174,370695,529368,66798,477891,375752,873000,268403,507226,217589,12331,198114
143842,154500,Caustic Bite (dot),4108.0,216945,213373,1062521,18696,160282,370695,529368,66798,477891,375752,873000,268403,507226,217589,12331,198114
143842,154500,Stormbite (dot),5137.0,216945,213373,1062521,18696,160282,370695,529368,66798,477891,375752,873000,268403,507226,217589,12331,203251
153802,155272,Burst Shot,20277.0,216945,213373,1082798,18696,160282,370695,529368,66798,477891,375752,873000,268403,507226,217589,12331,203251
153802,155272,Refulgent Arrow,9095.0,216945,213373,1082798,18696,160282,370695,529368,66798,477891,375752,882095,268403,507226,217589,12331,203251
154422,155452,Empyreal Arrow,32412.0,216945,213373,1082798,18696,160282,403107,529368,66798,477891,375752,882095,268403,507226,217589,12331,203251
155040,155798,Shot,8405.0,216945,213373,1082798,18696,160282,403107,529368,66798,477891,375752,882095,268403,515631,217589,12331,203251
155042,155842,Pitch Perfect,24009.0,216945,213373,1082798,18696,160282,403107,529368,66798,501900,375752,882095,268403,515631,217589,12331,203251
143842,157500,Stormbite (dot),5137.0,216945,213373,1082798,18696,160282,403107,529368,66798,501900,375752,882095,268403,515631,217589,12331,208388
143842,157500,Caustic Bite (dot),4108.0,216945,213373,1082798,18696,164390,403107,529368,66798,501900,375752,882095,268403,515631,217589,12331,208388
156942,157742,Pitch Perfect,13844.0,216945,213373,1082798,18696,164390,403107,529368,66798,515744,375752,882095,268403,515631,217589,12331,208388
156292,157762,Burst Shot,20326.0,216945,213373,1103124,18696,164390,403107,529368,66798,515744,375752,882095,268403,515631,217589,12331,208388
156292,157762,Refulgent Arrow,9032.0,216945,213373,1103124,18696,164390,403107,529368,66798,515744,375752,891127,268403,515631,217589,12331,208388
156942,158592,Heartbreak Shot,7766.0,216945,213373,1103124,18696,164390,403107,537134,66798,515744,375752,891127,268403,515631,217589,12331,208388
158080,158838,Shot,8405.0,216945,213373,1103124,18696,164390,403107,537134,66798,515744,375752,891127,268403,524036,217589,12331,208388
157592,159242,Heartbreak Shot,3479.0,216945,213373,1103124,18696,164390,403107,540613,66798,515744,375752,891127,268403,524036,217589,12331,208388
158782,160252,Burst Shot,20326.0,216945,213373,1123450,18696,164390,403107,540613,66798,515744,375752,891127,268403,524036,217589,12331,208388
158782,160252,Refulgent Arrow,9032.0,216945,213373,1123450,18696,164390,403107,540613,66798,515744,375752,900159,268403,524036,217589,12331,208388
143842,160500,Stormbite (dot),5137.0,216945,213373,1123450,18696,164390,403107,540613,66798,515744,375752,900159,268403,524036,217589,12331,213525
143842,160500,Caustic Bite (dot),4108.0,216945,213373,1123450,18696,168498,403107,540613,66798,515744,375752,900159,268403,524036,217589,12331,213525
160082,160882,Pitch Perfect,5147.0,216945,213373,1123450,18696,168498,403107,540613,66798,520891,375752,900159,268403,524036,217589,12331,213525
161120,161878,Shot,8405.0,216945,213373,1123450,18696,168498,403107,540613,66798,520891,375752,900159,268403,532441,217589,12331,213525
161272,162742,Burst Shot,20406.0,216945,213373,1143856,18696,168498,403107,540613,66798,520891,375752,900159,268403,532441,217589,12331,213525
161272,162742,Refulgent Arrow,8931.0,216945,213373,1143856,18696,168498,403107,540613,66798,520891,375752,909090,268403,532441,217589,12331,213525
143842,163500,Caustic Bite (dot),4108.0,216945,213373,1143856,18696,172606,403107,540613,66798,520891,375752,909090,268403,532441,217589,12331,213525
143842,163500,Stormbite (dot),5137.0,216945,213373,1143856,18696,172606,403107,540613,66798,520891,375752,909090,268403,532441,217589,12331,218662
164160,164918,Shot,8405.0,216945,213373,1143856,18696,172606,403107,540613,66798,520891,375752,909090,268403,540846,217589,12331,218662
164382,165182,Pitch Perfect,3087.0,216945,213373,1143856,18696,172606,403107,540613,66798,523978,375752,909090,268403,540846,217589,12331,218662
164382,165182,Pitch Perfect,13548.0,216945,213373,1143856,18696,172606,403107,540613,66798,537526,375752,909090,268403,540846,217589,12331,218662
164382,165182,Pitch Perfect,11260.0,216945,213373,1143856,18696,172606,403107,540613,66798,548786,375752,909090,268403,540846,217589,12331,218662
163762,165232,Refulgent Arrow,9099.0,216945,213373,1143856,18696,172606,403107,540613,66798,548786,375752,918189,268403,540846,217589,12331,218662
163762,165232,Burst Shot,20274.0,216945,213373,1164130,18696,172606,403107,540613,66798,548786,375752,918189,268403,540846,217589,12331,218662
164382,166032,Heartbreak Shot,441.0,216945,213373,1164130,18696,172606,403107,541054,66798,548786,375752,918189,268403,540846,217589,12331,218662
143842,166500,Stormbite (dot),5137.0,216945,213373,1164130,18696,172606,403107,541054,66798,548786,375752,918189,268403,540846,217589,12331,223799
143842,166500,Caustic Bite (dot),4108.0,216945,213373,1164130,18696,176714,403107,541054,66798,548786,375752,918189,268403,540846,217589,12331,223799
165032,166682,Heartbreak Shot,10738.0,216945,213373,1164130,18696,176714,403107,551792,66798,548786,375752,918189,268403,540846,217589,12331,223799
166252,167722,Burst Shot,20290.0,216945,213373,1184420,18696,176714,403107,551792,66798,548786,375752,918189,268403,540846,217589,12331,223799
166252,167722,Refulgent Arrow,9054.0,216945,213373,1184420,18696,176714,403107,551792,66798,548786,375752,927243,268403,540846,217589,12331,223799
167200,167958,Shot,8399.0,216945,213373,1184420,18696,176714,403107,551792,66798,548786,375752,927243,268403,549245,217589,12331,223799
143842,169500,Caustic Bite (dot),4108.0,216945,213373,1184420,18696,180822,403107,551792,66798,548786,375752,927243,268403,549245,217589,12331,223799
143842,169500,Stormbite (dot),5137.0,216945,213373,1184420,18696,180822,403107,551792,66798,548786,375752,927243,268403,549245,217589,12331,228936
168742,170212,Burst Shot,20395.0,216945,213373,1204815,18696,180822,403107,551792,66798,548786,375752,927243,268403,549245,217589,12331,228936
168742,170212,Refulgent Arrow,8922.0,216945,213373,1204815,18696,180822,403107,551792,66798,548786,375752,936165,268403,549245,217589,12331,228936
169422,170452,Empyreal Arrow,32390.0,216945,213373,1204815,18696,180822,435497,551792,66798,548786,375752,936165,268403,549245,217589,12331,228936
170240,170998,Shot,8399.0,216945,213373,1204815,18696,180822,435497,551792,66798,548786,375752,936165,268403,557644,217589,12331,228936
170042,171692,Heartbreak Shot,20255.0,216945,213373,1204815,18696,180822,435497,572047,66798,548786,375752,936165,268403,557644,217589,12331,228936
143842,172500,Caustic Bite (dot),4108.0,216945,213373,1204815,18696,184930,435497,572047,66798,548786,375752,936165,268403,557644,217589,12331,228936
143842,172500,Stormbite (dot),5137.0,216945,213373,1204815,18696,184930,435497,572047,66798,548786,375752,936165,268403,557644,217589,12331,234073
171233,172703,Refulgent Arrow,9026.0,216945,213373,1204815,18696,184930,435497,572047,66798,548786,375752,945191,268403,557644,217589,12331,234073
171233,172703,Burst Shot,20312.0,216945,213373,1225127,18696,184930,435497,572047,66798,548786,375752,945191,268403,557644,217589,12331,234073
171853,173503,Heartbreak Shot,20257.0,216945,213373,1225127,18696,184930,435497,592304,66798,548786,375752,945191,268403,557644,217589,12331,234073
173280,174038,Shot,8399.0,216945,213373,1225127,18696,184930,435497,592304,66798,548786,375752,945191,268403,566043,217589,12331,234073
173723,175193,Burst Shot,20315.0,216945,213373,1245442,18696,184930,435497,592304,66798,548786,375752,945191,268403,566043,217589,12331,234073
173723,175193,Refulgent Arrow,9023.0,216945,213373,1245442,18696,184930,435497,592304,66798,548786,375752,954214,268403,566043,217589,12331,234073
143842,175500,Caustic Bite (dot),4108.0,216945,213373,1245442,18696,189038,435497,592304,66798,548786,375752,954214,268403,566043,217589,12331,234073
143842,175500,Stormbite (dot),5137.0,216945,213373,1245442,18696,189038,435497,592304,66798,548786,375752,954214,268403,566043,217589,12331,239210
174343,175993,Heartbreak Shot,8895.0,216945,213373,1245442,18696,189038,435497,601199,66798,548786,375752,954214,268403,566043,217589,12331,239210
176320,177078,Shot,8399.0,216945,213373,1245442,18696,189038,435497,601199,66798,548786,375752,954214,268403,574442,217589,12331,239210
176213,177683,Refulgent Arrow,9037.0,216945,213373,1245442,18696,189038,435497,601199,66798,548786,375752,963251,268403,574442,217589,12331,239210
176213,177683,Burst Shot,20304.0,216945,213373,1265746,18696,189038,435497,601199,66798,548786,375752,963251,268403,574442,217589,12331,239210
143842,178500,Stormbite (dot),5137.0,216945,213373,1265746,18696,189038,435497,601199,66798,548786,375752,963251,268403,574442,217589,12331,244347
143842,178500,Caustic Bite (dot),4108.0,216945,213373,1265746,18696,193146,435497,601199,66798,548786,375752,963251,268403,574442,217589,12331,244347
177513,179163,Heartbreak Shot,8998.0,216945,213373,1265746,18696,193146,435497,610197,66798,548786,375752,963251,268403,574442,217589,12331,244347
179360,180118,Shot,8399.0,216945,213373,1265746,18696,193146,435497,610197,66798,548786,375752,963251,268403,582841,217589,12331,244347
178703,180173,Refulgent Arrow,9180.0,216945,213373,1265746,18696,193146,435497,610197,66798,548786,375752,972431,268403,582841,217589,12331,244347
178703,180173,Burst Shot,20192.0,216945,213373,1285938,18696,193146,435497,610197,66798,548786,375752,972431,268403,582841,217589,12331,244347
179353,181003,Heartbreak Shot,11260.0,216945,213373,1285938,18696,193146,435497,621457,66798,548786,375752,972431,268403,582841,217589,12331,244347
143842,181500,Stormbite (dot),5137.0,216945,213373,1285938,18696,193146,435497,621457,66798,548786,375752,972431,268403,582841,217589,12331,249484
143842,181500,Caustic Bite (dot),4108.0,216945,213373,1285938,18696,197254,435497,621457,66798,548786,375752,972431,268403,582841,217589,12331,249484
180003,181653,Heartbreak Shot,8904.0,216945,213373,1285938,18696,197254,435497,630361,66798,548786,375752,972431,268403,582841,217589,12331,249484
181193,182663,Refulgent Arrow,9075.0,216945,213373,1285938,18696,197254,435497,630361,66798,548786,375752,981506,268403,582841,217589,12331,249484
181193,182663,Burst Shot,20274.0,216945,213373,1306212,18696,197254,435497,630361,66798,548786,375752,981506,268403,582841,217589,12331,249484
182400,183158,Shot,8399.0,216945,213373,1306212,18696,197254,435497,630361,66798,548786,375752,981506,268403,591240,217589,12331,249484
143842,184500,Stormbite (dot),5137.0,216945,213373,1306212,18696,197254,435497,630361,66798,548786,375752,981506,268403,591240,217589,12331,254621
143842,184500,Caustic Bite (dot),4108.0,216945,213373,1306212,18696,201362,435497,630361,66798,548786,375752,981506,268403,591240,217589,12331,254621
183683,185153,Burst Shot,20181.0,216945,213373,1326393,18696,201362,435497,630361,66798,548786,375752,981506,268403,591240,217589,12331,254621
183683,185153,Refulgent Arrow,9194.0,216945,213373,1326393,18696,201362,435497,630361,66798,548786,375752,990700,268403,591240,217589,12331,254621
184422,185452,Empyreal Arrow,32390.0,216945,213373,1326393,18696,201362,467887,630361,66798,548786,375752,990700,268403,591240,217589,12331,254621
185440,186198,Shot,8399.0,216945,213373,1326393,18696,201362,467887,630361,66798,548786,375752,990700,268403,599639,217589,12331,254621
185072,186722,Heartbreak Shot,20279.0,216945,213373,1326393,18696,201362,467887,650640,66798,548786,375752,990700,268403,599639,217589,12331,254621
143842,187500,Caustic Bite (dot),4108.0,216945,213373,1326393,18696,205470,467887,650640,66798,548786,375752,990700,268403,599639,217589,12331,254621
143842,187500,Stormbite (dot),5137.0,216945,213373,1326393,18696,205470,467887,650640,66798,548786,375752,990700,268403,599639,217589,12331,259758
186173,187643,Refulgent Arrow,9079.0,216945,213373,1326393,18696,205470,467887,650640,66798,548786,375752,999779,268403,599639,217589,12331,259758
186173,187643,Burst Shot,20271.0,216945,213373,1346664,18696,205470,467887,650640,66798,548786,375752,999779,268403,599639,217589,12331,259758
186793,188443,Heartbreak Shot,20259.0,216945,213373,1346664,18696,205470,467887,670899,66798,548786,375752,999779,268403,599639,217589,12331,259758
188480,189238,Shot,8399.0,216945,213373,1346664,18696,205470,467887,670899,66798,548786,375752,999779,268403,608038,217589,12331,259758
188663,189333,Iron Jaws,12454.0,216945,213373,1346664,18696,205470,467887,670899,79252,548786,375752,999779,268403,608038,217589,12331,259758
188663,190500,Caustic Bite (dot),2491.0,216945,213373,1346664,18696,207961,467887,670899,79252,548786,375752,999779,268403,608038,217589,12331,259758
188663,190500,Stormbite (dot),3115.0,216945,213373,1346664,18696,207961,467887,670899,79252,548786,375752,999779,268403,608038,217589,12331,262873
189283,190933,Heartbreak Shot,8844.0,216945,213373,1346664,18696,207961,467887,679743,79252,548786,375752,999779,268403,608038,217589,12331,262873
191520,192278,Shot,8399.0,216945,213373,1346664,18696,207961,467887,679743,79252,548786,375752,999779,268403,616437,217589,12331,262873
191773,192303,Sidewinder,49833.0,216945,213373,1346664,18696,207961,467887,679743,79252,548786,375752,999779,268403,616437,267422,12331,262873
191153,192623,Burst Shot,13017.0,216945,213373,1359681,18696,207961,467887,679743,79252,548786,375752,999779,268403,616437,267422,12331,262873
191153,192623,Refulgent Arrow,18311.0,216945,213373,1359681,18696,207961,467887,679743,79252,548786,375752,1018090,268403,616437,267422,12331,262873
188663,193500,Caustic Bite (dot),2491.0,216945,213373,1359681,18696,210452,467887,679743,79252,548786,375752,1018090,268403,616437,267422,12331,262873
188663,193500,Stormbite (dot),3115.0,216945,213373,1359681,18696,210452,467887,679743,79252,548786,375752,1018090,268403,616437,267422,12331,265988
192423,194073,Heartbreak Shot,9045.0,216945,213373,1359681,18696,210452,467887,688788,79252,548786,375752,1018090,268403,616437,267422,12331,265988
193643,195113,Refulgent Arrow,8869.0,216945,213373,1359681,18696,210452,467887,688788,79252,548786,375752,1026959,268403,616437,267422,12331,265988
193643,195113,Burst Shot,20436.0,216945,213373,1380117,18696,210452,467887,688788,79252,548786,375752,1026959,268403,616437,267422,12331,265988
194560,195318,Shot,8399.0,216945,213373,1380117,18696,210452,467887,688788,79252,548786,375752,1026959,268403,624836,267422,12331,265988
194293,195943,Heartbreak Shot,11121.0,216945,213373,1380117,18696,210452,467887,699909,79252,548786,375752,1026959,268403,624836,267422,12331,265988
188663,196500,Stormbite (dot),3115.0,216945,213373,1380117,18696,210452,467887,699909,79252,548786,375752,1026959,268403,624836,267422,12331,269103
188663,196500,Caustic Bite (dot),2491.0,216945,213373,1380117,18696,212943,467887,699909,79252,548786,375752,1026959,268403,624836,267422,12331,269103
196133,197203,Apex Arrow,47.0,216992,213373,1380117,18696,212943,467887,699909,79252,548786,375752,1026959,268403,624836,267422,12331,269103
196133,197203,Apex Arrow,87001.0,303993,213373,1380117,18696,212943,467887,699909,79252,548786,375752,1026959,268403,624836,267422,12331,269103
196133,197203,Apex Arrow,14.0,304007,213373,1380117,18696,212943,467887,699909,79252,548786,375752,1026959,268403,624836,267422,12331,269103
196133,197203,Apex Arrow,6.0,304013,213373,1380117,18696,212943,467887,699909,79252,548786,375752,1026959,268403,624836,267422,12331,269103
196133,197203,Apex Arrow,124.0,304137,213373,1380117,18696,212943,467887,699909,79252,548786,375752,1026959,268403,624836,267422,12331,269103
197600,198358,Shot,8399.0,304137,213373,1380117,18696,212943,467887,699909,79252,548786,375752,1026959,268403,633235,267422,12331,269103
196783,198433,Heartbreak Shot,8994.0,304137,213373,1380117,18696,212943,467887,708903,79252,548786,375752,1026959,268403,633235,267422,12331,269103
188663,199500,Caustic Bite (dot),2491.0,304137,213373,1380117,18696,215434,467887,708903,79252,548786,375752,1026959,268403,633235,267422,12331,269103
188663,199500,Stormbite (dot),3115.0,304137,213373,1380117,18696,215434,467887,708903,79252,548786,375752,1026959,268403,633235,267422,12331,272218
198623,200093,Refulgent Arrow,3.0,304137,213373,1380117,18696,215434,467887,708903,79252,548786,375752,1026962,268403,633235,267422,12331,272218
198623,200273,Blast Arrow,87202.0,304137,300575,1380117,18696,215434,467887,708903,79252,548786,375752,1026962,268403,633235,267422,12331,272218
199422,200452,Empyreal Arrow,32390.0,304137,300575,1380117,18696,215434,500277,708903,79252,548786,375752,1026962,268403,633235,267422,12331,272218
200640,201398,Shot,8399.0,304137,300575,1380117,18696,215434,500277,708903,79252,548786,375752,1026962,268403,641634,267422,12331,272218
200042,201692,Heartbreak Shot,20154.0,304137,300575,1380117,18696,215434,500277,729057,79252,548786,375752,1026962,268403,641634,267422,12331,272218
188663,202500,Caustic Bite (dot),2491.0,304137,300575,1380117,18696,217925,500277,729057,79252,548786,375752,1026962,268403,641634,267422,12331,272218
188663,202500,Stormbite (dot),3115.0,304137,300575,1380117,18696,217925,500277,729057,79252,548786,375752,1026962,268403,641634,267422,12331,275333
201113,202583,Refulgent Arrow,9187.0,304137,300575,1380117,18696,217925,500277,729057,79252,548786,375752,1036149,268403,641634,267422,12331,275333
201113,202583,Burst Shot,20186.0,304137,300575,1400303,18696,217925,500277,729057,79252,548786,375752,1036149,268403,641634,267422,12331,275333
201733,203383,Heartbreak Shot,20199.0,304137,300575,1400303,18696,217925,500277,749256,79252,548786,375752,1036149,268403,641634,267422,12331,275333
203680,204438,Shot,8374.0,304137,300575,1400303,18696,217925,500277,749256,79252,548786,375752,1036149,268403,650008,267422,12331,275333
203603,205073,Refulgent Arrow,8857.0,304137,300575,1400303,18696,217925,500277,749256,79252,548786,375752,1045006,268403,650008,267422,12331,275333
203603,205073,Burst Shot,20364.0,304137,300575,1420667,18696,217925,500277,749256,79252,548786,375752,1045006,268403,650008,267422,12331,275333
188663,205500,Caustic Bite (dot),2491.0,304137,300575,1420667,18696,220416,500277,749256,79252,548786,375752,1045006,268403,650008,267422,12331,275333
188663,205500,Stormbite (dot),3115.0,304137,300575,1420667,18696,220416,500277,749256,79252,548786,375752,1045006,268403,650008,267422,12331,278448
206720,207478,Shot,8374.0,304137,300575,1420667,18696,220416,500277,749256,79252,548786,375752,1045006,268403,658382,267422,12331,278448
206093,207563,Refulgent Arrow,9194.0,304137,300575,1420667,18696,220416,500277,749256,79252,548786,375752,1054200,268403,658382,267422,12331,278448
206093,207563,Burst Shot,20099.0,304137,300575,1440766,18696,220416,500277,749256,79252,548786,375752,1054200,268403,658382,267422,12331,278448
188663,208500,Caustic Bite (dot),2491.0,304137,300575,1440766,18696,222907,500277,749256,79252,548786,375752,1054200,268403,658382,267422,12331,278448
188663,208500,Stormbite (dot),3115.0,304137,300575,1440766,18696,222907,500277,749256,79252,548786,375752,1054200,268403,658382,267422,12331,281563
208483,209953,Refulgent Arrow,8992.0,304137,300575,1440766,18696,222907,500277,749256,79252,548786,375752,1063192,268403,658382,267422,12331,281563
208483,209953,Burst Shot,20257.0,304137,300575,1461023,18696,222907,500277,749256,79252,548786,375752,1063192,268403,658382,267422,12331,281563
209760,210518,Shot,8374.0,304137,300575,1461023,18696,222907,500277,749256,79252,548786,375752,1063192,268403,666756,267422,12331,281563
209133,210783,Heartbreak Shot,11289.0,304137,300575,1461023,18696,222907,500277,760545,79252,548786,375752,1063192,268403,666756,267422,12331,281563
188663,211500,Caustic Bite (dot),2491.0,304137,300575,1461023,18696,225398,500277,760545,79252,548786,375752,1063192,268403,666756,267422,12331,281563
188663,211500,Stormbite (dot),3115.0,304137,300575,1461023,18696,225398,500277,760545,79252,548786,375752,1063192,268403,666756,267422,12331,284678
210773,212243,Refulgent Arrow,9058.0,304137,300575,1461023,18696,225398,500277,760545,79252,548786,375752,1072250,268403,666756,267422,12331,284678
210773,212243,Burst Shot,20205.0,304137,300575,1481228,18696,225398,500277,760545,79252,548786,375752,1072250,268403,666756,267422,12331,284678
212800,213558,Shot,8374.0,304137,300575,1481228,18696,225398,500277,760545,79252,548786,375752,1072250,268403,675130,267422,12331,284678
188663,214500,Caustic Bite (dot),2491.0,304137,300575,1481228,18696,227889,500277,760545,79252,548786,375752,1072250,268403,675130,267422,12331,284678
188663,214500,Stormbite (dot),3115.0,304137,300575,1481228,18696,227889,500277,760545,79252,548786,375752,1072250,268403,675130,267422,12331,287793
213063,214533,Refulgent Arrow,8881.0,304137,300575,1481228,18696,227889,500277,760545,79252,548786,375752,1081131,268403,675130,267422,12331,287793
213063,214533,Burst Shot,20345.0,304137,300575,1501573,18696,227889,500277,760545,79252,548786,375752,1081131,268403,675130,267422,12331,287793
214422,215452,Empyreal Arrow,32293.0,304137,300575,1501573,18696,227889,532570,760545,79252,548786,375752,1081131,268403,675130,267422,12331,287793
215840,216598,Shot,8374.0,304137,300575,1501573,18696,227889,532570,760545,79252,548786,375752,1081131,268403,683504,267422,12331,287793
215253,216723,Refulgent Arrow,8919.0,304137,300575,1501573,18696,227889,532570,760545,79252,548786,375752,1090050,268403,683504,267422,12331,287793
215253,216723,Burst Shot,20315.0,304137,300575,1521888,18696,227889,532570,760545,79252,548786,375752,1090050,268403,683504,267422,12331,287793
188663,217500,Caustic Bite (dot),2491.0,304137,300575,1521888,18696,230380,532570,760545,79252,548786,375752,1090050,268403,683504,267422,12331,287793
188663,217500,Stormbite (dot),3115.0,304137,300575,1521888,18696,230380,532570,760545,79252,548786,375752,1090050,268403,683504,267422,12331,290908
215903,217553,Heartbreak Shot,11061.0,304137,300575,1521888,18696,230380,532570,771606,79252,548786,375752,1090050,268403,683504,267422,12331,290908
217343,218813,Refulgent Arrow,8898.0,304137,300575,1521888,18696,230380,532570,771606,79252,548786,375752,1098948,268403,683504,267422,12331,290908
217343,218813,Burst Shot,20331.0,304137,300575,1542219,18696,230380,532570,771606,79252,548786,375752,1098948,268403,683504,267422,12331,290908
218880,219638,Shot,8374.0,304137,300575,1542219,18696,230380,532570,771606,79252,548786,375752,1098948,268403,691878,267422,12331,290908
188663,220500,Caustic Bite (dot),2491.0,304137,300575,1542219,18696,232871,532570,771606,79252,548786,375752,1098948,268403,691878,267422,12331,290908
188663,220500,Stormbite (dot),3115.0,304137,300575,1542219,18696,232871,532570,771606,79252,548786,375752,1098948,268403,691878,267422,12331,294023
219433,220903,Refulgent Arrow,9003.0,304137,300575,1542219,18696,232871,532570,771606,79252,548786,375752,1107951,268403,691878,267422,12331,294023
219433,220903,Burst Shot,20249.0,304137,300575,1562468,18696,232871,532570,771606,79252,548786,375752,1107951,268403,691878,267422,12331,294023
221920,222678,Shot,8374.0,304137,300575,1562468,18696,232871,532570,771606,79252,548786,375752,1107951,268403,700252,267422,12331,294023
221523,222993,Refulgent Arrow,8937.0,304137,300575,1562468,18696,232871,532570,771606,79252,548786,375752,1116888,268403,700252,267422,12331,294023
221523,222993,Burst Shot,20301.0,304137,300575,1582769,18696,232871,532570,771606,79252,548786,375752,1116888,268403,700252,267422,12331,294023
188663,223500,Caustic Bite (dot),2491.0,304137,300575,1582769,18696,235362,532570,771606,79252,548786,375752,1116888,268403,700252,267422,12331,294023
188663,223500,Stormbite (dot),3115.0,304137,300575,1582769,18696,235362,532570,771606,79252,548786,375752,1116888,268403,700252,267422,12331,297138
223613,225083,Refulgent Arrow,8902.0,304137,300575,1582769,18696,235362,532570,771606,79252,548786,375752,1125790,268403,700252,267422,12331,297138
223613,225083,Burst Shot,20328.0,304137,300575,1603097,18696,235362,532570,771606,79252,548786,375752,1125790,268403,700252,267422,12331,297138
224960,225718,Shot,8374.0,304137,300575,1603097,18696,235362,532570,771606,79252,548786,375752,1125790,268403,708626,267422,12331,297138
225703,226373,Iron Jaws,12417.0,304137,300575,1603097,18696,235362,532570,771606,91669,548786,375752,1125790,268403,708626,267422,12331,297138
225703,226500,Caustic Bite (dot),2484.0,304137,300575,1603097,18696,237846,532570,771606,91669,548786,375752,1125790,268403,708626,267422,12331,297138
225703,226500,Stormbite (dot),3106.0,304137,300575,1603097,18696,237846,532570,771606,91669,548786,375752,1125790,268403,708626,267422,12331,300244
228000,228758,Shot,8374.0,304137,300575,1603097,18696,237846,532570,771606,91669,548786,375752,1125790,268403,717000,267422,12331,300244
227793,229263,Refulgent Arrow,17863.0,304137,300575,1603097,18696,237846,532570,771606,91669,548786,375752,1143653,268403,717000,267422,12331,300244
227793,229263,Burst Shot,13287.0,304137,300575,1616384,18696,237846,532570,771606,91669,548786,375752,1143653,268403,717000,267422,12331,300244
225703,229500,Caustic Bite (dot),2484.0,304137,300575,1616384,18696,240330,532570,771606,91669,548786,375752,1143653,268403,717000,267422,12331,300244
225703,229500,Stormbite (dot),3106.0,304137,300575,1616384,18696,240330,532570,771606,91669,548786,375752,1143653,268403,717000,267422,12331,303350
229883,231353,Refulgent Arrow,9281.0,304137,300575,1616384,18696,240330,532570,771606,91669,548786,375752,1152934,268403,717000,267422,12331,303350
229883,231353,Burst Shot,20030.0,304137,300575,1636414,18696,240330,532570,771606,91669,548786,375752,1152934,268403,717000,267422,12331,303350
230503,231533,Empyreal Arrow,32293.0,304137,300575,1636414,18696,240330,564863,771606,91669,548786,375752,1152934,268403,717000,267422,12331,303350
231040,231798,Shot,8374.0,304137,300575,1636414,18696,240330,564863,771606,91669,548786,375752,1152934,268403,725374,267422,12331,303350
225703,232500,Caustic Bite (dot),2484.0,304137,300575,1636414,18696,242814,564863,771606,91669,548786,375752,1152934,268403,725374,267422,12331,303350
225703,232500,Stormbite (dot),3106.0,304137,300575,1636414,18696,242814,564863,771606,91669,548786,375752,1152934,268403,725374,267422,12331,306456
231973,233443,Refulgent Arrow,8940.0,304137,300575,1636414,18696,242814,564863,771606,91669,548786,375752,1161874,268403,725374,267422,12331,306456
231973,233443,Burst Shot,20298.0,304137,300575,1656712,18696,242814,564863,771606,91669,548786,375752,1161874,268403,725374,267422,12331,306456
234080,234838,Shot,8374.0,304137,300575,1656712,18696,242814,564863,771606,91669,548786,375752,1161874,268403,733748,267422,12331,306456
225703,235500,Caustic Bite (dot),2484.0,304137,300575,1656712,18696,245298,564863,771606,91669,548786,375752,1161874,268403,733748,267422,12331,306456
225703,235500,Stormbite (dot),3106.0,304137,300575,1656712,18696,245298,564863,771606,91669,548786,375752,1161874,268403,733748,267422,12331,309562
234063,235533,Refulgent Arrow,9013.0,304137,300575,1656712,18696,245298,564863,771606,91669,548786,375752,1170887,268403,733748,267422,12331,309562
234063,235533,Burst Shot,20241.0,304137,300575,1676953,18696,245298,564863,771606,91669,548786,375752,1170887,268403,733748,267422,12331,309562
236153,237623,Burst Shot,20167.0,304137,300575,1697120,18696,245298,564863,771606,91669,548786,375752,1170887,268403,733748,267422,12331,309562
236153,237623,Refulgent Arrow,9107.0,304137,300575,1697120,18696,245298,564863,771606,91669,548786,375752,1179994,268403,733748,267422,12331,309562
237120,237878,Shot,8374.0,304137,300575,1697120,18696,245298,564863,771606,91669,548786,375752,1179994,268403,742122,267422,12331,309562
225703,238500,Caustic Bite (dot),2484.0,304137,300575,1697120,18696,247782,564863,771606,91669,548786,375752,1179994,268403,742122,267422,12331,309562
225703,238500,Stormbite (dot),3106.0,304137,300575,1697120,18696,247782,564863,771606,91669,548786,375752,1179994,268403,742122,267422,12331,312668
238243,239713,Refulgent Arrow,9083.0,304137,300575,1697120,18696,247782,564863,771606,91669,548786,375752,1189077,268403,742122,267422,12331,312668
238243,239713,Burst Shot,20186.0,304137,300575,1717306,18696,247782,564863,771606,91669,548786,375752,1189077,268403,742122,267422,12331,312668
240160,240918,Shot,8374.0,304137,300575,1717306,18696,247782,564863,771606,91669,548786,375752,1189077,268403,750496,267422,12331,312668
225703,241500,Caustic Bite (dot),2484.0,304137,300575,1717306,18696,250266,564863,771606,91669,548786,375752,1189077,268403,750496,267422,12331,312668
225703,241500,Stormbite (dot),3106.0,304137,300575,1717306,18696,250266,564863,771606,91669,548786,375752,1189077,268403,750496,267422,12331,315774
240333,241803,Burst Shot,20517.0,304137,300575,1737823,18696,250266,564863,771606,91669,548786,375752,1189077,268403,750496,267422,12331,315774
240333,241803,Refulgent Arrow,8662.0,304137,300575,1737823,18696,250266,564863,771606,91669,548786,375752,1197739,268403,750496,267422,12331,315774
242423,243893,Burst Shot,20241.0,304137,300575,1758064,18696,250266,564863,771606,91669,548786,375752,1197739,268403,750496,267422,12331,315774
242423,243893,Refulgent Arrow,9140.0,304137,300575,1758064,18696,250266,564863,771606,91669,548786,375752,1206879,268403,750496,267422,12331,315774
243200,243958,Shot,8405.0,304137,300575,1758064,18696,250266,564863,771606,91669,548786,375752,1206879,268403,758901,267422,12331,315774
225703,244500,Caustic Bite (dot),2484.0,304137,300575,1758064,18696,252750,564863,771606,91669,548786,375752,1206879,268403,758901,267422,12331,315774
225703,244500,Stormbite (dot),3106.0,304137,300575,1758064,18696,252750,564863,771606,91669,548786,375752,1206879,268403,758901,267422,12331,318880
244613,246083,Burst Shot,20381.0,304137,300575,1778445,18696,252750,564863,771606,91669,548786,375752,1206879,268403,758901,267422,12331,318880
244613,246083,Refulgent Arrow,8962.0,304137,300575,1778445,18696,252750,564863,771606,91669,548786,375752,1215841,268403,758901,267422,12331,318880
246240,246998,Shot,10305.0,304137,300575,1778445,18696,252750,564863,771606,91669,548786,375752,1215841,268403,769206,267422,12331,318880
225703,247500,Stormbite (dot),3106.0,304137,300575,1778445,18696,252750,564863,771606,91669,548786,375752,1215841,268403,769206,267422,12331,321986
225703,247500,Caustic Bite (dot),2484.0,304137,300575,1778445,18696,255234,564863,771606,91669,548786,375752,1215841,268403,769206,267422,12331,321986
246803,248273,Refulgent Arrow,13083.0,304137,300575,1778445,18696,255234,564863,771606,91669,548786,375752,1228924,268403,769206,267422,12331,321986
246803,248273,Burst Shot,29016.0,304137,300575,1807461,18696,255234,564863,771606,91669,548786,375752,1228924,268403,769206,267422,12331,321986
248043,249073,Empyreal Arrow,53410.0,304137,300575,1807461,18696,255234,618273,771606,91669,548786,375752,1228924,268403,769206,267422,12331,321986
249280,250038,Shot,13849.0,304137,300575,1807461,18696,255234,618273,771606,91669,548786,375752,1228924,268403,783055,267422,12331,321986
248993,250063,Apex Arrow,8.0,304145,300575,1807461,18696,255234,618273,771606,91669,548786,375752,1228924,268403,783055,267422,12331,321986
248993,250063,Apex Arrow,9.0,304154,300575,1807461,18696,255234,618273,771606,91669,548786,375752,1228924,268403,783055,267422,12331,321986
248993,250063,Apex Arrow,30.0,304184,300575,1807461,18696,255234,618273,771606,91669,548786,375752,1228924,268403,783055,267422,12331,321986
248993,250063,Apex Arrow,1356.0,305540,300575,1807461,18696,255234,618273,771606,91669,548786,375752,1228924,268403,783055,267422,12331,321986
248993,250063,Apex Arrow,644.0,306184,300575,1807461,18696,255234,618273,771606,91669,548786,375752,1228924,268403,783055,267422,12331,321986
248993,250063,Apex Arrow,150.0,306334,300575,1807461,18696,255234,618273,771606,91669,548786,375752,1228924,268403,783055,267422,12331,321986
248993,250063,Apex Arrow,2601.0,308935,300575,1807461,18696,255234,618273,771606,91669,548786,375752,1228924,268403,783055,267422,12331,321986
248993,250063,Apex Arrow,4822.0,313757,300575,1807461,18696,255234,618273,771606,91669,548786,375752,1228924,268403,783055,267422,12331,321986
248993,250063,Apex Arrow,133164.0,446921,300575,1807461,18696,255234,618273,771606,91669,548786,375752,1228924,268403,783055,267422,12331,321986
249613,250413,Pitch Perfect,47439.0,446921,300575,1807461,18696,255234,618273,771606,91669,596225,375752,1228924,268403,783055,267422,12331,321986
225703,250500,Caustic Bite (dot),2484.0,446921,300575,1807461,18696,257718,618273,771606,91669,596225,375752,1228924,268403,783055,267422,12331,321986
225703,250500,Stormbite (dot),3106.0,446921,300575,1807461,18696,257718,618273,771606,91669,596225,375752,1228924,268403,783055,267422,12331,325092
250233,251033,Pitch Perfect,19027.0,446921,300575,1807461,18696,257718,618273,771606,91669,615252,375752,1228924,268403,783055,267422,12331,325092
249613,251263,Heartbreak Shot,13252.0,446921,300575,1807461,18696,257718,618273,784858,91669,615252,375752,1228924,268403,783055,267422,12331,325092
250233,251883,Heartbreak Shot,27455.0,446921,300575,1807461,18696,257718,618273,812313,91669,615252,375752,1228924,268403,783055,267422,12331,325092
251183,252653,Burst Shot,54.0,446921,300575,1807515,18696,257718,618273,812313,91669,615252,375752,1228924,268403,783055,267422,12331,325092
251183,252653,Refulgent Arrow,40.0,446921,300575,1807515,18696,257718,618273,812313,91669,615252,375752,1228964,268403,783055,267422,12331,325092
251183,252833,Blast Arrow,143532.0,446921,444107,1807515,18696,257718,618273,812313,91669,615252,375752,1228964,268403,783055,267422,12331,325092
252423,252953,Sidewinder,82172.0,446921,444107,1807515,18696,257718,618273,812313,91669,615252,375752,1228964,268403,783055,349594,12331,325092
252320,253078,Shot,13849.0,446921,444107,1807515,18696,257718,618273,812313,91669,615252,375752,1228964,268403,796904,349594,12331,325092
251803,253453,Heartbreak Shot,33226.0,446921,444107,1807515,18696,257718,618273,845539,91669,615252,375752,1228964,268403,796904,349594,12331,325092
225703,253500,Stormbite (dot),3106.0,446921,444107,1807515,18696,257718,618273,845539,91669,615252,375752,1228964,268403,796904,349594,12331,328198
225703,253500,Caustic Bite (dot),2484.0,446921,444107,1807515,18696,260202,618273,845539,91669,615252,375752,1228964,268403,796904,349594,12331,328198
253674,255634,Radiant Encore,225982.0,446921,444107,1807515,18696,260202,618273,845539,91669,615252,601734,1228964,268403,796904,349594,12331,328198
254914,255714,Pitch Perfect,5494.0,446921,444107,1807515,18696,260202,618273,845539,91669,620746,601734,1228964,268403,796904,349594,12331,328198
255360,256118,Shot,13849.0,446921,444107,1807515,18696,260202,618273,845539,91669,620746,601734,1228964,268403,810753,349594,12331,328198
225703,256500,Caustic Bite (dot),2484.0,446921,444107,1807515,18696,262686,618273,845539,91669,620746,601734,1228964,268403,810753,349594,12331,328198
225703,256500,Stormbite (dot),3106.0,446921,444107,1807515,18696,262686,618273,845539,91669,620746,601734,1228964,268403,810753,349594,12331,331304
254914,256564,Heartbreak Shot,17307.0,446921,444107,1807515,18696,262686,618273,862846,91669,620746,601734,1228964,268403,810753,349594,12331,331304
256784,257584,Pitch Perfect,25882.0,446921,444107,1807515,18696,262686,618273,862846,91669,646628,601734,1228964,268403,810753,349594,12331,331304
256164,257634,Refulgent Arrow,57513.0,446921,444107,1807515,18696,262686,618273,862846,91669,646628,601734,1286477,268403,810753,349594,12331,331304
256164,257754,Refulgent Arrow,57513.0,446921,444107,1807515,18696,262686,618273,862846,91669,646628,601734,1343990,268403,810753,349594,12331,331304
256164,257874,Refulgent Arrow,57513.0,446921,444107,1807515,18696,262686,618273,862846,91669,646628,601734,1401503,268403,810753,349594,12331,331304
256784,258434,Heartbreak Shot,1364.0,446921,444107,1807515,18696,262686,618273,864210,91669,646628,601734,1401503,268403,810753,349594,12331,331304
258400,259158,Shot,13849.0,446921,444107,1807515,18696,262686,618273,864210,91669,646628,601734,1401503,268403,824602,349594,12331,331304
225703,259500,Stormbite (dot),3106.0,446921,444107,1807515,18696,262686,618273,864210,91669,646628,601734,1401503,268403,824602,349594,12331,334410
225703,259500,Caustic Bite (dot),2484.0,446921,444107,1807515,18696,265170,618273,864210,91669,646628,601734,1401503,268403,824602,349594,12331,334410
259304,260104,Pitch Perfect,25202.0,446921,444107,1807515,18696,265170,618273,864210,91669,671830,601734,1401503,268403,824602,349594,12331,334410
258654,260124,Refulgent Arrow,14591.0,446921,444107,1807515,18696,265170,618273,864210,91669,671830,601734,1416094,268403,824602,349594,12331,334410
258654,260124,Burst Shot,33725.0,446921,444107,1841240,18696,265170,618273,864210,91669,671830,601734,1416094,268403,824602,349594,12331,334410
261440,262198,Shot,13849.0,446921,444107,1841240,18696,265170,618273,864210,91669,671830,601734,1416094,268403,838451,349594,12331,334410
261144,262304,Resonant Arrow,131472.0,446921,444107,1841240,18696,265170,618273,864210,91669,671830,601734,1416094,399875,838451,349594,12331,334410
225703,262500,Caustic Bite (dot),2484.0,446921,444107,1841240,18696,267654,618273,864210,91669,671830,601734,1416094,399875,838451,349594,12331,334410
225703,262500,Stormbite (dot),3106.0,446921,444107,1841240,18696,267654,618273,864210,91669,671830,601734,1416094,399875,838451,349594,12331,337516
262444,263244,Pitch Perfect,14094.0,446921,444107,1841240,18696,267654,618273,864210,91669,685924,601734,1416094,399875,838451,349594,12331,337516
261794,263444,Heartbreak Shot,18295.0,446921,444107,1841240,18696,267654,618273,882505,91669,685924,601734,1416094,399875,838451,349594,12331,337516
263634,264304,Iron Jaws,20536.0,446921,444107,1841240,18696,267654,618273,882505,112205,685924,601734,1416094,399875,838451,349594,12331,337516
264480,265238,Shot,13849.0,446921,444107,1841240,18696,267654,618273,882505,112205,685924,601734,1416094,399875,852300,349594,12331,337516
264254,265284,Empyreal Arrow,53410.0,446921,444107,1841240,18696,267654,671683,882505,112205,685924,601734,1416094,399875,852300,349594,12331,337516
263634,265500,Stormbite (dot),5137.0,446921,444107,1841240,18696,267654,671683,882505,112205,685924,601734,1416094,399875,852300,349594,12331,342653
263634,265500,Caustic Bite (dot),4108.0,446921,444107,1841240,18696,271762,671683,882505,112205,685924,601734,1416094,399875,852300,349594,12331,342653
264874,265674,Pitch Perfect,23812.0,446921,444107,1841240,18696,271762,671683,882505,112205,709736,601734,1416094,399875,852300,349594,12331,342653
265494,266294,Pitch Perfect,23590.0,446921,444107,1841240,18696,271762,671683,882505,112205,733326,601734,1416094,399875,852300,349594,12331,342653
266124,267594,Burst Shot,18393.0,446921,444107,1859633,18696,271762,671683,882505,112205,733326,601734,1416094,399875,852300,349594,12331,342653
266124,267594,Refulgent Arrow,25842.0,446921,444107,1859633,18696,271762,671683,882505,112205,733326,601734,1441936,399875,852300,349594,12331,342653
267520,268278,Shot,9665.0,446921,444107,1859633,18696,271762,671683,882505,112205,733326,601734,1441936,399875,861965,349594,12331,342653
263634,268500,Stormbite (dot),5137.0,446921,444107,1859633,18696,271762,671683,882505,112205,733326,601734,1441936,399875,861965,349594,12331,347790
263634,268500,Caustic Bite (dot),4108.0,446921,444107,1859633,18696,275870,671683,882505,112205,733326,601734,1441936,399875,861965,349594,12331,347790
269264,270064,Pitch Perfect,10770.0,446921,444107,1859633,18696,275870,671683,882505,112205,744096,601734,1441936,399875,861965,349594,12331,347790
268614,270084,Refulgent Arrow,8875.0,446921,444107,1859633,18696,275870,671683,882505,112205,744096,601734,1450811,399875,861965,349594,12331,347790
268614,270084,Burst Shot,20450.0,446921,444107,1880083,18696,275870,671683,882505,112205,744096,601734,1450811,399875,861965,349594,12331,347790
269264,270914,Heartbreak Shot,8681.0,446921,444107,1880083,18696,275870,671683,891186,112205,744096,601734,1450811,399875,861965,349594,12331,347790
270560,271318,Shot,8405.0,446921,444107,1880083,18696,275870,671683,891186,112205,744096,601734,1450811,399875,870370,349594,12331,347790
263634,271500,Caustic Bite (dot),4108.0,446921,444107,1880083,18696,279978,671683,891186,112205,744096,601734,1450811,399875,870370,349594,12331,347790
263634,271500,Stormbite (dot),5137.0,446921,444107,1880083,18696,279978,671683,891186,112205,744096,601734,1450811,399875,870370,349594,12331,352927
269914,271564,Heartbreak Shot,2649.0,446921,444107,1880083,18696,279978,671683,893835,112205,744096,601734,1450811,399875,870370,349594,12331,352927
271754,272554,Pitch Perfect,11335.0,446921,444107,1880083,18696,279978,671683,893835,112205,755431,601734,1450811,399875,870370,349594,12331,352927
271104,272574,Refulgent Arrow,9085.0,446921,444107,1880083,18696,279978,671683,893835,112205,755431,601734,1459896,399875,870370,349594,12331,352927
271104,272574,Burst Shot,20285.0,446921,444107,1900368,18696,279978,671683,893835,112205,755431,601734,1459896,399875,870370,349594,12331,352927
273600,274358,Shot,8405.0,446921,444107,1900368,18696,279978,671683,893835,112205,755431,601734,1459896,399875,878775,349594,12331,352927
263634,274500,Caustic Bite (dot),4108.0,446921,444107,1900368,18696,284086,671683,893835,112205,755431,601734,1459896,399875,878775,349594,12331,352927
263634,274500,Stormbite (dot),5137.0,446921,444107,1900368,18696,284086,671683,893835,112205,755431,601734,1459896,399875,878775,349594,12331,358064
274214,275014,Pitch Perfect,12843.0,446921,444107,1900368,18696,284086,671683,893835,112205,768274,601734,1459896,399875,878775,349594,12331,358064
273594,275064,Refulgent Arrow,8893.0,446921,444107,1900368,18696,284086,671683,893835,112205,768274,601734,1468789,399875,878775,349594,12331,358064
273594,275064,Burst Shot,20436.0,446921,444107,1920804,18696,284086,671683,893835,112205,768274,601734,1468789,399875,878775,349594,12331,358064
276640,277398,Shot,8405.0,446921,444107,1920804,18696,284086,671683,893835,112205,768274,601734,1468789,399875,887180,349594,12331,358064
263634,277500,Stormbite (dot),5137.0,446921,444107,1920804,18696,284086,671683,893835,112205,768274,601734,1468789,399875,887180,349594,12331,363201
263634,277500,Caustic Bite (dot),4108.0,446921,444107,1920804,18696,288194,671683,893835,112205,768274,601734,1468789,399875,887180,349594,12331,363201
276084,277554,Burst Shot,20184.0,446921,444107,1940988,18696,288194,671683,893835,112205,768274,601734,1468789,399875,887180,349594,12331,363201
276084,277554,Refulgent Arrow,9214.0,446921,444107,1940988,18696,288194,671683,893835,112205,768274,601734,1478003,399875,887180,349594,12331,363201
277384,278184,Pitch Perfect,12354.0,446921,444107,1940988,18696,288194,671683,893835,112205,780628,601734,1478003,399875,887180,349594,12331,363201
276734,278384,Heartbreak Shot,11102.0,446921,444107,1940988,18696,288194,671683,904937,112205,780628,601734,1478003,399875,887180,349594,12331,363201
278574,280044,Refulgent Arrow,9116.0,446921,444107,1940988,18696,288194,671683,904937,112205,780628,601734,1487119,399875,887180,349594,12331,363201
278574,280044,Burst Shot,20260.0,446921,444107,1961248,18696,288194,671683,904937,112205,780628,601734,1487119,399875,887180,349594,12331,363201
279254,280284,Empyreal Arrow,32412.0,446921,444107,1961248,18696,288194,704095,904937,112205,780628,601734,1487119,399875,887180,349594,12331,363201
279680,280438,Shot,8405.0,446921,444107,1961248,18696,288194,704095,904937,112205,780628,601734,1487119,399875,895585,349594,12331,363201
263634,280500,Stormbite (dot),5137.0,446921,444107,1961248,18696,288194,704095,904937,112205,780628,601734,1487119,399875,895585,349594,12331,368338
263634,280500,Caustic Bite (dot),4108.0,446921,444107,1961248,18696,292302,704095,904937,112205,780628,601734,1487119,399875,895585,349594,12331,368338
279904,280704,Pitch Perfect,14086.0,446921,444107,1961248,18696,292302,704095,904937,112205,794714,601734,1487119,399875,895585,349594,12331,368338
281714,282514,Pitch Perfect,12197.0,446921,444107,1961248,18696,292302,704095,904937,112205,806911,601734,1487119,399875,895585,349594,12331,368338
281064,282534,Burst Shot,20351.0,446921,444107,1981599,18696,292302,704095,904937,112205,806911,601734,1487119,399875,895585,349594,12331,368338
281064,282534,Refulgent Arrow,9001.0,446921,444107,1981599,18696,292302,704095,904937,112205,806911,601734,1496120,399875,895585,349594,12331,368338
282720,283478,Shot,8405.0,446921,444107,1981599,18696,292302,704095,904937,112205,806911,601734,1496120,399875,903990,349594,12331,368338
263634,283500,Stormbite (dot),5137.0,446921,444107,1981599,18696,292302,704095,904937,112205,806911,601734,1496120,399875,903990,349594,12331,373475
263634,283500,Caustic Bite (dot),4108.0,446921,444107,1981599,18696,296410,704095,904937,112205,806911,601734,1496120,399875,903990,349594,12331,373475
284174,284974,Pitch Perfect,12453.0,446921,444107,1981599,18696,296410,704095,904937,112205,819364,601734,1496120,399875,903990,349594,12331,373475
283554,285024,Burst Shot,20260.0,446921,444107,2001859,18696,296410,704095,904937,112205,819364,601734,1496120,399875,903990,349594,12331,373475
283554,285024,Refulgent Arrow,9116.0,446921,444107,2001859,18696,296410,704095,904937,112205,819364,601734,1505236,399875,903990,349594,12331,373475
284824,285624,Pitch Perfect,8885.0,446921,444107,2001859,18696,296410,704095,904937,112205,828249,601734,1505236,399875,903990,349594,12331,373475
284824,285624,Pitch Perfect,4147.0,446921,444107,2001859,18696,296410,704095,904937,112205,832396,601734,1505236,399875,903990,349594,12331,373475
284174,285824,Heartbreak Shot,8233.0,446921,444107,2001859,18696,296410,704095,913170,112205,832396,601734,1505236,399875,903990,349594,12331,373475
284824,286474,Heartbreak Shot,3098.0,446921,444107,2001859,18696,296410,704095,916268,112205,832396,601734,1505236,399875,903990,349594,12331,373475
263634,286500,Caustic Bite (dot),4108.0,446921,444107,2001859,18696,300518,704095,916268,112205,832396,601734,1505236,399875,903990,349594,12331,373475
263634,286500,Stormbite (dot),5137.0,446921,444107,2001859,18696,300518,704095,916268,112205,832396,601734,1505236,399875,903990,349594,12331,378612
285760,286518,Shot,8399.0,446921,444107,2001859,18696,300518,704095,916268,112205,832396,601734,1505236,399875,912389,349594,12331,378612
286044,287514,Burst Shot,20617.0,446921,444107,2022476,18696,300518,704095,916268,112205,832396,601734,1505236,399875,912389,349594,12331,378612
286044,287514,Refulgent Arrow,8639.0,446921,444107,2022476,18696,300518,704095,916268,112205,832396,601734,1513875,399875,912389,349594,12331,378612
263634,289500,Stormbite (dot),5137.0,446921,444107,2022476,18696,300518,704095,916268,112205,832396,601734,1513875,399875,912389,349594,12331,383749
263634,289500,Caustic Bite (dot),4108.0,446921,444107,2022476,18696,304626,704095,916268,112205,832396,601734,1513875,399875,912389,349594,12331,383749
288800,289558,Shot,8399.0,446921,444107,2022476,18696,304626,704095,916268,112205,832396,601734,1513875,399875,920788,349594,12331,383749
288534,290004,Burst Shot,20074.0,446921,444107,2042550,18696,304626,704095,916268,112205,832396,601734,1513875,399875,920788,349594,12331,383749
288534,290004,Refulgent Arrow,9330.0,446921,444107,2042550,18696,304626,704095,916268,112205,832396,601734,1523205,399875,920788,349594,12331,383749
289184,290834,Heartbreak Shot,8891.0,446921,444107,2042550,18696,304626,704095,925159,112205,832396,601734,1523205,399875,920788,349594,12331,383749
291024,292494,Burst Shot,20422.0,446921,444107,2062972,18696,304626,704095,925159,112205,832396,601734,1523205,399875,920788,349594,12331,383749
291024,292494,Refulgent Arrow,8887.0,446921,444107,2062972,18696,304626,704095,925159,112205,832396,601734,1532092,399875,920788,349594,12331,383749
263634,292500,Caustic Bite (dot),4108.0,446921,444107,2062972,18696,308734,704095,925159,112205,832396,601734,1532092,399875,920788,349594,12331,383749
263634,292500,Stormbite (dot),5137.0,446921,444107,2062972,18696,308734,704095,925159,112205,832396,601734,1532092,399875,920788,349594,12331,388886
291840,292598,Shot,8399.0,446921,444107,2062972,18696,308734,704095,925159,112205,832396,601734,1532092,399875,929187,349594,12331,388886
291674,293324,Heartbreak Shot,20183.0,446921,444107,2062972,18696,308734,704095,945342,112205,832396,601734,1532092,399875,929187,349594,12331,388886
293514,294984,Burst Shot,20318.0,446921,444107,2083290,18696,308734,704095,945342,112205,832396,601734,1532092,399875,929187,349594,12331,388886
293514,294984,Refulgent Arrow,9019.0,446921,444107,2083290,18696,308734,704095,945342,112205,832396,601734,1541111,399875,929187,349594,12331,388886
294254,295284,Empyreal Arrow,32390.0,446921,444107,2083290,18696,308734,736485,945342,112205,832396,601734,1541111,399875,929187,349594,12331,388886
263634,295500,Stormbite (dot),5137.0,446921,444107,2083290,18696,308734,736485,945342,112205,832396,601734,1541111,399875,929187,349594,12331,394023
263634,295500,Caustic Bite (dot),4108.0,446921,444107,2083290,18696,312842,736485,945342,112205,832396,601734,1541111,399875,929187,349594,12331,394023
294880,295638,Shot,8399.0,446921,444107,2083290,18696,312842,736485,945342,112205,832396,601734,1541111,399875,937586,349594,12331,394023
294874,296524,Heartbreak Shot,20246.0,446921,444107,2083290,18696,312842,736485,965588,112205,832396,601734,1541111,399875,937586,349594,12331,394023
296004,297474,Burst Shot,20534.0,446921,444107,2103824,18696,312842,736485,965588,112205,832396,601734,1541111,399875,937586,349594,12331,394023
296004,297474,Refulgent Arrow,8744.0,446921,444107,2103824,18696,312842,736485,965588,112205,832396,601734,1549855,399875,937586,349594,12331,394023
263634,298500,Caustic Bite (dot),4108.0,446921,444107,2103824,18696,316950,736485,965588,112205,832396,601734,1549855,399875,937586,349594,12331,394023
263634,298500,Stormbite (dot),5137.0,446921,444107,2103824,18696,316950,736485,965588,112205,832396,601734,1549855,399875,937586,349594,12331,399160
297920,298678,Shot,8399.0,446921,444107,2103824,18696,316950,736485,965588,112205,832396,601734,1549855,399875,945985,349594,12331,399160
297244,298894,Heartbreak Shot,8902.0,446921,444107,2103824,18696,316950,736485,974490,112205,832396,601734,1549855,399875,945985,349594,12331,399160
298494,299964,Refulgent Arrow,9162.0,446921,444107,2103824,18696,316950,736485,974490,112205,832396,601734,1559017,399875,945985,349594,12331,399160
298494,299964,Burst Shot,20205.0,446921,444107,2124029,18696,316950,736485,974490,112205,832396,601734,1559017,399875,945985,349594,12331,399160
299144,300794,Heartbreak Shot,11229.0,446921,444107,2124029,18696,316950,736485,985719,112205,832396,601734,1559017,399875,945985,349594,12331,399160
263634,301500,Caustic Bite (dot),4108.0,446921,444107,2124029,18696,321058,736485,985719,112205,832396,601734,1559017,399875,945985,349594,12331,399160
263634,301500,Stormbite (dot),5137.0,446921,444107,2124029,18696,321058,736485,985719,112205,832396,601734,1559017,399875,945985,349594,12331,404297
300960,301718,Shot,8399.0,446921,444107,2124029,18696,321058,736485,985719,112205,832396,601734,1559017,399875,954384,349594,12331,404297
300984,302454,Refulgent Arrow,9232.0,446921,444107,2124029,18696,321058,736485,985719,112205,832396,601734,1568249,399875,954384,349594,12331,404297
300984,302454,Burst Shot,20151.0,446921,444107,2144180,18696,321058,736485,985719,112205,832396,601734,1568249,399875,954384,349594,12331,404297
301604,303254,Heartbreak Shot,8949.0,446921,444107,2144180,18696,321058,736485,994668,112205,832396,601734,1568249,399875,954384,349594,12331,404297
263634,304500,Caustic Bite (dot),4108.0,446921,444107,2144180,18696,325166,736485,994668,112205,832396,601734,1568249,399875,954384,349594,12331,404297
263634,304500,Stormbite (dot),5137.0,446921,444107,2144180,18696,325166,736485,994668,112205,832396,601734,1568249,399875,954384,349594,12331,409434
304000,304758,Shot,8399.0,446921,444107,2144180,18696,325166,736485,994668,112205,832396,601734,1568249,399875,962783,349594,12331,409434
303475,304945,Refulgent Arrow,8883.0,446921,444107,2144180,18696,325166,736485,994668,112205,832396,601734,1577132,399875,962783,349594,12331,409434
303475,304945,Burst Shot,20425.0,446921,444107,2164605,18696,325166,736485,994668,112205,832396,601734,1577132,399875,962783,349594,12331,409434
304125,305775,Heartbreak Shot,9207.0,446921,444107,2164605,18696,325166,736485,1003875,112205,832396,601734,1577132,399875,962783,349594,12331,409434
305965,307435,Refulgent Arrow,8974.0,446921,444107,2164605,18696,325166,736485,1003875,112205,832396,601734,1586106,399875,962783,349594,12331,409434
305965,307435,Burst Shot,20353.0,446921,444107,2184958,18696,325166,736485,1003875,112205,832396,601734,1586106,399875,962783,349594,12331,409434
263634,307500,Caustic Bite (dot),4108.0,446921,444107,2184958,18696,329274,736485,1003875,112205,832396,601734,1586106,399875,962783,349594,12331,409434
263634,307500,Stormbite (dot),5137.0,446921,444107,2184958,18696,329274,736485,1003875,112205,832396,601734,1586106,399875,962783,349594,12331,414571
307040,307798,Shot,8399.0,446921,444107,2184958,18696,329274,736485,1003875,112205,832396,601734,1586106,399875,971182,349594,12331,414571
306615,308265,Heartbreak Shot,20158.0,446921,444107,2184958,18696,329274,736485,1024033,112205,832396,601734,1586106,399875,971182,349594,12331,414571
308455,309125,Iron Jaws,12454.0,446921,444107,2184958,18696,329274,736485,1024033,124659,832396,601734,1586106,399875,971182,349594,12331,414571
309254,310284,Empyreal Arrow,32390.0,446921,444107,2184958,18696,329274,768875,1024033,124659,832396,601734,1586106,399875,971182,349594,12331,414571
308455,310500,Caustic Bite (dot),2491.0,446921,444107,2184958,18696,331765,768875,1024033,124659,832396,601734,1586106,399875,971182,349594,12331,414571
308455,310500,Stormbite (dot),3115.0,446921,444107,2184958,18696,331765,768875,1024033,124659,832396,601734,1586106,399875,971182,349594,12331,417686
310080,310838,Shot,8399.0,446921,444107,2184958,18696,331765,768875,1024033,124659,832396,601734,1586106,399875,979581,349594,12331,417686
309874,311524,Heartbreak Shot,20169.0,446921,444107,2184958,18696,331765,768875,1044202,124659,832396,601734,1586106,399875,979581,349594,12331,417686
310945,312015,Apex Arrow,195.0,447116,444107,2184958,18696,331765,768875,1044202,124659,832396,601734,1586106,399875,979581,349594,12331,417686
310945,312015,Apex Arrow,91.0,447207,444107,2184958,18696,331765,768875,1044202,124659,832396,601734,1586106,399875,979581,349594,12331,417686
310945,312015,Apex Arrow,726.0,447933,444107,2184958,18696,331765,768875,1044202,124659,832396,601734,1586106,399875,979581,349594,12331,417686
310945,312015,Apex Arrow,3239.0,451172,444107,2184958,18696,331765,768875,1044202,124659,832396,601734,1586106,399875,979581,349594,12331,417686
310945,312015,Apex Arrow,1530.0,452702,444107,2184958,18696,331765,768875,1044202,124659,832396,601734,1586106,399875,979581,349594,12331,417686
310945,312015,Apex Arrow,80861.0,533563,444107,2184958,18696,331765,768875,1044202,124659,832396,601734,1586106,399875,979581,349594,12331,417686
310945,312015,Apex Arrow,12.0,533575,444107,2184958,18696,331765,768875,1044202,124659,832396,601734,1586106,399875,979581,349594,12331,417686
312423,312953,Sidewinder,49833.0,533575,444107,2184958,18696,331765,768875,1044202,124659,832396,601734,1586106,399875,979581,399427,12331,417686
308455,313500,Caustic Bite (dot),2491.0,533575,444107,2184958,18696,334256,768875,1044202,124659,832396,601734,1586106,399875,979581,399427,12331,417686
308455,313500,Stormbite (dot),3115.0,533575,444107,2184958,18696,334256,768875,1044202,124659,832396,601734,1586106,399875,979581,399427,12331,420801
313120,313878,Shot,8399.0,533575,444107,2184958,18696,334256,768875,1044202,124659,832396,601734,1586106,399875,987980,399427,12331,420801
313435,314905,Burst Shot,24.0,533575,444107,2184982,18696,334256,768875,1044202,124659,832396,601734,1586106,399875,987980,399427,12331,420801
313435,314905,Refulgent Arrow,24.0,533575,444107,2184982,18696,334256,768875,1044202,124659,832396,601734,1586130,399875,987980,399427,12331,420801
313435,315085,Blast Arrow,87071.0,533575,531178,2184982,18696,334256,768875,1044202,124659,832396,601734,1586130,399875,987980,399427,12331,420801
314055,315705,Heartbreak Shot,20140.0,533575,531178,2184982,18696,334256,768875,1064342,124659,832396,601734,1586130,399875,987980,399427,12331,420801
308455,316500,Caustic Bite (dot),2491.0,533575,531178,2184982,18696,336747,768875,1064342,124659,832396,601734,1586130,399875,987980,399427,12331,420801
308455,316500,Stormbite (dot),3115.0,533575,531178,2184982,18696,336747,768875,1064342,124659,832396,601734,1586130,399875,987980,399427,12331,423916
316160,316918,Shot,8399.0,533575,531178,2184982,18696,336747,768875,1064342,124659,832396,601734,1586130,399875,996379,399427,12331,423916
315925,317395,Refulgent Arrow,17868.0,533575,531178,2184982,18696,336747,768875,1064342,124659,832396,601734,1603998,399875,996379,399427,12331,423916
315925,317395,Burst Shot,13365.0,533575,531178,2198347,18696,336747,768875,1064342,124659,832396,601734,1603998,399875,996379,399427,12331,423916
316575,318225,Heartbreak Shot,8978.0,533575,531178,2198347,18696,336747,768875,1073320,124659,832396,601734,1603998,399875,996379,399427,12331,423916
308455,319500,Stormbite (dot),3115.0,533575,531178,2198347,18696,336747,768875,1073320,124659,832396,601734,1603998,399875,996379,399427,12331,427031
308455,319500,Caustic Bite (dot),2491.0,533575,531178,2198347,18696,339238,768875,1073320,124659,832396,601734,1603998,399875,996379,399427,12331,427031
318415,319885,Burst Shot,20134.0,533575,531178,2218481,18696,339238,768875,1073320,124659,832396,601734,1603998,399875,996379,399427,12331,427031
318415,319885,Refulgent Arrow,9253.0,533575,531178,2218481,18696,339238,768875,1073320,124659,832396,601734,1613251,399875,996379,399427,12331,427031
319200,319958,Shot,8399.0,533575,531178,2218481,18696,339238,768875,1073320,124659,832396,601734,1613251,399875,1004778,399427,12331,427031
319035,320685,Heartbreak Shot,8888.0,533575,531178,2218481,18696,339238,768875,1082208,124659,832396,601734,1613251,399875,1004778,399427,12331,427031
320905,322375,Refulgent Arrow,9072.0,533575,531178,2218481,18696,339238,768875,1082208,124659,832396,601734,1622323,399875,1004778,399427,12331,427031
320905,322375,Burst Shot,20277.0,533575,531178,2238758,18696,339238,768875,1082208,124659,832396,601734,1622323,399875,1004778,399427,12331,427031
308455,322500,Caustic Bite (dot),2491.0,533575,531178,2238758,18696,341729,768875,1082208,124659,832396,601734,1622323,399875,1004778,399427,12331,427031
308455,322500,Stormbite (dot),3115.0,533575,531178,2238758,18696,341729,768875,1082208,124659,832396,601734,1622323,399875,1004778,399427,12331,430146
322240,322998,Shot,8399.0,533575,531178,2238758,18696,341729,768875,1082208,124659,832396,601734,1622323,399875,1013177,399427,12331,430146
321555,323205,Heartbreak Shot,20234.0,533575,531178,2238758,18696,341729,768875,1102442,124659,832396,601734,1622323,399875,1013177,399427,12331,430146
323395,324865,Burst Shot,20323.0,533575,531178,2259081,18696,341729,768875,1102442,124659,832396,601734,1622323,399875,1013177,399427,12331,430146
323395,324865,Refulgent Arrow,8909.0,533575,531178,2259081,18696,341729,768875,1102442,124659,832396,601734,1631232,399875,1013177,399427,12331,430146
324254,325284,Empyreal Arrow,32293.0,533575,531178,2259081,18696,341729,801168,1102442,124659,832396,601734,1631232,399875,1013177,399427,12331,430146
308455,325500,Stormbite (dot),3115.0,533575,531178,2259081,18696,341729,801168,1102442,124659,832396,601734,1631232,399875,1013177,399427,12331,433261
308455,325500,Caustic Bite (dot),2491.0,533575,531178,2259081,18696,344220,801168,1102442,124659,832396,601734,1631232,399875,1013177,399427,12331,433261
325280,326038,Shot,8374.0,533575,531178,2259081,18696,344220,801168,1102442,124659,832396,601734,1631232,399875,1021551,399427,12331,433261
325885,327355,Refulgent Arrow,9250.0,533575,531178,2259081,18696,344220,801168,1102442,124659,832396,601734,1640482,399875,1021551,399427,12331,433261
325885,327355,Burst Shot,20055.0,533575,531178,2279136,18696,344220,801168,1102442,124659,832396,601734,1640482,399875,1021551,399427,12331,433261
308455,328500,Caustic Bite (dot),2491.0,533575,531178,2279136,18696,346711,801168,1102442,124659,832396,601734,1640482,399875,1021551,399427,12331,433261
308455,328500,Stormbite (dot),3115.0,533575,531178,2279136,18696,346711,801168,1102442,124659,832396,601734,1640482,399875,1021551,399427,12331,436376
328320,329078,Shot,8374.0,533575,531178,2279136,18696,346711,801168,1102442,124659,832396,601734,1640482,399875,1029925,399427,12331,436376
328275,329745,Burst Shot,20238.0,533575,531178,2299374,18696,346711,801168,1102442,124659,832396,601734,1640482,399875,1029925,399427,12331,436376
328275,329745,Refulgent Arrow,9017.0,533575,531178,2299374,18696,346711,801168,1102442,124659,832396,601734,1649499,399875,1029925,399427,12331,436376
328925,330575,Heartbreak Shot,11222.0,533575,531178,2299374,18696,346711,801168,1113664,124659,832396,601734,1649499,399875,1029925,399427,12331,436376
308455,331500,Caustic Bite (dot),2491.0,533575,531178,2299374,18696,349202,801168,1113664,124659,832396,601734,1649499,399875,1029925,399427,12331,436376
308455,331500,Stormbite (dot),3115.0,533575,531178,2299374,18696,349202,801168,1113664,124659,832396,601734,1649499,399875,1029925,399427,12331,439491
331360,332118,Shot,8374.0,533575,531178,2299374,18696,349202,801168,1113664,124659,832396,601734,1649499,399875,1038299,399427,12331,439491
330665,332135,Burst Shot,20282.0,533575,531178,2319656,18696,349202,801168,1113664,124659,832396,601734,1649499,399875,1038299,399427,12331,439491
330665,332135,Refulgent Arrow,8961.0,533575,531178,2319656,18696,349202,801168,1113664,124659,832396,601734,1658460,399875,1038299,399427,12331,439491
332955,334425,Burst Shot,20366.0,533575,531178,2340022,18696,349202,801168,1113664,124659,832396,601734,1658460,399875,1038299,399427,12331,439491
332955,334425,Refulgent Arrow,8853.0,533575,531178,2340022,18696,349202,801168,1113664,124659,832396,601734,1667313,399875,1038299,399427,12331,439491
308455,334500,Caustic Bite (dot),2491.0,533575,531178,2340022,18696,351693,801168,1113664,124659,832396,601734,1667313,399875,1038299,399427,12331,439491
308455,334500,Stormbite (dot),3115.0,533575,531178,2340022,18696,351693,801168,1113664,124659,832396,601734,1667313,399875,1038299,399427,12331,442606
334400,335158,Shot,8374.0,533575,531178,2340022,18696,351693,801168,1113664,124659,832396,601734,1667313,399875,1046673,399427,12331,442606
335145,336615,Refulgent Arrow,9097.0,533575,531178,2340022,18696,351693,801168,1113664,124659,832396,601734,1676410,399875,1046673,399427,12331,442606
335145,336615,Burst Shot,20175.0,533575,531178,2360197,18696,351693,801168,1113664,124659,832396,601734,1676410,399875,1046673,399427,12331,442606
308455,337500,Caustic Bite (dot),2491.0,533575,531178,2360197,18696,354184,801168,1113664,124659,832396,601734,1676410,399875,1046673,399427,12331,442606
308455,337500,Stormbite (dot),3115.0,533575,531178,2360197,18696,354184,801168,1113664,124659,832396,601734,1676410,399875,1046673,399427,12331,445721
336445,338095,Heartbreak Shot,11128.0,533575,531178,2360197,18696,354184,801168,1124792,124659,832396,601734,1676410,399875,1046673,399427,12331,445721
337440,338198,Shot,8374.0,533575,531178,2360197,18696,354184,801168,1124792,124659,832396,601734,1676410,399875,1055047,399427,12331,445721
337235,338705,Refulgent Arrow,9121.0,533575,531178,2360197,18696,354184,801168,1124792,124659,832396,601734,1685531,399875,1055047,399427,12331,445721
337235,338705,Burst Shot,20156.0,533575,531178,2380353,18696,354184,801168,1124792,124659,832396,601734,1685531,399875,1055047,399427,12331,445721
308455,340500,Caustic Bite (dot),2491.0,533575,531178,2380353,18696,356675,801168,1124792,124659,832396,601734,1685531,399875,1055047,399427,12331,445721
308455,340500,Stormbite (dot),3115.0,533575,531178,2380353,18696,356675,801168,1124792,124659,832396,601734,1685531,399875,1055047,399427,12331,448836
339325,340795,Refulgent Arrow,9013.0,533575,531178,2380353,18696,356675,801168,1124792,124659,832396,601734,1694544,399875,1055047,399427,12331,448836
339325,340795,Burst Shot,20241.0,533575,531178,2400594,18696,356675,801168,1124792,124659,832396,601734,1694544,399875,1055047,399427,12331,448836
339945,340975,Empyreal Arrow,32293.0,533575,531178,2400594,18696,356675,833461,1124792,124659,832396,601734,1694544,399875,1055047,399427,12331,448836
340480,341238,Shot,8374.0,533575,531178,2400594,18696,356675,833461,1124792,124659,832396,601734,1694544,399875,1063421,399427,12331,448836
341415,342885,Refulgent Arrow,8718.0,533575,531178,2400594,18696,356675,833461,1124792,124659,832396,601734,1703262,399875,1063421,399427,12331,448836
341415,342885,Burst Shot,20473.0,533575,531178,2421067,18696,356675,833461,1124792,124659,832396,601734,1703262,399875,1063421,399427,12331,448836
308455,343500,Stormbite (dot),3115.0,533575,531178,2421067,18696,356675,833461,1124792,124659,832396,601734,1703262,399875,1063421,399427,12331,451951
308455,343500,Caustic Bite (dot),2491.0,533575,531178,2421067,18696,359166,833461,1124792,124659,832396,601734,1703262,399875,1063421,399427,12331,451951
343520,344278,Shot,8374.0,533575,531178,2421067,18696,359166,833461,1124792,124659,832396,601734,1703262,399875,1071795,399427,12331,451951
343505,344975,Burst Shot,20170.0,533575,531178,2441237,18696,359166,833461,1124792,124659,832396,601734,1703262,399875,1071795,399427,12331,451951
343505,344975,Refulgent Arrow,9104.0,533575,531178,2441237,18696,359166,833461,1124792,124659,832396,601734,1712366,399875,1071795,399427,12331,451951
345595,346265,Iron Jaws,12417.0,533575,531178,2441237,18696,359166,833461,1124792,137076,832396,601734,1712366,399875,1071795,399427,12331,451951
345595,346500,Caustic Bite (dot),2484.0,533575,531178,2441237,18696,361650,833461,1124792,137076,832396,601734,1712366,399875,1071795,399427,12331,451951
345595,346500,Stormbite (dot),3106.0,533575,531178,2441237,18696,361650,833461,1124792,137076,832396,601734,1712366,399875,1071795,399427,12331,455057
346560,347318,Shot,8374.0,533575,531178,2441237,18696,361650,833461,1124792,137076,832396,601734,1712366,399875,1080169,399427,12331,455057
347685,349155,Burst Shot,13320.0,533575,531178,2454557,18696,361650,833461,1124792,137076,832396,601734,1712366,399875,1080169,399427,12331,455057
347685,349155,Refulgent Arrow,17822.0,533575,531178,2454557,18696,361650,833461,1124792,137076,832396,601734,1730188,399875,1080169,399427,12331,455057
345595,349500,Caustic Bite (dot),2484.0,533575,531178,2454557,18696,364134,833461,1124792,137076,832396,601734,1730188,399875,1080169,399427,12331,455057
345595,349500,Stormbite (dot),3106.0,533575,531178,2454557,18696,364134,833461,1124792,137076,832396,601734,1730188,399875,1080169,399427,12331,458163
349600,350358,Shot,8374.0,533575,531178,2454557,18696,364134,833461,1124792,137076,832396,601734,1730188,399875,1088543,399427,12331,458163
349775,351245,Burst Shot,20006.0,533575,531178,2474563,18696,364134,833461,1124792,137076,832396,601734,1730188,399875,1088543,399427,12331,458163
349775,351245,Refulgent Arrow,9312.0,533575,531178,2474563,18696,364134,833461,1124792,137076,832396,601734,1739500,399875,1088543,399427,12331,458163
345595,352500,Stormbite (dot),3106.0,533575,531178,2474563,18696,364134,833461,1124792,137076,832396,601734,1739500,399875,1088543,399427,12331,461269
345595,352500,Caustic Bite (dot),2484.0,533575,531178,2474563,18696,366618,833461,1124792,137076,832396,601734,1739500,399875,1088543,399427,12331,461269
351865,353335,Refulgent Arrow,8787.0,533575,531178,2474563,18696,366618,833461,1124792,137076,832396,601734,1748287,399875,1088543,399427,12331,461269
351865,353335,Burst Shot,20418.0,533575,531178,2494981,18696,366618,833461,1124792,137076,832396,601734,1748287,399875,1088543,399427,12331,461269
352640,353398,Shot,8374.0,533575,531178,2494981,18696,366618,833461,1124792,137076,832396,601734,1748287,399875,1096917,399427,12331,461269
353955,355425,Refulgent Arrow,9201.0,533575,531178,2494981,18696,366618,833461,1124792,137076,832396,601734,1757488,399875,1096917,399427,12331,461269
353955,355425,Burst Shot,20093.0,533575,531178,2515074,18696,366618,833461,1124792,137076,832396,601734,1757488,399875,1096917,399427,12331,461269
345595,355500,Caustic Bite (dot),2484.0,533575,531178,2515074,18696,369102,833461,1124792,137076,832396,601734,1757488,399875,1096917,399427,12331,461269
345595,355500,Stormbite (dot),3106.0,533575,531178,2515074,18696,369102,833461,1124792,137076,832396,601734,1757488,399875,1096917,399427,12331,464375
354945,355975,Empyreal Arrow,32293.0,533575,531178,2515074,18696,369102,865754,1124792,137076,832396,601734,1757488,399875,1096917,399427,12331,464375
355680,356438,Shot,8374.0,533575,531178,2515074,18696,369102,865754,1124792,137076,832396,601734,1757488,399875,1105291,399427,12331,464375
356045,357515,Burst Shot,20257.0,533575,531178,2535331,18696,369102,865754,1124792,137076,832396,601734,1757488,399875,1105291,399427,12331,464375
356045,357515,Refulgent Arrow,8992.0,533575,531178,2535331,18696,369102,865754,1124792,137076,832396,601734,1766480,399875,1105291,399427,12331,464375
345595,358500,Stormbite (dot),3106.0,533575,531178,2535331,18696,369102,865754,1124792,137076,832396,601734,1766480,399875,1105291,399427,12331,467481
345595,358500,Caustic Bite (dot),2484.0,533575,531178,2535331,18696,371586,865754,1124792,137076,832396,601734,1766480,399875,1105291,399427,12331,467481
358720,359478,Shot,8374.0,533575,531178,2535331,18696,371586,865754,1124792,137076,832396,601734,1766480,399875,1113665,399427,12331,467481
358135,359605,Refulgent Arrow,8850.0,533575,531178,2535331,18696,371586,865754,1124792,137076,832396,601734,1775330,399875,1113665,399427,12331,467481
358135,359605,Burst Shot,20369.0,533575,531178,2555700,18696,371586,865754,1124792,137076,832396,601734,1775330,399875,1113665,399427,12331,467481
345595,361500,Caustic Bite (dot),2484.0,533575,531178,2555700,18696,374070,865754,1124792,137076,832396,601734,1775330,399875,1113665,399427,12331,467481
345595,361500,Stormbite (dot),3106.0,533575,531178,2555700,18696,374070,865754,1124792,137076,832396,601734,1775330,399875,1113665,399427,12331,470587
360225,361695,Refulgent Arrow,9041.0,533575,531178,2555700,18696,374070,865754,1124792,137076,832396,601734,1784371,399875,1113665,399427,12331,470587
360225,361695,Burst Shot,20219.0,533575,531178,2575919,18696,374070,865754,1124792,137076,832396,601734,1784371,399875,1113665,399427,12331,470587
361760,362518,Shot,8405.0,533575,531178,2575919,18696,374070,865754,1124792,137076,832396,601734,1784371,399875,1122070,399427,12331,470587
362315,363785,Refulgent Arrow,9123.0,533575,531178,2575919,18696,374070,865754,1124792,137076,832396,601734,1793494,399875,1122070,399427,12331,470587
362315,363785,Burst Shot,20255.0,533575,531178,2596174,18696,374070,865754,1124792,137076,832396,601734,1793494,399875,1122070,399427,12331,470587
345595,364500,Caustic Bite (dot),2484.0,533575,531178,2596174,18696,376554,865754,1124792,137076,832396,601734,1793494,399875,1122070,399427,12331,470587
345595,364500,Stormbite (dot),3106.0,533575,531178,2596174,18696,376554,865754,1124792,137076,832396,601734,1793494,399875,1122070,399427,12331,473693
364800,365558,Shot,9097.0,533575,531178,2596174,18696,376554,865754,1124792,137076,832396,601734,1793494,399875,1131167,399427,12331,473693
364505,365975,Burst Shot,22114.0,533575,531178,2618288,18696,376554,865754,1124792,137076,832396,601734,1793494,399875,1131167,399427,12331,473693
364505,365975,Refulgent Arrow,9629.0,533575,531178,2618288,18696,376554,865754,1124792,137076,832396,601734,1803123,399875,1131167,399427,12331,473693
345595,367500,Stormbite (dot),3106.0,533575,531178,2618288,18696,376554,865754,1124792,137076,832396,601734,1803123,399875,1131167,399427,12331,476799
345595,367500,Caustic Bite (dot),2484.0,533575,531178,2618288,18696,379038,865754,1124792,137076,832396,601734,1803123,399875,1131167,399427,12331,476799
366695,368165,Burst Shot,29839.0,533575,531178,2648127,18696,379038,865754,1124792,137076,832396,601734,1803123,399875,1131167,399427,12331,476799
366695,368165,Refulgent Arrow,13573.0,533575,531178,2648127,18696,379038,865754,1124792,137076,832396,601734,1816696,399875,1131167,399427,12331,476799
367840,368598,Shot,13035.0,533575,531178,2648127,18696,379038,865754,1124792,137076,832396,601734,1816696,399875,1144202,399427,12331,476799
368043,369693,Heartbreak Shot,40016.0,533575,531178,2648127,18696,379038,865754,1164808,137076,832396,601734,1816696,399875,1144202,399427,12331,476799
345595,370500,Stormbite (dot),3106.0,533575,531178,2648127,18696,379038,865754,1164808,137076,832396,601734,1816696,399875,1144202,399427,12331,479905
345595,370500,Caustic Bite (dot),2484.0,533575,531178,2648127,18696,381522,865754,1164808,137076,832396,601734,1816696,399875,1144202,399427,12331,479905
368885,370845,Radiant Encore,244587.0,533575,531178,2648127,18696,381522,865754,1164808,137076,832396,846321,1816696,399875,1144202,399427,12331,479905
369945,370975,Empyreal Arrow,57807.0,533575,531178,2648127,18696,381522,923561,1164808,137076,832396,846321,1816696,399875,1144202,399427,12331,479905
370565,371365,Pitch Perfect,71693.0,533575,531178,2648127,18696,381522,923561,1164808,137076,904089,846321,1816696,399875,1144202,399427,12331,479905
370880,371638,Shot,14991.0,533575,531178,2648127,18696,381522,923561,1164808,137076,904089,846321,1816696,399875,1159193,399427,12331,479905
370565,372215,Heartbreak Shot,4173.0,533575,531178,2648127,18696,381522,923561,1168981,137076,904089,846321,1816696,399875,1159193,399427,12331,479905
371185,372655,Burst Shot,36138.0,533575,531178,2684265,18696,381522,923561,1168981,137076,904089,846321,1816696,399875,1159193,399427,12331,479905
371185,372655,Refulgent Arrow,16253.0,533575,531178,2684265,18696,381522,923561,1168981,137076,904089,846321,1832949,399875,1159193,399427,12331,479905
372423,372953,Sidewinder,88940.0,533575,531178,2684265,18696,381522,923561,1168981,137076,904089,846321,1832949,399875,1159193,488367,12331,479905
345595,373500,Caustic Bite (dot),2484.0,533575,531178,2684265,18696,384006,923561,1168981,137076,904089,846321,1832949,399875,1159193,488367,12331,479905
345595,373500,Stormbite (dot),3106.0,533575,531178,2684265,18696,384006,923561,1168981,137076,904089,846321,1832949,399875,1159193,488367,12331,483011
373043,373843,Pitch Perfect,6259.0,533575,531178,2684265,18696,384006,923561,1168981,137076,910348,846321,1832949,399875,1159193,488367,12331,483011
373920,374678,Shot,14991.0,533575,531178,2684265,18696,384006,923561,1168981,137076,910348,846321,1832949,399875,1174184,488367,12331,483011
373043,374693,Heartbreak Shot,35843.0,533575,531178,2684265,18696,384006,923561,1204824,137076,910348,846321,1832949,399875,1174184,488367,12331,483011
373675,374745,Apex Arrow,5958.0,539533,531178,2684265,18696,384006,923561,1204824,137076,910348,846321,1832949,399875,1174184,488367,12331,483011
373675,374745,Apex Arrow,336.0,539869,531178,2684265,18696,384006,923561,1204824,137076,910348,846321,1832949,399875,1174184,488367,12331,483011
373675,374745,Apex Arrow,163.0,540032,531178,2684265,18696,384006,923561,1204824,137076,910348,846321,1832949,399875,1174184,488367,12331,483011
373675,374745,Apex Arrow,32.0,540064,531178,2684265,18696,384006,923561,1204824,137076,910348,846321,1832949,399875,1174184,488367,12331,483011
373675,374745,Apex Arrow,1508.0,541572,531178,2684265,18696,384006,923561,1204824,137076,910348,846321,1832949,399875,1174184,488367,12331,483011
373675,374745,Apex Arrow,3557.0,545129,531178,2684265,18696,384006,923561,1204824,137076,910348,846321,1832949,399875,1174184,488367,12331,483011
373675,374745,Apex Arrow,142959.0,688088,531178,2684265,18696,384006,923561,1204824,137076,910348,846321,1832949,399875,1174184,488367,12331,483011
345595,376500,Caustic Bite (dot),2484.0,688088,531178,2684265,18696,386490,923561,1204824,137076,910348,846321,1832949,399875,1174184,488367,12331,483011
345595,376500,Stormbite (dot),3106.0,688088,531178,2684265,18696,386490,923561,1204824,137076,910348,846321,1832949,399875,1174184,488367,12331,486117
374915,376565,Heartbreak Shot,20092.0,688088,531178,2684265,18696,386490,923561,1224916,137076,910348,846321,1832949,399875,1174184,488367,12331,486117
376815,377615,Pitch Perfect,1512.0,688088,531178,2684265,18696,386490,923561,1224916,137076,911860,846321,1832949,399875,1174184,488367,12331,486117
376165,377635,Refulgent Arrow,24.0,688088,531178,2684265,18696,386490,923561,1224916,137076,911860,846321,1832973,399875,1174184,488367,12331,486117
376165,377635,Burst Shot,63.0,688088,531178,2684328,18696,386490,923561,1224916,137076,911860,846321,1832973,399875,1174184,488367,12331,486117
376960,377718,Shot,14991.0,688088,531178,2684328,18696,386490,923561,1224916,137076,911860,846321,1832973,399875,1189175,488367,12331,486117
376165,377815,Blast Arrow,155379.0,688088,686557,2684328,18696,386490,923561,1224916,137076,911860,846321,1832973,399875,1189175,488367,12331,486117
345595,379500,Stormbite (dot),3106.0,688088,686557,2684328,18696,386490,923561,1224916,137076,911860,846321,1832973,399875,1189175,488367,12331,489223
345595,379500,Caustic Bite (dot),2484.0,688088,686557,2684328,18696,388974,923561,1224916,137076,911860,846321,1832973,399875,1189175,488367,12331,489223
378655,379815,Resonant Arrow,142301.0,688088,686557,2684328,18696,388974,923561,1224916,137076,911860,846321,1832973,542176,1189175,488367,12331,489223
379305,380105,Pitch Perfect,37275.0,688088,686557,2684328,18696,388974,923561,1224916,137076,949135,846321,1832973,542176,1189175,488367,12331,489223
380000,380758,Shot,14991.0,688088,686557,2684328,18696,388974,923561,1224916,137076,949135,846321,1832973,542176,1204166,488367,12331,489223
345595,382500,Stormbite (dot),3106.0,688088,686557,2684328,18696,388974,923561,1224916,137076,949135,846321,1832973,542176,1204166,488367,12331,492329
345595,382500,Caustic Bite (dot),2484.0,688088,686557,2684328,18696,391458,923561,1224916,137076,949135,846321,1832973,542176,1204166,488367,12331,492329
381145,382615,Refulgent Arrow,62250.0,688088,686557,2684328,18696,391458,923561,1224916,137076,949135,846321,1895223,542176,1204166,488367,12331,492329
381145,382735,Refulgent Arrow,62250.0,688088,686557,2684328,18696,391458,923561,1224916,137076,949135,846321,1957473,542176,1204166,488367,12331,492329
381145,382855,Refulgent Arrow,62250.0,688088,686557,2684328,18696,391458,923561,1224916,137076,949135,846321,2019723,542176,1204166,488367,12331,492329
382445,383245,Pitch Perfect,25141.0,688088,686557,2684328,18696,391458,923561,1224916,137076,974276,846321,2019723,542176,1204166,488367,12331,492329
381795,383445,Heartbreak Shot,19924.0,688088,686557,2684328,18696,391458,923561,1244840,137076,974276,846321,2019723,542176,1204166,488367,12331,492329
383040,383798,Shot,14991.0,688088,686557,2684328,18696,391458,923561,1244840,137076,974276,846321,2019723,542176,1219157,488367,12331,492329
383635,384305,Iron Jaws,22230.0,688088,686557,2684328,18696,391458,923561,1244840,159306,974276,846321,2019723,542176,1219157,488367,12331,492329
383635,385500,Caustic Bite (dot),4449.0,688088,686557,2684328,18696,395907,923561,1244840,159306,974276,846321,2019723,542176,1219157,488367,12331,492329
383635,385500,Stormbite (dot),5561.0,688088,686557,2684328,18696,395907,923561,1244840,159306,974276,846321,2019723,542176,1219157,488367,12331,497890
384945,385975,Empyreal Arrow,57807.0,688088,686557,2684328,18696,395907,981368,1244840,159306,974276,846321,2019723,542176,1219157,488367,12331,497890
386080,386838,Shot,12837.0,688088,686557,2684328,18696,395907,981368,1244840,159306,974276,846321,2019723,542176,1231994,488367,12331,497890
386745,387545,Pitch Perfect,31586.0,688088,686557,2684328,18696,395907,981368,1244840,159306,1005862,846321,2019723,542176,1231994,488367,12331,497890
386125,387595,Refulgent Arrow,27992.0,688088,686557,2684328,18696,395907,981368,1244840,159306,1005862,846321,2047715,542176,1231994,488367,12331,497890
386125,387595,Burst Shot,19890.0,688088,686557,2704218,18696,395907,981368,1244840,159306,1005862,846321,2047715,542176,1231994,488367,12331,497890
383635,388500,Caustic Bite (dot),4449.0,688088,686557,2704218,18696,400356,981368,1244840,159306,1005862,846321,2047715,542176,1231994,488367,12331,497890
383635,388500,Stormbite (dot),5561.0,688088,686557,2704218,18696,400356,981368,1244840,159306,1005862,846321,2047715,542176,1231994,488367,12331,503451
389120,389878,Shot,9097.0,688088,686557,2704218,18696,400356,981368,1244840,159306,1005862,846321,2047715,542176,1241091,488367,12331,503451
389235,390035,Pitch Perfect,15844.0,688088,686557,2704218,18696,400356,981368,1244840,159306,1021706,846321,2047715,542176,1241091,488367,12331,503451
388615,390085,Burst Shot,22117.0,688088,686557,2726335,18696,400356,981368,1244840,159306,1021706,846321,2047715,542176,1241091,488367,12331,503451
388615,390085,Refulgent Arrow,9625.0,688088,686557,2726335,18696,400356,981368,1244840,159306,1021706,846321,2057340,542176,1241091,488367,12331,503451
389235,390885,Heartbreak Shot,8329.0,688088,686557,2726335,18696,400356,981368,1253169,159306,1021706,846321,2057340,542176,1241091,488367,12331,503451
383635,391500,Stormbite (dot),5561.0,688088,686557,2726335,18696,400356,981368,1253169,159306,1021706,846321,2057340,542176,1241091,488367,12331,509012
383635,391500,Caustic Bite (dot),4449.0,688088,686557,2726335,18696,404805,981368,1253169,159306,1021706,846321,2057340,542176,1241091,488367,12331,509012
389885,391535,Heartbreak Shot,3863.0,688088,686557,2726335,18696,404805,981368,1257032,159306,1021706,846321,2057340,542176,1241091,488367,12331,509012
391756,392556,Pitch Perfect,5736.0,688088,686557,2726335,18696,404805,981368,1257032,159306,1027442,846321,2057340,542176,1241091,488367,12331,509012
391106,392576,Refulgent Arrow,10097.0,688088,686557,2726335,18696,404805,981368,1257032,159306,1027442,846321,2067437,542176,1241091,488367,12331,509012
391106,392576,Burst Shot,21746.0,688088,686557,2748081,18696,404805,981368,1257032,159306,1027442,846321,2067437,542176,1241091,488367,12331,509012
392160,392918,Shot,9097.0,688088,686557,2748081,18696,404805,981368,1257032,159306,1027442,846321,2067437,542176,1250188,488367,12331,509012
383635,394500,Caustic Bite (dot),4449.0,688088,686557,2748081,18696,409254,981368,1257032,159306,1027442,846321,2067437,542176,1250188,488367,12331,509012
383635,394500,Stormbite (dot),5561.0,688088,686557,2748081,18696,409254,981368,1257032,159306,1027442,846321,2067437,542176,1250188,488367,12331,514573
394246,395046,Pitch Perfect,13314.0,688088,686557,2748081,18696,409254,981368,1257032,159306,1040756,846321,2067437,542176,1250188,488367,12331,514573
393596,395066,Refulgent Arrow,9224.0,688088,686557,2748081,18696,409254,981368,1257032,159306,1040756,846321,2076661,542176,1250188,488367,12331,514573
393596,395066,Burst Shot,20175.0,688088,686557,2768256,18696,409254,981368,1257032,159306,1040756,846321,2076661,542176,1250188,488367,12331,514573
395200,395958,Shot,8405.0,688088,686557,2768256,18696,409254,981368,1257032,159306,1040756,846321,2076661,542176,1258593,488367,12331,514573
383635,397500,Stormbite (dot),5561.0,688088,686557,2768256,18696,409254,981368,1257032,159306,1040756,846321,2076661,542176,1258593,488367,12331,520134
383635,397500,Caustic Bite (dot),4449.0,688088,686557,2768256,18696,413703,981368,1257032,159306,1040756,846321,2076661,542176,1258593,488367,12331,520134
396086,397556,Refulgent Arrow,8819.0,688088,686557,2768256,18696,413703,981368,1257032,159306,1040756,846321,2085480,542176,1258593,488367,12331,520134
396086,397556,Burst Shot,20493.0,688088,686557,2788749,18696,413703,981368,1257032,159306,1040756,846321,2085480,542176,1258593,488367,12331,520134
397386,398186,Pitch Perfect,14715.0,688088,686557,2788749,18696,413703,981368,1257032,159306,1055471,846321,2085480,542176,1258593,488367,12331,520134
396736,398386,Heartbreak Shot,11169.0,688088,686557,2788749,18696,413703,981368,1268201,159306,1055471,846321,2085480,542176,1258593,488367,12331,520134
398240,398998,Shot,8405.0,688088,686557,2788749,18696,413703,981368,1268201,159306,1055471,846321,2085480,542176,1266998,488367,12331,520134
398576,400046,Burst Shot,20389.0,688088,686557,2809138,18696,413703,981368,1268201,159306,1055471,846321,2085480,542176,1266998,488367,12331,520134
398576,400046,Refulgent Arrow,8952.0,688088,686557,2809138,18696,413703,981368,1268201,159306,1055471,846321,2094432,542176,1266998,488367,12331,520134
383635,400500,Stormbite (dot),5561.0,688088,686557,2809138,18696,413703,981368,1268201,159306,1055471,846321,2094432,542176,1266998,488367,12331,525695
383635,400500,Caustic Bite (dot),4449.0,688088,686557,2809138,18696,418152,981368,1268201,159306,1055471,846321,2094432,542176,1266998,488367,12331,525695
401280,402038,Shot,8405.0,688088,686557,2809138,18696,418152,981368,1268201,159306,1055471,846321,2094432,542176,1275403,488367,12331,525695
401686,402486,Pitch Perfect,10124.0,688088,686557,2809138,18696,418152,981368,1268201,159306,1065595,846321,2094432,542176,1275403,488367,12331,525695
401066,402536,Burst Shot,20274.0,688088,686557,2829412,18696,418152,981368,1268201,159306,1065595,846321,2094432,542176,1275403,488367,12331,525695
401066,402536,Refulgent Arrow,9099.0,688088,686557,2829412,18696,418152,981368,1268201,159306,1065595,846321,2103531,542176,1275403,488367,12331,525695
402306,403336,Empyreal Arrow,32412.0,688088,686557,2829412,18696,418152,1013780,1268201,159306,1065595,846321,2103531,542176,1275403,488367,12331,525695
383635,403500,Caustic Bite (dot),4449.0,688088,686557,2829412,18696,422601,1013780,1268201,159306,1065595,846321,2103531,542176,1275403,488367,12331,525695
383635,403500,Stormbite (dot),5561.0,688088,686557,2829412,18696,422601,1013780,1268201,159306,1065595,846321,2103531,542176,1275403,488367,12331,531256
404176,404976,Pitch Perfect,27832.0,688088,686557,2829412,18696,422601,1013780,1268201,159306,1093427,846321,2103531,542176,1275403,488367,12331,531256
403556,405026,Burst Shot,20422.0,688088,686557,2849834,18696,422601,1013780,1268201,159306,1093427,846321,2103531,542176,1275403,488367,12331,531256
403556,405026,Refulgent Arrow,8910.0,688088,686557,2849834,18696,422601,1013780,1268201,159306,1093427,846321,2112441,542176,1275403,488367,12331,531256
404320,405078,Shot,8405.0,688088,686557,2849834,18696,422601,1013780,1268201,159306,1093427,846321,2112441,542176,1283808,488367,12331,531256
404826,405626,Pitch Perfect,788.0,688088,686557,2849834,18696,422601,1013780,1268201,159306,1094215,846321,2112441,542176,1283808,488367,12331,531256
404826,405626,Pitch Perfect,8679.0,688088,686557,2849834,18696,422601,1013780,1268201,159306,1102894,846321,2112441,542176,1283808,488367,12331,531256
404176,405826,Heartbreak Shot,4237.0,688088,686557,2849834,18696,422601,1013780,1272438,159306,1102894,846321,2112441,542176,1283808,488367,12331,531256
404826,406476,Heartbreak Shot,7026.0,688088,686557,2849834,18696,422601,1013780,1279464,159306,1102894,846321,2112441,542176,1283808,488367,12331,531256
383635,406500,Caustic Bite (dot),4449.0,688088,686557,2849834,18696,427050,1013780,1279464,159306,1102894,846321,2112441,542176,1283808,488367,12331,531256
383635,406500,Stormbite (dot),5561.0,688088,686557,2849834,18696,427050,1013780,1279464,159306,1102894,846321,2112441,542176,1283808,488367,12331,536817
406046,407516,Burst Shot,20389.0,688088,686557,2870223,18696,427050,1013780,1279464,159306,1102894,846321,2112441,542176,1283808,488367,12331,536817
406046,407516,Refulgent Arrow,8929.0,688088,686557,2870223,18696,427050,1013780,1279464,159306,1102894,846321,2121370,542176,1283808,488367,12331,536817
407360,408118,Shot,8399.0,688088,686557,2870223,18696,427050,1013780,1279464,159306,1102894,846321,2121370,542176,1292207,488367,12331,536817
383635,409500,Stormbite (dot),5561.0,688088,686557,2870223,18696,427050,1013780,1279464,159306,1102894,846321,2121370,542176,1292207,488367,12331,542378
383635,409500,Caustic Bite (dot),4449.0,688088,686557,2870223,18696,431499,1013780,1279464,159306,1102894,846321,2121370,542176,1292207,488367,12331,542378
408536,410006,Burst Shot,20422.0,688088,686557,2890645,18696,431499,1013780,1279464,159306,1102894,846321,2121370,542176,1292207,488367,12331,542378
408536,410006,Refulgent Arrow,8887.0,688088,686557,2890645,18696,431499,1013780,1279464,159306,1102894,846321,2130257,542176,1292207,488367,12331,542378
409186,410836,Heartbreak Shot,8886.0,688088,686557,2890645,18696,431499,1013780,1288350,159306,1102894,846321,2130257,542176,1292207,488367,12331,542378
410400,411158,Shot,8399.0,688088,686557,2890645,18696,431499,1013780,1288350,159306,1102894,846321,2130257,542176,1300606,488367,12331,542378
411026,412496,Burst Shot,20299.0,688088,686557,2910944,18696,431499,1013780,1288350,159306,1102894,846321,2130257,542176,1300606,488367,12331,542378
411026,412496,Refulgent Arrow,9044.0,688088,686557,2910944,18696,431499,1013780,1288350,159306,1102894,846321,2139301,542176,1300606,488367,12331,542378
383635,412500,Caustic Bite (dot),4449.0,688088,686557,2910944,18696,435948,1013780,1288350,159306,1102894,846321,2139301,542176,1300606,488367,12331,542378
383635,412500,Stormbite (dot),5561.0,688088,686557,2910944,18696,435948,1013780,1288350,159306,1102894,846321,2139301,542176,1300606,488367,12331,547939
411646,413296,Heartbreak Shot,20183.0,688088,686557,2910944,18696,435948,1013780,1308533,159306,1102894,846321,2139301,542176,1300606,488367,12331,547939
413440,414198,Shot,8399.0,688088,686557,2910944,18696,435948,1013780,1308533,159306,1102894,846321,2139301,542176,1309005,488367,12331,547939
413516,414986,Burst Shot,20074.0,688088,686557,2931018,18696,435948,1013780,1308533,159306,1102894,846321,2139301,542176,1309005,488367,12331,547939
413516,414986,Refulgent Arrow,9330.0,688088,686557,2931018,18696,435948,1013780,1308533,159306,1102894,846321,2148631,542176,1309005,488367,12331,547939
383635,415500,Caustic Bite (dot),4449.0,688088,686557,2931018,18696,440397,1013780,1308533,159306,1102894,846321,2148631,542176,1309005,488367,12331,547939
383635,415500,Stormbite (dot),5561.0,688088,686557,2931018,18696,440397,1013780,1308533,159306,1102894,846321,2148631,542176,1309005,488367,12331,553500
414136,415786,Heartbreak Shot,8958.0,688088,686557,2931018,18696,440397,1013780,1317491,159306,1102894,846321,2148631,542176,1309005,488367,12331,553500
416480,417238,Shot,8399.0,688088,686557,2931018,18696,440397,1013780,1317491,159306,1102894,846321,2148631,542176,1317404,488367,12331,553500
416006,417476,Burst Shot,20351.0,688088,686557,2951369,18696,440397,1013780,1317491,159306,1102894,846321,2148631,542176,1317404,488367,12331,553500
416006,417476,Refulgent Arrow,8977.0,688088,686557,2951369,18696,440397,1013780,1317491,159306,1102894,846321,2157608,542176,1317404,488367,12331,553500
417306,418336,Empyreal Arrow,32390.0,688088,686557,2951369,18696,440397,1046170,1317491,159306,1102894,846321,2157608,542176,1317404,488367,12331,553500
383635,418500,Stormbite (dot),5561.0,688088,686557,2951369,18696,440397,1046170,1317491,159306,1102894,846321,2157608,542176,1317404,488367,12331,559061
383635,418500,Caustic Bite (dot),4449.0,688088,686557,2951369,18696,444846,1046170,1317491,159306,1102894,846321,2157608,542176,1317404,488367,12331,559061
418496,419966,Burst Shot,20027.0,688088,686557,2971396,18696,444846,1046170,1317491,159306,1102894,846321,2157608,542176,1317404,488367,12331,559061
418496,419966,Refulgent Arrow,9389.0,688088,686557,2971396,18696,444846,1046170,1317491,159306,1102894,846321,2166997,542176,1317404,488367,12331,559061
419520,420278,Shot,8399.0,688088,686557,2971396,18696,444846,1046170,1317491,159306,1102894,846321,2166997,542176,1325803,488367,12331,559061
419116,420766,Heartbreak Shot,22418.0,688088,686557,2971396,18696,444846,1046170,1339909,159306,1102894,846321,2166997,542176,1325803,488367,12331,559061
419766,421416,Heartbreak Shot,8929.0,688088,686557,2971396,18696,444846,1046170,1348838,159306,1102894,846321,2166997,542176,1325803,488367,12331,559061
383635,421500,Caustic Bite (dot),4449.0,688088,686557,2971396,18696,449295,1046170,1348838,159306,1102894,846321,2166997,542176,1325803,488367,12331,559061
383635,421500,Stormbite (dot),5561.0,688088,686557,2971396,18696,449295,1046170,1348838,159306,1102894,846321,2166997,542176,1325803,488367,12331,564622
420986,422456,Refulgent Arrow,8880.0,688088,686557,2971396,18696,449295,1046170,1348838,159306,1102894,846321,2175877,542176,1325803,488367,12331,564622
420986,422456,Burst Shot,20427.0,688088,686557,2991823,18696,449295,1046170,1348838,159306,1102894,846321,2175877,542176,1325803,488367,12331,564622
421606,423256,Heartbreak Shot,8978.0,688088,686557,2991823,18696,449295,1046170,1357816,159306,1102894,846321,2175877,542176,1325803,488367,12331,564622
422560,423318,Shot,8399.0,688088,686557,2991823,18696,449295,1046170,1357816,159306,1102894,846321,2175877,542176,1334202,488367,12331,564622
383635,424500,Caustic Bite (dot),4449.0,688088,686557,2991823,18696,453744,1046170,1357816,159306,1102894,846321,2175877,542176,1334202,488367,12331,564622
383635,424500,Stormbite (dot),5561.0,688088,686557,2991823,18696,453744,1046170,1357816,159306,1102894,846321,2175877,542176,1334202,488367,12331,570183
423476,424946,Burst Shot,20455.0,688088,686557,3012278,18696,453744,1046170,1357816,159306,1102894,846321,2175877,542176,1334202,488367,12331,570183
423476,424946,Refulgent Arrow,8845.0,688088,686557,3012278,18696,453744,1046170,1357816,159306,1102894,846321,2184722,542176,1334202,488367,12331,570183
424096,425746,Heartbreak Shot,9052.0,688088,686557,3012278,18696,453744,1046170,1366868,159306,1102894,846321,2184722,542176,1334202,488367,12331,570183
425600,426358,Shot,8399.0,688088,686557,3012278,18696,453744,1046170,1366868,159306,1102894,846321,2184722,542176,1342601,488367,12331,570183
425966,427436,Burst Shot,20389.0,688088,686557,3032667,18696,453744,1046170,1366868,159306,1102894,846321,2184722,542176,1342601,488367,12331,570183
425966,427436,Refulgent Arrow,8929.0,688088,686557,3032667,18696,453744,1046170,1366868,159306,1102894,846321,2193651,542176,1342601,488367,12331,570183
383635,427500,Caustic Bite (dot),4449.0,688088,686557,3032667,18696,458193,1046170,1366868,159306,1102894,846321,2193651,542176,1342601,488367,12331,570183
383635,427500,Stormbite (dot),5561.0,688088,686557,3032667,18696,458193,1046170,1366868,159306,1102894,846321,2193651,542176,1342601,488367,12331,575744
426616,428266,Heartbreak Shot,20194.0,688088,686557,3032667,18696,458193,1046170,1387062,159306,1102894,846321,2193651,542176,1342601,488367,12331,575744
428456,429126,Iron Jaws,12454.0,688088,686557,3032667,18696,458193,1046170,1387062,171760,1102894,846321,2193651,542176,1342601,488367,12331,575744
428640,429398,Shot,8399.0,688088,686557,3032667,18696,458193,1046170,1387062,171760,1102894,846321,2193651,542176,1351000,488367,12331,575744
428456,430500,Stormbite (dot),3115.0,688088,686557,3032667,18696,458193,1046170,1387062,171760,1102894,846321,2193651,542176,1351000,488367,12331,578859
428456,430500,Caustic Bite (dot),2491.0,688088,686557,3032667,18696,460684,1046170,1387062,171760,1102894,846321,2193651,542176,1351000,488367,12331,578859
429076,430726,Heartbreak Shot,8835.0,688088,686557,3032667,18696,460684,1046170,1395897,171760,1102894,846321,2193651,542176,1351000,488367,12331,578859
430946,432416,Refulgent Arrow,18088.0,688088,686557,3032667,18696,460684,1046170,1395897,171760,1102894,846321,2211739,542176,1351000,488367,12331,578859
430946,432416,Burst Shot,13192.0,688088,686557,3045859,18696,460684,1046170,1395897,171760,1102894,846321,2211739,542176,1351000,488367,12331,578859
431680,432438,Shot,8399.0,688088,686557,3045859,18696,460684,1046170,1395897,171760,1102894,846321,2211739,542176,1359399,488367,12331,578859
432423,432953,Sidewinder,49833.0,688088,686557,3045859,18696,460684,1046170,1395897,171760,1102894,846321,2211739,542176,1359399,538200,12331,578859
428456,433500,Stormbite (dot),3115.0,688088,686557,3045859,18696,460684,1046170,1395897,171760,1102894,846321,2211739,542176,1359399,538200,12331,581974
428456,433500,Caustic Bite (dot),2491.0,688088,686557,3045859,18696,463175,1046170,1395897,171760,1102894,846321,2211739,542176,1359399,538200,12331,581974
433436,434506,Apex Arrow,69053.0,757141,686557,3045859,18696,463175,1046170,1395897,171760,1102894,846321,2211739,542176,1359399,538200,12331,581974
433436,434506,Apex Arrow,5.0,757146,686557,3045859,18696,463175,1046170,1395897,171760,1102894,846321,2211739,542176,1359399,538200,12331,581974
433436,434506,Apex Arrow,431.0,757577,686557,3045859,18696,463175,1046170,1395897,171760,1102894,846321,2211739,542176,1359399,538200,12331,581974
433436,434506,Apex Arrow,219.0,757796,686557,3045859,18696,463175,1046170,1395897,171760,1102894,846321,2211739,542176,1359399,538200,12331,581974
433436,434506,Apex Arrow,73.0,757869,686557,3045859,18696,463175,1046170,1395897,171760,1102894,846321,2211739,542176,1359399,538200,12331,581974
433436,434506,Apex Arrow,6984.0,764853,686557,3045859,18696,463175,1046170,1395897,171760,1102894,846321,2211739,542176,1359399,538200,12331,581974
433436,434506,Apex Arrow,1290.0,766143,686557,3045859,18696,463175,1046170,1395897,171760,1102894,846321,2211739,542176,1359399,538200,12331,581974
433436,434506,Apex Arrow,2705.0,768848,686557,3045859,18696,463175,1046170,1395897,171760,1102894,846321,2211739,542176,1359399,538200,12331,581974
433436,434506,Apex Arrow,4497.0,773345,686557,3045859,18696,463175,1046170,1395897,171760,1102894,846321,2211739,542176,1359399,538200,12331,581974
434056,435086,Empyreal Arrow,32390.0,773345,686557,3045859,18696,463175,1078560,1395897,171760,1102894,846321,2211739,542176,1359399,538200,12331,581974
434720,435478,Shot,8399.0,773345,686557,3045859,18696,463175,1078560,1395897,171760,1102894,846321,2211739,542176,1367798,538200,12331,581974
434676,436326,Heartbreak Shot,22418.0,773345,686557,3045859,18696,463175,1078560,1418315,171760,1102894,846321,2211739,542176,1367798,538200,12331,581974
428456,436500,Caustic Bite (dot),2491.0,773345,686557,3045859,18696,465666,1078560,1418315,171760,1102894,846321,2211739,542176,1367798,538200,12331,581974
428456,436500,Stormbite (dot),3115.0,773345,686557,3045859,18696,465666,1078560,1418315,171760,1102894,846321,2211739,542176,1367798,538200,12331,585089
435926,437396,Refulgent Arrow,143.0,773345,686557,3045859,18696,465666,1078560,1418315,171760,1102894,846321,2211882,542176,1367798,538200,12331,585089
435926,437396,Burst Shot,205.0,773345,686557,3046064,18696,465666,1078560,1418315,171760,1102894,846321,2211882,542176,1367798,538200,12331,585089
435926,437576,Blast Arrow,86199.0,773345,772756,3046064,18696,465666,1078560,1418315,171760,1102894,846321,2211882,542176,1367798,538200,12331,585089
436576,438226,Heartbreak Shot,18051.0,773345,772756,3046064,18696,465666,1078560,1436366,171760,1102894,846321,2211882,542176,1367798,538200,12331,585089
437760,438518,Shot,8399.0,773345,772756,3046064,18696,465666,1078560,1436366,171760,1102894,846321,2211882,542176,1376197,538200,12331,585089
428456,439500,Caustic Bite (dot),2491.0,773345,772756,3046064,18696,468157,1078560,1436366,171760,1102894,846321,2211882,542176,1376197,538200,12331,585089
428456,439500,Stormbite (dot),3115.0,773345,772756,3046064,18696,468157,1078560,1436366,171760,1102894,846321,2211882,542176,1376197,538200,12331,588204
438416,439886,Refulgent Arrow,9113.0,773345,772756,3046064,18696,468157,1078560,1436366,171760,1102894,846321,2220995,542176,1376197,538200,12331,588204
438416,439886,Burst Shot,20244.0,773345,772756,3066308,18696,468157,1078560,1436366,171760,1102894,846321,2220995,542176,1376197,538200,12331,588204
439036,440686,Heartbreak Shot,9066.0,773345,772756,3066308,18696,468157,1078560,1445432,171760,1102894,846321,2220995,542176,1376197,538200,12331,588204
440800,441558,Shot,8399.0,773345,772756,3066308,18696,468157,1078560,1445432,171760,1102894,846321,2220995,542176,1384596,538200,12331,588204
440906,442376,Burst Shot,20285.0,773345,772756,3086593,18696,468157,1078560,1445432,171760,1102894,846321,2220995,542176,1384596,538200,12331,588204
440906,442376,Refulgent Arrow,9061.0,773345,772756,3086593,18696,468157,1078560,1445432,171760,1102894,846321,2230056,542176,1384596,538200,12331,588204
428456,442500,Caustic Bite (dot),2491.0,773345,772756,3086593,18696,470648,1078560,1445432,171760,1102894,846321,2230056,542176,1384596,538200,12331,588204
428456,442500,Stormbite (dot),3115.0,773345,772756,3086593,18696,470648,1078560,1445432,171760,1102894,846321,2230056,542176,1384596,538200,12331,591319
441556,443206,Heartbreak Shot,20145.0,773345,772756,3086593,18696,470648,1078560,1465577,171760,1102894,846321,2230056,542176,1384596,538200,12331,591319
443840,444598,Shot,8374.0,773345,772756,3086593,18696,470648,1078560,1465577,171760,1102894,846321,2230056,542176,1392970,538200,12331,591319
443397,444867,Burst Shot,20380.0,773345,772756,3106973,18696,470648,1078560,1465577,171760,1102894,846321,2230056,542176,1392970,538200,12331,591319
443397,444867,Refulgent Arrow,8836.0,773345,772756,3106973,18696,470648,1078560,1465577,171760,1102894,846321,2238892,542176,1392970,538200,12331,591319
428456,445500,Stormbite (dot),3115.0,773345,772756,3106973,18696,470648,1078560,1465577,171760,1102894,846321,2238892,542176,1392970,538200,12331,594434
428456,445500,Caustic Bite (dot),2491.0,773345,772756,3106973,18696,473139,1078560,1465577,171760,1102894,846321,2238892,542176,1392970,538200,12331,594434
445887,447357,Burst Shot,20060.0,773345,772756,3127033,18696,473139,1078560,1465577,171760,1102894,846321,2238892,542176,1392970,538200,12331,594434
445887,447357,Refulgent Arrow,9243.0,773345,772756,3127033,18696,473139,1078560,1465577,171760,1102894,846321,2248135,542176,1392970,538200,12331,594434
446880,447638,Shot,8374.0,773345,772756,3127033,18696,473139,1078560,1465577,171760,1102894,846321,2248135,542176,1401344,538200,12331,594434
428456,448500,Caustic Bite (dot),2491.0,773345,772756,3127033,18696,475630,1078560,1465577,171760,1102894,846321,2248135,542176,1401344,538200,12331,594434
428456,448500,Stormbite (dot),3115.0,773345,772756,3127033,18696,475630,1078560,1465577,171760,1102894,846321,2248135,542176,1401344,538200,12331,597549
448277,449747,Burst Shot,20263.0,773345,772756,3147296,18696,475630,1078560,1465577,171760,1102894,846321,2248135,542176,1401344,538200,12331,597549
448277,449747,Refulgent Arrow,8985.0,773345,772756,3147296,18696,475630,1078560,1465577,171760,1102894,846321,2257120,542176,1401344,538200,12331,597549
449056,450086,Empyreal Arrow,32293.0,773345,772756,3147296,18696,475630,1110853,1465577,171760,1102894,846321,2257120,542176,1401344,538200,12331,597549
449920,450678,Shot,8374.0,773345,772756,3147296,18696,475630,1110853,1465577,171760,1102894,846321,2257120,542176,1409718,538200,12331,597549
449706,451356,Heartbreak Shot,11113.0,773345,772756,3147296,18696,475630,1110853,1476690,171760,1102894,846321,2257120,542176,1409718,538200,12331,597549
428456,451500,Caustic Bite (dot),2491.0,773345,772756,3147296,18696,478121,1110853,1476690,171760,1102894,846321,2257120,542176,1409718,538200,12331,597549
428456,451500,Stormbite (dot),3115.0,773345,772756,3147296,18696,478121,1110853,1476690,171760,1102894,846321,2257120,542176,1409718,538200,12331,600664
450667,452137,Refulgent Arrow,8777.0,773345,772756,3147296,18696,478121,1110853,1476690,171760,1102894,846321,2265897,542176,1409718,538200,12331,600664
450667,452137,Burst Shot,20427.0,773345,772756,3167723,18696,478121,1110853,1476690,171760,1102894,846321,2265897,542176,1409718,538200,12331,600664
452960,453718,Shot,8374.0,773345,772756,3167723,18696,478121,1110853,1476690,171760,1102894,846321,2265897,542176,1418092,538200,12331,600664
452857,454327,Refulgent Arrow,8947.0,773345,772756,3167723,18696,478121,1110853,1476690,171760,1102894,846321,2274844,542176,1418092,538200,12331,600664
452857,454327,Burst Shot,20293.0,773345,772756,3188016,18696,478121,1110853,1476690,171760,1102894,846321,2274844,542176,1418092,538200,12331,600664
428456,454500,Caustic Bite (dot),2491.0,773345,772756,3188016,18696,480612,1110853,1476690,171760,1102894,846321,2274844,542176,1418092,538200,12331,600664
428456,454500,Stormbite (dot),3115.0,773345,772756,3188016,18696,480612,1110853,1476690,171760,1102894,846321,2274844,542176,1418092,538200,12331,603779
455047,456517,Refulgent Arrow,9069.0,773345,772756,3188016,18696,480612,1110853,1476690,171760,1102894,846321,2283913,542176,1418092,538200,12331,603779
455047,456517,Burst Shot,20197.0,773345,772756,3208213,18696,480612,1110853,1476690,171760,1102894,846321,2283913,542176,1418092,538200,12331,603779
456000,456758,Shot,8374.0,773345,772756,3208213,18696,480612,1110853,1476690,171760,1102894,846321,2283913,542176,1426466,538200,12331,603779
428456,457500,Stormbite (dot),3115.0,773345,772756,3208213,18696,480612,1110853,1476690,171760,1102894,846321,2283913,542176,1426466,538200,12331,606894
428456,457500,Caustic Bite (dot),2491.0,773345,772756,3208213,18696,483103,1110853,1476690,171760,1102894,846321,2283913,542176,1426466,538200,12331,606894
456347,457997,Heartbreak Shot,11238.0,773345,772756,3208213,18696,483103,1110853,1487928,171760,1102894,846321,2283913,542176,1426466,538200,12331,606894
457137,458607,Refulgent Arrow,8850.0,773345,772756,3208213,18696,483103,1110853,1487928,171760,1102894,846321,2292763,542176,1426466,538200,12331,606894
457137,458607,Burst Shot,20369.0,773345,772756,3228582,18696,483103,1110853,1487928,171760,1102894,846321,2292763,542176,1426466,538200,12331,606894
459040,459798,Shot,8374.0,773345,772756,3228582,18696,483103,1110853,1487928,171760,1102894,846321,2292763,542176,1434840,538200,12331,606894
428456,460500,Caustic Bite (dot),2491.0,773345,772756,3228582,18696,485594,1110853,1487928,171760,1102894,846321,2292763,542176,1434840,538200,12331,606894
428456,460500,Stormbite (dot),3115.0,773345,772756,3228582,18696,485594,1110853,1487928,171760,1102894,846321,2292763,542176,1434840,538200,12331,610009
459227,460697,Burst Shot,20011.0,773345,772756,3248593,18696,485594,1110853,1487928,171760,1102894,846321,2292763,542176,1434840,538200,12331,610009
459227,460697,Refulgent Arrow,9305.0,773345,772756,3248593,18696,485594,1110853,1487928,171760,1102894,846321,2302068,542176,1434840,538200,12331,610009
461317,462787,Burst Shot,20170.0,773345,772756,3268763,18696,485594,1110853,1487928,171760,1102894,846321,2302068,542176,1434840,538200,12331,610009
461317,462787,Refulgent Arrow,9104.0,773345,772756,3268763,18696,485594,1110853,1487928,171760,1102894,846321,2311172,542176,1434840,538200,12331,610009
462080,462838,Shot,8374.0,773345,772756,3268763,18696,485594,1110853,1487928,171760,1102894,846321,2311172,542176,1443214,538200,12331,610009
428456,463500,Stormbite (dot),3115.0,773345,772756,3268763,18696,485594,1110853,1487928,171760,1102894,846321,2311172,542176,1443214,538200,12331,613124
428456,463500,Caustic Bite (dot),2491.0,773345,772756,3268763,18696,488085,1110853,1487928,171760,1102894,846321,2311172,542176,1443214,538200,12331,613124
463407,464877,Refulgent Arrow,9135.0,773345,772756,3268763,18696,488085,1110853,1487928,171760,1102894,846321,2320307,542176,1443214,538200,12331,613124
463407,464877,Burst Shot,20145.0,773345,772756,3288908,18696,488085,1110853,1487928,171760,1102894,846321,2320307,542176,1443214,538200,12331,613124
464056,465086,Empyreal Arrow,32293.0,773345,772756,3288908,18696,488085,1143146,1487928,171760,1102894,846321,2320307,542176,1443214,538200,12331,613124
465120,465878,Shot,8374.0,773345,772756,3288908,18696,488085,1143146,1487928,171760,1102894,846321,2320307,542176,1451588,538200,12331,613124
465497,466167,Iron Jaws,12417.0,773345,772756,3288908,18696,488085,1143146,1487928,184177,1102894,846321,2320307,542176,1451588,538200,12331,613124
465497,466500,Caustic Bite (dot),2484.0,773345,772756,3288908,18696,490569,1143146,1487928,184177,1102894,846321,2320307,542176,1451588,538200,12331,613124
465497,466500,Stormbite (dot),3106.0,773345,772756,3288908,18696,490569,1143146,1487928,184177,1102894,846321,2320307,542176,1451588,538200,12331,616230
468160,468918,Shot,8374.0,773345,772756,3288908,18696,490569,1143146,1487928,184177,1102894,846321,2320307,542176,1459962,538200,12331,616230
467587,469057,Refulgent Arrow,18194.0,773345,772756,3288908,18696,490569,1143146,1487928,184177,1102894,846321,2338501,542176,1459962,538200,12331,616230
467587,469057,Burst Shot,13027.0,773345,772756,3301935,18696,490569,1143146,1487928,184177,1102894,846321,2338501,542176,1459962,538200,12331,616230
465497,469500,Caustic Bite (dot),2484.0,773345,772756,3301935,18696,493053,1143146,1487928,184177,1102894,846321,2338501,542176,1459962,538200,12331,616230
465497,469500,Stormbite (dot),3106.0,773345,772756,3301935,18696,493053,1143146,1487928,184177,1102894,846321,2338501,542176,1459962,538200,12331,619336
469677,471147,Burst Shot,20356.0,773345,772756,3322291,18696,493053,1143146,1487928,184177,1102894,846321,2338501,542176,1459962,538200,12331,619336
469677,471147,Refulgent Arrow,8867.0,773345,772756,3322291,18696,493053,1143146,1487928,184177,1102894,846321,2347368,542176,1459962,538200,12331,619336
471200,471958,Shot,8374.0,773345,772756,3322291,18696,493053,1143146,1487928,184177,1102894,846321,2347368,542176,1468336,538200,12331,619336
465497,472500,Caustic Bite (dot),2484.0,773345,772756,3322291,18696,495537,1143146,1487928,184177,1102894,846321,2347368,542176,1468336,538200,12331,619336
465497,472500,Stormbite (dot),3106.0,773345,772756,3322291,18696,495537,1143146,1487928,184177,1102894,846321,2347368,542176,1468336,538200,12331,622442
471767,473237,Burst Shot,20391.0,773345,772756,3342682,18696,495537,1143146,1487928,184177,1102894,846321,2347368,542176,1468336,538200,12331,622442
471767,473237,Refulgent Arrow,8822.0,773345,772756,3342682,18696,495537,1143146,1487928,184177,1102894,846321,2356190,542176,1468336,538200,12331,622442
474240,474998,Shot,8374.0,773345,772756,3342682,18696,495537,1143146,1487928,184177,1102894,846321,2356190,542176,1476710,538200,12331,622442
473857,475327,Refulgent Arrow,9225.0,773345,772756,3342682,18696,495537,1143146,1487928,184177,1102894,846321,2365415,542176,1476710,538200,12331,622442
473857,475327,Burst Shot,20074.0,773345,772756,3362756,18696,495537,1143146,1487928,184177,1102894,846321,2365415,542176,1476710,538200,12331,622442
465497,475500,Caustic Bite (dot),2484.0,773345,772756,3362756,18696,498021,1143146,1487928,184177,1102894,846321,2365415,542176,1476710,538200,12331,622442
465497,475500,Stormbite (dot),3106.0,773345,772756,3362756,18696,498021,1143146,1487928,184177,1102894,846321,2365415,542176,1476710,538200,12331,625548
475947,477417,Burst Shot,20282.0,773345,772756,3383038,18696,498021,1143146,1487928,184177,1102894,846321,2365415,542176,1476710,538200,12331,625548
475947,477417,Refulgent Arrow,8961.0,773345,772756,3383038,18696,498021,1143146,1487928,184177,1102894,846321,2374376,542176,1476710,538200,12331,625548
477280,478038,Shot,8374.0,773345,772756,3383038,18696,498021,1143146,1487928,184177,1102894,846321,2374376,542176,1485084,538200,12331,625548
465497,478500,Stormbite (dot),3106.0,773345,772756,3383038,18696,498021,1143146,1487928,184177,1102894,846321,2374376,542176,1485084,538200,12331,628654
465497,478500,Caustic Bite (dot),2484.0,773345,772756,3383038,18696,500505,1143146,1487928,184177,1102894,846321,2374376,542176,1485084,538200,12331,628654
478037,479507,Refulgent Arrow,8808.0,773345,772756,3383038,18696,500505,1143146,1487928,184177,1102894,846321,2383184,542176,1485084,538200,12331,628654
478037,479507,Burst Shot,20402.0,773345,772756,3403440,18696,500505,1143146,1487928,184177,1102894,846321,2383184,542176,1485084,538200,12331,628654
479056,480086,Empyreal Arrow,32293.0,773345,772756,3403440,18696,500505,1175439,1487928,184177,1102894,846321,2383184,542176,1485084,538200,12331,628654
480320,481078,Shot,8374.0,773345,772756,3403440,18696,500505,1175439,1487928,184177,1102894,846321,2383184,542176,1493458,538200,12331,628654
465497,481500,Caustic Bite (dot),2484.0,773345,772756,3403440,18696,502989,1175439,1487928,184177,1102894,846321,2383184,542176,1493458,538200,12331,628654
465497,481500,Stormbite (dot),3106.0,773345,772756,3403440,18696,502989,1175439,1487928,184177,1102894,846321,2383184,542176,1493458,538200,12331,631760
480127,481597,Refulgent Arrow,9072.0,773345,772756,3403440,18696,502989,1175439,1487928,184177,1102894,846321,2392256,542176,1493458,538200,12331,631760
480127,481597,Burst Shot,20194.0,773345,772756,3423634,18696,502989,1175439,1487928,184177,1102894,846321,2392256,542176,1493458,538200,12331,631760
482217,483687,Refulgent Arrow,8928.0,773345,772756,3423634,18696,502989,1175439,1487928,184177,1102894,846321,2401184,542176,1493458,538200,12331,631760
482217,483687,Burst Shot,20408.0,773345,772756,3444042,18696,502989,1175439,1487928,184177,1102894,846321,2401184,542176,1493458,538200,12331,631760
483360,484118,Shot,8405.0,773345,772756,3444042,18696,502989,1175439,1487928,184177,1102894,846321,2401184,542176,1501863,538200,12331,631760
465497,484500,Stormbite (dot),3106.0,773345,772756,3444042,18696,502989,1175439,1487928,184177,1102894,846321,2401184,542176,1501863,538200,12331,634866
465497,484500,Caustic Bite (dot),2484.0,773345,772756,3444042,18696,505473,1175439,1487928,184177,1102894,846321,2401184,542176,1501863,538200,12331,634866
484407,485877,Burst Shot,20321.0,773345,772756,3464363,18696,505473,1175439,1487928,184177,1102894,846321,2401184,542176,1501863,538200,12331,634866
484407,485877,Refulgent Arrow,9039.0,773345,772756,3464363,18696,505473,1175439,1487928,184177,1102894,846321,2410223,542176,1501863,538200,12331,634866
486400,487158,Shot,10820.0,773345,772756,3464363,18696,505473,1175439,1487928,184177,1102894,846321,2410223,542176,1512683,538200,12331,634866
465497,487500,Stormbite (dot),3106.0,773345,772756,3464363,18696,505473,1175439,1487928,184177,1102894,846321,2410223,542176,1512683,538200,12331,637972
465497,487500,Caustic Bite (dot),2484.0,773345,772756,3464363,18696,507957,1175439,1487928,184177,1102894,846321,2410223,542176,1512683,538200,12331,637972
486597,488067,Refulgent Arrow,12474.0,773345,772756,3464363,18696,507957,1175439,1487928,184177,1102894,846321,2422697,542176,1512683,538200,12331,637972
486597,488067,Burst Shot,27622.0,773345,772756,3491985,18696,507957,1175439,1487928,184177,1102894,846321,2422697,542176,1512683,538200,12331,637972
488043,489693,Heartbreak Shot,36967.0,773345,772756,3491985,18696,507957,1175439,1524895,184177,1102894,846321,2422697,542176,1512683,538200,12331,637972
489440,490198,Shot,13849.0,773345,772756,3491985,18696,507957,1175439,1524895,184177,1102894,846321,2422697,542176,1526532,538200,12331,637972
465497,490500,Caustic Bite (dot),2484.0,773345,772756,3491985,18696,510441,1175439,1524895,184177,1102894,846321,2422697,542176,1526532,538200,12331,637972
465497,490500,Stormbite (dot),3106.0,773345,772756,3491985,18696,510441,1175439,1524895,184177,1102894,846321,2422697,542176,1526532,538200,12331,641078
488787,490747,Radiant Encore,225982.0,773345,772756,3491985,18696,510441,1175439,1524895,184177,1102894,1072303,2422697,542176,1526532,538200,12331,641078
490027,490827,Pitch Perfect,38128.0,773345,772756,3491985,18696,510441,1175439,1524895,184177,1141022,1072303,2422697,542176,1526532,538200,12331,641078
489407,491057,Heartbreak Shot,36967.0,773345,772756,3491985,18696,510441,1175439,1561862,184177,1141022,1072303,2422697,542176,1526532,538200,12331,641078
490977,492447,Burst Shot,33725.0,773345,772756,3525710,18696,510441,1175439,1561862,184177,1141022,1072303,2422697,542176,1526532,538200,12331,641078
490977,492447,Refulgent Arrow,14591.0,773345,772756,3525710,18696,510441,1175439,1561862,184177,1141022,1072303,2437288,542176,1526532,538200,12331,641078
492423,492953,Sidewinder,82172.0,773345,772756,3525710,18696,510441,1175439,1561862,184177,1141022,1072303,2437288,542176,1526532,620372,12331,641078
492480,493238,Shot,13849.0,773345,772756,3525710,18696,510441,1175439,1561862,184177,1141022,1072303,2437288,542176,1540381,620372,12331,641078
465497,493500,Stormbite (dot),3106.0,773345,772756,3525710,18696,510441,1175439,1561862,184177,1141022,1072303,2437288,542176,1540381,620372,12331,644184
465497,493500,Caustic Bite (dot),2484.0,773345,772756,3525710,18696,512925,1175439,1561862,184177,1141022,1072303,2437288,542176,1540381,620372,12331,644184
494087,494887,Pitch Perfect,22251.0,773345,772756,3525710,18696,512925,1175439,1561862,184177,1163273,1072303,2437288,542176,1540381,620372,12331,644184
493467,494937,Burst Shot,33395.0,773345,772756,3559105,18696,512925,1175439,1561862,184177,1163273,1072303,2437288,542176,1540381,620372,12331,644184
493467,494937,Refulgent Arrow,15011.0,773345,772756,3559105,18696,512925,1175439,1561862,184177,1163273,1072303,2452299,542176,1540381,620372,12331,644184
494087,495737,Heartbreak Shot,12805.0,773345,772756,3559105,18696,512925,1175439,1574667,184177,1163273,1072303,2452299,542176,1540381,620372,12331,644184
494707,495737,Empyreal Arrow,53410.0,773345,772756,3559105,18696,512925,1228849,1574667,184177,1163273,1072303,2452299,542176,1540381,620372,12331,644184
495520,496278,Shot,13849.0,773345,772756,3559105,18696,512925,1228849,1574667,184177,1163273,1072303,2452299,542176,1554230,620372,12331,644184
465497,496500,Caustic Bite (dot),2484.0,773345,772756,3559105,18696,515409,1228849,1574667,184177,1163273,1072303,2452299,542176,1554230,620372,12331,644184
465497,496500,Stormbite (dot),3106.0,773345,772756,3559105,18696,515409,1228849,1574667,184177,1163273,1072303,2452299,542176,1554230,620372,12331,647290
495957,497027,Apex Arrow,64.0,773409,772756,3559105,18696,515409,1228849,1574667,184177,1163273,1072303,2452299,542176,1554230,620372,12331,647290
495957,497027,Apex Arrow,2264.0,775673,772756,3559105,18696,515409,1228849,1574667,184177,1163273,1072303,2452299,542176,1554230,620372,12331,647290
495957,497027,Apex Arrow,345.0,776018,772756,3559105,18696,515409,1228849,1574667,184177,1163273,1072303,2452299,542176,1554230,620372,12331,647290
495957,497027,Apex Arrow,990.0,777008,772756,3559105,18696,515409,1228849,1574667,184177,1163273,1072303,2452299,542176,1554230,620372,12331,647290
495957,497027,Apex Arrow,5560.0,782568,772756,3559105,18696,515409,1228849,1574667,184177,1163273,1072303,2452299,542176,1554230,620372,12331,647290
495957,497027,Apex Arrow,133754.0,916322,772756,3559105,18696,515409,1228849,1574667,184177,1163273,1072303,2452299,542176,1554230,620372,12331,647290
497227,498027,Pitch Perfect,37581.0,916322,772756,3559105,18696,515409,1228849,1574667,184177,1200854,1072303,2452299,542176,1554230,620372,12331,647290
497227,498877,Heartbreak Shot,5574.0,916322,772756,3559105,18696,515409,1228849,1580241,184177,1200854,1072303,2452299,542176,1554230,620372,12331,647290
498560,499318,Shot,13849.0,916322,772756,3559105,18696,515409,1228849,1580241,184177,1200854,1072303,2452299,542176,1568079,620372,12331,647290
465497,499500,Stormbite (dot),3106.0,916322,772756,3559105,18696,515409,1228849,1580241,184177,1200854,1072303,2452299,542176,1568079,620372,12331,650396
465497,499500,Caustic Bite (dot),2484.0,916322,772756,3559105,18696,517893,1228849,1580241,184177,1200854,1072303,2452299,542176,1568079,620372,12331,650396
499097,499897,Pitch Perfect,24189.0,916322,772756,3559105,18696,517893,1228849,1580241,184177,1225043,1072303,2452299,542176,1568079,620372,12331,650396
498447,499917,Burst Shot,27.0,916322,772756,3559132,18696,517893,1228849,1580241,184177,1225043,1072303,2452299,542176,1568079,620372,12331,650396
498447,500097,Blast Arrow,143719.0,916322,916475,3559132,18696,517893,1228849,1580241,184177,1225043,1072303,2452299,542176,1568079,620372,12331,650396
500937,502097,Resonant Arrow,131472.0,916322,916475,3559132,18696,517893,1228849,1580241,184177,1225043,1072303,2452299,673648,1568079,620372,12331,650396
501600,502358,Shot,13849.0,916322,916475,3559132,18696,517893,1228849,1580241,184177,1225043,1072303,2452299,673648,1581928,620372,12331,650396
465497,502500,Caustic Bite (dot),2484.0,916322,916475,3559132,18696,520377,1228849,1580241,184177,1225043,1072303,2452299,673648,1581928,620372,12331,650396
465497,502500,Stormbite (dot),3106.0,916322,916475,3559132,18696,520377,1228849,1580241,184177,1225043,1072303,2452299,673648,1581928,620372,12331,653502
502207,503007,Pitch Perfect,8874.0,916322,916475,3559132,18696,520377,1228849,1580241,184177,1233917,1072303,2452299,673648,1581928,620372,12331,653502
501557,503207,Heartbreak Shot,18587.0,916322,916475,3559132,18696,520377,1228849,1598828,184177,1233917,1072303,2452299,673648,1581928,620372,12331,653502
503427,504897,Refulgent Arrow,57513.0,916322,916475,3559132,18696,520377,1228849,1598828,184177,1233917,1072303,2509812,673648,1581928,620372,12331,653502
503427,505017,Refulgent Arrow,57513.0,916322,916475,3559132,18696,520377,1228849,1598828,184177,1233917,1072303,2567325,673648,1581928,620372,12331,653502
503427,505137,Refulgent Arrow,57513.0,916322,916475,3559132,18696,520377,1228849,1598828,184177,1233917,1072303,2624838,673648,1581928,620372,12331,653502
504640,505398,Shot,13849.0,916322,916475,3559132,18696,520377,1228849,1598828,184177,1233917,1072303,2624838,673648,1595777,620372,12331,653502
465497,505500,Stormbite (dot),3106.0,916322,916475,3559132,18696,520377,1228849,1598828,184177,1233917,1072303,2624838,673648,1595777,620372,12331,656608
465497,505500,Caustic Bite (dot),2484.0,916322,916475,3559132,18696,522861,1228849,1598828,184177,1233917,1072303,2624838,673648,1595777,620372,12331,656608
505917,506587,Iron Jaws,19625.0,916322,916475,3559132,18696,522861,1228849,1598828,203802,1233917,1072303,2624838,673648,1595777,620372,12331,656608
506537,507337,Pitch Perfect,17480.0,916322,916475,3559132,18696,522861,1228849,1598828,203802,1251397,1072303,2624838,673648,1595777,620372,12331,656608
507680,508438,Shot,9665.0,916322,916475,3559132,18696,522861,1228849,1598828,203802,1251397,1072303,2624838,673648,1605442,620372,12331,656608
505917,508500,Caustic Bite (dot),3926.0,916322,916475,3559132,18696,526787,1228849,1598828,203802,1251397,1072303,2624838,673648,1605442,620372,12331,656608
505917,508500,Stormbite (dot),4909.0,916322,916475,3559132,18696,526787,1228849,1598828,203802,1251397,1072303,2624838,673648,1605442,620372,12331,661517
509057,509857,Pitch Perfect,14786.0,916322,916475,3559132,18696,526787,1228849,1598828,203802,1266183,1072303,2624838,673648,1605442,620372,12331,661517
508407,509877,Burst Shot,13358.0,916322,916475,3572490,18696,526787,1228849,1598828,203802,1266183,1072303,2624838,673648,1605442,620372,12331,661517
508407,509877,Refulgent Arrow,17901.0,916322,916475,3572490,18696,526787,1228849,1598828,203802,1266183,1072303,2642739,673648,1605442,620372,12331,661517
509057,510707,Heartbreak Shot,7531.0,916322,916475,3572490,18696,526787,1228849,1606359,203802,1266183,1072303,2642739,673648,1605442,620372,12331,661517
509707,510737,Empyreal Arrow,32412.0,916322,916475,3572490,18696,526787,1261261,1606359,203802,1266183,1072303,2642739,673648,1605442,620372,12331,661517
510720,511478,Shot,8405.0,916322,916475,3572490,18696,526787,1261261,1606359,203802,1266183,1072303,2642739,673648,1613847,620372,12331,661517
505917,511500,Stormbite (dot),4909.0,916322,916475,3572490,18696,526787,1261261,1606359,203802,1266183,1072303,2642739,673648,1613847,620372,12331,666426
505917,511500,Caustic Bite (dot),3926.0,916322,916475,3572490,18696,530713,1261261,1606359,203802,1266183,1072303,2642739,673648,1613847,620372,12331,666426
511547,512347,Pitch Perfect,24381.0,916322,916475,3572490,18696,530713,1261261,1606359,203802,1290564,1072303,2642739,673648,1613847,620372,12331,666426
510897,512367,Refulgent Arrow,8907.0,916322,916475,3572490,18696,530713,1261261,1606359,203802,1290564,1072303,2651646,673648,1613847,620372,12331,666426
510897,512367,Burst Shot,20425.0,916322,916475,3592915,18696,530713,1261261,1606359,203802,1290564,1072303,2651646,673648,1613847,620372,12331,666426
511547,513197,Heartbreak Shot,3623.0,916322,916475,3592915,18696,530713,1261261,1609982,203802,1290564,1072303,2651646,673648,1613847,620372,12331,666426
505917,514500,Stormbite (dot),4909.0,916322,916475,3592915,18696,530713,1261261,1609982,203802,1290564,1072303,2651646,673648,1613847,620372,12331,671335
505917,514500,Caustic Bite (dot),3926.0,916322,916475,3592915,18696,534639,1261261,1609982,203802,1290564,1072303,2651646,673648,1613847,620372,12331,671335
513760,514518,Shot,8405.0,916322,916475,3592915,18696,534639,1261261,1609982,203802,1290564,1072303,2651646,673648,1622252,620372,12331,671335
514036,514836,Pitch Perfect,13593.0,916322,916475,3592915,18696,534639,1261261,1609982,203802,1304157,1072303,2651646,673648,1622252,620372,12331,671335
513386,514856,Refulgent Arrow,8914.0,916322,916475,3592915,18696,534639,1261261,1609982,203802,1304157,1072303,2660560,673648,1622252,620372,12331,671335
513386,514856,Burst Shot,20419.0,916322,916475,3613334,18696,534639,1261261,1609982,203802,1304157,1072303,2660560,673648,1622252,620372,12331,671335
515876,517346,Refulgent Arrow,9018.0,916322,916475,3613334,18696,534639,1261261,1609982,203802,1304157,1072303,2669578,673648,1622252,620372,12331,671335
515876,517346,Burst Shot,20337.0,916322,916475,3633671,18696,534639,1261261,1609982,203802,1304157,1072303,2669578,673648,1622252,620372,12331,671335
505917,517500,Stormbite (dot),4909.0,916322,916475,3633671,18696,534639,1261261,1609982,203802,1304157,1072303,2669578,673648,1622252,620372,12331,676244
505917,517500,Caustic Bite (dot),3926.0,916322,916475,3633671,18696,538565,1261261,1609982,203802,1304157,1072303,2669578,673648,1622252,620372,12331,676244
516800,517558,Shot,8405.0,916322,916475,3633671,18696,538565,1261261,1609982,203802,1304157,1072303,2669578,673648,1630657,620372,12331,676244
517176,517976,Pitch Perfect,4927.0,916322,916475,3633671,18696,538565,1261261,1609982,203802,1309084,1072303,2669578,673648,1630657,620372,12331,676244
516526,518176,Heartbreak Shot,11279.0,916322,916475,3633671,18696,538565,1261261,1621261,203802,1309084,1072303,2669578,673648,1630657,620372,12331,676244
518366,519836,Refulgent Arrow,8956.0,916322,916475,3633671,18696,538565,1261261,1621261,203802,1309084,1072303,2678534,673648,1630657,620372,12331,676244
518366,519836,Burst Shot,20386.0,916322,916475,3654057,18696,538565,1261261,1621261,203802,1309084,1072303,2678534,673648,1630657,620372,12331,676244
505917,520500,Caustic Bite (dot),3926.0,916322,916475,3654057,18696,542491,1261261,1621261,203802,1309084,1072303,2678534,673648,1630657,620372,12331,676244
505917,520500,Stormbite (dot),4909.0,916322,916475,3654057,18696,542491,1261261,1621261,203802,1309084,1072303,2678534,673648,1630657,620372,12331,681153
519840,520598,Shot,8405.0,916322,916475,3654057,18696,542491,1261261,1621261,203802,1309084,1072303,2678534,673648,1639062,620372,12331,681153
521507,522307,Pitch Perfect,14077.0,916322,916475,3654057,18696,542491,1261261,1621261,203802,1323161,1072303,2678534,673648,1639062,620372,12331,681153
520857,522327,Refulgent Arrow,9172.0,916322,916475,3654057,18696,542491,1261261,1621261,203802,1323161,1072303,2687706,673648,1639062,620372,12331,681153
520857,522327,Burst Shot,20216.0,916322,916475,3674273,18696,542491,1261261,1621261,203802,1323161,1072303,2687706,673648,1639062,620372,12331,681153
505917,523500,Caustic Bite (dot),3926.0,916322,916475,3674273,18696,546417,1261261,1621261,203802,1323161,1072303,2687706,673648,1639062,620372,12331,681153
505917,523500,Stormbite (dot),4909.0,916322,916475,3674273,18696,546417,1261261,1621261,203802,1323161,1072303,2687706,673648,1639062,620372,12331,686062
522880,523638,Shot,8405.0,916322,916475,3674273,18696,546417,1261261,1621261,203802,1323161,1072303,2687706,673648,1647467,620372,12331,686062
523967,524767,Pitch Perfect,14728.0,916322,916475,3674273,18696,546417,1261261,1621261,203802,1337889,1072303,2687706,673648,1647467,620372,12331,686062
523347,524817,Burst Shot,20195.0,916322,916475,3694468,18696,546417,1261261,1621261,203802,1337889,1072303,2687706,673648,1647467,620372,12331,686062
523347,524817,Refulgent Arrow,9200.0,916322,916475,3694468,18696,546417,1261261,1621261,203802,1337889,1072303,2696906,673648,1647467,620372,12331,686062
524617,525417,Pitch Perfect,4152.0,916322,916475,3694468,18696,546417,1261261,1621261,203802,1342041,1072303,2696906,673648,1647467,620372,12331,686062
524617,525417,Pitch Perfect,7377.0,916322,916475,3694468,18696,546417,1261261,1621261,203802,1349418,1072303,2696906,673648,1647467,620372,12331,686062
523967,525617,Heartbreak Shot,7479.0,916322,916475,3694468,18696,546417,1261261,1628740,203802,1349418,1072303,2696906,673648,1647467,620372,12331,686062
524617,526267,Heartbreak Shot,3674.0,916322,916475,3694468,18696,546417,1261261,1632414,203802,1349418,1072303,2696906,673648,1647467,620372,12331,686062
505917,526500,Caustic Bite (dot),3926.0,916322,916475,3694468,18696,550343,1261261,1632414,203802,1349418,1072303,2696906,673648,1647467,620372,12331,686062
505917,526500,Stormbite (dot),4909.0,916322,916475,3694468,18696,550343,1261261,1632414,203802,1349418,1072303,2696906,673648,1647467,620372,12331,690971
525920,526678,Shot,8399.0,916322,916475,3694468,18696,550343,1261261,1632414,203802,1349418,1072303,2696906,673648,1655866,620372,12331,690971
525838,527308,Refulgent Arrow,9351.0,916322,916475,3694468,18696,550343,1261261,1632414,203802,1349418,1072303,2706257,673648,1655866,620372,12331,690971
525838,527308,Burst Shot,20057.0,916322,916475,3714525,18696,550343,1261261,1632414,203802,1349418,1072303,2706257,673648,1655866,620372,12331,690971
526458,527488,Empyreal Arrow,32390.0,916322,916475,3714525,18696,550343,1293651,1632414,203802,1349418,1072303,2706257,673648,1655866,620372,12331,690971
527078,528728,Heartbreak Shot,11272.0,916322,916475,3714525,18696,550343,1293651,1643686,203802,1349418,1072303,2706257,673648,1655866,620372,12331,690971
505917,529500,Caustic Bite (dot),3926.0,916322,916475,3714525,18696,554269,1293651,1643686,203802,1349418,1072303,2706257,673648,1655866,620372,12331,690971
505917,529500,Stormbite (dot),4909.0,916322,916475,3714525,18696,554269,1293651,1643686,203802,1349418,1072303,2706257,673648,1655866,620372,12331,695880
528960,529718,Shot,8399.0,916322,916475,3714525,18696,554269,1293651,1643686,203802,1349418,1072303,2706257,673648,1664265,620372,12331,695880
528328,529798,Refulgent Arrow,8988.0,916322,916475,3714525,18696,554269,1293651,1643686,203802,1349418,1072303,2715245,673648,1664265,620372,12331,695880
528328,529798,Burst Shot,20343.0,916322,916475,3734868,18696,554269,1293651,1643686,203802,1349418,1072303,2715245,673648,1664265,620372,12331,695880
528978,530628,Heartbreak Shot,8857.0,916322,916475,3734868,18696,554269,1293651,1652543,203802,1349418,1072303,2715245,673648,1664265,620372,12331,695880
530818,532288,Refulgent Arrow,9124.0,916322,916475,3734868,18696,554269,1293651,1652543,203802,1349418,1072303,2724369,673648,1664265,620372,12331,695880
530818,532288,Burst Shot,20236.0,916322,916475,3755104,18696,554269,1293651,1652543,203802,1349418,1072303,2724369,673648,1664265,620372,12331,695880
505917,532500,Caustic Bite (dot),3926.0,916322,916475,3755104,18696,558195,1293651,1652543,203802,1349418,1072303,2724369,673648,1664265,620372,12331,695880
505917,532500,Stormbite (dot),4909.0,916322,916475,3755104,18696,558195,1293651,1652543,203802,1349418,1072303,2724369,673648,1664265,620372,12331,700789
532000,532758,Shot,8399.0,916322,916475,3755104,18696,558195,1293651,1652543,203802,1349418,1072303,2724369,673648,1672664,620372,12331,700789
531468,533118,Heartbreak Shot,20290.0,916322,916475,3755104,18696,558195,1293651,1672833,203802,1349418,1072303,2724369,673648,1672664,620372,12331,700789
533308,534778,Refulgent Arrow,8789.0,916322,916475,3755104,18696,558195,1293651,1672833,203802,1349418,1072303,2733158,673648,1672664,620372,12331,700789
533308,534778,Burst Shot,20499.0,916322,916475,3775603,18696,558195,1293651,1672833,203802,1349418,1072303,2733158,673648,1672664,620372,12331,700789
505917,535500,Caustic Bite (dot),3926.0,916322,916475,3775603,18696,562121,1293651,1672833,203802,1349418,1072303,2733158,673648,1672664,620372,12331,700789
505917,535500,Stormbite (dot),4909.0,916322,916475,3775603,18696,562121,1293651,1672833,203802,1349418,1072303,2733158,673648,1672664,620372,12331,705698
535040,535798,Shot,8399.0,916322,916475,3775603,18696,562121,1293651,1672833,203802,1349418,1072303,2733158,673648,1681063,620372,12331,705698
534608,536258,Heartbreak Shot,8944.0,916322,916475,3775603,18696,562121,1293651,1681777,203802,1349418,1072303,2733158,673648,1681063,620372,12331,705698
535798,537268,Refulgent Arrow,9131.0,916322,916475,3775603,18696,562121,1293651,1681777,203802,1349418,1072303,2742289,673648,1681063,620372,12331,705698
535798,537268,Burst Shot,20230.0,916322,916475,3795833,18696,562121,1293651,1681777,203802,1349418,1072303,2742289,673648,1681063,620372,12331,705698
505917,538500,Stormbite (dot),4909.0,916322,916475,3795833,18696,562121,1293651,1681777,203802,1349418,1072303,2742289,673648,1681063,620372,12331,710607
505917,538500,Caustic Bite (dot),3926.0,916322,916475,3795833,18696,566047,1293651,1681777,203802,1349418,1072303,2742289,673648,1681063,620372,12331,710607
537068,538718,Heartbreak Shot,8848.0,916322,916475,3795833,18696,566047,1293651,1690625,203802,1349418,1072303,2742289,673648,1681063,620372,12331,710607
538080,538838,Shot,8399.0,916322,916475,3795833,18696,566047,1293651,1690625,203802,1349418,1072303,2742289,673648,1689462,620372,12331,710607
538288,539758,Burst Shot,20227.0,916322,916475,3816060,18696,566047,1293651,1690625,203802,1349418,1072303,2742289,673648,1689462,620372,12331,710607
538288,539758,Refulgent Arrow,9134.0,916322,916475,3816060,18696,566047,1293651,1690625,203802,1349418,1072303,2751423,673648,1689462,620372,12331,710607
538908,540558,Heartbreak Shot,11402.0,916322,916475,3816060,18696,566047,1293651,1702027,203802,1349418,1072303,2751423,673648,1689462,620372,12331,710607
505917,541500,Stormbite (dot),4909.0,916322,916475,3816060,18696,566047,1293651,1702027,203802,1349418,1072303,2751423,673648,1689462,620372,12331,715516
505917,541500,Caustic Bite (dot),3926.0,916322,916475,3816060,18696,569973,1293651,1702027,203802,1349418,1072303,2751423,673648,1689462,620372,12331,715516
541120,541878,Shot,8399.0,916322,916475,3816060,18696,569973,1293651,1702027,203802,1349418,1072303,2751423,673648,1697861,620372,12331,715516
540778,542248,Refulgent Arrow,9040.0,916322,916475,3816060,18696,569973,1293651,1702027,203802,1349418,1072303,2760463,673648,1697861,620372,12331,715516
540778,542248,Burst Shot,20301.0,916322,916475,3836361,18696,569973,1293651,1702027,203802,1349418,1072303,2760463,673648,1697861,620372,12331,715516
541458,542488,Empyreal Arrow,32390.0,916322,916475,3836361,18696,569973,1326041,1702027,203802,1349418,1072303,2760463,673648,1697861,620372,12331,715516
542078,543728,Heartbreak Shot,20131.0,916322,916475,3836361,18696,569973,1326041,1722158,203802,1349418,1072303,2760463,673648,1697861,620372,12331,715516
505917,544500,Stormbite (dot),4909.0,916322,916475,3836361,18696,569973,1326041,1722158,203802,1349418,1072303,2760463,673648,1697861,620372,12331,720425
505917,544500,Caustic Bite (dot),3926.0,916322,916475,3836361,18696,573899,1326041,1722158,203802,1349418,1072303,2760463,673648,1697861,620372,12331,720425
543268,544738,Burst Shot,20184.0,916322,916475,3856545,18696,573899,1326041,1722158,203802,1349418,1072303,2760463,673648,1697861,620372,12331,720425
543268,544738,Refulgent Arrow,9190.0,916322,916475,3856545,18696,573899,1326041,1722158,203802,1349418,1072303,2769653,673648,1697861,620372,12331,720425
544160,544918,Shot,8399.0,916322,916475,3856545,18696,573899,1326041,1722158,203802,1349418,1072303,2769653,673648,1706260,620372,12331,720425
543918,545568,Heartbreak Shot,8884.0,916322,916475,3856545,18696,573899,1326041,1731042,203802,1349418,1072303,2769653,673648,1706260,620372,12331,720425
545758,547228,Burst Shot,20504.0,916322,916475,3877049,18696,573899,1326041,1731042,203802,1349418,1072303,2769653,673648,1706260,620372,12331,720425
545758,547228,Refulgent Arrow,8782.0,916322,916475,3877049,18696,573899,1326041,1731042,203802,1349418,1072303,2778435,673648,1706260,620372,12331,720425
505917,547500,Caustic Bite (dot),3926.0,916322,916475,3877049,18696,577825,1326041,1731042,203802,1349418,1072303,2778435,673648,1706260,620372,12331,720425
505917,547500,Stormbite (dot),4909.0,916322,916475,3877049,18696,577825,1326041,1731042,203802,1349418,1072303,2778435,673648,1706260,620372,12331,725334
547200,547958,Shot,8399.0,916322,916475,3877049,18696,577825,1326041,1731042,203802,1349418,1072303,2778435,673648,1714659,620372,12331,725334
546408,548058,Heartbreak Shot,20118.0,916322,916475,3877049,18696,577825,1326041,1751160,203802,1349418,1072303,2778435,673648,1714659,620372,12331,725334
548248,549718,Burst Shot,20244.0,916322,916475,3897293,18696,577825,1326041,1751160,203802,1349418,1072303,2778435,673648,1714659,620372,12331,725334
548248,549718,Refulgent Arrow,9113.0,916322,916475,3897293,18696,577825,1326041,1751160,203802,1349418,1072303,2787548,673648,1714659,620372,12331,725334
505917,550500,Stormbite (dot),4909.0,916322,916475,3897293,18696,577825,1326041,1751160,203802,1349418,1072303,2787548,673648,1714659,620372,12331,730243
505917,550500,Caustic Bite (dot),3926.0,916322,916475,3897293,18696,581751,1326041,1751160,203802,1349418,1072303,2787548,673648,1714659,620372,12331,730243
550240,550998,Shot,8399.0,916322,916475,3897293,18696,581751,1326041,1751160,203802,1349418,1072303,2787548,673648,1723058,620372,12331,730243
549518,551168,Heartbreak Shot,9095.0,916322,916475,3897293,18696,581751,1326041,1760255,203802,1349418,1072303,2787548,673648,1723058,620372,12331,730243
550738,551408,Iron Jaws,12454.0,916322,916475,3897293,18696,581751,1326041,1760255,216256,1349418,1072303,2787548,673648,1723058,620372,12331,730243
552423,552953,Sidewinder,49833.0,916322,916475,3897293,18696,581751,1326041,1760255,216256,1349418,1072303,2787548,673648,1723058,670205,12331,730243
550738,553500,Stormbite (dot),3115.0,916322,916475,3897293,18696,581751,1326041,1760255,216256,1349418,1072303,2787548,673648,1723058,670205,12331,733358
550738,553500,Caustic Bite (dot),2491.0,916322,916475,3897293,18696,584242,1326041,1760255,216256,1349418,1072303,2787548,673648,1723058,670205,12331,733358
553280,554038,Shot,8399.0,916322,916475,3897293,18696,584242,1326041,1760255,216256,1349418,1072303,2787548,673648,1731457,670205,12331,733358
553228,554698,Refulgent Arrow,18025.0,916322,916475,3897293,18696,584242,1326041,1760255,216256,1349418,1072303,2805573,673648,1731457,670205,12331,733358
553228,554698,Burst Shot,13242.0,916322,916475,3910535,18696,584242,1326041,1760255,216256,1349418,1072303,2805573,673648,1731457,670205,12331,733358
553878,555528,Heartbreak Shot,20156.0,916322,916475,3910535,18696,584242,1326041,1780411,216256,1349418,1072303,2805573,673648,1731457,670205,12331,733358
550738,556500,Caustic Bite (dot),2491.0,916322,916475,3910535,18696,586733,1326041,1780411,216256,1349418,1072303,2805573,673648,1731457,670205,12331,733358
550738,556500,Stormbite (dot),3115.0,916322,916475,3910535,18696,586733,1326041,1780411,216256,1349418,1072303,2805573,673648,1731457,670205,12331,736473
556320,557078,Shot,8399.0,916322,916475,3910535,18696,586733,1326041,1780411,216256,1349418,1072303,2805573,673648,1739856,670205,12331,736473
555718,557188,Refulgent Arrow,9117.0,916322,916475,3910535,18696,586733,1326041,1780411,216256,1349418,1072303,2814690,673648,1739856,670205,12331,736473
555718,557188,Burst Shot,20241.0,916322,916475,3930776,18696,586733,1326041,1780411,216256,1349418,1072303,2814690,673648,1739856,670205,12331,736473
556338,557988,Heartbreak Shot,8788.0,916322,916475,3930776,18696,586733,1326041,1789199,216256,1349418,1072303,2814690,673648,1739856,670205,12331,736473
556958,557988,Empyreal Arrow,32390.0,916322,916475,3930776,18696,586733,1358431,1789199,216256,1349418,1072303,2814690,673648,1739856,670205,12331,736473
558208,559278,Apex Arrow,1711.0,918033,916475,3930776,18696,586733,1358431,1789199,216256,1349418,1072303,2814690,673648,1739856,670205,12331,736473
558208,559278,Apex Arrow,3935.0,921968,916475,3930776,18696,586733,1358431,1789199,216256,1349418,1072303,2814690,673648,1739856,670205,12331,736473
558208,559278,Apex Arrow,79850.0,1001818,916475,3930776,18696,586733,1358431,1789199,216256,1349418,1072303,2814690,673648,1739856,670205,12331,736473
558208,559278,Apex Arrow,18.0,1001836,916475,3930776,18696,586733,1358431,1789199,216256,1349418,1072303,2814690,673648,1739856,670205,12331,736473
558208,559278,Apex Arrow,5.0,1001841,916475,3930776,18696,586733,1358431,1789199,216256,1349418,1072303,2814690,673648,1739856,670205,12331,736473
558208,559278,Apex Arrow,689.0,1002530,916475,3930776,18696,586733,1358431,1789199,216256,1349418,1072303,2814690,673648,1739856,670205,12331,736473
558208,559278,Apex Arrow,286.0,1002816,916475,3930776,18696,586733,1358431,1789199,216256,1349418,1072303,2814690,673648,1739856,670205,12331,736473
558208,559278,Apex Arrow,85.0,1002901,916475,3930776,18696,586733,1358431,1789199,216256,1349418,1072303,2814690,673648,1739856,670205,12331,736473
550738,559500,Stormbite (dot),3115.0,1002901,916475,3930776,18696,586733,1358431,1789199,216256,1349418,1072303,2814690,673648,1739856,670205,12331,739588
550738,559500,Caustic Bite (dot),2491.0,1002901,916475,3930776,18696,589224,1358431,1789199,216256,1349418,1072303,2814690,673648,1739856,670205,12331,739588
559360,560118,Shot,8399.0,1002901,916475,3930776,18696,589224,1358431,1789199,216256,1349418,1072303,2814690,673648,1748255,670205,12331,739588
558828,560478,Heartbreak Shot,20214.0,1002901,916475,3930776,18696,589224,1358431,1809413,216256,1349418,1072303,2814690,673648,1748255,670205,12331,739588
560698,562168,Burst Shot,41.0,1002901,916475,3930817,18696,589224,1358431,1809413,216256,1349418,1072303,2814690,673648,1748255,670205,12331,739588
560698,562168,Refulgent Arrow,6.0,1002901,916475,3930817,18696,589224,1358431,1809413,216256,1349418,1072303,2814696,673648,1748255,670205,12331,739588
560698,562348,Blast Arrow,87062.0,1002901,1003537,3930817,18696,589224,1358431,1809413,216256,1349418,1072303,2814696,673648,1748255,670205,12331,739588
550738,562500,Stormbite (dot),3115.0,1002901,1003537,3930817,18696,589224,1358431,1809413,216256,1349418,1072303,2814696,673648,1748255,670205,12331,742703
550738,562500,Caustic Bite (dot),2491.0,1002901,1003537,3930817,18696,591715,1358431,1809413,216256,1349418,1072303,2814696,673648,1748255,670205,12331,742703
561318,562968,Heartbreak Shot,20248.0,1002901,1003537,3930817,18696,591715,1358431,1829661,216256,1349418,1072303,2814696,673648,1748255,670205,12331,742703
562400,563158,Shot,8374.0,1002901,1003537,3930817,18696,591715,1358431,1829661,216256,1349418,1072303,2814696,673648,1756629,670205,12331,742703
563188,564658,Refulgent Arrow,9184.0,1002901,1003537,3930817,18696,591715,1358431,1829661,216256,1349418,1072303,2823880,673648,1756629,670205,12331,742703
563188,564658,Burst Shot,20107.0,1002901,1003537,3950924,18696,591715,1358431,1829661,216256,1349418,1072303,2823880,673648,1756629,670205,12331,742703
550738,565500,Caustic Bite (dot),2491.0,1002901,1003537,3950924,18696,594206,1358431,1829661,216256,1349418,1072303,2823880,673648,1756629,670205,12331,742703
550738,565500,Stormbite (dot),3115.0,1002901,1003537,3950924,18696,594206,1358431,1829661,216256,1349418,1072303,2823880,673648,1756629,670205,12331,745818
565440,566198,Shot,8374.0,1002901,1003537,3950924,18696,594206,1358431,1829661,216256,1349418,1072303,2823880,673648,1765003,670205,12331,745818
565678,567148,Refulgent Arrow,8951.0,1002901,1003537,3950924,18696,594206,1358431,1829661,216256,1349418,1072303,2832831,673648,1765003,670205,12331,745818
565678,567148,Burst Shot,20290.0,1002901,1003537,3971214,18696,594206,1358431,1829661,216256,1349418,1072303,2832831,673648,1765003,670205,12331,745818
550738,568500,Caustic Bite (dot),2491.0,1002901,1003537,3971214,18696,596697,1358431,1829661,216256,1349418,1072303,2832831,673648,1765003,670205,12331,745818
550738,568500,Stormbite (dot),3115.0,1002901,1003537,3971214,18696,596697,1358431,1829661,216256,1349418,1072303,2832831,673648,1765003,670205,12331,748933
568480,569238,Shot,8374.0,1002901,1003537,3971214,18696,596697,1358431,1829661,216256,1349418,1072303,2832831,673648,1773377,670205,12331,748933
568168,569638,Refulgent Arrow,8926.0,1002901,1003537,3971214,18696,596697,1358431,1829661,216256,1349418,1072303,2841757,673648,1773377,670205,12331,748933
568168,569638,Burst Shot,20309.0,1002901,1003537,3991523,18696,596697,1358431,1829661,216256,1349418,1072303,2841757,673648,1773377,670205,12331,748933
568818,570468,Heartbreak Shot,11048.0,1002901,1003537,3991523,18696,596697,1358431,1840709,216256,1349418,1072303,2841757,673648,1773377,670205,12331,748933
550738,571500,Stormbite (dot),3115.0,1002901,1003537,3991523,18696,596697,1358431,1840709,216256,1349418,1072303,2841757,673648,1773377,670205,12331,752048
550738,571500,Caustic Bite (dot),2491.0,1002901,1003537,3991523,18696,599188,1358431,1840709,216256,1349418,1072303,2841757,673648,1773377,670205,12331,752048
570658,572128,Burst Shot,20295.0,1002901,1003537,4011818,18696,599188,1358431,1840709,216256,1349418,1072303,2841757,673648,1773377,670205,12331,752048
570658,572128,Refulgent Arrow,8944.0,1002901,1003537,4011818,18696,599188,1358431,1840709,216256,1349418,1072303,2850701,673648,1773377,670205,12331,752048
571520,572278,Shot,8374.0,1002901,1003537,4011818,18696,599188,1358431,1840709,216256,1349418,1072303,2850701,673648,1781751,670205,12331,752048
571958,572988,Empyreal Arrow,32293.0,1002901,1003537,4011818,18696,599188,1390724,1840709,216256,1349418,1072303,2850701,673648,1781751,670205,12331,752048
550738,574500,Stormbite (dot),3115.0,1002901,1003537,4011818,18696,599188,1390724,1840709,216256,1349418,1072303,2850701,673648,1781751,670205,12331,755163
550738,574500,Caustic Bite (dot),2491.0,1002901,1003537,4011818,18696,601679,1390724,1840709,216256,1349418,1072303,2850701,673648,1781751,670205,12331,755163
573149,574619,Refulgent Arrow,8832.0,1002901,1003537,4011818,18696,601679,1390724,1840709,216256,1349418,1072303,2859533,673648,1781751,670205,12331,755163
573149,574619,Burst Shot,20383.0,1002901,1003537,4032201,18696,601679,1390724,1840709,216256,1349418,1072303,2859533,673648,1781751,670205,12331,755163
574560,575318,Shot,8374.0,1002901,1003537,4032201,18696,601679,1390724,1840709,216256,1349418,1072303,2859533,673648,1790125,670205,12331,755163
575539,577009,Refulgent Arrow,9131.0,1002901,1003537,4032201,18696,601679,1390724,1840709,216256,1349418,1072303,2868664,673648,1790125,670205,12331,755163
575539,577009,Burst Shot,20148.0,1002901,1003537,4052349,18696,601679,1390724,1840709,216256,1349418,1072303,2868664,673648,1790125,670205,12331,755163
550738,577500,Caustic Bite (dot),2491.0,1002901,1003537,4052349,18696,604170,1390724,1840709,216256,1349418,1072303,2868664,673648,1790125,670205,12331,755163
550738,577500,Stormbite (dot),3115.0,1002901,1003537,4052349,18696,604170,1390724,1840709,216256,1349418,1072303,2868664,673648,1790125,670205,12331,758278
576189,577839,Heartbreak Shot,11303.0,1002901,1003537,4052349,18696,604170,1390724,1852012,216256,1349418,1072303,2868664,673648,1790125,670205,12331,758278
577600,578358,Shot,8374.0,1002901,1003537,4052349,18696,604170,1390724,1852012,216256,1349418,1072303,2868664,673648,1798499,670205,12331,758278
577829,579299,Burst Shot,20304.0,1002901,1003537,4072653,18696,604170,1390724,1852012,216256,1349418,1072303,2868664,673648,1798499,670205,12331,758278
577829,579299,Refulgent Arrow,8933.0,1002901,1003537,4072653,18696,604170,1390724,1852012,216256,1349418,1072303,2877597,673648,1798499,670205,12331,758278
550738,580500,Stormbite (dot),3115.0,1002901,1003537,4072653,18696,604170,1390724,1852012,216256,1349418,1072303,2877597,673648,1798499,670205,12331,761393
550738,580500,Caustic Bite (dot),2491.0,1002901,1003537,4072653,18696,606661,1390724,1852012,216256,1349418,1072303,2877597,673648,1798499,670205,12331,761393
580640,581398,Shot,8374.0,1002901,1003537,4072653,18696,606661,1390724,1852012,216256,1349418,1072303,2877597,673648,1806873,670205,12331,761393
580019,581489,Refulgent Arrow,9013.0,1002901,1003537,4072653,18696,606661,1390724,1852012,216256,1349418,1072303,2886610,673648,1806873,670205,12331,761393
580019,581489,Burst Shot,20241.0,1002901,1003537,4092894,18696,606661,1390724,1852012,216256,1349418,1072303,2886610,673648,1806873,670205,12331,761393
550738,583500,Stormbite (dot),3115.0,1002901,1003537,4092894,18696,606661,1390724,1852012,216256,1349418,1072303,2886610,673648,1806873,670205,12331,764508
550738,583500,Caustic Bite (dot),2491.0,1002901,1003537,4092894,18696,609152,1390724,1852012,216256,1349418,1072303,2886610,673648,1806873,670205,12331,764508
582209,583679,Burst Shot,20126.0,1002901,1003537,4113020,18696,609152,1390724,1852012,216256,1349418,1072303,2886610,673648,1806873,670205,12331,764508
582209,583679,Refulgent Arrow,9159.0,1002901,1003537,4113020,18696,609152,1390724,1852012,216256,1349418,1072303,2895769,673648,1806873,670205,12331,764508
583680,584438,Shot,8374.0,1002901,1003537,4113020,18696,609152,1390724,1852012,216256,1349418,1072303,2895769,673648,1815247,670205,12331,764508
584399,585869,Refulgent Arrow,8989.0,1002901,1003537,4113020,18696,609152,1390724,1852012,216256,1349418,1072303,2904758,673648,1815247,670205,12331,764508
584399,585869,Burst Shot,20260.0,1002901,1003537,4133280,18696,609152,1390724,1852012,216256,1349418,1072303,2904758,673648,1815247,670205,12331,764508
550738,586500,Caustic Bite (dot),2491.0,1002901,1003537,4133280,18696,611643,1390724,1852012,216256,1349418,1072303,2904758,673648,1815247,670205,12331,764508
550738,586500,Stormbite (dot),3115.0,1002901,1003537,4133280,18696,611643,1390724,1852012,216256,1349418,1072303,2904758,673648,1815247,670205,12331,767623
586720,587478,Shot,8374.0,1002901,1003537,4133280,18696,611643,1390724,1852012,216256,1349418,1072303,2904758,673648,1823621,670205,12331,767623
586489,587959,Burst Shot,20410.0,1002901,1003537,4153690,18696,611643,1390724,1852012,216256,1349418,1072303,2904758,673648,1823621,670205,12331,767623
586489,587959,Refulgent Arrow,8798.0,1002901,1003537,4153690,18696,611643,1390724,1852012,216256,1349418,1072303,2913556,673648,1823621,670205,12331,767623
587109,588139,Empyreal Arrow,32293.0,1002901,1003537,4153690,18696,611643,1423017,1852012,216256,1349418,1072303,2913556,673648,1823621,670205,12331,767623
588579,589249,Iron Jaws,12417.0,1002901,1003537,4153690,18696,611643,1423017,1852012,228673,1349418,1072303,2913556,673648,1823621,670205,12331,767623
588579,589500,Caustic Bite (dot),2484.0,1002901,1003537,4153690,18696,614127,1423017,1852012,228673,1349418,1072303,2913556,673648,1823621,670205,12331,767623
588579,589500,Stormbite (dot),3106.0,1002901,1003537,4153690,18696,614127,1423017,1852012,228673,1349418,1072303,2913556,673648,1823621,670205,12331,770729
589760,590518,Shot,8374.0,1002901,1003537,4153690,18696,614127,1423017,1852012,228673,1349418,1072303,2913556,673648,1831995,670205,12331,770729
590669,592139,Burst Shot,13279.0,1002901,1003537,4166969,18696,614127,1423017,1852012,228673,1349418,1072303,2913556,673648,1831995,670205,12331,770729
590669,592139,Refulgent Arrow,17874.0,1002901,1003537,4166969,18696,614127,1423017,1852012,228673,1349418,1072303,2931430,673648,1831995,670205,12331,770729
588579,592500,Stormbite (dot),3106.0,1002901,1003537,4166969,18696,614127,1423017,1852012,228673,1349418,1072303,2931430,673648,1831995,670205,12331,773835
588579,592500,Caustic Bite (dot),2484.0,1002901,1003537,4166969,18696,616611,1423017,1852012,228673,1349418,1072303,2931430,673648,1831995,670205,12331,773835
592800,593558,Shot,8374.0,1002901,1003537,4166969,18696,616611,1423017,1852012,228673,1349418,1072303,2931430,673648,1840369,670205,12331,773835
592759,594229,Refulgent Arrow,8968.0,1002901,1003537,4166969,18696,616611,1423017,1852012,228673,1349418,1072303,2940398,673648,1840369,670205,12331,773835
592759,594229,Burst Shot,20276.0,1002901,1003537,4187245,18696,616611,1423017,1852012,228673,1349418,1072303,2940398,673648,1840369,670205,12331,773835
588579,595500,Caustic Bite (dot),2484.0,1002901,1003537,4187245,18696,619095,1423017,1852012,228673,1349418,1072303,2940398,673648,1840369,670205,12331,773835
588579,595500,Stormbite (dot),3106.0,1002901,1003537,4187245,18696,619095,1423017,1852012,228673,1349418,1072303,2940398,673648,1840369,670205,12331,776941
594849,596319,Refulgent Arrow,8964.0,1002901,1003537,4187245,18696,619095,1423017,1852012,228673,1349418,1072303,2949362,673648,1840369,670205,12331,776941
594849,596319,Burst Shot,20279.0,1002901,1003537,4207524,18696,619095,1423017,1852012,228673,1349418,1072303,2949362,673648,1840369,670205,12331,776941
595840,596598,Shot,8374.0,1002901,1003537,4207524,18696,619095,1423017,1852012,228673,1349418,1072303,2949362,673648,1848743,670205,12331,776941
596939,598409,Burst Shot,20265.0,1002901,1003537,4227789,18696,619095,1423017,1852012,228673,1349418,1072303,2949362,673648,1848743,670205,12331,776941
596939,598409,Refulgent Arrow,8982.0,1002901,1003537,4227789,18696,619095,1423017,1852012,228673,1349418,1072303,2958344,673648,1848743,670205,12331,776941
588579,598500,Stormbite (dot),3106.0,1002901,1003537,4227789,18696,619095,1423017,1852012,228673,1349418,1072303,2958344,673648,1848743,670205,12331,780047
588579,598500,Caustic Bite (dot),2484.0,1002901,1003537,4227789,18696,621579,1423017,1852012,228673,1349418,1072303,2958344,673648,1848743,670205,12331,780047
598880,599638,Shot,8374.0,1002901,1003537,4227789,18696,621579,1423017,1852012,228673,1349418,1072303,2958344,673648,1857117,670205,12331,780047
599029,600499,Burst Shot,20142.0,1002901,1003537,4247931,18696,621579,1423017,1852012,228673,1349418,1072303,2958344,673648,1857117,670205,12331,780047
599029,600499,Refulgent Arrow,9138.0,1002901,1003537,4247931,18696,621579,1423017,1852012,228673,1349418,1072303,2967482,673648,1857117,670205,12331,780047
588579,601500,Stormbite (dot),3106.0,1002901,1003537,4247931,18696,621579,1423017,1852012,228673,1349418,1072303,2967482,673648,1857117,670205,12331,783153
588579,601500,Caustic Bite (dot),2484.0,1002901,1003537,4247931,18696,624063,1423017,1852012,228673,1349418,1072303,2967482,673648,1857117,670205,12331,783153
601119,602589,Refulgent Arrow,9062.0,1002901,1003537,4247931,18696,624063,1423017,1852012,228673,1349418,1072303,2976544,673648,1857117,670205,12331,783153
601119,602589,Burst Shot,20203.0,1002901,1003537,4268134,18696,624063,1423017,1852012,228673,1349418,1072303,2976544,673648,1857117,670205,12331,783153
601920,602678,Shot,8405.0,1002901,1003537,4268134,18696,624063,1423017,1852012,228673,1349418,1072303,2976544,673648,1865522,670205,12331,783153
602359,603389,Empyreal Arrow,32412.0,1002901,1003537,4268134,18696,624063,1455429,1852012,228673,1349418,1072303,2976544,673648,1865522,670205,12331,783153
588579,604500,Caustic Bite (dot),2484.0,1002901,1003537,4268134,18696,626547,1455429,1852012,228673,1349418,1072303,2976544,673648,1865522,670205,12331,783153
588579,604500,Stormbite (dot),3106.0,1002901,1003537,4268134,18696,626547,1455429,1852012,228673,1349418,1072303,2976544,673648,1865522,670205,12331,786259
603209,604679,Refulgent Arrow,9109.0,1002901,1003537,4268134,18696,626547,1455429,1852012,228673,1349418,1072303,2985653,673648,1865522,670205,12331,786259
603209,604679,Burst Shot,20266.0,1002901,1003537,4288400,18696,626547,1455429,1852012,228673,1349418,1072303,2985653,673648,1865522,670205,12331,786259
604960,605718,Shot,8405.0,1002901,1003537,4288400,18696,626547,1455429,1852012,228673,1349418,1072303,2985653,673648,1873927,670205,12331,786259
605399,606869,Refulgent Arrow,9154.0,1002901,1003537,4288400,18696,626547,1455429,1852012,228673,1349418,1072303,2994807,673648,1873927,670205,12331,786259
605399,606869,Burst Shot,20230.0,1002901,1003537,4308630,18696,626547,1455429,1852012,228673,1349418,1072303,2994807,673648,1873927,670205,12331,786259
588579,607500,Stormbite (dot),3106.0,1002901,1003537,4308630,18696,626547,1455429,1852012,228673,1349418,1072303,2994807,673648,1873927,670205,12331,789365
588579,607500,Caustic Bite (dot),2484.0,1002901,1003537,4308630,18696,629031,1455429,1852012,228673,1349418,1072303,2994807,673648,1873927,670205,12331,789365
608000,608758,Shot,12043.0,1002901,1003537,4308630,18696,629031,1455429,1852012,228673,1349418,1072303,2994807,673648,1885970,670205,12331,789365
607589,609059,Refulgent Arrow,13238.0,1002901,1003537,4308630,18696,629031,1455429,1852012,228673,1349418,1072303,3008045,673648,1885970,670205,12331,789365
607589,609059,Burst Shot,28894.0,1002901,1003537,4337524,18696,629031,1455429,1852012,228673,1349418,1072303,3008045,673648,1885970,670205,12331,789365
608829,609629,Pitch Perfect,46736.0,1002901,1003537,4337524,18696,629031,1455429,1852012,228673,1396154,1072303,3008045,673648,1885970,670205,12331,789365
608829,610479,Heartbreak Shot,13603.0,1002901,1003537,4337524,18696,629031,1455429,1865615,228673,1396154,1072303,3008045,673648,1885970,670205,12331,789365
588579,610500,Caustic Bite (dot),2484.0,1002901,1003537,4337524,18696,631515,1455429,1865615,228673,1396154,1072303,3008045,673648,1885970,670205,12331,789365
588579,610500,Stormbite (dot),3106.0,1002901,1003537,4337524,18696,631515,1455429,1865615,228673,1396154,1072303,3008045,673648,1885970,670205,12331,792471
609779,611739,Radiant Encore,225982.0,1002901,1003537,4337524,18696,631515,1455429,1865615,228673,1396154,1298285,3008045,673648,1885970,670205,12331,792471
611040,611798,Shot,13849.0,1002901,1003537,4337524,18696,631515,1455429,1865615,228673,1396154,1298285,3008045,673648,1899819,670205,12331,792471
611019,611819,Pitch Perfect,19367.0,1002901,1003537,4337524,18696,631515,1455429,1865615,228673,1415521,1298285,3008045,673648,1899819,670205,12331,792471
610399,612049,Heartbreak Shot,36967.0,1002901,1003537,4337524,18696,631515,1455429,1902582,228673,1415521,1298285,3008045,673648,1899819,670205,12331,792471
611019,612669,Heartbreak Shot,23363.0,1002901,1003537,4337524,18696,631515,1455429,1925945,228673,1415521,1298285,3008045,673648,1899819,670205,12331,792471
612589,613119,Sidewinder,82172.0,1002901,1003537,4337524,18696,631515,1455429,1925945,228673,1415521,1298285,3008045,673648,1899819,752377,12331,792471
611969,613439,Refulgent Arrow,14896.0,1002901,1003537,4337524,18696,631515,1455429,1925945,228673,1415521,1298285,3022941,673648,1899819,752377,12331,792471
611969,613439,Burst Shot,33485.0,1002901,1003537,4371009,18696,631515,1455429,1925945,228673,1415521,1298285,3022941,673648,1899819,752377,12331,792471
588579,613500,Caustic Bite (dot),2484.0,1002901,1003537,4371009,18696,633999,1455429,1925945,228673,1415521,1298285,3022941,673648,1899819,752377,12331,792471
588579,613500,Stormbite (dot),3106.0,1002901,1003537,4371009,18696,633999,1455429,1925945,228673,1415521,1298285,3022941,673648,1899819,752377,12331,795577
614080,614838,Shot,13849.0,1002901,1003537,4371009,18696,633999,1455429,1925945,228673,1415521,1298285,3022941,673648,1913668,752377,12331,795577
615109,615909,Pitch Perfect,5923.0,1002901,1003537,4371009,18696,633999,1455429,1925945,228673,1421444,1298285,3022941,673648,1913668,752377,12331,795577
614459,615929,Burst Shot,33630.0,1002901,1003537,4404639,18696,633999,1455429,1925945,228673,1421444,1298285,3022941,673648,1913668,752377,12331,795577
614459,615929,Refulgent Arrow,14712.0,1002901,1003537,4404639,18696,633999,1455429,1925945,228673,1421444,1298285,3037653,673648,1913668,752377,12331,795577
588579,616500,Stormbite (dot),3106.0,1002901,1003537,4404639,18696,633999,1455429,1925945,228673,1421444,1298285,3037653,673648,1913668,752377,12331,798683
588579,616500,Caustic Bite (dot),2484.0,1002901,1003537,4404639,18696,636483,1455429,1925945,228673,1421444,1298285,3037653,673648,1913668,752377,12331,798683
615759,616559,Pitch Perfect,19409.0,1002901,1003537,4404639,18696,636483,1455429,1925945,228673,1440853,1298285,3037653,673648,1913668,752377,12331,798683
615109,616759,Heartbreak Shot,16860.0,1002901,1003537,4404639,18696,636483,1455429,1942805,228673,1440853,1298285,3037653,673648,1913668,752377,12331,798683
615759,617409,Heartbreak Shot,1412.0,1002901,1003537,4404639,18696,636483,1455429,1944217,228673,1440853,1298285,3037653,673648,1913668,752377,12331,798683
617120,617878,Shot,13849.0,1002901,1003537,4404639,18696,636483,1455429,1944217,228673,1440853,1298285,3037653,673648,1927517,752377,12331,798683
616949,618419,Burst Shot,33427.0,1002901,1003537,4438066,18696,636483,1455429,1944217,228673,1440853,1298285,3037653,673648,1927517,752377,12331,798683
616949,618419,Refulgent Arrow,14970.0,1002901,1003537,4438066,18696,636483,1455429,1944217,228673,1440853,1298285,3052623,673648,1927517,752377,12331,798683
617569,618599,Empyreal Arrow,53410.0,1002901,1003537,4438066,18696,636483,1508839,1944217,228673,1440853,1298285,3052623,673648,1927517,752377,12331,798683
588579,619500,Caustic Bite (dot),2484.0,1002901,1003537,4438066,18696,638967,1508839,1944217,228673,1440853,1298285,3052623,673648,1927517,752377,12331,798683
588579,619500,Stormbite (dot),3106.0,1002901,1003537,4438066,18696,638967,1508839,1944217,228673,1440853,1298285,3052623,673648,1927517,752377,12331,801789
619439,620509,Apex Arrow,9221.0,1012122,1003537,4438066,18696,638967,1508839,1944217,228673,1440853,1298285,3052623,673648,1927517,752377,12331,801789
619439,620509,Apex Arrow,5694.0,1017816,1003537,4438066,18696,638967,1508839,1944217,228673,1440853,1298285,3052623,673648,1927517,752377,12331,801789
619439,620509,Apex Arrow,2407.0,1020223,1003537,4438066,18696,638967,1508839,1944217,228673,1440853,1298285,3052623,673648,1927517,752377,12331,801789
619439,620509,Apex Arrow,7.0,1020230,1003537,4438066,18696,638967,1508839,1944217,228673,1440853,1298285,3052623,673648,1927517,752377,12331,801789
619439,620509,Apex Arrow,1012.0,1021242,1003537,4438066,18696,638967,1508839,1944217,228673,1440853,1298285,3052623,673648,1927517,752377,12331,801789
619439,620509,Apex Arrow,463.0,1021705,1003537,4438066,18696,638967,1508839,1944217,228673,1440853,1298285,3052623,673648,1927517,752377,12331,801789
619439,620509,Apex Arrow,70.0,1021775,1003537,4438066,18696,638967,1508839,1944217,228673,1440853,1298285,3052623,673648,1927517,752377,12331,801789
619439,620509,Apex Arrow,9.0,1021784,1003537,4438066,18696,638967,1508839,1944217,228673,1440853,1298285,3052623,673648,1927517,752377,12331,801789
619439,620509,Apex Arrow,122925.0,1144709,1003537,4438066,18696,638967,1508839,1944217,228673,1440853,1298285,3052623,673648,1927517,752377,12331,801789
620059,620859,Pitch Perfect,57437.0,1144709,1003537,4438066,18696,638967,1508839,1944217,228673,1498290,1298285,3052623,673648,1927517,752377,12331,801789
620160,620918,Shot,13849.0,1144709,1003537,4438066,18696,638967,1508839,1944217,228673,1498290,1298285,3052623,673648,1941366,752377,12331,801789
588579,622500,Caustic Bite (dot),2484.0,1144709,1003537,4438066,18696,641451,1508839,1944217,228673,1498290,1298285,3052623,673648,1941366,752377,12331,801789
588579,622500,Stormbite (dot),3106.0,1144709,1003537,4438066,18696,641451,1508839,1944217,228673,1498290,1298285,3052623,673648,1941366,752377,12331,804895
621929,623399,Burst Shot,194.0,1144709,1003537,4438260,18696,641451,1508839,1944217,228673,1498290,1298285,3052623,673648,1941366,752377,12331,804895
621929,623399,Refulgent Arrow,51.0,1144709,1003537,4438260,18696,641451,1508839,1944217,228673,1498290,1298285,3052674,673648,1941366,752377,12331,804895
621929,623579,Blast Arrow,143058.0,1144709,1146595,4438260,18696,641451,1508839,1944217,228673,1498290,1298285,3052674,673648,1941366,752377,12331,804895
623200,623958,Shot,13849.0,1144709,1146595,4438260,18696,641451,1508839,1944217,228673,1498290,1298285,3052674,673648,1955215,752377,12331,804895
623229,624029,Pitch Perfect,12172.0,1144709,1146595,4438260,18696,641451,1508839,1944217,228673,1510462,1298285,3052674,673648,1955215,752377,12331,804895
622579,624229,Heartbreak Shot,18694.0,1144709,1146595,4438260,18696,641451,1508839,1962911,228673,1510462,1298285,3052674,673648,1955215,752377,12331,804895
588579,625500,Stormbite (dot),3106.0,1144709,1146595,4438260,18696,641451,1508839,1962911,228673,1510462,1298285,3052674,673648,1955215,752377,12331,808001
588579,625500,Caustic Bite (dot),2484.0,1144709,1146595,4438260,18696,643935,1508839,1962911,228673,1510462,1298285,3052674,673648,1955215,752377,12331,808001
624419,625579,Resonant Arrow,131472.0,1144709,1146595,4438260,18696,643935,1508839,1962911,228673,1510462,1298285,3052674,805120,1955215,752377,12331,808001
626240,626998,Shot,12410.0,1144709,1146595,4438260,18696,643935,1508839,1962911,228673,1510462,1298285,3052674,805120,1967625,752377,12331,808001
627559,628359,Pitch Perfect,2296.0,1144709,1146595,4438260,18696,643935,1508839,1962911,228673,1512758,1298285,3052674,805120,1967625,752377,12331,808001
626909,628379,Refulgent Arrow,46906.0,1144709,1146595,4438260,18696,643935,1508839,1962911,228673,1512758,1298285,3099580,805120,1967625,752377,12331,808001
626909,628499,Refulgent Arrow,46906.0,1144709,1146595,4438260,18696,643935,1508839,1962911,228673,1512758,1298285,3146486,805120,1967625,752377,12331,808001
588579,628500,Stormbite (dot),3106.0,1144709,1146595,4438260,18696,643935,1508839,1962911,228673,1512758,1298285,3146486,805120,1967625,752377,12331,811107
588579,628500,Caustic Bite (dot),2484.0,1144709,1146595,4438260,18696,646419,1508839,1962911,228673,1512758,1298285,3146486,805120,1967625,752377,12331,811107
626909,628619,Refulgent Arrow,46906.0,1144709,1146595,4438260,18696,646419,1508839,1962911,228673,1512758,1298285,3193392,805120,1967625,752377,12331,811107
629280,630038,Shot,8405.0,1144709,1146595,4438260,18696,646419,1508839,1962911,228673,1512758,1298285,3193392,805120,1976030,752377,12331,811107
629399,630069,Iron Jaws,12462.0,1144709,1146595,4438260,18696,646419,1508839,1962911,241135,1512758,1298285,3193392,805120,1976030,752377,12331,811107
630019,630819,Pitch Perfect,18206.0,1144709,1146595,4438260,18696,646419,1508839,1962911,241135,1530964,1298285,3193392,805120,1976030,752377,12331,811107
629399,631500,Caustic Bite (dot),2493.0,1144709,1146595,4438260,18696,648912,1508839,1962911,241135,1530964,1298285,3193392,805120,1976030,752377,12331,811107
629399,631500,Stormbite (dot),3118.0,1144709,1146595,4438260,18696,648912,1508839,1962911,241135,1530964,1298285,3193392,805120,1976030,752377,12331,814225
630019,631669,Heartbreak Shot,6602.0,1144709,1146595,4438260,18696,648912,1508839,1969513,241135,1530964,1298285,3193392,805120,1976030,752377,12331,814225
630639,632289,Heartbreak Shot,4486.0,1144709,1146595,4438260,18696,648912,1508839,1973999,241135,1530964,1298285,3193392,805120,1976030,752377,12331,814225
632320,633078,Shot,8405.0,1144709,1146595,4438260,18696,648912,1508839,1973999,241135,1530964,1298285,3193392,805120,1984435,752377,12331,814225
631889,633359,Burst Shot,13254.0,1144709,1146595,4451514,18696,648912,1508839,1973999,241135,1530964,1298285,3193392,805120,1984435,752377,12331,814225
631889,633359,Refulgent Arrow,18034.0,1144709,1146595,4451514,18696,648912,1508839,1973999,241135,1530964,1298285,3211426,805120,1984435,752377,12331,814225
632569,633599,Empyreal Arrow,32412.0,1144709,1146595,4451514,18696,648912,1541251,1973999,241135,1530964,1298285,3211426,805120,1984435,752377,12331,814225
633219,634019,Pitch Perfect,24395.0,1144709,1146595,4451514,18696,648912,1541251,1973999,241135,1555359,1298285,3211426,805120,1984435,752377,12331,814225
629399,634500,Stormbite (dot),3118.0,1144709,1146595,4451514,18696,648912,1541251,1973999,241135,1555359,1298285,3211426,805120,1984435,752377,12331,817343
629399,634500,Caustic Bite (dot),2493.0,1144709,1146595,4451514,18696,651405,1541251,1973999,241135,1555359,1298285,3211426,805120,1984435,752377,12331,817343
634999,635799,Pitch Perfect,13463.0,1144709,1146595,4451514,18696,651405,1541251,1973999,241135,1568822,1298285,3211426,805120,1984435,752377,12331,817343
634379,635849,Refulgent Arrow,9545.0,1144709,1146595,4451514,18696,651405,1541251,1973999,241135,1568822,1298285,3220971,805120,1984435,752377,12331,817343
634379,635849,Burst Shot,19923.0,1144709,1146595,4471437,18696,651405,1541251,1973999,241135,1568822,1298285,3220971,805120,1984435,752377,12331,817343
635360,636118,Shot,8405.0,1144709,1146595,4471437,18696,651405,1541251,1973999,241135,1568822,1298285,3220971,805120,1992840,752377,12331,817343
629399,637500,Stormbite (dot),3118.0,1144709,1146595,4471437,18696,651405,1541251,1973999,241135,1568822,1298285,3220971,805120,1992840,752377,12331,820461
629399,637500,Caustic Bite (dot),2493.0,1144709,1146595,4471437,18696,653898,1541251,1973999,241135,1568822,1298285,3220971,805120,1992840,752377,12331,820461
636869,638339,Refulgent Arrow,9099.0,1144709,1146595,4471437,18696,653898,1541251,1973999,241135,1568822,1298285,3230070,805120,1992840,752377,12331,820461
636869,638339,Burst Shot,20274.0,1144709,1146595,4491711,18696,653898,1541251,1973999,241135,1568822,1298285,3230070,805120,1992840,752377,12331,820461
638169,638969,Pitch Perfect,5142.0,1144709,1146595,4491711,18696,653898,1541251,1973999,241135,1573964,1298285,3230070,805120,1992840,752377,12331,820461
638400,639158,Shot,8405.0,1144709,1146595,4491711,18696,653898,1541251,1973999,241135,1573964,1298285,3230070,805120,2001245,752377,12331,820461
637519,639169,Heartbreak Shot,11344.0,1144709,1146595,4491711,18696,653898,1541251,1985343,241135,1573964,1298285,3230070,805120,2001245,752377,12331,820461
629399,640500,Caustic Bite (dot),2493.0,1144709,1146595,4491711,18696,656391,1541251,1985343,241135,1573964,1298285,3230070,805120,2001245,752377,12331,820461
629399,640500,Stormbite (dot),3118.0,1144709,1146595,4491711,18696,656391,1541251,1985343,241135,1573964,1298285,3230070,805120,2001245,752377,12331,823579
639359,640829,Burst Shot,20414.0,1144709,1146595,4512125,18696,656391,1541251,1985343,241135,1573964,1298285,3230070,805120,2001245,752377,12331,823579
639359,640829,Refulgent Arrow,8921.0,1144709,1146595,4512125,18696,656391,1541251,1985343,241135,1573964,1298285,3238991,805120,2001245,752377,12331,823579
641440,642198,Shot,8405.0,1144709,1146595,4512125,18696,656391,1541251,1985343,241135,1573964,1298285,3238991,805120,2009650,752377,12331,823579
642499,643299,Pitch Perfect,13817.0,1144709,1146595,4512125,18696,656391,1541251,1985343,241135,1587781,1298285,3238991,805120,2009650,752377,12331,823579
641849,643319,Burst Shot,20452.0,1144709,1146595,4532577,18696,656391,1541251,1985343,241135,1587781,1298285,3238991,805120,2009650,752377,12331,823579
641849,643319,Refulgent Arrow,8872.0,1144709,1146595,4532577,18696,656391,1541251,1985343,241135,1587781,1298285,3247863,805120,2009650,752377,12331,823579
629399,643500,Caustic Bite (dot),2493.0,1144709,1146595,4532577,18696,658884,1541251,1985343,241135,1587781,1298285,3247863,805120,2009650,752377,12331,823579
629399,643500,Stormbite (dot),3118.0,1144709,1146595,4532577,18696,658884,1541251,1985343,241135,1587781,1298285,3247863,805120,2009650,752377,12331,826697
644480,645238,Shot,8405.0,1144709,1146595,4532577,18696,658884,1541251,1985343,241135,1587781,1298285,3247863,805120,2018055,752377,12331,826697
644959,645759,Pitch Perfect,7508.0,1144709,1146595,4532577,18696,658884,1541251,1985343,241135,1595289,1298285,3247863,805120,2018055,752377,12331,826697
644959,645759,Pitch Perfect,15132.0,1144709,1146595,4532577,18696,658884,1541251,1985343,241135,1610421,1298285,3247863,805120,2018055,752377,12331,826697
644959,645759,Pitch Perfect,4035.0,1144709,1146595,4532577,18696,658884,1541251,1985343,241135,1614456,1298285,3247863,805120,2018055,752377,12331,826697
644339,645809,Refulgent Arrow,9088.0,1144709,1146595,4532577,18696,658884,1541251,1985343,241135,1614456,1298285,3256951,805120,2018055,752377,12331,826697
644339,645809,Burst Shot,20282.0,1144709,1146595,4552859,18696,658884,1541251,1985343,241135,1614456,1298285,3256951,805120,2018055,752377,12331,826697
629399,646500,Stormbite (dot),3118.0,1144709,1146595,4552859,18696,658884,1541251,1985343,241135,1614456,1298285,3256951,805120,2018055,752377,12331,829815
629399,646500,Caustic Bite (dot),2493.0,1144709,1146595,4552859,18696,661377,1541251,1985343,241135,1614456,1298285,3256951,805120,2018055,752377,12331,829815
644959,646609,Heartbreak Shot,742.0,1144709,1146595,4552859,18696,661377,1541251,1986085,241135,1614456,1298285,3256951,805120,2018055,752377,12331,829815
645609,647259,Heartbreak Shot,10339.0,1144709,1146595,4552859,18696,661377,1541251,1996424,241135,1614456,1298285,3256951,805120,2018055,752377,12331,829815
647520,648278,Shot,8399.0,1144709,1146595,4552859,18696,661377,1541251,1996424,241135,1614456,1298285,3256951,805120,2026454,752377,12331,829815
646829,648299,Refulgent Arrow,8939.0,1144709,1146595,4552859,18696,661377,1541251,1996424,241135,1614456,1298285,3265890,805120,2026454,752377,12331,829815
646829,648299,Burst Shot,20381.0,1144709,1146595,4573240,18696,661377,1541251,1996424,241135,1614456,1298285,3265890,805120,2026454,752377,12331,829815
647569,648599,Empyreal Arrow,32390.0,1144709,1146595,4573240,18696,661377,1573641,1996424,241135,1614456,1298285,3265890,805120,2026454,752377,12331,829815
629399,649500,Stormbite (dot),3118.0,1144709,1146595,4573240,18696,661377,1573641,1996424,241135,1614456,1298285,3265890,805120,2026454,752377,12331,832933
629399,649500,Caustic Bite (dot),2493.0,1144709,1146595,4573240,18696,663870,1573641,1996424,241135,1614456,1298285,3265890,805120,2026454,752377,12331,832933
648189,649839,Heartbreak Shot,11337.0,1144709,1146595,4573240,18696,663870,1573641,2007761,241135,1614456,1298285,3265890,805120,2026454,752377,12331,832933
649320,650790,Burst Shot,20055.0,1144709,1146595,4593295,18696,663870,1573641,2007761,241135,1614456,1298285,3265890,805120,2026454,752377,12331,832933
649320,650790,Refulgent Arrow,9354.0,1144709,1146595,4593295,18696,663870,1573641,2007761,241135,1614456,1298285,3275244,805120,2026454,752377,12331,832933
650560,651318,Shot,8399.0,1144709,1146595,4593295,18696,663870,1573641,2007761,241135,1614456,1298285,3275244,805120,2034853,752377,12331,832933
649940,651590,Heartbreak Shot,8792.0,1144709,1146595,4593295,18696,663870,1573641,2016553,241135,1614456,1298285,3275244,805120,2034853,752377,12331,832933
629399,652500,Caustic Bite (dot),2493.0,1144709,1146595,4593295,18696,666363,1573641,2016553,241135,1614456,1298285,3275244,805120,2034853,752377,12331,832933
629399,652500,Stormbite (dot),3118.0,1144709,1146595,4593295,18696,666363,1573641,2016553,241135,1614456,1298285,3275244,805120,2034853,752377,12331,836051
651810,653280,Burst Shot,20455.0,1144709,1146595,4613750,18696,666363,1573641,2016553,241135,1614456,1298285,3275244,805120,2034853,752377,12331,836051
651810,653280,Refulgent Arrow,8845.0,1144709,1146595,4613750,18696,666363,1573641,2016553,241135,1614456,1298285,3284089,805120,2034853,752377,12331,836051
652460,654110,Heartbreak Shot,20201.0,1144709,1146595,4613750,18696,666363,1573641,2036754,241135,1614456,1298285,3284089,805120,2034853,752377,12331,836051
653600,654358,Shot,8399.0,1144709,1146595,4613750,18696,666363,1573641,2036754,241135,1614456,1298285,3284089,805120,2043252,752377,12331,836051
629399,655500,Stormbite (dot),3118.0,1144709,1146595,4613750,18696,666363,1573641,2036754,241135,1614456,1298285,3284089,805120,2043252,752377,12331,839169
629399,655500,Caustic Bite (dot),2493.0,1144709,1146595,4613750,18696,668856,1573641,2036754,241135,1614456,1298285,3284089,805120,2043252,752377,12331,839169
654300,655770,Refulgent Arrow,9047.0,1144709,1146595,4613750,18696,668856,1573641,2036754,241135,1614456,1298285,3293136,805120,2043252,752377,12331,839169
654300,655770,Burst Shot,20296.0,1144709,1146595,4634046,18696,668856,1573641,2036754,241135,1614456,1298285,3293136,805120,2043252,752377,12331,839169
654950,656600,Heartbreak Shot,9146.0,1144709,1146595,4634046,18696,668856,1573641,2045900,241135,1614456,1298285,3293136,805120,2043252,752377,12331,839169
656640,657398,Shot,8399.0,1144709,1146595,4634046,18696,668856,1573641,2045900,241135,1614456,1298285,3293136,805120,2051651,752377,12331,839169
656790,658260,Refulgent Arrow,9106.0,1144709,1146595,4634046,18696,668856,1573641,2045900,241135,1614456,1298285,3302242,805120,2051651,752377,12331,839169
656790,658260,Burst Shot,20249.0,1144709,1146595,4654295,18696,668856,1573641,2045900,241135,1614456,1298285,3302242,805120,2051651,752377,12331,839169
629399,658500,Caustic Bite (dot),2493.0,1144709,1146595,4654295,18696,671349,1573641,2045900,241135,1614456,1298285,3302242,805120,2051651,752377,12331,839169
629399,658500,Stormbite (dot),3118.0,1144709,1146595,4654295,18696,671349,1573641,2045900,241135,1614456,1298285,3302242,805120,2051651,752377,12331,842287
658090,659740,Heartbreak Shot,8886.0,1144709,1146595,4654295,18696,671349,1573641,2054786,241135,1614456,1298285,3302242,805120,2051651,752377,12331,842287
659680,660438,Shot,8399.0,1144709,1146595,4654295,18696,671349,1573641,2054786,241135,1614456,1298285,3302242,805120,2060050,752377,12331,842287
659280,660750,Refulgent Arrow,8960.0,1144709,1146595,4654295,18696,671349,1573641,2054786,241135,1614456,1298285,3311202,805120,2060050,752377,12331,842287
659280,660750,Burst Shot,20364.0,1144709,1146595,4674659,18696,671349,1573641,2054786,241135,1614456,1298285,3311202,805120,2060050,752377,12331,842287
629399,661500,Caustic Bite (dot),2493.0,1144709,1146595,4674659,18696,673842,1573641,2054786,241135,1614456,1298285,3311202,805120,2060050,752377,12331,842287
629399,661500,Stormbite (dot),3118.0,1144709,1146595,4674659,18696,673842,1573641,2054786,241135,1614456,1298285,3311202,805120,2060050,752377,12331,845405
659900,661550,Heartbreak Shot,11251.0,1144709,1146595,4674659,18696,673842,1573641,2066037,241135,1614456,1298285,3311202,805120,2060050,752377,12331,845405
661770,663240,Burst Shot,20353.0,1144709,1146595,4695012,18696,673842,1573641,2066037,241135,1614456,1298285,3311202,805120,2060050,752377,12331,845405
661770,663240,Refulgent Arrow,8974.0,1144709,1146595,4695012,18696,673842,1573641,2066037,241135,1614456,1298285,3320176,805120,2060050,752377,12331,845405
662720,663478,Shot,8399.0,1144709,1146595,4695012,18696,673842,1573641,2066037,241135,1614456,1298285,3320176,805120,2068449,752377,12331,845405
662569,663599,Empyreal Arrow,32390.0,1144709,1146595,4695012,18696,673842,1606031,2066037,241135,1614456,1298285,3320176,805120,2068449,752377,12331,845405
629399,664500,Caustic Bite (dot),2493.0,1144709,1146595,4695012,18696,676335,1606031,2066037,241135,1614456,1298285,3320176,805120,2068449,752377,12331,845405
629399,664500,Stormbite (dot),3118.0,1144709,1146595,4695012,18696,676335,1606031,2066037,241135,1614456,1298285,3320176,805120,2068449,752377,12331,848523
663189,664839,Heartbreak Shot,20181.0,1144709,1146595,4695012,18696,676335,1606031,2086218,241135,1614456,1298285,3320176,805120,2068449,752377,12331,848523
664260,665730,Refulgent Arrow,9075.0,1144709,1146595,4695012,18696,676335,1606031,2086218,241135,1614456,1298285,3329251,805120,2068449,752377,12331,848523
664260,665730,Burst Shot,20274.0,1144709,1146595,4715286,18696,676335,1606031,2086218,241135,1614456,1298285,3329251,805120,2068449,752377,12331,848523
665760,666518,Shot,8399.0,1144709,1146595,4715286,18696,676335,1606031,2086218,241135,1614456,1298285,3329251,805120,2076848,752377,12331,848523
664910,666560,Heartbreak Shot,8776.0,1144709,1146595,4715286,18696,676335,1606031,2094994,241135,1614456,1298285,3329251,805120,2076848,752377,12331,848523
629399,667500,Stormbite (dot),3118.0,1144709,1146595,4715286,18696,676335,1606031,2094994,241135,1614456,1298285,3329251,805120,2076848,752377,12331,851641
629399,667500,Caustic Bite (dot),2493.0,1144709,1146595,4715286,18696,678828,1606031,2094994,241135,1614456,1298285,3329251,805120,2076848,752377,12331,851641
666750,668220,Refulgent Arrow,9225.0,1144709,1146595,4715286,18696,678828,1606031,2094994,241135,1614456,1298285,3338476,805120,2076848,752377,12331,851641
666750,668220,Burst Shot,20156.0,1144709,1146595,4735442,18696,678828,1606031,2094994,241135,1614456,1298285,3338476,805120,2076848,752377,12331,851641
667370,669020,Heartbreak Shot,20290.0,1144709,1146595,4735442,18696,678828,1606031,2115284,241135,1614456,1298285,3338476,805120,2076848,752377,12331,851641
668800,669558,Shot,8399.0,1144709,1146595,4735442,18696,678828,1606031,2115284,241135,1614456,1298285,3338476,805120,2085247,752377,12331,851641
669240,670310,Apex Arrow,230.0,1144939,1146595,4735442,18696,678828,1606031,2115284,241135,1614456,1298285,3338476,805120,2085247,752377,12331,851641
669240,670310,Apex Arrow,7249.0,1152188,1146595,4735442,18696,678828,1606031,2115284,241135,1614456,1298285,3338476,805120,2085247,752377,12331,851641
669240,670310,Apex Arrow,41529.0,1193717,1146595,4735442,18696,678828,1606031,2115284,241135,1614456,1298285,3338476,805120,2085247,752377,12331,851641
669240,670310,Apex Arrow,2313.0,1196030,1146595,4735442,18696,678828,1606031,2115284,241135,1614456,1298285,3338476,805120,2085247,752377,12331,851641
669240,670310,Apex Arrow,4395.0,1200425,1146595,4735442,18696,678828,1606031,2115284,241135,1614456,1298285,3338476,805120,2085247,752377,12331,851641
669240,670310,Apex Arrow,765.0,1201190,1146595,4735442,18696,678828,1606031,2115284,241135,1614456,1298285,3338476,805120,2085247,752377,12331,851641
669240,670310,Apex Arrow,13.0,1201203,1146595,4735442,18696,678828,1606031,2115284,241135,1614456,1298285,3338476,805120,2085247,752377,12331,851641
669240,670310,Apex Arrow,62.0,1201265,1146595,4735442,18696,678828,1606031,2115284,241135,1614456,1298285,3338476,805120,2085247,752377,12331,851641
669240,670310,Apex Arrow,8272.0,1209537,1146595,4735442,18696,678828,1606031,2115284,241135,1614456,1298285,3338476,805120,2085247,752377,12331,851641
669240,670310,Apex Arrow,6844.0,1216381,1146595,4735442,18696,678828,1606031,2115284,241135,1614456,1298285,3338476,805120,2085247,752377,12331,851641
669240,670310,Apex Arrow,8020.0,1224401,1146595,4735442,18696,678828,1606031,2115284,241135,1614456,1298285,3338476,805120,2085247,752377,12331,851641
629399,670500,Caustic Bite (dot),2493.0,1224401,1146595,4735442,18696,681321,1606031,2115284,241135,1614456,1298285,3338476,805120,2085247,752377,12331,851641
629399,670500,Stormbite (dot),3118.0,1224401,1146595,4735442,18696,681321,1606031,2115284,241135,1614456,1298285,3338476,805120,2085247,752377,12331,854759
669890,671540,Heartbreak Shot,8949.0,1224401,1146595,4735442,18696,681321,1606031,2124233,241135,1614456,1298285,3338476,805120,2085247,752377,12331,854759
671840,672598,Shot,8399.0,1224401,1146595,4735442,18696,681321,1606031,2124233,241135,1614456,1298285,3338476,805120,2093646,752377,12331,854759
672589,673119,Sidewinder,49833.0,1224401,1146595,4735442,18696,681321,1606031,2124233,241135,1614456,1298285,3338476,805120,2093646,802210,12331,854759
671730,673200,Refulgent Arrow,1112.0,1224401,1146595,4735442,18696,681321,1606031,2124233,241135,1614456,1298285,3339588,805120,2093646,802210,12331,854759
671730,673200,Burst Shot,2540.0,1224401,1146595,4737982,18696,681321,1606031,2124233,241135,1614456,1298285,3339588,805120,2093646,802210,12331,854759
671730,673380,Blast Arrow,76344.0,1224401,1222939,4737982,18696,681321,1606031,2124233,241135,1614456,1298285,3339588,805120,2093646,802210,12331,854759
629399,673500,Stormbite (dot),3118.0,1224401,1222939,4737982,18696,681321,1606031,2124233,241135,1614456,1298285,3339588,805120,2093646,802210,12331,857877
629399,673500,Caustic Bite (dot),2493.0,1224401,1222939,4737982,18696,683814,1606031,2124233,241135,1614456,1298285,3339588,805120,2093646,802210,12331,857877
673209,674859,Heartbreak Shot,9117.0,1224401,1222939,4737982,18696,683814,1606031,2133350,241135,1614456,1298285,3339588,805120,2093646,802210,12331,857877
674220,674890,Iron Jaws,12454.0,1224401,1222939,4737982,18696,683814,1606031,2133350,253589,1614456,1298285,3339588,805120,2093646,802210,12331,857877
674880,675638,Shot,8399.0,1224401,1222939,4737982,18696,683814,1606031,2133350,253589,1614456,1298285,3339588,805120,2102045,802210,12331,857877
674220,676500,Caustic Bite (dot),2491.0,1224401,1222939,4737982,18696,686305,1606031,2133350,253589,1614456,1298285,3339588,805120,2102045,802210,12331,857877
674220,676500,Stormbite (dot),3115.0,1224401,1222939,4737982,18696,686305,1606031,2133350,253589,1614456,1298285,3339588,805120,2102045,802210,12331,860992
674870,676520,Heartbreak Shot,11117.0,1224401,1222939,4737982,18696,686305,1606031,2144467,253589,1614456,1298285,3339588,805120,2102045,802210,12331,860992
676710,678180,Burst Shot,12981.0,1224401,1222939,4750963,18696,686305,1606031,2144467,253589,1614456,1298285,3339588,805120,2102045,802210,12331,860992
676710,678180,Refulgent Arrow,18356.0,1224401,1222939,4750963,18696,686305,1606031,2144467,253589,1614456,1298285,3357944,805120,2102045,802210,12331,860992
677569,678599,Empyreal Arrow,32390.0,1224401,1222939,4750963,18696,686305,1638421,2144467,253589,1614456,1298285,3357944,805120,2102045,802210,12331,860992
677920,678678,Shot,8399.0,1224401,1222939,4750963,18696,686305,1638421,2144467,253589,1614456,1298285,3357944,805120,2110444,802210,12331,860992
674220,679500,Caustic Bite (dot),2491.0,1224401,1222939,4750963,18696,688796,1638421,2144467,253589,1614456,1298285,3357944,805120,2110444,802210,12331,860992
674220,679500,Stormbite (dot),3115.0,1224401,1222939,4750963,18696,688796,1638421,2144467,253589,1614456,1298285,3357944,805120,2110444,802210,12331,864107
678189,679839,Heartbreak Shot,20225.0,1224401,1222939,4750963,18696,688796,1638421,2164692,253589,1614456,1298285,3357944,805120,2110444,802210,12331,864107
679200,680670,Burst Shot,20458.0,1224401,1222939,4771421,18696,688796,1638421,2164692,253589,1614456,1298285,3357944,805120,2110444,802210,12331,864107
679200,680670,Refulgent Arrow,8841.0,1224401,1222939,4771421,18696,688796,1638421,2164692,253589,1614456,1298285,3366785,805120,2110444,802210,12331,864107
679820,681470,Heartbreak Shot,8983.0,1224401,1222939,4771421,18696,688796,1638421,2173675,253589,1614456,1298285,3366785,805120,2110444,802210,12331,864107
680960,681718,Shot,8399.0,1224401,1222939,4771421,18696,688796,1638421,2173675,253589,1614456,1298285,3366785,805120,2118843,802210,12331,864107
674220,682500,Stormbite (dot),3115.0,1224401,1222939,4771421,18696,688796,1638421,2173675,253589,1614456,1298285,3366785,805120,2118843,802210,12331,867222
674220,682500,Caustic Bite (dot),2491.0,1224401,1222939,4771421,18696,691287,1638421,2173675,253589,1614456,1298285,3366785,805120,2118843,802210,12331,867222
681690,683160,Refulgent Arrow,9058.0,1224401,1222939,4771421,18696,691287,1638421,2173675,253589,1614456,1298285,3375843,805120,2118843,802210,12331,867222
681690,683160,Burst Shot,20288.0,1224401,1222939,4791709,18696,691287,1638421,2173675,253589,1614456,1298285,3375843,805120,2118843,802210,12331,867222
682310,683960,Heartbreak Shot,20185.0,1224401,1222939,4791709,18696,691287,1638421,2193860,253589,1614456,1298285,3375843,805120,2118843,802210,12331,867222
684000,684758,Shot,8374.0,1224401,1222939,4791709,18696,691287,1638421,2193860,253589,1614456,1298285,3375843,805120,2127217,802210,12331,867222
674220,685500,Caustic Bite (dot),2491.0,1224401,1222939,4791709,18696,693778,1638421,2193860,253589,1614456,1298285,3375843,805120,2127217,802210,12331,867222
674220,685500,Stormbite (dot),3115.0,1224401,1222939,4791709,18696,693778,1638421,2193860,253589,1614456,1298285,3375843,805120,2127217,802210,12331,870337
684180,685650,Refulgent Arrow,8658.0,1224401,1222939,4791709,18696,693778,1638421,2193860,253589,1614456,1298285,3384501,805120,2127217,802210,12331,870337
684180,685650,Burst Shot,20519.0,1224401,1222939,4812228,18696,693778,1638421,2193860,253589,1614456,1298285,3384501,805120,2127217,802210,12331,870337
687040,687798,Shot,8374.0,1224401,1222939,4812228,18696,693778,1638421,2193860,253589,1614456,1298285,3384501,805120,2135591,802210,12331,870337
686670,688140,Refulgent Arrow,9128.0,1224401,1222939,4812228,18696,693778,1638421,2193860,253589,1614456,1298285,3393629,805120,2135591,802210,12331,870337
686670,688140,Burst Shot,20151.0,1224401,1222939,4832379,18696,693778,1638421,2193860,253589,1614456,1298285,3393629,805120,2135591,802210,12331,870337
674220,688500,Caustic Bite (dot),2491.0,1224401,1222939,4832379,18696,696269,1638421,2193860,253589,1614456,1298285,3393629,805120,2135591,802210,12331,870337
674220,688500,Stormbite (dot),3115.0,1224401,1222939,4832379,18696,696269,1638421,2193860,253589,1614456,1298285,3393629,805120,2135591,802210,12331,873452
689060,690530,Refulgent Arrow,8916.0,1224401,1222939,4832379,18696,696269,1638421,2193860,253589,1614456,1298285,3402545,805120,2135591,802210,12331,873452
689060,690530,Burst Shot,20317.0,1224401,1222939,4852696,18696,696269,1638421,2193860,253589,1614456,1298285,3402545,805120,2135591,802210,12331,873452
690080,690838,Shot,8374.0,1224401,1222939,4852696,18696,696269,1638421,2193860,253589,1614456,1298285,3402545,805120,2143965,802210,12331,873452
689710,691360,Heartbreak Shot,11204.0,1224401,1222939,4852696,18696,696269,1638421,2205064,253589,1614456,1298285,3402545,805120,2143965,802210,12331,873452
674220,691500,Stormbite (dot),3115.0,1224401,1222939,4852696,18696,696269,1638421,2205064,253589,1614456,1298285,3402545,805120,2143965,802210,12331,876567
674220,691500,Caustic Bite (dot),2491.0,1224401,1222939,4852696,18696,698760,1638421,2205064,253589,1614456,1298285,3402545,805120,2143965,802210,12331,876567
691450,692920,Burst Shot,20200.0,1224401,1222939,4872896,18696,698760,1638421,2205064,253589,1614456,1298285,3402545,805120,2143965,802210,12331,876567
691450,692920,Refulgent Arrow,9065.0,1224401,1222939,4872896,18696,698760,1638421,2205064,253589,1614456,1298285,3411610,805120,2143965,802210,12331,876567
692569,693599,Empyreal Arrow,32293.0,1224401,1222939,4872896,18696,698760,1670714,2205064,253589,1614456,1298285,3411610,805120,2143965,802210,12331,876567
693120,693878,Shot,8374.0,1224401,1222939,4872896,18696,698760,1670714,2205064,253589,1614456,1298285,3411610,805120,2152339,802210,12331,876567
674220,694500,Caustic Bite (dot),2491.0,1224401,1222939,4872896,18696,701251,1670714,2205064,253589,1614456,1298285,3411610,805120,2152339,802210,12331,876567
674220,694500,Stormbite (dot),3115.0,1224401,1222939,4872896,18696,701251,1670714,2205064,253589,1614456,1298285,3411610,805120,2152339,802210,12331,879682
693840,695310,Refulgent Arrow,8982.0,1224401,1222939,4872896,18696,701251,1670714,2205064,253589,1614456,1298285,3420592,805120,2152339,802210,12331,879682
693840,695310,Burst Shot,20265.0,1224401,1222939,4893161,18696,701251,1670714,2205064,253589,1614456,1298285,3420592,805120,2152339,802210,12331,879682
696160,696918,Shot,8374.0,1224401,1222939,4893161,18696,701251,1670714,2205064,253589,1614456,1298285,3420592,805120,2160713,802210,12331,879682
696030,697500,Burst Shot,20099.0,1224401,1222939,4913260,18696,701251,1670714,2205064,253589,1614456,1298285,3420592,805120,2160713,802210,12331,879682
696030,697500,Refulgent Arrow,9194.0,1224401,1222939,4913260,18696,701251,1670714,2205064,253589,1614456,1298285,3429786,805120,2160713,802210,12331,879682
674220,697500,Stormbite (dot),3115.0,1224401,1222939,4913260,18696,701251,1670714,2205064,253589,1614456,1298285,3429786,805120,2160713,802210,12331,882797
674220,697500,Caustic Bite (dot),2491.0,1224401,1222939,4913260,18696,703742,1670714,2205064,253589,1614456,1298285,3429786,805120,2160713,802210,12331,882797
696680,698330,Heartbreak Shot,11146.0,1224401,1222939,4913260,18696,703742,1670714,2216210,253589,1614456,1298285,3429786,805120,2160713,802210,12331,882797
698120,699590,Burst Shot,20334.0,1224401,1222939,4933594,18696,703742,1670714,2216210,253589,1614456,1298285,3429786,805120,2160713,802210,12331,882797
698120,699590,Refulgent Arrow,8895.0,1224401,1222939,4933594,18696,703742,1670714,2216210,253589,1614456,1298285,3438681,805120,2160713,802210,12331,882797
699200,699958,Shot,8374.0,1224401,1222939,4933594,18696,703742,1670714,2216210,253589,1614456,1298285,3438681,805120,2169087,802210,12331,882797
674220,700500,Caustic Bite (dot),2491.0,1224401,1222939,4933594,18696,706233,1670714,2216210,253589,1614456,1298285,3438681,805120,2169087,802210,12331,882797
674220,700500,Stormbite (dot),3115.0,1224401,1222939,4933594,18696,706233,1670714,2216210,253589,1614456,1298285,3438681,805120,2169087,802210,12331,885912
700210,701680,Refulgent Arrow,9204.0,1224401,1222939,4933594,18696,706233,1670714,2216210,253589,1614456,1298285,3447885,805120,2169087,802210,12331,885912
700210,701680,Burst Shot,20090.0,1224401,1222939,4953684,18696,706233,1670714,2216210,253589,1614456,1298285,3447885,805120,2169087,802210,12331,885912
702240,702998,Shot,8374.0,1224401,1222939,4953684,18696,706233,1670714,2216210,253589,1614456,1298285,3447885,805120,2177461,802210,12331,885912
674220,703500,Stormbite (dot),3115.0,1224401,1222939,4953684,18696,706233,1670714,2216210,253589,1614456,1298285,3447885,805120,2177461,802210,12331,889027
674220,703500,Caustic Bite (dot),2491.0,1224401,1222939,4953684,18696,708724,1670714,2216210,253589,1614456,1298285,3447885,805120,2177461,802210,12331,889027
702300,703770,Burst Shot,20309.0,1224401,1222939,4973993,18696,708724,1670714,2216210,253589,1614456,1298285,3447885,805120,2177461,802210,12331,889027
702300,703770,Refulgent Arrow,8926.0,1224401,1222939,4973993,18696,708724,1670714,2216210,253589,1614456,1298285,3456811,805120,2177461,802210,12331,889027
704390,705860,Burst Shot,20276.0,1224401,1222939,4994269,18696,708724,1670714,2216210,253589,1614456,1298285,3456811,805120,2177461,802210,12331,889027
704390,705860,Refulgent Arrow,8968.0,1224401,1222939,4994269,18696,708724,1670714,2216210,253589,1614456,1298285,3465779,805120,2177461,802210,12331,889027
705280,706038,Shot,8374.0,1224401,1222939,4994269,18696,708724,1670714,2216210,253589,1614456,1298285,3465779,805120,2185835,802210,12331,889027
674220,706500,Stormbite (dot),3115.0,1224401,1222939,4994269,18696,708724,1670714,2216210,253589,1614456,1298285,3465779,805120,2185835,802210,12331,892142
674220,706500,Caustic Bite (dot),2491.0,1224401,1222939,4994269,18696,711215,1670714,2216210,253589,1614456,1298285,3465779,805120,2185835,802210,12331,892142
706480,707950,Burst Shot,20416.0,1224401,1222939,5014685,18696,711215,1670714,2216210,253589,1614456,1298285,3465779,805120,2185835,802210,12331,892142
706480,707950,Refulgent Arrow,8791.0,1224401,1222939,5014685,18696,711215,1670714,2216210,253589,1614456,1298285,3474570,805120,2185835,802210,12331,892142
707569,708599,Empyreal Arrow,32293.0,1224401,1222939,5014685,18696,711215,1703007,2216210,253589,1614456,1298285,3474570,805120,2185835,802210,12331,892142
708320,709078,Shot,8374.0,1224401,1222939,5014685,18696,711215,1703007,2216210,253589,1614456,1298285,3474570,805120,2194209,802210,12331,892142
708570,709240,Iron Jaws,12417.0,1224401,1222939,5014685,18696,711215,1703007,2216210,266006,1614456,1298285,3474570,805120,2194209,802210,12331,892142
708570,709500,Stormbite (dot),3106.0,1224401,1222939,5014685,18696,711215,1703007,2216210,266006,1614456,1298285,3474570,805120,2194209,802210,12331,895248
708570,709500,Caustic Bite (dot),2484.0,1224401,1222939,5014685,18696,713699,1703007,2216210,266006,1614456,1298285,3474570,805120,2194209,802210,12331,895248
711360,712118,Shot,8374.0,1224401,1222939,5014685,18696,713699,1703007,2216210,266006,1614456,1298285,3474570,805120,2202583,802210,12331,895248
710660,712130,Refulgent Arrow,18194.0,1224401,1222939,5014685,18696,713699,1703007,2216210,266006,1614456,1298285,3492764,805120,2202583,802210,12331,895248
710660,712130,Burst Shot,13027.0,1224401,1222939,5027712,18696,713699,1703007,2216210,266006,1614456,1298285,3492764,805120,2202583,802210,12331,895248
708570,712500,Stormbite (dot),3106.0,1224401,1222939,5027712,18696,713699,1703007,2216210,266006,1614456,1298285,3492764,805120,2202583,802210,12331,898354
708570,712500,Caustic Bite (dot),2484.0,1224401,1222939,5027712,18696,716183,1703007,2216210,266006,1614456,1298285,3492764,805120,2202583,802210,12331,898354
712750,714220,Burst Shot,20260.0,1224401,1222939,5047972,18696,716183,1703007,2216210,266006,1614456,1298285,3492764,805120,2202583,802210,12331,898354
712750,714220,Refulgent Arrow,8989.0,1224401,1222939,5047972,18696,716183,1703007,2216210,266006,1614456,1298285,3501753,805120,2202583,802210,12331,898354
714400,715158,Shot,8374.0,1224401,1222939,5047972,18696,716183,1703007,2216210,266006,1614456,1298285,3501753,805120,2210957,802210,12331,898354
708570,715500,Stormbite (dot),3106.0,1224401,1222939,5047972,18696,716183,1703007,2216210,266006,1614456,1298285,3501753,805120,2210957,802210,12331,901460
708570,715500,Caustic Bite (dot),2484.0,1224401,1222939,5047972,18696,718667,1703007,2216210,266006,1614456,1298285,3501753,805120,2210957,802210,12331,901460
714840,716310,Refulgent Arrow,8996.0,1224401,1222939,5047972,18696,718667,1703007,2216210,266006,1614456,1298285,3510749,805120,2210957,802210,12331,901460
714840,716310,Burst Shot,20254.0,1224401,1222939,5068226,18696,718667,1703007,2216210,266006,1614456,1298285,3510749,805120,2210957,802210,12331,901460
717440,718198,Shot,8374.0,1224401,1222939,5068226,18696,718667,1703007,2216210,266006,1614456,1298285,3510749,805120,2219331,802210,12331,901460
716930,718400,Burst Shot,20233.0,1224401,1222939,5088459,18696,718667,1703007,2216210,266006,1614456,1298285,3510749,805120,2219331,802210,12331,901460
716930,718400,Refulgent Arrow,9024.0,1224401,1222939,5088459,18696,718667,1703007,2216210,266006,1614456,1298285,3519773,805120,2219331,802210,12331,901460
708570,718500,Caustic Bite (dot),2484.0,1224401,1222939,5088459,18696,721151,1703007,2216210,266006,1614456,1298285,3519773,805120,2219331,802210,12331,901460
708570,718500,Stormbite (dot),3106.0,1224401,1222939,5088459,18696,721151,1703007,2216210,266006,1614456,1298285,3519773,805120,2219331,802210,12331,904566
719020,720490,Burst Shot,19981.0,1224401,1222939,5108440,18696,721151,1703007,2216210,266006,1614456,1298285,3519773,805120,2219331,802210,12331,904566
719020,720490,Refulgent Arrow,9343.0,1224401,1222939,5108440,18696,721151,1703007,2216210,266006,1614456,1298285,3529116,805120,2219331,802210,12331,904566
720480,721238,Shot,8374.0,1224401,1222939,5108440,18696,721151,1703007,2216210,266006,1614456,1298285,3529116,805120,2227705,802210,12331,904566
708570,721500,Stormbite (dot),3106.0,1224401,1222939,5108440,18696,721151,1703007,2216210,266006,1614456,1298285,3529116,805120,2227705,802210,12331,907672
708570,721500,Caustic Bite (dot),2484.0,1224401,1222939,5108440,18696,723635,1703007,2216210,266006,1614456,1298285,3529116,805120,2227705,802210,12331,907672
721111,722581,Refulgent Arrow,8735.0,1224401,1222939,5108440,18696,723635,1703007,2216210,266006,1614456,1298285,3537851,805120,2227705,802210,12331,907672
721111,722581,Burst Shot,20459.0,1224401,1222939,5128899,18696,723635,1703007,2216210,266006,1614456,1298285,3537851,805120,2227705,802210,12331,907672
723520,724278,Shot,9097.0,1224401,1222939,5128899,18696,723635,1703007,2216210,266006,1614456,1298285,3537851,805120,2236802,802210,12331,907672
708570,724500,Stormbite (dot),3106.0,1224401,1222939,5128899,18696,723635,1703007,2216210,266006,1614456,1298285,3537851,805120,2236802,802210,12331,910778
708570,724500,Caustic Bite (dot),2484.0,1224401,1222939,5128899,18696,726119,1703007,2216210,266006,1614456,1298285,3537851,805120,2236802,802210,12331,910778
723201,724671,Refulgent Arrow,10124.0,1224401,1222939,5128899,18696,726119,1703007,2216210,266006,1614456,1298285,3547975,805120,2236802,802210,12331,910778
723201,724671,Burst Shot,21726.0,1224401,1222939,5150625,18696,726119,1703007,2216210,266006,1614456,1298285,3547975,805120,2236802,802210,12331,910778
723821,724851,Empyreal Arrow,35080.0,1224401,1222939,5150625,18696,726119,1738087,2216210,266006,1614456,1298285,3547975,805120,2236802,802210,12331,910778
725391,726861,Burst Shot,21990.0,1224401,1222939,5172615,18696,726119,1738087,2216210,266006,1614456,1298285,3547975,805120,2236802,802210,12331,910778
725391,726861,Refulgent Arrow,9788.0,1224401,1222939,5172615,18696,726119,1738087,2216210,266006,1614456,1298285,3557763,805120,2236802,802210,12331,910778
726560,727318,Shot,10659.0,1224401,1222939,5172615,18696,726119,1738087,2216210,266006,1614456,1298285,3557763,805120,2247461,802210,12331,910778
708570,727500,Stormbite (dot),3106.0,1224401,1222939,5172615,18696,726119,1738087,2216210,266006,1614456,1298285,3557763,805120,2247461,802210,12331,913884
708570,727500,Caustic Bite (dot),2484.0,1224401,1222939,5172615,18696,728603,1738087,2216210,266006,1614456,1298285,3557763,805120,2247461,802210,12331,913884
727581,729051,Burst Shot,30066.0,1224401,1222939,5202681,18696,728603,1738087,2216210,266006,1614456,1298285,3557763,805120,2247461,802210,12331,913884
727581,729051,Refulgent Arrow,13285.0,1224401,1222939,5202681,18696,728603,1738087,2216210,266006,1614456,1298285,3571048,805120,2247461,802210,12331,913884
728829,729629,Pitch Perfect,51594.0,1224401,1222939,5202681,18696,728603,1738087,2216210,266006,1666050,1298285,3571048,805120,2247461,802210,12331,913884
729600,730358,Shot,14991.0,1224401,1222939,5202681,18696,728603,1738087,2216210,266006,1666050,1298285,3571048,805120,2262452,802210,12331,913884
728829,730479,Heartbreak Shot,14221.0,1224401,1222939,5202681,18696,728603,1738087,2230431,266006,1666050,1298285,3571048,805120,2262452,802210,12331,913884
708570,730500,Stormbite (dot),3106.0,1224401,1222939,5202681,18696,728603,1738087,2230431,266006,1666050,1298285,3571048,805120,2262452,802210,12331,916990
708570,730500,Caustic Bite (dot),2484.0,1224401,1222939,5202681,18696,731087,1738087,2230431,266006,1666050,1298285,3571048,805120,2262452,802210,12331,916990
729771,731731,Radiant Encore,244587.0,1224401,1222939,5202681,18696,731087,1738087,2230431,266006,1666050,1542872,3571048,805120,2262452,802210,12331,916990
731041,731841,Pitch Perfect,20442.0,1224401,1222939,5202681,18696,731087,1738087,2230431,266006,1686492,1542872,3571048,805120,2262452,802210,12331,916990
730391,732041,Heartbreak Shot,40016.0,1224401,1222939,5202681,18696,731087,1738087,2270447,266006,1686492,1542872,3571048,805120,2262452,802210,12331,916990
731041,732691,Heartbreak Shot,25794.0,1224401,1222939,5202681,18696,731087,1738087,2296241,266006,1686492,1542872,3571048,805120,2262452,802210,12331,916990
732589,733119,Sidewinder,88940.0,1224401,1222939,5202681,18696,731087,1738087,2296241,266006,1686492,1542872,3571048,805120,2262452,891150,12331,916990
732640,733398,Shot,14991.0,1224401,1222939,5202681,18696,731087,1738087,2296241,266006,1686492,1542872,3571048,805120,2277443,891150,12331,916990
731961,733431,Burst Shot,35918.0,1224401,1222939,5238599,18696,731087,1738087,2296241,266006,1686492,1542872,3571048,805120,2277443,891150,12331,916990
731961,733431,Refulgent Arrow,16533.0,1224401,1222939,5238599,18696,731087,1738087,2296241,266006,1686492,1542872,3587581,805120,2277443,891150,12331,916990
708570,733500,Stormbite (dot),3106.0,1224401,1222939,5238599,18696,731087,1738087,2296241,266006,1686492,1542872,3587581,805120,2277443,891150,12331,920096
708570,733500,Caustic Bite (dot),2484.0,1224401,1222939,5238599,18696,733571,1738087,2296241,266006,1686492,1542872,3587581,805120,2277443,891150,12331,920096
735101,735901,Pitch Perfect,5907.0,1224401,1222939,5238599,18696,733571,1738087,2296241,266006,1692399,1542872,3587581,805120,2277443,891150,12331,920096
734451,735921,Refulgent Arrow,16079.0,1224401,1222939,5238599,18696,733571,1738087,2296241,266006,1692399,1542872,3603660,805120,2277443,891150,12331,920096
734451,735921,Burst Shot,36275.0,1224401,1222939,5274874,18696,733571,1738087,2296241,266006,1692399,1542872,3603660,805120,2277443,891150,12331,920096
735680,736438,Shot,14991.0,1224401,1222939,5274874,18696,733571,1738087,2296241,266006,1692399,1542872,3603660,805120,2292434,891150,12331,920096
708570,736500,Stormbite (dot),3106.0,1224401,1222939,5274874,18696,733571,1738087,2296241,266006,1692399,1542872,3603660,805120,2292434,891150,12331,923202
708570,736500,Caustic Bite (dot),2484.0,1224401,1222939,5274874,18696,736055,1738087,2296241,266006,1692399,1542872,3603660,805120,2292434,891150,12331,923202
735101,736751,Heartbreak Shot,18603.0,1224401,1222939,5274874,18696,736055,1738087,2314844,266006,1692399,1542872,3603660,805120,2292434,891150,12331,923202
735751,737401,Heartbreak Shot,1456.0,1224401,1222939,5274874,18696,736055,1738087,2316300,266006,1692399,1542872,3603660,805120,2292434,891150,12331,923202
737561,738361,Pitch Perfect,27838.0,1224401,1222939,5274874,18696,736055,1738087,2316300,266006,1720237,1542872,3603660,805120,2292434,891150,12331,923202
736941,738411,Burst Shot,36490.0,1224401,1222939,5311364,18696,736055,1738087,2316300,266006,1720237,1542872,3603660,805120,2292434,891150,12331,923202
736941,738411,Refulgent Arrow,15805.0,1224401,1222939,5311364,18696,736055,1738087,2316300,266006,1720237,1542872,3619465,805120,2292434,891150,12331,923202
738720,739478,Shot,14991.0,1224401,1222939,5311364,18696,736055,1738087,2316300,266006,1720237,1542872,3619465,805120,2307425,891150,12331,923202
708570,739500,Caustic Bite (dot),2484.0,1224401,1222939,5311364,18696,738539,1738087,2316300,266006,1720237,1542872,3619465,805120,2307425,891150,12331,923202
708570,739500,Stormbite (dot),3106.0,1224401,1222939,5311364,18696,738539,1738087,2316300,266006,1720237,1542872,3619465,805120,2307425,891150,12331,926308
738821,739851,Empyreal Arrow,57807.0,1224401,1222939,5311364,18696,738539,1795894,2316300,266006,1720237,1542872,3619465,805120,2307425,891150,12331,926308
739441,740511,Apex Arrow,35.0,1224436,1222939,5311364,18696,738539,1795894,2316300,266006,1720237,1542872,3619465,805120,2307425,891150,12331,926308
739441,740511,Apex Arrow,3267.0,1227703,1222939,5311364,18696,738539,1795894,2316300,266006,1720237,1542872,3619465,805120,2307425,891150,12331,926308
739441,740511,Apex Arrow,10.0,1227713,1222939,5311364,18696,738539,1795894,2316300,266006,1720237,1542872,3619465,805120,2307425,891150,12331,926308
739441,740511,Apex Arrow,49.0,1227762,1222939,5311364,18696,738539,1795894,2316300,266006,1720237,1542872,3619465,805120,2307425,891150,12331,926308
739441,740511,Apex Arrow,1078.0,1228840,1222939,5311364,18696,738539,1795894,2316300,266006,1720237,1542872,3619465,805120,2307425,891150,12331,926308
739441,740511,Apex Arrow,555.0,1229395,1222939,5311364,18696,738539,1795894,2316300,266006,1720237,1542872,3619465,805120,2307425,891150,12331,926308
739441,740511,Apex Arrow,150227.0,1379622,1222939,5311364,18696,738539,1795894,2316300,266006,1720237,1542872,3619465,805120,2307425,891150,12331,926308
740681,741481,Pitch Perfect,46368.0,1379622,1222939,5311364,18696,738539,1795894,2316300,266006,1766605,1542872,3619465,805120,2307425,891150,12331,926308
708570,742500,Stormbite (dot),3106.0,1379622,1222939,5311364,18696,738539,1795894,2316300,266006,1766605,1542872,3619465,805120,2307425,891150,12331,929414
708570,742500,Caustic Bite (dot),2484.0,1379622,1222939,5311364,18696,741023,1795894,2316300,266006,1766605,1542872,3619465,805120,2307425,891150,12331,929414
741760,742518,Shot,14991.0,1379622,1222939,5311364,18696,741023,1795894,2316300,266006,1766605,1542872,3619465,805120,2322416,891150,12331,929414
741931,743401,Burst Shot,14.0,1379622,1222939,5311378,18696,741023,1795894,2316300,266006,1766605,1542872,3619465,805120,2322416,891150,12331,929414
741931,743401,Refulgent Arrow,6.0,1379622,1222939,5311378,18696,741023,1795894,2316300,266006,1766605,1542872,3619471,805120,2322416,891150,12331,929414
741931,743581,Blast Arrow,155582.0,1379622,1378521,5311378,18696,741023,1795894,2316300,266006,1766605,1542872,3619471,805120,2322416,891150,12331,929414
743231,744031,Pitch Perfect,22483.0,1379622,1378521,5311378,18696,741023,1795894,2316300,266006,1789088,1542872,3619471,805120,2322416,891150,12331,929414
742581,744231,Heartbreak Shot,19956.0,1379622,1378521,5311378,18696,741023,1795894,2336256,266006,1789088,1542872,3619471,805120,2322416,891150,12331,929414
708570,745500,Stormbite (dot),3106.0,1379622,1378521,5311378,18696,741023,1795894,2336256,266006,1789088,1542872,3619471,805120,2322416,891150,12331,932520
708570,745500,Caustic Bite (dot),2484.0,1379622,1378521,5311378,18696,743507,1795894,2336256,266006,1789088,1542872,3619471,805120,2322416,891150,12331,932520
744800,745558,Shot,14991.0,1379622,1378521,5311378,18696,743507,1795894,2336256,266006,1789088,1542872,3619471,805120,2337407,891150,12331,932520
744421,745581,Resonant Arrow,142301.0,1379622,1378521,5311378,18696,743507,1795894,2336256,266006,1789088,1542872,3619471,947421,2337407,891150,12331,932520
747561,748361,Pitch Perfect,6361.0,1379622,1378521,5311378,18696,743507,1795894,2336256,266006,1795449,1542872,3619471,947421,2337407,891150,12331,932520
746911,748381,Refulgent Arrow,53308.0,1379622,1378521,5311378,18696,743507,1795894,2336256,266006,1795449,1542872,3672779,947421,2337407,891150,12331,932520
708570,748500,Stormbite (dot),3106.0,1379622,1378521,5311378,18696,743507,1795894,2336256,266006,1795449,1542872,3672779,947421,2337407,891150,12331,935626
708570,748500,Caustic Bite (dot),2484.0,1379622,1378521,5311378,18696,745991,1795894,2336256,266006,1795449,1542872,3672779,947421,2337407,891150,12331,935626
746911,748501,Refulgent Arrow,53308.0,1379622,1378521,5311378,18696,745991,1795894,2336256,266006,1795449,1542872,3726087,947421,2337407,891150,12331,935626
747840,748598,Shot,10985.0,1379622,1378521,5311378,18696,745991,1795894,2336256,266006,1795449,1542872,3726087,947421,2348392,891150,12331,935626
746911,748621,Refulgent Arrow,53308.0,1379622,1378521,5311378,18696,745991,1795894,2336256,266006,1795449,1542872,3779395,947421,2348392,891150,12331,935626
750021,750821,Pitch Perfect,15548.0,1379622,1378521,5311378,18696,745991,1795894,2336256,266006,1810997,1542872,3779395,947421,2348392,891150,12331,935626
749401,750871,Refulgent Arrow,9523.0,1379622,1378521,5311378,18696,745991,1795894,2336256,266006,1810997,1542872,3788918,947421,2348392,891150,12331,935626
749401,750871,Burst Shot,22198.0,1379622,1378521,5333576,18696,745991,1795894,2336256,266006,1810997,1542872,3788918,947421,2348392,891150,12331,935626
708570,751500,Caustic Bite (dot),2484.0,1379622,1378521,5333576,18696,748475,1795894,2336256,266006,1810997,1542872,3788918,947421,2348392,891150,12331,935626
708570,751500,Stormbite (dot),3106.0,1379622,1378521,5333576,18696,748475,1795894,2336256,266006,1810997,1542872,3788918,947421,2348392,891150,12331,938732
750880,751638,Shot,9097.0,1379622,1378521,5333576,18696,748475,1795894,2336256,266006,1810997,1542872,3788918,947421,2357489,891150,12331,938732
750021,751671,Heartbreak Shot,8397.0,1379622,1378521,5333576,18696,748475,1795894,2344653,266006,1810997,1542872,3788918,947421,2357489,891150,12331,938732
750671,752321,Heartbreak Shot,3776.0,1379622,1378521,5333576,18696,748475,1795894,2348429,266006,1810997,1542872,3788918,947421,2357489,891150,12331,938732
752511,753311,Pitch Perfect,7998.0,1379622,1378521,5333576,18696,748475,1795894,2348429,266006,1818995,1542872,3788918,947421,2357489,891150,12331,938732
752511,753311,Pitch Perfect,16004.0,1379622,1378521,5333576,18696,748475,1795894,2348429,266006,1834999,1542872,3788918,947421,2357489,891150,12331,938732
752511,753311,Pitch Perfect,4487.0,1379622,1378521,5333576,18696,748475,1795894,2348429,266006,1839486,1542872,3788918,947421,2357489,891150,12331,938732
751891,753361,Burst Shot,22037.0,1379622,1378521,5355613,18696,748475,1795894,2348429,266006,1839486,1542872,3788918,947421,2357489,891150,12331,938732
751891,753361,Refulgent Arrow,9727.0,1379622,1378521,5355613,18696,748475,1795894,2348429,266006,1839486,1542872,3798645,947421,2357489,891150,12331,938732
