sim_timestamp,sim_damage_timestamp,sim_name,sim_expected,Auto,Demolish,Dragon Kick,Elixir Burst,Fire's Reply,Leaping Opo,Phantom Rush,Pouncing Coeurl,Rising Phoenix,Rising Raptor,Six-sided Star,The Forbidden Chakra,Twin Snakes,Wind's Reply
500,1790,Dragon Kick,31758.0,0,0,31758,0,0,0,0,0,0,0,0,0,0,0
1790,2322,Auto,7776.0,7776,0,31758,0,0,0,0,0,0,0,0,0,0,0
2440,3060,Leaping Opo,63271.0,7776,0,31758,0,0,63271,0,0,0,0,0,0,0,0
1770,3190,The Forbidden Chakra,39702.0,7776,0,31758,0,0,63271,0,0,0,0,0,39702,0,0
3830,4362,Auto,8418.0,16194,0,31758,0,0,63271,0,0,0,0,0,39702,0,0
3710,5130,The Forbidden Chakra,0.0,16194,0,31758,0,0,63271,0,0,0,0,0,39702,0,0
4380,5670,Dragon Kick,34386.0,16194,0,66144,0,0,63271,0,0,0,0,0,39702,0,0
5870,6402,Auto,10164.0,26358,0,66144,0,0,63271,0,0,0,0,0,39702,0,0
6320,6940,Leaping Opo,82711.0,26358,0,66144,0,0,145982,0,0,0,0,0,39702,0,0
6940,8360,The Forbidden Chakra,6612.0,26358,0,66144,0,0,145982,0,0,0,0,0,46314,0,0
7910,8442,Auto,10164.0,36522,0,66144,0,0,145982,0,0,0,0,0,46314,0,0
8930,9462,Auto,10164.0,46686,0,66144,0,0,145982,0,0,0,0,0,46314,0,0
8260,9680,Elixir Burst,116784.0,46686,0,66144,116784,0,145982,0,0,0,0,0,46314,0,0
8880,10300,The Forbidden Chakra,28323.0,46686,0,66144,116784,0,145982,0,0,0,0,0,74637,0,0
9950,10482,Auto,10164.0,56850,0,66144,116784,0,145982,0,0,0,0,0,74637,0,0
9530,10950,The Forbidden Chakra,6986.0,56850,0,66144,116784,0,145982,0,0,0,0,0,81623,0,0
10200,11490,Dragon Kick,41521.0,56850,0,107665,116784,0,145982,0,0,0,0,0,81623,0,0
10970,11502,Auto,10164.0,67014,0,107665,116784,0,145982,0,0,0,0,0,81623,0,0
10850,12270,The Forbidden Chakra,19505.0,67014,0,107665,116784,0,145982,0,0,0,0,0,101128,0,0
11990,12522,Auto,10164.0,77178,0,107665,116784,0,145982,0,0,0,0,0,101128,0,0
11430,12850,The Forbidden Chakra,1982.0,77178,0,107665,116784,0,145982,0,0,0,0,0,103110,0,0
12141,13341,Wind's Reply,134952.0,77178,0,107665,116784,0,145982,0,0,0,0,0,103110,0,134952
13010,13542,Auto,10164.0,87342,0,107665,116784,0,145982,0,0,0,0,0,103110,0,134952
12761,14181,The Forbidden Chakra,22660.0,87342,0,107665,116784,0,145982,0,0,0,0,0,125770,0,134952
14030,14562,Auto,10164.0,97506,0,107665,116784,0,145982,0,0,0,0,0,125770,0,134952
13411,14831,The Forbidden Chakra,12856.0,97506,0,107665,116784,0,145982,0,0,0,0,0,138626,0,134952
14081,15501,Fire's Reply,181667.0,97506,0,107665,116784,181667,145982,0,0,0,0,0,138626,0,134952
15050,15582,Auto,10164.0,107670,0,107665,116784,181667,145982,0,0,0,0,0,138626,0,134952
14731,16151,The Forbidden Chakra,10619.0,107670,0,107665,116784,181667,145982,0,0,0,0,0,149245,0,134952
16070,16602,Auto,10164.0,117834,0,107665,116784,181667,145982,0,0,0,0,0,149245,0,134952
16021,16641,Leaping Opo,82711.0,117834,0,107665,116784,181667,228693,0,0,0,0,0,149245,0,134952
15311,16731,The Forbidden Chakra,4100.0,117834,0,107665,116784,181667,228693,0,0,0,0,0,153345,0,134952
17090,17622,Auto,10164.0,127998,0,107665,116784,181667,228693,0,0,0,0,0,153345,0,134952
18110,18642,Auto,10164.0,138162,0,107665,116784,181667,228693,0,0,0,0,0,153345,0,134952
17291,18711,The Forbidden Chakra,43686.0,138162,0,107665,116784,181667,228693,0,0,0,0,0,197031,0,134952
17961,19251,Dragon Kick,41521.0,138162,0,149186,116784,181667,228693,0,0,0,0,0,197031,0,134952
19130,19662,Auto,10164.0,148326,0,149186,116784,181667,228693,0,0,0,0,0,197031,0,134952
18581,20001,The Forbidden Chakra,8916.0,148326,0,149186,116784,181667,228693,0,0,0,0,0,205947,0,134952
19901,20521,Leaping Opo,82711.0,148326,0,149186,116784,181667,311404,0,0,0,0,0,205947,0,134952
19231,20651,The Forbidden Chakra,8688.0,148326,0,149186,116784,181667,311404,0,0,0,0,0,214635,0,134952
20150,20682,Auto,10164.0,158490,0,149186,116784,181667,311404,0,0,0,0,0,214635,0,134952
21170,21702,Auto,10164.0,168654,0,149186,116784,181667,311404,0,0,0,0,0,214635,0,134952
20551,21971,The Forbidden Chakra,37058.0,168654,0,149186,116784,181667,311404,0,0,0,0,0,251693,0,134952
21131,22551,The Forbidden Chakra,4499.0,168654,0,149186,116784,181667,311404,0,0,0,0,0,256192,0,134952
22190,22722,Auto,10164.0,178818,0,149186,116784,181667,311404,0,0,0,0,0,256192,0,134952
21841,23131,Dragon Kick,41521.0,178818,0,190707,116784,181667,311404,0,0,0,0,0,256192,0,134952
23210,23742,Auto,10164.0,188982,0,190707,116784,181667,311404,0,0,0,0,0,256192,0,134952
22461,23881,The Forbidden Chakra,10826.0,188982,0,190707,116784,181667,311404,0,0,0,0,0,267018,0,134952
23111,24531,The Forbidden Chakra,4178.0,188982,0,190707,116784,181667,311404,0,0,0,0,0,271196,0,134952
24230,24762,Auto,10164.0,199146,0,190707,116784,181667,311404,0,0,0,0,0,271196,0,134952
23781,25201,Elixir Burst,116784.0,199146,0,190707,233568,181667,311404,0,0,0,0,0,271196,0,134952
24431,25851,The Forbidden Chakra,21404.0,199146,0,190707,233568,181667,311404,0,0,0,0,0,292600,0,134952
25721,26341,Leaping Opo,82711.0,199146,0,190707,233568,181667,394115,0,0,0,0,0,292600,0,134952
25011,26431,The Forbidden Chakra,6171.0,199146,0,190707,233568,181667,394115,0,0,0,0,0,298771,0,134952
26270,26802,Auto,9680.0,208826,0,190707,233568,181667,394115,0,0,0,0,0,298771,0,134952
26371,27791,The Forbidden Chakra,19192.0,208826,0,190707,233568,181667,394115,0,0,0,0,0,317963,0,134952
26951,28371,The Forbidden Chakra,0.0,208826,0,190707,233568,181667,394115,0,0,0,0,0,317963,0,134952
27661,28501,Twin Snakes,45131.0,208826,0,190707,233568,181667,394115,0,0,0,0,0,317963,45131,134952
28310,28842,Auto,8418.0,217244,0,190707,233568,181667,394115,0,0,0,0,0,317963,45131,134952
28311,29731,The Forbidden Chakra,2321.0,217244,0,190707,233568,181667,394115,0,0,0,0,0,320284,45131,134952
28891,30311,The Forbidden Chakra,0.0,217244,0,190707,233568,181667,394115,0,0,0,0,0,320284,45131,134952
30350,30882,Auto,8418.0,225662,0,190707,233568,181667,394115,0,0,0,0,0,320284,45131,134952
29601,31201,Demolish,45131.0,225662,45131,190707,233568,181667,394115,0,0,0,0,0,320284,45131,134952
30251,31671,The Forbidden Chakra,2437.0,225662,45131,190707,233568,181667,394115,0,0,0,0,0,322721,45131,134952
30831,32251,The Forbidden Chakra,0.0,225662,45131,190707,233568,181667,394115,0,0,0,0,0,322721,45131,134952
31542,32832,Dragon Kick,34386.0,225662,45131,225093,233568,181667,394115,0,0,0,0,0,322721,45131,134952
32390,32922,Auto,8418.0,234080,45131,225093,233568,181667,394115,0,0,0,0,0,322721,45131,134952
32192,33612,The Forbidden Chakra,2140.0,234080,45131,225093,233568,181667,394115,0,0,0,0,0,324861,45131,134952
32772,34192,The Forbidden Chakra,0.0,234080,45131,225093,233568,181667,394115,0,0,0,0,0,324861,45131,134952
33482,34372,Rising Raptor,58028.0,234080,45131,225093,233568,181667,394115,0,0,0,58028,0,324861,45131,134952
34430,34962,Auto,7776.0,241856,45131,225093,233568,181667,394115,0,0,0,58028,0,324861,45131,134952
34132,35552,The Forbidden Chakra,1869.0,241856,45131,225093,233568,181667,394115,0,0,0,58028,0,326730,45131,134952
34712,36132,The Forbidden Chakra,0.0,241856,45131,225093,233568,181667,394115,0,0,0,58028,0,326730,45131,134952
35422,36442,Pouncing Coeurl,51611.0,241856,45131,225093,233568,181667,394115,0,51611,0,58028,0,326730,45131,134952
36470,37002,Auto,7776.0,249632,45131,225093,233568,181667,394115,0,51611,0,58028,0,326730,45131,134952
36042,37462,The Forbidden Chakra,2012.0,249632,45131,225093,233568,181667,394115,0,51611,0,58028,0,328742,45131,134952
37362,37982,Leaping Opo,63271.0,249632,45131,225093,233568,181667,457386,0,51611,0,58028,0,328742,45131,134952
36692,38112,The Forbidden Chakra,0.0,249632,45131,225093,233568,181667,457386,0,51611,0,58028,0,328742,45131,134952
38510,39042,Auto,7776.0,257408,45131,225093,233568,181667,457386,0,51611,0,58028,0,328742,45131,134952
38012,39432,The Forbidden Chakra,6943.0,257408,45131,225093,233568,181667,457386,0,51611,0,58028,0,335685,45131,134952
38592,40012,The Forbidden Chakra,0.0,257408,45131,225093,233568,181667,457386,0,51611,0,58028,0,335685,45131,134952
39302,40142,Twin Snakes,41686.0,257408,45131,225093,233568,181667,457386,0,51611,0,58028,0,335685,86817,134952
40550,41082,Auto,7776.0,265184,45131,225093,233568,181667,457386,0,51611,0,58028,0,335685,86817,134952
39952,41372,The Forbidden Chakra,1754.0,265184,45131,225093,233568,181667,457386,0,51611,0,58028,0,337439,86817,134952
40532,41952,The Forbidden Chakra,0.0,265184,45131,225093,233568,181667,457386,0,51611,0,58028,0,337439,86817,134952
41242,42262,Pouncing Coeurl,51611.0,265184,45131,225093,233568,181667,457386,0,103222,0,58028,0,337439,86817,134952
42590,43122,Auto,7776.0,272960,45131,225093,233568,181667,457386,0,103222,0,58028,0,337439,86817,134952
41892,43312,The Forbidden Chakra,1802.0,272960,45131,225093,233568,181667,457386,0,103222,0,58028,0,339241,86817,134952
42472,43892,The Forbidden Chakra,0.0,272960,45131,225093,233568,181667,457386,0,103222,0,58028,0,339241,86817,134952
43182,44472,Dragon Kick,31758.0,272960,45131,256851,233568,181667,457386,0,103222,0,58028,0,339241,86817,134952
44630,45162,Auto,7776.0,280736,45131,256851,233568,181667,457386,0,103222,0,58028,0,339241,86817,134952
43832,45252,The Forbidden Chakra,1925.0,280736,45131,256851,233568,181667,457386,0,103222,0,58028,0,341166,86817,134952
44412,45832,The Forbidden Chakra,0.0,280736,45131,256851,233568,181667,457386,0,103222,0,58028,0,341166,86817,134952
45122,46012,Rising Raptor,53598.0,280736,45131,256851,233568,181667,457386,0,103222,0,111626,0,341166,86817,134952
45772,47192,The Forbidden Chakra,1997.0,280736,45131,256851,233568,181667,457386,0,103222,0,111626,0,343163,86817,134952
46670,47202,Auto,7776.0,288512,45131,256851,233568,181667,457386,0,103222,0,111626,0,343163,86817,134952
46352,47772,The Forbidden Chakra,0.0,288512,45131,256851,233568,181667,457386,0,103222,0,111626,0,343163,86817,134952
47062,48662,Demolish,41686.0,288512,86817,256851,233568,181667,457386,0,103222,0,111626,0,343163,86817,134952
47712,49132,The Forbidden Chakra,2231.0,288512,86817,256851,233568,181667,457386,0,103222,0,111626,0,345394,86817,134952
48710,49242,Auto,7776.0,296288,86817,256851,233568,181667,457386,0,103222,0,111626,0,345394,86817,134952
49002,49622,Leaping Opo,63271.0,296288,86817,256851,233568,181667,520657,0,103222,0,111626,0,345394,86817,134952
48292,49712,The Forbidden Chakra,0.0,296288,86817,256851,233568,181667,520657,0,103222,0,111626,0,345394,86817,134952
49652,51072,The Forbidden Chakra,8174.0,296288,86817,256851,233568,181667,520657,0,103222,0,111626,0,353568,86817,134952
50750,51282,Auto,7776.0,304064,86817,256851,233568,181667,520657,0,103222,0,111626,0,353568,86817,134952
50232,51652,The Forbidden Chakra,0.0,304064,86817,256851,233568,181667,520657,0,103222,0,111626,0,353568,86817,134952
50942,51782,Twin Snakes,41686.0,304064,86817,256851,233568,181667,520657,0,103222,0,111626,0,353568,128503,134952
51592,53012,The Forbidden Chakra,2386.0,304064,86817,256851,233568,181667,520657,0,103222,0,111626,0,355954,128503,134952
52790,53322,Auto,7776.0,311840,86817,256851,233568,181667,520657,0,103222,0,111626,0,355954,128503,134952
52172,53592,The Forbidden Chakra,0.0,311840,86817,256851,233568,181667,520657,0,103222,0,111626,0,355954,128503,134952
52883,53903,Pouncing Coeurl,51611.0,311840,86817,256851,233568,181667,520657,0,154833,0,111626,0,355954,128503,134952
53533,54953,The Forbidden Chakra,2401.0,311840,86817,256851,233568,181667,520657,0,154833,0,111626,0,358355,128503,134952
54830,55362,Auto,7776.0,319616,86817,256851,233568,181667,520657,0,154833,0,111626,0,358355,128503,134952
54113,55533,The Forbidden Chakra,0.0,319616,86817,256851,233568,181667,520657,0,154833,0,111626,0,358355,128503,134952
54823,56113,Dragon Kick,31758.0,319616,86817,288609,233568,181667,520657,0,154833,0,111626,0,358355,128503,134952
55473,56893,The Forbidden Chakra,2378.0,319616,86817,288609,233568,181667,520657,0,154833,0,111626,0,360733,128503,134952
56870,57402,Auto,7776.0,327392,86817,288609,233568,181667,520657,0,154833,0,111626,0,360733,128503,134952
56053,57473,The Forbidden Chakra,0.0,327392,86817,288609,233568,181667,520657,0,154833,0,111626,0,360733,128503,134952
56763,57653,Rising Raptor,53598.0,327392,86817,288609,233568,181667,520657,0,154833,0,165224,0,360733,128503,134952
57413,58833,The Forbidden Chakra,2310.0,327392,86817,288609,233568,181667,520657,0,154833,0,165224,0,363043,128503,134952
57993,59413,The Forbidden Chakra,0.0,327392,86817,288609,233568,181667,520657,0,154833,0,165224,0,363043,128503,134952
58910,59442,Auto,7776.0,335168,86817,288609,233568,181667,520657,0,154833,0,165224,0,363043,128503,134952
58703,59723,Pouncing Coeurl,51611.0,335168,86817,288609,233568,181667,520657,0,206444,0,165224,0,363043,128503,134952
59323,60743,The Forbidden Chakra,2266.0,335168,86817,288609,233568,181667,520657,0,206444,0,165224,0,365309,128503,134952
60643,61263,Leaping Opo,63271.0,335168,86817,288609,233568,181667,583928,0,206444,0,165224,0,365309,128503,134952
59973,61393,The Forbidden Chakra,0.0,335168,86817,288609,233568,181667,583928,0,206444,0,165224,0,365309,128503,134952
60950,61482,Auto,7776.0,342944,86817,288609,233568,181667,583928,0,206444,0,165224,0,365309,128503,134952
61293,62713,The Forbidden Chakra,7777.0,342944,86817,288609,233568,181667,583928,0,206444,0,165224,0,373086,128503,134952
61873,63293,The Forbidden Chakra,0.0,342944,86817,288609,233568,181667,583928,0,206444,0,165224,0,373086,128503,134952
62583,63423,Twin Snakes,41686.0,342944,86817,288609,233568,181667,583928,0,206444,0,165224,0,373086,170189,134952
62990,63522,Auto,7776.0,350720,86817,288609,233568,181667,583928,0,206444,0,165224,0,373086,170189,134952
63233,64653,The Forbidden Chakra,2128.0,350720,86817,288609,233568,181667,583928,0,206444,0,165224,0,375214,170189,134952
63813,65233,The Forbidden Chakra,0.0,350720,86817,288609,233568,181667,583928,0,206444,0,165224,0,375214,170189,134952
65030,65562,Auto,7776.0,358496,86817,288609,233568,181667,583928,0,206444,0,165224,0,375214,170189,134952
64522,66122,Demolish,41686.0,358496,128503,288609,233568,181667,583928,0,206444,0,165224,0,375214,170189,134952
67070,67602,Auto,8942.0,367438,128503,288609,233568,181667,583928,0,206444,0,165224,0,375214,170189,134952
66463,67753,Dragon Kick,36522.0,367438,128503,325131,233568,181667,583928,0,206444,0,165224,0,375214,170189,134952
68403,69023,Leaping Opo,72761.0,367438,128503,325131,233568,181667,656689,0,206444,0,165224,0,375214,170189,134952
67733,69153,The Forbidden Chakra,4889.0,367438,128503,325131,233568,181667,656689,0,206444,0,165224,0,380103,170189,134952
69110,69642,Auto,8942.0,376380,128503,325131,233568,181667,656689,0,206444,0,165224,0,380103,170189,134952
69053,70473,The Forbidden Chakra,8811.0,376380,128503,325131,233568,181667,656689,0,206444,0,165224,0,388914,170189,134952
69633,71053,The Forbidden Chakra,0.0,376380,128503,325131,233568,181667,656689,0,206444,0,165224,0,388914,170189,134952
70343,71233,Rising Raptor,61638.0,376380,128503,325131,233568,181667,656689,0,206444,0,226862,0,388914,170189,134952
71150,71682,Auto,8942.0,385322,128503,325131,233568,181667,656689,0,206444,0,226862,0,388914,170189,134952
70993,72413,The Forbidden Chakra,2648.0,385322,128503,325131,233568,181667,656689,0,206444,0,226862,0,391562,170189,134952
71573,72993,The Forbidden Chakra,0.0,385322,128503,325131,233568,181667,656689,0,206444,0,226862,0,391562,170189,134952
72283,73303,Pouncing Coeurl,59352.0,385322,128503,325131,233568,181667,656689,0,265796,0,226862,0,391562,170189,134952
73190,73722,Auto,8942.0,394264,128503,325131,233568,181667,656689,0,265796,0,226862,0,391562,170189,134952
72933,74353,The Forbidden Chakra,2552.0,394264,128503,325131,233568,181667,656689,0,265796,0,226862,0,394114,170189,134952
73513,74933,The Forbidden Chakra,0.0,394264,128503,325131,233568,181667,656689,0,265796,0,226862,0,394114,170189,134952
74224,74984,Rising Phoenix,102734.0,394264,128503,325131,233568,181667,656689,0,265796,102734,226862,0,394114,170189,134952
75230,75762,Auto,8942.0,403206,128503,325131,233568,181667,656689,0,265796,102734,226862,0,394114,170189,134952
74874,76294,The Forbidden Chakra,2406.0,403206,128503,325131,233568,181667,656689,0,265796,102734,226862,0,396520,170189,134952
75454,76874,The Forbidden Chakra,0.0,403206,128503,325131,233568,181667,656689,0,265796,102734,226862,0,396520,170189,134952
76164,77454,Dragon Kick,36522.0,403206,128503,361653,233568,181667,656689,0,265796,102734,226862,0,396520,170189,134952
77270,77802,Auto,8942.0,412148,128503,361653,233568,181667,656689,0,265796,102734,226862,0,396520,170189,134952
76814,78234,The Forbidden Chakra,2634.0,412148,128503,361653,233568,181667,656689,0,265796,102734,226862,0,399154,170189,134952
77394,78814,The Forbidden Chakra,0.0,412148,128503,361653,233568,181667,656689,0,265796,102734,226862,0,399154,170189,134952
78104,79524,Fire's Reply,159811.0,412148,128503,361653,233568,341478,656689,0,265796,102734,226862,0,399154,170189,134952
79310,79842,Auto,8942.0,421090,128503,361653,233568,341478,656689,0,265796,102734,226862,0,399154,170189,134952
78754,80174,The Forbidden Chakra,2479.0,421090,128503,361653,233568,341478,656689,0,265796,102734,226862,0,401633,170189,134952
80044,80664,Leaping Opo,72761.0,421090,128503,361653,233568,341478,729450,0,265796,102734,226862,0,401633,170189,134952
79334,80754,The Forbidden Chakra,0.0,421090,128503,361653,233568,341478,729450,0,265796,102734,226862,0,401633,170189,134952
81350,81882,Auto,8942.0,430032,128503,361653,233568,341478,729450,0,265796,102734,226862,0,401633,170189,134952
80694,82114,The Forbidden Chakra,9117.0,430032,128503,361653,233568,341478,729450,0,265796,102734,226862,0,410750,170189,134952
81274,82694,The Forbidden Chakra,0.0,430032,128503,361653,233568,341478,729450,0,265796,102734,226862,0,410750,170189,134952
81984,82824,Twin Snakes,47939.0,430032,128503,361653,233568,341478,729450,0,265796,102734,226862,0,410750,218128,134952
83390,83922,Auto,8942.0,438974,128503,361653,233568,341478,729450,0,265796,102734,226862,0,410750,218128,134952
82634,84054,The Forbidden Chakra,2652.0,438974,128503,361653,233568,341478,729450,0,265796,102734,226862,0,413402,218128,134952
83214,84634,The Forbidden Chakra,0.0,438974,128503,361653,233568,341478,729450,0,265796,102734,226862,0,413402,218128,134952
83924,84944,Pouncing Coeurl,59352.0,438974,128503,361653,233568,341478,729450,0,325148,102734,226862,0,413402,218128,134952
85430,85962,Auto,8942.0,447916,128503,361653,233568,341478,729450,0,325148,102734,226862,0,413402,218128,134952
84544,85964,The Forbidden Chakra,2515.0,447916,128503,361653,233568,341478,729450,0,325148,102734,226862,0,415917,218128,134952
85194,86614,The Forbidden Chakra,0.0,447916,128503,361653,233568,341478,729450,0,325148,102734,226862,0,415917,218128,134952
85864,87154,Dragon Kick,36522.0,447916,128503,398175,233568,341478,729450,0,325148,102734,226862,0,415917,218128,134952
86514,87934,The Forbidden Chakra,2120.0,447916,128503,398175,233568,341478,729450,0,325148,102734,226862,0,418037,218128,134952
87470,88002,Auto,7776.0,455692,128503,398175,233568,341478,729450,0,325148,102734,226862,0,418037,218128,134952
87094,88514,The Forbidden Chakra,0.0,455692,128503,398175,233568,341478,729450,0,325148,102734,226862,0,418037,218128,134952
87804,88694,Rising Raptor,53598.0,455692,128503,398175,233568,341478,729450,0,325148,102734,280460,0,418037,218128,134952
88454,89874,The Forbidden Chakra,2219.0,455692,128503,398175,233568,341478,729450,0,325148,102734,280460,0,420256,218128,134952
89510,90042,Auto,7776.0,463468,128503,398175,233568,341478,729450,0,325148,102734,280460,0,420256,218128,134952
89034,90454,The Forbidden Chakra,0.0,463468,128503,398175,233568,341478,729450,0,325148,102734,280460,0,420256,218128,134952
89744,91344,Demolish,41686.0,463468,170189,398175,233568,341478,729450,0,325148,102734,280460,0,420256,218128,134952
90394,91814,The Forbidden Chakra,2175.0,463468,170189,398175,233568,341478,729450,0,325148,102734,280460,0,422431,218128,134952
91550,92082,Auto,7776.0,471244,170189,398175,233568,341478,729450,0,325148,102734,280460,0,422431,218128,134952
91684,92304,Leaping Opo,63271.0,471244,170189,398175,233568,341478,792721,0,325148,102734,280460,0,422431,218128,134952
90974,92394,The Forbidden Chakra,0.0,471244,170189,398175,233568,341478,792721,0,325148,102734,280460,0,422431,218128,134952
92334,93754,The Forbidden Chakra,8067.0,471244,170189,398175,233568,341478,792721,0,325148,102734,280460,0,430498,218128,134952
93590,94122,Auto,7776.0,479020,170189,398175,233568,341478,792721,0,325148,102734,280460,0,430498,218128,134952
92914,94334,The Forbidden Chakra,0.0,479020,170189,398175,233568,341478,792721,0,325148,102734,280460,0,430498,218128,134952
93625,94465,Twin Snakes,41686.0,479020,170189,398175,233568,341478,792721,0,325148,102734,280460,0,430498,259814,134952
94275,95695,The Forbidden Chakra,2084.0,479020,170189,398175,233568,341478,792721,0,325148,102734,280460,0,432582,259814,134952
95630,96162,Auto,7776.0,486796,170189,398175,233568,341478,792721,0,325148,102734,280460,0,432582,259814,134952
94855,96275,The Forbidden Chakra,0.0,486796,170189,398175,233568,341478,792721,0,325148,102734,280460,0,432582,259814,134952
95565,96585,Pouncing Coeurl,51611.0,486796,170189,398175,233568,341478,792721,0,376759,102734,280460,0,432582,259814,134952
96215,97635,The Forbidden Chakra,2139.0,486796,170189,398175,233568,341478,792721,0,376759,102734,280460,0,434721,259814,134952
97670,98202,Auto,7776.0,494572,170189,398175,233568,341478,792721,0,376759,102734,280460,0,434721,259814,134952
96795,98215,The Forbidden Chakra,0.0,494572,170189,398175,233568,341478,792721,0,376759,102734,280460,0,434721,259814,134952
97505,98795,Dragon Kick,31758.0,494572,170189,429933,233568,341478,792721,0,376759,102734,280460,0,434721,259814,134952
98775,100195,The Forbidden Chakra,2334.0,494572,170189,429933,233568,341478,792721,0,376759,102734,280460,0,437055,259814,134952
99710,100242,Auto,7776.0,502348,170189,429933,233568,341478,792721,0,376759,102734,280460,0,437055,259814,134952
99445,100335,Rising Raptor,53598.0,502348,170189,429933,233568,341478,792721,0,376759,102734,334058,0,437055,259814,134952
100730,101262,Auto,7776.0,510124,170189,429933,233568,341478,792721,0,376759,102734,334058,0,437055,259814,134952
100095,101515,The Forbidden Chakra,2346.0,510124,170189,429933,233568,341478,792721,0,376759,102734,334058,0,439401,259814,134952
100675,102095,The Forbidden Chakra,0.0,510124,170189,429933,233568,341478,792721,0,376759,102734,334058,0,439401,259814,134952
101750,102282,Auto,7776.0,517900,170189,429933,233568,341478,792721,0,376759,102734,334058,0,439401,259814,134952
101385,102405,Pouncing Coeurl,51611.0,517900,170189,429933,233568,341478,792721,0,428370,102734,334058,0,439401,259814,134952
102770,103302,Auto,7776.0,525676,170189,429933,233568,341478,792721,0,428370,102734,334058,0,439401,259814,134952
102035,103455,The Forbidden Chakra,2195.0,525676,170189,429933,233568,341478,792721,0,428370,102734,334058,0,441596,259814,134952
102615,104035,The Forbidden Chakra,0.0,525676,170189,429933,233568,341478,792721,0,428370,102734,334058,0,441596,259814,134952
103790,104322,Auto,7776.0,533452,170189,429933,233568,341478,792721,0,428370,102734,334058,0,441596,259814,134952
103325,104525,Wind's Reply,103230.0,533452,170189,429933,233568,341478,792721,0,428370,102734,334058,0,441596,259814,238182
104810,105342,Auto,7776.0,541228,170189,429933,233568,341478,792721,0,428370,102734,334058,0,441596,259814,238182
103975,105395,The Forbidden Chakra,2286.0,541228,170189,429933,233568,341478,792721,0,428370,102734,334058,0,443882,259814,238182
105265,105885,Leaping Opo,63271.0,541228,170189,429933,233568,341478,855992,0,428370,102734,334058,0,443882,259814,238182
104555,105975,The Forbidden Chakra,0.0,541228,170189,429933,233568,341478,855992,0,428370,102734,334058,0,443882,259814,238182
105830,106362,Auto,7776.0,549004,170189,429933,233568,341478,855992,0,428370,102734,334058,0,443882,259814,238182
105915,107335,The Forbidden Chakra,7797.0,549004,170189,429933,233568,341478,855992,0,428370,102734,334058,0,451679,259814,238182
106850,107382,Auto,7776.0,556780,170189,429933,233568,341478,855992,0,428370,102734,334058,0,451679,259814,238182
106495,107915,The Forbidden Chakra,0.0,556780,170189,429933,233568,341478,855992,0,428370,102734,334058,0,451679,259814,238182
107205,108045,Twin Snakes,41686.0,556780,170189,429933,233568,341478,855992,0,428370,102734,334058,0,451679,301500,238182
107870,108402,Auto,7776.0,564556,170189,429933,233568,341478,855992,0,428370,102734,334058,0,451679,301500,238182
107855,109275,The Forbidden Chakra,2227.0,564556,170189,429933,233568,341478,855992,0,428370,102734,334058,0,453906,301500,238182
108890,109422,Auto,7776.0,572332,170189,429933,233568,341478,855992,0,428370,102734,334058,0,453906,301500,238182
108435,109855,The Forbidden Chakra,0.0,572332,170189,429933,233568,341478,855992,0,428370,102734,334058,0,453906,301500,238182
109910,110442,Auto,7776.0,580108,170189,429933,233568,341478,855992,0,428370,102734,334058,0,453906,301500,238182
109145,110745,Demolish,41686.0,580108,211875,429933,233568,341478,855992,0,428370,102734,334058,0,453906,301500,238182
109765,111185,The Forbidden Chakra,2342.0,580108,211875,429933,233568,341478,855992,0,428370,102734,334058,0,456248,301500,238182
110930,111462,Auto,7776.0,587884,211875,429933,233568,341478,855992,0,428370,102734,334058,0,456248,301500,238182
110415,111835,The Forbidden Chakra,0.0,587884,211875,429933,233568,341478,855992,0,428370,102734,334058,0,456248,301500,238182
111085,112375,Dragon Kick,31758.0,587884,211875,461691,233568,341478,855992,0,428370,102734,334058,0,456248,301500,238182
111950,112482,Auto,7776.0,595660,211875,461691,233568,341478,855992,0,428370,102734,334058,0,456248,301500,238182
111735,113155,The Forbidden Chakra,2147.0,595660,211875,461691,233568,341478,855992,0,428370,102734,334058,0,458395,301500,238182
112970,113502,Auto,7776.0,603436,211875,461691,233568,341478,855992,0,428370,102734,334058,0,458395,301500,238182
112315,113735,The Forbidden Chakra,0.0,603436,211875,461691,233568,341478,855992,0,428370,102734,334058,0,458395,301500,238182
113025,113915,Rising Raptor,53598.0,603436,211875,461691,233568,341478,855992,0,428370,102734,387656,0,458395,301500,238182
113990,114522,Auto,7776.0,611212,211875,461691,233568,341478,855992,0,428370,102734,387656,0,458395,301500,238182
113675,115095,The Forbidden Chakra,2120.0,611212,211875,461691,233568,341478,855992,0,428370,102734,387656,0,460515,301500,238182
114255,115675,The Forbidden Chakra,0.0,611212,211875,461691,233568,341478,855992,0,428370,102734,387656,0,460515,301500,238182
114966,115986,Pouncing Coeurl,51611.0,611212,211875,461691,233568,341478,855992,0,479981,102734,387656,0,460515,301500,238182
116030,116562,Auto,7776.0,618988,211875,461691,233568,341478,855992,0,479981,102734,387656,0,460515,301500,238182
115616,117036,The Forbidden Chakra,2255.0,618988,211875,461691,233568,341478,855992,0,479981,102734,387656,0,462770,301500,238182
116906,117526,Leaping Opo,63271.0,618988,211875,461691,233568,341478,919263,0,479981,102734,387656,0,462770,301500,238182
116196,117616,The Forbidden Chakra,0.0,618988,211875,461691,233568,341478,919263,0,479981,102734,387656,0,462770,301500,238182
118070,118602,Auto,7776.0,626764,211875,461691,233568,341478,919263,0,479981,102734,387656,0,462770,301500,238182
117556,118976,The Forbidden Chakra,7853.0,626764,211875,461691,233568,341478,919263,0,479981,102734,387656,0,470623,301500,238182
118136,119556,The Forbidden Chakra,0.0,626764,211875,461691,233568,341478,919263,0,479981,102734,387656,0,470623,301500,238182
118846,119686,Twin Snakes,41686.0,626764,211875,461691,233568,341478,919263,0,479981,102734,387656,0,470623,343186,238182
120110,120642,Auto,7776.0,634540,211875,461691,233568,341478,919263,0,479981,102734,387656,0,470623,343186,238182
119496,120916,The Forbidden Chakra,2266.0,634540,211875,461691,233568,341478,919263,0,479981,102734,387656,0,472889,343186,238182
120076,121496,The Forbidden Chakra,0.0,634540,211875,461691,233568,341478,919263,0,479981,102734,387656,0,472889,343186,238182
120786,121806,Pouncing Coeurl,51611.0,634540,211875,461691,233568,341478,919263,0,531592,102734,387656,0,472889,343186,238182
122150,122682,Auto,7776.0,642316,211875,461691,233568,341478,919263,0,531592,102734,387656,0,472889,343186,238182
121436,122856,The Forbidden Chakra,2322.0,642316,211875,461691,233568,341478,919263,0,531592,102734,387656,0,475211,343186,238182
122016,123436,The Forbidden Chakra,0.0,642316,211875,461691,233568,341478,919263,0,531592,102734,387656,0,475211,343186,238182
122726,124016,Dragon Kick,31758.0,642316,211875,493449,233568,341478,919263,0,531592,102734,387656,0,475211,343186,238182
124190,124722,Auto,7776.0,650092,211875,493449,233568,341478,919263,0,531592,102734,387656,0,475211,343186,238182
124666,125286,Leaping Opo,63271.0,650092,211875,493449,233568,341478,982534,0,531592,102734,387656,0,475211,343186,238182
123996,125416,The Forbidden Chakra,2374.0,650092,211875,493449,233568,341478,982534,0,531592,102734,387656,0,477585,343186,238182
126230,126762,Auto,9389.0,659481,211875,493449,233568,341478,982534,0,531592,102734,387656,0,477585,343186,238182
126606,127896,Dragon Kick,38348.0,659481,211875,531797,233568,341478,982534,0,531592,102734,387656,0,477585,343186,238182
127226,128646,The Forbidden Chakra,15935.0,659481,211875,531797,233568,341478,982534,0,531592,102734,387656,0,493520,343186,238182
128270,128802,Auto,9389.0,668870,211875,531797,233568,341478,982534,0,531592,102734,387656,0,493520,343186,238182
128545,129165,Leaping Opo,76399.0,668870,211875,531797,233568,341478,1058933,0,531592,102734,387656,0,493520,343186,238182
127876,129296,The Forbidden Chakra,5815.0,668870,211875,531797,233568,341478,1058933,0,531592,102734,387656,0,499335,343186,238182
129195,130615,The Forbidden Chakra,37733.0,668870,211875,531797,233568,341478,1058933,0,531592,102734,387656,0,537068,343186,238182
130310,130842,Auto,9389.0,678259,211875,531797,233568,341478,1058933,0,531592,102734,387656,0,537068,343186,238182
130485,130885,Phantom Rush,179790.0,678259,211875,531797,233568,341478,1058933,179790,531592,102734,387656,0,537068,343186,238182
129775,131195,The Forbidden Chakra,4587.0,678259,211875,531797,233568,341478,1058933,179790,531592,102734,387656,0,541655,343186,238182
131106,132526,The Forbidden Chakra,15968.0,678259,211875,531797,233568,341478,1058933,179790,531592,102734,387656,0,557623,343186,238182
132350,132882,Auto,9389.0,687648,211875,531797,233568,341478,1058933,179790,531592,102734,387656,0,557623,343186,238182
131756,133176,The Forbidden Chakra,3748.0,687648,211875,531797,233568,341478,1058933,179790,531592,102734,387656,0,561371,343186,238182
132426,133716,Dragon Kick,38348.0,687648,211875,570145,233568,341478,1058933,179790,531592,102734,387656,0,561371,343186,238182
133076,134496,The Forbidden Chakra,10350.0,687648,211875,570145,233568,341478,1058933,179790,531592,102734,387656,0,571721,343186,238182
134390,134922,Auto,9389.0,697037,211875,570145,233568,341478,1058933,179790,531592,102734,387656,0,571721,343186,238182
133656,135076,The Forbidden Chakra,3830.0,697037,211875,570145,233568,341478,1058933,179790,531592,102734,387656,0,575551,343186,238182
134366,135786,Fire's Reply,167802.0,697037,211875,570145,233568,509280,1058933,179790,531592,102734,387656,0,575551,343186,238182
135016,136436,The Forbidden Chakra,21932.0,697037,211875,570145,233568,509280,1058933,179790,531592,102734,387656,0,597483,343186,238182
136307,136927,Leaping Opo,76399.0,697037,211875,570145,233568,509280,1135332,179790,531592,102734,387656,0,597483,343186,238182
136430,136962,Auto,9389.0,706426,211875,570145,233568,509280,1135332,179790,531592,102734,387656,0,597483,343186,238182
135596,137016,The Forbidden Chakra,3686.0,706426,211875,570145,233568,509280,1135332,179790,531592,102734,387656,0,601169,343186,238182
136927,138347,The Forbidden Chakra,37896.0,706426,211875,570145,233568,509280,1135332,179790,531592,102734,387656,0,639065,343186,238182
138470,139002,Auto,9389.0,715815,211875,570145,233568,509280,1135332,179790,531592,102734,387656,0,639065,343186,238182
138247,139537,Dragon Kick,38348.0,715815,211875,608493,233568,509280,1135332,179790,531592,102734,387656,0,639065,343186,238182
138867,140287,The Forbidden Chakra,16601.0,715815,211875,608493,233568,509280,1135332,179790,531592,102734,387656,0,655666,343186,238182
140187,140807,Leaping Opo,76399.0,715815,211875,608493,233568,509280,1211731,179790,531592,102734,387656,0,655666,343186,238182
139517,140937,The Forbidden Chakra,3998.0,715815,211875,608493,233568,509280,1211731,179790,531592,102734,387656,0,659664,343186,238182
140510,141042,Auto,9389.0,725204,211875,608493,233568,509280,1211731,179790,531592,102734,387656,0,659664,343186,238182
140837,142257,The Forbidden Chakra,34406.0,725204,211875,608493,233568,509280,1211731,179790,531592,102734,387656,0,694070,343186,238182
141417,142837,The Forbidden Chakra,7627.0,725204,211875,608493,233568,509280,1211731,179790,531592,102734,387656,0,701697,343186,238182
142550,143082,Auto,9389.0,734593,211875,608493,233568,509280,1211731,179790,531592,102734,387656,0,701697,343186,238182
142127,143417,Dragon Kick,38348.0,734593,211875,646841,233568,509280,1211731,179790,531592,102734,387656,0,701697,343186,238182
142747,144167,The Forbidden Chakra,8753.0,734593,211875,646841,233568,509280,1211731,179790,531592,102734,387656,0,710450,343186,238182
143397,144817,The Forbidden Chakra,3758.0,734593,211875,646841,233568,509280,1211731,179790,531592,102734,387656,0,714208,343186,238182
144590,145122,Auto,9389.0,743982,211875,646841,233568,509280,1211731,179790,531592,102734,387656,0,714208,343186,238182
144067,145487,Elixir Burst,107871.0,743982,211875,646841,341439,509280,1211731,179790,531592,102734,387656,0,714208,343186,238182
144717,146137,The Forbidden Chakra,18193.0,743982,211875,646841,341439,509280,1211731,179790,531592,102734,387656,0,732401,343186,238182
146007,146627,Leaping Opo,76399.0,743982,211875,646841,341439,509280,1288130,179790,531592,102734,387656,0,732401,343186,238182
145297,146717,The Forbidden Chakra,1721.0,743982,211875,646841,341439,509280,1288130,179790,531592,102734,387656,0,734122,343186,238182
146630,147162,Auto,7776.0,751758,211875,646841,341439,509280,1288130,179790,531592,102734,387656,0,734122,343186,238182
146657,148077,The Forbidden Chakra,20577.0,751758,211875,646841,341439,509280,1288130,179790,531592,102734,387656,0,754699,343186,238182
147237,148657,The Forbidden Chakra,0.0,751758,211875,646841,341439,509280,1288130,179790,531592,102734,387656,0,754699,343186,238182
147947,148837,Rising Raptor,53598.0,751758,211875,646841,341439,509280,1288130,179790,531592,102734,441254,0,754699,343186,238182
148670,149202,Auto,7776.0,759534,211875,646841,341439,509280,1288130,179790,531592,102734,441254,0,754699,343186,238182
148567,149987,The Forbidden Chakra,2278.0,759534,211875,646841,341439,509280,1288130,179790,531592,102734,441254,0,756977,343186,238182
149217,150637,The Forbidden Chakra,0.0,759534,211875,646841,341439,509280,1288130,179790,531592,102734,441254,0,756977,343186,238182
150710,151242,Auto,7776.0,767310,211875,646841,341439,509280,1288130,179790,531592,102734,441254,0,756977,343186,238182
149887,151487,Demolish,41686.0,767310,253561,646841,341439,509280,1288130,179790,531592,102734,441254,0,756977,343186,238182
150537,151957,The Forbidden Chakra,2120.0,767310,253561,646841,341439,509280,1288130,179790,531592,102734,441254,0,759097,343186,238182
151117,152537,The Forbidden Chakra,0.0,767310,253561,646841,341439,509280,1288130,179790,531592,102734,441254,0,759097,343186,238182
151827,153117,Dragon Kick,31758.0,767310,253561,678599,341439,509280,1288130,179790,531592,102734,441254,0,759097,343186,238182
152750,153282,Auto,7776.0,775086,253561,678599,341439,509280,1288130,179790,531592,102734,441254,0,759097,343186,238182
152477,153897,The Forbidden Chakra,2266.0,775086,253561,678599,341439,509280,1288130,179790,531592,102734,441254,0,761363,343186,238182
153057,154477,The Forbidden Chakra,0.0,775086,253561,678599,341439,509280,1288130,179790,531592,102734,441254,0,761363,343186,238182
153767,154607,Twin Snakes,41686.0,775086,253561,678599,341439,509280,1288130,179790,531592,102734,441254,0,761363,384872,238182
154790,155322,Auto,7776.0,782862,253561,678599,341439,509280,1288130,179790,531592,102734,441254,0,761363,384872,238182
154417,155837,The Forbidden Chakra,2032.0,782862,253561,678599,341439,509280,1288130,179790,531592,102734,441254,0,763395,384872,238182
154997,156417,The Forbidden Chakra,0.0,782862,253561,678599,341439,509280,1288130,179790,531592,102734,441254,0,763395,384872,238182
155708,156728,Pouncing Coeurl,51611.0,782862,253561,678599,341439,509280,1288130,179790,583203,102734,441254,0,763395,384872,238182
156830,157362,Auto,7776.0,790638,253561,678599,341439,509280,1288130,179790,583203,102734,441254,0,763395,384872,238182
156358,157778,The Forbidden Chakra,1675.0,790638,253561,678599,341439,509280,1288130,179790,583203,102734,441254,0,765070,384872,238182
157648,158268,Leaping Opo,63271.0,790638,253561,678599,341439,509280,1351401,179790,583203,102734,441254,0,765070,384872,238182
156938,158358,The Forbidden Chakra,0.0,790638,253561,678599,341439,509280,1351401,179790,583203,102734,441254,0,765070,384872,238182
158870,159402,Auto,7776.0,798414,253561,678599,341439,509280,1351401,179790,583203,102734,441254,0,765070,384872,238182
158298,159718,The Forbidden Chakra,5713.0,798414,253561,678599,341439,509280,1351401,179790,583203,102734,441254,0,770783,384872,238182
158878,160298,The Forbidden Chakra,0.0,798414,253561,678599,341439,509280,1351401,179790,583203,102734,441254,0,770783,384872,238182
159588,160478,Rising Raptor,53598.0,798414,253561,678599,341439,509280,1351401,179790,583203,102734,494852,0,770783,384872,238182
160910,161442,Auto,7776.0,806190,253561,678599,341439,509280,1351401,179790,583203,102734,494852,0,770783,384872,238182
160238,161658,The Forbidden Chakra,1397.0,806190,253561,678599,341439,509280,1351401,179790,583203,102734,494852,0,772180,384872,238182
160818,162238,The Forbidden Chakra,0.0,806190,253561,678599,341439,509280,1351401,179790,583203,102734,494852,0,772180,384872,238182
161528,162548,Pouncing Coeurl,51611.0,806190,253561,678599,341439,509280,1351401,179790,634814,102734,494852,0,772180,384872,238182
162950,163482,Auto,7776.0,813966,253561,678599,341439,509280,1351401,179790,634814,102734,494852,0,772180,384872,238182
162178,163598,The Forbidden Chakra,1627.0,813966,253561,678599,341439,509280,1351401,179790,634814,102734,494852,0,773807,384872,238182
162758,164178,The Forbidden Chakra,0.0,813966,253561,678599,341439,509280,1351401,179790,634814,102734,494852,0,773807,384872,238182
163468,164758,Dragon Kick,31758.0,813966,253561,710357,341439,509280,1351401,179790,634814,102734,494852,0,773807,384872,238182
164990,165522,Auto,7776.0,821742,253561,710357,341439,509280,1351401,179790,634814,102734,494852,0,773807,384872,238182
164118,165538,The Forbidden Chakra,1957.0,821742,253561,710357,341439,509280,1351401,179790,634814,102734,494852,0,775764,384872,238182
164698,166118,The Forbidden Chakra,0.0,821742,253561,710357,341439,509280,1351401,179790,634814,102734,494852,0,775764,384872,238182
165408,166248,Twin Snakes,41686.0,821742,253561,710357,341439,509280,1351401,179790,634814,102734,494852,0,775764,426558,238182
166058,167478,The Forbidden Chakra,2207.0,821742,253561,710357,341439,509280,1351401,179790,634814,102734,494852,0,777971,426558,238182
167030,167562,Auto,7776.0,829518,253561,710357,341439,509280,1351401,179790,634814,102734,494852,0,777971,426558,238182
166638,168058,The Forbidden Chakra,0.0,829518,253561,710357,341439,509280,1351401,179790,634814,102734,494852,0,777971,426558,238182
167348,168948,Demolish,41686.0,829518,295247,710357,341439,509280,1351401,179790,634814,102734,494852,0,777971,426558,238182
167998,169418,The Forbidden Chakra,2239.0,829518,295247,710357,341439,509280,1351401,179790,634814,102734,494852,0,780210,426558,238182
169070,169602,Auto,7776.0,837294,295247,710357,341439,509280,1351401,179790,634814,102734,494852,0,780210,426558,238182
169288,169908,Leaping Opo,63271.0,837294,295247,710357,341439,509280,1414672,179790,634814,102734,494852,0,780210,426558,238182
168578,169998,The Forbidden Chakra,0.0,837294,295247,710357,341439,509280,1414672,179790,634814,102734,494852,0,780210,426558,238182
169938,171358,The Forbidden Chakra,8309.0,837294,295247,710357,341439,509280,1414672,179790,634814,102734,494852,0,788519,426558,238182
171110,171642,Auto,7776.0,845070,295247,710357,341439,509280,1414672,179790,634814,102734,494852,0,788519,426558,238182
170518,171938,The Forbidden Chakra,0.0,845070,295247,710357,341439,509280,1414672,179790,634814,102734,494852,0,788519,426558,238182
171228,172118,Rising Raptor,53598.0,845070,295247,710357,341439,509280,1414672,179790,634814,102734,548450,0,788519,426558,238182
171878,173298,The Forbidden Chakra,2691.0,845070,295247,710357,341439,509280,1414672,179790,634814,102734,548450,0,791210,426558,238182
173150,173682,Auto,7776.0,852846,295247,710357,341439,509280,1414672,179790,634814,102734,548450,0,791210,426558,238182
172458,173878,The Forbidden Chakra,0.0,852846,295247,710357,341439,509280,1414672,179790,634814,102734,548450,0,791210,426558,238182
173168,174188,Pouncing Coeurl,51611.0,852846,295247,710357,341439,509280,1414672,179790,686425,102734,548450,0,791210,426558,238182
173818,175238,The Forbidden Chakra,2529.0,852846,295247,710357,341439,509280,1414672,179790,686425,102734,548450,0,793739,426558,238182
175190,175722,Auto,7776.0,860622,295247,710357,341439,509280,1414672,179790,686425,102734,548450,0,793739,426558,238182
174398,175818,The Forbidden Chakra,0.0,860622,295247,710357,341439,509280,1414672,179790,686425,102734,548450,0,793739,426558,238182
175108,176398,Dragon Kick,31758.0,860622,295247,742115,341439,509280,1414672,179790,686425,102734,548450,0,793739,426558,238182
175758,177178,The Forbidden Chakra,2346.0,860622,295247,742115,341439,509280,1414672,179790,686425,102734,548450,0,796085,426558,238182
176338,177758,The Forbidden Chakra,0.0,860622,295247,742115,341439,509280,1414672,179790,686425,102734,548450,0,796085,426558,238182
177230,177762,Auto,7776.0,868398,295247,742115,341439,509280,1414672,179790,686425,102734,548450,0,796085,426558,238182
177049,177889,Twin Snakes,41686.0,868398,295247,742115,341439,509280,1414672,179790,686425,102734,548450,0,796085,468244,238182
177699,179119,The Forbidden Chakra,2370.0,868398,295247,742115,341439,509280,1414672,179790,686425,102734,548450,0,798455,468244,238182
178279,179699,The Forbidden Chakra,0.0,868398,295247,742115,341439,509280,1414672,179790,686425,102734,548450,0,798455,468244,238182
179270,179802,Auto,7776.0,876174,295247,742115,341439,509280,1414672,179790,686425,102734,548450,0,798455,468244,238182
178989,180009,Pouncing Coeurl,51611.0,876174,295247,742115,341439,509280,1414672,179790,738036,102734,548450,0,798455,468244,238182
179639,181059,The Forbidden Chakra,2155.0,876174,295247,742115,341439,509280,1414672,179790,738036,102734,548450,0,800610,468244,238182
180929,181549,Leaping Opo,63271.0,876174,295247,742115,341439,509280,1477943,179790,738036,102734,548450,0,800610,468244,238182
180219,181639,The Forbidden Chakra,0.0,876174,295247,742115,341439,509280,1477943,179790,738036,102734,548450,0,800610,468244,238182
181310,181842,Auto,7776.0,883950,295247,742115,341439,509280,1477943,179790,738036,102734,548450,0,800610,468244,238182
181579,182999,The Forbidden Chakra,7999.0,883950,295247,742115,341439,509280,1477943,179790,738036,102734,548450,0,808609,468244,238182
182159,183579,The Forbidden Chakra,0.0,883950,295247,742115,341439,509280,1477943,179790,738036,102734,548450,0,808609,468244,238182
182869,183759,Rising Raptor,53598.0,883950,295247,742115,341439,509280,1477943,179790,738036,102734,602048,0,808609,468244,238182
183350,183882,Auto,7776.0,891726,295247,742115,341439,509280,1477943,179790,738036,102734,602048,0,808609,468244,238182
183519,184939,The Forbidden Chakra,2028.0,891726,295247,742115,341439,509280,1477943,179790,738036,102734,602048,0,810637,468244,238182
184099,185519,The Forbidden Chakra,0.0,891726,295247,742115,341439,509280,1477943,179790,738036,102734,602048,0,810637,468244,238182
185390,185922,Auto,7776.0,899502,295247,742115,341439,509280,1477943,179790,738036,102734,602048,0,810637,468244,238182
184809,186409,Demolish,41686.0,899502,336933,742115,341439,509280,1477943,179790,738036,102734,602048,0,810637,468244,238182
187430,187962,Auto,8942.0,908444,336933,742115,341439,509280,1477943,179790,738036,102734,602048,0,810637,468244,238182
186749,188039,Dragon Kick,36522.0,908444,336933,778637,341439,509280,1477943,179790,738036,102734,602048,0,810637,468244,238182
187369,188789,The Forbidden Chakra,4716.0,908444,336933,778637,341439,509280,1477943,179790,738036,102734,602048,0,815353,468244,238182
188019,189439,The Forbidden Chakra,0.0,908444,336933,778637,341439,509280,1477943,179790,738036,102734,602048,0,815353,468244,238182
189470,190002,Auto,8942.0,917386,336933,778637,341439,509280,1477943,179790,738036,102734,602048,0,815353,468244,238182
188689,190109,Fire's Reply,159811.0,917386,336933,778637,341439,669091,1477943,179790,738036,102734,602048,0,815353,468244,238182
190490,191022,Auto,8942.0,926328,336933,778637,341439,669091,1477943,179790,738036,102734,602048,0,815353,468244,238182
189959,191379,The Forbidden Chakra,2593.0,926328,336933,778637,341439,669091,1477943,179790,738036,102734,602048,0,817946,468244,238182
190629,191829,Wind's Reply,118714.0,926328,336933,778637,341439,669091,1477943,179790,738036,102734,602048,0,817946,468244,356896
191510,192042,Auto,8942.0,935270,336933,778637,341439,669091,1477943,179790,738036,102734,602048,0,817946,468244,356896
191279,192699,The Forbidden Chakra,2456.0,935270,336933,778637,341439,669091,1477943,179790,738036,102734,602048,0,820402,468244,356896
192530,193062,Auto,8942.0,944212,336933,778637,341439,669091,1477943,179790,738036,102734,602048,0,820402,468244,356896
192569,193189,Leaping Opo,72761.0,944212,336933,778637,341439,669091,1550704,179790,738036,102734,602048,0,820402,468244,356896
191859,193279,The Forbidden Chakra,0.0,944212,336933,778637,341439,669091,1550704,179790,738036,102734,602048,0,820402,468244,356896
193550,194082,Auto,8942.0,953154,336933,778637,341439,669091,1550704,179790,738036,102734,602048,0,820402,468244,356896
194570,195102,Auto,8942.0,962096,336933,778637,341439,669091,1550704,179790,738036,102734,602048,0,820402,468244,356896
193839,195259,The Forbidden Chakra,9040.0,962096,336933,778637,341439,669091,1550704,179790,738036,102734,602048,0,829442,468244,356896
194509,195799,Dragon Kick,36522.0,962096,336933,815159,341439,669091,1550704,179790,738036,102734,602048,0,829442,468244,356896
195590,196122,Auto,8942.0,971038,336933,815159,341439,669091,1550704,179790,738036,102734,602048,0,829442,468244,356896
195159,196579,The Forbidden Chakra,2643.0,971038,336933,815159,341439,669091,1550704,179790,738036,102734,602048,0,832085,468244,356896
196610,197142,Auto,8942.0,979980,336933,815159,341439,669091,1550704,179790,738036,102734,602048,0,832085,468244,356896
195739,197159,The Forbidden Chakra,0.0,979980,336933,815159,341439,669091,1550704,179790,738036,102734,602048,0,832085,468244,356896
196449,197289,Twin Snakes,47939.0,979980,336933,815159,341439,669091,1550704,179790,738036,102734,602048,0,832085,516183,356896
197630,198162,Auto,8942.0,988922,336933,815159,341439,669091,1550704,179790,738036,102734,602048,0,832085,516183,356896
197099,198519,The Forbidden Chakra,2620.0,988922,336933,815159,341439,669091,1550704,179790,738036,102734,602048,0,834705,516183,356896
197679,199099,The Forbidden Chakra,0.0,988922,336933,815159,341439,669091,1550704,179790,738036,102734,602048,0,834705,516183,356896
198650,199182,Auto,8942.0,997864,336933,815159,341439,669091,1550704,179790,738036,102734,602048,0,834705,516183,356896
198390,199410,Pouncing Coeurl,59352.0,997864,336933,815159,341439,669091,1550704,179790,797388,102734,602048,0,834705,516183,356896
199670,200202,Auto,8942.0,1006806,336933,815159,341439,669091,1550704,179790,797388,102734,602048,0,834705,516183,356896
199040,200460,The Forbidden Chakra,2561.0,1006806,336933,815159,341439,669091,1550704,179790,797388,102734,602048,0,837266,516183,356896
199620,201040,The Forbidden Chakra,0.0,1006806,336933,815159,341439,669091,1550704,179790,797388,102734,602048,0,837266,516183,356896
200330,201090,Rising Phoenix,102734.0,1006806,336933,815159,341439,669091,1550704,179790,797388,205468,602048,0,837266,516183,356896
200690,201222,Auto,8942.0,1015748,336933,815159,341439,669091,1550704,179790,797388,205468,602048,0,837266,516183,356896
201710,202242,Auto,8942.0,1024690,336933,815159,341439,669091,1550704,179790,797388,205468,602048,0,837266,516183,356896
200980,202400,The Forbidden Chakra,2474.0,1024690,336933,815159,341439,669091,1550704,179790,797388,205468,602048,0,839740,516183,356896
202270,202890,Leaping Opo,72761.0,1024690,336933,815159,341439,669091,1623465,179790,797388,205468,602048,0,839740,516183,356896
201560,202980,The Forbidden Chakra,0.0,1024690,336933,815159,341439,669091,1623465,179790,797388,205468,602048,0,839740,516183,356896
202730,203262,Auto,8942.0,1033632,336933,815159,341439,669091,1623465,179790,797388,205468,602048,0,839740,516183,356896
203750,204282,Auto,8942.0,1042574,336933,815159,341439,669091,1623465,179790,797388,205468,602048,0,839740,516183,356896
202890,204310,The Forbidden Chakra,8907.0,1042574,336933,815159,341439,669091,1623465,179790,797388,205468,602048,0,848647,516183,356896
203540,204960,The Forbidden Chakra,0.0,1042574,336933,815159,341439,669091,1623465,179790,797388,205468,602048,0,848647,516183,356896
204210,205100,Rising Raptor,61638.0,1042574,336933,815159,341439,669091,1623465,179790,797388,205468,663686,0,848647,516183,356896
204770,205302,Auto,8942.0,1051516,336933,815159,341439,669091,1623465,179790,797388,205468,663686,0,848647,516183,356896
204860,206280,The Forbidden Chakra,2712.0,1051516,336933,815159,341439,669091,1623465,179790,797388,205468,663686,0,851359,516183,356896
205790,206322,Auto,8942.0,1060458,336933,815159,341439,669091,1623465,179790,797388,205468,663686,0,851359,516183,356896
205440,206860,The Forbidden Chakra,0.0,1060458,336933,815159,341439,669091,1623465,179790,797388,205468,663686,0,851359,516183,356896
206150,207170,Pouncing Coeurl,59352.0,1060458,336933,815159,341439,669091,1623465,179790,856740,205468,663686,0,851359,516183,356896
206800,208220,The Forbidden Chakra,2128.0,1060458,336933,815159,341439,669091,1623465,179790,856740,205468,663686,0,853487,516183,356896
207830,208362,Auto,7776.0,1068234,336933,815159,341439,669091,1623465,179790,856740,205468,663686,0,853487,516183,356896
207380,208800,The Forbidden Chakra,0.0,1068234,336933,815159,341439,669091,1623465,179790,856740,205468,663686,0,853487,516183,356896
208090,209380,Dragon Kick,31758.0,1068234,336933,846917,341439,669091,1623465,179790,856740,205468,663686,0,853487,516183,356896
208740,210160,The Forbidden Chakra,2179.0,1068234,336933,846917,341439,669091,1623465,179790,856740,205468,663686,0,855666,516183,356896
209870,210402,Auto,7776.0,1076010,336933,846917,341439,669091,1623465,179790,856740,205468,663686,0,855666,516183,356896
209320,210740,The Forbidden Chakra,0.0,1076010,336933,846917,341439,669091,1623465,179790,856740,205468,663686,0,855666,516183,356896
210030,210870,Twin Snakes,41686.0,1076010,336933,846917,341439,669091,1623465,179790,856740,205468,663686,0,855666,557869,356896
210680,212100,The Forbidden Chakra,2132.0,1076010,336933,846917,341439,669091,1623465,179790,856740,205468,663686,0,857798,557869,356896
211910,212442,Auto,7776.0,1083786,336933,846917,341439,669091,1623465,179790,856740,205468,663686,0,857798,557869,356896
211260,212680,The Forbidden Chakra,0.0,1083786,336933,846917,341439,669091,1623465,179790,856740,205468,663686,0,857798,557869,356896
211970,213570,Demolish,41686.0,1083786,378619,846917,341439,669091,1623465,179790,856740,205468,663686,0,857798,557869,356896
212620,214040,The Forbidden Chakra,2255.0,1083786,378619,846917,341439,669091,1623465,179790,856740,205468,663686,0,860053,557869,356896
213950,214482,Auto,7776.0,1091562,378619,846917,341439,669091,1623465,179790,856740,205468,663686,0,860053,557869,356896
213910,214530,Leaping Opo,63271.0,1091562,378619,846917,341439,669091,1686736,179790,856740,205468,663686,0,860053,557869,356896
213200,214620,The Forbidden Chakra,0.0,1091562,378619,846917,341439,669091,1686736,179790,856740,205468,663686,0,860053,557869,356896
214560,215980,The Forbidden Chakra,8031.0,1091562,378619,846917,341439,669091,1686736,179790,856740,205468,663686,0,868084,557869,356896
215990,216522,Auto,7776.0,1099338,378619,846917,341439,669091,1686736,179790,856740,205468,663686,0,868084,557869,356896
215140,216560,The Forbidden Chakra,0.0,1099338,378619,846917,341439,669091,1686736,179790,856740,205468,663686,0,868084,557869,356896
215850,216740,Rising Raptor,53598.0,1099338,378619,846917,341439,669091,1686736,179790,856740,205468,717284,0,868084,557869,356896
216500,217920,The Forbidden Chakra,2286.0,1099338,378619,846917,341439,669091,1686736,179790,856740,205468,717284,0,870370,557869,356896
217080,218500,The Forbidden Chakra,0.0,1099338,378619,846917,341439,669091,1686736,179790,856740,205468,717284,0,870370,557869,356896
218030,218562,Auto,7776.0,1107114,378619,846917,341439,669091,1686736,179790,856740,205468,717284,0,870370,557869,356896
217791,218811,Pouncing Coeurl,51611.0,1107114,378619,846917,341439,669091,1686736,179790,908351,205468,717284,0,870370,557869,356896
218441,219861,The Forbidden Chakra,2191.0,1107114,378619,846917,341439,669091,1686736,179790,908351,205468,717284,0,872561,557869,356896
219021,220441,The Forbidden Chakra,0.0,1107114,378619,846917,341439,669091,1686736,179790,908351,205468,717284,0,872561,557869,356896
220070,220602,Auto,7776.0,1114890,378619,846917,341439,669091,1686736,179790,908351,205468,717284,0,872561,557869,356896
219731,221021,Dragon Kick,31758.0,1114890,378619,878675,341439,669091,1686736,179790,908351,205468,717284,0,872561,557869,356896
220351,221771,The Forbidden Chakra,2203.0,1114890,378619,878675,341439,669091,1686736,179790,908351,205468,717284,0,874764,557869,356896
221001,222421,The Forbidden Chakra,0.0,1114890,378619,878675,341439,669091,1686736,179790,908351,205468,717284,0,874764,557869,356896
221671,222511,Twin Snakes,41686.0,1114890,378619,878675,341439,669091,1686736,179790,908351,205468,717284,0,874764,599555,356896
222110,222642,Auto,7776.0,1122666,378619,878675,341439,669091,1686736,179790,908351,205468,717284,0,874764,599555,356896
222321,223741,The Forbidden Chakra,2302.0,1122666,378619,878675,341439,669091,1686736,179790,908351,205468,717284,0,877066,599555,356896
222901,224321,The Forbidden Chakra,0.0,1122666,378619,878675,341439,669091,1686736,179790,908351,205468,717284,0,877066,599555,356896
223611,224631,Pouncing Coeurl,51611.0,1122666,378619,878675,341439,669091,1686736,179790,959962,205468,717284,0,877066,599555,356896
224150,224682,Auto,7776.0,1130442,378619,878675,341439,669091,1686736,179790,959962,205468,717284,0,877066,599555,356896
224261,225681,The Forbidden Chakra,2159.0,1130442,378619,878675,341439,669091,1686736,179790,959962,205468,717284,0,879225,599555,356896
225551,226171,Leaping Opo,63271.0,1130442,378619,878675,341439,669091,1750007,179790,959962,205468,717284,0,879225,599555,356896
224841,226261,The Forbidden Chakra,0.0,1130442,378619,878675,341439,669091,1750007,179790,959962,205468,717284,0,879225,599555,356896
226190,226722,Auto,7776.0,1138218,378619,878675,341439,669091,1750007,179790,959962,205468,717284,0,879225,599555,356896
226201,227621,The Forbidden Chakra,8023.0,1138218,378619,878675,341439,669091,1750007,179790,959962,205468,717284,0,887248,599555,356896
226781,228201,The Forbidden Chakra,0.0,1138218,378619,878675,341439,669091,1750007,179790,959962,205468,717284,0,887248,599555,356896
227491,228381,Rising Raptor,53598.0,1138218,378619,878675,341439,669091,1750007,179790,959962,205468,770882,0,887248,599555,356896
228230,228762,Auto,7776.0,1145994,378619,878675,341439,669091,1750007,179790,959962,205468,770882,0,887248,599555,356896
228141,229561,The Forbidden Chakra,2239.0,1145994,378619,878675,341439,669091,1750007,179790,959962,205468,770882,0,889487,599555,356896
228721,230141,The Forbidden Chakra,0.0,1145994,378619,878675,341439,669091,1750007,179790,959962,205468,770882,0,889487,599555,356896
230270,230802,Auto,7776.0,1153770,378619,878675,341439,669091,1750007,179790,959962,205468,770882,0,889487,599555,356896
229431,231031,Demolish,41686.0,1153770,420305,878675,341439,669091,1750007,179790,959962,205468,770882,0,889487,599555,356896
230081,231501,The Forbidden Chakra,2338.0,1153770,420305,878675,341439,669091,1750007,179790,959962,205468,770882,0,891825,599555,356896
230661,232081,The Forbidden Chakra,0.0,1153770,420305,878675,341439,669091,1750007,179790,959962,205468,770882,0,891825,599555,356896
231371,232661,Dragon Kick,31758.0,1153770,420305,910433,341439,669091,1750007,179790,959962,205468,770882,0,891825,599555,356896
232310,232842,Auto,7776.0,1161546,420305,910433,341439,669091,1750007,179790,959962,205468,770882,0,891825,599555,356896
232021,233441,The Forbidden Chakra,2243.0,1161546,420305,910433,341439,669091,1750007,179790,959962,205468,770882,0,894068,599555,356896
232601,234021,The Forbidden Chakra,0.0,1161546,420305,910433,341439,669091,1750007,179790,959962,205468,770882,0,894068,599555,356896
233311,234151,Twin Snakes,41686.0,1161546,420305,910433,341439,669091,1750007,179790,959962,205468,770882,0,894068,641241,356896
234350,234882,Auto,7776.0,1169322,420305,910433,341439,669091,1750007,179790,959962,205468,770882,0,894068,641241,356896
233961,235381,The Forbidden Chakra,2171.0,1169322,420305,910433,341439,669091,1750007,179790,959962,205468,770882,0,896239,641241,356896
234541,235961,The Forbidden Chakra,0.0,1169322,420305,910433,341439,669091,1750007,179790,959962,205468,770882,0,896239,641241,356896
235251,236271,Pouncing Coeurl,51611.0,1169322,420305,910433,341439,669091,1750007,179790,1011573,205468,770882,0,896239,641241,356896
236390,236922,Auto,7776.0,1177098,420305,910433,341439,669091,1750007,179790,1011573,205468,770882,0,896239,641241,356896
235901,237321,The Forbidden Chakra,2100.0,1177098,420305,910433,341439,669091,1750007,179790,1011573,205468,770882,0,898339,641241,356896
237191,237811,Leaping Opo,63271.0,1177098,420305,910433,341439,669091,1813278,179790,1011573,205468,770882,0,898339,641241,356896
236481,237901,The Forbidden Chakra,0.0,1177098,420305,910433,341439,669091,1813278,179790,1011573,205468,770882,0,898339,641241,356896
238430,238962,Auto,7776.0,1184874,420305,910433,341439,669091,1813278,179790,1011573,205468,770882,0,898339,641241,356896
237841,239261,The Forbidden Chakra,7658.0,1184874,420305,910433,341439,669091,1813278,179790,1011573,205468,770882,0,905997,641241,356896
238421,239841,The Forbidden Chakra,0.0,1184874,420305,910433,341439,669091,1813278,179790,1011573,205468,770882,0,905997,641241,356896
239132,240022,Rising Raptor,53598.0,1184874,420305,910433,341439,669091,1813278,179790,1011573,205468,824480,0,905997,641241,356896
240470,241002,Auto,7776.0,1192650,420305,910433,341439,669091,1813278,179790,1011573,205468,824480,0,905997,641241,356896
239782,241202,The Forbidden Chakra,2318.0,1192650,420305,910433,341439,669091,1813278,179790,1011573,205468,824480,0,908315,641241,356896
240362,241782,The Forbidden Chakra,0.0,1192650,420305,910433,341439,669091,1813278,179790,1011573,205468,824480,0,908315,641241,356896
241072,242092,Pouncing Coeurl,51611.0,1192650,420305,910433,341439,669091,1813278,179790,1063184,205468,824480,0,908315,641241,356896
242510,243042,Auto,7776.0,1200426,420305,910433,341439,669091,1813278,179790,1063184,205468,824480,0,908315,641241,356896
241722,243142,The Forbidden Chakra,2274.0,1200426,420305,910433,341439,669091,1813278,179790,1063184,205468,824480,0,910589,641241,356896
242302,243722,The Forbidden Chakra,0.0,1200426,420305,910433,341439,669091,1813278,179790,1063184,205468,824480,0,910589,641241,356896
243012,244302,Dragon Kick,31758.0,1200426,420305,942191,341439,669091,1813278,179790,1063184,205468,824480,0,910589,641241,356896
244550,245082,Auto,7776.0,1208202,420305,942191,341439,669091,1813278,179790,1063184,205468,824480,0,910589,641241,356896
244952,245572,Leaping Opo,63271.0,1208202,420305,942191,341439,669091,1876549,179790,1063184,205468,824480,0,910589,641241,356896
244282,245702,The Forbidden Chakra,2235.0,1208202,420305,942191,341439,669091,1876549,179790,1063184,205468,824480,0,912824,641241,356896
246590,247122,Auto,9389.0,1217591,420305,942191,341439,669091,1876549,179790,1063184,205468,824480,0,912824,641241,356896
246892,248182,Dragon Kick,38348.0,1217591,420305,980539,341439,669091,1876549,179790,1063184,205468,824480,0,912824,641241,356896
247512,248932,The Forbidden Chakra,18504.0,1217591,420305,980539,341439,669091,1876549,179790,1063184,205468,824480,0,931328,641241,356896
248630,249162,Auto,9389.0,1226980,420305,980539,341439,669091,1876549,179790,1063184,205468,824480,0,931328,641241,356896
248832,249452,Leaping Opo,76399.0,1226980,420305,980539,341439,669091,1952948,179790,1063184,205468,824480,0,931328,641241,356896
248162,249582,The Forbidden Chakra,1821.0,1226980,420305,980539,341439,669091,1952948,179790,1063184,205468,824480,0,933149,641241,356896
249482,250902,The Forbidden Chakra,38984.0,1226980,420305,980539,341439,669091,1952948,179790,1063184,205468,824480,0,972133,641241,356896
250772,251172,Phantom Rush,179790.0,1226980,420305,980539,341439,669091,1952948,359580,1063184,205468,824480,0,972133,641241,356896
250670,251202,Auto,9389.0,1236369,420305,980539,341439,669091,1952948,359580,1063184,205468,824480,0,972133,641241,356896
250062,251482,The Forbidden Chakra,2862.0,1236369,420305,980539,341439,669091,1952948,359580,1063184,205468,824480,0,974995,641241,356896
251392,252812,The Forbidden Chakra,20321.0,1236369,420305,980539,341439,669091,1952948,359580,1063184,205468,824480,0,995316,641241,356896
252710,253242,Auto,9389.0,1245758,420305,980539,341439,669091,1952948,359580,1063184,205468,824480,0,995316,641241,356896
252042,253462,The Forbidden Chakra,3715.0,1245758,420305,980539,341439,669091,1952948,359580,1063184,205468,824480,0,999031,641241,356896
252712,254002,Dragon Kick,38348.0,1245758,420305,1018887,341439,669091,1952948,359580,1063184,205468,824480,0,999031,641241,356896
253362,254782,The Forbidden Chakra,11994.0,1245758,420305,1018887,341439,669091,1952948,359580,1063184,205468,824480,0,1011025,641241,356896
254750,255282,Auto,9389.0,1255147,420305,1018887,341439,669091,1952948,359580,1063184,205468,824480,0,1011025,641241,356896
253942,255362,The Forbidden Chakra,5795.0,1255147,420305,1018887,341439,669091,1952948,359580,1063184,205468,824480,0,1016820,641241,356896
254652,256072,Fire's Reply,167802.0,1255147,420305,1018887,341439,836893,1952948,359580,1063184,205468,824480,0,1016820,641241,356896
255272,256692,The Forbidden Chakra,15892.0,1255147,420305,1018887,341439,836893,1952948,359580,1063184,205468,824480,0,1032712,641241,356896
256591,257211,Leaping Opo,76399.0,1255147,420305,1018887,341439,836893,2029347,359580,1063184,205468,824480,0,1032712,641241,356896
256790,257322,Auto,9389.0,1264536,420305,1018887,341439,836893,2029347,359580,1063184,205468,824480,0,1032712,641241,356896
255922,257342,The Forbidden Chakra,5719.0,1264536,420305,1018887,341439,836893,2029347,359580,1063184,205468,824480,0,1038431,641241,356896
257862,259282,The Forbidden Chakra,37742.0,1264536,420305,1018887,341439,836893,2029347,359580,1063184,205468,824480,0,1076173,641241,356896
258830,259362,Auto,9389.0,1273925,420305,1018887,341439,836893,2029347,359580,1063184,205468,824480,0,1076173,641241,356896
258533,259823,Dragon Kick,38348.0,1273925,420305,1057235,341439,836893,2029347,359580,1063184,205468,824480,0,1076173,641241,356896
259153,260573,The Forbidden Chakra,14990.0,1273925,420305,1057235,341439,836893,2029347,359580,1063184,205468,824480,0,1091163,641241,356896
260473,261093,Leaping Opo,76399.0,1273925,420305,1057235,341439,836893,2105746,359580,1063184,205468,824480,0,1091163,641241,356896
259803,261223,The Forbidden Chakra,1797.0,1273925,420305,1057235,341439,836893,2105746,359580,1063184,205468,824480,0,1092960,641241,356896
260870,261402,Auto,9389.0,1283314,420305,1057235,341439,836893,2105746,359580,1063184,205468,824480,0,1092960,641241,356896
261123,262543,The Forbidden Chakra,36491.0,1283314,420305,1057235,341439,836893,2105746,359580,1063184,205468,824480,0,1129451,641241,356896
261703,263123,The Forbidden Chakra,4012.0,1283314,420305,1057235,341439,836893,2105746,359580,1063184,205468,824480,0,1133463,641241,356896
262910,263442,Auto,9389.0,1292703,420305,1057235,341439,836893,2105746,359580,1063184,205468,824480,0,1133463,641241,356896
262413,263703,Dragon Kick,38348.0,1292703,420305,1095583,341439,836893,2105746,359580,1063184,205468,824480,0,1133463,641241,356896
263033,264453,The Forbidden Chakra,10215.0,1292703,420305,1095583,341439,836893,2105746,359580,1063184,205468,824480,0,1143678,641241,356896
263683,265103,The Forbidden Chakra,3753.0,1292703,420305,1095583,341439,836893,2105746,359580,1063184,205468,824480,0,1147431,641241,356896
264950,265482,Auto,9389.0,1302092,420305,1095583,341439,836893,2105746,359580,1063184,205468,824480,0,1147431,641241,356896
264353,265773,Elixir Burst,107871.0,1302092,420305,1095583,449310,836893,2105746,359580,1063184,205468,824480,0,1147431,641241,356896
264973,266393,The Forbidden Chakra,19928.0,1302092,420305,1095583,449310,836893,2105746,359580,1063184,205468,824480,0,1167359,641241,356896
266293,266913,Leaping Opo,76399.0,1302092,420305,1095583,449310,836893,2182145,359580,1063184,205468,824480,0,1167359,641241,356896
265623,267043,The Forbidden Chakra,1936.0,1302092,420305,1095583,449310,836893,2182145,359580,1063184,205468,824480,0,1169295,641241,356896
266990,267522,Auto,7776.0,1309868,420305,1095583,449310,836893,2182145,359580,1063184,205468,824480,0,1169295,641241,356896
266943,268363,The Forbidden Chakra,22002.0,1309868,420305,1095583,449310,836893,2182145,359580,1063184,205468,824480,0,1191297,641241,356896
267523,268943,The Forbidden Chakra,0.0,1309868,420305,1095583,449310,836893,2182145,359580,1063184,205468,824480,0,1191297,641241,356896
268233,269073,Twin Snakes,41686.0,1309868,420305,1095583,449310,836893,2182145,359580,1063184,205468,824480,0,1191297,682927,356896
269030,269562,Auto,7776.0,1317644,420305,1095583,449310,836893,2182145,359580,1063184,205468,824480,0,1191297,682927,356896
268883,270303,The Forbidden Chakra,2151.0,1317644,420305,1095583,449310,836893,2182145,359580,1063184,205468,824480,0,1193448,682927,356896
269463,270883,The Forbidden Chakra,0.0,1317644,420305,1095583,449310,836893,2182145,359580,1063184,205468,824480,0,1193448,682927,356896
271070,271602,Auto,7776.0,1325420,420305,1095583,449310,836893,2182145,359580,1063184,205468,824480,0,1193448,682927,356896
270173,271773,Demolish,41686.0,1325420,461991,1095583,449310,836893,2182145,359580,1063184,205468,824480,0,1193448,682927,356896
270823,272243,The Forbidden Chakra,2132.0,1325420,461991,1095583,449310,836893,2182145,359580,1063184,205468,824480,0,1195580,682927,356896
271403,272823,The Forbidden Chakra,0.0,1325420,461991,1095583,449310,836893,2182145,359580,1063184,205468,824480,0,1195580,682927,356896
272113,273403,Dragon Kick,31758.0,1325420,461991,1127341,449310,836893,2182145,359580,1063184,205468,824480,0,1195580,682927,356896
273110,273642,Auto,7776.0,1333196,461991,1127341,449310,836893,2182145,359580,1063184,205468,824480,0,1195580,682927,356896
272763,274183,The Forbidden Chakra,1881.0,1333196,461991,1127341,449310,836893,2182145,359580,1063184,205468,824480,0,1197461,682927,356896
273343,274763,The Forbidden Chakra,0.0,1333196,461991,1127341,449310,836893,2182145,359580,1063184,205468,824480,0,1197461,682927,356896
274053,274943,Rising Raptor,53598.0,1333196,461991,1127341,449310,836893,2182145,359580,1063184,205468,878078,0,1197461,682927,356896
275150,275682,Auto,7776.0,1340972,461991,1127341,449310,836893,2182145,359580,1063184,205468,878078,0,1197461,682927,356896
274703,276123,The Forbidden Chakra,1790.0,1340972,461991,1127341,449310,836893,2182145,359580,1063184,205468,878078,0,1199251,682927,356896
275283,276703,The Forbidden Chakra,0.0,1340972,461991,1127341,449310,836893,2182145,359580,1063184,205468,878078,0,1199251,682927,356896
275993,277013,Pouncing Coeurl,51611.0,1340972,461991,1127341,449310,836893,2182145,359580,1114795,205468,878078,0,1199251,682927,356896
277190,277722,Auto,7776.0,1348748,461991,1127341,449310,836893,2182145,359580,1114795,205468,878078,0,1199251,682927,356896
276643,278063,The Forbidden Chakra,1659.0,1348748,461991,1127341,449310,836893,2182145,359580,1114795,205468,878078,0,1200910,682927,356896
277933,278553,Leaping Opo,63271.0,1348748,461991,1127341,449310,836893,2245416,359580,1114795,205468,878078,0,1200910,682927,356896
277223,278643,The Forbidden Chakra,0.0,1348748,461991,1127341,449310,836893,2245416,359580,1114795,205468,878078,0,1200910,682927,356896
279230,279762,Auto,7776.0,1356524,461991,1127341,449310,836893,2245416,359580,1114795,205468,878078,0,1200910,682927,356896
278583,280003,The Forbidden Chakra,5582.0,1356524,461991,1127341,449310,836893,2245416,359580,1114795,205468,878078,0,1206492,682927,356896
279163,280583,The Forbidden Chakra,0.0,1356524,461991,1127341,449310,836893,2245416,359580,1114795,205468,878078,0,1206492,682927,356896
279874,280714,Twin Snakes,41686.0,1356524,461991,1127341,449310,836893,2245416,359580,1114795,205468,878078,0,1206492,724613,356896
281270,281802,Auto,7776.0,1364300,461991,1127341,449310,836893,2245416,359580,1114795,205468,878078,0,1206492,724613,356896
281144,282564,The Forbidden Chakra,1385.0,1364300,461991,1127341,449310,836893,2245416,359580,1114795,205468,878078,0,1207877,724613,356896
282290,282822,Auto,7776.0,1372076,461991,1127341,449310,836893,2245416,359580,1114795,205468,878078,0,1207877,724613,356896
281814,282834,Pouncing Coeurl,51611.0,1372076,461991,1127341,449310,836893,2245416,359580,1166406,205468,878078,0,1207877,724613,356896
283310,283842,Auto,7776.0,1379852,461991,1127341,449310,836893,2245416,359580,1166406,205468,878078,0,1207877,724613,356896
282464,283884,The Forbidden Chakra,1556.0,1379852,461991,1127341,449310,836893,2245416,359580,1166406,205468,878078,0,1209433,724613,356896
283044,284464,The Forbidden Chakra,0.0,1379852,461991,1127341,449310,836893,2245416,359580,1166406,205468,878078,0,1209433,724613,356896
284330,284862,Auto,7776.0,1387628,461991,1127341,449310,836893,2245416,359580,1166406,205468,878078,0,1209433,724613,356896
283754,285044,Dragon Kick,31758.0,1387628,461991,1159099,449310,836893,2245416,359580,1166406,205468,878078,0,1209433,724613,356896
284404,285824,The Forbidden Chakra,1818.0,1387628,461991,1159099,449310,836893,2245416,359580,1166406,205468,878078,0,1211251,724613,356896
285350,285882,Auto,7776.0,1395404,461991,1159099,449310,836893,2245416,359580,1166406,205468,878078,0,1211251,724613,356896
284984,286404,The Forbidden Chakra,0.0,1395404,461991,1159099,449310,836893,2245416,359580,1166406,205468,878078,0,1211251,724613,356896
285694,286894,Wind's Reply,103230.0,1395404,461991,1159099,449310,836893,2245416,359580,1166406,205468,878078,0,1211251,724613,460126
286370,286902,Auto,7776.0,1403180,461991,1159099,449310,836893,2245416,359580,1166406,205468,878078,0,1211251,724613,460126
286344,287764,The Forbidden Chakra,2302.0,1403180,461991,1159099,449310,836893,2245416,359580,1166406,205468,878078,0,1213553,724613,460126
287390,287922,Auto,7776.0,1410956,461991,1159099,449310,836893,2245416,359580,1166406,205468,878078,0,1213553,724613,460126
286924,288344,The Forbidden Chakra,0.0,1410956,461991,1159099,449310,836893,2245416,359580,1166406,205468,878078,0,1213553,724613,460126
287634,288524,Rising Raptor,53598.0,1410956,461991,1159099,449310,836893,2245416,359580,1166406,205468,931676,0,1213553,724613,460126
288410,288942,Auto,7776.0,1418732,461991,1159099,449310,836893,2245416,359580,1166406,205468,931676,0,1213553,724613,460126
288284,289704,The Forbidden Chakra,2390.0,1418732,461991,1159099,449310,836893,2245416,359580,1166406,205468,931676,0,1215943,724613,460126
289430,289962,Auto,7776.0,1426508,461991,1159099,449310,836893,2245416,359580,1166406,205468,931676,0,1215943,724613,460126
288864,290284,The Forbidden Chakra,0.0,1426508,461991,1159099,449310,836893,2245416,359580,1166406,205468,931676,0,1215943,724613,460126
290450,290982,Auto,7776.0,1434284,461991,1159099,449310,836893,2245416,359580,1166406,205468,931676,0,1215943,724613,460126
289574,291174,Demolish,41686.0,1434284,503677,1159099,449310,836893,2245416,359580,1166406,205468,931676,0,1215943,724613,460126
290224,291644,The Forbidden Chakra,2346.0,1434284,503677,1159099,449310,836893,2245416,359580,1166406,205468,931676,0,1218289,724613,460126
291470,292002,Auto,7776.0,1442060,503677,1159099,449310,836893,2245416,359580,1166406,205468,931676,0,1218289,724613,460126
291514,292134,Leaping Opo,63271.0,1442060,503677,1159099,449310,836893,2308687,359580,1166406,205468,931676,0,1218289,724613,460126
290804,292224,The Forbidden Chakra,0.0,1442060,503677,1159099,449310,836893,2308687,359580,1166406,205468,931676,0,1218289,724613,460126
292490,293022,Auto,7776.0,1449836,503677,1159099,449310,836893,2308687,359580,1166406,205468,931676,0,1218289,724613,460126
292134,293554,The Forbidden Chakra,8869.0,1449836,503677,1159099,449310,836893,2308687,359580,1166406,205468,931676,0,1227158,724613,460126
293510,294042,Auto,7776.0,1457612,503677,1159099,449310,836893,2308687,359580,1166406,205468,931676,0,1227158,724613,460126
292784,294204,The Forbidden Chakra,0.0,1457612,503677,1159099,449310,836893,2308687,359580,1166406,205468,931676,0,1227158,724613,460126
293454,294294,Twin Snakes,41686.0,1457612,503677,1159099,449310,836893,2308687,359580,1166406,205468,931676,0,1227158,766299,460126
294530,295062,Auto,7776.0,1465388,503677,1159099,449310,836893,2308687,359580,1166406,205468,931676,0,1227158,766299,460126
294104,295524,The Forbidden Chakra,2453.0,1465388,503677,1159099,449310,836893,2308687,359580,1166406,205468,931676,0,1229611,766299,460126
295550,296082,Auto,7776.0,1473164,503677,1159099,449310,836893,2308687,359580,1166406,205468,931676,0,1229611,766299,460126
294684,296104,The Forbidden Chakra,0.0,1473164,503677,1159099,449310,836893,2308687,359580,1166406,205468,931676,0,1229611,766299,460126
295394,296414,Pouncing Coeurl,51611.0,1473164,503677,1159099,449310,836893,2308687,359580,1218017,205468,931676,0,1229611,766299,460126
296570,297102,Auto,7776.0,1480940,503677,1159099,449310,836893,2308687,359580,1218017,205468,931676,0,1229611,766299,460126
296044,297464,The Forbidden Chakra,2493.0,1480940,503677,1159099,449310,836893,2308687,359580,1218017,205468,931676,0,1232104,766299,460126
296624,298044,The Forbidden Chakra,0.0,1480940,503677,1159099,449310,836893,2308687,359580,1218017,205468,931676,0,1232104,766299,460126
297334,298624,Dragon Kick,31758.0,1480940,503677,1190857,449310,836893,2308687,359580,1218017,205468,931676,0,1232104,766299,460126
298610,299142,Auto,7776.0,1488716,503677,1190857,449310,836893,2308687,359580,1218017,205468,931676,0,1232104,766299,460126
297984,299404,The Forbidden Chakra,2350.0,1488716,503677,1190857,449310,836893,2308687,359580,1218017,205468,931676,0,1234454,766299,460126
298564,299984,The Forbidden Chakra,0.0,1488716,503677,1190857,449310,836893,2308687,359580,1218017,205468,931676,0,1234454,766299,460126
299274,300164,Rising Raptor,53598.0,1488716,503677,1190857,449310,836893,2308687,359580,1218017,205468,985274,0,1234454,766299,460126
300650,301182,Auto,7776.0,1496492,503677,1190857,449310,836893,2308687,359580,1218017,205468,985274,0,1234454,766299,460126
299924,301344,The Forbidden Chakra,2203.0,1496492,503677,1190857,449310,836893,2308687,359580,1218017,205468,985274,0,1236657,766299,460126
300504,301924,The Forbidden Chakra,0.0,1496492,503677,1190857,449310,836893,2308687,359580,1218017,205468,985274,0,1236657,766299,460126
301215,302235,Pouncing Coeurl,51611.0,1496492,503677,1190857,449310,836893,2308687,359580,1269628,205468,985274,0,1236657,766299,460126
302690,303222,Auto,7776.0,1504268,503677,1190857,449310,836893,2308687,359580,1269628,205468,985274,0,1236657,766299,460126
301865,303285,The Forbidden Chakra,2187.0,1504268,503677,1190857,449310,836893,2308687,359580,1269628,205468,985274,0,1238844,766299,460126
303155,303775,Leaping Opo,63271.0,1504268,503677,1190857,449310,836893,2371958,359580,1269628,205468,985274,0,1238844,766299,460126
302445,303865,The Forbidden Chakra,0.0,1504268,503677,1190857,449310,836893,2371958,359580,1269628,205468,985274,0,1238844,766299,460126
303805,305225,The Forbidden Chakra,7952.0,1504268,503677,1190857,449310,836893,2371958,359580,1269628,205468,985274,0,1246796,766299,460126
304730,305262,Auto,7776.0,1512044,503677,1190857,449310,836893,2371958,359580,1269628,205468,985274,0,1246796,766299,460126
304385,305805,The Forbidden Chakra,0.0,1512044,503677,1190857,449310,836893,2371958,359580,1269628,205468,985274,0,1246796,766299,460126
305095,305935,Twin Snakes,41686.0,1512044,503677,1190857,449310,836893,2371958,359580,1269628,205468,985274,0,1246796,807985,460126
306770,307302,Auto,8942.0,1520986,503677,1190857,449310,836893,2371958,359580,1269628,205468,985274,0,1246796,807985,460126
307035,308635,Demolish,47939.0,1520986,551616,1190857,449310,836893,2371958,359580,1269628,205468,985274,0,1246796,807985,460126
307685,309105,The Forbidden Chakra,4903.0,1520986,551616,1190857,449310,836893,2371958,359580,1269628,205468,985274,0,1251699,807985,460126
308810,309342,Auto,8942.0,1529928,551616,1190857,449310,836893,2371958,359580,1269628,205468,985274,0,1251699,807985,460126
308265,309685,The Forbidden Chakra,0.0,1529928,551616,1190857,449310,836893,2371958,359580,1269628,205468,985274,0,1251699,807985,460126
308975,310265,Dragon Kick,36522.0,1529928,551616,1227379,449310,836893,2371958,359580,1269628,205468,985274,0,1251699,807985,460126
309625,311045,The Forbidden Chakra,2465.0,1529928,551616,1227379,449310,836893,2371958,359580,1269628,205468,985274,0,1254164,807985,460126
310850,311382,Auto,8942.0,1538870,551616,1227379,449310,836893,2371958,359580,1269628,205468,985274,0,1254164,807985,460126
310205,311625,The Forbidden Chakra,0.0,1538870,551616,1227379,449310,836893,2371958,359580,1269628,205468,985274,0,1254164,807985,460126
310915,312335,Fire's Reply,159811.0,1538870,551616,1227379,449310,996704,2371958,359580,1269628,205468,985274,0,1254164,807985,460126
311565,312985,The Forbidden Chakra,2392.0,1538870,551616,1227379,449310,996704,2371958,359580,1269628,205468,985274,0,1256556,807985,460126
312890,313422,Auto,8942.0,1547812,551616,1227379,449310,996704,2371958,359580,1269628,205468,985274,0,1256556,807985,460126
312855,313475,Leaping Opo,72761.0,1547812,551616,1227379,449310,996704,2444719,359580,1269628,205468,985274,0,1256556,807985,460126
312145,313565,The Forbidden Chakra,0.0,1547812,551616,1227379,449310,996704,2444719,359580,1269628,205468,985274,0,1256556,807985,460126
314930,315462,Auto,8942.0,1556754,551616,1227379,449310,996704,2444719,359580,1269628,205468,985274,0,1256556,807985,460126
314125,315545,The Forbidden Chakra,8839.0,1556754,551616,1227379,449310,996704,2444719,359580,1269628,205468,985274,0,1265395,807985,460126
314795,316085,Dragon Kick,36522.0,1556754,551616,1263901,449310,996704,2444719,359580,1269628,205468,985274,0,1265395,807985,460126
315445,316865,The Forbidden Chakra,2515.0,1556754,551616,1263901,449310,996704,2444719,359580,1269628,205468,985274,0,1267910,807985,460126
316025,317445,The Forbidden Chakra,0.0,1556754,551616,1263901,449310,996704,2444719,359580,1269628,205468,985274,0,1267910,807985,460126
316970,317502,Auto,8942.0,1565696,551616,1263901,449310,996704,2444719,359580,1269628,205468,985274,0,1267910,807985,460126
316735,317625,Rising Raptor,61638.0,1565696,551616,1263901,449310,996704,2444719,359580,1269628,205468,1046912,0,1267910,807985,460126
317385,318805,The Forbidden Chakra,2734.0,1565696,551616,1263901,449310,996704,2444719,359580,1269628,205468,1046912,0,1270644,807985,460126
317965,319385,The Forbidden Chakra,0.0,1565696,551616,1263901,449310,996704,2444719,359580,1269628,205468,1046912,0,1270644,807985,460126
319010,319542,Auto,8942.0,1574638,551616,1263901,449310,996704,2444719,359580,1269628,205468,1046912,0,1270644,807985,460126
318675,319695,Pouncing Coeurl,59352.0,1574638,551616,1263901,449310,996704,2444719,359580,1328980,205468,1046912,0,1270644,807985,460126
319295,320715,The Forbidden Chakra,2638.0,1574638,551616,1263901,449310,996704,2444719,359580,1328980,205468,1046912,0,1273282,807985,460126
319945,321365,The Forbidden Chakra,0.0,1574638,551616,1263901,449310,996704,2444719,359580,1328980,205468,1046912,0,1273282,807985,460126
320616,321376,Rising Phoenix,102734.0,1574638,551616,1263901,449310,996704,2444719,359580,1328980,308202,1046912,0,1273282,807985,460126
321050,321582,Auto,8942.0,1583580,551616,1263901,449310,996704,2444719,359580,1328980,308202,1046912,0,1273282,807985,460126
321266,322686,The Forbidden Chakra,2465.0,1583580,551616,1263901,449310,996704,2444719,359580,1328980,308202,1046912,0,1275747,807985,460126
322556,323176,Leaping Opo,72761.0,1583580,551616,1263901,449310,996704,2517480,359580,1328980,308202,1046912,0,1275747,807985,460126
321846,323266,The Forbidden Chakra,0.0,1583580,551616,1263901,449310,996704,2517480,359580,1328980,308202,1046912,0,1275747,807985,460126
323090,323622,Auto,8942.0,1592522,551616,1263901,449310,996704,2517480,359580,1328980,308202,1046912,0,1275747,807985,460126
323206,324626,The Forbidden Chakra,9081.0,1592522,551616,1263901,449310,996704,2517480,359580,1328980,308202,1046912,0,1284828,807985,460126
323786,325206,The Forbidden Chakra,0.0,1592522,551616,1263901,449310,996704,2517480,359580,1328980,308202,1046912,0,1284828,807985,460126
324496,325336,Twin Snakes,47939.0,1592522,551616,1263901,449310,996704,2517480,359580,1328980,308202,1046912,0,1284828,855924,460126
325130,325662,Auto,8942.0,1601464,551616,1263901,449310,996704,2517480,359580,1328980,308202,1046912,0,1284828,855924,460126
325146,326566,The Forbidden Chakra,2693.0,1601464,551616,1263901,449310,996704,2517480,359580,1328980,308202,1046912,0,1287521,855924,460126
325726,327146,The Forbidden Chakra,0.0,1601464,551616,1263901,449310,996704,2517480,359580,1328980,308202,1046912,0,1287521,855924,460126
326436,327456,Pouncing Coeurl,59352.0,1601464,551616,1263901,449310,996704,2517480,359580,1388332,308202,1046912,0,1287521,855924,460126
327170,327702,Auto,7776.0,1609240,551616,1263901,449310,996704,2517480,359580,1388332,308202,1046912,0,1287521,855924,460126
327086,328506,The Forbidden Chakra,2215.0,1609240,551616,1263901,449310,996704,2517480,359580,1388332,308202,1046912,0,1289736,855924,460126
327666,329086,The Forbidden Chakra,0.0,1609240,551616,1263901,449310,996704,2517480,359580,1388332,308202,1046912,0,1289736,855924,460126
328376,329666,Dragon Kick,31758.0,1609240,551616,1295659,449310,996704,2517480,359580,1388332,308202,1046912,0,1289736,855924,460126
329210,329742,Auto,7776.0,1617016,551616,1295659,449310,996704,2517480,359580,1388332,308202,1046912,0,1289736,855924,460126
329026,330446,The Forbidden Chakra,2052.0,1617016,551616,1295659,449310,996704,2517480,359580,1388332,308202,1046912,0,1291788,855924,460126
329606,331026,The Forbidden Chakra,0.0,1617016,551616,1295659,449310,996704,2517480,359580,1388332,308202,1046912,0,1291788,855924,460126
330316,331206,Rising Raptor,53598.0,1617016,551616,1295659,449310,996704,2517480,359580,1388332,308202,1100510,0,1291788,855924,460126
331250,331782,Auto,7776.0,1624792,551616,1295659,449310,996704,2517480,359580,1388332,308202,1100510,0,1291788,855924,460126
330966,332386,The Forbidden Chakra,2243.0,1624792,551616,1295659,449310,996704,2517480,359580,1388332,308202,1100510,0,1294031,855924,460126
331546,332966,The Forbidden Chakra,0.0,1624792,551616,1295659,449310,996704,2517480,359580,1388332,308202,1100510,0,1294031,855924,460126
333290,333822,Auto,7776.0,1632568,551616,1295659,449310,996704,2517480,359580,1388332,308202,1100510,0,1294031,855924,460126
332256,333856,Demolish,41686.0,1632568,593302,1295659,449310,996704,2517480,359580,1388332,308202,1100510,0,1294031,855924,460126
332906,334326,The Forbidden Chakra,2203.0,1632568,593302,1295659,449310,996704,2517480,359580,1388332,308202,1100510,0,1296234,855924,460126
334196,334816,Leaping Opo,63271.0,1632568,593302,1295659,449310,996704,2580751,359580,1388332,308202,1100510,0,1296234,855924,460126
333486,334906,The Forbidden Chakra,0.0,1632568,593302,1295659,449310,996704,2580751,359580,1388332,308202,1100510,0,1296234,855924,460126
335330,335862,Auto,7776.0,1640344,593302,1295659,449310,996704,2580751,359580,1388332,308202,1100510,0,1296234,855924,460126
334816,336236,The Forbidden Chakra,7670.0,1640344,593302,1295659,449310,996704,2580751,359580,1388332,308202,1100510,0,1303904,855924,460126
335466,336886,The Forbidden Chakra,0.0,1640344,593302,1295659,449310,996704,2580751,359580,1388332,308202,1100510,0,1303904,855924,460126
336136,336976,Twin Snakes,41686.0,1640344,593302,1295659,449310,996704,2580751,359580,1388332,308202,1100510,0,1303904,897610,460126
337370,337902,Auto,7776.0,1648120,593302,1295659,449310,996704,2580751,359580,1388332,308202,1100510,0,1303904,897610,460126
336786,338206,The Forbidden Chakra,2183.0,1648120,593302,1295659,449310,996704,2580751,359580,1388332,308202,1100510,0,1306087,897610,460126
337366,338786,The Forbidden Chakra,0.0,1648120,593302,1295659,449310,996704,2580751,359580,1388332,308202,1100510,0,1306087,897610,460126
338076,339096,Pouncing Coeurl,51611.0,1648120,593302,1295659,449310,996704,2580751,359580,1439943,308202,1100510,0,1306087,897610,460126
339410,339942,Auto,7776.0,1655896,593302,1295659,449310,996704,2580751,359580,1439943,308202,1100510,0,1306087,897610,460126
338726,340146,The Forbidden Chakra,2183.0,1655896,593302,1295659,449310,996704,2580751,359580,1439943,308202,1100510,0,1308270,897610,460126
339306,340726,The Forbidden Chakra,0.0,1655896,593302,1295659,449310,996704,2580751,359580,1439943,308202,1100510,0,1308270,897610,460126
340016,341306,Dragon Kick,31758.0,1655896,593302,1327417,449310,996704,2580751,359580,1439943,308202,1100510,0,1308270,897610,460126
341450,341982,Auto,7776.0,1663672,593302,1327417,449310,996704,2580751,359580,1439943,308202,1100510,0,1308270,897610,460126
340666,342086,The Forbidden Chakra,2191.0,1663672,593302,1327417,449310,996704,2580751,359580,1439943,308202,1100510,0,1310461,897610,460126
341246,342666,The Forbidden Chakra,0.0,1663672,593302,1327417,449310,996704,2580751,359580,1439943,308202,1100510,0,1310461,897610,460126
341957,342847,Rising Raptor,53598.0,1663672,593302,1327417,449310,996704,2580751,359580,1439943,308202,1154108,0,1310461,897610,460126
343490,344022,Auto,7776.0,1671448,593302,1327417,449310,996704,2580751,359580,1439943,308202,1154108,0,1310461,897610,460126
342607,344027,The Forbidden Chakra,2235.0,1671448,593302,1327417,449310,996704,2580751,359580,1439943,308202,1154108,0,1312696,897610,460126
343187,344607,The Forbidden Chakra,0.0,1671448,593302,1327417,449310,996704,2580751,359580,1439943,308202,1154108,0,1312696,897610,460126
343897,344917,Pouncing Coeurl,51611.0,1671448,593302,1327417,449310,996704,2580751,359580,1491554,308202,1154108,0,1312696,897610,460126
344547,345967,The Forbidden Chakra,2167.0,1671448,593302,1327417,449310,996704,2580751,359580,1491554,308202,1154108,0,1314863,897610,460126
345530,346062,Auto,7776.0,1679224,593302,1327417,449310,996704,2580751,359580,1491554,308202,1154108,0,1314863,897610,460126
345837,346457,Leaping Opo,63271.0,1679224,593302,1327417,449310,996704,2644022,359580,1491554,308202,1154108,0,1314863,897610,460126
345127,346547,The Forbidden Chakra,0.0,1679224,593302,1327417,449310,996704,2644022,359580,1491554,308202,1154108,0,1314863,897610,460126
346487,347907,The Forbidden Chakra,8277.0,1679224,593302,1327417,449310,996704,2644022,359580,1491554,308202,1154108,0,1323140,897610,460126
347570,348102,Auto,7776.0,1687000,593302,1327417,449310,996704,2644022,359580,1491554,308202,1154108,0,1323140,897610,460126
347067,348487,The Forbidden Chakra,0.0,1687000,593302,1327417,449310,996704,2644022,359580,1491554,308202,1154108,0,1323140,897610,460126
347777,348617,Twin Snakes,41686.0,1687000,593302,1327417,449310,996704,2644022,359580,1491554,308202,1154108,0,1323140,939296,460126
348427,349847,The Forbidden Chakra,2394.0,1687000,593302,1327417,449310,996704,2644022,359580,1491554,308202,1154108,0,1325534,939296,460126
349610,350142,Auto,7776.0,1694776,593302,1327417,449310,996704,2644022,359580,1491554,308202,1154108,0,1325534,939296,460126
349007,350427,The Forbidden Chakra,0.0,1694776,593302,1327417,449310,996704,2644022,359580,1491554,308202,1154108,0,1325534,939296,460126
349717,351317,Demolish,41686.0,1694776,634988,1327417,449310,996704,2644022,359580,1491554,308202,1154108,0,1325534,939296,460126
350337,351757,The Forbidden Chakra,2259.0,1694776,634988,1327417,449310,996704,2644022,359580,1491554,308202,1154108,0,1327793,939296,460126
351650,352182,Auto,7776.0,1702552,634988,1327417,449310,996704,2644022,359580,1491554,308202,1154108,0,1327793,939296,460126
350987,352407,The Forbidden Chakra,0.0,1702552,634988,1327417,449310,996704,2644022,359580,1491554,308202,1154108,0,1327793,939296,460126
351657,352947,Dragon Kick,31758.0,1702552,634988,1359175,449310,996704,2644022,359580,1491554,308202,1154108,0,1327793,939296,460126
352307,353727,The Forbidden Chakra,2135.0,1702552,634988,1359175,449310,996704,2644022,359580,1491554,308202,1154108,0,1329928,939296,460126
353690,354222,Auto,7776.0,1710328,634988,1359175,449310,996704,2644022,359580,1491554,308202,1154108,0,1329928,939296,460126
352887,354307,The Forbidden Chakra,0.0,1710328,634988,1359175,449310,996704,2644022,359580,1491554,308202,1154108,0,1329928,939296,460126
353597,354487,Rising Raptor,53598.0,1710328,634988,1359175,449310,996704,2644022,359580,1491554,308202,1207706,0,1329928,939296,460126
354247,355667,The Forbidden Chakra,2270.0,1710328,634988,1359175,449310,996704,2644022,359580,1491554,308202,1207706,0,1332198,939296,460126
354827,356247,The Forbidden Chakra,0.0,1710328,634988,1359175,449310,996704,2644022,359580,1491554,308202,1207706,0,1332198,939296,460126
355730,356262,Auto,7776.0,1718104,634988,1359175,449310,996704,2644022,359580,1491554,308202,1207706,0,1332198,939296,460126
355537,356557,Pouncing Coeurl,51611.0,1718104,634988,1359175,449310,996704,2644022,359580,1543165,308202,1207706,0,1332198,939296,460126
356187,357607,The Forbidden Chakra,2092.0,1718104,634988,1359175,449310,996704,2644022,359580,1543165,308202,1207706,0,1334290,939296,460126
357477,358097,Leaping Opo,63271.0,1718104,634988,1359175,449310,996704,2707293,359580,1543165,308202,1207706,0,1334290,939296,460126
356767,358187,The Forbidden Chakra,0.0,1718104,634988,1359175,449310,996704,2707293,359580,1543165,308202,1207706,0,1334290,939296,460126
357770,358302,Auto,7776.0,1725880,634988,1359175,449310,996704,2707293,359580,1543165,308202,1207706,0,1334290,939296,460126
358127,359547,The Forbidden Chakra,7813.0,1725880,634988,1359175,449310,996704,2707293,359580,1543165,308202,1207706,0,1342103,939296,460126
358707,360127,The Forbidden Chakra,0.0,1725880,634988,1359175,449310,996704,2707293,359580,1543165,308202,1207706,0,1342103,939296,460126
359417,360257,Twin Snakes,41686.0,1725880,634988,1359175,449310,996704,2707293,359580,1543165,308202,1207706,0,1342103,980982,460126
359810,360342,Auto,7776.0,1733656,634988,1359175,449310,996704,2707293,359580,1543165,308202,1207706,0,1342103,980982,460126
360067,361487,The Forbidden Chakra,2143.0,1733656,634988,1359175,449310,996704,2707293,359580,1543165,308202,1207706,0,1344246,980982,460126
360647,362067,The Forbidden Chakra,0.0,1733656,634988,1359175,449310,996704,2707293,359580,1543165,308202,1207706,0,1344246,980982,460126
361357,362377,Pouncing Coeurl,51611.0,1733656,634988,1359175,449310,996704,2707293,359580,1594776,308202,1207706,0,1344246,980982,460126
361850,362382,Auto,7776.0,1741432,634988,1359175,449310,996704,2707293,359580,1594776,308202,1207706,0,1344246,980982,460126
362007,363427,The Forbidden Chakra,2294.0,1741432,634988,1359175,449310,996704,2707293,359580,1594776,308202,1207706,0,1346540,980982,460126
362587,364007,The Forbidden Chakra,0.0,1741432,634988,1359175,449310,996704,2707293,359580,1594776,308202,1207706,0,1346540,980982,460126
363890,364422,Auto,7776.0,1749208,634988,1359175,449310,996704,2707293,359580,1594776,308202,1207706,0,1346540,980982,460126
363298,364588,Dragon Kick,31758.0,1749208,634988,1390933,449310,996704,2707293,359580,1594776,308202,1207706,0,1346540,980982,460126
365238,365858,Leaping Opo,68498.0,1749208,634988,1390933,449310,996704,2775791,359580,1594776,308202,1207706,0,1346540,980982,460126
365930,366462,Auto,8418.0,1757626,634988,1390933,449310,996704,2775791,359580,1594776,308202,1207706,0,1346540,980982,460126
367178,368468,Dragon Kick,41521.0,1757626,634988,1432454,449310,996704,2775791,359580,1594776,308202,1207706,0,1346540,980982,460126
367970,368502,Auto,10164.0,1767790,634988,1432454,449310,996704,2775791,359580,1594776,308202,1207706,0,1346540,980982,460126
367798,369218,The Forbidden Chakra,24410.0,1767790,634988,1432454,449310,996704,2775791,359580,1594776,308202,1207706,0,1370950,980982,460126
369118,369738,Leaping Opo,82711.0,1767790,634988,1432454,449310,996704,2858502,359580,1594776,308202,1207706,0,1370950,980982,460126
368448,369868,The Forbidden Chakra,2008.0,1767790,634988,1432454,449310,996704,2858502,359580,1594776,308202,1207706,0,1372958,980982,460126
370010,370542,Auto,10164.0,1777954,634988,1432454,449310,996704,2858502,359580,1594776,308202,1207706,0,1372958,980982,460126
369738,371158,The Forbidden Chakra,38429.0,1777954,634988,1432454,449310,996704,2858502,359580,1594776,308202,1207706,0,1411387,980982,460126
371058,371458,Phantom Rush,194644.0,1777954,634988,1432454,449310,996704,2858502,554224,1594776,308202,1207706,0,1411387,980982,460126
370388,371808,The Forbidden Chakra,8787.0,1777954,634988,1432454,449310,996704,2858502,554224,1594776,308202,1207706,0,1420174,980982,460126
372050,372582,Auto,10164.0,1788118,634988,1432454,449310,996704,2858502,554224,1594776,308202,1207706,0,1420174,980982,460126
373070,373602,Auto,10164.0,1798282,634988,1432454,449310,996704,2858502,554224,1594776,308202,1207706,0,1420174,980982,460126
372328,373748,The Forbidden Chakra,23662.0,1798282,634988,1432454,449310,996704,2858502,554224,1594776,308202,1207706,0,1443836,980982,460126
372998,374288,Dragon Kick,41521.0,1798282,634988,1473975,449310,996704,2858502,554224,1594776,308202,1207706,0,1443836,980982,460126
374090,374622,Auto,10164.0,1808446,634988,1473975,449310,996704,2858502,554224,1594776,308202,1207706,0,1443836,980982,460126
373648,375068,The Forbidden Chakra,13754.0,1808446,634988,1473975,449310,996704,2858502,554224,1594776,308202,1207706,0,1457590,980982,460126
375110,375642,Auto,10164.0,1818610,634988,1473975,449310,996704,2858502,554224,1594776,308202,1207706,0,1457590,980982,460126
374228,375648,The Forbidden Chakra,6134.0,1818610,634988,1473975,449310,996704,2858502,554224,1594776,308202,1207706,0,1463724,980982,460126
374938,376138,Wind's Reply,134952.0,1818610,634988,1473975,449310,996704,2858502,554224,1594776,308202,1207706,0,1463724,980982,595078
376130,376662,Auto,10164.0,1828774,634988,1473975,449310,996704,2858502,554224,1594776,308202,1207706,0,1463724,980982,595078
375588,377008,The Forbidden Chakra,19323.0,1828774,634988,1473975,449310,996704,2858502,554224,1594776,308202,1207706,0,1483047,980982,595078
376168,377588,The Forbidden Chakra,14449.0,1828774,634988,1473975,449310,996704,2858502,554224,1594776,308202,1207706,0,1497496,980982,595078
377150,377682,Auto,10164.0,1838938,634988,1473975,449310,996704,2858502,554224,1594776,308202,1207706,0,1497496,980982,595078
376878,378298,Fire's Reply,181667.0,1838938,634988,1473975,449310,1178371,2858502,554224,1594776,308202,1207706,0,1497496,980982,595078
378170,378702,Auto,10164.0,1849102,634988,1473975,449310,1178371,2858502,554224,1594776,308202,1207706,0,1497496,980982,595078
377498,378918,The Forbidden Chakra,9025.0,1849102,634988,1473975,449310,1178371,2858502,554224,1594776,308202,1207706,0,1506521,980982,595078
378818,379438,Leaping Opo,82711.0,1849102,634988,1473975,449310,1178371,2941213,554224,1594776,308202,1207706,0,1506521,980982,595078
378148,379568,The Forbidden Chakra,4178.0,1849102,634988,1473975,449310,1178371,2941213,554224,1594776,308202,1207706,0,1510699,980982,595078
379190,379722,Auto,10164.0,1859266,634988,1473975,449310,1178371,2941213,554224,1594776,308202,1207706,0,1510699,980982,595078
380210,380742,Auto,10164.0,1869430,634988,1473975,449310,1178371,2941213,554224,1594776,308202,1207706,0,1510699,980982,595078
380058,381478,The Forbidden Chakra,42498.0,1869430,634988,1473975,449310,1178371,2941213,554224,1594776,308202,1207706,0,1553197,980982,595078
381230,381762,Auto,10164.0,1879594,634988,1473975,449310,1178371,2941213,554224,1594776,308202,1207706,0,1553197,980982,595078
380758,382048,Dragon Kick,41521.0,1879594,634988,1515496,449310,1178371,2941213,554224,1594776,308202,1207706,0,1553197,980982,595078
382250,382782,Auto,10164.0,1889758,634988,1515496,449310,1178371,2941213,554224,1594776,308202,1207706,0,1553197,980982,595078
381408,382828,The Forbidden Chakra,14320.0,1889758,634988,1515496,449310,1178371,2941213,554224,1594776,308202,1207706,0,1567517,980982,595078
382699,383319,Leaping Opo,82711.0,1889758,634988,1515496,449310,1178371,3023924,554224,1594776,308202,1207706,0,1567517,980982,595078
381988,383408,The Forbidden Chakra,6207.0,1889758,634988,1515496,449310,1178371,3023924,554224,1594776,308202,1207706,0,1573724,980982,595078
383270,383802,Auto,10164.0,1899922,634988,1515496,449310,1178371,3023924,554224,1594776,308202,1207706,0,1573724,980982,595078
383319,384739,The Forbidden Chakra,39275.0,1899922,634988,1515496,449310,1178371,3023924,554224,1594776,308202,1207706,0,1612999,980982,595078
384290,384822,Auto,10164.0,1910086,634988,1515496,449310,1178371,3023924,554224,1594776,308202,1207706,0,1612999,980982,595078
383969,385389,The Forbidden Chakra,4287.0,1910086,634988,1515496,449310,1178371,3023924,554224,1594776,308202,1207706,0,1617286,980982,595078
385310,385842,Auto,10164.0,1920250,634988,1515496,449310,1178371,3023924,554224,1594776,308202,1207706,0,1617286,980982,595078
384639,385929,Dragon Kick,41521.0,1920250,634988,1557017,449310,1178371,3023924,554224,1594776,308202,1207706,0,1617286,980982,595078
385289,386709,The Forbidden Chakra,11294.0,1920250,634988,1557017,449310,1178371,3023924,554224,1594776,308202,1207706,0,1628580,980982,595078
386330,386862,Auto,10164.0,1930414,634988,1557017,449310,1178371,3023924,554224,1594776,308202,1207706,0,1628580,980982,595078
385869,387289,The Forbidden Chakra,4095.0,1930414,634988,1557017,449310,1178371,3023924,554224,1594776,308202,1207706,0,1632675,980982,595078
387350,387882,Auto,8418.0,1938832,634988,1557017,449310,1178371,3023924,554224,1594776,308202,1207706,0,1632675,980982,595078
386579,387999,Elixir Burst,116784.0,1938832,634988,1557017,566094,1178371,3023924,554224,1594776,308202,1207706,0,1632675,980982,595078
387199,388619,The Forbidden Chakra,14167.0,1938832,634988,1557017,566094,1178371,3023924,554224,1594776,308202,1207706,0,1646842,980982,595078
388370,388902,Auto,8418.0,1947250,634988,1557017,566094,1178371,3023924,554224,1594776,308202,1207706,0,1646842,980982,595078
388519,389139,Leaping Opo,68498.0,1947250,634988,1557017,566094,1178371,3092422,554224,1594776,308202,1207706,0,1646842,980982,595078
387849,389269,The Forbidden Chakra,0.0,1947250,634988,1557017,566094,1178371,3092422,554224,1594776,308202,1207706,0,1646842,980982,595078
389169,390589,The Forbidden Chakra,8846.0,1947250,634988,1557017,566094,1178371,3092422,554224,1594776,308202,1207706,0,1655688,980982,595078
390410,390942,Auto,8418.0,1955668,634988,1557017,566094,1178371,3092422,554224,1594776,308202,1207706,0,1655688,980982,595078
389749,391169,The Forbidden Chakra,0.0,1955668,634988,1557017,566094,1178371,3092422,554224,1594776,308202,1207706,0,1655688,980982,595078
390459,391349,Rising Raptor,58028.0,1955668,634988,1557017,566094,1178371,3092422,554224,1594776,308202,1265734,0,1655688,980982,595078
391109,392529,The Forbidden Chakra,2303.0,1955668,634988,1557017,566094,1178371,3092422,554224,1594776,308202,1265734,0,1657991,980982,595078
392450,392982,Auto,8418.0,1964086,634988,1557017,566094,1178371,3092422,554224,1594776,308202,1265734,0,1657991,980982,595078
391689,393109,The Forbidden Chakra,0.0,1964086,634988,1557017,566094,1178371,3092422,554224,1594776,308202,1265734,0,1657991,980982,595078
392399,393999,Demolish,45131.0,1964086,680119,1557017,566094,1178371,3092422,554224,1594776,308202,1265734,0,1657991,980982,595078
393049,394469,The Forbidden Chakra,2222.0,1964086,680119,1557017,566094,1178371,3092422,554224,1594776,308202,1265734,0,1660213,980982,595078
394490,395022,Auto,8418.0,1972504,680119,1557017,566094,1178371,3092422,554224,1594776,308202,1265734,0,1660213,980982,595078
393629,395049,The Forbidden Chakra,0.0,1972504,680119,1557017,566094,1178371,3092422,554224,1594776,308202,1265734,0,1660213,980982,595078
394339,395629,Dragon Kick,34386.0,1972504,680119,1591403,566094,1178371,3092422,554224,1594776,308202,1265734,0,1660213,980982,595078
394989,396409,The Forbidden Chakra,2338.0,1972504,680119,1591403,566094,1178371,3092422,554224,1594776,308202,1265734,0,1662551,980982,595078
395569,396989,The Forbidden Chakra,0.0,1972504,680119,1591403,566094,1178371,3092422,554224,1594776,308202,1265734,0,1662551,980982,595078
396530,397062,Auto,7776.0,1980280,680119,1591403,566094,1178371,3092422,554224,1594776,308202,1265734,0,1662551,980982,595078
396279,397119,Twin Snakes,41686.0,1980280,680119,1591403,566094,1178371,3092422,554224,1594776,308202,1265734,0,1662551,1022668,595078
396929,398349,The Forbidden Chakra,1850.0,1980280,680119,1591403,566094,1178371,3092422,554224,1594776,308202,1265734,0,1664401,1022668,595078
397509,398929,The Forbidden Chakra,0.0,1980280,680119,1591403,566094,1178371,3092422,554224,1594776,308202,1265734,0,1664401,1022668,595078
398570,399102,Auto,7776.0,1988056,680119,1591403,566094,1178371,3092422,554224,1594776,308202,1265734,0,1664401,1022668,595078
398219,399239,Pouncing Coeurl,51611.0,1988056,680119,1591403,566094,1178371,3092422,554224,1646387,308202,1265734,0,1664401,1022668,595078
398869,400289,The Forbidden Chakra,1929.0,1988056,680119,1591403,566094,1178371,3092422,554224,1646387,308202,1265734,0,1666330,1022668,595078
400159,400779,Leaping Opo,63271.0,1988056,680119,1591403,566094,1178371,3155693,554224,1646387,308202,1265734,0,1666330,1022668,595078
399449,400869,The Forbidden Chakra,0.0,1988056,680119,1591403,566094,1178371,3155693,554224,1646387,308202,1265734,0,1666330,1022668,595078
400610,401142,Auto,7776.0,1995832,680119,1591403,566094,1178371,3155693,554224,1646387,308202,1265734,0,1666330,1022668,595078
400779,402199,The Forbidden Chakra,7031.0,1995832,680119,1591403,566094,1178371,3155693,554224,1646387,308202,1265734,0,1673361,1022668,595078
401429,402849,The Forbidden Chakra,0.0,1995832,680119,1591403,566094,1178371,3155693,554224,1646387,308202,1265734,0,1673361,1022668,595078
402099,402989,Rising Raptor,53598.0,1995832,680119,1591403,566094,1178371,3155693,554224,1646387,308202,1319332,0,1673361,1022668,595078
402650,403182,Auto,7776.0,2003608,680119,1591403,566094,1178371,3155693,554224,1646387,308202,1319332,0,1673361,1022668,595078
402749,404169,The Forbidden Chakra,1977.0,2003608,680119,1591403,566094,1178371,3155693,554224,1646387,308202,1319332,0,1675338,1022668,595078
403329,404749,The Forbidden Chakra,0.0,2003608,680119,1591403,566094,1178371,3155693,554224,1646387,308202,1319332,0,1675338,1022668,595078
404040,405060,Pouncing Coeurl,51611.0,2003608,680119,1591403,566094,1178371,3155693,554224,1697998,308202,1319332,0,1675338,1022668,595078
404690,405222,Auto,7776.0,2011384,680119,1591403,566094,1178371,3155693,554224,1697998,308202,1319332,0,1675338,1022668,595078
404690,406110,The Forbidden Chakra,2322.0,2011384,680119,1591403,566094,1178371,3155693,554224,1697998,308202,1319332,0,1677660,1022668,595078
405270,406690,The Forbidden Chakra,0.0,2011384,680119,1591403,566094,1178371,3155693,554224,1697998,308202,1319332,0,1677660,1022668,595078
406730,407262,Auto,7776.0,2019160,680119,1591403,566094,1178371,3155693,554224,1697998,308202,1319332,0,1677660,1022668,595078
405980,407270,Dragon Kick,31758.0,2019160,680119,1623161,566094,1178371,3155693,554224,1697998,308202,1319332,0,1677660,1022668,595078
406630,408050,The Forbidden Chakra,2195.0,2019160,680119,1623161,566094,1178371,3155693,554224,1697998,308202,1319332,0,1679855,1022668,595078
407210,408630,The Forbidden Chakra,0.0,2019160,680119,1623161,566094,1178371,3155693,554224,1697998,308202,1319332,0,1679855,1022668,595078
407920,408760,Twin Snakes,41686.0,2019160,680119,1623161,566094,1178371,3155693,554224,1697998,308202,1319332,0,1679855,1064354,595078
408770,409302,Auto,7776.0,2026936,680119,1623161,566094,1178371,3155693,554224,1697998,308202,1319332,0,1679855,1064354,595078
408570,409990,The Forbidden Chakra,2346.0,2026936,680119,1623161,566094,1178371,3155693,554224,1697998,308202,1319332,0,1682201,1064354,595078
409150,410570,The Forbidden Chakra,0.0,2026936,680119,1623161,566094,1178371,3155693,554224,1697998,308202,1319332,0,1682201,1064354,595078
410810,411342,Auto,7776.0,2034712,680119,1623161,566094,1178371,3155693,554224,1697998,308202,1319332,0,1682201,1064354,595078
409860,411460,Demolish,41686.0,2034712,721805,1623161,566094,1178371,3155693,554224,1697998,308202,1319332,0,1682201,1064354,595078
410510,411930,The Forbidden Chakra,2259.0,2034712,721805,1623161,566094,1178371,3155693,554224,1697998,308202,1319332,0,1684460,1064354,595078
411800,412420,Leaping Opo,63271.0,2034712,721805,1623161,566094,1178371,3218964,554224,1697998,308202,1319332,0,1684460,1064354,595078
411090,412510,The Forbidden Chakra,0.0,2034712,721805,1623161,566094,1178371,3218964,554224,1697998,308202,1319332,0,1684460,1064354,595078
412850,413382,Auto,7776.0,2042488,721805,1623161,566094,1178371,3218964,554224,1697998,308202,1319332,0,1684460,1064354,595078
412450,413870,The Forbidden Chakra,8603.0,2042488,721805,1623161,566094,1178371,3218964,554224,1697998,308202,1319332,0,1693063,1064354,595078
413030,414450,The Forbidden Chakra,0.0,2042488,721805,1623161,566094,1178371,3218964,554224,1697998,308202,1319332,0,1693063,1064354,595078
413740,414630,Rising Raptor,53598.0,2042488,721805,1623161,566094,1178371,3218964,554224,1697998,308202,1372930,0,1693063,1064354,595078
414890,415422,Auto,7776.0,2050264,721805,1623161,566094,1178371,3218964,554224,1697998,308202,1372930,0,1693063,1064354,595078
414390,415810,The Forbidden Chakra,2195.0,2050264,721805,1623161,566094,1178371,3218964,554224,1697998,308202,1372930,0,1695258,1064354,595078
414970,416390,The Forbidden Chakra,0.0,2050264,721805,1623161,566094,1178371,3218964,554224,1697998,308202,1372930,0,1695258,1064354,595078
415680,416700,Pouncing Coeurl,51611.0,2050264,721805,1623161,566094,1178371,3218964,554224,1749609,308202,1372930,0,1695258,1064354,595078
416930,417462,Auto,7776.0,2058040,721805,1623161,566094,1178371,3218964,554224,1749609,308202,1372930,0,1695258,1064354,595078
416330,417750,The Forbidden Chakra,2247.0,2058040,721805,1623161,566094,1178371,3218964,554224,1749609,308202,1372930,0,1697505,1064354,595078
416910,418330,The Forbidden Chakra,0.0,2058040,721805,1623161,566094,1178371,3218964,554224,1749609,308202,1372930,0,1697505,1064354,595078
417620,418910,Dragon Kick,31758.0,2058040,721805,1654919,566094,1178371,3218964,554224,1749609,308202,1372930,0,1697505,1064354,595078
418970,419502,Auto,7776.0,2065816,721805,1654919,566094,1178371,3218964,554224,1749609,308202,1372930,0,1697505,1064354,595078
418270,419690,The Forbidden Chakra,2318.0,2065816,721805,1654919,566094,1178371,3218964,554224,1749609,308202,1372930,0,1699823,1064354,595078
418850,420270,The Forbidden Chakra,0.0,2065816,721805,1654919,566094,1178371,3218964,554224,1749609,308202,1372930,0,1699823,1064354,595078
419560,420400,Twin Snakes,41686.0,2065816,721805,1654919,566094,1178371,3218964,554224,1749609,308202,1372930,0,1699823,1106040,595078
421010,421542,Auto,7776.0,2073592,721805,1654919,566094,1178371,3218964,554224,1749609,308202,1372930,0,1699823,1106040,595078
420210,421630,The Forbidden Chakra,2124.0,2073592,721805,1654919,566094,1178371,3218964,554224,1749609,308202,1372930,0,1701947,1106040,595078
420790,422210,The Forbidden Chakra,0.0,2073592,721805,1654919,566094,1178371,3218964,554224,1749609,308202,1372930,0,1701947,1106040,595078
421500,422520,Pouncing Coeurl,51611.0,2073592,721805,1654919,566094,1178371,3218964,554224,1801220,308202,1372930,0,1701947,1106040,595078
422150,423570,The Forbidden Chakra,2231.0,2073592,721805,1654919,566094,1178371,3218964,554224,1801220,308202,1372930,0,1704178,1106040,595078
423050,423582,Auto,7776.0,2081368,721805,1654919,566094,1178371,3218964,554224,1801220,308202,1372930,0,1704178,1106040,595078
423440,424060,Leaping Opo,63271.0,2081368,721805,1654919,566094,1178371,3282235,554224,1801220,308202,1372930,0,1704178,1106040,595078
422730,424150,The Forbidden Chakra,0.0,2081368,721805,1654919,566094,1178371,3282235,554224,1801220,308202,1372930,0,1704178,1106040,595078
424090,425510,The Forbidden Chakra,7559.0,2081368,721805,1654919,566094,1178371,3282235,554224,1801220,308202,1372930,0,1711737,1106040,595078
425090,425622,Auto,7776.0,2089144,721805,1654919,566094,1178371,3282235,554224,1801220,308202,1372930,0,1711737,1106040,595078
424670,426090,The Forbidden Chakra,0.0,2089144,721805,1654919,566094,1178371,3282235,554224,1801220,308202,1372930,0,1711737,1106040,595078
425381,426271,Rising Raptor,53598.0,2089144,721805,1654919,566094,1178371,3282235,554224,1801220,308202,1426528,0,1711737,1106040,595078
427130,427662,Auto,8942.0,2098086,721805,1654919,566094,1178371,3282235,554224,1801220,308202,1426528,0,1711737,1106040,595078
427321,428921,Demolish,47939.0,2098086,769744,1654919,566094,1178371,3282235,554224,1801220,308202,1426528,0,1711737,1106040,595078
427941,429361,The Forbidden Chakra,4898.0,2098086,769744,1654919,566094,1178371,3282235,554224,1801220,308202,1426528,0,1716635,1106040,595078
429170,429702,Auto,8942.0,2107028,769744,1654919,566094,1178371,3282235,554224,1801220,308202,1426528,0,1716635,1106040,595078
428591,430011,The Forbidden Chakra,0.0,2107028,769744,1654919,566094,1178371,3282235,554224,1801220,308202,1426528,0,1716635,1106040,595078
429261,430551,Dragon Kick,36522.0,2107028,769744,1691441,566094,1178371,3282235,554224,1801220,308202,1426528,0,1716635,1106040,595078
429911,431331,The Forbidden Chakra,2492.0,2107028,769744,1691441,566094,1178371,3282235,554224,1801220,308202,1426528,0,1719127,1106040,595078
431210,431742,Auto,8942.0,2115970,769744,1691441,566094,1178371,3282235,554224,1801220,308202,1426528,0,1719127,1106040,595078
430491,431911,The Forbidden Chakra,0.0,2115970,769744,1691441,566094,1178371,3282235,554224,1801220,308202,1426528,0,1719127,1106040,595078
431201,432621,Fire's Reply,159811.0,2115970,769744,1691441,566094,1338182,3282235,554224,1801220,308202,1426528,0,1719127,1106040,595078
431851,433271,The Forbidden Chakra,2670.0,2115970,769744,1691441,566094,1338182,3282235,554224,1801220,308202,1426528,0,1721797,1106040,595078
433141,433761,Leaping Opo,72761.0,2115970,769744,1691441,566094,1338182,3354996,554224,1801220,308202,1426528,0,1721797,1106040,595078
433250,433782,Auto,8942.0,2124912,769744,1691441,566094,1338182,3354996,554224,1801220,308202,1426528,0,1721797,1106040,595078
432431,433851,The Forbidden Chakra,0.0,2124912,769744,1691441,566094,1338182,3354996,554224,1801220,308202,1426528,0,1721797,1106040,595078
435290,435822,Auto,8942.0,2133854,769744,1691441,566094,1338182,3354996,554224,1801220,308202,1426528,0,1721797,1106040,595078
434411,435831,The Forbidden Chakra,9304.0,2133854,769744,1691441,566094,1338182,3354996,554224,1801220,308202,1426528,0,1731101,1106040,595078
435081,436371,Dragon Kick,36522.0,2133854,769744,1727963,566094,1338182,3354996,554224,1801220,308202,1426528,0,1731101,1106040,595078
435731,437151,The Forbidden Chakra,2643.0,2133854,769744,1727963,566094,1338182,3354996,554224,1801220,308202,1426528,0,1733744,1106040,595078
436311,437731,The Forbidden Chakra,0.0,2133854,769744,1727963,566094,1338182,3354996,554224,1801220,308202,1426528,0,1733744,1106040,595078
437021,437861,Twin Snakes,47939.0,2133854,769744,1727963,566094,1338182,3354996,554224,1801220,308202,1426528,0,1733744,1153979,595078
437330,437862,Auto,8942.0,2142796,769744,1727963,566094,1338182,3354996,554224,1801220,308202,1426528,0,1733744,1153979,595078
437671,439091,The Forbidden Chakra,2629.0,2142796,769744,1727963,566094,1338182,3354996,554224,1801220,308202,1426528,0,1736373,1153979,595078
438251,439671,The Forbidden Chakra,0.0,2142796,769744,1727963,566094,1338182,3354996,554224,1801220,308202,1426528,0,1736373,1153979,595078
439370,439902,Auto,8942.0,2151738,769744,1727963,566094,1338182,3354996,554224,1801220,308202,1426528,0,1736373,1153979,595078
438961,439981,Pouncing Coeurl,59352.0,2151738,769744,1727963,566094,1338182,3354996,554224,1860572,308202,1426528,0,1736373,1153979,595078
439611,441031,The Forbidden Chakra,2520.0,2151738,769744,1727963,566094,1338182,3354996,554224,1860572,308202,1426528,0,1738893,1153979,595078
440191,441611,The Forbidden Chakra,0.0,2151738,769744,1727963,566094,1338182,3354996,554224,1860572,308202,1426528,0,1738893,1153979,595078
440901,441661,Rising Phoenix,102734.0,2151738,769744,1727963,566094,1338182,3354996,554224,1860572,410936,1426528,0,1738893,1153979,595078
441410,441942,Auto,8942.0,2160680,769744,1727963,566094,1338182,3354996,554224,1860572,410936,1426528,0,1738893,1153979,595078
441551,442971,The Forbidden Chakra,2520.0,2160680,769744,1727963,566094,1338182,3354996,554224,1860572,410936,1426528,0,1741413,1153979,595078
442841,443461,Leaping Opo,72761.0,2160680,769744,1727963,566094,1338182,3427757,554224,1860572,410936,1426528,0,1741413,1153979,595078
442131,443551,The Forbidden Chakra,0.0,2160680,769744,1727963,566094,1338182,3427757,554224,1860572,410936,1426528,0,1741413,1153979,595078
443450,443982,Auto,8942.0,2169622,769744,1727963,566094,1338182,3427757,554224,1860572,410936,1426528,0,1741413,1153979,595078
443491,444911,The Forbidden Chakra,8994.0,2169622,769744,1727963,566094,1338182,3427757,554224,1860572,410936,1426528,0,1750407,1153979,595078
444071,445491,The Forbidden Chakra,0.0,2169622,769744,1727963,566094,1338182,3427757,554224,1860572,410936,1426528,0,1750407,1153979,595078
444782,445672,Rising Raptor,61638.0,2169622,769744,1727963,566094,1338182,3427757,554224,1860572,410936,1488166,0,1750407,1153979,595078
445490,446022,Auto,8942.0,2178564,769744,1727963,566094,1338182,3427757,554224,1860572,410936,1488166,0,1750407,1153979,595078
445432,446852,The Forbidden Chakra,2428.0,2178564,769744,1727963,566094,1338182,3427757,554224,1860572,410936,1488166,0,1752835,1153979,595078
446012,447432,The Forbidden Chakra,0.0,2178564,769744,1727963,566094,1338182,3427757,554224,1860572,410936,1488166,0,1752835,1153979,595078
446722,447742,Pouncing Coeurl,59352.0,2178564,769744,1727963,566094,1338182,3427757,554224,1919924,410936,1488166,0,1752835,1153979,595078
447530,448062,Auto,7776.0,2186340,769744,1727963,566094,1338182,3427757,554224,1919924,410936,1488166,0,1752835,1153979,595078
447372,448792,The Forbidden Chakra,2298.0,2186340,769744,1727963,566094,1338182,3427757,554224,1919924,410936,1488166,0,1755133,1153979,595078
447952,449372,The Forbidden Chakra,0.0,2186340,769744,1727963,566094,1338182,3427757,554224,1919924,410936,1488166,0,1755133,1153979,595078
448662,449952,Dragon Kick,31758.0,2186340,769744,1759721,566094,1338182,3427757,554224,1919924,410936,1488166,0,1755133,1153979,595078
449570,450102,Auto,7776.0,2194116,769744,1759721,566094,1338182,3427757,554224,1919924,410936,1488166,0,1755133,1153979,595078
449312,450732,The Forbidden Chakra,2314.0,2194116,769744,1759721,566094,1338182,3427757,554224,1919924,410936,1488166,0,1757447,1153979,595078
449892,451312,The Forbidden Chakra,0.0,2194116,769744,1759721,566094,1338182,3427757,554224,1919924,410936,1488166,0,1757447,1153979,595078
450602,451442,Twin Snakes,41686.0,2194116,769744,1759721,566094,1338182,3427757,554224,1919924,410936,1488166,0,1757447,1195665,595078
451610,452142,Auto,7776.0,2201892,769744,1759721,566094,1338182,3427757,554224,1919924,410936,1488166,0,1757447,1195665,595078
451222,452642,The Forbidden Chakra,2179.0,2201892,769744,1759721,566094,1338182,3427757,554224,1919924,410936,1488166,0,1759626,1195665,595078
451872,453292,The Forbidden Chakra,0.0,2201892,769744,1759721,566094,1338182,3427757,554224,1919924,410936,1488166,0,1759626,1195665,595078
452542,454142,Demolish,41686.0,2201892,811430,1759721,566094,1338182,3427757,554224,1919924,410936,1488166,0,1759626,1195665,595078
453650,454182,Auto,7776.0,2209668,811430,1759721,566094,1338182,3427757,554224,1919924,410936,1488166,0,1759626,1195665,595078
453192,454612,The Forbidden Chakra,2128.0,2209668,811430,1759721,566094,1338182,3427757,554224,1919924,410936,1488166,0,1761754,1195665,595078
454482,455102,Leaping Opo,63271.0,2209668,811430,1759721,566094,1338182,3491028,554224,1919924,410936,1488166,0,1761754,1195665,595078
453772,455192,The Forbidden Chakra,0.0,2209668,811430,1759721,566094,1338182,3491028,554224,1919924,410936,1488166,0,1761754,1195665,595078
455690,456222,Auto,7776.0,2217444,811430,1759721,566094,1338182,3491028,554224,1919924,410936,1488166,0,1761754,1195665,595078
455132,456552,The Forbidden Chakra,8051.0,2217444,811430,1759721,566094,1338182,3491028,554224,1919924,410936,1488166,0,1769805,1195665,595078
455712,457132,The Forbidden Chakra,0.0,2217444,811430,1759721,566094,1338182,3491028,554224,1919924,410936,1488166,0,1769805,1195665,595078
456422,457312,Rising Raptor,53598.0,2217444,811430,1759721,566094,1338182,3491028,554224,1919924,410936,1541764,0,1769805,1195665,595078
457730,458262,Auto,7776.0,2225220,811430,1759721,566094,1338182,3491028,554224,1919924,410936,1541764,0,1769805,1195665,595078
457072,458492,The Forbidden Chakra,2151.0,2225220,811430,1759721,566094,1338182,3491028,554224,1919924,410936,1541764,0,1771956,1195665,595078
457652,459072,The Forbidden Chakra,0.0,2225220,811430,1759721,566094,1338182,3491028,554224,1919924,410936,1541764,0,1771956,1195665,595078
458362,459382,Pouncing Coeurl,51611.0,2225220,811430,1759721,566094,1338182,3491028,554224,1971535,410936,1541764,0,1771956,1195665,595078
459770,460302,Auto,7776.0,2232996,811430,1759721,566094,1338182,3491028,554224,1971535,410936,1541764,0,1771956,1195665,595078
459012,460432,The Forbidden Chakra,2346.0,2232996,811430,1759721,566094,1338182,3491028,554224,1971535,410936,1541764,0,1774302,1195665,595078
459592,461012,The Forbidden Chakra,0.0,2232996,811430,1759721,566094,1338182,3491028,554224,1971535,410936,1541764,0,1774302,1195665,595078
460302,461592,Dragon Kick,31758.0,2232996,811430,1791479,566094,1338182,3491028,554224,1971535,410936,1541764,0,1774302,1195665,595078
461810,462342,Auto,7776.0,2240772,811430,1791479,566094,1338182,3491028,554224,1971535,410936,1541764,0,1774302,1195665,595078
460952,462372,The Forbidden Chakra,2203.0,2240772,811430,1791479,566094,1338182,3491028,554224,1971535,410936,1541764,0,1776505,1195665,595078
461532,462952,The Forbidden Chakra,0.0,2240772,811430,1791479,566094,1338182,3491028,554224,1971535,410936,1541764,0,1776505,1195665,595078
462242,463082,Twin Snakes,41686.0,2240772,811430,1791479,566094,1338182,3491028,554224,1971535,410936,1541764,0,1776505,1237351,595078
463850,464382,Auto,7776.0,2248548,811430,1791479,566094,1338182,3491028,554224,1971535,410936,1541764,0,1776505,1237351,595078
463512,464932,The Forbidden Chakra,2116.0,2248548,811430,1791479,566094,1338182,3491028,554224,1971535,410936,1541764,0,1778621,1237351,595078
464182,465382,Wind's Reply,103230.0,2248548,811430,1791479,566094,1338182,3491028,554224,1971535,410936,1541764,0,1778621,1237351,698308
464870,465402,Auto,7776.0,2256324,811430,1791479,566094,1338182,3491028,554224,1971535,410936,1541764,0,1778621,1237351,698308
464832,466252,The Forbidden Chakra,2151.0,2256324,811430,1791479,566094,1338182,3491028,554224,1971535,410936,1541764,0,1780772,1237351,698308
465890,466422,Auto,7776.0,2264100,811430,1791479,566094,1338182,3491028,554224,1971535,410936,1541764,0,1780772,1237351,698308
465412,466832,The Forbidden Chakra,0.0,2264100,811430,1791479,566094,1338182,3491028,554224,1971535,410936,1541764,0,1780772,1237351,698308
466123,467143,Pouncing Coeurl,51611.0,2264100,811430,1791479,566094,1338182,3491028,554224,2023146,410936,1541764,0,1780772,1237351,698308
466910,467442,Auto,7776.0,2271876,811430,1791479,566094,1338182,3491028,554224,2023146,410936,1541764,0,1780772,1237351,698308
466773,468193,The Forbidden Chakra,2358.0,2271876,811430,1791479,566094,1338182,3491028,554224,2023146,410936,1541764,0,1783130,1237351,698308
467930,468462,Auto,7776.0,2279652,811430,1791479,566094,1338182,3491028,554224,2023146,410936,1541764,0,1783130,1237351,698308
468063,468683,Leaping Opo,63271.0,2279652,811430,1791479,566094,1338182,3554299,554224,2023146,410936,1541764,0,1783130,1237351,698308
467353,468773,The Forbidden Chakra,0.0,2279652,811430,1791479,566094,1338182,3554299,554224,2023146,410936,1541764,0,1783130,1237351,698308
468950,469482,Auto,7776.0,2287428,811430,1791479,566094,1338182,3554299,554224,2023146,410936,1541764,0,1783130,1237351,698308
468713,470133,The Forbidden Chakra,8063.0,2287428,811430,1791479,566094,1338182,3554299,554224,2023146,410936,1541764,0,1791193,1237351,698308
469970,470502,Auto,7776.0,2295204,811430,1791479,566094,1338182,3554299,554224,2023146,410936,1541764,0,1791193,1237351,698308
469293,470713,The Forbidden Chakra,0.0,2295204,811430,1791479,566094,1338182,3554299,554224,2023146,410936,1541764,0,1791193,1237351,698308
470003,470893,Rising Raptor,53598.0,2295204,811430,1791479,566094,1338182,3554299,554224,2023146,410936,1595362,0,1791193,1237351,698308
470990,471522,Auto,7776.0,2302980,811430,1791479,566094,1338182,3554299,554224,2023146,410936,1595362,0,1791193,1237351,698308
470653,472073,The Forbidden Chakra,2116.0,2302980,811430,1791479,566094,1338182,3554299,554224,2023146,410936,1595362,0,1793309,1237351,698308
472010,472542,Auto,7776.0,2310756,811430,1791479,566094,1338182,3554299,554224,2023146,410936,1595362,0,1793309,1237351,698308
471233,472653,The Forbidden Chakra,0.0,2310756,811430,1791479,566094,1338182,3554299,554224,2023146,410936,1595362,0,1793309,1237351,698308
471943,473543,Demolish,41686.0,2310756,853116,1791479,566094,1338182,3554299,554224,2023146,410936,1595362,0,1793309,1237351,698308
473030,473562,Auto,7776.0,2318532,853116,1791479,566094,1338182,3554299,554224,2023146,410936,1595362,0,1793309,1237351,698308
472593,474013,The Forbidden Chakra,2270.0,2318532,853116,1791479,566094,1338182,3554299,554224,2023146,410936,1595362,0,1795579,1237351,698308
474050,474582,Auto,7776.0,2326308,853116,1791479,566094,1338182,3554299,554224,2023146,410936,1595362,0,1795579,1237351,698308
473173,474593,The Forbidden Chakra,0.0,2326308,853116,1791479,566094,1338182,3554299,554224,2023146,410936,1595362,0,1795579,1237351,698308
473883,475173,Dragon Kick,31758.0,2326308,853116,1823237,566094,1338182,3554299,554224,2023146,410936,1595362,0,1795579,1237351,698308
475070,475602,Auto,7776.0,2334084,853116,1823237,566094,1338182,3554299,554224,2023146,410936,1595362,0,1795579,1237351,698308
474533,475953,The Forbidden Chakra,2199.0,2334084,853116,1823237,566094,1338182,3554299,554224,2023146,410936,1595362,0,1797778,1237351,698308
475113,476533,The Forbidden Chakra,0.0,2334084,853116,1823237,566094,1338182,3554299,554224,2023146,410936,1595362,0,1797778,1237351,698308
476090,476622,Auto,7776.0,2341860,853116,1823237,566094,1338182,3554299,554224,2023146,410936,1595362,0,1797778,1237351,698308
475823,476663,Twin Snakes,41686.0,2341860,853116,1823237,566094,1338182,3554299,554224,2023146,410936,1595362,0,1797778,1279037,698308
477110,477642,Auto,7776.0,2349636,853116,1823237,566094,1338182,3554299,554224,2023146,410936,1595362,0,1797778,1279037,698308
476443,477863,The Forbidden Chakra,2223.0,2349636,853116,1823237,566094,1338182,3554299,554224,2023146,410936,1595362,0,1800001,1279037,698308
477093,478513,The Forbidden Chakra,0.0,2349636,853116,1823237,566094,1338182,3554299,554224,2023146,410936,1595362,0,1800001,1279037,698308
478130,478662,Auto,7776.0,2357412,853116,1823237,566094,1338182,3554299,554224,2023146,410936,1595362,0,1800001,1279037,698308
477763,478783,Pouncing Coeurl,51611.0,2357412,853116,1823237,566094,1338182,3554299,554224,2074757,410936,1595362,0,1800001,1279037,698308
479150,479682,Auto,7776.0,2365188,853116,1823237,566094,1338182,3554299,554224,2074757,410936,1595362,0,1800001,1279037,698308
478413,479833,The Forbidden Chakra,2183.0,2365188,853116,1823237,566094,1338182,3554299,554224,2074757,410936,1595362,0,1802184,1279037,698308
479703,480323,Leaping Opo,63271.0,2365188,853116,1823237,566094,1338182,3617570,554224,2074757,410936,1595362,0,1802184,1279037,698308
478993,480413,The Forbidden Chakra,0.0,2365188,853116,1823237,566094,1338182,3617570,554224,2074757,410936,1595362,0,1802184,1279037,698308
481190,481722,Auto,7776.0,2372964,853116,1823237,566094,1338182,3617570,554224,2074757,410936,1595362,0,1802184,1279037,698308
480353,481773,The Forbidden Chakra,8127.0,2372964,853116,1823237,566094,1338182,3617570,554224,2074757,410936,1595362,0,1810311,1279037,698308
480933,482353,The Forbidden Chakra,0.0,2372964,853116,1823237,566094,1338182,3617570,554224,2074757,410936,1595362,0,1810311,1279037,698308
481643,482533,Rising Raptor,53598.0,2372964,853116,1823237,566094,1338182,3617570,554224,2074757,410936,1648960,0,1810311,1279037,698308
482293,483713,The Forbidden Chakra,2235.0,2372964,853116,1823237,566094,1338182,3617570,554224,2074757,410936,1648960,0,1812546,1279037,698308
483230,483762,Auto,7776.0,2380740,853116,1823237,566094,1338182,3617570,554224,2074757,410936,1648960,0,1812546,1279037,698308
482873,484293,The Forbidden Chakra,0.0,2380740,853116,1823237,566094,1338182,3617570,554224,2074757,410936,1648960,0,1812546,1279037,698308
483583,484603,Pouncing Coeurl,51611.0,2380740,853116,1823237,566094,1338182,3617570,554224,2126368,410936,1648960,0,1812546,1279037,698308
485270,485802,Auto,7776.0,2388516,853116,1823237,566094,1338182,3617570,554224,2126368,410936,1648960,0,1812546,1279037,698308
484853,486273,The Forbidden Chakra,2159.0,2388516,853116,1823237,566094,1338182,3617570,554224,2126368,410936,1648960,0,1814705,1279037,698308
485524,486814,Dragon Kick,31758.0,2388516,853116,1854995,566094,1338182,3617570,554224,2126368,410936,1648960,0,1814705,1279037,698308
487310,487842,Auto,9389.0,2397905,853116,1854995,566094,1338182,3617570,554224,2126368,410936,1648960,0,1814705,1279037,698308
487464,488084,Leaping Opo,76399.0,2397905,853116,1854995,566094,1338182,3693969,554224,2126368,410936,1648960,0,1814705,1279037,698308
488114,489534,The Forbidden Chakra,29233.0,2397905,853116,1854995,566094,1338182,3693969,554224,2126368,410936,1648960,0,1843938,1279037,698308
489350,489882,Auto,9389.0,2407294,853116,1854995,566094,1338182,3693969,554224,2126368,410936,1648960,0,1843938,1279037,698308
488694,490114,The Forbidden Chakra,3753.0,2407294,853116,1854995,566094,1338182,3693969,554224,2126368,410936,1648960,0,1847691,1279037,698308
489404,490694,Dragon Kick,38348.0,2407294,853116,1893343,566094,1338182,3693969,554224,2126368,410936,1648960,0,1847691,1279037,698308
490054,491474,The Forbidden Chakra,10311.0,2407294,853116,1893343,566094,1338182,3693969,554224,2126368,410936,1648960,0,1858002,1279037,698308
491344,491744,Phantom Rush,179790.0,2407294,853116,1893343,566094,1338182,3693969,734014,2126368,410936,1648960,0,1858002,1279037,698308
491390,491922,Auto,9389.0,2416683,853116,1893343,566094,1338182,3693969,734014,2126368,410936,1648960,0,1858002,1279037,698308
490634,492054,The Forbidden Chakra,4079.0,2416683,853116,1893343,566094,1338182,3693969,734014,2126368,410936,1648960,0,1862081,1279037,698308
491964,493384,The Forbidden Chakra,29190.0,2416683,853116,1893343,566094,1338182,3693969,734014,2126368,410936,1648960,0,1891271,1279037,698308
493284,493904,Leaping Opo,76399.0,2416683,853116,1893343,566094,1338182,3770368,734014,2126368,410936,1648960,0,1891271,1279037,698308
493430,493962,Auto,9389.0,2426072,853116,1893343,566094,1338182,3770368,734014,2126368,410936,1648960,0,1891271,1279037,698308
492614,494034,The Forbidden Chakra,3950.0,2426072,853116,1893343,566094,1338182,3770368,734014,2126368,410936,1648960,0,1895221,1279037,698308
493934,495354,The Forbidden Chakra,28749.0,2426072,853116,1893343,566094,1338182,3770368,734014,2126368,410936,1648960,0,1923970,1279037,698308
494514,495934,The Forbidden Chakra,5556.0,2426072,853116,1893343,566094,1338182,3770368,734014,2126368,410936,1648960,0,1929526,1279037,698308
495470,496002,Auto,9389.0,2435461,853116,1893343,566094,1338182,3770368,734014,2126368,410936,1648960,0,1929526,1279037,698308
495224,496644,Fire's Reply,167802.0,2435461,853116,1893343,566094,1505984,3770368,734014,2126368,410936,1648960,0,1929526,1279037,698308
495844,497264,The Forbidden Chakra,8394.0,2435461,853116,1893343,566094,1505984,3770368,734014,2126368,410936,1648960,0,1937920,1279037,698308
496494,497914,The Forbidden Chakra,0.0,2435461,853116,1893343,566094,1505984,3770368,734014,2126368,410936,1648960,0,1937920,1279037,698308
497510,498042,Auto,9389.0,2444850,853116,1893343,566094,1505984,3770368,734014,2126368,410936,1648960,0,1937920,1279037,698308
497164,498454,Dragon Kick,38348.0,2444850,853116,1931691,566094,1505984,3770368,734014,2126368,410936,1648960,0,1937920,1279037,698308
499104,499724,Leaping Opo,76399.0,2444850,853116,1931691,566094,1505984,3846767,734014,2126368,410936,1648960,0,1937920,1279037,698308
498434,499854,The Forbidden Chakra,25786.0,2444850,853116,1931691,566094,1505984,3846767,734014,2126368,410936,1648960,0,1963706,1279037,698308
499550,500082,Auto,9389.0,2454239,853116,1931691,566094,1505984,3846767,734014,2126368,410936,1648960,0,1963706,1279037,698308
499754,501174,The Forbidden Chakra,36036.0,2454239,853116,1931691,566094,1505984,3846767,734014,2126368,410936,1648960,0,1999742,1279037,698308
500334,501754,The Forbidden Chakra,6145.0,2454239,853116,1931691,566094,1505984,3846767,734014,2126368,410936,1648960,0,2005887,1279037,698308
501590,502122,Auto,9389.0,2463628,853116,1931691,566094,1505984,3846767,734014,2126368,410936,1648960,0,2005887,1279037,698308
501044,502334,Dragon Kick,38348.0,2463628,853116,1970039,566094,1505984,3846767,734014,2126368,410936,1648960,0,2005887,1279037,698308
501664,503084,The Forbidden Chakra,10273.0,2463628,853116,1970039,566094,1505984,3846767,734014,2126368,410936,1648960,0,2016160,1279037,698308
502984,503604,Leaping Opo,76399.0,2463628,853116,1970039,566094,1505984,3923166,734014,2126368,410936,1648960,0,2016160,1279037,698308
502314,503734,The Forbidden Chakra,3739.0,2463628,853116,1970039,566094,1505984,3923166,734014,2126368,410936,1648960,0,2019899,1279037,698308
503630,504162,Auto,9389.0,2473017,853116,1970039,566094,1505984,3923166,734014,2126368,410936,1648960,0,2019899,1279037,698308
503634,505054,The Forbidden Chakra,36112.0,2473017,853116,1970039,566094,1505984,3923166,734014,2126368,410936,1648960,0,2056011,1279037,698308
504214,505634,The Forbidden Chakra,4266.0,2473017,853116,1970039,566094,1505984,3923166,734014,2126368,410936,1648960,0,2060277,1279037,698308
505670,506202,Auto,9389.0,2482406,853116,1970039,566094,1505984,3923166,734014,2126368,410936,1648960,0,2060277,1279037,698308
504924,506344,Elixir Burst,107871.0,2482406,853116,1970039,673965,1505984,3923166,734014,2126368,410936,1648960,0,2060277,1279037,698308
505574,506994,The Forbidden Chakra,6888.0,2482406,853116,1970039,673965,1505984,3923166,734014,2126368,410936,1648960,0,2067165,1279037,698308
506154,507574,The Forbidden Chakra,5652.0,2482406,853116,1970039,673965,1505984,3923166,734014,2126368,410936,1648960,0,2072817,1279037,698308
506865,508155,Dragon Kick,38348.0,2482406,853116,2008387,673965,1505984,3923166,734014,2126368,410936,1648960,0,2072817,1279037,698308
507710,508242,Auto,7776.0,2490182,853116,2008387,673965,1505984,3923166,734014,2126368,410936,1648960,0,2072817,1279037,698308
507485,508905,The Forbidden Chakra,14924.0,2490182,853116,2008387,673965,1505984,3923166,734014,2126368,410936,1648960,0,2087741,1279037,698308
508135,509555,The Forbidden Chakra,0.0,2490182,853116,2008387,673965,1505984,3923166,734014,2126368,410936,1648960,0,2087741,1279037,698308
508805,509645,Twin Snakes,41686.0,2490182,853116,2008387,673965,1505984,3923166,734014,2126368,410936,1648960,0,2087741,1320723,698308
509750,510282,Auto,7776.0,2497958,853116,2008387,673965,1505984,3923166,734014,2126368,410936,1648960,0,2087741,1320723,698308
509455,510875,The Forbidden Chakra,2290.0,2497958,853116,2008387,673965,1505984,3923166,734014,2126368,410936,1648960,0,2090031,1320723,698308
510035,511455,The Forbidden Chakra,0.0,2497958,853116,2008387,673965,1505984,3923166,734014,2126368,410936,1648960,0,2090031,1320723,698308
511790,512322,Auto,7776.0,2505734,853116,2008387,673965,1505984,3923166,734014,2126368,410936,1648960,0,2090031,1320723,698308
510745,512345,Demolish,41686.0,2505734,894802,2008387,673965,1505984,3923166,734014,2126368,410936,1648960,0,2090031,1320723,698308
511395,512815,The Forbidden Chakra,2259.0,2505734,894802,2008387,673965,1505984,3923166,734014,2126368,410936,1648960,0,2092290,1320723,698308
512684,513304,Leaping Opo,63271.0,2505734,894802,2008387,673965,1505984,3986437,734014,2126368,410936,1648960,0,2092290,1320723,698308
511975,513395,The Forbidden Chakra,0.0,2505734,894802,2008387,673965,1505984,3986437,734014,2126368,410936,1648960,0,2092290,1320723,698308
513830,514362,Auto,7776.0,2513510,894802,2008387,673965,1505984,3986437,734014,2126368,410936,1648960,0,2092290,1320723,698308
513334,514754,The Forbidden Chakra,7523.0,2513510,894802,2008387,673965,1505984,3986437,734014,2126368,410936,1648960,0,2099813,1320723,698308
513914,515334,The Forbidden Chakra,0.0,2513510,894802,2008387,673965,1505984,3986437,734014,2126368,410936,1648960,0,2099813,1320723,698308
514625,515515,Rising Raptor,53598.0,2513510,894802,2008387,673965,1505984,3986437,734014,2126368,410936,1702558,0,2099813,1320723,698308
515870,516402,Auto,7776.0,2521286,894802,2008387,673965,1505984,3986437,734014,2126368,410936,1702558,0,2099813,1320723,698308
515275,516695,The Forbidden Chakra,1854.0,2521286,894802,2008387,673965,1505984,3986437,734014,2126368,410936,1702558,0,2101667,1320723,698308
515855,517275,The Forbidden Chakra,0.0,2521286,894802,2008387,673965,1505984,3986437,734014,2126368,410936,1702558,0,2101667,1320723,698308
516565,517585,Pouncing Coeurl,51611.0,2521286,894802,2008387,673965,1505984,3986437,734014,2177979,410936,1702558,0,2101667,1320723,698308
517910,518442,Auto,7776.0,2529062,894802,2008387,673965,1505984,3986437,734014,2177979,410936,1702558,0,2101667,1320723,698308
517215,518635,The Forbidden Chakra,1850.0,2529062,894802,2008387,673965,1505984,3986437,734014,2177979,410936,1702558,0,2103517,1320723,698308
517795,519215,The Forbidden Chakra,0.0,2529062,894802,2008387,673965,1505984,3986437,734014,2177979,410936,1702558,0,2103517,1320723,698308
518505,519795,Dragon Kick,31758.0,2529062,894802,2040145,673965,1505984,3986437,734014,2177979,410936,1702558,0,2103517,1320723,698308
519950,520482,Auto,7776.0,2536838,894802,2040145,673965,1505984,3986437,734014,2177979,410936,1702558,0,2103517,1320723,698308
519155,520575,The Forbidden Chakra,1790.0,2536838,894802,2040145,673965,1505984,3986437,734014,2177979,410936,1702558,0,2105307,1320723,698308
519735,521155,The Forbidden Chakra,0.0,2536838,894802,2040145,673965,1505984,3986437,734014,2177979,410936,1702558,0,2105307,1320723,698308
520445,521285,Twin Snakes,41686.0,2536838,894802,2040145,673965,1505984,3986437,734014,2177979,410936,1702558,0,2105307,1362409,698308
521095,522515,The Forbidden Chakra,1905.0,2536838,894802,2040145,673965,1505984,3986437,734014,2177979,410936,1702558,0,2107212,1362409,698308
521990,522522,Auto,7776.0,2544614,894802,2040145,673965,1505984,3986437,734014,2177979,410936,1702558,0,2107212,1362409,698308
521675,523095,The Forbidden Chakra,0.0,2544614,894802,2040145,673965,1505984,3986437,734014,2177979,410936,1702558,0,2107212,1362409,698308
522385,523405,Pouncing Coeurl,51611.0,2544614,894802,2040145,673965,1505984,3986437,734014,2229590,410936,1702558,0,2107212,1362409,698308
523035,524455,The Forbidden Chakra,1929.0,2544614,894802,2040145,673965,1505984,3986437,734014,2229590,410936,1702558,0,2109141,1362409,698308
524030,524562,Auto,7776.0,2552390,894802,2040145,673965,1505984,3986437,734014,2229590,410936,1702558,0,2109141,1362409,698308
524325,524945,Leaping Opo,63271.0,2552390,894802,2040145,673965,1505984,4049708,734014,2229590,410936,1702558,0,2109141,1362409,698308
523615,525035,The Forbidden Chakra,0.0,2552390,894802,2040145,673965,1505984,4049708,734014,2229590,410936,1702558,0,2109141,1362409,698308
524945,526365,The Forbidden Chakra,7233.0,2552390,894802,2040145,673965,1505984,4049708,734014,2229590,410936,1702558,0,2116374,1362409,698308
526070,526602,Auto,7776.0,2560166,894802,2040145,673965,1505984,4049708,734014,2229590,410936,1702558,0,2116374,1362409,698308
525595,527015,The Forbidden Chakra,0.0,2560166,894802,2040145,673965,1505984,4049708,734014,2229590,410936,1702558,0,2116374,1362409,698308
526265,527155,Rising Raptor,53598.0,2560166,894802,2040145,673965,1505984,4049708,734014,2229590,410936,1756156,0,2116374,1362409,698308
526915,528335,The Forbidden Chakra,2191.0,2560166,894802,2040145,673965,1505984,4049708,734014,2229590,410936,1756156,0,2118565,1362409,698308
528110,528642,Auto,7776.0,2567942,894802,2040145,673965,1505984,4049708,734014,2229590,410936,1756156,0,2118565,1362409,698308
527495,528915,The Forbidden Chakra,0.0,2567942,894802,2040145,673965,1505984,4049708,734014,2229590,410936,1756156,0,2118565,1362409,698308
528206,529806,Demolish,41686.0,2567942,936488,2040145,673965,1505984,4049708,734014,2229590,410936,1756156,0,2118565,1362409,698308
528856,530276,The Forbidden Chakra,2350.0,2567942,936488,2040145,673965,1505984,4049708,734014,2229590,410936,1756156,0,2120915,1362409,698308
530150,530682,Auto,7776.0,2575718,936488,2040145,673965,1505984,4049708,734014,2229590,410936,1756156,0,2120915,1362409,698308
529436,530856,The Forbidden Chakra,0.0,2575718,936488,2040145,673965,1505984,4049708,734014,2229590,410936,1756156,0,2120915,1362409,698308
530146,531436,Dragon Kick,31758.0,2575718,936488,2071903,673965,1505984,4049708,734014,2229590,410936,1756156,0,2120915,1362409,698308
530796,532216,The Forbidden Chakra,2374.0,2575718,936488,2071903,673965,1505984,4049708,734014,2229590,410936,1756156,0,2123289,1362409,698308
532190,532722,Auto,7776.0,2583494,936488,2071903,673965,1505984,4049708,734014,2229590,410936,1756156,0,2123289,1362409,698308
531376,532796,The Forbidden Chakra,0.0,2583494,936488,2071903,673965,1505984,4049708,734014,2229590,410936,1756156,0,2123289,1362409,698308
532086,532926,Twin Snakes,41686.0,2583494,936488,2071903,673965,1505984,4049708,734014,2229590,410936,1756156,0,2123289,1404095,698308
532736,534156,The Forbidden Chakra,2437.0,2583494,936488,2071903,673965,1505984,4049708,734014,2229590,410936,1756156,0,2125726,1404095,698308
533316,534736,The Forbidden Chakra,0.0,2583494,936488,2071903,673965,1505984,4049708,734014,2229590,410936,1756156,0,2125726,1404095,698308
534230,534762,Auto,7776.0,2591270,936488,2071903,673965,1505984,4049708,734014,2229590,410936,1756156,0,2125726,1404095,698308
534026,535046,Pouncing Coeurl,51611.0,2591270,936488,2071903,673965,1505984,4049708,734014,2281201,410936,1756156,0,2125726,1404095,698308
534676,536096,The Forbidden Chakra,2378.0,2591270,936488,2071903,673965,1505984,4049708,734014,2281201,410936,1756156,0,2128104,1404095,698308
535966,536586,Leaping Opo,63271.0,2591270,936488,2071903,673965,1505984,4112979,734014,2281201,410936,1756156,0,2128104,1404095,698308
535256,536676,The Forbidden Chakra,0.0,2591270,936488,2071903,673965,1505984,4112979,734014,2281201,410936,1756156,0,2128104,1404095,698308
536270,536802,Auto,7776.0,2599046,936488,2071903,673965,1505984,4112979,734014,2281201,410936,1756156,0,2128104,1404095,698308
536616,538036,The Forbidden Chakra,8468.0,2599046,936488,2071903,673965,1505984,4112979,734014,2281201,410936,1756156,0,2136572,1404095,698308
537196,538616,The Forbidden Chakra,0.0,2599046,936488,2071903,673965,1505984,4112979,734014,2281201,410936,1756156,0,2136572,1404095,698308
537906,538796,Rising Raptor,53598.0,2599046,936488,2071903,673965,1505984,4112979,734014,2281201,410936,1809754,0,2136572,1404095,698308
538310,538842,Auto,7776.0,2606822,936488,2071903,673965,1505984,4112979,734014,2281201,410936,1809754,0,2136572,1404095,698308
538526,539946,The Forbidden Chakra,2135.0,2606822,936488,2071903,673965,1505984,4112979,734014,2281201,410936,1809754,0,2138707,1404095,698308
539176,540596,The Forbidden Chakra,0.0,2606822,936488,2071903,673965,1505984,4112979,734014,2281201,410936,1809754,0,2138707,1404095,698308
539846,540866,Pouncing Coeurl,51611.0,2606822,936488,2071903,673965,1505984,4112979,734014,2332812,410936,1809754,0,2138707,1404095,698308
540350,540882,Auto,7776.0,2614598,936488,2071903,673965,1505984,4112979,734014,2332812,410936,1809754,0,2138707,1404095,698308
540496,541916,The Forbidden Chakra,2151.0,2614598,936488,2071903,673965,1505984,4112979,734014,2332812,410936,1809754,0,2140858,1404095,698308
541076,542496,The Forbidden Chakra,0.0,2614598,936488,2071903,673965,1505984,4112979,734014,2332812,410936,1809754,0,2140858,1404095,698308
542390,542922,Auto,7776.0,2622374,936488,2071903,673965,1505984,4112979,734014,2332812,410936,1809754,0,2140858,1404095,698308
541786,543076,Dragon Kick,31758.0,2622374,936488,2103661,673965,1505984,4112979,734014,2332812,410936,1809754,0,2140858,1404095,698308
542436,543856,The Forbidden Chakra,2199.0,2622374,936488,2103661,673965,1505984,4112979,734014,2332812,410936,1809754,0,2143057,1404095,698308
543016,544436,The Forbidden Chakra,0.0,2622374,936488,2103661,673965,1505984,4112979,734014,2332812,410936,1809754,0,2143057,1404095,698308
543726,544566,Twin Snakes,41686.0,2622374,936488,2103661,673965,1505984,4112979,734014,2332812,410936,1809754,0,2143057,1445781,698308
544430,544962,Auto,7776.0,2630150,936488,2103661,673965,1505984,4112979,734014,2332812,410936,1809754,0,2143057,1445781,698308
544376,545796,The Forbidden Chakra,2088.0,2630150,936488,2103661,673965,1505984,4112979,734014,2332812,410936,1809754,0,2145145,1445781,698308
544956,546376,The Forbidden Chakra,0.0,2630150,936488,2103661,673965,1505984,4112979,734014,2332812,410936,1809754,0,2145145,1445781,698308
546470,547002,Auto,7776.0,2637926,936488,2103661,673965,1505984,4112979,734014,2332812,410936,1809754,0,2145145,1445781,698308
545666,547266,Demolish,41686.0,2637926,978174,2103661,673965,1505984,4112979,734014,2332812,410936,1809754,0,2145145,1445781,698308
547607,548227,Leaping Opo,72761.0,2637926,978174,2103661,673965,1505984,4185740,734014,2332812,410936,1809754,0,2145145,1445781,698308
548510,549042,Auto,8942.0,2646868,978174,2103661,673965,1505984,4185740,734014,2332812,410936,1809754,0,2145145,1445781,698308
548257,549677,The Forbidden Chakra,11172.0,2646868,978174,2103661,673965,1505984,4185740,734014,2332812,410936,1809754,0,2156317,1445781,698308
548837,550257,The Forbidden Chakra,0.0,2646868,978174,2103661,673965,1505984,4185740,734014,2332812,410936,1809754,0,2156317,1445781,698308
549547,550967,Fire's Reply,159811.0,2646868,978174,2103661,673965,1665795,4185740,734014,2332812,410936,1809754,0,2156317,1445781,698308
550550,551082,Auto,8942.0,2655810,978174,2103661,673965,1665795,4185740,734014,2332812,410936,1809754,0,2156317,1445781,698308
550197,551617,The Forbidden Chakra,2602.0,2655810,978174,2103661,673965,1665795,4185740,734014,2332812,410936,1809754,0,2158919,1445781,698308
550777,552197,The Forbidden Chakra,0.0,2655810,978174,2103661,673965,1665795,4185740,734014,2332812,410936,1809754,0,2158919,1445781,698308
551487,552777,Dragon Kick,36522.0,2655810,978174,2140183,673965,1665795,4185740,734014,2332812,410936,1809754,0,2158919,1445781,698308
552590,553122,Auto,8942.0,2664752,978174,2140183,673965,1665795,4185740,734014,2332812,410936,1809754,0,2158919,1445781,698308
553427,554047,Leaping Opo,72761.0,2664752,978174,2140183,673965,1665795,4258501,734014,2332812,410936,1809754,0,2158919,1445781,698308
552757,554177,The Forbidden Chakra,2593.0,2664752,978174,2140183,673965,1665795,4258501,734014,2332812,410936,1809754,0,2161512,1445781,698308
554630,555162,Auto,8942.0,2673694,978174,2140183,673965,1665795,4258501,734014,2332812,410936,1809754,0,2161512,1445781,698308
554697,556117,The Forbidden Chakra,9199.0,2673694,978174,2140183,673965,1665795,4258501,734014,2332812,410936,1809754,0,2170711,1445781,698308
555650,556182,Auto,8942.0,2682636,978174,2140183,673965,1665795,4258501,734014,2332812,410936,1809754,0,2170711,1445781,698308
555367,556567,Wind's Reply,118714.0,2682636,978174,2140183,673965,1665795,4258501,734014,2332812,410936,1809754,0,2170711,1445781,817022
556670,557202,Auto,8942.0,2691578,978174,2140183,673965,1665795,4258501,734014,2332812,410936,1809754,0,2170711,1445781,817022
556017,557437,The Forbidden Chakra,2616.0,2691578,978174,2140183,673965,1665795,4258501,734014,2332812,410936,1809754,0,2173327,1445781,817022
556597,558017,The Forbidden Chakra,0.0,2691578,978174,2140183,673965,1665795,4258501,734014,2332812,410936,1809754,0,2173327,1445781,817022
557307,558197,Rising Raptor,61638.0,2691578,978174,2140183,673965,1665795,4258501,734014,2332812,410936,1871392,0,2173327,1445781,817022
557690,558222,Auto,8942.0,2700520,978174,2140183,673965,1665795,4258501,734014,2332812,410936,1871392,0,2173327,1445781,817022
558710,559242,Auto,8942.0,2709462,978174,2140183,673965,1665795,4258501,734014,2332812,410936,1871392,0,2173327,1445781,817022
557957,559377,The Forbidden Chakra,2438.0,2709462,978174,2140183,673965,1665795,4258501,734014,2332812,410936,1871392,0,2175765,1445781,817022
558537,559957,The Forbidden Chakra,0.0,2709462,978174,2140183,673965,1665795,4258501,734014,2332812,410936,1871392,0,2175765,1445781,817022
559730,560262,Auto,8942.0,2718404,978174,2140183,673965,1665795,4258501,734014,2332812,410936,1871392,0,2175765,1445781,817022
559247,560267,Pouncing Coeurl,59352.0,2718404,978174,2140183,673965,1665795,4258501,734014,2392164,410936,1871392,0,2175765,1445781,817022
560750,561282,Auto,8942.0,2727346,978174,2140183,673965,1665795,4258501,734014,2392164,410936,1871392,0,2175765,1445781,817022
559897,561317,The Forbidden Chakra,2515.0,2727346,978174,2140183,673965,1665795,4258501,734014,2392164,410936,1871392,0,2178280,1445781,817022
560477,561897,The Forbidden Chakra,0.0,2727346,978174,2140183,673965,1665795,4258501,734014,2392164,410936,1871392,0,2178280,1445781,817022
561187,561947,Rising Phoenix,102734.0,2727346,978174,2140183,673965,1665795,4258501,734014,2392164,513670,1871392,0,2178280,1445781,817022
561770,562302,Auto,8942.0,2736288,978174,2140183,673965,1665795,4258501,734014,2392164,513670,1871392,0,2178280,1445781,817022
561837,563257,The Forbidden Chakra,2629.0,2736288,978174,2140183,673965,1665795,4258501,734014,2392164,513670,1871392,0,2180909,1445781,817022
562790,563322,Auto,8942.0,2745230,978174,2140183,673965,1665795,4258501,734014,2392164,513670,1871392,0,2180909,1445781,817022
562417,563837,The Forbidden Chakra,0.0,2745230,978174,2140183,673965,1665795,4258501,734014,2392164,513670,1871392,0,2180909,1445781,817022
563810,564342,Auto,8942.0,2754172,978174,2140183,673965,1665795,4258501,734014,2392164,513670,1871392,0,2180909,1445781,817022
563127,564417,Dragon Kick,36522.0,2754172,978174,2176705,673965,1665795,4258501,734014,2392164,513670,1871392,0,2180909,1445781,817022
563777,565197,The Forbidden Chakra,2442.0,2754172,978174,2176705,673965,1665795,4258501,734014,2392164,513670,1871392,0,2183351,1445781,817022
564830,565362,Auto,8942.0,2763114,978174,2176705,673965,1665795,4258501,734014,2392164,513670,1871392,0,2183351,1445781,817022
564357,565777,The Forbidden Chakra,0.0,2763114,978174,2176705,673965,1665795,4258501,734014,2392164,513670,1871392,0,2183351,1445781,817022
565067,565907,Twin Snakes,47939.0,2763114,978174,2176705,673965,1665795,4258501,734014,2392164,513670,1871392,0,2183351,1493720,817022
565850,566382,Auto,8942.0,2772056,978174,2176705,673965,1665795,4258501,734014,2392164,513670,1871392,0,2183351,1493720,817022
565717,567137,The Forbidden Chakra,2497.0,2772056,978174,2176705,673965,1665795,4258501,734014,2392164,513670,1871392,0,2185848,1493720,817022
566870,567402,Auto,8942.0,2780998,978174,2176705,673965,1665795,4258501,734014,2392164,513670,1871392,0,2185848,1493720,817022
566297,567717,The Forbidden Chakra,0.0,2780998,978174,2176705,673965,1665795,4258501,734014,2392164,513670,1871392,0,2185848,1493720,817022
567007,568027,Pouncing Coeurl,59352.0,2780998,978174,2176705,673965,1665795,4258501,734014,2451516,513670,1871392,0,2185848,1493720,817022
567890,568422,Auto,7776.0,2788774,978174,2176705,673965,1665795,4258501,734014,2451516,513670,1871392,0,2185848,1493720,817022
567657,569077,The Forbidden Chakra,2171.0,2788774,978174,2176705,673965,1665795,4258501,734014,2451516,513670,1871392,0,2188019,1493720,817022
568910,569442,Auto,7776.0,2796550,978174,2176705,673965,1665795,4258501,734014,2451516,513670,1871392,0,2188019,1493720,817022
568948,569568,Leaping Opo,63271.0,2796550,978174,2176705,673965,1665795,4321772,734014,2451516,513670,1871392,0,2188019,1493720,817022
568237,569657,The Forbidden Chakra,0.0,2796550,978174,2176705,673965,1665795,4321772,734014,2451516,513670,1871392,0,2188019,1493720,817022
569930,570462,Auto,7776.0,2804326,978174,2176705,673965,1665795,4321772,734014,2451516,513670,1871392,0,2188019,1493720,817022
569598,571018,The Forbidden Chakra,7591.0,2804326,978174,2176705,673965,1665795,4321772,734014,2451516,513670,1871392,0,2195610,1493720,817022
570178,571598,The Forbidden Chakra,0.0,2804326,978174,2176705,673965,1665795,4321772,734014,2451516,513670,1871392,0,2195610,1493720,817022
570888,571778,Rising Raptor,53598.0,2804326,978174,2176705,673965,1665795,4321772,734014,2451516,513670,1924990,0,2195610,1493720,817022
571970,572502,Auto,7776.0,2812102,978174,2176705,673965,1665795,4321772,734014,2451516,513670,1924990,0,2195610,1493720,817022
571538,572958,The Forbidden Chakra,2199.0,2812102,978174,2176705,673965,1665795,4321772,734014,2451516,513670,1924990,0,2197809,1493720,817022
572118,573538,The Forbidden Chakra,0.0,2812102,978174,2176705,673965,1665795,4321772,734014,2451516,513670,1924990,0,2197809,1493720,817022
572828,574428,Demolish,41686.0,2812102,1019860,2176705,673965,1665795,4321772,734014,2451516,513670,1924990,0,2197809,1493720,817022
574010,574542,Auto,7776.0,2819878,1019860,2176705,673965,1665795,4321772,734014,2451516,513670,1924990,0,2197809,1493720,817022
573478,574898,The Forbidden Chakra,2167.0,2819878,1019860,2176705,673965,1665795,4321772,734014,2451516,513670,1924990,0,2199976,1493720,817022
574058,575478,The Forbidden Chakra,0.0,2819878,1019860,2176705,673965,1665795,4321772,734014,2451516,513670,1924990,0,2199976,1493720,817022
574768,576058,Dragon Kick,31758.0,2819878,1019860,2208463,673965,1665795,4321772,734014,2451516,513670,1924990,0,2199976,1493720,817022
576050,576582,Auto,7776.0,2827654,1019860,2208463,673965,1665795,4321772,734014,2451516,513670,1924990,0,2199976,1493720,817022
575388,576808,The Forbidden Chakra,2394.0,2827654,1019860,2208463,673965,1665795,4321772,734014,2451516,513670,1924990,0,2202370,1493720,817022
576038,577458,The Forbidden Chakra,0.0,2827654,1019860,2208463,673965,1665795,4321772,734014,2451516,513670,1924990,0,2202370,1493720,817022
576708,577548,Twin Snakes,41686.0,2827654,1019860,2208463,673965,1665795,4321772,734014,2451516,513670,1924990,0,2202370,1535406,817022
578090,578622,Auto,7776.0,2835430,1019860,2208463,673965,1665795,4321772,734014,2451516,513670,1924990,0,2202370,1535406,817022
577358,578778,The Forbidden Chakra,2143.0,2835430,1019860,2208463,673965,1665795,4321772,734014,2451516,513670,1924990,0,2204513,1535406,817022
577938,579358,The Forbidden Chakra,0.0,2835430,1019860,2208463,673965,1665795,4321772,734014,2451516,513670,1924990,0,2204513,1535406,817022
578648,579668,Pouncing Coeurl,51611.0,2835430,1019860,2208463,673965,1665795,4321772,734014,2503127,513670,1924990,0,2204513,1535406,817022
580130,580662,Auto,7776.0,2843206,1019860,2208463,673965,1665795,4321772,734014,2503127,513670,1924990,0,2204513,1535406,817022
579298,580718,The Forbidden Chakra,1993.0,2843206,1019860,2208463,673965,1665795,4321772,734014,2503127,513670,1924990,0,2206506,1535406,817022
580588,581208,Leaping Opo,63271.0,2843206,1019860,2208463,673965,1665795,4385043,734014,2503127,513670,1924990,0,2206506,1535406,817022
579878,581298,The Forbidden Chakra,0.0,2843206,1019860,2208463,673965,1665795,4385043,734014,2503127,513670,1924990,0,2206506,1535406,817022
581238,582658,The Forbidden Chakra,8182.0,2843206,1019860,2208463,673965,1665795,4385043,734014,2503127,513670,1924990,0,2214688,1535406,817022
582170,582702,Auto,7776.0,2850982,1019860,2208463,673965,1665795,4385043,734014,2503127,513670,1924990,0,2214688,1535406,817022
581818,583238,The Forbidden Chakra,0.0,2850982,1019860,2208463,673965,1665795,4385043,734014,2503127,513670,1924990,0,2214688,1535406,817022
582528,583418,Rising Raptor,53598.0,2850982,1019860,2208463,673965,1665795,4385043,734014,2503127,513670,1978588,0,2214688,1535406,817022
583178,584598,The Forbidden Chakra,2278.0,2850982,1019860,2208463,673965,1665795,4385043,734014,2503127,513670,1978588,0,2216966,1535406,817022
584210,584742,Auto,7776.0,2858758,1019860,2208463,673965,1665795,4385043,734014,2503127,513670,1978588,0,2216966,1535406,817022
583758,585178,The Forbidden Chakra,0.0,2858758,1019860,2208463,673965,1665795,4385043,734014,2503127,513670,1978588,0,2216966,1535406,817022
584468,585488,Pouncing Coeurl,51611.0,2858758,1019860,2208463,673965,1665795,4385043,734014,2554738,513670,1978588,0,2216966,1535406,817022
585118,586538,The Forbidden Chakra,2120.0,2858758,1019860,2208463,673965,1665795,4385043,734014,2554738,513670,1978588,0,2219086,1535406,817022
586250,586782,Auto,7776.0,2866534,1019860,2208463,673965,1665795,4385043,734014,2554738,513670,1978588,0,2219086,1535406,817022
585698,587118,The Forbidden Chakra,0.0,2866534,1019860,2208463,673965,1665795,4385043,734014,2554738,513670,1978588,0,2219086,1535406,817022
586408,587698,Dragon Kick,31758.0,2866534,1019860,2240221,673965,1665795,4385043,734014,2554738,513670,1978588,0,2219086,1535406,817022
587058,588478,The Forbidden Chakra,2398.0,2866534,1019860,2240221,673965,1665795,4385043,734014,2554738,513670,1978588,0,2221484,1535406,817022
588290,588822,Auto,7776.0,2874310,1019860,2240221,673965,1665795,4385043,734014,2554738,513670,1978588,0,2221484,1535406,817022
587638,589058,The Forbidden Chakra,0.0,2874310,1019860,2240221,673965,1665795,4385043,734014,2554738,513670,1978588,0,2221484,1535406,817022
588348,589188,Twin Snakes,41686.0,2874310,1019860,2240221,673965,1665795,4385043,734014,2554738,513670,1978588,0,2221484,1577092,817022
588998,590418,The Forbidden Chakra,2314.0,2874310,1019860,2240221,673965,1665795,4385043,734014,2554738,513670,1978588,0,2223798,1577092,817022
590330,590862,Auto,7776.0,2882086,1019860,2240221,673965,1665795,4385043,734014,2554738,513670,1978588,0,2223798,1577092,817022
589578,590998,The Forbidden Chakra,0.0,2882086,1019860,2240221,673965,1665795,4385043,734014,2554738,513670,1978588,0,2223798,1577092,817022
590289,591889,Demolish,41686.0,2882086,1061546,2240221,673965,1665795,4385043,734014,2554738,513670,1978588,0,2223798,1577092,817022
590939,592359,The Forbidden Chakra,2124.0,2882086,1061546,2240221,673965,1665795,4385043,734014,2554738,513670,1978588,0,2225922,1577092,817022
592229,592849,Leaping Opo,63271.0,2882086,1061546,2240221,673965,1665795,4448314,734014,2554738,513670,1978588,0,2225922,1577092,817022
592370,592902,Auto,7776.0,2889862,1061546,2240221,673965,1665795,4448314,734014,2554738,513670,1978588,0,2225922,1577092,817022
591519,592939,The Forbidden Chakra,0.0,2889862,1061546,2240221,673965,1665795,4448314,734014,2554738,513670,1978588,0,2225922,1577092,817022
592879,594299,The Forbidden Chakra,7944.0,2889862,1061546,2240221,673965,1665795,4448314,734014,2554738,513670,1978588,0,2233866,1577092,817022
593459,594879,The Forbidden Chakra,0.0,2889862,1061546,2240221,673965,1665795,4448314,734014,2554738,513670,1978588,0,2233866,1577092,817022
594410,594942,Auto,7776.0,2897638,1061546,2240221,673965,1665795,4448314,734014,2554738,513670,1978588,0,2233866,1577092,817022
594169,595059,Rising Raptor,53598.0,2897638,1061546,2240221,673965,1665795,4448314,734014,2554738,513670,2032186,0,2233866,1577092,817022
594819,596239,The Forbidden Chakra,2199.0,2897638,1061546,2240221,673965,1665795,4448314,734014,2554738,513670,2032186,0,2236065,1577092,817022
595399,596819,The Forbidden Chakra,0.0,2897638,1061546,2240221,673965,1665795,4448314,734014,2554738,513670,2032186,0,2236065,1577092,817022
596450,596982,Auto,7776.0,2905414,1061546,2240221,673965,1665795,4448314,734014,2554738,513670,2032186,0,2236065,1577092,817022
596109,597129,Pouncing Coeurl,51611.0,2905414,1061546,2240221,673965,1665795,4448314,734014,2606349,513670,2032186,0,2236065,1577092,817022
596759,598179,The Forbidden Chakra,2278.0,2905414,1061546,2240221,673965,1665795,4448314,734014,2606349,513670,2032186,0,2238343,1577092,817022
597339,598759,The Forbidden Chakra,0.0,2905414,1061546,2240221,673965,1665795,4448314,734014,2606349,513670,2032186,0,2238343,1577092,817022
598490,599022,Auto,7776.0,2913190,1061546,2240221,673965,1665795,4448314,734014,2606349,513670,2032186,0,2238343,1577092,817022
598049,599339,Dragon Kick,31758.0,2913190,1061546,2271979,673965,1665795,4448314,734014,2606349,513670,2032186,0,2238343,1577092,817022
598699,600119,The Forbidden Chakra,2100.0,2913190,1061546,2271979,673965,1665795,4448314,734014,2606349,513670,2032186,0,2240443,1577092,817022
599279,600699,The Forbidden Chakra,0.0,2913190,1061546,2271979,673965,1665795,4448314,734014,2606349,513670,2032186,0,2240443,1577092,817022
599989,600829,Twin Snakes,41686.0,2913190,1061546,2271979,673965,1665795,4448314,734014,2606349,513670,2032186,0,2240443,1618778,817022
600530,601062,Auto,7776.0,2920966,1061546,2271979,673965,1665795,4448314,734014,2606349,513670,2032186,0,2240443,1618778,817022
600639,602059,The Forbidden Chakra,2124.0,2920966,1061546,2271979,673965,1665795,4448314,734014,2606349,513670,2032186,0,2242567,1618778,817022
601219,602639,The Forbidden Chakra,0.0,2920966,1061546,2271979,673965,1665795,4448314,734014,2606349,513670,2032186,0,2242567,1618778,817022
601929,602949,Pouncing Coeurl,51611.0,2920966,1061546,2271979,673965,1665795,4448314,734014,2657960,513670,2032186,0,2242567,1618778,817022
602570,603102,Auto,7776.0,2928742,1061546,2271979,673965,1665795,4448314,734014,2657960,513670,2032186,0,2242567,1618778,817022
602579,603999,The Forbidden Chakra,2263.0,2928742,1061546,2271979,673965,1665795,4448314,734014,2657960,513670,2032186,0,2244830,1618778,817022
603869,604489,Leaping Opo,63271.0,2928742,1061546,2271979,673965,1665795,4511585,734014,2657960,513670,2032186,0,2244830,1618778,817022
603159,604579,The Forbidden Chakra,0.0,2928742,1061546,2271979,673965,1665795,4511585,734014,2657960,513670,2032186,0,2244830,1618778,817022
604610,605142,Auto,7776.0,2936518,1061546,2271979,673965,1665795,4511585,734014,2657960,513670,2032186,0,2244830,1618778,817022
605139,606559,The Forbidden Chakra,7845.0,2936518,1061546,2271979,673965,1665795,4511585,734014,2657960,513670,2032186,0,2252675,1618778,817022
605809,607099,Dragon Kick,31758.0,2936518,1061546,2303737,673965,1665795,4511585,734014,2657960,513670,2032186,0,2252675,1618778,817022
606650,607182,Auto,7776.0,2944294,1061546,2303737,673965,1665795,4511585,734014,2657960,513670,2032186,0,2252675,1618778,817022
607749,608369,Leaping Opo,76399.0,2944294,1061546,2303737,673965,1665795,4587984,734014,2657960,513670,2032186,0,2252675,1618778,817022
608690,609222,Auto,9389.0,2953683,1061546,2303737,673965,1665795,4587984,734014,2657960,513670,2032186,0,2252675,1618778,817022
608369,609789,The Forbidden Chakra,23811.0,2953683,1061546,2303737,673965,1665795,4587984,734014,2657960,513670,2032186,0,2276486,1618778,817022
609019,610439,The Forbidden Chakra,7694.0,2953683,1061546,2303737,673965,1665795,4587984,734014,2657960,513670,2032186,0,2284180,1618778,817022
609690,610980,Dragon Kick,38348.0,2953683,1061546,2342085,673965,1665795,4587984,734014,2657960,513670,2032186,0,2284180,1618778,817022
610730,611262,Auto,9389.0,2963072,1061546,2342085,673965,1665795,4587984,734014,2657960,513670,2032186,0,2284180,1618778,817022
610340,611760,The Forbidden Chakra,14310.0,2963072,1061546,2342085,673965,1665795,4587984,734014,2657960,513670,2032186,0,2298490,1618778,817022
611630,612030,Phantom Rush,179790.0,2963072,1061546,2342085,673965,1665795,4587984,913804,2657960,513670,2032186,0,2298490,1618778,817022
610920,612340,The Forbidden Chakra,4.0,2963072,1061546,2342085,673965,1665795,4587984,913804,2657960,513670,2032186,0,2298494,1618778,817022
612770,613302,Auto,9389.0,2972461,1061546,2342085,673965,1665795,4587984,913804,2657960,513670,2032186,0,2298494,1618778,817022
612250,613670,The Forbidden Chakra,31064.0,2972461,1061546,2342085,673965,1665795,4587984,913804,2657960,513670,2032186,0,2329558,1618778,817022
613570,614190,Leaping Opo,76399.0,2972461,1061546,2342085,673965,1665795,4664383,913804,2657960,513670,2032186,0,2329558,1618778,817022
612900,614320,The Forbidden Chakra,4156.0,2972461,1061546,2342085,673965,1665795,4664383,913804,2657960,513670,2032186,0,2333714,1618778,817022
614810,615342,Auto,9389.0,2981850,1061546,2342085,673965,1665795,4664383,913804,2657960,513670,2032186,0,2333714,1618778,817022
614220,615640,The Forbidden Chakra,30652.0,2981850,1061546,2342085,673965,1665795,4664383,913804,2657960,513670,2032186,0,2364366,1618778,817022
614800,616220,The Forbidden Chakra,210.0,2981850,1061546,2342085,673965,1665795,4664383,913804,2657960,513670,2032186,0,2364576,1618778,817022
615510,616930,Fire's Reply,167802.0,2981850,1061546,2342085,673965,1833597,4664383,913804,2657960,513670,2032186,0,2364576,1618778,817022
616850,617382,Auto,9389.0,2991239,1061546,2342085,673965,1833597,4664383,913804,2657960,513670,2032186,0,2364576,1618778,817022
616130,617550,The Forbidden Chakra,12090.0,2991239,1061546,2342085,673965,1833597,4664383,913804,2657960,513670,2032186,0,2376666,1618778,817022
616780,618200,The Forbidden Chakra,2003.0,2991239,1061546,2342085,673965,1833597,4664383,913804,2657960,513670,2032186,0,2378669,1618778,817022
617450,618740,Dragon Kick,38348.0,2991239,1061546,2380433,673965,1833597,4664383,913804,2657960,513670,2032186,0,2378669,1618778,817022
618890,619422,Auto,9389.0,3000628,1061546,2380433,673965,1833597,4664383,913804,2657960,513670,2032186,0,2378669,1618778,817022
619390,620010,Leaping Opo,76399.0,3000628,1061546,2380433,673965,1833597,4740782,913804,2657960,513670,2032186,0,2378669,1618778,817022
618720,620140,The Forbidden Chakra,27105.0,3000628,1061546,2380433,673965,1833597,4740782,913804,2657960,513670,2032186,0,2405774,1618778,817022
620040,621460,The Forbidden Chakra,36554.0,3000628,1061546,2380433,673965,1833597,4740782,913804,2657960,513670,2032186,0,2442328,1618778,817022
620930,621462,Auto,9389.0,3010017,1061546,2380433,673965,1833597,4740782,913804,2657960,513670,2032186,0,2442328,1618778,817022
620620,622040,The Forbidden Chakra,340.0,3010017,1061546,2380433,673965,1833597,4740782,913804,2657960,513670,2032186,0,2442668,1618778,817022
621330,622620,Dragon Kick,38348.0,3010017,1061546,2418781,673965,1833597,4740782,913804,2657960,513670,2032186,0,2442668,1618778,817022
621950,623370,The Forbidden Chakra,12397.0,3010017,1061546,2418781,673965,1833597,4740782,913804,2657960,513670,2032186,0,2455065,1618778,817022
622970,623502,Auto,9389.0,3019406,1061546,2418781,673965,1833597,4740782,913804,2657960,513670,2032186,0,2455065,1618778,817022
623270,623890,Leaping Opo,76399.0,3019406,1061546,2418781,673965,1833597,4817181,913804,2657960,513670,2032186,0,2455065,1618778,817022
622600,624020,The Forbidden Chakra,0.0,3019406,1061546,2418781,673965,1833597,4817181,913804,2657960,513670,2032186,0,2455065,1618778,817022
623920,625340,The Forbidden Chakra,37800.0,3019406,1061546,2418781,673965,1833597,4817181,913804,2657960,513670,2032186,0,2492865,1618778,817022
625010,625542,Auto,9389.0,3028795,1061546,2418781,673965,1833597,4817181,913804,2657960,513670,2032186,0,2492865,1618778,817022
624500,625920,The Forbidden Chakra,594.0,3028795,1061546,2418781,673965,1833597,4817181,913804,2657960,513670,2032186,0,2493459,1618778,817022
625210,626630,Elixir Burst,107871.0,3028795,1061546,2418781,781836,1833597,4817181,913804,2657960,513670,2032186,0,2493459,1618778,817022
625830,627250,The Forbidden Chakra,15973.0,3028795,1061546,2418781,781836,1833597,4817181,913804,2657960,513670,2032186,0,2509432,1618778,817022
627050,627582,Auto,9389.0,3038184,1061546,2418781,781836,1833597,4817181,913804,2657960,513670,2032186,0,2509432,1618778,817022
626480,627900,The Forbidden Chakra,1850.0,3038184,1061546,2418781,781836,1833597,4817181,913804,2657960,513670,2032186,0,2511282,1618778,817022
627150,628440,Dragon Kick,38348.0,3038184,1061546,2457129,781836,1833597,4817181,913804,2657960,513670,2032186,0,2511282,1618778,817022
627770,629190,The Forbidden Chakra,14844.0,3038184,1061546,2457129,781836,1833597,4817181,913804,2657960,513670,2032186,0,2526126,1618778,817022
629090,629622,Auto,7776.0,3045960,1061546,2457129,781836,1833597,4817181,913804,2657960,513670,2032186,0,2526126,1618778,817022
628420,629840,The Forbidden Chakra,0.0,3045960,1061546,2457129,781836,1833597,4817181,913804,2657960,513670,2032186,0,2526126,1618778,817022
629090,629980,Rising Raptor,53598.0,3045960,1061546,2457129,781836,1833597,4817181,913804,2657960,513670,2085784,0,2526126,1618778,817022
629740,631160,The Forbidden Chakra,2195.0,3045960,1061546,2457129,781836,1833597,4817181,913804,2657960,513670,2085784,0,2528321,1618778,817022
631130,631662,Auto,7776.0,3053736,1061546,2457129,781836,1833597,4817181,913804,2657960,513670,2085784,0,2528321,1618778,817022
630320,631740,The Forbidden Chakra,0.0,3053736,1061546,2457129,781836,1833597,4817181,913804,2657960,513670,2085784,0,2528321,1618778,817022
631031,632631,Demolish,41686.0,3053736,1103232,2457129,781836,1833597,4817181,913804,2657960,513670,2085784,0,2528321,1618778,817022
631681,633101,The Forbidden Chakra,2231.0,3053736,1103232,2457129,781836,1833597,4817181,913804,2657960,513670,2085784,0,2530552,1618778,817022
632971,633591,Leaping Opo,63271.0,3053736,1103232,2457129,781836,1833597,4880452,913804,2657960,513670,2085784,0,2530552,1618778,817022
632261,633681,The Forbidden Chakra,0.0,3053736,1103232,2457129,781836,1833597,4880452,913804,2657960,513670,2085784,0,2530552,1618778,817022
633170,633702,Auto,7776.0,3061512,1103232,2457129,781836,1833597,4880452,913804,2657960,513670,2085784,0,2530552,1618778,817022
633621,635041,The Forbidden Chakra,7833.0,3061512,1103232,2457129,781836,1833597,4880452,913804,2657960,513670,2085784,0,2538385,1618778,817022
634201,635621,The Forbidden Chakra,0.0,3061512,1103232,2457129,781836,1833597,4880452,913804,2657960,513670,2085784,0,2538385,1618778,817022
635210,635742,Auto,7776.0,3069288,1103232,2457129,781836,1833597,4880452,913804,2657960,513670,2085784,0,2538385,1618778,817022
634911,635751,Twin Snakes,41686.0,3069288,1103232,2457129,781836,1833597,4880452,913804,2657960,513670,2085784,0,2538385,1660464,817022
635561,636981,The Forbidden Chakra,2020.0,3069288,1103232,2457129,781836,1833597,4880452,913804,2657960,513670,2085784,0,2540405,1660464,817022
636141,637561,The Forbidden Chakra,0.0,3069288,1103232,2457129,781836,1833597,4880452,913804,2657960,513670,2085784,0,2540405,1660464,817022
637250,637782,Auto,7776.0,3077064,1103232,2457129,781836,1833597,4880452,913804,2657960,513670,2085784,0,2540405,1660464,817022
636851,637871,Pouncing Coeurl,51611.0,3077064,1103232,2457129,781836,1833597,4880452,913804,2709571,513670,2085784,0,2540405,1660464,817022
637501,638921,The Forbidden Chakra,1770.0,3077064,1103232,2457129,781836,1833597,4880452,913804,2709571,513670,2085784,0,2542175,1660464,817022
638081,639501,The Forbidden Chakra,0.0,3077064,1103232,2457129,781836,1833597,4880452,913804,2709571,513670,2085784,0,2542175,1660464,817022
639290,639822,Auto,7776.0,3084840,1103232,2457129,781836,1833597,4880452,913804,2709571,513670,2085784,0,2542175,1660464,817022
638791,640081,Dragon Kick,31758.0,3084840,1103232,2488887,781836,1833597,4880452,913804,2709571,513670,2085784,0,2542175,1660464,817022
639441,640861,The Forbidden Chakra,1869.0,3084840,1103232,2488887,781836,1833597,4880452,913804,2709571,513670,2085784,0,2544044,1660464,817022
640021,641441,The Forbidden Chakra,0.0,3084840,1103232,2488887,781836,1833597,4880452,913804,2709571,513670,2085784,0,2544044,1660464,817022
640731,641621,Rising Raptor,53598.0,3084840,1103232,2488887,781836,1833597,4880452,913804,2709571,513670,2139382,0,2544044,1660464,817022
641330,641862,Auto,7776.0,3092616,1103232,2488887,781836,1833597,4880452,913804,2709571,513670,2139382,0,2544044,1660464,817022
641381,642801,The Forbidden Chakra,1671.0,3092616,1103232,2488887,781836,1833597,4880452,913804,2709571,513670,2139382,0,2545715,1660464,817022
641961,643381,The Forbidden Chakra,0.0,3092616,1103232,2488887,781836,1833597,4880452,913804,2709571,513670,2139382,0,2545715,1660464,817022
642671,643691,Pouncing Coeurl,51611.0,3092616,1103232,2488887,781836,1833597,4880452,913804,2761182,513670,2139382,0,2545715,1660464,817022
643370,643902,Auto,7776.0,3100392,1103232,2488887,781836,1833597,4880452,913804,2761182,513670,2139382,0,2545715,1660464,817022
643321,644741,The Forbidden Chakra,1790.0,3100392,1103232,2488887,781836,1833597,4880452,913804,2761182,513670,2139382,0,2547505,1660464,817022
644611,645231,Leaping Opo,63271.0,3100392,1103232,2488887,781836,1833597,4943723,913804,2761182,513670,2139382,0,2547505,1660464,817022
643901,645321,The Forbidden Chakra,0.0,3100392,1103232,2488887,781836,1833597,4943723,913804,2761182,513670,2139382,0,2547505,1660464,817022
645410,645942,Auto,7776.0,3108168,1103232,2488887,781836,1833597,4943723,913804,2761182,513670,2139382,0,2547505,1660464,817022
646430,646962,Auto,7776.0,3115944,1103232,2488887,781836,1833597,4943723,913804,2761182,513670,2139382,0,2547505,1660464,817022
645881,647301,The Forbidden Chakra,7039.0,3115944,1103232,2488887,781836,1833597,4943723,913804,2761182,513670,2139382,0,2554544,1660464,817022
646551,647751,Wind's Reply,103230.0,3115944,1103232,2488887,781836,1833597,4943723,913804,2761182,513670,2139382,0,2554544,1660464,920252
647450,647982,Auto,7776.0,3123720,1103232,2488887,781836,1833597,4943723,913804,2761182,513670,2139382,0,2554544,1660464,920252
647201,648621,The Forbidden Chakra,2175.0,3123720,1103232,2488887,781836,1833597,4943723,913804,2761182,513670,2139382,0,2556719,1660464,920252
648470,649002,Auto,7776.0,3131496,1103232,2488887,781836,1833597,4943723,913804,2761182,513670,2139382,0,2556719,1660464,920252
647781,649201,The Forbidden Chakra,0.0,3131496,1103232,2488887,781836,1833597,4943723,913804,2761182,513670,2139382,0,2556719,1660464,920252
648491,649331,Twin Snakes,41686.0,3131496,1103232,2488887,781836,1833597,4943723,913804,2761182,513670,2139382,0,2556719,1702150,920252
649490,650022,Auto,7776.0,3139272,1103232,2488887,781836,1833597,4943723,913804,2761182,513670,2139382,0,2556719,1702150,920252
649141,650561,The Forbidden Chakra,2421.0,3139272,1103232,2488887,781836,1833597,4943723,913804,2761182,513670,2139382,0,2559140,1702150,920252
650510,651042,Auto,7776.0,3147048,1103232,2488887,781836,1833597,4943723,913804,2761182,513670,2139382,0,2559140,1702150,920252
649721,651141,The Forbidden Chakra,0.0,3147048,1103232,2488887,781836,1833597,4943723,913804,2761182,513670,2139382,0,2559140,1702150,920252
650431,652031,Demolish,41686.0,3147048,1144918,2488887,781836,1833597,4943723,913804,2761182,513670,2139382,0,2559140,1702150,920252
651530,652062,Auto,7776.0,3154824,1144918,2488887,781836,1833597,4943723,913804,2761182,513670,2139382,0,2559140,1702150,920252
651081,652501,The Forbidden Chakra,2560.0,3154824,1144918,2488887,781836,1833597,4943723,913804,2761182,513670,2139382,0,2561700,1702150,920252
651661,653081,The Forbidden Chakra,0.0,3154824,1144918,2488887,781836,1833597,4943723,913804,2761182,513670,2139382,0,2561700,1702150,920252
652550,653082,Auto,7776.0,3162600,1144918,2488887,781836,1833597,4943723,913804,2761182,513670,2139382,0,2561700,1702150,920252
652372,653662,Dragon Kick,31758.0,3162600,1144918,2520645,781836,1833597,4943723,913804,2761182,513670,2139382,0,2561700,1702150,920252
653570,654102,Auto,7776.0,3170376,1144918,2520645,781836,1833597,4943723,913804,2761182,513670,2139382,0,2561700,1702150,920252
653022,654442,The Forbidden Chakra,2298.0,3170376,1144918,2520645,781836,1833597,4943723,913804,2761182,513670,2139382,0,2563998,1702150,920252
653602,655022,The Forbidden Chakra,0.0,3170376,1144918,2520645,781836,1833597,4943723,913804,2761182,513670,2139382,0,2563998,1702150,920252
654590,655122,Auto,7776.0,3178152,1144918,2520645,781836,1833597,4943723,913804,2761182,513670,2139382,0,2563998,1702150,920252
654312,655202,Rising Raptor,53598.0,3178152,1144918,2520645,781836,1833597,4943723,913804,2761182,513670,2192980,0,2563998,1702150,920252
655610,656142,Auto,7776.0,3185928,1144918,2520645,781836,1833597,4943723,913804,2761182,513670,2192980,0,2563998,1702150,920252
654962,656382,The Forbidden Chakra,2552.0,3185928,1144918,2520645,781836,1833597,4943723,913804,2761182,513670,2192980,0,2566550,1702150,920252
655542,656962,The Forbidden Chakra,0.0,3185928,1144918,2520645,781836,1833597,4943723,913804,2761182,513670,2192980,0,2566550,1702150,920252
656630,657162,Auto,7776.0,3193704,1144918,2520645,781836,1833597,4943723,913804,2761182,513670,2192980,0,2566550,1702150,920252
656252,657272,Pouncing Coeurl,51611.0,3193704,1144918,2520645,781836,1833597,4943723,913804,2812793,513670,2192980,0,2566550,1702150,920252
657650,658182,Auto,7776.0,3201480,1144918,2520645,781836,1833597,4943723,913804,2812793,513670,2192980,0,2566550,1702150,920252
656902,658322,The Forbidden Chakra,2501.0,3201480,1144918,2520645,781836,1833597,4943723,913804,2812793,513670,2192980,0,2569051,1702150,920252
658192,658812,Leaping Opo,63271.0,3201480,1144918,2520645,781836,1833597,5006994,913804,2812793,513670,2192980,0,2569051,1702150,920252
657482,658902,The Forbidden Chakra,0.0,3201480,1144918,2520645,781836,1833597,5006994,913804,2812793,513670,2192980,0,2569051,1702150,920252
658670,659202,Auto,7776.0,3209256,1144918,2520645,781836,1833597,5006994,913804,2812793,513670,2192980,0,2569051,1702150,920252
659690,660222,Auto,7776.0,3217032,1144918,2520645,781836,1833597,5006994,913804,2812793,513670,2192980,0,2569051,1702150,920252
658842,660262,The Forbidden Chakra,8591.0,3217032,1144918,2520645,781836,1833597,5006994,913804,2812793,513670,2192980,0,2577642,1702150,920252
659422,660842,The Forbidden Chakra,0.0,3217032,1144918,2520645,781836,1833597,5006994,913804,2812793,513670,2192980,0,2577642,1702150,920252
660132,660972,Twin Snakes,41686.0,3217032,1144918,2520645,781836,1833597,5006994,913804,2812793,513670,2192980,0,2577642,1743836,920252
660710,661242,Auto,7776.0,3224808,1144918,2520645,781836,1833597,5006994,913804,2812793,513670,2192980,0,2577642,1743836,920252
660782,662202,The Forbidden Chakra,2072.0,3224808,1144918,2520645,781836,1833597,5006994,913804,2812793,513670,2192980,0,2579714,1743836,920252
661730,662262,Auto,7776.0,3232584,1144918,2520645,781836,1833597,5006994,913804,2812793,513670,2192980,0,2579714,1743836,920252
661362,662782,The Forbidden Chakra,0.0,3232584,1144918,2520645,781836,1833597,5006994,913804,2812793,513670,2192980,0,2579714,1743836,920252
662072,663092,Pouncing Coeurl,51611.0,3232584,1144918,2520645,781836,1833597,5006994,913804,2864404,513670,2192980,0,2579714,1743836,920252
662722,664142,The Forbidden Chakra,2020.0,3232584,1144918,2520645,781836,1833597,5006994,913804,2864404,513670,2192980,0,2581734,1743836,920252
663770,664302,Auto,7776.0,3240360,1144918,2520645,781836,1833597,5006994,913804,2864404,513670,2192980,0,2581734,1743836,920252
663302,664722,The Forbidden Chakra,0.0,3240360,1144918,2520645,781836,1833597,5006994,913804,2864404,513670,2192980,0,2581734,1743836,920252
664012,665302,Dragon Kick,31758.0,3240360,1144918,2552403,781836,1833597,5006994,913804,2864404,513670,2192980,0,2581734,1743836,920252
664632,666052,The Forbidden Chakra,2223.0,3240360,1144918,2552403,781836,1833597,5006994,913804,2864404,513670,2192980,0,2583957,1743836,920252
665810,666342,Auto,7776.0,3248136,1144918,2552403,781836,1833597,5006994,913804,2864404,513670,2192980,0,2583957,1743836,920252
665282,666702,The Forbidden Chakra,0.0,3248136,1144918,2552403,781836,1833597,5006994,913804,2864404,513670,2192980,0,2583957,1743836,920252
665952,666842,Rising Raptor,53598.0,3248136,1144918,2552403,781836,1833597,5006994,913804,2864404,513670,2246578,0,2583957,1743836,920252
667850,668382,Auto,8942.0,3257078,1144918,2552403,781836,1833597,5006994,913804,2864404,513670,2246578,0,2583957,1743836,920252
667892,669492,Demolish,47939.0,3257078,1192857,2552403,781836,1833597,5006994,913804,2864404,513670,2246578,0,2583957,1743836,920252
668542,669962,The Forbidden Chakra,4844.0,3257078,1192857,2552403,781836,1833597,5006994,913804,2864404,513670,2246578,0,2588801,1743836,920252
669890,670422,Auto,8942.0,3266020,1192857,2552403,781836,1833597,5006994,913804,2864404,513670,2246578,0,2588801,1743836,920252
669832,670452,Leaping Opo,72761.0,3266020,1192857,2552403,781836,1833597,5079755,913804,2864404,513670,2246578,0,2588801,1743836,920252
669122,670542,The Forbidden Chakra,0.0,3266020,1192857,2552403,781836,1833597,5079755,913804,2864404,513670,2246578,0,2588801,1743836,920252
670482,671902,The Forbidden Chakra,8761.0,3266020,1192857,2552403,781836,1833597,5079755,913804,2864404,513670,2246578,0,2597562,1743836,920252
671930,672462,Auto,8942.0,3274962,1192857,2552403,781836,1833597,5079755,913804,2864404,513670,2246578,0,2597562,1743836,920252
671062,672482,The Forbidden Chakra,0.0,3274962,1192857,2552403,781836,1833597,5079755,913804,2864404,513670,2246578,0,2597562,1743836,920252
671773,673193,Fire's Reply,159811.0,3274962,1192857,2552403,781836,1993408,5079755,913804,2864404,513670,2246578,0,2597562,1743836,920252
672423,673843,The Forbidden Chakra,2625.0,3274962,1192857,2552403,781836,1993408,5079755,913804,2864404,513670,2246578,0,2600187,1743836,920252
673003,674423,The Forbidden Chakra,0.0,3274962,1192857,2552403,781836,1993408,5079755,913804,2864404,513670,2246578,0,2600187,1743836,920252
673970,674502,Auto,8942.0,3283904,1192857,2552403,781836,1993408,5079755,913804,2864404,513670,2246578,0,2600187,1743836,920252
673713,675003,Dragon Kick,36522.0,3283904,1192857,2588925,781836,1993408,5079755,913804,2864404,513670,2246578,0,2600187,1743836,920252
675653,676273,Leaping Opo,72761.0,3283904,1192857,2588925,781836,1993408,5152516,913804,2864404,513670,2246578,0,2600187,1743836,920252
674983,676403,The Forbidden Chakra,2479.0,3283904,1192857,2588925,781836,1993408,5152516,913804,2864404,513670,2246578,0,2602666,1743836,920252
676010,676542,Auto,8942.0,3292846,1192857,2588925,781836,1993408,5152516,913804,2864404,513670,2246578,0,2602666,1743836,920252
676303,677723,The Forbidden Chakra,9145.0,3292846,1192857,2588925,781836,1993408,5152516,913804,2864404,513670,2246578,0,2611811,1743836,920252
676883,678303,The Forbidden Chakra,0.0,3292846,1192857,2588925,781836,1993408,5152516,913804,2864404,513670,2246578,0,2611811,1743836,920252
677593,678433,Twin Snakes,47939.0,3292846,1192857,2588925,781836,1993408,5152516,913804,2864404,513670,2246578,0,2611811,1791775,920252
678050,678582,Auto,8942.0,3301788,1192857,2588925,781836,1993408,5152516,913804,2864404,513670,2246578,0,2611811,1791775,920252
678243,679663,The Forbidden Chakra,2803.0,3301788,1192857,2588925,781836,1993408,5152516,913804,2864404,513670,2246578,0,2614614,1791775,920252
678823,680243,The Forbidden Chakra,0.0,3301788,1192857,2588925,781836,1993408,5152516,913804,2864404,513670,2246578,0,2614614,1791775,920252
679533,680553,Pouncing Coeurl,59352.0,3301788,1192857,2588925,781836,1993408,5152516,913804,2923756,513670,2246578,0,2614614,1791775,920252
680090,680622,Auto,8942.0,3310730,1192857,2588925,781836,1993408,5152516,913804,2923756,513670,2246578,0,2614614,1791775,920252
680183,681603,The Forbidden Chakra,2579.0,3310730,1192857,2588925,781836,1993408,5152516,913804,2923756,513670,2246578,0,2617193,1791775,920252
680763,682183,The Forbidden Chakra,0.0,3310730,1192857,2588925,781836,1993408,5152516,913804,2923756,513670,2246578,0,2617193,1791775,920252
681473,682233,Rising Phoenix,102734.0,3310730,1192857,2588925,781836,1993408,5152516,913804,2923756,616404,2246578,0,2617193,1791775,920252
682130,682662,Auto,8942.0,3319672,1192857,2588925,781836,1993408,5152516,913804,2923756,616404,2246578,0,2617193,1791775,920252
682093,683513,The Forbidden Chakra,2433.0,3319672,1192857,2588925,781836,1993408,5152516,913804,2923756,616404,2246578,0,2619626,1791775,920252
682743,684163,The Forbidden Chakra,0.0,3319672,1192857,2588925,781836,1993408,5152516,913804,2923756,616404,2246578,0,2619626,1791775,920252
684170,684702,Auto,8942.0,3328614,1192857,2588925,781836,1993408,5152516,913804,2923756,616404,2246578,0,2619626,1791775,920252
683413,684703,Dragon Kick,36522.0,3328614,1192857,2625447,781836,1993408,5152516,913804,2923756,616404,2246578,0,2619626,1791775,920252
684063,685483,The Forbidden Chakra,2661.0,3328614,1192857,2625447,781836,1993408,5152516,913804,2923756,616404,2246578,0,2622287,1791775,920252
684643,686063,The Forbidden Chakra,0.0,3328614,1192857,2625447,781836,1993408,5152516,913804,2923756,616404,2246578,0,2622287,1791775,920252
685353,686243,Rising Raptor,61638.0,3328614,1192857,2625447,781836,1993408,5152516,913804,2923756,616404,2308216,0,2622287,1791775,920252
686210,686742,Auto,8942.0,3337556,1192857,2625447,781836,1993408,5152516,913804,2923756,616404,2308216,0,2622287,1791775,920252
686003,687423,The Forbidden Chakra,2470.0,3337556,1192857,2625447,781836,1993408,5152516,913804,2923756,616404,2308216,0,2624757,1791775,920252
686583,688003,The Forbidden Chakra,0.0,3337556,1192857,2625447,781836,1993408,5152516,913804,2923756,616404,2308216,0,2624757,1791775,920252
687293,688313,Pouncing Coeurl,59352.0,3337556,1192857,2625447,781836,1993408,5152516,913804,2983108,616404,2308216,0,2624757,1791775,920252
688250,688782,Auto,7776.0,3345332,1192857,2625447,781836,1993408,5152516,913804,2983108,616404,2308216,0,2624757,1791775,920252
687943,689363,The Forbidden Chakra,2124.0,3345332,1192857,2625447,781836,1993408,5152516,913804,2983108,616404,2308216,0,2626881,1791775,920252
689233,689853,Leaping Opo,63271.0,3345332,1192857,2625447,781836,1993408,5215787,913804,2983108,616404,2308216,0,2626881,1791775,920252
688523,689943,The Forbidden Chakra,0.0,3345332,1192857,2625447,781836,1993408,5215787,913804,2983108,616404,2308216,0,2626881,1791775,920252
690290,690822,Auto,7776.0,3353108,1192857,2625447,781836,1993408,5215787,913804,2983108,616404,2308216,0,2626881,1791775,920252
689883,691303,The Forbidden Chakra,7861.0,3353108,1192857,2625447,781836,1993408,5215787,913804,2983108,616404,2308216,0,2634742,1791775,920252
690463,691883,The Forbidden Chakra,0.0,3353108,1192857,2625447,781836,1993408,5215787,913804,2983108,616404,2308216,0,2634742,1791775,920252
691173,692013,Twin Snakes,41686.0,3353108,1192857,2625447,781836,1993408,5215787,913804,2983108,616404,2308216,0,2634742,1833461,920252
692330,692862,Auto,7776.0,3360884,1192857,2625447,781836,1993408,5215787,913804,2983108,616404,2308216,0,2634742,1833461,920252
691823,693243,The Forbidden Chakra,2124.0,3360884,1192857,2625447,781836,1993408,5215787,913804,2983108,616404,2308216,0,2636866,1833461,920252
692403,693823,The Forbidden Chakra,0.0,3360884,1192857,2625447,781836,1993408,5215787,913804,2983108,616404,2308216,0,2636866,1833461,920252
693114,694714,Demolish,41686.0,3360884,1234543,2625447,781836,1993408,5215787,913804,2983108,616404,2308216,0,2636866,1833461,920252
694370,694902,Auto,7776.0,3368660,1234543,2625447,781836,1993408,5215787,913804,2983108,616404,2308216,0,2636866,1833461,920252
693764,695184,The Forbidden Chakra,2330.0,3368660,1234543,2625447,781836,1993408,5215787,913804,2983108,616404,2308216,0,2639196,1833461,920252
694344,695764,The Forbidden Chakra,0.0,3368660,1234543,2625447,781836,1993408,5215787,913804,2983108,616404,2308216,0,2639196,1833461,920252
695054,696344,Dragon Kick,31758.0,3368660,1234543,2657205,781836,1993408,5215787,913804,2983108,616404,2308216,0,2639196,1833461,920252
696410,696942,Auto,7776.0,3376436,1234543,2657205,781836,1993408,5215787,913804,2983108,616404,2308216,0,2639196,1833461,920252
695704,697124,The Forbidden Chakra,2294.0,3376436,1234543,2657205,781836,1993408,5215787,913804,2983108,616404,2308216,0,2641490,1833461,920252
696284,697704,The Forbidden Chakra,0.0,3376436,1234543,2657205,781836,1993408,5215787,913804,2983108,616404,2308216,0,2641490,1833461,920252
696994,697884,Rising Raptor,53598.0,3376436,1234543,2657205,781836,1993408,5215787,913804,2983108,616404,2361814,0,2641490,1833461,920252
698450,698982,Auto,7776.0,3384212,1234543,2657205,781836,1993408,5215787,913804,2983108,616404,2361814,0,2641490,1833461,920252
697614,699034,The Forbidden Chakra,2120.0,3384212,1234543,2657205,781836,1993408,5215787,913804,2983108,616404,2361814,0,2643610,1833461,920252
698264,699684,The Forbidden Chakra,0.0,3384212,1234543,2657205,781836,1993408,5215787,913804,2983108,616404,2361814,0,2643610,1833461,920252
698934,699954,Pouncing Coeurl,51611.0,3384212,1234543,2657205,781836,1993408,5215787,913804,3034719,616404,2361814,0,2643610,1833461,920252
699584,701004,The Forbidden Chakra,2231.0,3384212,1234543,2657205,781836,1993408,5215787,913804,3034719,616404,2361814,0,2645841,1833461,920252
700490,701022,Auto,7776.0,3391988,1234543,2657205,781836,1993408,5215787,913804,3034719,616404,2361814,0,2645841,1833461,920252
700874,701494,Leaping Opo,63271.0,3391988,1234543,2657205,781836,1993408,5279058,913804,3034719,616404,2361814,0,2645841,1833461,920252
700164,701584,The Forbidden Chakra,0.0,3391988,1234543,2657205,781836,1993408,5279058,913804,3034719,616404,2361814,0,2645841,1833461,920252
701524,702944,The Forbidden Chakra,8003.0,3391988,1234543,2657205,781836,1993408,5279058,913804,3034719,616404,2361814,0,2653844,1833461,920252
702530,703062,Auto,7776.0,3399764,1234543,2657205,781836,1993408,5279058,913804,3034719,616404,2361814,0,2653844,1833461,920252
702104,703524,The Forbidden Chakra,0.0,3399764,1234543,2657205,781836,1993408,5279058,913804,3034719,616404,2361814,0,2653844,1833461,920252
702814,703654,Twin Snakes,41686.0,3399764,1234543,2657205,781836,1993408,5279058,913804,3034719,616404,2361814,0,2653844,1875147,920252
703464,704884,The Forbidden Chakra,2195.0,3399764,1234543,2657205,781836,1993408,5279058,913804,3034719,616404,2361814,0,2656039,1875147,920252
704570,705102,Auto,7776.0,3407540,1234543,2657205,781836,1993408,5279058,913804,3034719,616404,2361814,0,2656039,1875147,920252
704044,705464,The Forbidden Chakra,0.0,3407540,1234543,2657205,781836,1993408,5279058,913804,3034719,616404,2361814,0,2656039,1875147,920252
704754,705774,Pouncing Coeurl,51611.0,3407540,1234543,2657205,781836,1993408,5279058,913804,3086330,616404,2361814,0,2656039,1875147,920252
705404,706824,The Forbidden Chakra,2092.0,3407540,1234543,2657205,781836,1993408,5279058,913804,3086330,616404,2361814,0,2658131,1875147,920252
706610,707142,Auto,7776.0,3415316,1234543,2657205,781836,1993408,5279058,913804,3086330,616404,2361814,0,2658131,1875147,920252
705984,707404,The Forbidden Chakra,0.0,3415316,1234543,2657205,781836,1993408,5279058,913804,3086330,616404,2361814,0,2658131,1875147,920252
706694,707984,Dragon Kick,31758.0,3415316,1234543,2688963,781836,1993408,5279058,913804,3086330,616404,2361814,0,2658131,1875147,920252
707344,708764,The Forbidden Chakra,2163.0,3415316,1234543,2688963,781836,1993408,5279058,913804,3086330,616404,2361814,0,2660294,1875147,920252
708650,709182,Auto,7776.0,3423092,1234543,2688963,781836,1993408,5279058,913804,3086330,616404,2361814,0,2660294,1875147,920252
707924,709344,The Forbidden Chakra,0.0,3423092,1234543,2688963,781836,1993408,5279058,913804,3086330,616404,2361814,0,2660294,1875147,920252
708634,709524,Rising Raptor,53598.0,3423092,1234543,2688963,781836,1993408,5279058,913804,3086330,616404,2415412,0,2660294,1875147,920252
709284,710704,The Forbidden Chakra,2203.0,3423092,1234543,2688963,781836,1993408,5279058,913804,3086330,616404,2415412,0,2662497,1875147,920252
710690,711222,Auto,7776.0,3430868,1234543,2688963,781836,1993408,5279058,913804,3086330,616404,2415412,0,2662497,1875147,920252
709864,711284,The Forbidden Chakra,0.0,3430868,1234543,2688963,781836,1993408,5279058,913804,3086330,616404,2415412,0,2662497,1875147,920252
710574,712174,Demolish,41686.0,3430868,1276229,2688963,781836,1993408,5279058,913804,3086330,616404,2415412,0,2662497,1875147,920252
711224,712644,The Forbidden Chakra,2163.0,3430868,1276229,2688963,781836,1993408,5279058,913804,3086330,616404,2415412,0,2664660,1875147,920252
712515,713135,Leaping Opo,63271.0,3430868,1276229,2688963,781836,1993408,5342329,913804,3086330,616404,2415412,0,2664660,1875147,920252
711804,713224,The Forbidden Chakra,0.0,3430868,1276229,2688963,781836,1993408,5342329,913804,3086330,616404,2415412,0,2664660,1875147,920252
712730,713262,Auto,7776.0,3438644,1276229,2688963,781836,1993408,5342329,913804,3086330,616404,2415412,0,2664660,1875147,920252
713165,714585,The Forbidden Chakra,8111.0,3438644,1276229,2688963,781836,1993408,5342329,913804,3086330,616404,2415412,0,2672771,1875147,920252
713745,715165,The Forbidden Chakra,0.0,3438644,1276229,2688963,781836,1993408,5342329,913804,3086330,616404,2415412,0,2672771,1875147,920252
714455,715295,Twin Snakes,41686.0,3438644,1276229,2688963,781836,1993408,5342329,913804,3086330,616404,2415412,0,2672771,1916833,920252
714770,715302,Auto,7776.0,3446420,1276229,2688963,781836,1993408,5342329,913804,3086330,616404,2415412,0,2672771,1916833,920252
715075,716495,The Forbidden Chakra,2143.0,3446420,1276229,2688963,781836,1993408,5342329,913804,3086330,616404,2415412,0,2674914,1916833,920252
715725,717145,The Forbidden Chakra,0.0,3446420,1276229,2688963,781836,1993408,5342329,913804,3086330,616404,2415412,0,2674914,1916833,920252
716810,717342,Auto,7776.0,3454196,1276229,2688963,781836,1993408,5342329,913804,3086330,616404,2415412,0,2674914,1916833,920252
716395,717415,Pouncing Coeurl,51611.0,3454196,1276229,2688963,781836,1993408,5342329,913804,3137941,616404,2415412,0,2674914,1916833,920252
717045,718465,The Forbidden Chakra,2286.0,3454196,1276229,2688963,781836,1993408,5342329,913804,3137941,616404,2415412,0,2677200,1916833,920252
717625,719045,The Forbidden Chakra,0.0,3454196,1276229,2688963,781836,1993408,5342329,913804,3137941,616404,2415412,0,2677200,1916833,920252
718850,719382,Auto,7776.0,3461972,1276229,2688963,781836,1993408,5342329,913804,3137941,616404,2415412,0,2677200,1916833,920252
718335,719625,Dragon Kick,31758.0,3461972,1276229,2720721,781836,1993408,5342329,913804,3137941,616404,2415412,0,2677200,1916833,920252
719605,721025,The Forbidden Chakra,2445.0,3461972,1276229,2720721,781836,1993408,5342329,913804,3137941,616404,2415412,0,2679645,1916833,920252
720275,721165,Rising Raptor,58028.0,3461972,1276229,2720721,781836,1993408,5342329,913804,3137941,616404,2473440,0,2679645,1916833,920252
720890,721422,Auto,8418.0,3470390,1276229,2720721,781836,1993408,5342329,913804,3137941,616404,2473440,0,2679645,1916833,920252
720925,722345,The Forbidden Chakra,2291.0,3470390,1276229,2720721,781836,1993408,5342329,913804,3137941,616404,2473440,0,2681936,1916833,920252
721505,722925,The Forbidden Chakra,0.0,3470390,1276229,2720721,781836,1993408,5342329,913804,3137941,616404,2473440,0,2681936,1916833,920252
722215,723235,Pouncing Coeurl,55879.0,3470390,1276229,2720721,781836,1993408,5342329,913804,3193820,616404,2473440,0,2681936,1916833,920252
722930,723462,Auto,8418.0,3478808,1276229,2720721,781836,1993408,5342329,913804,3193820,616404,2473440,0,2681936,1916833,920252
722865,724285,The Forbidden Chakra,2411.0,3478808,1276229,2720721,781836,1993408,5342329,913804,3193820,616404,2473440,0,2684347,1916833,920252
724155,724775,Leaping Opo,68498.0,3478808,1276229,2720721,781836,1993408,5410827,913804,3193820,616404,2473440,0,2684347,1916833,920252
723445,724865,The Forbidden Chakra,0.0,3478808,1276229,2720721,781836,1993408,5410827,913804,3193820,616404,2473440,0,2684347,1916833,920252
724970,725502,Auto,8418.0,3487226,1276229,2720721,781836,1993408,5410827,913804,3193820,616404,2473440,0,2684347,1916833,920252
725425,726845,The Forbidden Chakra,8850.0,3487226,1276229,2720721,781836,1993408,5410827,913804,3193820,616404,2473440,0,2693197,1916833,920252
726095,727385,Dragon Kick,34386.0,3487226,1276229,2755107,781836,1993408,5410827,913804,3193820,616404,2473440,0,2693197,1916833,920252
727010,727542,Auto,8418.0,3495644,1276229,2755107,781836,1993408,5410827,913804,3193820,616404,2473440,0,2693197,1916833,920252
728035,728655,Leaping Opo,82711.0,3495644,1276229,2755107,781836,1993408,5493538,913804,3193820,616404,2473440,0,2693197,1916833,920252
729050,729582,Auto,10164.0,3505808,1276229,2755107,781836,1993408,5493538,913804,3193820,616404,2473440,0,2693197,1916833,920252
728655,730075,The Forbidden Chakra,29496.0,3505808,1276229,2755107,781836,1993408,5493538,913804,3193820,616404,2473440,0,2722693,1916833,920252
729305,730725,The Forbidden Chakra,8641.0,3505808,1276229,2755107,781836,1993408,5493538,913804,3193820,616404,2473440,0,2731334,1916833,920252
729975,731265,Dragon Kick,41521.0,3505808,1276229,2796628,781836,1993408,5493538,913804,3193820,616404,2473440,0,2731334,1916833,920252
731090,731622,Auto,10164.0,3515972,1276229,2796628,781836,1993408,5493538,913804,3193820,616404,2473440,0,2731334,1916833,920252
730625,732045,The Forbidden Chakra,10920.0,3515972,1276229,2796628,781836,1993408,5493538,913804,3193820,616404,2473440,0,2742254,1916833,920252
731915,732315,Phantom Rush,194644.0,3515972,1276229,2796628,781836,1993408,5493538,1108448,3193820,616404,2473440,0,2742254,1916833,920252
731205,732625,The Forbidden Chakra,0.0,3515972,1276229,2796628,781836,1993408,5493538,1108448,3193820,616404,2473440,0,2742254,1916833,920252
733130,733662,Auto,10164.0,3526136,1276229,2796628,781836,1993408,5493538,1108448,3193820,616404,2473440,0,2742254,1916833,920252
732535,733955,The Forbidden Chakra,36046.0,3526136,1276229,2796628,781836,1993408,5493538,1108448,3193820,616404,2473440,0,2778300,1916833,920252
733185,734605,The Forbidden Chakra,467.0,3526136,1276229,2796628,781836,1993408,5493538,1108448,3193820,616404,2473440,0,2778767,1916833,920252
733856,735276,Fire's Reply,181667.0,3526136,1276229,2796628,781836,2175075,5493538,1108448,3193820,616404,2473440,0,2778767,1916833,920252
735170,735702,Auto,10164.0,3536300,1276229,2796628,781836,2175075,5493538,1108448,3193820,616404,2473440,0,2778767,1916833,920252
734506,735926,The Forbidden Chakra,13069.0,3536300,1276229,2796628,781836,2175075,5493538,1108448,3193820,616404,2473440,0,2791836,1916833,920252
735796,736416,Leaping Opo,82711.0,3536300,1276229,2796628,781836,2175075,5576249,1108448,3193820,616404,2473440,0,2791836,1916833,920252
735086,736506,The Forbidden Chakra,4204.0,3536300,1276229,2796628,781836,2175075,5576249,1108448,3193820,616404,2473440,0,2796040,1916833,920252
737210,737742,Auto,10164.0,3546464,1276229,2796628,781836,2175075,5576249,1108448,3193820,616404,2473440,0,2796040,1916833,920252
737066,738486,The Forbidden Chakra,43453.0,3546464,1276229,2796628,781836,2175075,5576249,1108448,3193820,616404,2473440,0,2839493,1916833,920252
738230,738762,Auto,10164.0,3556628,1276229,2796628,781836,2175075,5576249,1108448,3193820,616404,2473440,0,2839493,1916833,920252
737736,738936,Wind's Reply,134952.0,3556628,1276229,2796628,781836,2175075,5576249,1108448,3193820,616404,2473440,0,2839493,1916833,1055204
738356,739776,The Forbidden Chakra,10858.0,3556628,1276229,2796628,781836,2175075,5576249,1108448,3193820,616404,2473440,0,2850351,1916833,1055204
739250,739782,Auto,10164.0,3566792,1276229,2796628,781836,2175075,5576249,1108448,3193820,616404,2473440,0,2850351,1916833,1055204
740270,740802,Auto,10164.0,3576956,1276229,2796628,781836,2175075,5576249,1108448,3193820,616404,2473440,0,2850351,1916833,1055204
739676,740966,Dragon Kick,41521.0,3576956,1276229,2838149,781836,2175075,5576249,1108448,3193820,616404,2473440,0,2850351,1916833,1055204
740326,741746,The Forbidden Chakra,26029.0,3576956,1276229,2838149,781836,2175075,5576249,1108448,3193820,616404,2473440,0,2876380,1916833,1055204
741290,741822,Auto,10164.0,3587120,1276229,2838149,781836,2175075,5576249,1108448,3193820,616404,2473440,0,2876380,1916833,1055204
741616,742236,Leaping Opo,82711.0,3587120,1276229,2838149,781836,2175075,5658960,1108448,3193820,616404,2473440,0,2876380,1916833,1055204
740906,742326,The Forbidden Chakra,6285.0,3587120,1276229,2838149,781836,2175075,5658960,1108448,3193820,616404,2473440,0,2882665,1916833,1055204
742310,742842,Auto,10164.0,3597284,1276229,2838149,781836,2175075,5658960,1108448,3193820,616404,2473440,0,2882665,1916833,1055204
742236,743656,The Forbidden Chakra,38730.0,3597284,1276229,2838149,781836,2175075,5658960,1108448,3193820,616404,2473440,0,2921395,1916833,1055204
743330,743862,Auto,10164.0,3607448,1276229,2838149,781836,2175075,5658960,1108448,3193820,616404,2473440,0,2921395,1916833,1055204
742886,744306,The Forbidden Chakra,4458.0,3607448,1276229,2838149,781836,2175075,5658960,1108448,3193820,616404,2473440,0,2925853,1916833,1055204
743556,744846,Dragon Kick,41521.0,3607448,1276229,2879670,781836,2175075,5658960,1108448,3193820,616404,2473440,0,2925853,1916833,1055204
744350,744882,Auto,10164.0,3617612,1276229,2879670,781836,2175075,5658960,1108448,3193820,616404,2473440,0,2925853,1916833,1055204
744176,745596,The Forbidden Chakra,11418.0,3617612,1276229,2879670,781836,2175075,5658960,1108448,3193820,616404,2473440,0,2937271,1916833,1055204
745370,745902,Auto,10164.0,3627776,1276229,2879670,781836,2175075,5658960,1108448,3193820,616404,2473440,0,2937271,1916833,1055204
744826,746246,The Forbidden Chakra,6290.0,3627776,1276229,2879670,781836,2175075,5658960,1108448,3193820,616404,2473440,0,2943561,1916833,1055204
745496,746916,Elixir Burst,116784.0,3627776,1276229,2879670,898620,2175075,5658960,1108448,3193820,616404,2473440,0,2943561,1916833,1055204
746390,746922,Auto,10164.0,3637940,1276229,2879670,898620,2175075,5658960,1108448,3193820,616404,2473440,0,2943561,1916833,1055204
746146,747566,The Forbidden Chakra,23325.0,3637940,1276229,2879670,898620,2175075,5658960,1108448,3193820,616404,2473440,0,2966886,1916833,1055204
747410,747942,Auto,10164.0,3648104,1276229,2879670,898620,2175075,5658960,1108448,3193820,616404,2473440,0,2966886,1916833,1055204
747436,748056,Leaping Opo,82711.0,3648104,1276229,2879670,898620,2175075,5741671,1108448,3193820,616404,2473440,0,2966886,1916833,1055204
746726,748146,The Forbidden Chakra,2143.0,3648104,1276229,2879670,898620,2175075,5741671,1108448,3193820,616404,2473440,0,2969029,1916833,1055204
748430,748962,Auto,8418.0,3656522,1276229,2879670,898620,2175075,5741671,1108448,3193820,616404,2473440,0,2969029,1916833,1055204
748056,749476,The Forbidden Chakra,17202.0,3656522,1276229,2879670,898620,2175075,5741671,1108448,3193820,616404,2473440,0,2986231,1916833,1055204
749450,749982,Auto,8418.0,3664940,1276229,2879670,898620,2175075,5741671,1108448,3193820,616404,2473440,0,2986231,1916833,1055204
749376,749996,Six-sided Star,21900.0,3664940,1276229,2879670,898620,2175075,5741671,1108448,3193820,616404,2473440,21900,2986231,1916833,1055204
749376,749996,Six-sided Star,33544.0,3664940,1276229,2879670,898620,2175075,5741671,1108448,3193820,616404,2473440,55444,2986231,1916833,1055204
749376,749996,Six-sided Star,19798.0,3664940,1276229,2879670,898620,2175075,5741671,1108448,3193820,616404,2473440,75242,2986231,1916833,1055204
749376,749996,Six-sided Star,24114.0,3664940,1276229,2879670,898620,2175075,5741671,1108448,3193820,616404,2473440,99356,2986231,1916833,1055204
748706,750126,The Forbidden Chakra,0.0,3664940,1276229,2879670,898620,2175075,5741671,1108448,3193820,616404,2473440,99356,2986231,1916833,1055204
