sim_timestamp,sim_damage_timestamp,sim_name,sim_expected,Auto,Demolish,Dragon Kick,Elixir Burst,Fire's Reply,Leaping Opo,Phantom Rush,Pouncing Coeurl,Rising Phoenix,Rising Raptor,Six-sided Star,The Forbidden Chakra,Twin Snakes,Wind's Reply
500,1790,Dragon Kick,32098.0,0,0,32098,0,0,0,0,0,0,0,0,0,0,0
1790,2322,Auto,7859.0,7859,0,32098,0,0,0,0,0,0,0,0,0,0,0
2440,3060,Leaping Opo,64066.0,7859,0,32098,0,0,64066,0,0,0,0,0,0,0,0
1770,3190,The Forbidden Chakra,40126.0,7859,0,32098,0,0,64066,0,0,0,0,0,40126,0,0
3830,4362,Auto,8933.0,16792,0,32098,0,0,64066,0,0,0,0,0,40126,0,0
3710,5130,The Forbidden Chakra,0.0,16792,0,32098,0,0,64066,0,0,0,0,0,40126,0,0
4380,5670,Dragon Kick,36492.0,16792,0,68590,0,0,64066,0,0,0,0,0,40126,0,0
5870,6402,Auto,11863.0,28655,0,68590,0,0,64066,0,0,0,0,0,40126,0,0
6320,6940,Leaping Opo,96713.0,28655,0,68590,0,0,160779,0,0,0,0,0,40126,0,0
6940,8360,The Forbidden Chakra,8588.0,28655,0,68590,0,0,160779,0,0,0,0,0,48714,0,0
7910,8442,Auto,12100.0,40755,0,68590,0,0,160779,0,0,0,0,0,48714,0,0
8930,9462,Auto,12100.0,52855,0,68590,0,0,160779,0,0,0,0,0,48714,0,0
8260,9680,Elixir Burst,139029.0,52855,0,68590,139029,0,160779,0,0,0,0,0,48714,0,0
8880,10300,The Forbidden Chakra,33829.0,52855,0,68590,139029,0,160779,0,0,0,0,0,82543,0,0
9950,10482,Auto,12100.0,64955,0,68590,139029,0,160779,0,0,0,0,0,82543,0,0
9530,10950,The Forbidden Chakra,2959.0,64955,0,68590,139029,0,160779,0,0,0,0,0,85502,0,0
10200,11490,Dragon Kick,49430.0,64955,0,118020,139029,0,160779,0,0,0,0,0,85502,0,0
10970,11502,Auto,12100.0,77055,0,118020,139029,0,160779,0,0,0,0,0,85502,0,0
10850,12270,The Forbidden Chakra,24759.0,77055,0,118020,139029,0,160779,0,0,0,0,0,110261,0,0
11990,12522,Auto,12100.0,89155,0,118020,139029,0,160779,0,0,0,0,0,110261,0,0
11430,12850,The Forbidden Chakra,2094.0,89155,0,118020,139029,0,160779,0,0,0,0,0,112355,0,0
12141,13341,Wind's Reply,160657.0,89155,0,118020,139029,0,160779,0,0,0,0,0,112355,0,160657
13010,13542,Auto,12100.0,101255,0,118020,139029,0,160779,0,0,0,0,0,112355,0,160657
12761,14181,The Forbidden Chakra,21033.0,101255,0,118020,139029,0,160779,0,0,0,0,0,133388,0,160657
14030,14562,Auto,12100.0,113355,0,118020,139029,0,160779,0,0,0,0,0,133388,0,160657
13411,14831,The Forbidden Chakra,21267.0,113355,0,118020,139029,0,160779,0,0,0,0,0,154655,0,160657
14081,15501,Fire's Reply,216271.0,113355,0,118020,139029,216271,160779,0,0,0,0,0,154655,0,160657
15050,15582,Auto,12100.0,125455,0,118020,139029,216271,160779,0,0,0,0,0,154655,0,160657
14731,16151,The Forbidden Chakra,8508.0,125455,0,118020,139029,216271,160779,0,0,0,0,0,163163,0,160657
16070,16602,Auto,12100.0,137555,0,118020,139029,216271,160779,0,0,0,0,0,163163,0,160657
16021,16641,Leaping Opo,98647.0,137555,0,118020,139029,216271,259426,0,0,0,0,0,163163,0,160657
15311,16731,The Forbidden Chakra,4831.0,137555,0,118020,139029,216271,259426,0,0,0,0,0,167994,0,160657
17090,17622,Auto,12100.0,149655,0,118020,139029,216271,259426,0,0,0,0,0,167994,0,160657
18110,18642,Auto,12100.0,161755,0,118020,139029,216271,259426,0,0,0,0,0,167994,0,160657
17291,18711,The Forbidden Chakra,48671.0,161755,0,118020,139029,216271,259426,0,0,0,0,0,216665,0,160657
17961,19251,Dragon Kick,49430.0,161755,0,167450,139029,216271,259426,0,0,0,0,0,216665,0,160657
19130,19662,Auto,12100.0,173855,0,167450,139029,216271,259426,0,0,0,0,0,216665,0,160657
18581,20001,The Forbidden Chakra,9212.0,173855,0,167450,139029,216271,259426,0,0,0,0,0,225877,0,160657
19901,20521,Leaping Opo,98647.0,173855,0,167450,139029,216271,358073,0,0,0,0,0,225877,0,160657
19231,20651,The Forbidden Chakra,12357.0,173855,0,167450,139029,216271,358073,0,0,0,0,0,238234,0,160657
20150,20682,Auto,12100.0,185955,0,167450,139029,216271,358073,0,0,0,0,0,238234,0,160657
21170,21702,Auto,12100.0,198055,0,167450,139029,216271,358073,0,0,0,0,0,238234,0,160657
20551,21971,The Forbidden Chakra,41955.0,198055,0,167450,139029,216271,358073,0,0,0,0,0,280189,0,160657
21131,22551,The Forbidden Chakra,4949.0,198055,0,167450,139029,216271,358073,0,0,0,0,0,285138,0,160657
22190,22722,Auto,12100.0,210155,0,167450,139029,216271,358073,0,0,0,0,0,285138,0,160657
21841,23131,Dragon Kick,49430.0,210155,0,216880,139029,216271,358073,0,0,0,0,0,285138,0,160657
23210,23742,Auto,12100.0,222255,0,216880,139029,216271,358073,0,0,0,0,0,285138,0,160657
22461,23881,The Forbidden Chakra,11233.0,222255,0,216880,139029,216271,358073,0,0,0,0,0,296371,0,160657
23111,24531,The Forbidden Chakra,4844.0,222255,0,216880,139029,216271,358073,0,0,0,0,0,301215,0,160657
24230,24762,Auto,12100.0,234355,0,216880,139029,216271,358073,0,0,0,0,0,301215,0,160657
23781,25201,Elixir Burst,139029.0,234355,0,216880,278058,216271,358073,0,0,0,0,0,301215,0,160657
24431,25851,The Forbidden Chakra,25889.0,234355,0,216880,278058,216271,358073,0,0,0,0,0,327104,0,160657
25721,26341,Leaping Opo,93949.0,234355,0,216880,278058,216271,452022,0,0,0,0,0,327104,0,160657
25011,26431,The Forbidden Chakra,4660.0,234355,0,216880,278058,216271,452022,0,0,0,0,0,331764,0,160657
26270,26802,Auto,9979.0,244334,0,216880,278058,216271,452022,0,0,0,0,0,331764,0,160657
26371,27791,The Forbidden Chakra,21018.0,244334,0,216880,278058,216271,452022,0,0,0,0,0,352782,0,160657
26951,28371,The Forbidden Chakra,0.0,244334,0,216880,278058,216271,452022,0,0,0,0,0,352782,0,160657
27661,28501,Twin Snakes,45614.0,244334,0,216880,278058,216271,452022,0,0,0,0,0,352782,45614,160657
28310,28842,Auto,8508.0,252842,0,216880,278058,216271,452022,0,0,0,0,0,352782,45614,160657
28311,29731,The Forbidden Chakra,2519.0,252842,0,216880,278058,216271,452022,0,0,0,0,0,355301,45614,160657
28891,30311,The Forbidden Chakra,0.0,252842,0,216880,278058,216271,452022,0,0,0,0,0,355301,45614,160657
30350,30882,Auto,8508.0,261350,0,216880,278058,216271,452022,0,0,0,0,0,355301,45614,160657
29601,31201,Demolish,45614.0,261350,45614,216880,278058,216271,452022,0,0,0,0,0,355301,45614,160657
30251,31671,The Forbidden Chakra,2589.0,261350,45614,216880,278058,216271,452022,0,0,0,0,0,357890,45614,160657
30831,32251,The Forbidden Chakra,0.0,261350,45614,216880,278058,216271,452022,0,0,0,0,0,357890,45614,160657
31542,32832,Dragon Kick,34754.0,261350,45614,251634,278058,216271,452022,0,0,0,0,0,357890,45614,160657
32390,32922,Auto,8508.0,269858,45614,251634,278058,216271,452022,0,0,0,0,0,357890,45614,160657
32192,33612,The Forbidden Chakra,2615.0,269858,45614,251634,278058,216271,452022,0,0,0,0,0,360505,45614,160657
32772,34192,The Forbidden Chakra,0.0,269858,45614,251634,278058,216271,452022,0,0,0,0,0,360505,45614,160657
33482,34372,Rising Raptor,58649.0,269858,45614,251634,278058,216271,452022,0,0,0,58649,0,360505,45614,160657
34430,34962,Auto,7859.0,277717,45614,251634,278058,216271,452022,0,0,0,58649,0,360505,45614,160657
34132,35552,The Forbidden Chakra,2006.0,277717,45614,251634,278058,216271,452022,0,0,0,58649,0,362511,45614,160657
34712,36132,The Forbidden Chakra,0.0,277717,45614,251634,278058,216271,452022,0,0,0,58649,0,362511,45614,160657
35422,36442,Pouncing Coeurl,52164.0,277717,45614,251634,278058,216271,452022,0,52164,0,58649,0,362511,45614,160657
36470,37002,Auto,7859.0,285576,45614,251634,278058,216271,452022,0,52164,0,58649,0,362511,45614,160657
36042,37462,The Forbidden Chakra,2114.0,285576,45614,251634,278058,216271,452022,0,52164,0,58649,0,364625,45614,160657
37362,37982,Leaping Opo,64066.0,285576,45614,251634,278058,216271,516088,0,52164,0,58649,0,364625,45614,160657
36692,38112,The Forbidden Chakra,0.0,285576,45614,251634,278058,216271,516088,0,52164,0,58649,0,364625,45614,160657
38510,39042,Auto,7859.0,293435,45614,251634,278058,216271,516088,0,52164,0,58649,0,364625,45614,160657
38012,39432,The Forbidden Chakra,5986.0,293435,45614,251634,278058,216271,516088,0,52164,0,58649,0,370611,45614,160657
38592,40012,The Forbidden Chakra,0.0,293435,45614,251634,278058,216271,516088,0,52164,0,58649,0,370611,45614,160657
39302,40142,Twin Snakes,42132.0,293435,45614,251634,278058,216271,516088,0,52164,0,58649,0,370611,87746,160657
40550,41082,Auto,7859.0,301294,45614,251634,278058,216271,516088,0,52164,0,58649,0,370611,87746,160657
39952,41372,The Forbidden Chakra,1821.0,301294,45614,251634,278058,216271,516088,0,52164,0,58649,0,372432,87746,160657
40532,41952,The Forbidden Chakra,0.0,301294,45614,251634,278058,216271,516088,0,52164,0,58649,0,372432,87746,160657
41242,42262,Pouncing Coeurl,52164.0,301294,45614,251634,278058,216271,516088,0,104328,0,58649,0,372432,87746,160657
42590,43122,Auto,7853.0,309147,45614,251634,278058,216271,516088,0,104328,0,58649,0,372432,87746,160657
41892,43312,The Forbidden Chakra,1922.0,309147,45614,251634,278058,216271,516088,0,104328,0,58649,0,374354,87746,160657
42472,43892,The Forbidden Chakra,0.0,309147,45614,251634,278058,216271,516088,0,104328,0,58649,0,374354,87746,160657
43182,44472,Dragon Kick,32076.0,309147,45614,283710,278058,216271,516088,0,104328,0,58649,0,374354,87746,160657
44630,45162,Auto,7853.0,317000,45614,283710,278058,216271,516088,0,104328,0,58649,0,374354,87746,160657
43832,45252,The Forbidden Chakra,1956.0,317000,45614,283710,278058,216271,516088,0,104328,0,58649,0,376310,87746,160657
44412,45832,The Forbidden Chakra,0.0,317000,45614,283710,278058,216271,516088,0,104328,0,58649,0,376310,87746,160657
45122,46012,Rising Raptor,54134.0,317000,45614,283710,278058,216271,516088,0,104328,0,112783,0,376310,87746,160657
45772,47192,The Forbidden Chakra,2209.0,317000,45614,283710,278058,216271,516088,0,104328,0,112783,0,378519,87746,160657
46670,47202,Auto,7853.0,324853,45614,283710,278058,216271,516088,0,104328,0,112783,0,378519,87746,160657
46352,47772,The Forbidden Chakra,0.0,324853,45614,283710,278058,216271,516088,0,104328,0,112783,0,378519,87746,160657
47062,48662,Demolish,42103.0,324853,87717,283710,278058,216271,516088,0,104328,0,112783,0,378519,87746,160657
47712,49132,The Forbidden Chakra,2413.0,324853,87717,283710,278058,216271,516088,0,104328,0,112783,0,380932,87746,160657
48710,49242,Auto,7853.0,332706,87717,283710,278058,216271,516088,0,104328,0,112783,0,380932,87746,160657
49002,49622,Leaping Opo,63903.0,332706,87717,283710,278058,216271,579991,0,104328,0,112783,0,380932,87746,160657
48292,49712,The Forbidden Chakra,0.0,332706,87717,283710,278058,216271,579991,0,104328,0,112783,0,380932,87746,160657
49652,51072,The Forbidden Chakra,8476.0,332706,87717,283710,278058,216271,579991,0,104328,0,112783,0,389408,87746,160657
50750,51282,Auto,7853.0,340559,87717,283710,278058,216271,579991,0,104328,0,112783,0,389408,87746,160657
50232,51652,The Forbidden Chakra,0.0,340559,87717,283710,278058,216271,579991,0,104328,0,112783,0,389408,87746,160657
50942,51782,Twin Snakes,42103.0,340559,87717,283710,278058,216271,579991,0,104328,0,112783,0,389408,129849,160657
51592,53012,The Forbidden Chakra,2534.0,340559,87717,283710,278058,216271,579991,0,104328,0,112783,0,391942,129849,160657
52790,53322,Auto,7853.0,348412,87717,283710,278058,216271,579991,0,104328,0,112783,0,391942,129849,160657
52172,53592,The Forbidden Chakra,0.0,348412,87717,283710,278058,216271,579991,0,104328,0,112783,0,391942,129849,160657
52883,53903,Pouncing Coeurl,52127.0,348412,87717,283710,278058,216271,579991,0,156455,0,112783,0,391942,129849,160657
53533,54953,The Forbidden Chakra,2570.0,348412,87717,283710,278058,216271,579991,0,156455,0,112783,0,394512,129849,160657
54830,55362,Auto,7853.0,356265,87717,283710,278058,216271,579991,0,156455,0,112783,0,394512,129849,160657
54113,55533,The Forbidden Chakra,0.0,356265,87717,283710,278058,216271,579991,0,156455,0,112783,0,394512,129849,160657
54823,56113,Dragon Kick,32076.0,356265,87717,315786,278058,216271,579991,0,156455,0,112783,0,394512,129849,160657
55473,56893,The Forbidden Chakra,2466.0,356265,87717,315786,278058,216271,579991,0,156455,0,112783,0,396978,129849,160657
56870,57402,Auto,7853.0,364118,87717,315786,278058,216271,579991,0,156455,0,112783,0,396978,129849,160657
56053,57473,The Forbidden Chakra,0.0,364118,87717,315786,278058,216271,579991,0,156455,0,112783,0,396978,129849,160657
56763,57653,Rising Raptor,54134.0,364118,87717,315786,278058,216271,579991,0,156455,0,166917,0,396978,129849,160657
57413,58833,The Forbidden Chakra,2526.0,364118,87717,315786,278058,216271,579991,0,156455,0,166917,0,399504,129849,160657
57993,59413,The Forbidden Chakra,0.0,364118,87717,315786,278058,216271,579991,0,156455,0,166917,0,399504,129849,160657
58910,59442,Auto,7853.0,371971,87717,315786,278058,216271,579991,0,156455,0,166917,0,399504,129849,160657
58703,59723,Pouncing Coeurl,52127.0,371971,87717,315786,278058,216271,579991,0,208582,0,166917,0,399504,129849,160657
59323,60743,The Forbidden Chakra,2417.0,371971,87717,315786,278058,216271,579991,0,208582,0,166917,0,401921,129849,160657
60643,61263,Leaping Opo,63903.0,371971,87717,315786,278058,216271,643894,0,208582,0,166917,0,401921,129849,160657
59973,61393,The Forbidden Chakra,0.0,371971,87717,315786,278058,216271,643894,0,208582,0,166917,0,401921,129849,160657
60950,61482,Auto,7853.0,379824,87717,315786,278058,216271,643894,0,208582,0,166917,0,401921,129849,160657
61293,62713,The Forbidden Chakra,7771.0,379824,87717,315786,278058,216271,643894,0,208582,0,166917,0,409692,129849,160657
61873,63293,The Forbidden Chakra,0.0,379824,87717,315786,278058,216271,643894,0,208582,0,166917,0,409692,129849,160657
62583,63423,Twin Snakes,42103.0,379824,87717,315786,278058,216271,643894,0,208582,0,166917,0,409692,171952,160657
62990,63522,Auto,7853.0,387677,87717,315786,278058,216271,643894,0,208582,0,166917,0,409692,171952,160657
63233,64653,The Forbidden Chakra,2041.0,387677,87717,315786,278058,216271,643894,0,208582,0,166917,0,411733,171952,160657
63813,65233,The Forbidden Chakra,0.0,387677,87717,315786,278058,216271,643894,0,208582,0,166917,0,411733,171952,160657
65030,65562,Auto,7853.0,395530,87717,315786,278058,216271,643894,0,208582,0,166917,0,411733,171952,160657
64522,66122,Demolish,42103.0,395530,129820,315786,278058,216271,643894,0,208582,0,166917,0,411733,171952,160657
67070,67602,Auto,9031.0,404561,129820,315786,278058,216271,643894,0,208582,0,166917,0,411733,171952,160657
66463,67753,Dragon Kick,36887.0,404561,129820,352673,278058,216271,643894,0,208582,0,166917,0,411733,171952,160657
68403,69023,Leaping Opo,73488.0,404561,129820,352673,278058,216271,717382,0,208582,0,166917,0,411733,171952,160657
67733,69153,The Forbidden Chakra,4800.0,404561,129820,352673,278058,216271,717382,0,208582,0,166917,0,416533,171952,160657
69110,69642,Auto,9031.0,413592,129820,352673,278058,216271,717382,0,208582,0,166917,0,416533,171952,160657
69053,70473,The Forbidden Chakra,8798.0,413592,129820,352673,278058,216271,717382,0,208582,0,166917,0,425331,171952,160657
69633,71053,The Forbidden Chakra,0.0,413592,129820,352673,278058,216271,717382,0,208582,0,166917,0,425331,171952,160657
70343,71233,Rising Raptor,62254.0,413592,129820,352673,278058,216271,717382,0,208582,0,229171,0,425331,171952,160657
71150,71682,Auto,9031.0,422623,129820,352673,278058,216271,717382,0,208582,0,229171,0,425331,171952,160657
70993,72413,The Forbidden Chakra,2471.0,422623,129820,352673,278058,216271,717382,0,208582,0,229171,0,427802,171952,160657
71573,72993,The Forbidden Chakra,0.0,422623,129820,352673,278058,216271,717382,0,208582,0,229171,0,427802,171952,160657
72283,73303,Pouncing Coeurl,59946.0,422623,129820,352673,278058,216271,717382,0,268528,0,229171,0,427802,171952,160657
73190,73722,Auto,9031.0,431654,129820,352673,278058,216271,717382,0,268528,0,229171,0,427802,171952,160657
72933,74353,The Forbidden Chakra,2743.0,431654,129820,352673,278058,216271,717382,0,268528,0,229171,0,430545,171952,160657
73513,74933,The Forbidden Chakra,0.0,431654,129820,352673,278058,216271,717382,0,268528,0,229171,0,430545,171952,160657
74224,74984,Rising Phoenix,103762.0,431654,129820,352673,278058,216271,717382,0,268528,103762,229171,0,430545,171952,160657
75230,75762,Auto,9031.0,440685,129820,352673,278058,216271,717382,0,268528,103762,229171,0,430545,171952,160657
74874,76294,The Forbidden Chakra,2646.0,440685,129820,352673,278058,216271,717382,0,268528,103762,229171,0,433191,171952,160657
75454,76874,The Forbidden Chakra,0.0,440685,129820,352673,278058,216271,717382,0,268528,103762,229171,0,433191,171952,160657
76164,77454,Dragon Kick,36887.0,440685,129820,389560,278058,216271,717382,0,268528,103762,229171,0,433191,171952,160657
77270,77802,Auto,9031.0,449716,129820,389560,278058,216271,717382,0,268528,103762,229171,0,433191,171952,160657
76814,78234,The Forbidden Chakra,2688.0,449716,129820,389560,278058,216271,717382,0,268528,103762,229171,0,435879,171952,160657
77394,78814,The Forbidden Chakra,0.0,449716,129820,389560,278058,216271,717382,0,268528,103762,229171,0,435879,171952,160657
78104,79524,Fire's Reply,161409.0,449716,129820,389560,278058,377680,717382,0,268528,103762,229171,0,435879,171952,160657
79310,79842,Auto,9031.0,458747,129820,389560,278058,377680,717382,0,268528,103762,229171,0,435879,171952,160657
78754,80174,The Forbidden Chakra,2642.0,458747,129820,389560,278058,377680,717382,0,268528,103762,229171,0,438521,171952,160657
80044,80664,Leaping Opo,73488.0,458747,129820,389560,278058,377680,790870,0,268528,103762,229171,0,438521,171952,160657
79334,80754,The Forbidden Chakra,0.0,458747,129820,389560,278058,377680,790870,0,268528,103762,229171,0,438521,171952,160657
81350,81882,Auto,9031.0,467778,129820,389560,278058,377680,790870,0,268528,103762,229171,0,438521,171952,160657
80694,82114,The Forbidden Chakra,9711.0,467778,129820,389560,278058,377680,790870,0,268528,103762,229171,0,448232,171952,160657
81274,82694,The Forbidden Chakra,0.0,467778,129820,389560,278058,377680,790870,0,268528,103762,229171,0,448232,171952,160657
81984,82824,Twin Snakes,48280.0,467778,129820,389560,278058,377680,790870,0,268528,103762,229171,0,448232,220232,160657
83390,83922,Auto,9005.0,476783,129820,389560,278058,377680,790870,0,268528,103762,229171,0,448232,220232,160657
82634,84054,The Forbidden Chakra,2556.0,476783,129820,389560,278058,377680,790870,0,268528,103762,229171,0,450788,220232,160657
83214,84634,The Forbidden Chakra,0.0,476783,129820,389560,278058,377680,790870,0,268528,103762,229171,0,450788,220232,160657
83924,84944,Pouncing Coeurl,59775.0,476783,129820,389560,278058,377680,790870,0,328303,103762,229171,0,450788,220232,160657
85430,85962,Auto,9005.0,485788,129820,389560,278058,377680,790870,0,328303,103762,229171,0,450788,220232,160657
84544,85964,The Forbidden Chakra,2432.0,485788,129820,389560,278058,377680,790870,0,328303,103762,229171,0,453220,220232,160657
85194,86614,The Forbidden Chakra,0.0,485788,129820,389560,278058,377680,790870,0,328303,103762,229171,0,453220,220232,160657
85864,87154,Dragon Kick,36781.0,485788,129820,426341,278058,377680,790870,0,328303,103762,229171,0,453220,220232,160657
86514,87934,The Forbidden Chakra,2243.0,485788,129820,426341,278058,377680,790870,0,328303,103762,229171,0,455463,220232,160657
87470,88002,Auto,7831.0,493619,129820,426341,278058,377680,790870,0,328303,103762,229171,0,455463,220232,160657
87094,88514,The Forbidden Chakra,0.0,493619,129820,426341,278058,377680,790870,0,328303,103762,229171,0,455463,220232,160657
87804,88694,Rising Raptor,53980.0,493619,129820,426341,278058,377680,790870,0,328303,103762,283151,0,455463,220232,160657
88454,89874,The Forbidden Chakra,2143.0,493619,129820,426341,278058,377680,790870,0,328303,103762,283151,0,457606,220232,160657
89510,90042,Auto,7831.0,501450,129820,426341,278058,377680,790870,0,328303,103762,283151,0,457606,220232,160657
89034,90454,The Forbidden Chakra,0.0,501450,129820,426341,278058,377680,790870,0,328303,103762,283151,0,457606,220232,160657
89744,91344,Demolish,41983.0,501450,171803,426341,278058,377680,790870,0,328303,103762,283151,0,457606,220232,160657
90394,91814,The Forbidden Chakra,2063.0,501450,171803,426341,278058,377680,790870,0,328303,103762,283151,0,459669,220232,160657
91550,92082,Auto,7831.0,509281,171803,426341,278058,377680,790870,0,328303,103762,283151,0,459669,220232,160657
91684,92304,Leaping Opo,63721.0,509281,171803,426341,278058,377680,854591,0,328303,103762,283151,0,459669,220232,160657
90974,92394,The Forbidden Chakra,0.0,509281,171803,426341,278058,377680,854591,0,328303,103762,283151,0,459669,220232,160657
92334,93754,The Forbidden Chakra,7713.0,509281,171803,426341,278058,377680,854591,0,328303,103762,283151,0,467382,220232,160657
93590,94122,Auto,7831.0,517112,171803,426341,278058,377680,854591,0,328303,103762,283151,0,467382,220232,160657
92914,94334,The Forbidden Chakra,0.0,517112,171803,426341,278058,377680,854591,0,328303,103762,283151,0,467382,220232,160657
93625,94465,Twin Snakes,41983.0,517112,171803,426341,278058,377680,854591,0,328303,103762,283151,0,467382,262215,160657
94275,95695,The Forbidden Chakra,2319.0,517112,171803,426341,278058,377680,854591,0,328303,103762,283151,0,469701,262215,160657
95630,96162,Auto,7831.0,524943,171803,426341,278058,377680,854591,0,328303,103762,283151,0,469701,262215,160657
94855,96275,The Forbidden Chakra,0.0,524943,171803,426341,278058,377680,854591,0,328303,103762,283151,0,469701,262215,160657
95565,96585,Pouncing Coeurl,51978.0,524943,171803,426341,278058,377680,854591,0,380281,103762,283151,0,469701,262215,160657
96215,97635,The Forbidden Chakra,2299.0,524943,171803,426341,278058,377680,854591,0,380281,103762,283151,0,472000,262215,160657
97670,98202,Auto,7831.0,532774,171803,426341,278058,377680,854591,0,380281,103762,283151,0,472000,262215,160657
96795,98215,The Forbidden Chakra,0.0,532774,171803,426341,278058,377680,854591,0,380281,103762,283151,0,472000,262215,160657
97505,98795,Dragon Kick,31984.0,532774,171803,458325,278058,377680,854591,0,380281,103762,283151,0,472000,262215,160657
98775,100195,The Forbidden Chakra,2259.0,532774,171803,458325,278058,377680,854591,0,380281,103762,283151,0,474259,262215,160657
99710,100242,Auto,7831.0,540605,171803,458325,278058,377680,854591,0,380281,103762,283151,0,474259,262215,160657
99445,100335,Rising Raptor,53980.0,540605,171803,458325,278058,377680,854591,0,380281,103762,337131,0,474259,262215,160657
100730,101262,Auto,7831.0,548436,171803,458325,278058,377680,854591,0,380281,103762,337131,0,474259,262215,160657
100095,101515,The Forbidden Chakra,2235.0,548436,171803,458325,278058,377680,854591,0,380281,103762,337131,0,476494,262215,160657
100675,102095,The Forbidden Chakra,0.0,548436,171803,458325,278058,377680,854591,0,380281,103762,337131,0,476494,262215,160657
101750,102282,Auto,7831.0,556267,171803,458325,278058,377680,854591,0,380281,103762,337131,0,476494,262215,160657
101385,102405,Pouncing Coeurl,51978.0,556267,171803,458325,278058,377680,854591,0,432259,103762,337131,0,476494,262215,160657
102770,103302,Auto,7831.0,564098,171803,458325,278058,377680,854591,0,432259,103762,337131,0,476494,262215,160657
102035,103455,The Forbidden Chakra,2423.0,564098,171803,458325,278058,377680,854591,0,432259,103762,337131,0,478917,262215,160657
102615,104035,The Forbidden Chakra,0.0,564098,171803,458325,278058,377680,854591,0,432259,103762,337131,0,478917,262215,160657
103790,104322,Auto,7831.0,571929,171803,458325,278058,377680,854591,0,432259,103762,337131,0,478917,262215,160657
103325,104525,Wind's Reply,103964.0,571929,171803,458325,278058,377680,854591,0,432259,103762,337131,0,478917,262215,264621
104810,105342,Auto,7831.0,579760,171803,458325,278058,377680,854591,0,432259,103762,337131,0,478917,262215,264621
103975,105395,The Forbidden Chakra,2191.0,579760,171803,458325,278058,377680,854591,0,432259,103762,337131,0,481108,262215,264621
105265,105885,Leaping Opo,63721.0,579760,171803,458325,278058,377680,918312,0,432259,103762,337131,0,481108,262215,264621
104555,105975,The Forbidden Chakra,0.0,579760,171803,458325,278058,377680,918312,0,432259,103762,337131,0,481108,262215,264621
105830,106362,Auto,7831.0,587591,171803,458325,278058,377680,918312,0,432259,103762,337131,0,481108,262215,264621
105915,107335,The Forbidden Chakra,8124.0,587591,171803,458325,278058,377680,918312,0,432259,103762,337131,0,489232,262215,264621
106850,107382,Auto,7831.0,595422,171803,458325,278058,377680,918312,0,432259,103762,337131,0,489232,262215,264621
106495,107915,The Forbidden Chakra,0.0,595422,171803,458325,278058,377680,918312,0,432259,103762,337131,0,489232,262215,264621
107205,108045,Twin Snakes,41983.0,595422,171803,458325,278058,377680,918312,0,432259,103762,337131,0,489232,304198,264621
107870,108402,Auto,7831.0,603253,171803,458325,278058,377680,918312,0,432259,103762,337131,0,489232,304198,264621
107855,109275,The Forbidden Chakra,2211.0,603253,171803,458325,278058,377680,918312,0,432259,103762,337131,0,491443,304198,264621
108890,109422,Auto,7831.0,611084,171803,458325,278058,377680,918312,0,432259,103762,337131,0,491443,304198,264621
108435,109855,The Forbidden Chakra,0.0,611084,171803,458325,278058,377680,918312,0,432259,103762,337131,0,491443,304198,264621
109910,110442,Auto,7831.0,618915,171803,458325,278058,377680,918312,0,432259,103762,337131,0,491443,304198,264621
109145,110745,Demolish,41983.0,618915,213786,458325,278058,377680,918312,0,432259,103762,337131,0,491443,304198,264621
109765,111185,The Forbidden Chakra,1959.0,618915,213786,458325,278058,377680,918312,0,432259,103762,337131,0,493402,304198,264621
110930,111462,Auto,7831.0,626746,213786,458325,278058,377680,918312,0,432259,103762,337131,0,493402,304198,264621
110415,111835,The Forbidden Chakra,0.0,626746,213786,458325,278058,377680,918312,0,432259,103762,337131,0,493402,304198,264621
111085,112375,Dragon Kick,31984.0,626746,213786,490309,278058,377680,918312,0,432259,103762,337131,0,493402,304198,264621
111950,112482,Auto,7831.0,634577,213786,490309,278058,377680,918312,0,432259,103762,337131,0,493402,304198,264621
111735,113155,The Forbidden Chakra,2367.0,634577,213786,490309,278058,377680,918312,0,432259,103762,337131,0,495769,304198,264621
112970,113502,Auto,7831.0,642408,213786,490309,278058,377680,918312,0,432259,103762,337131,0,495769,304198,264621
112315,113735,The Forbidden Chakra,0.0,642408,213786,490309,278058,377680,918312,0,432259,103762,337131,0,495769,304198,264621
113025,113915,Rising Raptor,53980.0,642408,213786,490309,278058,377680,918312,0,432259,103762,391111,0,495769,304198,264621
113990,114522,Auto,7831.0,650239,213786,490309,278058,377680,918312,0,432259,103762,391111,0,495769,304198,264621
113675,115095,The Forbidden Chakra,2119.0,650239,213786,490309,278058,377680,918312,0,432259,103762,391111,0,497888,304198,264621
114255,115675,The Forbidden Chakra,0.0,650239,213786,490309,278058,377680,918312,0,432259,103762,391111,0,497888,304198,264621
114966,115986,Pouncing Coeurl,51978.0,650239,213786,490309,278058,377680,918312,0,484237,103762,391111,0,497888,304198,264621
116030,116562,Auto,7831.0,658070,213786,490309,278058,377680,918312,0,484237,103762,391111,0,497888,304198,264621
115616,117036,The Forbidden Chakra,2223.0,658070,213786,490309,278058,377680,918312,0,484237,103762,391111,0,500111,304198,264621
116906,117526,Leaping Opo,63721.0,658070,213786,490309,278058,377680,982033,0,484237,103762,391111,0,500111,304198,264621
116196,117616,The Forbidden Chakra,0.0,658070,213786,490309,278058,377680,982033,0,484237,103762,391111,0,500111,304198,264621
118070,118602,Auto,7831.0,665901,213786,490309,278058,377680,982033,0,484237,103762,391111,0,500111,304198,264621
117556,118976,The Forbidden Chakra,8224.0,665901,213786,490309,278058,377680,982033,0,484237,103762,391111,0,508335,304198,264621
118136,119556,The Forbidden Chakra,0.0,665901,213786,490309,278058,377680,982033,0,484237,103762,391111,0,508335,304198,264621
118846,119686,Twin Snakes,41983.0,665901,213786,490309,278058,377680,982033,0,484237,103762,391111,0,508335,346181,264621
120110,120642,Auto,7831.0,673732,213786,490309,278058,377680,982033,0,484237,103762,391111,0,508335,346181,264621
119496,120916,The Forbidden Chakra,2319.0,673732,213786,490309,278058,377680,982033,0,484237,103762,391111,0,510654,346181,264621
120076,121496,The Forbidden Chakra,0.0,673732,213786,490309,278058,377680,982033,0,484237,103762,391111,0,510654,346181,264621
120786,121806,Pouncing Coeurl,52164.0,673732,213786,490309,278058,377680,982033,0,536401,103762,391111,0,510654,346181,264621
122150,122682,Auto,7859.0,681591,213786,490309,278058,377680,982033,0,536401,103762,391111,0,510654,346181,264621
121436,122856,The Forbidden Chakra,2459.0,681591,213786,490309,278058,377680,982033,0,536401,103762,391111,0,513113,346181,264621
122016,123436,The Forbidden Chakra,0.0,681591,213786,490309,278058,377680,982033,0,536401,103762,391111,0,513113,346181,264621
122726,124016,Dragon Kick,32098.0,681591,213786,522407,278058,377680,982033,0,536401,103762,391111,0,513113,346181,264621
124190,124722,Auto,7859.0,689450,213786,522407,278058,377680,982033,0,536401,103762,391111,0,513113,346181,264621
124666,125286,Leaping Opo,64066.0,689450,213786,522407,278058,377680,1046099,0,536401,103762,391111,0,513113,346181,264621
123996,125416,The Forbidden Chakra,2351.0,689450,213786,522407,278058,377680,1046099,0,536401,103762,391111,0,515464,346181,264621
126230,126762,Auto,10436.0,699886,213786,522407,278058,377680,1046099,0,536401,103762,391111,0,515464,346181,264621
126606,127896,Dragon Kick,47443.0,699886,213786,569850,278058,377680,1046099,0,536401,103762,391111,0,515464,346181,264621
127226,128646,The Forbidden Chakra,19572.0,699886,213786,569850,278058,377680,1046099,0,536401,103762,391111,0,535036,346181,264621
128270,128802,Auto,11616.0,711502,213786,569850,278058,377680,1046099,0,536401,103762,391111,0,535036,346181,264621
128545,129165,Leaping Opo,94693.0,711502,213786,569850,278058,377680,1140792,0,536401,103762,391111,0,535036,346181,264621
127876,129296,The Forbidden Chakra,0.0,711502,213786,569850,278058,377680,1140792,0,536401,103762,391111,0,535036,346181,264621
129195,130615,The Forbidden Chakra,46872.0,711502,213786,569850,278058,377680,1140792,0,536401,103762,391111,0,581908,346181,264621
130310,130842,Auto,11616.0,723118,213786,569850,278058,377680,1140792,0,536401,103762,391111,0,581908,346181,264621
130485,130885,Phantom Rush,222429.0,723118,213786,569850,278058,377680,1140792,222429,536401,103762,391111,0,581908,346181,264621
129775,131195,The Forbidden Chakra,5705.0,723118,213786,569850,278058,377680,1140792,222429,536401,103762,391111,0,587613,346181,264621
131106,132526,The Forbidden Chakra,24494.0,723118,213786,569850,278058,377680,1140792,222429,536401,103762,391111,0,612107,346181,264621
132350,132882,Auto,11616.0,734734,213786,569850,278058,377680,1140792,222429,536401,103762,391111,0,612107,346181,264621
131756,133176,The Forbidden Chakra,2520.0,734734,213786,569850,278058,377680,1140792,222429,536401,103762,391111,0,614627,346181,264621
132426,133716,Dragon Kick,47443.0,734734,213786,617293,278058,377680,1140792,222429,536401,103762,391111,0,614627,346181,264621
133076,134496,The Forbidden Chakra,8552.0,734734,213786,617293,278058,377680,1140792,222429,536401,103762,391111,0,623179,346181,264621
134390,134922,Auto,11616.0,746350,213786,617293,278058,377680,1140792,222429,536401,103762,391111,0,623179,346181,264621
133656,135076,The Forbidden Chakra,2224.0,746350,213786,617293,278058,377680,1140792,222429,536401,103762,391111,0,625403,346181,264621
134366,135786,Fire's Reply,207598.0,746350,213786,617293,278058,585278,1140792,222429,536401,103762,391111,0,625403,346181,264621
135016,136436,The Forbidden Chakra,24755.0,746350,213786,617293,278058,585278,1140792,222429,536401,103762,391111,0,650158,346181,264621
136307,136927,Leaping Opo,94693.0,746350,213786,617293,278058,585278,1235485,222429,536401,103762,391111,0,650158,346181,264621
136430,136962,Auto,11616.0,757966,213786,617293,278058,585278,1235485,222429,536401,103762,391111,0,650158,346181,264621
135596,137016,The Forbidden Chakra,2473.0,757966,213786,617293,278058,585278,1235485,222429,536401,103762,391111,0,652631,346181,264621
136927,138347,The Forbidden Chakra,46451.0,757966,213786,617293,278058,585278,1235485,222429,536401,103762,391111,0,699082,346181,264621
138470,139002,Auto,11616.0,769582,213786,617293,278058,585278,1235485,222429,536401,103762,391111,0,699082,346181,264621
138247,139537,Dragon Kick,47443.0,769582,213786,664736,278058,585278,1235485,222429,536401,103762,391111,0,699082,346181,264621
138867,140287,The Forbidden Chakra,16066.0,769582,213786,664736,278058,585278,1235485,222429,536401,103762,391111,0,715148,346181,264621
140187,140807,Leaping Opo,94693.0,769582,213786,664736,278058,585278,1330178,222429,536401,103762,391111,0,715148,346181,264621
139517,140937,The Forbidden Chakra,4798.0,769582,213786,664736,278058,585278,1330178,222429,536401,103762,391111,0,719946,346181,264621
140510,141042,Auto,11616.0,781198,213786,664736,278058,585278,1330178,222429,536401,103762,391111,0,719946,346181,264621
140837,142257,The Forbidden Chakra,48331.0,781198,213786,664736,278058,585278,1330178,222429,536401,103762,391111,0,768277,346181,264621
141417,142837,The Forbidden Chakra,3499.0,781198,213786,664736,278058,585278,1330178,222429,536401,103762,391111,0,771776,346181,264621
142550,143082,Auto,11616.0,792814,213786,664736,278058,585278,1330178,222429,536401,103762,391111,0,771776,346181,264621
142127,143417,Dragon Kick,47443.0,792814,213786,712179,278058,585278,1330178,222429,536401,103762,391111,0,771776,346181,264621
142747,144167,The Forbidden Chakra,8410.0,792814,213786,712179,278058,585278,1330178,222429,536401,103762,391111,0,780186,346181,264621
143397,144817,The Forbidden Chakra,7206.0,792814,213786,712179,278058,585278,1330178,222429,536401,103762,391111,0,787392,346181,264621
144590,145122,Auto,11616.0,804430,213786,712179,278058,585278,1330178,222429,536401,103762,391111,0,787392,346181,264621
144067,145487,Elixir Burst,133454.0,804430,213786,712179,411512,585278,1330178,222429,536401,103762,391111,0,787392,346181,264621
144717,146137,The Forbidden Chakra,17490.0,804430,213786,712179,411512,585278,1330178,222429,536401,103762,391111,0,804882,346181,264621
146007,146627,Leaping Opo,90406.0,804430,213786,712179,411512,585278,1420584,222429,536401,103762,391111,0,804882,346181,264621
145297,146717,The Forbidden Chakra,4804.0,804430,213786,712179,411512,585278,1420584,222429,536401,103762,391111,0,809686,346181,264621
146630,147162,Auto,8251.0,812681,213786,712179,411512,585278,1420584,222429,536401,103762,391111,0,809686,346181,264621
146657,148077,The Forbidden Chakra,23716.0,812681,213786,712179,411512,585278,1420584,222429,536401,103762,391111,0,833402,346181,264621
147237,148657,The Forbidden Chakra,0.0,812681,213786,712179,411512,585278,1420584,222429,536401,103762,391111,0,833402,346181,264621
147947,148837,Rising Raptor,54172.0,812681,213786,712179,411512,585278,1420584,222429,536401,103762,445283,0,833402,346181,264621
148670,149202,Auto,7859.0,820540,213786,712179,411512,585278,1420584,222429,536401,103762,445283,0,833402,346181,264621
148567,149987,The Forbidden Chakra,2471.0,820540,213786,712179,411512,585278,1420584,222429,536401,103762,445283,0,835873,346181,264621
149217,150637,The Forbidden Chakra,0.0,820540,213786,712179,411512,585278,1420584,222429,536401,103762,445283,0,835873,346181,264621
150710,151242,Auto,7859.0,828399,213786,712179,411512,585278,1420584,222429,536401,103762,445283,0,835873,346181,264621
149887,151487,Demolish,42132.0,828399,255918,712179,411512,585278,1420584,222429,536401,103762,445283,0,835873,346181,264621
150537,151957,The Forbidden Chakra,2074.0,828399,255918,712179,411512,585278,1420584,222429,536401,103762,445283,0,837947,346181,264621
151117,152537,The Forbidden Chakra,0.0,828399,255918,712179,411512,585278,1420584,222429,536401,103762,445283,0,837947,346181,264621
151827,153117,Dragon Kick,32098.0,828399,255918,744277,411512,585278,1420584,222429,536401,103762,445283,0,837947,346181,264621
152750,153282,Auto,7859.0,836258,255918,744277,411512,585278,1420584,222429,536401,103762,445283,0,837947,346181,264621
152477,153897,The Forbidden Chakra,2239.0,836258,255918,744277,411512,585278,1420584,222429,536401,103762,445283,0,840186,346181,264621
153057,154477,The Forbidden Chakra,0.0,836258,255918,744277,411512,585278,1420584,222429,536401,103762,445283,0,840186,346181,264621
153767,154607,Twin Snakes,42132.0,836258,255918,744277,411512,585278,1420584,222429,536401,103762,445283,0,840186,388313,264621
154790,155322,Auto,7859.0,844117,255918,744277,411512,585278,1420584,222429,536401,103762,445283,0,840186,388313,264621
154417,155837,The Forbidden Chakra,1773.0,844117,255918,744277,411512,585278,1420584,222429,536401,103762,445283,0,841959,388313,264621
154997,156417,The Forbidden Chakra,0.0,844117,255918,744277,411512,585278,1420584,222429,536401,103762,445283,0,841959,388313,264621
155708,156728,Pouncing Coeurl,52164.0,844117,255918,744277,411512,585278,1420584,222429,588565,103762,445283,0,841959,388313,264621
156830,157362,Auto,7859.0,851976,255918,744277,411512,585278,1420584,222429,588565,103762,445283,0,841959,388313,264621
156358,157778,The Forbidden Chakra,1572.0,851976,255918,744277,411512,585278,1420584,222429,588565,103762,445283,0,843531,388313,264621
157648,158268,Leaping Opo,64066.0,851976,255918,744277,411512,585278,1484650,222429,588565,103762,445283,0,843531,388313,264621
156938,158358,The Forbidden Chakra,0.0,851976,255918,744277,411512,585278,1484650,222429,588565,103762,445283,0,843531,388313,264621
158870,159402,Auto,7859.0,859835,255918,744277,411512,585278,1484650,222429,588565,103762,445283,0,843531,388313,264621
158298,159718,The Forbidden Chakra,5204.0,859835,255918,744277,411512,585278,1484650,222429,588565,103762,445283,0,848735,388313,264621
158878,160298,The Forbidden Chakra,0.0,859835,255918,744277,411512,585278,1484650,222429,588565,103762,445283,0,848735,388313,264621
159588,160478,Rising Raptor,54172.0,859835,255918,744277,411512,585278,1484650,222429,588565,103762,499455,0,848735,388313,264621
160910,161442,Auto,7859.0,867694,255918,744277,411512,585278,1484650,222429,588565,103762,499455,0,848735,388313,264621
160238,161658,The Forbidden Chakra,1609.0,867694,255918,744277,411512,585278,1484650,222429,588565,103762,499455,0,850344,388313,264621
160818,162238,The Forbidden Chakra,0.0,867694,255918,744277,411512,585278,1484650,222429,588565,103762,499455,0,850344,388313,264621
161528,162548,Pouncing Coeurl,52164.0,867694,255918,744277,411512,585278,1484650,222429,640729,103762,499455,0,850344,388313,264621
162950,163482,Auto,7859.0,875553,255918,744277,411512,585278,1484650,222429,640729,103762,499455,0,850344,388313,264621
162178,163598,The Forbidden Chakra,2110.0,875553,255918,744277,411512,585278,1484650,222429,640729,103762,499455,0,852454,388313,264621
162758,164178,The Forbidden Chakra,0.0,875553,255918,744277,411512,585278,1484650,222429,640729,103762,499455,0,852454,388313,264621
163468,164758,Dragon Kick,32098.0,875553,255918,776375,411512,585278,1484650,222429,640729,103762,499455,0,852454,388313,264621
164990,165522,Auto,7859.0,883412,255918,776375,411512,585278,1484650,222429,640729,103762,499455,0,852454,388313,264621
164118,165538,The Forbidden Chakra,2190.0,883412,255918,776375,411512,585278,1484650,222429,640729,103762,499455,0,854644,388313,264621
164698,166118,The Forbidden Chakra,0.0,883412,255918,776375,411512,585278,1484650,222429,640729,103762,499455,0,854644,388313,264621
165408,166248,Twin Snakes,42103.0,883412,255918,776375,411512,585278,1484650,222429,640729,103762,499455,0,854644,430416,264621
166058,167478,The Forbidden Chakra,2405.0,883412,255918,776375,411512,585278,1484650,222429,640729,103762,499455,0,857049,430416,264621
167030,167562,Auto,7853.0,891265,255918,776375,411512,585278,1484650,222429,640729,103762,499455,0,857049,430416,264621
166638,168058,The Forbidden Chakra,0.0,891265,255918,776375,411512,585278,1484650,222429,640729,103762,499455,0,857049,430416,264621
167348,168948,Demolish,42103.0,891265,298021,776375,411512,585278,1484650,222429,640729,103762,499455,0,857049,430416,264621
167998,169418,The Forbidden Chakra,2482.0,891265,298021,776375,411512,585278,1484650,222429,640729,103762,499455,0,859531,430416,264621
169070,169602,Auto,7853.0,899118,298021,776375,411512,585278,1484650,222429,640729,103762,499455,0,859531,430416,264621
169288,169908,Leaping Opo,63903.0,899118,298021,776375,411512,585278,1548553,222429,640729,103762,499455,0,859531,430416,264621
168578,169998,The Forbidden Chakra,0.0,899118,298021,776375,411512,585278,1548553,222429,640729,103762,499455,0,859531,430416,264621
169938,171358,The Forbidden Chakra,8689.0,899118,298021,776375,411512,585278,1548553,222429,640729,103762,499455,0,868220,430416,264621
171110,171642,Auto,7853.0,906971,298021,776375,411512,585278,1548553,222429,640729,103762,499455,0,868220,430416,264621
170518,171938,The Forbidden Chakra,0.0,906971,298021,776375,411512,585278,1548553,222429,640729,103762,499455,0,868220,430416,264621
171228,172118,Rising Raptor,54134.0,906971,298021,776375,411512,585278,1548553,222429,640729,103762,553589,0,868220,430416,264621
171878,173298,The Forbidden Chakra,2566.0,906971,298021,776375,411512,585278,1548553,222429,640729,103762,553589,0,870786,430416,264621
173150,173682,Auto,7853.0,914824,298021,776375,411512,585278,1548553,222429,640729,103762,553589,0,870786,430416,264621
172458,173878,The Forbidden Chakra,0.0,914824,298021,776375,411512,585278,1548553,222429,640729,103762,553589,0,870786,430416,264621
173168,174188,Pouncing Coeurl,52127.0,914824,298021,776375,411512,585278,1548553,222429,692856,103762,553589,0,870786,430416,264621
173818,175238,The Forbidden Chakra,2486.0,914824,298021,776375,411512,585278,1548553,222429,692856,103762,553589,0,873272,430416,264621
175190,175722,Auto,7853.0,922677,298021,776375,411512,585278,1548553,222429,692856,103762,553589,0,873272,430416,264621
174398,175818,The Forbidden Chakra,0.0,922677,298021,776375,411512,585278,1548553,222429,692856,103762,553589,0,873272,430416,264621
175108,176398,Dragon Kick,32076.0,922677,298021,808451,411512,585278,1548553,222429,692856,103762,553589,0,873272,430416,264621
175758,177178,The Forbidden Chakra,2389.0,922677,298021,808451,411512,585278,1548553,222429,692856,103762,553589,0,875661,430416,264621
176338,177758,The Forbidden Chakra,0.0,922677,298021,808451,411512,585278,1548553,222429,692856,103762,553589,0,875661,430416,264621
177230,177762,Auto,7853.0,930530,298021,808451,411512,585278,1548553,222429,692856,103762,553589,0,875661,430416,264621
177049,177889,Twin Snakes,42103.0,930530,298021,808451,411512,585278,1548553,222429,692856,103762,553589,0,875661,472519,264621
177699,179119,The Forbidden Chakra,2450.0,930530,298021,808451,411512,585278,1548553,222429,692856,103762,553589,0,878111,472519,264621
178279,179699,The Forbidden Chakra,0.0,930530,298021,808451,411512,585278,1548553,222429,692856,103762,553589,0,878111,472519,264621
179270,179802,Auto,7853.0,938383,298021,808451,411512,585278,1548553,222429,692856,103762,553589,0,878111,472519,264621
178989,180009,Pouncing Coeurl,52127.0,938383,298021,808451,411512,585278,1548553,222429,744983,103762,553589,0,878111,472519,264621
179639,181059,The Forbidden Chakra,2149.0,938383,298021,808451,411512,585278,1548553,222429,744983,103762,553589,0,880260,472519,264621
180929,181549,Leaping Opo,63903.0,938383,298021,808451,411512,585278,1612456,222429,744983,103762,553589,0,880260,472519,264621
180219,181639,The Forbidden Chakra,0.0,938383,298021,808451,411512,585278,1612456,222429,744983,103762,553589,0,880260,472519,264621
181310,181842,Auto,7853.0,946236,298021,808451,411512,585278,1612456,222429,744983,103762,553589,0,880260,472519,264621
181579,182999,The Forbidden Chakra,7546.0,946236,298021,808451,411512,585278,1612456,222429,744983,103762,553589,0,887806,472519,264621
182159,183579,The Forbidden Chakra,0.0,946236,298021,808451,411512,585278,1612456,222429,744983,103762,553589,0,887806,472519,264621
182869,183759,Rising Raptor,54134.0,946236,298021,808451,411512,585278,1612456,222429,744983,103762,607723,0,887806,472519,264621
183350,183882,Auto,7853.0,954089,298021,808451,411512,585278,1612456,222429,744983,103762,607723,0,887806,472519,264621
183519,184939,The Forbidden Chakra,2141.0,954089,298021,808451,411512,585278,1612456,222429,744983,103762,607723,0,889947,472519,264621
184099,185519,The Forbidden Chakra,0.0,954089,298021,808451,411512,585278,1612456,222429,744983,103762,607723,0,889947,472519,264621
185390,185922,Auto,7853.0,961942,298021,808451,411512,585278,1612456,222429,744983,103762,607723,0,889947,472519,264621
184809,186409,Demolish,42103.0,961942,340124,808451,411512,585278,1612456,222429,744983,103762,607723,0,889947,472519,264621
187430,187962,Auto,9031.0,970973,340124,808451,411512,585278,1612456,222429,744983,103762,607723,0,889947,472519,264621
186749,188039,Dragon Kick,36887.0,970973,340124,845338,411512,585278,1612456,222429,744983,103762,607723,0,889947,472519,264621
187369,188789,The Forbidden Chakra,4864.0,970973,340124,845338,411512,585278,1612456,222429,744983,103762,607723,0,894811,472519,264621
188019,189439,The Forbidden Chakra,0.0,970973,340124,845338,411512,585278,1612456,222429,744983,103762,607723,0,894811,472519,264621
189470,190002,Auto,9031.0,980004,340124,845338,411512,585278,1612456,222429,744983,103762,607723,0,894811,472519,264621
188689,190109,Fire's Reply,161409.0,980004,340124,845338,411512,746687,1612456,222429,744983,103762,607723,0,894811,472519,264621
190490,191022,Auto,9031.0,989035,340124,845338,411512,746687,1612456,222429,744983,103762,607723,0,894811,472519,264621
189959,191379,The Forbidden Chakra,2683.0,989035,340124,845338,411512,746687,1612456,222429,744983,103762,607723,0,897494,472519,264621
190629,191829,Wind's Reply,119901.0,989035,340124,845338,411512,746687,1612456,222429,744983,103762,607723,0,897494,472519,384522
191510,192042,Auto,9031.0,998066,340124,845338,411512,746687,1612456,222429,744983,103762,607723,0,897494,472519,384522
191279,192699,The Forbidden Chakra,2586.0,998066,340124,845338,411512,746687,1612456,222429,744983,103762,607723,0,900080,472519,384522
192530,193062,Auto,9031.0,1007097,340124,845338,411512,746687,1612456,222429,744983,103762,607723,0,900080,472519,384522
192569,193189,Leaping Opo,73488.0,1007097,340124,845338,411512,746687,1685944,222429,744983,103762,607723,0,900080,472519,384522
191859,193279,The Forbidden Chakra,0.0,1007097,340124,845338,411512,746687,1685944,222429,744983,103762,607723,0,900080,472519,384522
193550,194082,Auto,9031.0,1016128,340124,845338,411512,746687,1685944,222429,744983,103762,607723,0,900080,472519,384522
194570,195102,Auto,9031.0,1025159,340124,845338,411512,746687,1685944,222429,744983,103762,607723,0,900080,472519,384522
193839,195259,The Forbidden Chakra,9185.0,1025159,340124,845338,411512,746687,1685944,222429,744983,103762,607723,0,909265,472519,384522
194509,195799,Dragon Kick,36887.0,1025159,340124,882225,411512,746687,1685944,222429,744983,103762,607723,0,909265,472519,384522
195590,196122,Auto,9031.0,1034190,340124,882225,411512,746687,1685944,222429,744983,103762,607723,0,909265,472519,384522
195159,196579,The Forbidden Chakra,2683.0,1034190,340124,882225,411512,746687,1685944,222429,744983,103762,607723,0,911948,472519,384522
196610,197142,Auto,9031.0,1043221,340124,882225,411512,746687,1685944,222429,744983,103762,607723,0,911948,472519,384522
195739,197159,The Forbidden Chakra,0.0,1043221,340124,882225,411512,746687,1685944,222429,744983,103762,607723,0,911948,472519,384522
196449,197289,Twin Snakes,48418.0,1043221,340124,882225,411512,746687,1685944,222429,744983,103762,607723,0,911948,520937,384522
197630,198162,Auto,9031.0,1052252,340124,882225,411512,746687,1685944,222429,744983,103762,607723,0,911948,520937,384522
197099,198519,The Forbidden Chakra,2665.0,1052252,340124,882225,411512,746687,1685944,222429,744983,103762,607723,0,914613,520937,384522
197679,199099,The Forbidden Chakra,0.0,1052252,340124,882225,411512,746687,1685944,222429,744983,103762,607723,0,914613,520937,384522
198650,199182,Auto,9031.0,1061283,340124,882225,411512,746687,1685944,222429,744983,103762,607723,0,914613,520937,384522
198390,199410,Pouncing Coeurl,59946.0,1061283,340124,882225,411512,746687,1685944,222429,804929,103762,607723,0,914613,520937,384522
199670,200202,Auto,9031.0,1070314,340124,882225,411512,746687,1685944,222429,804929,103762,607723,0,914613,520937,384522
199040,200460,The Forbidden Chakra,2550.0,1070314,340124,882225,411512,746687,1685944,222429,804929,103762,607723,0,917163,520937,384522
199620,201040,The Forbidden Chakra,0.0,1070314,340124,882225,411512,746687,1685944,222429,804929,103762,607723,0,917163,520937,384522
200330,201090,Rising Phoenix,103762.0,1070314,340124,882225,411512,746687,1685944,222429,804929,207524,607723,0,917163,520937,384522
200690,201222,Auto,9031.0,1079345,340124,882225,411512,746687,1685944,222429,804929,207524,607723,0,917163,520937,384522
201710,202242,Auto,9031.0,1088376,340124,882225,411512,746687,1685944,222429,804929,207524,607723,0,917163,520937,384522
200980,202400,The Forbidden Chakra,2503.0,1088376,340124,882225,411512,746687,1685944,222429,804929,207524,607723,0,919666,520937,384522
202270,202890,Leaping Opo,73488.0,1088376,340124,882225,411512,746687,1759432,222429,804929,207524,607723,0,919666,520937,384522
201560,202980,The Forbidden Chakra,0.0,1088376,340124,882225,411512,746687,1759432,222429,804929,207524,607723,0,919666,520937,384522
202730,203262,Auto,9005.0,1097381,340124,882225,411512,746687,1759432,222429,804929,207524,607723,0,919666,520937,384522
203750,204282,Auto,9005.0,1106386,340124,882225,411512,746687,1759432,222429,804929,207524,607723,0,919666,520937,384522
202890,204310,The Forbidden Chakra,9145.0,1106386,340124,882225,411512,746687,1759432,222429,804929,207524,607723,0,928811,520937,384522
203540,204960,The Forbidden Chakra,0.0,1106386,340124,882225,411512,746687,1759432,222429,804929,207524,607723,0,928811,520937,384522
204210,205100,Rising Raptor,62076.0,1106386,340124,882225,411512,746687,1759432,222429,804929,207524,669799,0,928811,520937,384522
204770,205302,Auto,9005.0,1115391,340124,882225,411512,746687,1759432,222429,804929,207524,669799,0,928811,520937,384522
204860,206280,The Forbidden Chakra,2648.0,1115391,340124,882225,411512,746687,1759432,222429,804929,207524,669799,0,931459,520937,384522
205790,206322,Auto,9005.0,1124396,340124,882225,411512,746687,1759432,222429,804929,207524,669799,0,931459,520937,384522
205440,206860,The Forbidden Chakra,0.0,1124396,340124,882225,411512,746687,1759432,222429,804929,207524,669799,0,931459,520937,384522
206150,207170,Pouncing Coeurl,59775.0,1124396,340124,882225,411512,746687,1759432,222429,864704,207524,669799,0,931459,520937,384522
206800,208220,The Forbidden Chakra,2295.0,1124396,340124,882225,411512,746687,1759432,222429,864704,207524,669799,0,933754,520937,384522
207830,208362,Auto,7831.0,1132227,340124,882225,411512,746687,1759432,222429,864704,207524,669799,0,933754,520937,384522
207380,208800,The Forbidden Chakra,0.0,1132227,340124,882225,411512,746687,1759432,222429,864704,207524,669799,0,933754,520937,384522
208090,209380,Dragon Kick,31984.0,1132227,340124,914209,411512,746687,1759432,222429,864704,207524,669799,0,933754,520937,384522
208740,210160,The Forbidden Chakra,2287.0,1132227,340124,914209,411512,746687,1759432,222429,864704,207524,669799,0,936041,520937,384522
209870,210402,Auto,7831.0,1140058,340124,914209,411512,746687,1759432,222429,864704,207524,669799,0,936041,520937,384522
209320,210740,The Forbidden Chakra,0.0,1140058,340124,914209,411512,746687,1759432,222429,864704,207524,669799,0,936041,520937,384522
210030,210870,Twin Snakes,41983.0,1140058,340124,914209,411512,746687,1759432,222429,864704,207524,669799,0,936041,562920,384522
210680,212100,The Forbidden Chakra,2203.0,1140058,340124,914209,411512,746687,1759432,222429,864704,207524,669799,0,938244,562920,384522
211910,212442,Auto,7831.0,1147889,340124,914209,411512,746687,1759432,222429,864704,207524,669799,0,938244,562920,384522
211260,212680,The Forbidden Chakra,0.0,1147889,340124,914209,411512,746687,1759432,222429,864704,207524,669799,0,938244,562920,384522
211970,213570,Demolish,41983.0,1147889,382107,914209,411512,746687,1759432,222429,864704,207524,669799,0,938244,562920,384522
212620,214040,The Forbidden Chakra,2099.0,1147889,382107,914209,411512,746687,1759432,222429,864704,207524,669799,0,940343,562920,384522
213950,214482,Auto,7831.0,1155720,382107,914209,411512,746687,1759432,222429,864704,207524,669799,0,940343,562920,384522
213910,214530,Leaping Opo,63721.0,1155720,382107,914209,411512,746687,1823153,222429,864704,207524,669799,0,940343,562920,384522
213200,214620,The Forbidden Chakra,0.0,1155720,382107,914209,411512,746687,1823153,222429,864704,207524,669799,0,940343,562920,384522
214560,215980,The Forbidden Chakra,7976.0,1155720,382107,914209,411512,746687,1823153,222429,864704,207524,669799,0,948319,562920,384522
215990,216522,Auto,7831.0,1163551,382107,914209,411512,746687,1823153,222429,864704,207524,669799,0,948319,562920,384522
215140,216560,The Forbidden Chakra,0.0,1163551,382107,914209,411512,746687,1823153,222429,864704,207524,669799,0,948319,562920,384522
215850,216740,Rising Raptor,53980.0,1163551,382107,914209,411512,746687,1823153,222429,864704,207524,723779,0,948319,562920,384522
216500,217920,The Forbidden Chakra,2167.0,1163551,382107,914209,411512,746687,1823153,222429,864704,207524,723779,0,950486,562920,384522
217080,218500,The Forbidden Chakra,0.0,1163551,382107,914209,411512,746687,1823153,222429,864704,207524,723779,0,950486,562920,384522
218030,218562,Auto,7831.0,1171382,382107,914209,411512,746687,1823153,222429,864704,207524,723779,0,950486,562920,384522
217791,218811,Pouncing Coeurl,51978.0,1171382,382107,914209,411512,746687,1823153,222429,916682,207524,723779,0,950486,562920,384522
218441,219861,The Forbidden Chakra,2231.0,1171382,382107,914209,411512,746687,1823153,222429,916682,207524,723779,0,952717,562920,384522
219021,220441,The Forbidden Chakra,0.0,1171382,382107,914209,411512,746687,1823153,222429,916682,207524,723779,0,952717,562920,384522
220070,220602,Auto,7831.0,1179213,382107,914209,411512,746687,1823153,222429,916682,207524,723779,0,952717,562920,384522
219731,221021,Dragon Kick,31984.0,1179213,382107,946193,411512,746687,1823153,222429,916682,207524,723779,0,952717,562920,384522
220351,221771,The Forbidden Chakra,2251.0,1179213,382107,946193,411512,746687,1823153,222429,916682,207524,723779,0,954968,562920,384522
221001,222421,The Forbidden Chakra,0.0,1179213,382107,946193,411512,746687,1823153,222429,916682,207524,723779,0,954968,562920,384522
221671,222511,Twin Snakes,41983.0,1179213,382107,946193,411512,746687,1823153,222429,916682,207524,723779,0,954968,604903,384522
222110,222642,Auto,7831.0,1187044,382107,946193,411512,746687,1823153,222429,916682,207524,723779,0,954968,604903,384522
222321,223741,The Forbidden Chakra,2391.0,1187044,382107,946193,411512,746687,1823153,222429,916682,207524,723779,0,957359,604903,384522
222901,224321,The Forbidden Chakra,0.0,1187044,382107,946193,411512,746687,1823153,222429,916682,207524,723779,0,957359,604903,384522
223611,224631,Pouncing Coeurl,51978.0,1187044,382107,946193,411512,746687,1823153,222429,968660,207524,723779,0,957359,604903,384522
224150,224682,Auto,7831.0,1194875,382107,946193,411512,746687,1823153,222429,968660,207524,723779,0,957359,604903,384522
224261,225681,The Forbidden Chakra,2183.0,1194875,382107,946193,411512,746687,1823153,222429,968660,207524,723779,0,959542,604903,384522
225551,226171,Leaping Opo,63721.0,1194875,382107,946193,411512,746687,1886874,222429,968660,207524,723779,0,959542,604903,384522
224841,226261,The Forbidden Chakra,0.0,1194875,382107,946193,411512,746687,1886874,222429,968660,207524,723779,0,959542,604903,384522
226190,226722,Auto,7831.0,1202706,382107,946193,411512,746687,1886874,222429,968660,207524,723779,0,959542,604903,384522
226201,227621,The Forbidden Chakra,7920.0,1202706,382107,946193,411512,746687,1886874,222429,968660,207524,723779,0,967462,604903,384522
226781,228201,The Forbidden Chakra,0.0,1202706,382107,946193,411512,746687,1886874,222429,968660,207524,723779,0,967462,604903,384522
227491,228381,Rising Raptor,53980.0,1202706,382107,946193,411512,746687,1886874,222429,968660,207524,777759,0,967462,604903,384522
228230,228762,Auto,7831.0,1210537,382107,946193,411512,746687,1886874,222429,968660,207524,777759,0,967462,604903,384522
228141,229561,The Forbidden Chakra,2271.0,1210537,382107,946193,411512,746687,1886874,222429,968660,207524,777759,0,969733,604903,384522
228721,230141,The Forbidden Chakra,0.0,1210537,382107,946193,411512,746687,1886874,222429,968660,207524,777759,0,969733,604903,384522
230270,230802,Auto,7831.0,1218368,382107,946193,411512,746687,1886874,222429,968660,207524,777759,0,969733,604903,384522
229431,231031,Demolish,41983.0,1218368,424090,946193,411512,746687,1886874,222429,968660,207524,777759,0,969733,604903,384522
230081,231501,The Forbidden Chakra,2339.0,1218368,424090,946193,411512,746687,1886874,222429,968660,207524,777759,0,972072,604903,384522
230661,232081,The Forbidden Chakra,0.0,1218368,424090,946193,411512,746687,1886874,222429,968660,207524,777759,0,972072,604903,384522
231371,232661,Dragon Kick,31984.0,1218368,424090,978177,411512,746687,1886874,222429,968660,207524,777759,0,972072,604903,384522
232310,232842,Auto,7831.0,1226199,424090,978177,411512,746687,1886874,222429,968660,207524,777759,0,972072,604903,384522
232021,233441,The Forbidden Chakra,2215.0,1226199,424090,978177,411512,746687,1886874,222429,968660,207524,777759,0,974287,604903,384522
232601,234021,The Forbidden Chakra,0.0,1226199,424090,978177,411512,746687,1886874,222429,968660,207524,777759,0,974287,604903,384522
233311,234151,Twin Snakes,41983.0,1226199,424090,978177,411512,746687,1886874,222429,968660,207524,777759,0,974287,646886,384522
234350,234882,Auto,7831.0,1234030,424090,978177,411512,746687,1886874,222429,968660,207524,777759,0,974287,646886,384522
233961,235381,The Forbidden Chakra,2167.0,1234030,424090,978177,411512,746687,1886874,222429,968660,207524,777759,0,976454,646886,384522
234541,235961,The Forbidden Chakra,0.0,1234030,424090,978177,411512,746687,1886874,222429,968660,207524,777759,0,976454,646886,384522
235251,236271,Pouncing Coeurl,51978.0,1234030,424090,978177,411512,746687,1886874,222429,1020638,207524,777759,0,976454,646886,384522
236390,236922,Auto,7831.0,1241861,424090,978177,411512,746687,1886874,222429,1020638,207524,777759,0,976454,646886,384522
235901,237321,The Forbidden Chakra,2203.0,1241861,424090,978177,411512,746687,1886874,222429,1020638,207524,777759,0,978657,646886,384522
237191,237811,Leaping Opo,63721.0,1241861,424090,978177,411512,746687,1950595,222429,1020638,207524,777759,0,978657,646886,384522
236481,237901,The Forbidden Chakra,0.0,1241861,424090,978177,411512,746687,1950595,222429,1020638,207524,777759,0,978657,646886,384522
238430,238962,Auto,7831.0,1249692,424090,978177,411512,746687,1950595,222429,1020638,207524,777759,0,978657,646886,384522
237841,239261,The Forbidden Chakra,8244.0,1249692,424090,978177,411512,746687,1950595,222429,1020638,207524,777759,0,986901,646886,384522
238421,239841,The Forbidden Chakra,0.0,1249692,424090,978177,411512,746687,1950595,222429,1020638,207524,777759,0,986901,646886,384522
239132,240022,Rising Raptor,53980.0,1249692,424090,978177,411512,746687,1950595,222429,1020638,207524,831739,0,986901,646886,384522
240470,241002,Auto,7831.0,1257523,424090,978177,411512,746687,1950595,222429,1020638,207524,831739,0,986901,646886,384522
239782,241202,The Forbidden Chakra,2159.0,1257523,424090,978177,411512,746687,1950595,222429,1020638,207524,831739,0,989060,646886,384522
240362,241782,The Forbidden Chakra,0.0,1257523,424090,978177,411512,746687,1950595,222429,1020638,207524,831739,0,989060,646886,384522
241072,242092,Pouncing Coeurl,52164.0,1257523,424090,978177,411512,746687,1950595,222429,1072802,207524,831739,0,989060,646886,384522
242510,243042,Auto,7859.0,1265382,424090,978177,411512,746687,1950595,222429,1072802,207524,831739,0,989060,646886,384522
241722,243142,The Forbidden Chakra,2339.0,1265382,424090,978177,411512,746687,1950595,222429,1072802,207524,831739,0,991399,646886,384522
242302,243722,The Forbidden Chakra,0.0,1265382,424090,978177,411512,746687,1950595,222429,1072802,207524,831739,0,991399,646886,384522
243012,244302,Dragon Kick,32098.0,1265382,424090,1010275,411512,746687,1950595,222429,1072802,207524,831739,0,991399,646886,384522
244550,245082,Auto,7859.0,1273241,424090,1010275,411512,746687,1950595,222429,1072802,207524,831739,0,991399,646886,384522
244952,245572,Leaping Opo,64066.0,1273241,424090,1010275,411512,746687,2014661,222429,1072802,207524,831739,0,991399,646886,384522
244282,245702,The Forbidden Chakra,2170.0,1273241,424090,1010275,411512,746687,2014661,222429,1072802,207524,831739,0,993569,646886,384522
246590,247122,Auto,10958.0,1284199,424090,1010275,411512,746687,2014661,222429,1072802,207524,831739,0,993569,646886,384522
246892,248182,Dragon Kick,47443.0,1284199,424090,1057718,411512,746687,2014661,222429,1072802,207524,831739,0,993569,646886,384522
247512,248932,The Forbidden Chakra,17644.0,1284199,424090,1057718,411512,746687,2014661,222429,1072802,207524,831739,0,1011213,646886,384522
248630,249162,Auto,11616.0,1295815,424090,1057718,411512,746687,2014661,222429,1072802,207524,831739,0,1011213,646886,384522
248832,249452,Leaping Opo,94693.0,1295815,424090,1057718,411512,746687,2109354,222429,1072802,207524,831739,0,1011213,646886,384522
248162,249582,The Forbidden Chakra,2485.0,1295815,424090,1057718,411512,746687,2109354,222429,1072802,207524,831739,0,1013698,646886,384522
249482,250902,The Forbidden Chakra,46753.0,1295815,424090,1057718,411512,746687,2109354,222429,1072802,207524,831739,0,1060451,646886,384522
250772,251172,Phantom Rush,222429.0,1295815,424090,1057718,411512,746687,2109354,444858,1072802,207524,831739,0,1060451,646886,384522
250670,251202,Auto,11616.0,1307431,424090,1057718,411512,746687,2109354,444858,1072802,207524,831739,0,1060451,646886,384522
250062,251482,The Forbidden Chakra,3090.0,1307431,424090,1057718,411512,746687,2109354,444858,1072802,207524,831739,0,1063541,646886,384522
251392,252812,The Forbidden Chakra,25099.0,1307431,424090,1057718,411512,746687,2109354,444858,1072802,207524,831739,0,1088640,646886,384522
252710,253242,Auto,11616.0,1319047,424090,1057718,411512,746687,2109354,444858,1072802,207524,831739,0,1088640,646886,384522
252042,253462,The Forbidden Chakra,4744.0,1319047,424090,1057718,411512,746687,2109354,444858,1072802,207524,831739,0,1093384,646886,384522
252712,254002,Dragon Kick,47443.0,1319047,424090,1105161,411512,746687,2109354,444858,1072802,207524,831739,0,1093384,646886,384522
253362,254782,The Forbidden Chakra,10551.0,1319047,424090,1105161,411512,746687,2109354,444858,1072802,207524,831739,0,1103935,646886,384522
254750,255282,Auto,11616.0,1330663,424090,1105161,411512,746687,2109354,444858,1072802,207524,831739,0,1103935,646886,384522
253942,255362,The Forbidden Chakra,4904.0,1330663,424090,1105161,411512,746687,2109354,444858,1072802,207524,831739,0,1108839,646886,384522
254652,256072,Fire's Reply,207598.0,1330663,424090,1105161,411512,954285,2109354,444858,1072802,207524,831739,0,1108839,646886,384522
255272,256692,The Forbidden Chakra,17253.0,1330663,424090,1105161,411512,954285,2109354,444858,1072802,207524,831739,0,1126092,646886,384522
256591,257211,Leaping Opo,94693.0,1330663,424090,1105161,411512,954285,2204047,444858,1072802,207524,831739,0,1126092,646886,384522
256790,257322,Auto,11616.0,1342279,424090,1105161,411512,954285,2204047,444858,1072802,207524,831739,0,1126092,646886,384522
255922,257342,The Forbidden Chakra,6962.0,1342279,424090,1105161,411512,954285,2204047,444858,1072802,207524,831739,0,1133054,646886,384522
257862,259282,The Forbidden Chakra,45258.0,1342279,424090,1105161,411512,954285,2204047,444858,1072802,207524,831739,0,1178312,646886,384522
258830,259362,Auto,11616.0,1353895,424090,1105161,411512,954285,2204047,444858,1072802,207524,831739,0,1178312,646886,384522
258533,259823,Dragon Kick,47443.0,1353895,424090,1152604,411512,954285,2204047,444858,1072802,207524,831739,0,1178312,646886,384522
259153,260573,The Forbidden Chakra,12988.0,1353895,424090,1152604,411512,954285,2204047,444858,1072802,207524,831739,0,1191300,646886,384522
260473,261093,Leaping Opo,94693.0,1353895,424090,1152604,411512,954285,2298740,444858,1072802,207524,831739,0,1191300,646886,384522
259803,261223,The Forbidden Chakra,4762.0,1353895,424090,1152604,411512,954285,2298740,444858,1072802,207524,831739,0,1196062,646886,384522
260870,261402,Auto,11616.0,1365511,424090,1152604,411512,954285,2298740,444858,1072802,207524,831739,0,1196062,646886,384522
261123,262543,The Forbidden Chakra,48704.0,1365511,424090,1152604,411512,954285,2298740,444858,1072802,207524,831739,0,1244766,646886,384522
261703,263123,The Forbidden Chakra,1553.0,1365511,424090,1152604,411512,954285,2298740,444858,1072802,207524,831739,0,1246319,646886,384522
262910,263442,Auto,11616.0,1377127,424090,1152604,411512,954285,2298740,444858,1072802,207524,831739,0,1246319,646886,384522
262413,263703,Dragon Kick,47443.0,1377127,424090,1200047,411512,954285,2298740,444858,1072802,207524,831739,0,1246319,646886,384522
263033,264453,The Forbidden Chakra,10414.0,1377127,424090,1200047,411512,954285,2298740,444858,1072802,207524,831739,0,1256733,646886,384522
263683,265103,The Forbidden Chakra,7040.0,1377127,424090,1200047,411512,954285,2298740,444858,1072802,207524,831739,0,1263773,646886,384522
264950,265482,Auto,11616.0,1388743,424090,1200047,411512,954285,2298740,444858,1072802,207524,831739,0,1263773,646886,384522
264353,265773,Elixir Burst,133454.0,1388743,424090,1200047,544966,954285,2298740,444858,1072802,207524,831739,0,1263773,646886,384522
264973,266393,The Forbidden Chakra,20236.0,1388743,424090,1200047,544966,954285,2298740,444858,1072802,207524,831739,0,1284009,646886,384522
266293,266913,Leaping Opo,90406.0,1388743,424090,1200047,544966,954285,2389146,444858,1072802,207524,831739,0,1284009,646886,384522
265623,267043,The Forbidden Chakra,7182.0,1388743,424090,1200047,544966,954285,2389146,444858,1072802,207524,831739,0,1291191,646886,384522
266990,267522,Auto,7859.0,1396602,424090,1200047,544966,954285,2389146,444858,1072802,207524,831739,0,1291191,646886,384522
266943,268363,The Forbidden Chakra,20737.0,1396602,424090,1200047,544966,954285,2389146,444858,1072802,207524,831739,0,1311928,646886,384522
267523,268943,The Forbidden Chakra,0.0,1396602,424090,1200047,544966,954285,2389146,444858,1072802,207524,831739,0,1311928,646886,384522
268233,269073,Twin Snakes,42132.0,1396602,424090,1200047,544966,954285,2389146,444858,1072802,207524,831739,0,1311928,689018,384522
269030,269562,Auto,7859.0,1404461,424090,1200047,544966,954285,2389146,444858,1072802,207524,831739,0,1311928,689018,384522
268883,270303,The Forbidden Chakra,2515.0,1404461,424090,1200047,544966,954285,2389146,444858,1072802,207524,831739,0,1314443,689018,384522
269463,270883,The Forbidden Chakra,0.0,1404461,424090,1200047,544966,954285,2389146,444858,1072802,207524,831739,0,1314443,689018,384522
271070,271602,Auto,7859.0,1412320,424090,1200047,544966,954285,2389146,444858,1072802,207524,831739,0,1314443,689018,384522
270173,271773,Demolish,42132.0,1412320,466222,1200047,544966,954285,2389146,444858,1072802,207524,831739,0,1314443,689018,384522
270823,272243,The Forbidden Chakra,2407.0,1412320,466222,1200047,544966,954285,2389146,444858,1072802,207524,831739,0,1316850,689018,384522
271403,272823,The Forbidden Chakra,0.0,1412320,466222,1200047,544966,954285,2389146,444858,1072802,207524,831739,0,1316850,689018,384522
272113,273403,Dragon Kick,32098.0,1412320,466222,1232145,544966,954285,2389146,444858,1072802,207524,831739,0,1316850,689018,384522
273110,273642,Auto,7859.0,1420179,466222,1232145,544966,954285,2389146,444858,1072802,207524,831739,0,1316850,689018,384522
272763,274183,The Forbidden Chakra,2186.0,1420179,466222,1232145,544966,954285,2389146,444858,1072802,207524,831739,0,1319036,689018,384522
273343,274763,The Forbidden Chakra,0.0,1420179,466222,1232145,544966,954285,2389146,444858,1072802,207524,831739,0,1319036,689018,384522
274053,274943,Rising Raptor,54172.0,1420179,466222,1232145,544966,954285,2389146,444858,1072802,207524,885911,0,1319036,689018,384522
275150,275682,Auto,7859.0,1428038,466222,1232145,544966,954285,2389146,444858,1072802,207524,885911,0,1319036,689018,384522
274703,276123,The Forbidden Chakra,2158.0,1428038,466222,1232145,544966,954285,2389146,444858,1072802,207524,885911,0,1321194,689018,384522
275283,276703,The Forbidden Chakra,0.0,1428038,466222,1232145,544966,954285,2389146,444858,1072802,207524,885911,0,1321194,689018,384522
275993,277013,Pouncing Coeurl,52164.0,1428038,466222,1232145,544966,954285,2389146,444858,1124966,207524,885911,0,1321194,689018,384522
277190,277722,Auto,7859.0,1435897,466222,1232145,544966,954285,2389146,444858,1124966,207524,885911,0,1321194,689018,384522
276643,278063,The Forbidden Chakra,1817.0,1435897,466222,1232145,544966,954285,2389146,444858,1124966,207524,885911,0,1323011,689018,384522
277933,278553,Leaping Opo,64066.0,1435897,466222,1232145,544966,954285,2453212,444858,1124966,207524,885911,0,1323011,689018,384522
277223,278643,The Forbidden Chakra,0.0,1435897,466222,1232145,544966,954285,2453212,444858,1124966,207524,885911,0,1323011,689018,384522
279230,279762,Auto,7859.0,1443756,466222,1232145,544966,954285,2453212,444858,1124966,207524,885911,0,1323011,689018,384522
278583,280003,The Forbidden Chakra,5830.0,1443756,466222,1232145,544966,954285,2453212,444858,1124966,207524,885911,0,1328841,689018,384522
279163,280583,The Forbidden Chakra,0.0,1443756,466222,1232145,544966,954285,2453212,444858,1124966,207524,885911,0,1328841,689018,384522
279874,280714,Twin Snakes,42132.0,1443756,466222,1232145,544966,954285,2453212,444858,1124966,207524,885911,0,1328841,731150,384522
281270,281802,Auto,7859.0,1451615,466222,1232145,544966,954285,2453212,444858,1124966,207524,885911,0,1328841,731150,384522
281144,282564,The Forbidden Chakra,1621.0,1451615,466222,1232145,544966,954285,2453212,444858,1124966,207524,885911,0,1330462,731150,384522
282290,282822,Auto,7859.0,1459474,466222,1232145,544966,954285,2453212,444858,1124966,207524,885911,0,1330462,731150,384522
281814,282834,Pouncing Coeurl,52164.0,1459474,466222,1232145,544966,954285,2453212,444858,1177130,207524,885911,0,1330462,731150,384522
283310,283842,Auto,7859.0,1467333,466222,1232145,544966,954285,2453212,444858,1177130,207524,885911,0,1330462,731150,384522
282464,283884,The Forbidden Chakra,1829.0,1467333,466222,1232145,544966,954285,2453212,444858,1177130,207524,885911,0,1332291,731150,384522
283044,284464,The Forbidden Chakra,0.0,1467333,466222,1232145,544966,954285,2453212,444858,1177130,207524,885911,0,1332291,731150,384522
284330,284862,Auto,7859.0,1475192,466222,1232145,544966,954285,2453212,444858,1177130,207524,885911,0,1332291,731150,384522
283754,285044,Dragon Kick,32098.0,1475192,466222,1264243,544966,954285,2453212,444858,1177130,207524,885911,0,1332291,731150,384522
284404,285824,The Forbidden Chakra,2166.0,1475192,466222,1264243,544966,954285,2453212,444858,1177130,207524,885911,0,1334457,731150,384522
285350,285882,Auto,7853.0,1483045,466222,1264243,544966,954285,2453212,444858,1177130,207524,885911,0,1334457,731150,384522
284984,286404,The Forbidden Chakra,0.0,1483045,466222,1264243,544966,954285,2453212,444858,1177130,207524,885911,0,1334457,731150,384522
285694,286894,Wind's Reply,104262.0,1483045,466222,1264243,544966,954285,2453212,444858,1177130,207524,885911,0,1334457,731150,488784
286370,286902,Auto,7853.0,1490898,466222,1264243,544966,954285,2453212,444858,1177130,207524,885911,0,1334457,731150,488784
286344,287764,The Forbidden Chakra,2101.0,1490898,466222,1264243,544966,954285,2453212,444858,1177130,207524,885911,0,1336558,731150,488784
287390,287922,Auto,7853.0,1498751,466222,1264243,544966,954285,2453212,444858,1177130,207524,885911,0,1336558,731150,488784
286924,288344,The Forbidden Chakra,0.0,1498751,466222,1264243,544966,954285,2453212,444858,1177130,207524,885911,0,1336558,731150,488784
287634,288524,Rising Raptor,54134.0,1498751,466222,1264243,544966,954285,2453212,444858,1177130,207524,940045,0,1336558,731150,488784
288410,288942,Auto,7853.0,1506604,466222,1264243,544966,954285,2453212,444858,1177130,207524,940045,0,1336558,731150,488784
288284,289704,The Forbidden Chakra,2377.0,1506604,466222,1264243,544966,954285,2453212,444858,1177130,207524,940045,0,1338935,731150,488784
289430,289962,Auto,7853.0,1514457,466222,1264243,544966,954285,2453212,444858,1177130,207524,940045,0,1338935,731150,488784
288864,290284,The Forbidden Chakra,0.0,1514457,466222,1264243,544966,954285,2453212,444858,1177130,207524,940045,0,1338935,731150,488784
290450,290982,Auto,7853.0,1522310,466222,1264243,544966,954285,2453212,444858,1177130,207524,940045,0,1338935,731150,488784
289574,291174,Demolish,42103.0,1522310,508325,1264243,544966,954285,2453212,444858,1177130,207524,940045,0,1338935,731150,488784
290224,291644,The Forbidden Chakra,2353.0,1522310,508325,1264243,544966,954285,2453212,444858,1177130,207524,940045,0,1341288,731150,488784
291470,292002,Auto,7853.0,1530163,508325,1264243,544966,954285,2453212,444858,1177130,207524,940045,0,1341288,731150,488784
291514,292134,Leaping Opo,63903.0,1530163,508325,1264243,544966,954285,2517115,444858,1177130,207524,940045,0,1341288,731150,488784
290804,292224,The Forbidden Chakra,0.0,1530163,508325,1264243,544966,954285,2517115,444858,1177130,207524,940045,0,1341288,731150,488784
292490,293022,Auto,7853.0,1538016,508325,1264243,544966,954285,2517115,444858,1177130,207524,940045,0,1341288,731150,488784
292134,293554,The Forbidden Chakra,9066.0,1538016,508325,1264243,544966,954285,2517115,444858,1177130,207524,940045,0,1350354,731150,488784
293510,294042,Auto,7853.0,1545869,508325,1264243,544966,954285,2517115,444858,1177130,207524,940045,0,1350354,731150,488784
292784,294204,The Forbidden Chakra,0.0,1545869,508325,1264243,544966,954285,2517115,444858,1177130,207524,940045,0,1350354,731150,488784
293454,294294,Twin Snakes,42103.0,1545869,508325,1264243,544966,954285,2517115,444858,1177130,207524,940045,0,1350354,773253,488784
294530,295062,Auto,7853.0,1553722,508325,1264243,544966,954285,2517115,444858,1177130,207524,940045,0,1350354,773253,488784
294104,295524,The Forbidden Chakra,2526.0,1553722,508325,1264243,544966,954285,2517115,444858,1177130,207524,940045,0,1352880,773253,488784
295550,296082,Auto,7853.0,1561575,508325,1264243,544966,954285,2517115,444858,1177130,207524,940045,0,1352880,773253,488784
294684,296104,The Forbidden Chakra,0.0,1561575,508325,1264243,544966,954285,2517115,444858,1177130,207524,940045,0,1352880,773253,488784
295394,296414,Pouncing Coeurl,52127.0,1561575,508325,1264243,544966,954285,2517115,444858,1229257,207524,940045,0,1352880,773253,488784
296570,297102,Auto,7853.0,1569428,508325,1264243,544966,954285,2517115,444858,1229257,207524,940045,0,1352880,773253,488784
296044,297464,The Forbidden Chakra,2417.0,1569428,508325,1264243,544966,954285,2517115,444858,1229257,207524,940045,0,1355297,773253,488784
296624,298044,The Forbidden Chakra,0.0,1569428,508325,1264243,544966,954285,2517115,444858,1229257,207524,940045,0,1355297,773253,488784
297334,298624,Dragon Kick,32076.0,1569428,508325,1296319,544966,954285,2517115,444858,1229257,207524,940045,0,1355297,773253,488784
298610,299142,Auto,7853.0,1577281,508325,1296319,544966,954285,2517115,444858,1229257,207524,940045,0,1355297,773253,488784
297984,299404,The Forbidden Chakra,2225.0,1577281,508325,1296319,544966,954285,2517115,444858,1229257,207524,940045,0,1357522,773253,488784
298564,299984,The Forbidden Chakra,0.0,1577281,508325,1296319,544966,954285,2517115,444858,1229257,207524,940045,0,1357522,773253,488784
299274,300164,Rising Raptor,54134.0,1577281,508325,1296319,544966,954285,2517115,444858,1229257,207524,994179,0,1357522,773253,488784
300650,301182,Auto,7853.0,1585134,508325,1296319,544966,954285,2517115,444858,1229257,207524,994179,0,1357522,773253,488784
299924,301344,The Forbidden Chakra,2333.0,1585134,508325,1296319,544966,954285,2517115,444858,1229257,207524,994179,0,1359855,773253,488784
300504,301924,The Forbidden Chakra,0.0,1585134,508325,1296319,544966,954285,2517115,444858,1229257,207524,994179,0,1359855,773253,488784
301215,302235,Pouncing Coeurl,52127.0,1585134,508325,1296319,544966,954285,2517115,444858,1281384,207524,994179,0,1359855,773253,488784
302690,303222,Auto,7853.0,1592987,508325,1296319,544966,954285,2517115,444858,1281384,207524,994179,0,1359855,773253,488784
301865,303285,The Forbidden Chakra,2209.0,1592987,508325,1296319,544966,954285,2517115,444858,1281384,207524,994179,0,1362064,773253,488784
303155,303775,Leaping Opo,63903.0,1592987,508325,1296319,544966,954285,2581018,444858,1281384,207524,994179,0,1362064,773253,488784
302445,303865,The Forbidden Chakra,0.0,1592987,508325,1296319,544966,954285,2581018,444858,1281384,207524,994179,0,1362064,773253,488784
303805,305225,The Forbidden Chakra,7883.0,1592987,508325,1296319,544966,954285,2581018,444858,1281384,207524,994179,0,1369947,773253,488784
304730,305262,Auto,7853.0,1600840,508325,1296319,544966,954285,2581018,444858,1281384,207524,994179,0,1369947,773253,488784
304385,305805,The Forbidden Chakra,0.0,1600840,508325,1296319,544966,954285,2581018,444858,1281384,207524,994179,0,1369947,773253,488784
305095,305935,Twin Snakes,42103.0,1600840,508325,1296319,544966,954285,2581018,444858,1281384,207524,994179,0,1369947,815356,488784
306770,307302,Auto,9031.0,1609871,508325,1296319,544966,954285,2581018,444858,1281384,207524,994179,0,1369947,815356,488784
307035,308635,Demolish,48418.0,1609871,556743,1296319,544966,954285,2581018,444858,1281384,207524,994179,0,1369947,815356,488784
307685,309105,The Forbidden Chakra,4537.0,1609871,556743,1296319,544966,954285,2581018,444858,1281384,207524,994179,0,1374484,815356,488784
308810,309342,Auto,9031.0,1618902,556743,1296319,544966,954285,2581018,444858,1281384,207524,994179,0,1374484,815356,488784
308265,309685,The Forbidden Chakra,0.0,1618902,556743,1296319,544966,954285,2581018,444858,1281384,207524,994179,0,1374484,815356,488784
308975,310265,Dragon Kick,36887.0,1618902,556743,1333206,544966,954285,2581018,444858,1281384,207524,994179,0,1374484,815356,488784
309625,311045,The Forbidden Chakra,2342.0,1618902,556743,1333206,544966,954285,2581018,444858,1281384,207524,994179,0,1376826,815356,488784
310850,311382,Auto,9031.0,1627933,556743,1333206,544966,954285,2581018,444858,1281384,207524,994179,0,1376826,815356,488784
310205,311625,The Forbidden Chakra,0.0,1627933,556743,1333206,544966,954285,2581018,444858,1281384,207524,994179,0,1376826,815356,488784
310915,312335,Fire's Reply,161409.0,1627933,556743,1333206,544966,1115694,2581018,444858,1281384,207524,994179,0,1376826,815356,488784
311565,312985,The Forbidden Chakra,2596.0,1627933,556743,1333206,544966,1115694,2581018,444858,1281384,207524,994179,0,1379422,815356,488784
312890,313422,Auto,9031.0,1636964,556743,1333206,544966,1115694,2581018,444858,1281384,207524,994179,0,1379422,815356,488784
312855,313475,Leaping Opo,73488.0,1636964,556743,1333206,544966,1115694,2654506,444858,1281384,207524,994179,0,1379422,815356,488784
312145,313565,The Forbidden Chakra,0.0,1636964,556743,1333206,544966,1115694,2654506,444858,1281384,207524,994179,0,1379422,815356,488784
314930,315462,Auto,9031.0,1645995,556743,1333206,544966,1115694,2654506,444858,1281384,207524,994179,0,1379422,815356,488784
314125,315545,The Forbidden Chakra,9411.0,1645995,556743,1333206,544966,1115694,2654506,444858,1281384,207524,994179,0,1388833,815356,488784
314795,316085,Dragon Kick,36887.0,1645995,556743,1370093,544966,1115694,2654506,444858,1281384,207524,994179,0,1388833,815356,488784
315445,316865,The Forbidden Chakra,2596.0,1645995,556743,1370093,544966,1115694,2654506,444858,1281384,207524,994179,0,1391429,815356,488784
316025,317445,The Forbidden Chakra,0.0,1645995,556743,1370093,544966,1115694,2654506,444858,1281384,207524,994179,0,1391429,815356,488784
316970,317502,Auto,9031.0,1655026,556743,1370093,544966,1115694,2654506,444858,1281384,207524,994179,0,1391429,815356,488784
316735,317625,Rising Raptor,62254.0,1655026,556743,1370093,544966,1115694,2654506,444858,1281384,207524,1056433,0,1391429,815356,488784
317385,318805,The Forbidden Chakra,2485.0,1655026,556743,1370093,544966,1115694,2654506,444858,1281384,207524,1056433,0,1393914,815356,488784
317965,319385,The Forbidden Chakra,0.0,1655026,556743,1370093,544966,1115694,2654506,444858,1281384,207524,1056433,0,1393914,815356,488784
319010,319542,Auto,9031.0,1664057,556743,1370093,544966,1115694,2654506,444858,1281384,207524,1056433,0,1393914,815356,488784
318675,319695,Pouncing Coeurl,59946.0,1664057,556743,1370093,544966,1115694,2654506,444858,1341330,207524,1056433,0,1393914,815356,488784
319295,320715,The Forbidden Chakra,2849.0,1664057,556743,1370093,544966,1115694,2654506,444858,1341330,207524,1056433,0,1396763,815356,488784
319945,321365,The Forbidden Chakra,0.0,1664057,556743,1370093,544966,1115694,2654506,444858,1341330,207524,1056433,0,1396763,815356,488784
320616,321376,Rising Phoenix,103762.0,1664057,556743,1370093,544966,1115694,2654506,444858,1341330,311286,1056433,0,1396763,815356,488784
321050,321582,Auto,9031.0,1673088,556743,1370093,544966,1115694,2654506,444858,1341330,311286,1056433,0,1396763,815356,488784
321266,322686,The Forbidden Chakra,2720.0,1673088,556743,1370093,544966,1115694,2654506,444858,1341330,311286,1056433,0,1399483,815356,488784
322556,323176,Leaping Opo,73278.0,1673088,556743,1370093,544966,1115694,2727784,444858,1341330,311286,1056433,0,1399483,815356,488784
321846,323266,The Forbidden Chakra,0.0,1673088,556743,1370093,544966,1115694,2727784,444858,1341330,311286,1056433,0,1399483,815356,488784
323090,323622,Auto,9005.0,1682093,556743,1370093,544966,1115694,2727784,444858,1341330,311286,1056433,0,1399483,815356,488784
323206,324626,The Forbidden Chakra,9481.0,1682093,556743,1370093,544966,1115694,2727784,444858,1341330,311286,1056433,0,1408964,815356,488784
323786,325206,The Forbidden Chakra,0.0,1682093,556743,1370093,544966,1115694,2727784,444858,1341330,311286,1056433,0,1408964,815356,488784
324496,325336,Twin Snakes,48280.0,1682093,556743,1370093,544966,1115694,2727784,444858,1341330,311286,1056433,0,1408964,863636,488784
325130,325662,Auto,9005.0,1691098,556743,1370093,544966,1115694,2727784,444858,1341330,311286,1056433,0,1408964,863636,488784
325146,326566,The Forbidden Chakra,2611.0,1691098,556743,1370093,544966,1115694,2727784,444858,1341330,311286,1056433,0,1411575,863636,488784
325726,327146,The Forbidden Chakra,0.0,1691098,556743,1370093,544966,1115694,2727784,444858,1341330,311286,1056433,0,1411575,863636,488784
326436,327456,Pouncing Coeurl,59775.0,1691098,556743,1370093,544966,1115694,2727784,444858,1401105,311286,1056433,0,1411575,863636,488784
327170,327702,Auto,7831.0,1698929,556743,1370093,544966,1115694,2727784,444858,1401105,311286,1056433,0,1411575,863636,488784
327086,328506,The Forbidden Chakra,2179.0,1698929,556743,1370093,544966,1115694,2727784,444858,1401105,311286,1056433,0,1413754,863636,488784
327666,329086,The Forbidden Chakra,0.0,1698929,556743,1370093,544966,1115694,2727784,444858,1401105,311286,1056433,0,1413754,863636,488784
328376,329666,Dragon Kick,31984.0,1698929,556743,1402077,544966,1115694,2727784,444858,1401105,311286,1056433,0,1413754,863636,488784
329210,329742,Auto,7831.0,1706760,556743,1402077,544966,1115694,2727784,444858,1401105,311286,1056433,0,1413754,863636,488784
329026,330446,The Forbidden Chakra,2179.0,1706760,556743,1402077,544966,1115694,2727784,444858,1401105,311286,1056433,0,1415933,863636,488784
329606,331026,The Forbidden Chakra,0.0,1706760,556743,1402077,544966,1115694,2727784,444858,1401105,311286,1056433,0,1415933,863636,488784
330316,331206,Rising Raptor,53980.0,1706760,556743,1402077,544966,1115694,2727784,444858,1401105,311286,1110413,0,1415933,863636,488784
331250,331782,Auto,7831.0,1714591,556743,1402077,544966,1115694,2727784,444858,1401105,311286,1110413,0,1415933,863636,488784
330966,332386,The Forbidden Chakra,2055.0,1714591,556743,1402077,544966,1115694,2727784,444858,1401105,311286,1110413,0,1417988,863636,488784
331546,332966,The Forbidden Chakra,0.0,1714591,556743,1402077,544966,1115694,2727784,444858,1401105,311286,1110413,0,1417988,863636,488784
333290,333822,Auto,7831.0,1722422,556743,1402077,544966,1115694,2727784,444858,1401105,311286,1110413,0,1417988,863636,488784
332256,333856,Demolish,41983.0,1722422,598726,1402077,544966,1115694,2727784,444858,1401105,311286,1110413,0,1417988,863636,488784
332906,334326,The Forbidden Chakra,2211.0,1722422,598726,1402077,544966,1115694,2727784,444858,1401105,311286,1110413,0,1420199,863636,488784
334196,334816,Leaping Opo,63721.0,1722422,598726,1402077,544966,1115694,2791505,444858,1401105,311286,1110413,0,1420199,863636,488784
333486,334906,The Forbidden Chakra,0.0,1722422,598726,1402077,544966,1115694,2791505,444858,1401105,311286,1110413,0,1420199,863636,488784
335330,335862,Auto,7831.0,1730253,598726,1402077,544966,1115694,2791505,444858,1401105,311286,1110413,0,1420199,863636,488784
334816,336236,The Forbidden Chakra,7557.0,1730253,598726,1402077,544966,1115694,2791505,444858,1401105,311286,1110413,0,1427756,863636,488784
335466,336886,The Forbidden Chakra,0.0,1730253,598726,1402077,544966,1115694,2791505,444858,1401105,311286,1110413,0,1427756,863636,488784
336136,336976,Twin Snakes,41983.0,1730253,598726,1402077,544966,1115694,2791505,444858,1401105,311286,1110413,0,1427756,905619,488784
337370,337902,Auto,7831.0,1738084,598726,1402077,544966,1115694,2791505,444858,1401105,311286,1110413,0,1427756,905619,488784
336786,338206,The Forbidden Chakra,2367.0,1738084,598726,1402077,544966,1115694,2791505,444858,1401105,311286,1110413,0,1430123,905619,488784
337366,338786,The Forbidden Chakra,0.0,1738084,598726,1402077,544966,1115694,2791505,444858,1401105,311286,1110413,0,1430123,905619,488784
338076,339096,Pouncing Coeurl,51978.0,1738084,598726,1402077,544966,1115694,2791505,444858,1453083,311286,1110413,0,1430123,905619,488784
339410,339942,Auto,7831.0,1745915,598726,1402077,544966,1115694,2791505,444858,1453083,311286,1110413,0,1430123,905619,488784
338726,340146,The Forbidden Chakra,2187.0,1745915,598726,1402077,544966,1115694,2791505,444858,1453083,311286,1110413,0,1432310,905619,488784
339306,340726,The Forbidden Chakra,0.0,1745915,598726,1402077,544966,1115694,2791505,444858,1453083,311286,1110413,0,1432310,905619,488784
340016,341306,Dragon Kick,31984.0,1745915,598726,1434061,544966,1115694,2791505,444858,1453083,311286,1110413,0,1432310,905619,488784
341450,341982,Auto,7831.0,1753746,598726,1434061,544966,1115694,2791505,444858,1453083,311286,1110413,0,1432310,905619,488784
340666,342086,The Forbidden Chakra,2319.0,1753746,598726,1434061,544966,1115694,2791505,444858,1453083,311286,1110413,0,1434629,905619,488784
341246,342666,The Forbidden Chakra,0.0,1753746,598726,1434061,544966,1115694,2791505,444858,1453083,311286,1110413,0,1434629,905619,488784
341957,342847,Rising Raptor,53980.0,1753746,598726,1434061,544966,1115694,2791505,444858,1453083,311286,1164393,0,1434629,905619,488784
343490,344022,Auto,7831.0,1761577,598726,1434061,544966,1115694,2791505,444858,1453083,311286,1164393,0,1434629,905619,488784
342607,344027,The Forbidden Chakra,2347.0,1761577,598726,1434061,544966,1115694,2791505,444858,1453083,311286,1164393,0,1436976,905619,488784
343187,344607,The Forbidden Chakra,0.0,1761577,598726,1434061,544966,1115694,2791505,444858,1453083,311286,1164393,0,1436976,905619,488784
343897,344917,Pouncing Coeurl,51978.0,1761577,598726,1434061,544966,1115694,2791505,444858,1505061,311286,1164393,0,1436976,905619,488784
344547,345967,The Forbidden Chakra,2251.0,1761577,598726,1434061,544966,1115694,2791505,444858,1505061,311286,1164393,0,1439227,905619,488784
345530,346062,Auto,7831.0,1769408,598726,1434061,544966,1115694,2791505,444858,1505061,311286,1164393,0,1439227,905619,488784
345837,346457,Leaping Opo,63721.0,1769408,598726,1434061,544966,1115694,2855226,444858,1505061,311286,1164393,0,1439227,905619,488784
345127,346547,The Forbidden Chakra,0.0,1769408,598726,1434061,544966,1115694,2855226,444858,1505061,311286,1164393,0,1439227,905619,488784
346487,347907,The Forbidden Chakra,7928.0,1769408,598726,1434061,544966,1115694,2855226,444858,1505061,311286,1164393,0,1447155,905619,488784
347570,348102,Auto,7831.0,1777239,598726,1434061,544966,1115694,2855226,444858,1505061,311286,1164393,0,1447155,905619,488784
347067,348487,The Forbidden Chakra,0.0,1777239,598726,1434061,544966,1115694,2855226,444858,1505061,311286,1164393,0,1447155,905619,488784
347777,348617,Twin Snakes,41983.0,1777239,598726,1434061,544966,1115694,2855226,444858,1505061,311286,1164393,0,1447155,947602,488784
348427,349847,The Forbidden Chakra,2227.0,1777239,598726,1434061,544966,1115694,2855226,444858,1505061,311286,1164393,0,1449382,947602,488784
349610,350142,Auto,7831.0,1785070,598726,1434061,544966,1115694,2855226,444858,1505061,311286,1164393,0,1449382,947602,488784
349007,350427,The Forbidden Chakra,0.0,1785070,598726,1434061,544966,1115694,2855226,444858,1505061,311286,1164393,0,1449382,947602,488784
349717,351317,Demolish,41983.0,1785070,640709,1434061,544966,1115694,2855226,444858,1505061,311286,1164393,0,1449382,947602,488784
350337,351757,The Forbidden Chakra,2191.0,1785070,640709,1434061,544966,1115694,2855226,444858,1505061,311286,1164393,0,1451573,947602,488784
351650,352182,Auto,7831.0,1792901,640709,1434061,544966,1115694,2855226,444858,1505061,311286,1164393,0,1451573,947602,488784
350987,352407,The Forbidden Chakra,0.0,1792901,640709,1434061,544966,1115694,2855226,444858,1505061,311286,1164393,0,1451573,947602,488784
351657,352947,Dragon Kick,31984.0,1792901,640709,1466045,544966,1115694,2855226,444858,1505061,311286,1164393,0,1451573,947602,488784
352307,353727,The Forbidden Chakra,2307.0,1792901,640709,1466045,544966,1115694,2855226,444858,1505061,311286,1164393,0,1453880,947602,488784
353690,354222,Auto,7831.0,1800732,640709,1466045,544966,1115694,2855226,444858,1505061,311286,1164393,0,1453880,947602,488784
352887,354307,The Forbidden Chakra,0.0,1800732,640709,1466045,544966,1115694,2855226,444858,1505061,311286,1164393,0,1453880,947602,488784
353597,354487,Rising Raptor,53980.0,1800732,640709,1466045,544966,1115694,2855226,444858,1505061,311286,1218373,0,1453880,947602,488784
354247,355667,The Forbidden Chakra,1999.0,1800732,640709,1466045,544966,1115694,2855226,444858,1505061,311286,1218373,0,1455879,947602,488784
354827,356247,The Forbidden Chakra,0.0,1800732,640709,1466045,544966,1115694,2855226,444858,1505061,311286,1218373,0,1455879,947602,488784
355730,356262,Auto,7831.0,1808563,640709,1466045,544966,1115694,2855226,444858,1505061,311286,1218373,0,1455879,947602,488784
355537,356557,Pouncing Coeurl,51978.0,1808563,640709,1466045,544966,1115694,2855226,444858,1557039,311286,1218373,0,1455879,947602,488784
356187,357607,The Forbidden Chakra,2147.0,1808563,640709,1466045,544966,1115694,2855226,444858,1557039,311286,1218373,0,1458026,947602,488784
357477,358097,Leaping Opo,63721.0,1808563,640709,1466045,544966,1115694,2918947,444858,1557039,311286,1218373,0,1458026,947602,488784
356767,358187,The Forbidden Chakra,0.0,1808563,640709,1466045,544966,1115694,2918947,444858,1557039,311286,1218373,0,1458026,947602,488784
357770,358302,Auto,7831.0,1816394,640709,1466045,544966,1115694,2918947,444858,1557039,311286,1218373,0,1458026,947602,488784
358127,359547,The Forbidden Chakra,7988.0,1816394,640709,1466045,544966,1115694,2918947,444858,1557039,311286,1218373,0,1466014,947602,488784
358707,360127,The Forbidden Chakra,0.0,1816394,640709,1466045,544966,1115694,2918947,444858,1557039,311286,1218373,0,1466014,947602,488784
359417,360257,Twin Snakes,41983.0,1816394,640709,1466045,544966,1115694,2918947,444858,1557039,311286,1218373,0,1466014,989585,488784
359810,360342,Auto,7831.0,1824225,640709,1466045,544966,1115694,2918947,444858,1557039,311286,1218373,0,1466014,989585,488784
360067,361487,The Forbidden Chakra,2227.0,1824225,640709,1466045,544966,1115694,2918947,444858,1557039,311286,1218373,0,1468241,989585,488784
360647,362067,The Forbidden Chakra,0.0,1824225,640709,1466045,544966,1115694,2918947,444858,1557039,311286,1218373,0,1468241,989585,488784
361357,362377,Pouncing Coeurl,52164.0,1824225,640709,1466045,544966,1115694,2918947,444858,1609203,311286,1218373,0,1468241,989585,488784
361850,362382,Auto,7859.0,1832084,640709,1466045,544966,1115694,2918947,444858,1609203,311286,1218373,0,1468241,989585,488784
362007,363427,The Forbidden Chakra,2355.0,1832084,640709,1466045,544966,1115694,2918947,444858,1609203,311286,1218373,0,1470596,989585,488784
362587,364007,The Forbidden Chakra,0.0,1832084,640709,1466045,544966,1115694,2918947,444858,1609203,311286,1218373,0,1470596,989585,488784
363890,364422,Auto,7859.0,1839943,640709,1466045,544966,1115694,2918947,444858,1609203,311286,1218373,0,1470596,989585,488784
363298,364588,Dragon Kick,32098.0,1839943,640709,1498143,544966,1115694,2918947,444858,1609203,311286,1218373,0,1470596,989585,488784
365238,365858,Leaping Opo,69359.0,1839943,640709,1498143,544966,1115694,2988306,444858,1609203,311286,1218373,0,1470596,989585,488784
365930,366462,Auto,8508.0,1848451,640709,1498143,544966,1115694,2988306,444858,1609203,311286,1218373,0,1470596,989585,488784
367178,368468,Dragon Kick,51369.0,1848451,640709,1549512,544966,1115694,2988306,444858,1609203,311286,1218373,0,1470596,989585,488784
367970,368502,Auto,12575.0,1861026,640709,1549512,544966,1115694,2988306,444858,1609203,311286,1218373,0,1470596,989585,488784
367798,369218,The Forbidden Chakra,26063.0,1861026,640709,1549512,544966,1115694,2988306,444858,1609203,311286,1218373,0,1496659,989585,488784
369118,369738,Leaping Opo,102515.0,1861026,640709,1549512,544966,1115694,3090821,444858,1609203,311286,1218373,0,1496659,989585,488784
368448,369868,The Forbidden Chakra,5027.0,1861026,640709,1549512,544966,1115694,3090821,444858,1609203,311286,1218373,0,1501686,989585,488784
370010,370542,Auto,12575.0,1873601,640709,1549512,544966,1115694,3090821,444858,1609203,311286,1218373,0,1501686,989585,488784
369738,371158,The Forbidden Chakra,45025.0,1873601,640709,1549512,544966,1115694,3090821,444858,1609203,311286,1218373,0,1546711,989585,488784
371058,371458,Phantom Rush,240807.0,1873601,640709,1549512,544966,1115694,3090821,685665,1609203,311286,1218373,0,1546711,989585,488784
370388,371808,The Forbidden Chakra,5605.0,1873601,640709,1549512,544966,1115694,3090821,685665,1609203,311286,1218373,0,1552316,989585,488784
372050,372582,Auto,12575.0,1886176,640709,1549512,544966,1115694,3090821,685665,1609203,311286,1218373,0,1552316,989585,488784
373070,373602,Auto,12575.0,1898751,640709,1549512,544966,1115694,3090821,685665,1609203,311286,1218373,0,1552316,989585,488784
372328,373748,The Forbidden Chakra,29788.0,1898751,640709,1549512,544966,1115694,3090821,685665,1609203,311286,1218373,0,1582104,989585,488784
372998,374288,Dragon Kick,51369.0,1898751,640709,1600881,544966,1115694,3090821,685665,1609203,311286,1218373,0,1582104,989585,488784
374090,374622,Auto,12575.0,1911326,640709,1600881,544966,1115694,3090821,685665,1609203,311286,1218373,0,1582104,989585,488784
373648,375068,The Forbidden Chakra,11070.0,1911326,640709,1600881,544966,1115694,3090821,685665,1609203,311286,1218373,0,1593174,989585,488784
375110,375642,Auto,12575.0,1923901,640709,1600881,544966,1115694,3090821,685665,1609203,311286,1218373,0,1593174,989585,488784
374228,375648,The Forbidden Chakra,7686.0,1923901,640709,1600881,544966,1115694,3090821,685665,1609203,311286,1218373,0,1600860,989585,488784
374938,376138,Wind's Reply,166957.0,1923901,640709,1600881,544966,1115694,3090821,685665,1609203,311286,1218373,0,1600860,989585,655741
376130,376662,Auto,12575.0,1936476,640709,1600881,544966,1115694,3090821,685665,1609203,311286,1218373,0,1600860,989585,655741
375588,377008,The Forbidden Chakra,21710.0,1936476,640709,1600881,544966,1115694,3090821,685665,1609203,311286,1218373,0,1622570,989585,655741
376168,377588,The Forbidden Chakra,18300.0,1936476,640709,1600881,544966,1115694,3090821,685665,1609203,311286,1218373,0,1640870,989585,655741
377150,377682,Auto,12575.0,1949051,640709,1600881,544966,1115694,3090821,685665,1609203,311286,1218373,0,1640870,989585,655741
376878,378298,Fire's Reply,224752.0,1949051,640709,1600881,544966,1340446,3090821,685665,1609203,311286,1218373,0,1640870,989585,655741
378170,378702,Auto,12575.0,1961626,640709,1600881,544966,1340446,3090821,685665,1609203,311286,1218373,0,1640870,989585,655741
377498,378918,The Forbidden Chakra,9188.0,1961626,640709,1600881,544966,1340446,3090821,685665,1609203,311286,1218373,0,1650058,989585,655741
378818,379438,Leaping Opo,102515.0,1961626,640709,1600881,544966,1340446,3193336,685665,1609203,311286,1218373,0,1650058,989585,655741
378148,379568,The Forbidden Chakra,5149.0,1961626,640709,1600881,544966,1340446,3193336,685665,1609203,311286,1218373,0,1655207,989585,655741
379190,379722,Auto,12575.0,1974201,640709,1600881,544966,1340446,3193336,685665,1609203,311286,1218373,0,1655207,989585,655741
380210,380742,Auto,12575.0,1986776,640709,1600881,544966,1340446,3193336,685665,1609203,311286,1218373,0,1655207,989585,655741
380058,381478,The Forbidden Chakra,50573.0,1986776,640709,1600881,544966,1340446,3193336,685665,1609203,311286,1218373,0,1705780,989585,655741
381230,381762,Auto,12575.0,1999351,640709,1600881,544966,1340446,3193336,685665,1609203,311286,1218373,0,1705780,989585,655741
380758,382048,Dragon Kick,51369.0,1999351,640709,1652250,544966,1340446,3193336,685665,1609203,311286,1218373,0,1705780,989585,655741
382250,382782,Auto,12575.0,2011926,640709,1652250,544966,1340446,3193336,685665,1609203,311286,1218373,0,1705780,989585,655741
381408,382828,The Forbidden Chakra,19687.0,2011926,640709,1652250,544966,1340446,3193336,685665,1609203,311286,1218373,0,1725467,989585,655741
382699,383319,Leaping Opo,102515.0,2011926,640709,1652250,544966,1340446,3295851,685665,1609203,311286,1218373,0,1725467,989585,655741
381988,383408,The Forbidden Chakra,12.0,2011926,640709,1652250,544966,1340446,3295851,685665,1609203,311286,1218373,0,1725479,989585,655741
383270,383802,Auto,12575.0,2024501,640709,1652250,544966,1340446,3295851,685665,1609203,311286,1218373,0,1725479,989585,655741
383319,384739,The Forbidden Chakra,52346.0,2024501,640709,1652250,544966,1340446,3295851,685665,1609203,311286,1218373,0,1777825,989585,655741
384290,384822,Auto,12575.0,2037076,640709,1652250,544966,1340446,3295851,685665,1609203,311286,1218373,0,1777825,989585,655741
383969,385389,The Forbidden Chakra,1444.0,2037076,640709,1652250,544966,1340446,3295851,685665,1609203,311286,1218373,0,1779269,989585,655741
385310,385842,Auto,12575.0,2049651,640709,1652250,544966,1340446,3295851,685665,1609203,311286,1218373,0,1779269,989585,655741
384639,385929,Dragon Kick,51369.0,2049651,640709,1703619,544966,1340446,3295851,685665,1609203,311286,1218373,0,1779269,989585,655741
385289,386709,The Forbidden Chakra,14248.0,2049651,640709,1703619,544966,1340446,3295851,685665,1609203,311286,1218373,0,1793517,989585,655741
386330,386862,Auto,12005.0,2061656,640709,1703619,544966,1340446,3295851,685665,1609203,311286,1218373,0,1793517,989585,655741
385869,387289,The Forbidden Chakra,7397.0,2061656,640709,1703619,544966,1340446,3295851,685665,1609203,311286,1218373,0,1800914,989585,655741
387350,387882,Auto,8508.0,2070164,640709,1703619,544966,1340446,3295851,685665,1609203,311286,1218373,0,1800914,989585,655741
386579,387999,Elixir Burst,137941.0,2070164,640709,1703619,682907,1340446,3295851,685665,1609203,311286,1218373,0,1800914,989585,655741
387199,388619,The Forbidden Chakra,11213.0,2070164,640709,1703619,682907,1340446,3295851,685665,1609203,311286,1218373,0,1812127,989585,655741
388370,388902,Auto,8508.0,2078672,640709,1703619,682907,1340446,3295851,685665,1609203,311286,1218373,0,1812127,989585,655741
388519,389139,Leaping Opo,69359.0,2078672,640709,1703619,682907,1340446,3365210,685665,1609203,311286,1218373,0,1812127,989585,655741
387849,389269,The Forbidden Chakra,0.0,2078672,640709,1703619,682907,1340446,3365210,685665,1609203,311286,1218373,0,1812127,989585,655741
389169,390589,The Forbidden Chakra,8810.0,2078672,640709,1703619,682907,1340446,3365210,685665,1609203,311286,1218373,0,1820937,989585,655741
390410,390942,Auto,8508.0,2087180,640709,1703619,682907,1340446,3365210,685665,1609203,311286,1218373,0,1820937,989585,655741
389749,391169,The Forbidden Chakra,0.0,2087180,640709,1703619,682907,1340446,3365210,685665,1609203,311286,1218373,0,1820937,989585,655741
390459,391349,Rising Raptor,58649.0,2087180,640709,1703619,682907,1340446,3365210,685665,1609203,311286,1277022,0,1820937,989585,655741
391109,392529,The Forbidden Chakra,2597.0,2087180,640709,1703619,682907,1340446,3365210,685665,1609203,311286,1277022,0,1823534,989585,655741
392450,392982,Auto,8508.0,2095688,640709,1703619,682907,1340446,3365210,685665,1609203,311286,1277022,0,1823534,989585,655741
391689,393109,The Forbidden Chakra,0.0,2095688,640709,1703619,682907,1340446,3365210,685665,1609203,311286,1277022,0,1823534,989585,655741
392399,393999,Demolish,45614.0,2095688,686323,1703619,682907,1340446,3365210,685665,1609203,311286,1277022,0,1823534,989585,655741
393049,394469,The Forbidden Chakra,2545.0,2095688,686323,1703619,682907,1340446,3365210,685665,1609203,311286,1277022,0,1826079,989585,655741
394490,395022,Auto,8508.0,2104196,686323,1703619,682907,1340446,3365210,685665,1609203,311286,1277022,0,1826079,989585,655741
393629,395049,The Forbidden Chakra,0.0,2104196,686323,1703619,682907,1340446,3365210,685665,1609203,311286,1277022,0,1826079,989585,655741
394339,395629,Dragon Kick,34754.0,2104196,686323,1738373,682907,1340446,3365210,685665,1609203,311286,1277022,0,1826079,989585,655741
394989,396409,The Forbidden Chakra,2567.0,2104196,686323,1738373,682907,1340446,3365210,685665,1609203,311286,1277022,0,1828646,989585,655741
395569,396989,The Forbidden Chakra,0.0,2104196,686323,1738373,682907,1340446,3365210,685665,1609203,311286,1277022,0,1828646,989585,655741
396530,397062,Auto,7859.0,2112055,686323,1738373,682907,1340446,3365210,685665,1609203,311286,1277022,0,1828646,989585,655741
396279,397119,Twin Snakes,42132.0,2112055,686323,1738373,682907,1340446,3365210,685665,1609203,311286,1277022,0,1828646,1031717,655741
396929,398349,The Forbidden Chakra,2279.0,2112055,686323,1738373,682907,1340446,3365210,685665,1609203,311286,1277022,0,1830925,1031717,655741
397509,398929,The Forbidden Chakra,0.0,2112055,686323,1738373,682907,1340446,3365210,685665,1609203,311286,1277022,0,1830925,1031717,655741
398570,399102,Auto,7859.0,2119914,686323,1738373,682907,1340446,3365210,685665,1609203,311286,1277022,0,1830925,1031717,655741
398219,399239,Pouncing Coeurl,52164.0,2119914,686323,1738373,682907,1340446,3365210,685665,1661367,311286,1277022,0,1830925,1031717,655741
398869,400289,The Forbidden Chakra,2283.0,2119914,686323,1738373,682907,1340446,3365210,685665,1661367,311286,1277022,0,1833208,1031717,655741
400159,400779,Leaping Opo,64066.0,2119914,686323,1738373,682907,1340446,3429276,685665,1661367,311286,1277022,0,1833208,1031717,655741
399449,400869,The Forbidden Chakra,0.0,2119914,686323,1738373,682907,1340446,3429276,685665,1661367,311286,1277022,0,1833208,1031717,655741
400610,401142,Auto,7859.0,2127773,686323,1738373,682907,1340446,3429276,685665,1661367,311286,1277022,0,1833208,1031717,655741
400779,402199,The Forbidden Chakra,7531.0,2127773,686323,1738373,682907,1340446,3429276,685665,1661367,311286,1277022,0,1840739,1031717,655741
401429,402849,The Forbidden Chakra,0.0,2127773,686323,1738373,682907,1340446,3429276,685665,1661367,311286,1277022,0,1840739,1031717,655741
402099,402989,Rising Raptor,54172.0,2127773,686323,1738373,682907,1340446,3429276,685665,1661367,311286,1331194,0,1840739,1031717,655741
402650,403182,Auto,7859.0,2135632,686323,1738373,682907,1340446,3429276,685665,1661367,311286,1331194,0,1840739,1031717,655741
402749,404169,The Forbidden Chakra,2507.0,2135632,686323,1738373,682907,1340446,3429276,685665,1661367,311286,1331194,0,1843246,1031717,655741
403329,404749,The Forbidden Chakra,0.0,2135632,686323,1738373,682907,1340446,3429276,685665,1661367,311286,1331194,0,1843246,1031717,655741
404040,405060,Pouncing Coeurl,52164.0,2135632,686323,1738373,682907,1340446,3429276,685665,1713531,311286,1331194,0,1843246,1031717,655741
404690,405222,Auto,7859.0,2143491,686323,1738373,682907,1340446,3429276,685665,1713531,311286,1331194,0,1843246,1031717,655741
404690,406110,The Forbidden Chakra,2391.0,2143491,686323,1738373,682907,1340446,3429276,685665,1713531,311286,1331194,0,1845637,1031717,655741
405270,406690,The Forbidden Chakra,0.0,2143491,686323,1738373,682907,1340446,3429276,685665,1713531,311286,1331194,0,1845637,1031717,655741
406730,407262,Auto,7853.0,2151344,686323,1738373,682907,1340446,3429276,685665,1713531,311286,1331194,0,1845637,1031717,655741
405980,407270,Dragon Kick,32076.0,2151344,686323,1770449,682907,1340446,3429276,685665,1713531,311286,1331194,0,1845637,1031717,655741
406630,408050,The Forbidden Chakra,2341.0,2151344,686323,1770449,682907,1340446,3429276,685665,1713531,311286,1331194,0,1847978,1031717,655741
407210,408630,The Forbidden Chakra,0.0,2151344,686323,1770449,682907,1340446,3429276,685665,1713531,311286,1331194,0,1847978,1031717,655741
407920,408760,Twin Snakes,42103.0,2151344,686323,1770449,682907,1340446,3429276,685665,1713531,311286,1331194,0,1847978,1073820,655741
408770,409302,Auto,7853.0,2159197,686323,1770449,682907,1340446,3429276,685665,1713531,311286,1331194,0,1847978,1073820,655741
408570,409990,The Forbidden Chakra,2105.0,2159197,686323,1770449,682907,1340446,3429276,685665,1713531,311286,1331194,0,1850083,1073820,655741
409150,410570,The Forbidden Chakra,0.0,2159197,686323,1770449,682907,1340446,3429276,685665,1713531,311286,1331194,0,1850083,1073820,655741
410810,411342,Auto,7853.0,2167050,686323,1770449,682907,1340446,3429276,685665,1713531,311286,1331194,0,1850083,1073820,655741
409860,411460,Demolish,42103.0,2167050,728426,1770449,682907,1340446,3429276,685665,1713531,311286,1331194,0,1850083,1073820,655741
410510,411930,The Forbidden Chakra,2245.0,2167050,728426,1770449,682907,1340446,3429276,685665,1713531,311286,1331194,0,1852328,1073820,655741
411800,412420,Leaping Opo,63903.0,2167050,728426,1770449,682907,1340446,3493179,685665,1713531,311286,1331194,0,1852328,1073820,655741
411090,412510,The Forbidden Chakra,0.0,2167050,728426,1770449,682907,1340446,3493179,685665,1713531,311286,1331194,0,1852328,1073820,655741
412850,413382,Auto,7853.0,2174903,728426,1770449,682907,1340446,3493179,685665,1713531,311286,1331194,0,1852328,1073820,655741
412450,413870,The Forbidden Chakra,8312.0,2174903,728426,1770449,682907,1340446,3493179,685665,1713531,311286,1331194,0,1860640,1073820,655741
413030,414450,The Forbidden Chakra,0.0,2174903,728426,1770449,682907,1340446,3493179,685665,1713531,311286,1331194,0,1860640,1073820,655741
413740,414630,Rising Raptor,54134.0,2174903,728426,1770449,682907,1340446,3493179,685665,1713531,311286,1385328,0,1860640,1073820,655741
414890,415422,Auto,7853.0,2182756,728426,1770449,682907,1340446,3493179,685665,1713531,311286,1385328,0,1860640,1073820,655741
414390,415810,The Forbidden Chakra,2337.0,2182756,728426,1770449,682907,1340446,3493179,685665,1713531,311286,1385328,0,1862977,1073820,655741
414970,416390,The Forbidden Chakra,0.0,2182756,728426,1770449,682907,1340446,3493179,685665,1713531,311286,1385328,0,1862977,1073820,655741
415680,416700,Pouncing Coeurl,52127.0,2182756,728426,1770449,682907,1340446,3493179,685665,1765658,311286,1385328,0,1862977,1073820,655741
416930,417462,Auto,7853.0,2190609,728426,1770449,682907,1340446,3493179,685665,1765658,311286,1385328,0,1862977,1073820,655741
416330,417750,The Forbidden Chakra,2177.0,2190609,728426,1770449,682907,1340446,3493179,685665,1765658,311286,1385328,0,1865154,1073820,655741
416910,418330,The Forbidden Chakra,0.0,2190609,728426,1770449,682907,1340446,3493179,685665,1765658,311286,1385328,0,1865154,1073820,655741
417620,418910,Dragon Kick,32076.0,2190609,728426,1802525,682907,1340446,3493179,685665,1765658,311286,1385328,0,1865154,1073820,655741
418970,419502,Auto,7853.0,2198462,728426,1802525,682907,1340446,3493179,685665,1765658,311286,1385328,0,1865154,1073820,655741
418270,419690,The Forbidden Chakra,2097.0,2198462,728426,1802525,682907,1340446,3493179,685665,1765658,311286,1385328,0,1867251,1073820,655741
418850,420270,The Forbidden Chakra,0.0,2198462,728426,1802525,682907,1340446,3493179,685665,1765658,311286,1385328,0,1867251,1073820,655741
419560,420400,Twin Snakes,42103.0,2198462,728426,1802525,682907,1340446,3493179,685665,1765658,311286,1385328,0,1867251,1115923,655741
421010,421542,Auto,7853.0,2206315,728426,1802525,682907,1340446,3493179,685665,1765658,311286,1385328,0,1867251,1115923,655741
420210,421630,The Forbidden Chakra,2261.0,2206315,728426,1802525,682907,1340446,3493179,685665,1765658,311286,1385328,0,1869512,1115923,655741
420790,422210,The Forbidden Chakra,0.0,2206315,728426,1802525,682907,1340446,3493179,685665,1765658,311286,1385328,0,1869512,1115923,655741
421500,422520,Pouncing Coeurl,52127.0,2206315,728426,1802525,682907,1340446,3493179,685665,1817785,311286,1385328,0,1869512,1115923,655741
422150,423570,The Forbidden Chakra,2257.0,2206315,728426,1802525,682907,1340446,3493179,685665,1817785,311286,1385328,0,1871769,1115923,655741
423050,423582,Auto,7853.0,2214168,728426,1802525,682907,1340446,3493179,685665,1817785,311286,1385328,0,1871769,1115923,655741
423440,424060,Leaping Opo,63903.0,2214168,728426,1802525,682907,1340446,3557082,685665,1817785,311286,1385328,0,1871769,1115923,655741
422730,424150,The Forbidden Chakra,0.0,2214168,728426,1802525,682907,1340446,3557082,685665,1817785,311286,1385328,0,1871769,1115923,655741
424090,425510,The Forbidden Chakra,8071.0,2214168,728426,1802525,682907,1340446,3557082,685665,1817785,311286,1385328,0,1879840,1115923,655741
425090,425622,Auto,7853.0,2222021,728426,1802525,682907,1340446,3557082,685665,1817785,311286,1385328,0,1879840,1115923,655741
424670,426090,The Forbidden Chakra,0.0,2222021,728426,1802525,682907,1340446,3557082,685665,1817785,311286,1385328,0,1879840,1115923,655741
425381,426271,Rising Raptor,54134.0,2222021,728426,1802525,682907,1340446,3557082,685665,1817785,311286,1439462,0,1879840,1115923,655741
427130,427662,Auto,9031.0,2231052,728426,1802525,682907,1340446,3557082,685665,1817785,311286,1439462,0,1879840,1115923,655741
427321,428921,Demolish,48418.0,2231052,776844,1802525,682907,1340446,3557082,685665,1817785,311286,1439462,0,1879840,1115923,655741
427941,429361,The Forbidden Chakra,5031.0,2231052,776844,1802525,682907,1340446,3557082,685665,1817785,311286,1439462,0,1884871,1115923,655741
429170,429702,Auto,9031.0,2240083,776844,1802525,682907,1340446,3557082,685665,1817785,311286,1439462,0,1884871,1115923,655741
428591,430011,The Forbidden Chakra,0.0,2240083,776844,1802525,682907,1340446,3557082,685665,1817785,311286,1439462,0,1884871,1115923,655741
429261,430551,Dragon Kick,36887.0,2240083,776844,1839412,682907,1340446,3557082,685665,1817785,311286,1439462,0,1884871,1115923,655741
429911,431331,The Forbidden Chakra,2485.0,2240083,776844,1839412,682907,1340446,3557082,685665,1817785,311286,1439462,0,1887356,1115923,655741
431210,431742,Auto,9031.0,2249114,776844,1839412,682907,1340446,3557082,685665,1817785,311286,1439462,0,1887356,1115923,655741
430491,431911,The Forbidden Chakra,0.0,2249114,776844,1839412,682907,1340446,3557082,685665,1817785,311286,1439462,0,1887356,1115923,655741
431201,432621,Fire's Reply,161409.0,2249114,776844,1839412,682907,1501855,3557082,685665,1817785,311286,1439462,0,1887356,1115923,655741
431851,433271,The Forbidden Chakra,2623.0,2249114,776844,1839412,682907,1501855,3557082,685665,1817785,311286,1439462,0,1889979,1115923,655741
433141,433761,Leaping Opo,73488.0,2249114,776844,1839412,682907,1501855,3630570,685665,1817785,311286,1439462,0,1889979,1115923,655741
433250,433782,Auto,9031.0,2258145,776844,1839412,682907,1501855,3630570,685665,1817785,311286,1439462,0,1889979,1115923,655741
432431,433851,The Forbidden Chakra,0.0,2258145,776844,1839412,682907,1501855,3630570,685665,1817785,311286,1439462,0,1889979,1115923,655741
435290,435822,Auto,9031.0,2267176,776844,1839412,682907,1501855,3630570,685665,1817785,311286,1439462,0,1889979,1115923,655741
434411,435831,The Forbidden Chakra,9411.0,2267176,776844,1839412,682907,1501855,3630570,685665,1817785,311286,1439462,0,1899390,1115923,655741
435081,436371,Dragon Kick,36887.0,2267176,776844,1876299,682907,1501855,3630570,685665,1817785,311286,1439462,0,1899390,1115923,655741
435731,437151,The Forbidden Chakra,2388.0,2267176,776844,1876299,682907,1501855,3630570,685665,1817785,311286,1439462,0,1901778,1115923,655741
436311,437731,The Forbidden Chakra,0.0,2267176,776844,1876299,682907,1501855,3630570,685665,1817785,311286,1439462,0,1901778,1115923,655741
437021,437861,Twin Snakes,48418.0,2267176,776844,1876299,682907,1501855,3630570,685665,1817785,311286,1439462,0,1901778,1164341,655741
437330,437862,Auto,9031.0,2276207,776844,1876299,682907,1501855,3630570,685665,1817785,311286,1439462,0,1901778,1164341,655741
437671,439091,The Forbidden Chakra,2582.0,2276207,776844,1876299,682907,1501855,3630570,685665,1817785,311286,1439462,0,1904360,1164341,655741
438251,439671,The Forbidden Chakra,0.0,2276207,776844,1876299,682907,1501855,3630570,685665,1817785,311286,1439462,0,1904360,1164341,655741
439370,439902,Auto,9031.0,2285238,776844,1876299,682907,1501855,3630570,685665,1817785,311286,1439462,0,1904360,1164341,655741
438961,439981,Pouncing Coeurl,59946.0,2285238,776844,1876299,682907,1501855,3630570,685665,1877731,311286,1439462,0,1904360,1164341,655741
439611,441031,The Forbidden Chakra,2457.0,2285238,776844,1876299,682907,1501855,3630570,685665,1877731,311286,1439462,0,1906817,1164341,655741
440191,441611,The Forbidden Chakra,0.0,2285238,776844,1876299,682907,1501855,3630570,685665,1877731,311286,1439462,0,1906817,1164341,655741
440901,441661,Rising Phoenix,103762.0,2285238,776844,1876299,682907,1501855,3630570,685665,1877731,415048,1439462,0,1906817,1164341,655741
441410,441942,Auto,9031.0,2294269,776844,1876299,682907,1501855,3630570,685665,1877731,415048,1439462,0,1906817,1164341,655741
441551,442971,The Forbidden Chakra,2596.0,2294269,776844,1876299,682907,1501855,3630570,685665,1877731,415048,1439462,0,1909413,1164341,655741
442841,443461,Leaping Opo,73278.0,2294269,776844,1876299,682907,1501855,3703848,685665,1877731,415048,1439462,0,1909413,1164341,655741
442131,443551,The Forbidden Chakra,0.0,2294269,776844,1876299,682907,1501855,3703848,685665,1877731,415048,1439462,0,1909413,1164341,655741
443450,443982,Auto,9005.0,2303274,776844,1876299,682907,1501855,3703848,685665,1877731,415048,1439462,0,1909413,1164341,655741
443491,444911,The Forbidden Chakra,9311.0,2303274,776844,1876299,682907,1501855,3703848,685665,1877731,415048,1439462,0,1918724,1164341,655741
444071,445491,The Forbidden Chakra,0.0,2303274,776844,1876299,682907,1501855,3703848,685665,1877731,415048,1439462,0,1918724,1164341,655741
444782,445672,Rising Raptor,62076.0,2303274,776844,1876299,682907,1501855,3703848,685665,1877731,415048,1501538,0,1918724,1164341,655741
445490,446022,Auto,9005.0,2312279,776844,1876299,682907,1501855,3703848,685665,1877731,415048,1501538,0,1918724,1164341,655741
445432,446852,The Forbidden Chakra,2579.0,2312279,776844,1876299,682907,1501855,3703848,685665,1877731,415048,1501538,0,1921303,1164341,655741
446012,447432,The Forbidden Chakra,0.0,2312279,776844,1876299,682907,1501855,3703848,685665,1877731,415048,1501538,0,1921303,1164341,655741
446722,447742,Pouncing Coeurl,59775.0,2312279,776844,1876299,682907,1501855,3703848,685665,1937506,415048,1501538,0,1921303,1164341,655741
447530,448062,Auto,7831.0,2320110,776844,1876299,682907,1501855,3703848,685665,1937506,415048,1501538,0,1921303,1164341,655741
447372,448792,The Forbidden Chakra,2151.0,2320110,776844,1876299,682907,1501855,3703848,685665,1937506,415048,1501538,0,1923454,1164341,655741
447952,449372,The Forbidden Chakra,0.0,2320110,776844,1876299,682907,1501855,3703848,685665,1937506,415048,1501538,0,1923454,1164341,655741
448662,449952,Dragon Kick,31984.0,2320110,776844,1908283,682907,1501855,3703848,685665,1937506,415048,1501538,0,1923454,1164341,655741
449570,450102,Auto,7831.0,2327941,776844,1908283,682907,1501855,3703848,685665,1937506,415048,1501538,0,1923454,1164341,655741
449312,450732,The Forbidden Chakra,2187.0,2327941,776844,1908283,682907,1501855,3703848,685665,1937506,415048,1501538,0,1925641,1164341,655741
449892,451312,The Forbidden Chakra,0.0,2327941,776844,1908283,682907,1501855,3703848,685665,1937506,415048,1501538,0,1925641,1164341,655741
450602,451442,Twin Snakes,41983.0,2327941,776844,1908283,682907,1501855,3703848,685665,1937506,415048,1501538,0,1925641,1206324,655741
451610,452142,Auto,7831.0,2335772,776844,1908283,682907,1501855,3703848,685665,1937506,415048,1501538,0,1925641,1206324,655741
451222,452642,The Forbidden Chakra,2291.0,2335772,776844,1908283,682907,1501855,3703848,685665,1937506,415048,1501538,0,1927932,1206324,655741
451872,453292,The Forbidden Chakra,0.0,2335772,776844,1908283,682907,1501855,3703848,685665,1937506,415048,1501538,0,1927932,1206324,655741
452542,454142,Demolish,41983.0,2335772,818827,1908283,682907,1501855,3703848,685665,1937506,415048,1501538,0,1927932,1206324,655741
453650,454182,Auto,7831.0,2343603,818827,1908283,682907,1501855,3703848,685665,1937506,415048,1501538,0,1927932,1206324,655741
453192,454612,The Forbidden Chakra,2283.0,2343603,818827,1908283,682907,1501855,3703848,685665,1937506,415048,1501538,0,1930215,1206324,655741
454482,455102,Leaping Opo,63721.0,2343603,818827,1908283,682907,1501855,3767569,685665,1937506,415048,1501538,0,1930215,1206324,655741
453772,455192,The Forbidden Chakra,0.0,2343603,818827,1908283,682907,1501855,3767569,685665,1937506,415048,1501538,0,1930215,1206324,655741
455690,456222,Auto,7831.0,2351434,818827,1908283,682907,1501855,3767569,685665,1937506,415048,1501538,0,1930215,1206324,655741
455132,456552,The Forbidden Chakra,7940.0,2351434,818827,1908283,682907,1501855,3767569,685665,1937506,415048,1501538,0,1938155,1206324,655741
455712,457132,The Forbidden Chakra,0.0,2351434,818827,1908283,682907,1501855,3767569,685665,1937506,415048,1501538,0,1938155,1206324,655741
456422,457312,Rising Raptor,53980.0,2351434,818827,1908283,682907,1501855,3767569,685665,1937506,415048,1555518,0,1938155,1206324,655741
457730,458262,Auto,7831.0,2359265,818827,1908283,682907,1501855,3767569,685665,1937506,415048,1555518,0,1938155,1206324,655741
457072,458492,The Forbidden Chakra,2247.0,2359265,818827,1908283,682907,1501855,3767569,685665,1937506,415048,1555518,0,1940402,1206324,655741
457652,459072,The Forbidden Chakra,0.0,2359265,818827,1908283,682907,1501855,3767569,685665,1937506,415048,1555518,0,1940402,1206324,655741
458362,459382,Pouncing Coeurl,51978.0,2359265,818827,1908283,682907,1501855,3767569,685665,1989484,415048,1555518,0,1940402,1206324,655741
459770,460302,Auto,7831.0,2367096,818827,1908283,682907,1501855,3767569,685665,1989484,415048,1555518,0,1940402,1206324,655741
459012,460432,The Forbidden Chakra,2187.0,2367096,818827,1908283,682907,1501855,3767569,685665,1989484,415048,1555518,0,1942589,1206324,655741
459592,461012,The Forbidden Chakra,0.0,2367096,818827,1908283,682907,1501855,3767569,685665,1989484,415048,1555518,0,1942589,1206324,655741
460302,461592,Dragon Kick,31984.0,2367096,818827,1940267,682907,1501855,3767569,685665,1989484,415048,1555518,0,1942589,1206324,655741
461810,462342,Auto,7831.0,2374927,818827,1940267,682907,1501855,3767569,685665,1989484,415048,1555518,0,1942589,1206324,655741
460952,462372,The Forbidden Chakra,2375.0,2374927,818827,1940267,682907,1501855,3767569,685665,1989484,415048,1555518,0,1944964,1206324,655741
461532,462952,The Forbidden Chakra,0.0,2374927,818827,1940267,682907,1501855,3767569,685665,1989484,415048,1555518,0,1944964,1206324,655741
462242,463082,Twin Snakes,41983.0,2374927,818827,1940267,682907,1501855,3767569,685665,1989484,415048,1555518,0,1944964,1248307,655741
463850,464382,Auto,7831.0,2382758,818827,1940267,682907,1501855,3767569,685665,1989484,415048,1555518,0,1944964,1248307,655741
463512,464932,The Forbidden Chakra,2215.0,2382758,818827,1940267,682907,1501855,3767569,685665,1989484,415048,1555518,0,1947179,1248307,655741
464182,465382,Wind's Reply,103964.0,2382758,818827,1940267,682907,1501855,3767569,685665,1989484,415048,1555518,0,1947179,1248307,759705
464870,465402,Auto,7831.0,2390589,818827,1940267,682907,1501855,3767569,685665,1989484,415048,1555518,0,1947179,1248307,759705
464832,466252,The Forbidden Chakra,2171.0,2390589,818827,1940267,682907,1501855,3767569,685665,1989484,415048,1555518,0,1949350,1248307,759705
465890,466422,Auto,7831.0,2398420,818827,1940267,682907,1501855,3767569,685665,1989484,415048,1555518,0,1949350,1248307,759705
465412,466832,The Forbidden Chakra,0.0,2398420,818827,1940267,682907,1501855,3767569,685665,1989484,415048,1555518,0,1949350,1248307,759705
466123,467143,Pouncing Coeurl,51978.0,2398420,818827,1940267,682907,1501855,3767569,685665,2041462,415048,1555518,0,1949350,1248307,759705
466910,467442,Auto,7831.0,2406251,818827,1940267,682907,1501855,3767569,685665,2041462,415048,1555518,0,1949350,1248307,759705
466773,468193,The Forbidden Chakra,2303.0,2406251,818827,1940267,682907,1501855,3767569,685665,2041462,415048,1555518,0,1951653,1248307,759705
467930,468462,Auto,7831.0,2414082,818827,1940267,682907,1501855,3767569,685665,2041462,415048,1555518,0,1951653,1248307,759705
468063,468683,Leaping Opo,63721.0,2414082,818827,1940267,682907,1501855,3831290,685665,2041462,415048,1555518,0,1951653,1248307,759705
467353,468773,The Forbidden Chakra,0.0,2414082,818827,1940267,682907,1501855,3831290,685665,2041462,415048,1555518,0,1951653,1248307,759705
468950,469482,Auto,7831.0,2421913,818827,1940267,682907,1501855,3831290,685665,2041462,415048,1555518,0,1951653,1248307,759705
468713,470133,The Forbidden Chakra,8076.0,2421913,818827,1940267,682907,1501855,3831290,685665,2041462,415048,1555518,0,1959729,1248307,759705
469970,470502,Auto,7831.0,2429744,818827,1940267,682907,1501855,3831290,685665,2041462,415048,1555518,0,1959729,1248307,759705
469293,470713,The Forbidden Chakra,0.0,2429744,818827,1940267,682907,1501855,3831290,685665,2041462,415048,1555518,0,1959729,1248307,759705
470003,470893,Rising Raptor,53980.0,2429744,818827,1940267,682907,1501855,3831290,685665,2041462,415048,1609498,0,1959729,1248307,759705
470990,471522,Auto,7831.0,2437575,818827,1940267,682907,1501855,3831290,685665,2041462,415048,1609498,0,1959729,1248307,759705
470653,472073,The Forbidden Chakra,2043.0,2437575,818827,1940267,682907,1501855,3831290,685665,2041462,415048,1609498,0,1961772,1248307,759705
472010,472542,Auto,7831.0,2445406,818827,1940267,682907,1501855,3831290,685665,2041462,415048,1609498,0,1961772,1248307,759705
471233,472653,The Forbidden Chakra,0.0,2445406,818827,1940267,682907,1501855,3831290,685665,2041462,415048,1609498,0,1961772,1248307,759705
471943,473543,Demolish,41983.0,2445406,860810,1940267,682907,1501855,3831290,685665,2041462,415048,1609498,0,1961772,1248307,759705
473030,473562,Auto,7831.0,2453237,860810,1940267,682907,1501855,3831290,685665,2041462,415048,1609498,0,1961772,1248307,759705
472593,474013,The Forbidden Chakra,2251.0,2453237,860810,1940267,682907,1501855,3831290,685665,2041462,415048,1609498,0,1964023,1248307,759705
474050,474582,Auto,7831.0,2461068,860810,1940267,682907,1501855,3831290,685665,2041462,415048,1609498,0,1964023,1248307,759705
473173,474593,The Forbidden Chakra,0.0,2461068,860810,1940267,682907,1501855,3831290,685665,2041462,415048,1609498,0,1964023,1248307,759705
473883,475173,Dragon Kick,31984.0,2461068,860810,1972251,682907,1501855,3831290,685665,2041462,415048,1609498,0,1964023,1248307,759705
475070,475602,Auto,7831.0,2468899,860810,1972251,682907,1501855,3831290,685665,2041462,415048,1609498,0,1964023,1248307,759705
474533,475953,The Forbidden Chakra,2219.0,2468899,860810,1972251,682907,1501855,3831290,685665,2041462,415048,1609498,0,1966242,1248307,759705
475113,476533,The Forbidden Chakra,0.0,2468899,860810,1972251,682907,1501855,3831290,685665,2041462,415048,1609498,0,1966242,1248307,759705
476090,476622,Auto,7831.0,2476730,860810,1972251,682907,1501855,3831290,685665,2041462,415048,1609498,0,1966242,1248307,759705
475823,476663,Twin Snakes,41983.0,2476730,860810,1972251,682907,1501855,3831290,685665,2041462,415048,1609498,0,1966242,1290290,759705
477110,477642,Auto,7831.0,2484561,860810,1972251,682907,1501855,3831290,685665,2041462,415048,1609498,0,1966242,1290290,759705
476443,477863,The Forbidden Chakra,2327.0,2484561,860810,1972251,682907,1501855,3831290,685665,2041462,415048,1609498,0,1968569,1290290,759705
477093,478513,The Forbidden Chakra,0.0,2484561,860810,1972251,682907,1501855,3831290,685665,2041462,415048,1609498,0,1968569,1290290,759705
478130,478662,Auto,7831.0,2492392,860810,1972251,682907,1501855,3831290,685665,2041462,415048,1609498,0,1968569,1290290,759705
477763,478783,Pouncing Coeurl,51978.0,2492392,860810,1972251,682907,1501855,3831290,685665,2093440,415048,1609498,0,1968569,1290290,759705
479150,479682,Auto,7831.0,2500223,860810,1972251,682907,1501855,3831290,685665,2093440,415048,1609498,0,1968569,1290290,759705
478413,479833,The Forbidden Chakra,2079.0,2500223,860810,1972251,682907,1501855,3831290,685665,2093440,415048,1609498,0,1970648,1290290,759705
479703,480323,Leaping Opo,63721.0,2500223,860810,1972251,682907,1501855,3895011,685665,2093440,415048,1609498,0,1970648,1290290,759705
478993,480413,The Forbidden Chakra,0.0,2500223,860810,1972251,682907,1501855,3895011,685665,2093440,415048,1609498,0,1970648,1290290,759705
481190,481722,Auto,7859.0,2508082,860810,1972251,682907,1501855,3895011,685665,2093440,415048,1609498,0,1970648,1290290,759705
480353,481773,The Forbidden Chakra,7896.0,2508082,860810,1972251,682907,1501855,3895011,685665,2093440,415048,1609498,0,1978544,1290290,759705
480933,482353,The Forbidden Chakra,0.0,2508082,860810,1972251,682907,1501855,3895011,685665,2093440,415048,1609498,0,1978544,1290290,759705
481643,482533,Rising Raptor,54172.0,2508082,860810,1972251,682907,1501855,3895011,685665,2093440,415048,1663670,0,1978544,1290290,759705
482293,483713,The Forbidden Chakra,2303.0,2508082,860810,1972251,682907,1501855,3895011,685665,2093440,415048,1663670,0,1980847,1290290,759705
483230,483762,Auto,7859.0,2515941,860810,1972251,682907,1501855,3895011,685665,2093440,415048,1663670,0,1980847,1290290,759705
482873,484293,The Forbidden Chakra,0.0,2515941,860810,1972251,682907,1501855,3895011,685665,2093440,415048,1663670,0,1980847,1290290,759705
483583,484603,Pouncing Coeurl,52164.0,2515941,860810,1972251,682907,1501855,3895011,685665,2145604,415048,1663670,0,1980847,1290290,759705
485270,485802,Auto,7859.0,2523800,860810,1972251,682907,1501855,3895011,685665,2145604,415048,1663670,0,1980847,1290290,759705
484853,486273,The Forbidden Chakra,2536.0,2523800,860810,1972251,682907,1501855,3895011,685665,2145604,415048,1663670,0,1983383,1290290,759705
485524,486814,Dragon Kick,32098.0,2523800,860810,2004349,682907,1501855,3895011,685665,2145604,415048,1663670,0,1983383,1290290,759705
487310,487842,Auto,11616.0,2535416,860810,2004349,682907,1501855,3895011,685665,2145604,415048,1663670,0,1983383,1290290,759705
487464,488084,Leaping Opo,94693.0,2535416,860810,2004349,682907,1501855,3989704,685665,2145604,415048,1663670,0,1983383,1290290,759705
488114,489534,The Forbidden Chakra,34470.0,2535416,860810,2004349,682907,1501855,3989704,685665,2145604,415048,1663670,0,2017853,1290290,759705
489350,489882,Auto,11616.0,2547032,860810,2004349,682907,1501855,3989704,685665,2145604,415048,1663670,0,2017853,1290290,759705
488694,490114,The Forbidden Chakra,2496.0,2547032,860810,2004349,682907,1501855,3989704,685665,2145604,415048,1663670,0,2020349,1290290,759705
489404,490694,Dragon Kick,47443.0,2547032,860810,2051792,682907,1501855,3989704,685665,2145604,415048,1663670,0,2020349,1290290,759705
490054,491474,The Forbidden Chakra,10568.0,2547032,860810,2051792,682907,1501855,3989704,685665,2145604,415048,1663670,0,2030917,1290290,759705
491344,491744,Phantom Rush,222429.0,2547032,860810,2051792,682907,1501855,3989704,908094,2145604,415048,1663670,0,2030917,1290290,759705
491390,491922,Auto,11616.0,2558648,860810,2051792,682907,1501855,3989704,908094,2145604,415048,1663670,0,2030917,1290290,759705
490634,492054,The Forbidden Chakra,4981.0,2558648,860810,2051792,682907,1501855,3989704,908094,2145604,415048,1663670,0,2035898,1290290,759705
491964,493384,The Forbidden Chakra,36326.0,2558648,860810,2051792,682907,1501855,3989704,908094,2145604,415048,1663670,0,2072224,1290290,759705
493284,493904,Leaping Opo,94693.0,2558648,860810,2051792,682907,1501855,4084397,908094,2145604,415048,1663670,0,2072224,1290290,759705
493430,493962,Auto,11616.0,2570264,860810,2051792,682907,1501855,4084397,908094,2145604,415048,1663670,0,2072224,1290290,759705
492614,494034,The Forbidden Chakra,2384.0,2570264,860810,2051792,682907,1501855,4084397,908094,2145604,415048,1663670,0,2074608,1290290,759705
493934,495354,The Forbidden Chakra,35870.0,2570264,860810,2051792,682907,1501855,4084397,908094,2145604,415048,1663670,0,2110478,1290290,759705
494514,495934,The Forbidden Chakra,59.0,2570264,860810,2051792,682907,1501855,4084397,908094,2145604,415048,1663670,0,2110537,1290290,759705
495470,496002,Auto,11616.0,2581880,860810,2051792,682907,1501855,4084397,908094,2145604,415048,1663670,0,2110537,1290290,759705
495224,496644,Fire's Reply,207598.0,2581880,860810,2051792,682907,1709453,4084397,908094,2145604,415048,1663670,0,2110537,1290290,759705
495844,497264,The Forbidden Chakra,10586.0,2581880,860810,2051792,682907,1709453,4084397,908094,2145604,415048,1663670,0,2121123,1290290,759705
496494,497914,The Forbidden Chakra,0.0,2581880,860810,2051792,682907,1709453,4084397,908094,2145604,415048,1663670,0,2121123,1290290,759705
497510,498042,Auto,11616.0,2593496,860810,2051792,682907,1709453,4084397,908094,2145604,415048,1663670,0,2121123,1290290,759705
497164,498454,Dragon Kick,47443.0,2593496,860810,2099235,682907,1709453,4084397,908094,2145604,415048,1663670,0,2121123,1290290,759705
499104,499724,Leaping Opo,94693.0,2593496,860810,2099235,682907,1709453,4179090,908094,2145604,415048,1663670,0,2121123,1290290,759705
498434,499854,The Forbidden Chakra,29494.0,2593496,860810,2099235,682907,1709453,4179090,908094,2145604,415048,1663670,0,2150617,1290290,759705
499550,500082,Auto,11616.0,2605112,860810,2099235,682907,1709453,4179090,908094,2145604,415048,1663670,0,2150617,1290290,759705
499754,501174,The Forbidden Chakra,42815.0,2605112,860810,2099235,682907,1709453,4179090,908094,2145604,415048,1663670,0,2193432,1290290,759705
500334,501754,The Forbidden Chakra,2354.0,2605112,860810,2099235,682907,1709453,4179090,908094,2145604,415048,1663670,0,2195786,1290290,759705
501590,502122,Auto,11616.0,2616728,860810,2099235,682907,1709453,4179090,908094,2145604,415048,1663670,0,2195786,1290290,759705
501044,502334,Dragon Kick,47443.0,2616728,860810,2146678,682907,1709453,4179090,908094,2145604,415048,1663670,0,2195786,1290290,759705
501664,503084,The Forbidden Chakra,17632.0,2616728,860810,2146678,682907,1709453,4179090,908094,2145604,415048,1663670,0,2213418,1290290,759705
502984,503604,Leaping Opo,94693.0,2616728,860810,2146678,682907,1709453,4273783,908094,2145604,415048,1663670,0,2213418,1290290,759705
502314,503734,The Forbidden Chakra,2431.0,2616728,860810,2146678,682907,1709453,4273783,908094,2145604,415048,1663670,0,2215849,1290290,759705
503630,504162,Auto,11616.0,2628344,860810,2146678,682907,1709453,4273783,908094,2145604,415048,1663670,0,2215849,1290290,759705
503634,505054,The Forbidden Chakra,47067.0,2628344,860810,2146678,682907,1709453,4273783,908094,2145604,415048,1663670,0,2262916,1290290,759705
504214,505634,The Forbidden Chakra,741.0,2628344,860810,2146678,682907,1709453,4273783,908094,2145604,415048,1663670,0,2263657,1290290,759705
505670,506202,Auto,11616.0,2639960,860810,2146678,682907,1709453,4273783,908094,2145604,415048,1663670,0,2263657,1290290,759705
504924,506344,Elixir Burst,133454.0,2639960,860810,2146678,816361,1709453,4273783,908094,2145604,415048,1663670,0,2263657,1290290,759705
505574,506994,The Forbidden Chakra,12864.0,2639960,860810,2146678,816361,1709453,4273783,908094,2145604,415048,1663670,0,2276521,1290290,759705
506154,507574,The Forbidden Chakra,7287.0,2639960,860810,2146678,816361,1709453,4273783,908094,2145604,415048,1663670,0,2283808,1290290,759705
506865,508155,Dragon Kick,40696.0,2639960,860810,2187374,816361,1709453,4273783,908094,2145604,415048,1663670,0,2283808,1290290,759705
507710,508242,Auto,7859.0,2647819,860810,2187374,816361,1709453,4273783,908094,2145604,415048,1663670,0,2283808,1290290,759705
507485,508905,The Forbidden Chakra,13346.0,2647819,860810,2187374,816361,1709453,4273783,908094,2145604,415048,1663670,0,2297154,1290290,759705
508135,509555,The Forbidden Chakra,0.0,2647819,860810,2187374,816361,1709453,4273783,908094,2145604,415048,1663670,0,2297154,1290290,759705
508805,509645,Twin Snakes,42132.0,2647819,860810,2187374,816361,1709453,4273783,908094,2145604,415048,1663670,0,2297154,1332422,759705
509750,510282,Auto,7859.0,2655678,860810,2187374,816361,1709453,4273783,908094,2145604,415048,1663670,0,2297154,1332422,759705
509455,510875,The Forbidden Chakra,2259.0,2655678,860810,2187374,816361,1709453,4273783,908094,2145604,415048,1663670,0,2299413,1332422,759705
510035,511455,The Forbidden Chakra,0.0,2655678,860810,2187374,816361,1709453,4273783,908094,2145604,415048,1663670,0,2299413,1332422,759705
511790,512322,Auto,7859.0,2663537,860810,2187374,816361,1709453,4273783,908094,2145604,415048,1663670,0,2299413,1332422,759705
510745,512345,Demolish,42132.0,2663537,902942,2187374,816361,1709453,4273783,908094,2145604,415048,1663670,0,2299413,1332422,759705
511395,512815,The Forbidden Chakra,2202.0,2663537,902942,2187374,816361,1709453,4273783,908094,2145604,415048,1663670,0,2301615,1332422,759705
512684,513304,Leaping Opo,64066.0,2663537,902942,2187374,816361,1709453,4337849,908094,2145604,415048,1663670,0,2301615,1332422,759705
511975,513395,The Forbidden Chakra,0.0,2663537,902942,2187374,816361,1709453,4337849,908094,2145604,415048,1663670,0,2301615,1332422,759705
513830,514362,Auto,7859.0,2671396,902942,2187374,816361,1709453,4337849,908094,2145604,415048,1663670,0,2301615,1332422,759705
513334,514754,The Forbidden Chakra,7961.0,2671396,902942,2187374,816361,1709453,4337849,908094,2145604,415048,1663670,0,2309576,1332422,759705
513914,515334,The Forbidden Chakra,0.0,2671396,902942,2187374,816361,1709453,4337849,908094,2145604,415048,1663670,0,2309576,1332422,759705
514625,515515,Rising Raptor,54172.0,2671396,902942,2187374,816361,1709453,4337849,908094,2145604,415048,1717842,0,2309576,1332422,759705
515870,516402,Auto,7859.0,2679255,902942,2187374,816361,1709453,4337849,908094,2145604,415048,1717842,0,2309576,1332422,759705
515275,516695,The Forbidden Chakra,2307.0,2679255,902942,2187374,816361,1709453,4337849,908094,2145604,415048,1717842,0,2311883,1332422,759705
515855,517275,The Forbidden Chakra,0.0,2679255,902942,2187374,816361,1709453,4337849,908094,2145604,415048,1717842,0,2311883,1332422,759705
516565,517585,Pouncing Coeurl,52164.0,2679255,902942,2187374,816361,1709453,4337849,908094,2197768,415048,1717842,0,2311883,1332422,759705
517910,518442,Auto,7859.0,2687114,902942,2187374,816361,1709453,4337849,908094,2197768,415048,1717842,0,2311883,1332422,759705
517215,518635,The Forbidden Chakra,2002.0,2687114,902942,2187374,816361,1709453,4337849,908094,2197768,415048,1717842,0,2313885,1332422,759705
517795,519215,The Forbidden Chakra,0.0,2687114,902942,2187374,816361,1709453,4337849,908094,2197768,415048,1717842,0,2313885,1332422,759705
518505,519795,Dragon Kick,32098.0,2687114,902942,2219472,816361,1709453,4337849,908094,2197768,415048,1717842,0,2313885,1332422,759705
519950,520482,Auto,7859.0,2694973,902942,2219472,816361,1709453,4337849,908094,2197768,415048,1717842,0,2313885,1332422,759705
519155,520575,The Forbidden Chakra,2235.0,2694973,902942,2219472,816361,1709453,4337849,908094,2197768,415048,1717842,0,2316120,1332422,759705
519735,521155,The Forbidden Chakra,0.0,2694973,902942,2219472,816361,1709453,4337849,908094,2197768,415048,1717842,0,2316120,1332422,759705
520445,521285,Twin Snakes,42132.0,2694973,902942,2219472,816361,1709453,4337849,908094,2197768,415048,1717842,0,2316120,1374554,759705
521095,522515,The Forbidden Chakra,2030.0,2694973,902942,2219472,816361,1709453,4337849,908094,2197768,415048,1717842,0,2318150,1374554,759705
521990,522522,Auto,7859.0,2702832,902942,2219472,816361,1709453,4337849,908094,2197768,415048,1717842,0,2318150,1374554,759705
521675,523095,The Forbidden Chakra,0.0,2702832,902942,2219472,816361,1709453,4337849,908094,2197768,415048,1717842,0,2318150,1374554,759705
522385,523405,Pouncing Coeurl,52164.0,2702832,902942,2219472,816361,1709453,4337849,908094,2249932,415048,1717842,0,2318150,1374554,759705
523035,524455,The Forbidden Chakra,2319.0,2702832,902942,2219472,816361,1709453,4337849,908094,2249932,415048,1717842,0,2320469,1374554,759705
524030,524562,Auto,7859.0,2710691,902942,2219472,816361,1709453,4337849,908094,2249932,415048,1717842,0,2320469,1374554,759705
524325,524945,Leaping Opo,64066.0,2710691,902942,2219472,816361,1709453,4401915,908094,2249932,415048,1717842,0,2320469,1374554,759705
523615,525035,The Forbidden Chakra,0.0,2710691,902942,2219472,816361,1709453,4401915,908094,2249932,415048,1717842,0,2320469,1374554,759705
524945,526365,The Forbidden Chakra,7628.0,2710691,902942,2219472,816361,1709453,4401915,908094,2249932,415048,1717842,0,2328097,1374554,759705
526070,526602,Auto,7853.0,2718544,902942,2219472,816361,1709453,4401915,908094,2249932,415048,1717842,0,2328097,1374554,759705
525595,527015,The Forbidden Chakra,0.0,2718544,902942,2219472,816361,1709453,4401915,908094,2249932,415048,1717842,0,2328097,1374554,759705
526265,527155,Rising Raptor,54134.0,2718544,902942,2219472,816361,1709453,4401915,908094,2249932,415048,1771976,0,2328097,1374554,759705
526915,528335,The Forbidden Chakra,2337.0,2718544,902942,2219472,816361,1709453,4401915,908094,2249932,415048,1771976,0,2330434,1374554,759705
528110,528642,Auto,7853.0,2726397,902942,2219472,816361,1709453,4401915,908094,2249932,415048,1771976,0,2330434,1374554,759705
527495,528915,The Forbidden Chakra,0.0,2726397,902942,2219472,816361,1709453,4401915,908094,2249932,415048,1771976,0,2330434,1374554,759705
528206,529806,Demolish,42103.0,2726397,945045,2219472,816361,1709453,4401915,908094,2249932,415048,1771976,0,2330434,1374554,759705
528856,530276,The Forbidden Chakra,2193.0,2726397,945045,2219472,816361,1709453,4401915,908094,2249932,415048,1771976,0,2332627,1374554,759705
530150,530682,Auto,7853.0,2734250,945045,2219472,816361,1709453,4401915,908094,2249932,415048,1771976,0,2332627,1374554,759705
529436,530856,The Forbidden Chakra,0.0,2734250,945045,2219472,816361,1709453,4401915,908094,2249932,415048,1771976,0,2332627,1374554,759705
530146,531436,Dragon Kick,32076.0,2734250,945045,2251548,816361,1709453,4401915,908094,2249932,415048,1771976,0,2332627,1374554,759705
530796,532216,The Forbidden Chakra,2393.0,2734250,945045,2251548,816361,1709453,4401915,908094,2249932,415048,1771976,0,2335020,1374554,759705
532190,532722,Auto,7853.0,2742103,945045,2251548,816361,1709453,4401915,908094,2249932,415048,1771976,0,2335020,1374554,759705
531376,532796,The Forbidden Chakra,0.0,2742103,945045,2251548,816361,1709453,4401915,908094,2249932,415048,1771976,0,2335020,1374554,759705
532086,532926,Twin Snakes,42103.0,2742103,945045,2251548,816361,1709453,4401915,908094,2249932,415048,1771976,0,2335020,1416657,759705
532736,534156,The Forbidden Chakra,2486.0,2742103,945045,2251548,816361,1709453,4401915,908094,2249932,415048,1771976,0,2337506,1416657,759705
533316,534736,The Forbidden Chakra,0.0,2742103,945045,2251548,816361,1709453,4401915,908094,2249932,415048,1771976,0,2337506,1416657,759705
534230,534762,Auto,7853.0,2749956,945045,2251548,816361,1709453,4401915,908094,2249932,415048,1771976,0,2337506,1416657,759705
534026,535046,Pouncing Coeurl,52127.0,2749956,945045,2251548,816361,1709453,4401915,908094,2302059,415048,1771976,0,2337506,1416657,759705
534676,536096,The Forbidden Chakra,2389.0,2749956,945045,2251548,816361,1709453,4401915,908094,2302059,415048,1771976,0,2339895,1416657,759705
535966,536586,Leaping Opo,63903.0,2749956,945045,2251548,816361,1709453,4465818,908094,2302059,415048,1771976,0,2339895,1416657,759705
535256,536676,The Forbidden Chakra,0.0,2749956,945045,2251548,816361,1709453,4465818,908094,2302059,415048,1771976,0,2339895,1416657,759705
536270,536802,Auto,7853.0,2757809,945045,2251548,816361,1709453,4465818,908094,2302059,415048,1771976,0,2339895,1416657,759705
536616,538036,The Forbidden Chakra,8011.0,2757809,945045,2251548,816361,1709453,4465818,908094,2302059,415048,1771976,0,2347906,1416657,759705
537196,538616,The Forbidden Chakra,0.0,2757809,945045,2251548,816361,1709453,4465818,908094,2302059,415048,1771976,0,2347906,1416657,759705
537906,538796,Rising Raptor,54134.0,2757809,945045,2251548,816361,1709453,4465818,908094,2302059,415048,1826110,0,2347906,1416657,759705
538310,538842,Auto,7853.0,2765662,945045,2251548,816361,1709453,4465818,908094,2302059,415048,1826110,0,2347906,1416657,759705
538526,539946,The Forbidden Chakra,2229.0,2765662,945045,2251548,816361,1709453,4465818,908094,2302059,415048,1826110,0,2350135,1416657,759705
539176,540596,The Forbidden Chakra,0.0,2765662,945045,2251548,816361,1709453,4465818,908094,2302059,415048,1826110,0,2350135,1416657,759705
539846,540866,Pouncing Coeurl,52127.0,2765662,945045,2251548,816361,1709453,4465818,908094,2354186,415048,1826110,0,2350135,1416657,759705
540350,540882,Auto,7853.0,2773515,945045,2251548,816361,1709453,4465818,908094,2354186,415048,1826110,0,2350135,1416657,759705
540496,541916,The Forbidden Chakra,2137.0,2773515,945045,2251548,816361,1709453,4465818,908094,2354186,415048,1826110,0,2352272,1416657,759705
541076,542496,The Forbidden Chakra,0.0,2773515,945045,2251548,816361,1709453,4465818,908094,2354186,415048,1826110,0,2352272,1416657,759705
542390,542922,Auto,7853.0,2781368,945045,2251548,816361,1709453,4465818,908094,2354186,415048,1826110,0,2352272,1416657,759705
541786,543076,Dragon Kick,32076.0,2781368,945045,2283624,816361,1709453,4465818,908094,2354186,415048,1826110,0,2352272,1416657,759705
542436,543856,The Forbidden Chakra,2161.0,2781368,945045,2283624,816361,1709453,4465818,908094,2354186,415048,1826110,0,2354433,1416657,759705
543016,544436,The Forbidden Chakra,0.0,2781368,945045,2283624,816361,1709453,4465818,908094,2354186,415048,1826110,0,2354433,1416657,759705
543726,544566,Twin Snakes,42103.0,2781368,945045,2283624,816361,1709453,4465818,908094,2354186,415048,1826110,0,2354433,1458760,759705
544430,544962,Auto,7853.0,2789221,945045,2283624,816361,1709453,4465818,908094,2354186,415048,1826110,0,2354433,1458760,759705
544376,545796,The Forbidden Chakra,2105.0,2789221,945045,2283624,816361,1709453,4465818,908094,2354186,415048,1826110,0,2356538,1458760,759705
544956,546376,The Forbidden Chakra,0.0,2789221,945045,2283624,816361,1709453,4465818,908094,2354186,415048,1826110,0,2356538,1458760,759705
546470,547002,Auto,7853.0,2797074,945045,2283624,816361,1709453,4465818,908094,2354186,415048,1826110,0,2356538,1458760,759705
545666,547266,Demolish,42103.0,2797074,987148,2283624,816361,1709453,4465818,908094,2354186,415048,1826110,0,2356538,1458760,759705
547607,548227,Leaping Opo,73488.0,2797074,987148,2283624,816361,1709453,4539306,908094,2354186,415048,1826110,0,2356538,1458760,759705
548510,549042,Auto,9031.0,2806105,987148,2283624,816361,1709453,4539306,908094,2354186,415048,1826110,0,2356538,1458760,759705
548257,549677,The Forbidden Chakra,11786.0,2806105,987148,2283624,816361,1709453,4539306,908094,2354186,415048,1826110,0,2368324,1458760,759705
548837,550257,The Forbidden Chakra,0.0,2806105,987148,2283624,816361,1709453,4539306,908094,2354186,415048,1826110,0,2368324,1458760,759705
549547,550967,Fire's Reply,161409.0,2806105,987148,2283624,816361,1870862,4539306,908094,2354186,415048,1826110,0,2368324,1458760,759705
550550,551082,Auto,9031.0,2815136,987148,2283624,816361,1870862,4539306,908094,2354186,415048,1826110,0,2368324,1458760,759705
550197,551617,The Forbidden Chakra,2577.0,2815136,987148,2283624,816361,1870862,4539306,908094,2354186,415048,1826110,0,2370901,1458760,759705
550777,552197,The Forbidden Chakra,0.0,2815136,987148,2283624,816361,1870862,4539306,908094,2354186,415048,1826110,0,2370901,1458760,759705
551487,552777,Dragon Kick,36887.0,2815136,987148,2320511,816361,1870862,4539306,908094,2354186,415048,1826110,0,2370901,1458760,759705
552590,553122,Auto,9031.0,2824167,987148,2320511,816361,1870862,4539306,908094,2354186,415048,1826110,0,2370901,1458760,759705
553427,554047,Leaping Opo,73488.0,2824167,987148,2320511,816361,1870862,4612794,908094,2354186,415048,1826110,0,2370901,1458760,759705
552757,554177,The Forbidden Chakra,2397.0,2824167,987148,2320511,816361,1870862,4612794,908094,2354186,415048,1826110,0,2373298,1458760,759705
554630,555162,Auto,9031.0,2833198,987148,2320511,816361,1870862,4612794,908094,2354186,415048,1826110,0,2373298,1458760,759705
554697,556117,The Forbidden Chakra,9467.0,2833198,987148,2320511,816361,1870862,4612794,908094,2354186,415048,1826110,0,2382765,1458760,759705
555650,556182,Auto,9031.0,2842229,987148,2320511,816361,1870862,4612794,908094,2354186,415048,1826110,0,2382765,1458760,759705
555367,556567,Wind's Reply,119901.0,2842229,987148,2320511,816361,1870862,4612794,908094,2354186,415048,1826110,0,2382765,1458760,879606
556670,557202,Auto,9031.0,2851260,987148,2320511,816361,1870862,4612794,908094,2354186,415048,1826110,0,2382765,1458760,879606
556017,557437,The Forbidden Chakra,2407.0,2851260,987148,2320511,816361,1870862,4612794,908094,2354186,415048,1826110,0,2385172,1458760,879606
556597,558017,The Forbidden Chakra,0.0,2851260,987148,2320511,816361,1870862,4612794,908094,2354186,415048,1826110,0,2385172,1458760,879606
557307,558197,Rising Raptor,62254.0,2851260,987148,2320511,816361,1870862,4612794,908094,2354186,415048,1888364,0,2385172,1458760,879606
557690,558222,Auto,9031.0,2860291,987148,2320511,816361,1870862,4612794,908094,2354186,415048,1888364,0,2385172,1458760,879606
558710,559242,Auto,9031.0,2869322,987148,2320511,816361,1870862,4612794,908094,2354186,415048,1888364,0,2385172,1458760,879606
557957,559377,The Forbidden Chakra,2577.0,2869322,987148,2320511,816361,1870862,4612794,908094,2354186,415048,1888364,0,2387749,1458760,879606
558537,559957,The Forbidden Chakra,0.0,2869322,987148,2320511,816361,1870862,4612794,908094,2354186,415048,1888364,0,2387749,1458760,879606
559730,560262,Auto,9031.0,2878353,987148,2320511,816361,1870862,4612794,908094,2354186,415048,1888364,0,2387749,1458760,879606
559247,560267,Pouncing Coeurl,59946.0,2878353,987148,2320511,816361,1870862,4612794,908094,2414132,415048,1888364,0,2387749,1458760,879606
560750,561282,Auto,9031.0,2887384,987148,2320511,816361,1870862,4612794,908094,2414132,415048,1888364,0,2387749,1458760,879606
559897,561317,The Forbidden Chakra,2494.0,2887384,987148,2320511,816361,1870862,4612794,908094,2414132,415048,1888364,0,2390243,1458760,879606
560477,561897,The Forbidden Chakra,0.0,2887384,987148,2320511,816361,1870862,4612794,908094,2414132,415048,1888364,0,2390243,1458760,879606
561187,561947,Rising Phoenix,103762.0,2887384,987148,2320511,816361,1870862,4612794,908094,2414132,518810,1888364,0,2390243,1458760,879606
561770,562302,Auto,9031.0,2896415,987148,2320511,816361,1870862,4612794,908094,2414132,518810,1888364,0,2390243,1458760,879606
561837,563257,The Forbidden Chakra,2278.0,2896415,987148,2320511,816361,1870862,4612794,908094,2414132,518810,1888364,0,2392521,1458760,879606
562790,563322,Auto,9005.0,2905420,987148,2320511,816361,1870862,4612794,908094,2414132,518810,1888364,0,2392521,1458760,879606
562417,563837,The Forbidden Chakra,0.0,2905420,987148,2320511,816361,1870862,4612794,908094,2414132,518810,1888364,0,2392521,1458760,879606
563810,564342,Auto,9005.0,2914425,987148,2320511,816361,1870862,4612794,908094,2414132,518810,1888364,0,2392521,1458760,879606
563127,564417,Dragon Kick,36781.0,2914425,987148,2357292,816361,1870862,4612794,908094,2414132,518810,1888364,0,2392521,1458760,879606
563777,565197,The Forbidden Chakra,2487.0,2914425,987148,2357292,816361,1870862,4612794,908094,2414132,518810,1888364,0,2395008,1458760,879606
564830,565362,Auto,9005.0,2923430,987148,2357292,816361,1870862,4612794,908094,2414132,518810,1888364,0,2395008,1458760,879606
564357,565777,The Forbidden Chakra,0.0,2923430,987148,2357292,816361,1870862,4612794,908094,2414132,518810,1888364,0,2395008,1458760,879606
565067,565907,Twin Snakes,48280.0,2923430,987148,2357292,816361,1870862,4612794,908094,2414132,518810,1888364,0,2395008,1507040,879606
565850,566382,Auto,9005.0,2932435,987148,2357292,816361,1870862,4612794,908094,2414132,518810,1888364,0,2395008,1507040,879606
565717,567137,The Forbidden Chakra,2423.0,2932435,987148,2357292,816361,1870862,4612794,908094,2414132,518810,1888364,0,2397431,1507040,879606
566870,567402,Auto,9005.0,2941440,987148,2357292,816361,1870862,4612794,908094,2414132,518810,1888364,0,2397431,1507040,879606
566297,567717,The Forbidden Chakra,0.0,2941440,987148,2357292,816361,1870862,4612794,908094,2414132,518810,1888364,0,2397431,1507040,879606
567007,568027,Pouncing Coeurl,59775.0,2941440,987148,2357292,816361,1870862,4612794,908094,2473907,518810,1888364,0,2397431,1507040,879606
567890,568422,Auto,7831.0,2949271,987148,2357292,816361,1870862,4612794,908094,2473907,518810,1888364,0,2397431,1507040,879606
567657,569077,The Forbidden Chakra,2175.0,2949271,987148,2357292,816361,1870862,4612794,908094,2473907,518810,1888364,0,2399606,1507040,879606
568910,569442,Auto,7831.0,2957102,987148,2357292,816361,1870862,4612794,908094,2473907,518810,1888364,0,2399606,1507040,879606
568948,569568,Leaping Opo,63721.0,2957102,987148,2357292,816361,1870862,4676515,908094,2473907,518810,1888364,0,2399606,1507040,879606
568237,569657,The Forbidden Chakra,0.0,2957102,987148,2357292,816361,1870862,4676515,908094,2473907,518810,1888364,0,2399606,1507040,879606
569930,570462,Auto,7831.0,2964933,987148,2357292,816361,1870862,4676515,908094,2473907,518810,1888364,0,2399606,1507040,879606
569598,571018,The Forbidden Chakra,7872.0,2964933,987148,2357292,816361,1870862,4676515,908094,2473907,518810,1888364,0,2407478,1507040,879606
570178,571598,The Forbidden Chakra,0.0,2964933,987148,2357292,816361,1870862,4676515,908094,2473907,518810,1888364,0,2407478,1507040,879606
570888,571778,Rising Raptor,53980.0,2964933,987148,2357292,816361,1870862,4676515,908094,2473907,518810,1942344,0,2407478,1507040,879606
571970,572502,Auto,7831.0,2972764,987148,2357292,816361,1870862,4676515,908094,2473907,518810,1942344,0,2407478,1507040,879606
571538,572958,The Forbidden Chakra,2455.0,2972764,987148,2357292,816361,1870862,4676515,908094,2473907,518810,1942344,0,2409933,1507040,879606
572118,573538,The Forbidden Chakra,0.0,2972764,987148,2357292,816361,1870862,4676515,908094,2473907,518810,1942344,0,2409933,1507040,879606
572828,574428,Demolish,41983.0,2972764,1029131,2357292,816361,1870862,4676515,908094,2473907,518810,1942344,0,2409933,1507040,879606
574010,574542,Auto,7831.0,2980595,1029131,2357292,816361,1870862,4676515,908094,2473907,518810,1942344,0,2409933,1507040,879606
573478,574898,The Forbidden Chakra,2403.0,2980595,1029131,2357292,816361,1870862,4676515,908094,2473907,518810,1942344,0,2412336,1507040,879606
574058,575478,The Forbidden Chakra,0.0,2980595,1029131,2357292,816361,1870862,4676515,908094,2473907,518810,1942344,0,2412336,1507040,879606
574768,576058,Dragon Kick,31984.0,2980595,1029131,2389276,816361,1870862,4676515,908094,2473907,518810,1942344,0,2412336,1507040,879606
576050,576582,Auto,7831.0,2988426,1029131,2389276,816361,1870862,4676515,908094,2473907,518810,1942344,0,2412336,1507040,879606
575388,576808,The Forbidden Chakra,2335.0,2988426,1029131,2389276,816361,1870862,4676515,908094,2473907,518810,1942344,0,2414671,1507040,879606
576038,577458,The Forbidden Chakra,0.0,2988426,1029131,2389276,816361,1870862,4676515,908094,2473907,518810,1942344,0,2414671,1507040,879606
576708,577548,Twin Snakes,41983.0,2988426,1029131,2389276,816361,1870862,4676515,908094,2473907,518810,1942344,0,2414671,1549023,879606
578090,578622,Auto,7831.0,2996257,1029131,2389276,816361,1870862,4676515,908094,2473907,518810,1942344,0,2414671,1549023,879606
577358,578778,The Forbidden Chakra,2107.0,2996257,1029131,2389276,816361,1870862,4676515,908094,2473907,518810,1942344,0,2416778,1549023,879606
577938,579358,The Forbidden Chakra,0.0,2996257,1029131,2389276,816361,1870862,4676515,908094,2473907,518810,1942344,0,2416778,1549023,879606
578648,579668,Pouncing Coeurl,51978.0,2996257,1029131,2389276,816361,1870862,4676515,908094,2525885,518810,1942344,0,2416778,1549023,879606
580130,580662,Auto,7831.0,3004088,1029131,2389276,816361,1870862,4676515,908094,2525885,518810,1942344,0,2416778,1549023,879606
579298,580718,The Forbidden Chakra,2211.0,3004088,1029131,2389276,816361,1870862,4676515,908094,2525885,518810,1942344,0,2418989,1549023,879606
580588,581208,Leaping Opo,63721.0,3004088,1029131,2389276,816361,1870862,4740236,908094,2525885,518810,1942344,0,2418989,1549023,879606
579878,581298,The Forbidden Chakra,0.0,3004088,1029131,2389276,816361,1870862,4740236,908094,2525885,518810,1942344,0,2418989,1549023,879606
581238,582658,The Forbidden Chakra,8096.0,3004088,1029131,2389276,816361,1870862,4740236,908094,2525885,518810,1942344,0,2427085,1549023,879606
582170,582702,Auto,7831.0,3011919,1029131,2389276,816361,1870862,4740236,908094,2525885,518810,1942344,0,2427085,1549023,879606
581818,583238,The Forbidden Chakra,0.0,3011919,1029131,2389276,816361,1870862,4740236,908094,2525885,518810,1942344,0,2427085,1549023,879606
582528,583418,Rising Raptor,53980.0,3011919,1029131,2389276,816361,1870862,4740236,908094,2525885,518810,1996324,0,2427085,1549023,879606
583178,584598,The Forbidden Chakra,2071.0,3011919,1029131,2389276,816361,1870862,4740236,908094,2525885,518810,1996324,0,2429156,1549023,879606
584210,584742,Auto,7831.0,3019750,1029131,2389276,816361,1870862,4740236,908094,2525885,518810,1996324,0,2429156,1549023,879606
583758,585178,The Forbidden Chakra,0.0,3019750,1029131,2389276,816361,1870862,4740236,908094,2525885,518810,1996324,0,2429156,1549023,879606
584468,585488,Pouncing Coeurl,51978.0,3019750,1029131,2389276,816361,1870862,4740236,908094,2577863,518810,1996324,0,2429156,1549023,879606
585118,586538,The Forbidden Chakra,2171.0,3019750,1029131,2389276,816361,1870862,4740236,908094,2577863,518810,1996324,0,2431327,1549023,879606
586250,586782,Auto,7831.0,3027581,1029131,2389276,816361,1870862,4740236,908094,2577863,518810,1996324,0,2431327,1549023,879606
585698,587118,The Forbidden Chakra,0.0,3027581,1029131,2389276,816361,1870862,4740236,908094,2577863,518810,1996324,0,2431327,1549023,879606
586408,587698,Dragon Kick,31984.0,3027581,1029131,2421260,816361,1870862,4740236,908094,2577863,518810,1996324,0,2431327,1549023,879606
587058,588478,The Forbidden Chakra,2439.0,3027581,1029131,2421260,816361,1870862,4740236,908094,2577863,518810,1996324,0,2433766,1549023,879606
588290,588822,Auto,7831.0,3035412,1029131,2421260,816361,1870862,4740236,908094,2577863,518810,1996324,0,2433766,1549023,879606
587638,589058,The Forbidden Chakra,0.0,3035412,1029131,2421260,816361,1870862,4740236,908094,2577863,518810,1996324,0,2433766,1549023,879606
588348,589188,Twin Snakes,41983.0,3035412,1029131,2421260,816361,1870862,4740236,908094,2577863,518810,1996324,0,2433766,1591006,879606
588998,590418,The Forbidden Chakra,2195.0,3035412,1029131,2421260,816361,1870862,4740236,908094,2577863,518810,1996324,0,2435961,1591006,879606
590330,590862,Auto,7831.0,3043243,1029131,2421260,816361,1870862,4740236,908094,2577863,518810,1996324,0,2435961,1591006,879606
589578,590998,The Forbidden Chakra,0.0,3043243,1029131,2421260,816361,1870862,4740236,908094,2577863,518810,1996324,0,2435961,1591006,879606
590289,591889,Demolish,41983.0,3043243,1071114,2421260,816361,1870862,4740236,908094,2577863,518810,1996324,0,2435961,1591006,879606
590939,592359,The Forbidden Chakra,2091.0,3043243,1071114,2421260,816361,1870862,4740236,908094,2577863,518810,1996324,0,2438052,1591006,879606
592229,592849,Leaping Opo,63721.0,3043243,1071114,2421260,816361,1870862,4803957,908094,2577863,518810,1996324,0,2438052,1591006,879606
592370,592902,Auto,7831.0,3051074,1071114,2421260,816361,1870862,4803957,908094,2577863,518810,1996324,0,2438052,1591006,879606
591519,592939,The Forbidden Chakra,0.0,3051074,1071114,2421260,816361,1870862,4803957,908094,2577863,518810,1996324,0,2438052,1591006,879606
592879,594299,The Forbidden Chakra,7984.0,3051074,1071114,2421260,816361,1870862,4803957,908094,2577863,518810,1996324,0,2446036,1591006,879606
593459,594879,The Forbidden Chakra,0.0,3051074,1071114,2421260,816361,1870862,4803957,908094,2577863,518810,1996324,0,2446036,1591006,879606
594410,594942,Auto,7831.0,3058905,1071114,2421260,816361,1870862,4803957,908094,2577863,518810,1996324,0,2446036,1591006,879606
594169,595059,Rising Raptor,53980.0,3058905,1071114,2421260,816361,1870862,4803957,908094,2577863,518810,2050304,0,2446036,1591006,879606
594819,596239,The Forbidden Chakra,2379.0,3058905,1071114,2421260,816361,1870862,4803957,908094,2577863,518810,2050304,0,2448415,1591006,879606
595399,596819,The Forbidden Chakra,0.0,3058905,1071114,2421260,816361,1870862,4803957,908094,2577863,518810,2050304,0,2448415,1591006,879606
596450,596982,Auto,7831.0,3066736,1071114,2421260,816361,1870862,4803957,908094,2577863,518810,2050304,0,2448415,1591006,879606
596109,597129,Pouncing Coeurl,51978.0,3066736,1071114,2421260,816361,1870862,4803957,908094,2629841,518810,2050304,0,2448415,1591006,879606
596759,598179,The Forbidden Chakra,2223.0,3066736,1071114,2421260,816361,1870862,4803957,908094,2629841,518810,2050304,0,2450638,1591006,879606
597339,598759,The Forbidden Chakra,0.0,3066736,1071114,2421260,816361,1870862,4803957,908094,2629841,518810,2050304,0,2450638,1591006,879606
598490,599022,Auto,7831.0,3074567,1071114,2421260,816361,1870862,4803957,908094,2629841,518810,2050304,0,2450638,1591006,879606
598049,599339,Dragon Kick,31984.0,3074567,1071114,2453244,816361,1870862,4803957,908094,2629841,518810,2050304,0,2450638,1591006,879606
598699,600119,The Forbidden Chakra,2375.0,3074567,1071114,2453244,816361,1870862,4803957,908094,2629841,518810,2050304,0,2453013,1591006,879606
599279,600699,The Forbidden Chakra,0.0,3074567,1071114,2453244,816361,1870862,4803957,908094,2629841,518810,2050304,0,2453013,1591006,879606
599989,600829,Twin Snakes,41983.0,3074567,1071114,2453244,816361,1870862,4803957,908094,2629841,518810,2050304,0,2453013,1632989,879606
600530,601062,Auto,7831.0,3082398,1071114,2453244,816361,1870862,4803957,908094,2629841,518810,2050304,0,2453013,1632989,879606
600639,602059,The Forbidden Chakra,2131.0,3082398,1071114,2453244,816361,1870862,4803957,908094,2629841,518810,2050304,0,2455144,1632989,879606
601219,602639,The Forbidden Chakra,0.0,3082398,1071114,2453244,816361,1870862,4803957,908094,2629841,518810,2050304,0,2455144,1632989,879606
601929,602949,Pouncing Coeurl,52164.0,3082398,1071114,2453244,816361,1870862,4803957,908094,2682005,518810,2050304,0,2455144,1632989,879606
602570,603102,Auto,7859.0,3090257,1071114,2453244,816361,1870862,4803957,908094,2682005,518810,2050304,0,2455144,1632989,879606
602579,603999,The Forbidden Chakra,2475.0,3090257,1071114,2453244,816361,1870862,4803957,908094,2682005,518810,2050304,0,2457619,1632989,879606
603869,604489,Leaping Opo,64066.0,3090257,1071114,2453244,816361,1870862,4868023,908094,2682005,518810,2050304,0,2457619,1632989,879606
603159,604579,The Forbidden Chakra,0.0,3090257,1071114,2453244,816361,1870862,4868023,908094,2682005,518810,2050304,0,2457619,1632989,879606
604610,605142,Auto,7859.0,3098116,1071114,2453244,816361,1870862,4868023,908094,2682005,518810,2050304,0,2457619,1632989,879606
605139,606559,The Forbidden Chakra,7864.0,3098116,1071114,2453244,816361,1870862,4868023,908094,2682005,518810,2050304,0,2465483,1632989,879606
605809,607099,Dragon Kick,32098.0,3098116,1071114,2485342,816361,1870862,4868023,908094,2682005,518810,2050304,0,2465483,1632989,879606
606650,607182,Auto,8664.0,3106780,1071114,2485342,816361,1870862,4868023,908094,2682005,518810,2050304,0,2465483,1632989,879606
607749,608369,Leaping Opo,94693.0,3106780,1071114,2485342,816361,1870862,4962716,908094,2682005,518810,2050304,0,2465483,1632989,879606
608690,609222,Auto,11616.0,3118396,1071114,2485342,816361,1870862,4962716,908094,2682005,518810,2050304,0,2465483,1632989,879606
608369,609789,The Forbidden Chakra,29856.0,3118396,1071114,2485342,816361,1870862,4962716,908094,2682005,518810,2050304,0,2495339,1632989,879606
609019,610439,The Forbidden Chakra,4792.0,3118396,1071114,2485342,816361,1870862,4962716,908094,2682005,518810,2050304,0,2500131,1632989,879606
609690,610980,Dragon Kick,47443.0,3118396,1071114,2532785,816361,1870862,4962716,908094,2682005,518810,2050304,0,2500131,1632989,879606
610730,611262,Auto,11616.0,3130012,1071114,2532785,816361,1870862,4962716,908094,2682005,518810,2050304,0,2500131,1632989,879606
610340,611760,The Forbidden Chakra,15414.0,3130012,1071114,2532785,816361,1870862,4962716,908094,2682005,518810,2050304,0,2515545,1632989,879606
611630,612030,Phantom Rush,222429.0,3130012,1071114,2532785,816361,1870862,4962716,1130523,2682005,518810,2050304,0,2515545,1632989,879606
610920,612340,The Forbidden Chakra,4637.0,3130012,1071114,2532785,816361,1870862,4962716,1130523,2682005,518810,2050304,0,2520182,1632989,879606
612770,613302,Auto,11616.0,3141628,1071114,2532785,816361,1870862,4962716,1130523,2682005,518810,2050304,0,2520182,1632989,879606
612250,613670,The Forbidden Chakra,34636.0,3141628,1071114,2532785,816361,1870862,4962716,1130523,2682005,518810,2050304,0,2554818,1632989,879606
613570,614190,Leaping Opo,94693.0,3141628,1071114,2532785,816361,1870862,5057409,1130523,2682005,518810,2050304,0,2554818,1632989,879606
612900,614320,The Forbidden Chakra,2301.0,3141628,1071114,2532785,816361,1870862,5057409,1130523,2682005,518810,2050304,0,2557119,1632989,879606
614810,615342,Auto,11616.0,3153244,1071114,2532785,816361,1870862,5057409,1130523,2682005,518810,2050304,0,2557119,1632989,879606
614220,615640,The Forbidden Chakra,35911.0,3153244,1071114,2532785,816361,1870862,5057409,1130523,2682005,518810,2050304,0,2593030,1632989,879606
614800,616220,The Forbidden Chakra,106.0,3153244,1071114,2532785,816361,1870862,5057409,1130523,2682005,518810,2050304,0,2593136,1632989,879606
615510,616930,Fire's Reply,207598.0,3153244,1071114,2532785,816361,2078460,5057409,1130523,2682005,518810,2050304,0,2593136,1632989,879606
616850,617382,Auto,11616.0,3164860,1071114,2532785,816361,2078460,5057409,1130523,2682005,518810,2050304,0,2593136,1632989,879606
616130,617550,The Forbidden Chakra,12615.0,3164860,1071114,2532785,816361,2078460,5057409,1130523,2682005,518810,2050304,0,2605751,1632989,879606
616780,618200,The Forbidden Chakra,2336.0,3164860,1071114,2532785,816361,2078460,5057409,1130523,2682005,518810,2050304,0,2608087,1632989,879606
617450,618740,Dragon Kick,47443.0,3164860,1071114,2580228,816361,2078460,5057409,1130523,2682005,518810,2050304,0,2608087,1632989,879606
618890,619422,Auto,11616.0,3176476,1071114,2580228,816361,2078460,5057409,1130523,2682005,518810,2050304,0,2608087,1632989,879606
619390,620010,Leaping Opo,94693.0,3176476,1071114,2580228,816361,2078460,5152102,1130523,2682005,518810,2050304,0,2608087,1632989,879606
618720,620140,The Forbidden Chakra,29885.0,3176476,1071114,2580228,816361,2078460,5152102,1130523,2682005,518810,2050304,0,2637972,1632989,879606
620040,621460,The Forbidden Chakra,42323.0,3176476,1071114,2580228,816361,2078460,5152102,1130523,2682005,518810,2050304,0,2680295,1632989,879606
620930,621462,Auto,11616.0,3188092,1071114,2580228,816361,2078460,5152102,1130523,2682005,518810,2050304,0,2680295,1632989,879606
620620,622040,The Forbidden Chakra,4898.0,3188092,1071114,2580228,816361,2078460,5152102,1130523,2682005,518810,2050304,0,2685193,1632989,879606
621330,622620,Dragon Kick,47443.0,3188092,1071114,2627671,816361,2078460,5152102,1130523,2682005,518810,2050304,0,2685193,1632989,879606
621950,623370,The Forbidden Chakra,10675.0,3188092,1071114,2627671,816361,2078460,5152102,1130523,2682005,518810,2050304,0,2695868,1632989,879606
622970,623502,Auto,11616.0,3199708,1071114,2627671,816361,2078460,5152102,1130523,2682005,518810,2050304,0,2695868,1632989,879606
623270,623890,Leaping Opo,94693.0,3199708,1071114,2627671,816361,2078460,5246795,1130523,2682005,518810,2050304,0,2695868,1632989,879606
622600,624020,The Forbidden Chakra,0.0,3199708,1071114,2627671,816361,2078460,5246795,1130523,2682005,518810,2050304,0,2695868,1632989,879606
623920,625340,The Forbidden Chakra,48159.0,3199708,1071114,2627671,816361,2078460,5246795,1130523,2682005,518810,2050304,0,2744027,1632989,879606
625010,625542,Auto,11616.0,3211324,1071114,2627671,816361,2078460,5246795,1130523,2682005,518810,2050304,0,2744027,1632989,879606
624500,625920,The Forbidden Chakra,1494.0,3211324,1071114,2627671,816361,2078460,5246795,1130523,2682005,518810,2050304,0,2745521,1632989,879606
625210,626630,Elixir Burst,133454.0,3211324,1071114,2627671,949815,2078460,5246795,1130523,2682005,518810,2050304,0,2745521,1632989,879606
625830,627250,The Forbidden Chakra,20325.0,3211324,1071114,2627671,949815,2078460,5246795,1130523,2682005,518810,2050304,0,2765846,1632989,879606
627050,627582,Auto,10561.0,3221885,1071114,2627671,949815,2078460,5246795,1130523,2682005,518810,2050304,0,2765846,1632989,879606
626480,627900,The Forbidden Chakra,2253.0,3221885,1071114,2627671,949815,2078460,5246795,1130523,2682005,518810,2050304,0,2768099,1632989,879606
627150,628440,Dragon Kick,41084.0,3221885,1071114,2668755,949815,2078460,5246795,1130523,2682005,518810,2050304,0,2768099,1632989,879606
627770,629190,The Forbidden Chakra,10308.0,3221885,1071114,2668755,949815,2078460,5246795,1130523,2682005,518810,2050304,0,2778407,1632989,879606
629090,629622,Auto,7859.0,3229744,1071114,2668755,949815,2078460,5246795,1130523,2682005,518810,2050304,0,2778407,1632989,879606
628420,629840,The Forbidden Chakra,0.0,3229744,1071114,2668755,949815,2078460,5246795,1130523,2682005,518810,2050304,0,2778407,1632989,879606
629090,629980,Rising Raptor,54172.0,3229744,1071114,2668755,949815,2078460,5246795,1130523,2682005,518810,2104476,0,2778407,1632989,879606
629740,631160,The Forbidden Chakra,2459.0,3229744,1071114,2668755,949815,2078460,5246795,1130523,2682005,518810,2104476,0,2780866,1632989,879606
631130,631662,Auto,7859.0,3237603,1071114,2668755,949815,2078460,5246795,1130523,2682005,518810,2104476,0,2780866,1632989,879606
630320,631740,The Forbidden Chakra,0.0,3237603,1071114,2668755,949815,2078460,5246795,1130523,2682005,518810,2104476,0,2780866,1632989,879606
631031,632631,Demolish,42132.0,3237603,1113246,2668755,949815,2078460,5246795,1130523,2682005,518810,2104476,0,2780866,1632989,879606
631681,633101,The Forbidden Chakra,2387.0,3237603,1113246,2668755,949815,2078460,5246795,1130523,2682005,518810,2104476,0,2783253,1632989,879606
632971,633591,Leaping Opo,64066.0,3237603,1113246,2668755,949815,2078460,5310861,1130523,2682005,518810,2104476,0,2783253,1632989,879606
632261,633681,The Forbidden Chakra,0.0,3237603,1113246,2668755,949815,2078460,5310861,1130523,2682005,518810,2104476,0,2783253,1632989,879606
633170,633702,Auto,7859.0,3245462,1113246,2668755,949815,2078460,5310861,1130523,2682005,518810,2104476,0,2783253,1632989,879606
633621,635041,The Forbidden Chakra,8053.0,3245462,1113246,2668755,949815,2078460,5310861,1130523,2682005,518810,2104476,0,2791306,1632989,879606
634201,635621,The Forbidden Chakra,0.0,3245462,1113246,2668755,949815,2078460,5310861,1130523,2682005,518810,2104476,0,2791306,1632989,879606
635210,635742,Auto,7859.0,3253321,1113246,2668755,949815,2078460,5310861,1130523,2682005,518810,2104476,0,2791306,1632989,879606
634911,635751,Twin Snakes,42132.0,3253321,1113246,2668755,949815,2078460,5310861,1130523,2682005,518810,2104476,0,2791306,1675121,879606
635561,636981,The Forbidden Chakra,2435.0,3253321,1113246,2668755,949815,2078460,5310861,1130523,2682005,518810,2104476,0,2793741,1675121,879606
636141,637561,The Forbidden Chakra,0.0,3253321,1113246,2668755,949815,2078460,5310861,1130523,2682005,518810,2104476,0,2793741,1675121,879606
637250,637782,Auto,7859.0,3261180,1113246,2668755,949815,2078460,5310861,1130523,2682005,518810,2104476,0,2793741,1675121,879606
636851,637871,Pouncing Coeurl,52164.0,3261180,1113246,2668755,949815,2078460,5310861,1130523,2734169,518810,2104476,0,2793741,1675121,879606
637501,638921,The Forbidden Chakra,2170.0,3261180,1113246,2668755,949815,2078460,5310861,1130523,2734169,518810,2104476,0,2795911,1675121,879606
638081,639501,The Forbidden Chakra,0.0,3261180,1113246,2668755,949815,2078460,5310861,1130523,2734169,518810,2104476,0,2795911,1675121,879606
639290,639822,Auto,7859.0,3269039,1113246,2668755,949815,2078460,5310861,1130523,2734169,518810,2104476,0,2795911,1675121,879606
638791,640081,Dragon Kick,32098.0,3269039,1113246,2700853,949815,2078460,5310861,1130523,2734169,518810,2104476,0,2795911,1675121,879606
639441,640861,The Forbidden Chakra,2327.0,3269039,1113246,2700853,949815,2078460,5310861,1130523,2734169,518810,2104476,0,2798238,1675121,879606
640021,641441,The Forbidden Chakra,0.0,3269039,1113246,2700853,949815,2078460,5310861,1130523,2734169,518810,2104476,0,2798238,1675121,879606
640731,641621,Rising Raptor,54172.0,3269039,1113246,2700853,949815,2078460,5310861,1130523,2734169,518810,2158648,0,2798238,1675121,879606
641330,641862,Auto,7859.0,3276898,1113246,2700853,949815,2078460,5310861,1130523,2734169,518810,2158648,0,2798238,1675121,879606
641381,642801,The Forbidden Chakra,2443.0,3276898,1113246,2700853,949815,2078460,5310861,1130523,2734169,518810,2158648,0,2800681,1675121,879606
641961,643381,The Forbidden Chakra,0.0,3276898,1113246,2700853,949815,2078460,5310861,1130523,2734169,518810,2158648,0,2800681,1675121,879606
642671,643691,Pouncing Coeurl,52164.0,3276898,1113246,2700853,949815,2078460,5310861,1130523,2786333,518810,2158648,0,2800681,1675121,879606
643370,643902,Auto,7859.0,3284757,1113246,2700853,949815,2078460,5310861,1130523,2786333,518810,2158648,0,2800681,1675121,879606
643321,644741,The Forbidden Chakra,2206.0,3284757,1113246,2700853,949815,2078460,5310861,1130523,2786333,518810,2158648,0,2802887,1675121,879606
644611,645231,Leaping Opo,64066.0,3284757,1113246,2700853,949815,2078460,5374927,1130523,2786333,518810,2158648,0,2802887,1675121,879606
643901,645321,The Forbidden Chakra,0.0,3284757,1113246,2700853,949815,2078460,5374927,1130523,2786333,518810,2158648,0,2802887,1675121,879606
645410,645942,Auto,7859.0,3292616,1113246,2700853,949815,2078460,5374927,1130523,2786333,518810,2158648,0,2802887,1675121,879606
646430,646962,Auto,7853.0,3300469,1113246,2700853,949815,2078460,5374927,1130523,2786333,518810,2158648,0,2802887,1675121,879606
645881,647301,The Forbidden Chakra,7747.0,3300469,1113246,2700853,949815,2078460,5374927,1130523,2786333,518810,2158648,0,2810634,1675121,879606
646551,647751,Wind's Reply,104262.0,3300469,1113246,2700853,949815,2078460,5374927,1130523,2786333,518810,2158648,0,2810634,1675121,983868
647450,647982,Auto,7853.0,3308322,1113246,2700853,949815,2078460,5374927,1130523,2786333,518810,2158648,0,2810634,1675121,983868
647201,648621,The Forbidden Chakra,2425.0,3308322,1113246,2700853,949815,2078460,5374927,1130523,2786333,518810,2158648,0,2813059,1675121,983868
648470,649002,Auto,7853.0,3316175,1113246,2700853,949815,2078460,5374927,1130523,2786333,518810,2158648,0,2813059,1675121,983868
647781,649201,The Forbidden Chakra,0.0,3316175,1113246,2700853,949815,2078460,5374927,1130523,2786333,518810,2158648,0,2813059,1675121,983868
648491,649331,Twin Snakes,42103.0,3316175,1113246,2700853,949815,2078460,5374927,1130523,2786333,518810,2158648,0,2813059,1717224,983868
649490,650022,Auto,7853.0,3324028,1113246,2700853,949815,2078460,5374927,1130523,2786333,518810,2158648,0,2813059,1717224,983868
649141,650561,The Forbidden Chakra,2241.0,3324028,1113246,2700853,949815,2078460,5374927,1130523,2786333,518810,2158648,0,2815300,1717224,983868
650510,651042,Auto,7853.0,3331881,1113246,2700853,949815,2078460,5374927,1130523,2786333,518810,2158648,0,2815300,1717224,983868
649721,651141,The Forbidden Chakra,0.0,3331881,1113246,2700853,949815,2078460,5374927,1130523,2786333,518810,2158648,0,2815300,1717224,983868
650431,652031,Demolish,42103.0,3331881,1155349,2700853,949815,2078460,5374927,1130523,2786333,518810,2158648,0,2815300,1717224,983868
651530,652062,Auto,7853.0,3339734,1155349,2700853,949815,2078460,5374927,1130523,2786333,518810,2158648,0,2815300,1717224,983868
651081,652501,The Forbidden Chakra,2329.0,3339734,1155349,2700853,949815,2078460,5374927,1130523,2786333,518810,2158648,0,2817629,1717224,983868
651661,653081,The Forbidden Chakra,0.0,3339734,1155349,2700853,949815,2078460,5374927,1130523,2786333,518810,2158648,0,2817629,1717224,983868
652550,653082,Auto,7853.0,3347587,1155349,2700853,949815,2078460,5374927,1130523,2786333,518810,2158648,0,2817629,1717224,983868
652372,653662,Dragon Kick,32076.0,3347587,1155349,2732929,949815,2078460,5374927,1130523,2786333,518810,2158648,0,2817629,1717224,983868
653570,654102,Auto,7853.0,3355440,1155349,2732929,949815,2078460,5374927,1130523,2786333,518810,2158648,0,2817629,1717224,983868
653022,654442,The Forbidden Chakra,2257.0,3355440,1155349,2732929,949815,2078460,5374927,1130523,2786333,518810,2158648,0,2819886,1717224,983868
653602,655022,The Forbidden Chakra,0.0,3355440,1155349,2732929,949815,2078460,5374927,1130523,2786333,518810,2158648,0,2819886,1717224,983868
654590,655122,Auto,7853.0,3363293,1155349,2732929,949815,2078460,5374927,1130523,2786333,518810,2158648,0,2819886,1717224,983868
654312,655202,Rising Raptor,54134.0,3363293,1155349,2732929,949815,2078460,5374927,1130523,2786333,518810,2212782,0,2819886,1717224,983868
655610,656142,Auto,7853.0,3371146,1155349,2732929,949815,2078460,5374927,1130523,2786333,518810,2212782,0,2819886,1717224,983868
654962,656382,The Forbidden Chakra,2413.0,3371146,1155349,2732929,949815,2078460,5374927,1130523,2786333,518810,2212782,0,2822299,1717224,983868
655542,656962,The Forbidden Chakra,0.0,3371146,1155349,2732929,949815,2078460,5374927,1130523,2786333,518810,2212782,0,2822299,1717224,983868
656630,657162,Auto,7853.0,3378999,1155349,2732929,949815,2078460,5374927,1130523,2786333,518810,2212782,0,2822299,1717224,983868
656252,657272,Pouncing Coeurl,52127.0,3378999,1155349,2732929,949815,2078460,5374927,1130523,2838460,518810,2212782,0,2822299,1717224,983868
657650,658182,Auto,7853.0,3386852,1155349,2732929,949815,2078460,5374927,1130523,2838460,518810,2212782,0,2822299,1717224,983868
656902,658322,The Forbidden Chakra,2165.0,3386852,1155349,2732929,949815,2078460,5374927,1130523,2838460,518810,2212782,0,2824464,1717224,983868
658192,658812,Leaping Opo,63903.0,3386852,1155349,2732929,949815,2078460,5438830,1130523,2838460,518810,2212782,0,2824464,1717224,983868
657482,658902,The Forbidden Chakra,0.0,3386852,1155349,2732929,949815,2078460,5438830,1130523,2838460,518810,2212782,0,2824464,1717224,983868
658670,659202,Auto,7853.0,3394705,1155349,2732929,949815,2078460,5438830,1130523,2838460,518810,2212782,0,2824464,1717224,983868
659690,660222,Auto,7853.0,3402558,1155349,2732929,949815,2078460,5438830,1130523,2838460,518810,2212782,0,2824464,1717224,983868
658842,660262,The Forbidden Chakra,7666.0,3402558,1155349,2732929,949815,2078460,5438830,1130523,2838460,518810,2212782,0,2832130,1717224,983868
659422,660842,The Forbidden Chakra,0.0,3402558,1155349,2732929,949815,2078460,5438830,1130523,2838460,518810,2212782,0,2832130,1717224,983868
660132,660972,Twin Snakes,42103.0,3402558,1155349,2732929,949815,2078460,5438830,1130523,2838460,518810,2212782,0,2832130,1759327,983868
660710,661242,Auto,7853.0,3410411,1155349,2732929,949815,2078460,5438830,1130523,2838460,518810,2212782,0,2832130,1759327,983868
660782,662202,The Forbidden Chakra,2297.0,3410411,1155349,2732929,949815,2078460,5438830,1130523,2838460,518810,2212782,0,2834427,1759327,983868
661730,662262,Auto,7853.0,3418264,1155349,2732929,949815,2078460,5438830,1130523,2838460,518810,2212782,0,2834427,1759327,983868
661362,662782,The Forbidden Chakra,0.0,3418264,1155349,2732929,949815,2078460,5438830,1130523,2838460,518810,2212782,0,2834427,1759327,983868
662072,663092,Pouncing Coeurl,52127.0,3418264,1155349,2732929,949815,2078460,5438830,1130523,2890587,518810,2212782,0,2834427,1759327,983868
662722,664142,The Forbidden Chakra,2253.0,3418264,1155349,2732929,949815,2078460,5438830,1130523,2890587,518810,2212782,0,2836680,1759327,983868
663770,664302,Auto,7853.0,3426117,1155349,2732929,949815,2078460,5438830,1130523,2890587,518810,2212782,0,2836680,1759327,983868
663302,664722,The Forbidden Chakra,0.0,3426117,1155349,2732929,949815,2078460,5438830,1130523,2890587,518810,2212782,0,2836680,1759327,983868
664012,665302,Dragon Kick,32076.0,3426117,1155349,2765005,949815,2078460,5438830,1130523,2890587,518810,2212782,0,2836680,1759327,983868
664632,666052,The Forbidden Chakra,2285.0,3426117,1155349,2765005,949815,2078460,5438830,1130523,2890587,518810,2212782,0,2838965,1759327,983868
665810,666342,Auto,7853.0,3433970,1155349,2765005,949815,2078460,5438830,1130523,2890587,518810,2212782,0,2838965,1759327,983868
665282,666702,The Forbidden Chakra,0.0,3433970,1155349,2765005,949815,2078460,5438830,1130523,2890587,518810,2212782,0,2838965,1759327,983868
665952,666842,Rising Raptor,54134.0,3433970,1155349,2765005,949815,2078460,5438830,1130523,2890587,518810,2266916,0,2838965,1759327,983868
667850,668382,Auto,9031.0,3443001,1155349,2765005,949815,2078460,5438830,1130523,2890587,518810,2266916,0,2838965,1759327,983868
667892,669492,Demolish,48418.0,3443001,1203767,2765005,949815,2078460,5438830,1130523,2890587,518810,2266916,0,2838965,1759327,983868
668542,669962,The Forbidden Chakra,5017.0,3443001,1203767,2765005,949815,2078460,5438830,1130523,2890587,518810,2266916,0,2843982,1759327,983868
669890,670422,Auto,9031.0,3452032,1203767,2765005,949815,2078460,5438830,1130523,2890587,518810,2266916,0,2843982,1759327,983868
669832,670452,Leaping Opo,73488.0,3452032,1203767,2765005,949815,2078460,5512318,1130523,2890587,518810,2266916,0,2843982,1759327,983868
669122,670542,The Forbidden Chakra,0.0,3452032,1203767,2765005,949815,2078460,5512318,1130523,2890587,518810,2266916,0,2843982,1759327,983868
670482,671902,The Forbidden Chakra,9227.0,3452032,1203767,2765005,949815,2078460,5512318,1130523,2890587,518810,2266916,0,2853209,1759327,983868
671930,672462,Auto,9031.0,3461063,1203767,2765005,949815,2078460,5512318,1130523,2890587,518810,2266916,0,2853209,1759327,983868
671062,672482,The Forbidden Chakra,0.0,3461063,1203767,2765005,949815,2078460,5512318,1130523,2890587,518810,2266916,0,2853209,1759327,983868
671773,673193,Fire's Reply,161409.0,3461063,1203767,2765005,949815,2239869,5512318,1130523,2890587,518810,2266916,0,2853209,1759327,983868
672423,673843,The Forbidden Chakra,2554.0,3461063,1203767,2765005,949815,2239869,5512318,1130523,2890587,518810,2266916,0,2855763,1759327,983868
673003,674423,The Forbidden Chakra,0.0,3461063,1203767,2765005,949815,2239869,5512318,1130523,2890587,518810,2266916,0,2855763,1759327,983868
673970,674502,Auto,9031.0,3470094,1203767,2765005,949815,2239869,5512318,1130523,2890587,518810,2266916,0,2855763,1759327,983868
673713,675003,Dragon Kick,36887.0,3470094,1203767,2801892,949815,2239869,5512318,1130523,2890587,518810,2266916,0,2855763,1759327,983868
675653,676273,Leaping Opo,73488.0,3470094,1203767,2801892,949815,2239869,5585806,1130523,2890587,518810,2266916,0,2855763,1759327,983868
674983,676403,The Forbidden Chakra,2831.0,3470094,1203767,2801892,949815,2239869,5585806,1130523,2890587,518810,2266916,0,2858594,1759327,983868
676010,676542,Auto,9031.0,3479125,1203767,2801892,949815,2239869,5585806,1130523,2890587,518810,2266916,0,2858594,1759327,983868
676303,677723,The Forbidden Chakra,9273.0,3479125,1203767,2801892,949815,2239869,5585806,1130523,2890587,518810,2266916,0,2867867,1759327,983868
676883,678303,The Forbidden Chakra,0.0,3479125,1203767,2801892,949815,2239869,5585806,1130523,2890587,518810,2266916,0,2867867,1759327,983868
677593,678433,Twin Snakes,48418.0,3479125,1203767,2801892,949815,2239869,5585806,1130523,2890587,518810,2266916,0,2867867,1807745,983868
678050,678582,Auto,9031.0,3488156,1203767,2801892,949815,2239869,5585806,1130523,2890587,518810,2266916,0,2867867,1807745,983868
678243,679663,The Forbidden Chakra,2337.0,3488156,1203767,2801892,949815,2239869,5585806,1130523,2890587,518810,2266916,0,2870204,1807745,983868
678823,680243,The Forbidden Chakra,0.0,3488156,1203767,2801892,949815,2239869,5585806,1130523,2890587,518810,2266916,0,2870204,1807745,983868
679533,680553,Pouncing Coeurl,59946.0,3488156,1203767,2801892,949815,2239869,5585806,1130523,2950533,518810,2266916,0,2870204,1807745,983868
680090,680622,Auto,9031.0,3497187,1203767,2801892,949815,2239869,5585806,1130523,2950533,518810,2266916,0,2870204,1807745,983868
680183,681603,The Forbidden Chakra,2559.0,3497187,1203767,2801892,949815,2239869,5585806,1130523,2950533,518810,2266916,0,2872763,1807745,983868
680763,682183,The Forbidden Chakra,0.0,3497187,1203767,2801892,949815,2239869,5585806,1130523,2950533,518810,2266916,0,2872763,1807745,983868
681473,682233,Rising Phoenix,103762.0,3497187,1203767,2801892,949815,2239869,5585806,1130523,2950533,622572,2266916,0,2872763,1807745,983868
682130,682662,Auto,9031.0,3506218,1203767,2801892,949815,2239869,5585806,1130523,2950533,622572,2266916,0,2872763,1807745,983868
682093,683513,The Forbidden Chakra,2586.0,3506218,1203767,2801892,949815,2239869,5585806,1130523,2950533,622572,2266916,0,2875349,1807745,983868
682743,684163,The Forbidden Chakra,0.0,3506218,1203767,2801892,949815,2239869,5585806,1130523,2950533,622572,2266916,0,2875349,1807745,983868
684170,684702,Auto,9005.0,3515223,1203767,2801892,949815,2239869,5585806,1130523,2950533,622572,2266916,0,2875349,1807745,983868
683413,684703,Dragon Kick,36781.0,3515223,1203767,2838673,949815,2239869,5585806,1130523,2950533,622572,2266916,0,2875349,1807745,983868
684063,685483,The Forbidden Chakra,2643.0,3515223,1203767,2838673,949815,2239869,5585806,1130523,2950533,622572,2266916,0,2877992,1807745,983868
684643,686063,The Forbidden Chakra,0.0,3515223,1203767,2838673,949815,2239869,5585806,1130523,2950533,622572,2266916,0,2877992,1807745,983868
685353,686243,Rising Raptor,62076.0,3515223,1203767,2838673,949815,2239869,5585806,1130523,2950533,622572,2328992,0,2877992,1807745,983868
686210,686742,Auto,9005.0,3524228,1203767,2838673,949815,2239869,5585806,1130523,2950533,622572,2328992,0,2877992,1807745,983868
686003,687423,The Forbidden Chakra,2515.0,3524228,1203767,2838673,949815,2239869,5585806,1130523,2950533,622572,2328992,0,2880507,1807745,983868
686583,688003,The Forbidden Chakra,0.0,3524228,1203767,2838673,949815,2239869,5585806,1130523,2950533,622572,2328992,0,2880507,1807745,983868
687293,688313,Pouncing Coeurl,59775.0,3524228,1203767,2838673,949815,2239869,5585806,1130523,3010308,622572,2328992,0,2880507,1807745,983868
688250,688782,Auto,7831.0,3532059,1203767,2838673,949815,2239869,5585806,1130523,3010308,622572,2328992,0,2880507,1807745,983868
687943,689363,The Forbidden Chakra,2271.0,3532059,1203767,2838673,949815,2239869,5585806,1130523,3010308,622572,2328992,0,2882778,1807745,983868
689233,689853,Leaping Opo,63721.0,3532059,1203767,2838673,949815,2239869,5649527,1130523,3010308,622572,2328992,0,2882778,1807745,983868
688523,689943,The Forbidden Chakra,0.0,3532059,1203767,2838673,949815,2239869,5649527,1130523,3010308,622572,2328992,0,2882778,1807745,983868
690290,690822,Auto,7831.0,3539890,1203767,2838673,949815,2239869,5649527,1130523,3010308,622572,2328992,0,2882778,1807745,983868
689883,691303,The Forbidden Chakra,8004.0,3539890,1203767,2838673,949815,2239869,5649527,1130523,3010308,622572,2328992,0,2890782,1807745,983868
690463,691883,The Forbidden Chakra,0.0,3539890,1203767,2838673,949815,2239869,5649527,1130523,3010308,622572,2328992,0,2890782,1807745,983868
691173,692013,Twin Snakes,41983.0,3539890,1203767,2838673,949815,2239869,5649527,1130523,3010308,622572,2328992,0,2890782,1849728,983868
692330,692862,Auto,7831.0,3547721,1203767,2838673,949815,2239869,5649527,1130523,3010308,622572,2328992,0,2890782,1849728,983868
691823,693243,The Forbidden Chakra,2331.0,3547721,1203767,2838673,949815,2239869,5649527,1130523,3010308,622572,2328992,0,2893113,1849728,983868
692403,693823,The Forbidden Chakra,0.0,3547721,1203767,2838673,949815,2239869,5649527,1130523,3010308,622572,2328992,0,2893113,1849728,983868
693114,694714,Demolish,41983.0,3547721,1245750,2838673,949815,2239869,5649527,1130523,3010308,622572,2328992,0,2893113,1849728,983868
694370,694902,Auto,7831.0,3555552,1245750,2838673,949815,2239869,5649527,1130523,3010308,622572,2328992,0,2893113,1849728,983868
693764,695184,The Forbidden Chakra,2171.0,3555552,1245750,2838673,949815,2239869,5649527,1130523,3010308,622572,2328992,0,2895284,1849728,983868
694344,695764,The Forbidden Chakra,0.0,3555552,1245750,2838673,949815,2239869,5649527,1130523,3010308,622572,2328992,0,2895284,1849728,983868
695054,696344,Dragon Kick,31984.0,3555552,1245750,2870657,949815,2239869,5649527,1130523,3010308,622572,2328992,0,2895284,1849728,983868
696410,696942,Auto,7831.0,3563383,1245750,2870657,949815,2239869,5649527,1130523,3010308,622572,2328992,0,2895284,1849728,983868
695704,697124,The Forbidden Chakra,2235.0,3563383,1245750,2870657,949815,2239869,5649527,1130523,3010308,622572,2328992,0,2897519,1849728,983868
696284,697704,The Forbidden Chakra,0.0,3563383,1245750,2870657,949815,2239869,5649527,1130523,3010308,622572,2328992,0,2897519,1849728,983868
696994,697884,Rising Raptor,53980.0,3563383,1245750,2870657,949815,2239869,5649527,1130523,3010308,622572,2382972,0,2897519,1849728,983868
698450,698982,Auto,7831.0,3571214,1245750,2870657,949815,2239869,5649527,1130523,3010308,622572,2382972,0,2897519,1849728,983868
697614,699034,The Forbidden Chakra,2183.0,3571214,1245750,2870657,949815,2239869,5649527,1130523,3010308,622572,2382972,0,2899702,1849728,983868
698264,699684,The Forbidden Chakra,0.0,3571214,1245750,2870657,949815,2239869,5649527,1130523,3010308,622572,2382972,0,2899702,1849728,983868
698934,699954,Pouncing Coeurl,51978.0,3571214,1245750,2870657,949815,2239869,5649527,1130523,3062286,622572,2382972,0,2899702,1849728,983868
699584,701004,The Forbidden Chakra,2331.0,3571214,1245750,2870657,949815,2239869,5649527,1130523,3062286,622572,2382972,0,2902033,1849728,983868
700490,701022,Auto,7831.0,3579045,1245750,2870657,949815,2239869,5649527,1130523,3062286,622572,2382972,0,2902033,1849728,983868
700874,701494,Leaping Opo,63721.0,3579045,1245750,2870657,949815,2239869,5713248,1130523,3062286,622572,2382972,0,2902033,1849728,983868
700164,701584,The Forbidden Chakra,0.0,3579045,1245750,2870657,949815,2239869,5713248,1130523,3062286,622572,2382972,0,2902033,1849728,983868
701524,702944,The Forbidden Chakra,8032.0,3579045,1245750,2870657,949815,2239869,5713248,1130523,3062286,622572,2382972,0,2910065,1849728,983868
702530,703062,Auto,7831.0,3586876,1245750,2870657,949815,2239869,5713248,1130523,3062286,622572,2382972,0,2910065,1849728,983868
702104,703524,The Forbidden Chakra,0.0,3586876,1245750,2870657,949815,2239869,5713248,1130523,3062286,622572,2382972,0,2910065,1849728,983868
702814,703654,Twin Snakes,41983.0,3586876,1245750,2870657,949815,2239869,5713248,1130523,3062286,622572,2382972,0,2910065,1891711,983868
703464,704884,The Forbidden Chakra,2051.0,3586876,1245750,2870657,949815,2239869,5713248,1130523,3062286,622572,2382972,0,2912116,1891711,983868
704570,705102,Auto,7831.0,3594707,1245750,2870657,949815,2239869,5713248,1130523,3062286,622572,2382972,0,2912116,1891711,983868
704044,705464,The Forbidden Chakra,0.0,3594707,1245750,2870657,949815,2239869,5713248,1130523,3062286,622572,2382972,0,2912116,1891711,983868
704754,705774,Pouncing Coeurl,51978.0,3594707,1245750,2870657,949815,2239869,5713248,1130523,3114264,622572,2382972,0,2912116,1891711,983868
705404,706824,The Forbidden Chakra,2319.0,3594707,1245750,2870657,949815,2239869,5713248,1130523,3114264,622572,2382972,0,2914435,1891711,983868
706610,707142,Auto,7831.0,3602538,1245750,2870657,949815,2239869,5713248,1130523,3114264,622572,2382972,0,2914435,1891711,983868
705984,707404,The Forbidden Chakra,0.0,3602538,1245750,2870657,949815,2239869,5713248,1130523,3114264,622572,2382972,0,2914435,1891711,983868
706694,707984,Dragon Kick,31984.0,3602538,1245750,2902641,949815,2239869,5713248,1130523,3114264,622572,2382972,0,2914435,1891711,983868
707344,708764,The Forbidden Chakra,2387.0,3602538,1245750,2902641,949815,2239869,5713248,1130523,3114264,622572,2382972,0,2916822,1891711,983868
708650,709182,Auto,7831.0,3610369,1245750,2902641,949815,2239869,5713248,1130523,3114264,622572,2382972,0,2916822,1891711,983868
707924,709344,The Forbidden Chakra,0.0,3610369,1245750,2902641,949815,2239869,5713248,1130523,3114264,622572,2382972,0,2916822,1891711,983868
708634,709524,Rising Raptor,53980.0,3610369,1245750,2902641,949815,2239869,5713248,1130523,3114264,622572,2436952,0,2916822,1891711,983868
709284,710704,The Forbidden Chakra,2295.0,3610369,1245750,2902641,949815,2239869,5713248,1130523,3114264,622572,2436952,0,2919117,1891711,983868
710690,711222,Auto,7831.0,3618200,1245750,2902641,949815,2239869,5713248,1130523,3114264,622572,2436952,0,2919117,1891711,983868
709864,711284,The Forbidden Chakra,0.0,3618200,1245750,2902641,949815,2239869,5713248,1130523,3114264,622572,2436952,0,2919117,1891711,983868
710574,712174,Demolish,41983.0,3618200,1287733,2902641,949815,2239869,5713248,1130523,3114264,622572,2436952,0,2919117,1891711,983868
711224,712644,The Forbidden Chakra,2127.0,3618200,1287733,2902641,949815,2239869,5713248,1130523,3114264,622572,2436952,0,2921244,1891711,983868
712515,713135,Leaping Opo,63721.0,3618200,1287733,2902641,949815,2239869,5776969,1130523,3114264,622572,2436952,0,2921244,1891711,983868
711804,713224,The Forbidden Chakra,0.0,3618200,1287733,2902641,949815,2239869,5776969,1130523,3114264,622572,2436952,0,2921244,1891711,983868
712730,713262,Auto,7831.0,3626031,1287733,2902641,949815,2239869,5776969,1130523,3114264,622572,2436952,0,2921244,1891711,983868
713165,714585,The Forbidden Chakra,7736.0,3626031,1287733,2902641,949815,2239869,5776969,1130523,3114264,622572,2436952,0,2928980,1891711,983868
713745,715165,The Forbidden Chakra,0.0,3626031,1287733,2902641,949815,2239869,5776969,1130523,3114264,622572,2436952,0,2928980,1891711,983868
714455,715295,Twin Snakes,41983.0,3626031,1287733,2902641,949815,2239869,5776969,1130523,3114264,622572,2436952,0,2928980,1933694,983868
714770,715302,Auto,7831.0,3633862,1287733,2902641,949815,2239869,5776969,1130523,3114264,622572,2436952,0,2928980,1933694,983868
715075,716495,The Forbidden Chakra,2243.0,3633862,1287733,2902641,949815,2239869,5776969,1130523,3114264,622572,2436952,0,2931223,1933694,983868
715725,717145,The Forbidden Chakra,0.0,3633862,1287733,2902641,949815,2239869,5776969,1130523,3114264,622572,2436952,0,2931223,1933694,983868
716810,717342,Auto,7831.0,3641693,1287733,2902641,949815,2239869,5776969,1130523,3114264,622572,2436952,0,2931223,1933694,983868
716395,717415,Pouncing Coeurl,51978.0,3641693,1287733,2902641,949815,2239869,5776969,1130523,3166242,622572,2436952,0,2931223,1933694,983868
717045,718465,The Forbidden Chakra,2063.0,3641693,1287733,2902641,949815,2239869,5776969,1130523,3166242,622572,2436952,0,2933286,1933694,983868
717625,719045,The Forbidden Chakra,0.0,3641693,1287733,2902641,949815,2239869,5776969,1130523,3166242,622572,2436952,0,2933286,1933694,983868
718850,719382,Auto,7831.0,3649524,1287733,2902641,949815,2239869,5776969,1130523,3166242,622572,2436952,0,2933286,1933694,983868
718335,719625,Dragon Kick,31984.0,3649524,1287733,2934625,949815,2239869,5776969,1130523,3166242,622572,2436952,0,2933286,1933694,983868
719605,721025,The Forbidden Chakra,2558.0,3649524,1287733,2934625,949815,2239869,5776969,1130523,3166242,622572,2436952,0,2935844,1933694,983868
720275,721165,Rising Raptor,58441.0,3649524,1287733,2934625,949815,2239869,5776969,1130523,3166242,622572,2495393,0,2935844,1933694,983868
720890,721422,Auto,8478.0,3658002,1287733,2934625,949815,2239869,5776969,1130523,3166242,622572,2495393,0,2935844,1933694,983868
720925,722345,The Forbidden Chakra,2502.0,3658002,1287733,2934625,949815,2239869,5776969,1130523,3166242,622572,2495393,0,2938346,1933694,983868
721505,722925,The Forbidden Chakra,0.0,3658002,1287733,2934625,949815,2239869,5776969,1130523,3166242,622572,2495393,0,2938346,1933694,983868
722215,723235,Pouncing Coeurl,56477.0,3658002,1287733,2934625,949815,2239869,5776969,1130523,3222719,622572,2495393,0,2938346,1933694,983868
722930,723462,Auto,8508.0,3666510,1287733,2934625,949815,2239869,5776969,1130523,3222719,622572,2495393,0,2938346,1933694,983868
722865,724285,The Forbidden Chakra,2637.0,3666510,1287733,2934625,949815,2239869,5776969,1130523,3222719,622572,2495393,0,2940983,1933694,983868
724155,724775,Leaping Opo,69359.0,3666510,1287733,2934625,949815,2239869,5846328,1130523,3222719,622572,2495393,0,2940983,1933694,983868
723445,724865,The Forbidden Chakra,0.0,3666510,1287733,2934625,949815,2239869,5846328,1130523,3222719,622572,2495393,0,2940983,1933694,983868
724970,725502,Auto,8508.0,3675018,1287733,2934625,949815,2239869,5846328,1130523,3222719,622572,2495393,0,2940983,1933694,983868
725425,726845,The Forbidden Chakra,8597.0,3675018,1287733,2934625,949815,2239869,5846328,1130523,3222719,622572,2495393,0,2949580,1933694,983868
726095,727385,Dragon Kick,36492.0,3675018,1287733,2971117,949815,2239869,5846328,1130523,3222719,622572,2495393,0,2949580,1933694,983868
727010,727542,Auto,9356.0,3684374,1287733,2971117,949815,2239869,5846328,1130523,3222719,622572,2495393,0,2949580,1933694,983868
728035,728655,Leaping Opo,102515.0,3684374,1287733,2971117,949815,2239869,5948843,1130523,3222719,622572,2495393,0,2949580,1933694,983868
729050,729582,Auto,12575.0,3696949,1287733,2971117,949815,2239869,5948843,1130523,3222719,622572,2495393,0,2949580,1933694,983868
728655,730075,The Forbidden Chakra,37532.0,3696949,1287733,2971117,949815,2239869,5948843,1130523,3222719,622572,2495393,0,2987112,1933694,983868
729305,730725,The Forbidden Chakra,7564.0,3696949,1287733,2971117,949815,2239869,5948843,1130523,3222719,622572,2495393,0,2994676,1933694,983868
729975,731265,Dragon Kick,51369.0,3696949,1287733,3022486,949815,2239869,5948843,1130523,3222719,622572,2495393,0,2994676,1933694,983868
731090,731622,Auto,12575.0,3709524,1287733,3022486,949815,2239869,5948843,1130523,3222719,622572,2495393,0,2994676,1933694,983868
730625,732045,The Forbidden Chakra,14261.0,3709524,1287733,3022486,949815,2239869,5948843,1130523,3222719,622572,2495393,0,3008937,1933694,983868
731915,732315,Phantom Rush,240807.0,3709524,1287733,3022486,949815,2239869,5948843,1371330,3222719,622572,2495393,0,3008937,1933694,983868
731205,732625,The Forbidden Chakra,2626.0,3709524,1287733,3022486,949815,2239869,5948843,1371330,3222719,622572,2495393,0,3011563,1933694,983868
733130,733662,Auto,12575.0,3722099,1287733,3022486,949815,2239869,5948843,1371330,3222719,622572,2495393,0,3011563,1933694,983868
732535,733955,The Forbidden Chakra,36954.0,3722099,1287733,3022486,949815,2239869,5948843,1371330,3222719,622572,2495393,0,3048517,1933694,983868
733185,734605,The Forbidden Chakra,2485.0,3722099,1287733,3022486,949815,2239869,5948843,1371330,3222719,622572,2495393,0,3051002,1933694,983868
733856,735276,Fire's Reply,224752.0,3722099,1287733,3022486,949815,2464621,5948843,1371330,3222719,622572,2495393,0,3051002,1933694,983868
735170,735702,Auto,12575.0,3734674,1287733,3022486,949815,2464621,5948843,1371330,3222719,622572,2495393,0,3051002,1933694,983868
734506,735926,The Forbidden Chakra,14486.0,3734674,1287733,3022486,949815,2464621,5948843,1371330,3222719,622572,2495393,0,3065488,1933694,983868
735796,736416,Leaping Opo,102515.0,3734674,1287733,3022486,949815,2464621,6051358,1371330,3222719,622572,2495393,0,3065488,1933694,983868
735086,736506,The Forbidden Chakra,0.0,3734674,1287733,3022486,949815,2464621,6051358,1371330,3222719,622572,2495393,0,3065488,1933694,983868
737210,737742,Auto,12575.0,3747249,1287733,3022486,949815,2464621,6051358,1371330,3222719,622572,2495393,0,3065488,1933694,983868
737066,738486,The Forbidden Chakra,54060.0,3747249,1287733,3022486,949815,2464621,6051358,1371330,3222719,622572,2495393,0,3119548,1933694,983868
738230,738762,Auto,12575.0,3759824,1287733,3022486,949815,2464621,6051358,1371330,3222719,622572,2495393,0,3119548,1933694,983868
737736,738936,Wind's Reply,166957.0,3759824,1287733,3022486,949815,2464621,6051358,1371330,3222719,622572,2495393,0,3119548,1933694,1150825
738356,739776,The Forbidden Chakra,8765.0,3759824,1287733,3022486,949815,2464621,6051358,1371330,3222719,622572,2495393,0,3128313,1933694,1150825
739250,739782,Auto,12575.0,3772399,1287733,3022486,949815,2464621,6051358,1371330,3222719,622572,2495393,0,3128313,1933694,1150825
740270,740802,Auto,12575.0,3784974,1287733,3022486,949815,2464621,6051358,1371330,3222719,622572,2495393,0,3128313,1933694,1150825
739676,740966,Dragon Kick,51369.0,3784974,1287733,3073855,949815,2464621,6051358,1371330,3222719,622572,2495393,0,3128313,1933694,1150825
740326,741746,The Forbidden Chakra,29351.0,3784974,1287733,3073855,949815,2464621,6051358,1371330,3222719,622572,2495393,0,3157664,1933694,1150825
741290,741822,Auto,12575.0,3797549,1287733,3073855,949815,2464621,6051358,1371330,3222719,622572,2495393,0,3157664,1933694,1150825
741616,742236,Leaping Opo,102515.0,3797549,1287733,3073855,949815,2464621,6153873,1371330,3222719,622572,2495393,0,3157664,1933694,1150825
740906,742326,The Forbidden Chakra,15655.0,3797549,1287733,3073855,949815,2464621,6153873,1371330,3222719,622572,2495393,0,3173319,1933694,1150825
742310,742842,Auto,12575.0,3810124,1287733,3073855,949815,2464621,6153873,1371330,3222719,622572,2495393,0,3173319,1933694,1150825
742236,743656,The Forbidden Chakra,41314.0,3810124,1287733,3073855,949815,2464621,6153873,1371330,3222719,622572,2495393,0,3214633,1933694,1150825
743330,743862,Auto,12575.0,3822699,1287733,3073855,949815,2464621,6153873,1371330,3222719,622572,2495393,0,3214633,1933694,1150825
742886,744306,The Forbidden Chakra,2427.0,3822699,1287733,3073855,949815,2464621,6153873,1371330,3222719,622572,2495393,0,3217060,1933694,1150825
743556,744846,Dragon Kick,51369.0,3822699,1287733,3125224,949815,2464621,6153873,1371330,3222719,622572,2495393,0,3217060,1933694,1150825
744350,744882,Auto,12575.0,3835274,1287733,3125224,949815,2464621,6153873,1371330,3222719,622572,2495393,0,3217060,1933694,1150825
744176,745596,The Forbidden Chakra,16682.0,3835274,1287733,3125224,949815,2464621,6153873,1371330,3222719,622572,2495393,0,3233742,1933694,1150825
745370,745902,Auto,12575.0,3847849,1287733,3125224,949815,2464621,6153873,1371330,3222719,622572,2495393,0,3233742,1933694,1150825
744826,746246,The Forbidden Chakra,2414.0,3847849,1287733,3125224,949815,2464621,6153873,1371330,3222719,622572,2495393,0,3236156,1933694,1150825
745496,746916,Elixir Burst,144481.0,3847849,1287733,3125224,1094296,2464621,6153873,1371330,3222719,622572,2495393,0,3236156,1933694,1150825
746390,746922,Auto,12575.0,3860424,1287733,3125224,1094296,2464621,6153873,1371330,3222719,622572,2495393,0,3236156,1933694,1150825
746146,747566,The Forbidden Chakra,31637.0,3860424,1287733,3125224,1094296,2464621,6153873,1371330,3222719,622572,2495393,0,3267793,1933694,1150825
747410,747942,Auto,10787.0,3871211,1287733,3125224,1094296,2464621,6153873,1371330,3222719,622572,2495393,0,3267793,1933694,1150825
747436,748056,Leaping Opo,87938.0,3871211,1287733,3125224,1094296,2464621,6241811,1371330,3222719,622572,2495393,0,3267793,1933694,1150825
746726,748146,The Forbidden Chakra,2607.0,3871211,1287733,3125224,1094296,2464621,6241811,1371330,3222719,622572,2495393,0,3270400,1933694,1150825
748430,748962,Auto,8508.0,3879719,1287733,3125224,1094296,2464621,6241811,1371330,3222719,622572,2495393,0,3270400,1933694,1150825
748056,749476,The Forbidden Chakra,19206.0,3879719,1287733,3125224,1094296,2464621,6241811,1371330,3222719,622572,2495393,0,3289606,1933694,1150825
749450,749982,Auto,8508.0,3888227,1287733,3125224,1094296,2464621,6241811,1371330,3222719,622572,2495393,0,3289606,1933694,1150825
749376,749996,Six-sided Star,15947.0,3888227,1287733,3125224,1094296,2464621,6241811,1371330,3222719,622572,2495393,15947,3289606,1933694,1150825
749376,749996,Six-sided Star,37453.0,3888227,1287733,3125224,1094296,2464621,6241811,1371330,3222719,622572,2495393,53400,3289606,1933694,1150825
749376,749996,Six-sided Star,24408.0,3888227,1287733,3125224,1094296,2464621,6241811,1371330,3222719,622572,2495393,77808,3289606,1933694,1150825
749376,749996,Six-sided Star,21868.0,3888227,1287733,3125224,1094296,2464621,6241811,1371330,3222719,622572,2495393,99676,3289606,1933694,1150825
748706,750126,The Forbidden Chakra,0.0,3888227,1287733,3125224,1094296,2464621,6241811,1371330,3222719,622572,2495393,99676,3289606,1933694,1150825
