sim_timestamp,sim_damage_timestamp,sim_name,sim_expected,Auto,Communio,Cross Reaping,Executioner's Gallows,Executioner's Gibbet,Gallows,Gibbet,Gluttony,Harpe,Harvest Moon,Infernal Slice,Lemure's Slice,Perfectio,Plentiful Harvest,Sacrificium,Shadow of Death,Slice,Soul Slice,Unveiled Gallows,Unveiled Gibbet,Void Reaping,Waxing Slice
-900,-10,Harpe,30859.0,0,0,0,0,0,0,0,0,30859,0,0,0,0,0,0,0,0,0,0,0,0,0
-10,522,Auto,9852.0,9852,0,0,0,0,0,0,0,30859,0,0,0,0,0,0,0,0,0,0,0,0,0
801,1961,Shadow of Death,30859.0,9852,0,0,0,0,0,0,0,30859,0,0,0,0,0,0,30859,0,0,0,0,0,0
3190,3722,Auto,11731.0,21583,0,0,0,0,0,0,0,30859,0,0,0,0,0,0,30859,0,0,0,0,0,0
3291,4321,Soul Slice,63686.0,21583,0,0,0,0,0,0,0,30859,0,0,0,0,0,0,30859,0,63686,0,0,0,0
5131,6201,Gluttony,63686.0,21583,0,0,0,0,0,0,63686,30859,0,0,0,0,0,0,30859,0,63686,0,0,0,0
5781,6401,Executioner's Gibbet,95873.0,21583,0,0,0,95873,0,0,63686,30859,0,0,0,0,0,0,30859,0,63686,0,0,0,0
6390,6922,Auto,12083.0,33666,0,0,0,95873,0,0,63686,30859,0,0,0,0,0,0,30859,0,63686,0,0,0,0
9590,10122,Auto,12083.0,45749,0,0,0,95873,0,0,63686,30859,0,0,0,0,0,0,30859,0,63686,0,0,0,0
8272,10412,Executioner's Gallows,103440.0,45749,0,0,103440,95873,0,0,63686,30859,0,0,0,0,0,0,30859,0,63686,0,0,0,0
10762,11792,Soul Slice,65596.0,45749,0,0,103440,95873,0,0,63686,30859,0,0,0,0,0,0,30859,0,129282,0,0,0,0
12790,13322,Auto,12083.0,57832,0,0,103440,95873,0,0,63686,30859,0,0,0,0,0,0,30859,0,129282,0,0,0,0
13253,14413,Plentiful Harvest,126151.0,57832,0,0,103440,95873,0,0,63686,30859,0,0,0,0,126151,0,30859,0,129282,0,0,0,0
15743,16283,Void Reaping,68117.0,57832,0,0,103440,95873,0,0,63686,30859,0,0,0,0,126151,0,30859,0,129282,0,0,68117,0
15990,16522,Auto,12083.0,69915,0,0,103440,95873,0,0,63686,30859,0,0,0,0,126151,0,30859,0,129282,0,0,68117,0
16363,17123,Sacrificium,75689.0,69915,0,0,103440,95873,0,0,63686,30859,0,0,0,0,126151,75689,30859,0,129282,0,0,68117,0
17244,17864,Cross Reaping,75689.0,69915,0,75689,103440,95873,0,0,63686,30859,0,0,0,0,126151,75689,30859,0,129282,0,0,68117,0
17864,18574,Lemure's Slice,35318.0,69915,0,75689,103440,95873,0,0,63686,30859,0,0,35318,0,126151,75689,30859,0,129282,0,0,68117,0
18744,19284,Void Reaping,75689.0,69915,0,75689,103440,95873,0,0,63686,30859,0,0,35318,0,126151,75689,30859,0,129282,0,0,143806,0
19190,19722,Auto,12083.0,81998,0,75689,103440,95873,0,0,63686,30859,0,0,35318,0,126151,75689,30859,0,129282,0,0,143806,0
20245,20865,Cross Reaping,75689.0,81998,0,151378,103440,95873,0,0,63686,30859,0,0,35318,0,126151,75689,30859,0,129282,0,0,143806,0
20865,21575,Lemure's Slice,35318.0,81998,0,151378,103440,95873,0,0,63686,30859,0,0,70636,0,126151,75689,30859,0,129282,0,0,143806,0
22545,23165,Communio,138766.0,81998,138766,151378,103440,95873,0,0,63686,30859,0,0,70636,0,126151,75689,30859,0,129282,0,0,143806,0
23045,23577,Auto,12083.0,94081,138766,151378,103440,95873,0,0,63686,30859,0,0,70636,0,126151,75689,30859,0,129282,0,0,143806,0
24866,25406,Unveiled Gibbet,55502.0,94081,138766,151378,103440,95873,0,0,63686,30859,0,0,70636,0,126151,75689,30859,0,129282,0,55502,143806,0
24246,25536,Perfectio,163998.0,94081,138766,151378,103440,95873,0,0,63686,30859,0,0,70636,163998,126151,75689,30859,0,129282,0,55502,143806,0
26245,26777,Auto,11731.0,105812,138766,151378,103440,95873,0,0,63686,30859,0,0,70636,163998,126151,75689,30859,0,129282,0,55502,143806,0
26736,27226,Gibbet,75933.0,105812,138766,151378,103440,95873,0,75933,63686,30859,0,0,70636,163998,126151,75689,30859,0,129282,0,55502,143806,0
29445,29977,Auto,11731.0,117543,138766,151378,103440,95873,0,75933,63686,30859,0,0,70636,163998,126151,75689,30859,0,129282,0,55502,143806,0
29227,30387,Shadow of Death,36740.0,117543,138766,151378,103440,95873,0,75933,63686,30859,0,0,70636,163998,126151,75689,67599,0,129282,0,55502,143806,0
31717,32207,Slice,51434.0,117543,138766,151378,103440,95873,0,75933,63686,30859,0,0,70636,163998,126151,75689,67599,51434,129282,0,55502,143806,0
32645,33177,Auto,11731.0,129274,138766,151378,103440,95873,0,75933,63686,30859,0,0,70636,163998,126151,75689,67599,51434,129282,0,55502,143806,0
34208,34788,Waxing Slice,56579.0,129274,138766,151378,103440,95873,0,75933,63686,30859,0,0,70636,163998,126151,75689,67599,51434,129282,0,55502,143806,56579
35845,36377,Auto,10837.0,140111,138766,151378,103440,95873,0,75933,63686,30859,0,0,70636,163998,126151,75689,67599,51434,129282,0,55502,143806,56579
36698,37728,Soul Slice,58841.0,140111,138766,151378,103440,95873,0,75933,63686,30859,0,0,70636,163998,126151,75689,67599,51434,188123,0,55502,143806,56579
37318,37858,Unveiled Gallows,49788.0,140111,138766,151378,103440,95873,0,75933,63686,30859,0,0,70636,163998,126151,75689,67599,51434,188123,49788,55502,143806,56579
39045,39577,Auto,10837.0,150948,138766,151378,103440,95873,0,75933,63686,30859,0,0,70636,163998,126151,75689,67599,51434,188123,49788,55502,143806,56579
39189,39679,Gallows,70159.0,150948,138766,151378,103440,95873,70159,75933,63686,30859,0,0,70636,163998,126151,75689,67599,51434,188123,49788,55502,143806,56579
41679,42219,Infernal Slice,67895.0,150948,138766,151378,103440,95873,70159,75933,63686,30859,0,67895,70636,163998,126151,75689,67599,51434,188123,49788,55502,143806,56579
42245,42777,Auto,10837.0,161785,138766,151378,103440,95873,70159,75933,63686,30859,0,67895,70636,163998,126151,75689,67599,51434,188123,49788,55502,143806,56579
44170,44660,Slice,47524.0,161785,138766,151378,103440,95873,70159,75933,63686,30859,0,67895,70636,163998,126151,75689,67599,98958,188123,49788,55502,143806,56579
44790,45330,Unveiled Gibbet,49788.0,161785,138766,151378,103440,95873,70159,75933,63686,30859,0,67895,70636,163998,126151,75689,67599,98958,188123,49788,105290,143806,56579
45445,45977,Auto,10837.0,172622,138766,151378,103440,95873,70159,75933,63686,30859,0,67895,70636,163998,126151,75689,67599,98958,188123,49788,105290,143806,56579
46660,47150,Gibbet,70159.0,172622,138766,151378,103440,95873,70159,146092,63686,30859,0,67895,70636,163998,126151,75689,67599,98958,188123,49788,105290,143806,56579
48645,49177,Auto,10837.0,183459,138766,151378,103440,95873,70159,146092,63686,30859,0,67895,70636,163998,126151,75689,67599,98958,188123,49788,105290,143806,56579
49151,49691,Void Reaping,61101.0,183459,138766,151378,103440,95873,70159,146092,63686,30859,0,67895,70636,163998,126151,75689,67599,98958,188123,49788,105290,204907,56579
49771,50531,Sacrificium,67895.0,183459,138766,151378,103440,95873,70159,146092,63686,30859,0,67895,70636,163998,126151,143584,67599,98958,188123,49788,105290,204907,56579
50651,51271,Cross Reaping,67895.0,183459,138766,219273,103440,95873,70159,146092,63686,30859,0,67895,70636,163998,126151,143584,67599,98958,188123,49788,105290,204907,56579
51271,51981,Lemure's Slice,31680.0,183459,138766,219273,103440,95873,70159,146092,63686,30859,0,67895,102316,163998,126151,143584,67599,98958,188123,49788,105290,204907,56579
51845,52377,Auto,10837.0,194296,138766,219273,103440,95873,70159,146092,63686,30859,0,67895,102316,163998,126151,143584,67599,98958,188123,49788,105290,204907,56579
52152,52692,Void Reaping,67895.0,194296,138766,219273,103440,95873,70159,146092,63686,30859,0,67895,102316,163998,126151,143584,67599,98958,188123,49788,105290,272802,56579
53652,54272,Cross Reaping,67895.0,194296,138766,287168,103440,95873,70159,146092,63686,30859,0,67895,102316,163998,126151,143584,67599,98958,188123,49788,105290,272802,56579
54272,54982,Lemure's Slice,31680.0,194296,138766,287168,103440,95873,70159,146092,63686,30859,0,67895,133996,163998,126151,143584,67599,98958,188123,49788,105290,272802,56579
55045,55577,Auto,10837.0,205133,138766,287168,103440,95873,70159,146092,63686,30859,0,67895,133996,163998,126151,143584,67599,98958,188123,49788,105290,272802,56579
55953,56573,Communio,124476.0,205133,263242,287168,103440,95873,70159,146092,63686,30859,0,67895,133996,163998,126151,143584,67599,98958,188123,49788,105290,272802,56579
58245,58777,Auto,10837.0,215970,263242,287168,103440,95873,70159,146092,63686,30859,0,67895,133996,163998,126151,143584,67599,98958,188123,49788,105290,272802,56579
57653,58813,Shadow of Death,33945.0,215970,263242,287168,103440,95873,70159,146092,63686,30859,0,67895,133996,163998,126151,143584,101544,98958,188123,49788,105290,272802,56579
60144,60724,Waxing Slice,56579.0,215970,263242,287168,103440,95873,70159,146092,63686,30859,0,67895,133996,163998,126151,143584,101544,98958,188123,49788,105290,272802,113158
61445,61977,Auto,10837.0,226807,263242,287168,103440,95873,70159,146092,63686,30859,0,67895,133996,163998,126151,143584,101544,98958,188123,49788,105290,272802,113158
62634,63174,Infernal Slice,67895.0,226807,263242,287168,103440,95873,70159,146092,63686,30859,0,135790,133996,163998,126151,143584,101544,98958,188123,49788,105290,272802,113158
64645,65177,Auto,10837.0,237644,263242,287168,103440,95873,70159,146092,63686,30859,0,135790,133996,163998,126151,143584,101544,98958,188123,49788,105290,272802,113158
65125,66155,Soul Slice,58841.0,237644,263242,287168,103440,95873,70159,146092,63686,30859,0,135790,133996,163998,126151,143584,101544,98958,246964,49788,105290,272802,113158
65745,66815,Gluttony,58841.0,237644,263242,287168,103440,95873,70159,146092,122527,30859,0,135790,133996,163998,126151,143584,101544,98958,246964,49788,105290,272802,113158
67845,68377,Auto,10837.0,248481,263242,287168,103440,95873,70159,146092,122527,30859,0,135790,133996,163998,126151,143584,101544,98958,246964,49788,105290,272802,113158
67615,69755,Executioner's Gallows,92789.0,248481,263242,287168,196229,95873,70159,146092,122527,30859,0,135790,133996,163998,126151,143584,101544,98958,246964,49788,105290,272802,113158
70106,70726,Executioner's Gibbet,92789.0,248481,263242,287168,196229,188662,70159,146092,122527,30859,0,135790,133996,163998,126151,143584,101544,98958,246964,49788,105290,272802,113158
71045,71577,Auto,10837.0,259318,263242,287168,196229,188662,70159,146092,122527,30859,0,135790,133996,163998,126151,143584,101544,98958,246964,49788,105290,272802,113158
72596,73086,Slice,47524.0,259318,263242,287168,196229,188662,70159,146092,122527,30859,0,135790,133996,163998,126151,143584,101544,146482,246964,49788,105290,272802,113158
74245,74777,Auto,10837.0,270155,263242,287168,196229,188662,70159,146092,122527,30859,0,135790,133996,163998,126151,143584,101544,146482,246964,49788,105290,272802,113158
75087,75667,Waxing Slice,56579.0,270155,263242,287168,196229,188662,70159,146092,122527,30859,0,135790,133996,163998,126151,143584,101544,146482,246964,49788,105290,272802,169737
77445,77977,Auto,10837.0,280992,263242,287168,196229,188662,70159,146092,122527,30859,0,135790,133996,163998,126151,143584,101544,146482,246964,49788,105290,272802,169737
77577,78117,Infernal Slice,67895.0,280992,263242,287168,196229,188662,70159,146092,122527,30859,0,203685,133996,163998,126151,143584,101544,146482,246964,49788,105290,272802,169737
80645,81177,Auto,10837.0,291829,263242,287168,196229,188662,70159,146092,122527,30859,0,203685,133996,163998,126151,143584,101544,146482,246964,49788,105290,272802,169737
80068,81228,Shadow of Death,33945.0,291829,263242,287168,196229,188662,70159,146092,122527,30859,0,203685,133996,163998,126151,143584,135489,146482,246964,49788,105290,272802,169737
80688,81228,Unveiled Gallows,49788.0,291829,263242,287168,196229,188662,70159,146092,122527,30859,0,203685,133996,163998,126151,143584,135489,146482,246964,99576,105290,272802,169737
82558,83048,Gallows,70159.0,291829,263242,287168,196229,188662,140318,146092,122527,30859,0,203685,133996,163998,126151,143584,135489,146482,246964,99576,105290,272802,169737
83845,84377,Auto,10837.0,302666,263242,287168,196229,188662,140318,146092,122527,30859,0,203685,133996,163998,126151,143584,135489,146482,246964,99576,105290,272802,169737
85049,85539,Slice,47524.0,302666,263242,287168,196229,188662,140318,146092,122527,30859,0,203685,133996,163998,126151,143584,135489,194006,246964,99576,105290,272802,169737
87045,87577,Auto,10837.0,313503,263242,287168,196229,188662,140318,146092,122527,30859,0,203685,133996,163998,126151,143584,135489,194006,246964,99576,105290,272802,169737
87539,88119,Waxing Slice,56579.0,313503,263242,287168,196229,188662,140318,146092,122527,30859,0,203685,133996,163998,126151,143584,135489,194006,246964,99576,105290,272802,226316
90030,90570,Infernal Slice,67895.0,313503,263242,287168,196229,188662,140318,146092,122527,30859,0,271580,133996,163998,126151,143584,135489,194006,246964,99576,105290,272802,226316
90245,90777,Auto,10837.0,324340,263242,287168,196229,188662,140318,146092,122527,30859,0,271580,133996,163998,126151,143584,135489,194006,246964,99576,105290,272802,226316
92520,93010,Slice,47524.0,324340,263242,287168,196229,188662,140318,146092,122527,30859,0,271580,133996,163998,126151,143584,135489,241530,246964,99576,105290,272802,226316
93445,93977,Auto,10837.0,335177,263242,287168,196229,188662,140318,146092,122527,30859,0,271580,133996,163998,126151,143584,135489,241530,246964,99576,105290,272802,226316
95011,95591,Waxing Slice,56579.0,335177,263242,287168,196229,188662,140318,146092,122527,30859,0,271580,133996,163998,126151,143584,135489,241530,246964,99576,105290,272802,282895
95631,96171,Unveiled Gibbet,49788.0,335177,263242,287168,196229,188662,140318,146092,122527,30859,0,271580,133996,163998,126151,143584,135489,241530,246964,99576,155078,272802,282895
96645,97177,Auto,10837.0,346014,263242,287168,196229,188662,140318,146092,122527,30859,0,271580,133996,163998,126151,143584,135489,241530,246964,99576,155078,272802,282895
97501,97991,Gibbet,70159.0,346014,263242,287168,196229,188662,140318,216251,122527,30859,0,271580,133996,163998,126151,143584,135489,241530,246964,99576,155078,272802,282895
99845,100377,Auto,10837.0,356851,263242,287168,196229,188662,140318,216251,122527,30859,0,271580,133996,163998,126151,143584,135489,241530,246964,99576,155078,272802,282895
99992,101022,Soul Slice,58841.0,356851,263242,287168,196229,188662,140318,216251,122527,30859,0,271580,133996,163998,126151,143584,135489,241530,305805,99576,155078,272802,282895
100612,101152,Unveiled Gallows,49788.0,356851,263242,287168,196229,188662,140318,216251,122527,30859,0,271580,133996,163998,126151,143584,135489,241530,305805,149364,155078,272802,282895
102482,102972,Gallows,70159.0,356851,263242,287168,196229,188662,210477,216251,122527,30859,0,271580,133996,163998,126151,143584,135489,241530,305805,149364,155078,272802,282895
103045,103577,Auto,10837.0,367688,263242,287168,196229,188662,210477,216251,122527,30859,0,271580,133996,163998,126151,143584,135489,241530,305805,149364,155078,272802,282895
104973,105513,Infernal Slice,67895.0,367688,263242,287168,196229,188662,210477,216251,122527,30859,0,339475,133996,163998,126151,143584,135489,241530,305805,149364,155078,272802,282895
106245,106777,Auto,10837.0,378525,263242,287168,196229,188662,210477,216251,122527,30859,0,339475,133996,163998,126151,143584,135489,241530,305805,149364,155078,272802,282895
107463,107953,Slice,47524.0,378525,263242,287168,196229,188662,210477,216251,122527,30859,0,339475,133996,163998,126151,143584,135489,289054,305805,149364,155078,272802,282895
109445,109977,Auto,10837.0,389362,263242,287168,196229,188662,210477,216251,122527,30859,0,339475,133996,163998,126151,143584,135489,289054,305805,149364,155078,272802,282895
109954,111114,Shadow of Death,33945.0,389362,263242,287168,196229,188662,210477,216251,122527,30859,0,339475,133996,163998,126151,143584,169434,289054,305805,149364,155078,272802,282895
112444,113024,Waxing Slice,56579.0,389362,263242,287168,196229,188662,210477,216251,122527,30859,0,339475,133996,163998,126151,143584,169434,289054,305805,149364,155078,272802,339474
112645,113177,Auto,10837.0,400199,263242,287168,196229,188662,210477,216251,122527,30859,0,339475,133996,163998,126151,143584,169434,289054,305805,149364,155078,272802,339474
114935,115475,Infernal Slice,67895.0,400199,263242,287168,196229,188662,210477,216251,122527,30859,0,407370,133996,163998,126151,143584,169434,289054,305805,149364,155078,272802,339474
115845,116377,Auto,10837.0,411036,263242,287168,196229,188662,210477,216251,122527,30859,0,407370,133996,163998,126151,143584,169434,289054,305805,149364,155078,272802,339474
117425,117915,Slice,47524.0,411036,263242,287168,196229,188662,210477,216251,122527,30859,0,407370,133996,163998,126151,143584,169434,336578,305805,149364,155078,272802,339474
119045,119577,Auto,10837.0,421873,263242,287168,196229,188662,210477,216251,122527,30859,0,407370,133996,163998,126151,143584,169434,336578,305805,149364,155078,272802,339474
119916,120496,Waxing Slice,56579.0,421873,263242,287168,196229,188662,210477,216251,122527,30859,0,407370,133996,163998,126151,143584,169434,336578,305805,149364,155078,272802,396053
122245,122777,Auto,10837.0,432710,263242,287168,196229,188662,210477,216251,122527,30859,0,407370,133996,163998,126151,143584,169434,336578,305805,149364,155078,272802,396053
122406,122946,Void Reaping,61101.0,432710,263242,287168,196229,188662,210477,216251,122527,30859,0,407370,133996,163998,126151,143584,169434,336578,305805,149364,155078,333903,396053
123907,125067,Shadow of Death,33945.0,432710,263242,287168,196229,188662,210477,216251,122527,30859,0,407370,133996,163998,126151,143584,203379,336578,305805,149364,155078,333903,396053
125445,125977,Auto,10837.0,443547,263242,287168,196229,188662,210477,216251,122527,30859,0,407370,133996,163998,126151,143584,203379,336578,305805,149364,155078,333903,396053
126397,127017,Cross Reaping,69932.0,443547,263242,357100,196229,188662,210477,216251,122527,30859,0,407370,133996,163998,126151,143584,203379,336578,305805,149364,155078,333903,396053
127017,127727,Lemure's Slice,32630.0,443547,263242,357100,196229,188662,210477,216251,122527,30859,0,407370,166626,163998,126151,143584,203379,336578,305805,149364,155078,333903,396053
127898,128438,Void Reaping,69932.0,443547,263242,357100,196229,188662,210477,216251,122527,30859,0,407370,166626,163998,126151,143584,203379,336578,305805,149364,155078,403835,396053
128645,129177,Auto,11162.0,454709,263242,357100,196229,188662,210477,216251,122527,30859,0,407370,166626,163998,126151,143584,203379,336578,305805,149364,155078,403835,396053
128518,129278,Sacrificium,69932.0,454709,263242,357100,196229,188662,210477,216251,122527,30859,0,407370,166626,163998,126151,213516,203379,336578,305805,149364,155078,403835,396053
129398,130018,Cross Reaping,69932.0,454709,263242,427032,196229,188662,210477,216251,122527,30859,0,407370,166626,163998,126151,213516,203379,336578,305805,149364,155078,403835,396053
130018,130728,Lemure's Slice,32630.0,454709,263242,427032,196229,188662,210477,216251,122527,30859,0,407370,199256,163998,126151,213516,203379,336578,305805,149364,155078,403835,396053
131699,132319,Communio,128211.0,454709,391453,427032,196229,188662,210477,216251,122527,30859,0,407370,199256,163998,126151,213516,203379,336578,305805,149364,155078,403835,396053
132199,132731,Auto,11162.0,465871,391453,427032,196229,188662,210477,216251,122527,30859,0,407370,199256,163998,126151,213516,203379,336578,305805,149364,155078,403835,396053
133399,134559,Plentiful Harvest,116554.0,465871,391453,427032,196229,188662,210477,216251,122527,30859,0,407370,199256,163998,242705,213516,203379,336578,305805,149364,155078,403835,396053
135399,135931,Auto,11162.0,477033,391453,427032,196229,188662,210477,216251,122527,30859,0,407370,199256,163998,242705,213516,203379,336578,305805,149364,155078,403835,396053
135890,136430,Void Reaping,62934.0,477033,391453,427032,196229,188662,210477,216251,122527,30859,0,407370,199256,163998,242705,213516,203379,336578,305805,149364,155078,466769,396053
136510,137270,Sacrificium,69932.0,477033,391453,427032,196229,188662,210477,216251,122527,30859,0,407370,199256,163998,242705,283448,203379,336578,305805,149364,155078,466769,396053
137390,138010,Cross Reaping,69932.0,477033,391453,496964,196229,188662,210477,216251,122527,30859,0,407370,199256,163998,242705,283448,203379,336578,305805,149364,155078,466769,396053
138010,138720,Lemure's Slice,32630.0,477033,391453,496964,196229,188662,210477,216251,122527,30859,0,407370,231886,163998,242705,283448,203379,336578,305805,149364,155078,466769,396053
138599,139131,Auto,11162.0,488195,391453,496964,196229,188662,210477,216251,122527,30859,0,407370,231886,163998,242705,283448,203379,336578,305805,149364,155078,466769,396053
138891,139431,Void Reaping,69932.0,488195,391453,496964,196229,188662,210477,216251,122527,30859,0,407370,231886,163998,242705,283448,203379,336578,305805,149364,155078,536701,396053
140391,141011,Cross Reaping,69932.0,488195,391453,566896,196229,188662,210477,216251,122527,30859,0,407370,231886,163998,242705,283448,203379,336578,305805,149364,155078,536701,396053
141011,141721,Lemure's Slice,32630.0,488195,391453,566896,196229,188662,210477,216251,122527,30859,0,407370,264516,163998,242705,283448,203379,336578,305805,149364,155078,536701,396053
141799,142331,Auto,11162.0,499357,391453,566896,196229,188662,210477,216251,122527,30859,0,407370,264516,163998,242705,283448,203379,336578,305805,149364,155078,536701,396053
142692,143312,Communio,128211.0,499357,519664,566896,196229,188662,210477,216251,122527,30859,0,407370,264516,163998,242705,283448,203379,336578,305805,149364,155078,536701,396053
144999,145531,Auto,11162.0,510519,519664,566896,196229,188662,210477,216251,122527,30859,0,407370,264516,163998,242705,283448,203379,336578,305805,149364,155078,536701,396053
144392,145682,Perfectio,151524.0,510519,519664,566896,196229,188662,210477,216251,122527,30859,0,407370,264516,315522,242705,283448,203379,336578,305805,149364,155078,536701,396053
146883,147423,Infernal Slice,67895.0,510519,519664,566896,196229,188662,210477,216251,122527,30859,0,475265,264516,315522,242705,283448,203379,336578,305805,149364,155078,536701,396053
147503,148573,Gluttony,58841.0,510519,519664,566896,196229,188662,210477,216251,181368,30859,0,475265,264516,315522,242705,283448,203379,336578,305805,149364,155078,536701,396053
148199,148731,Auto,10837.0,521356,519664,566896,196229,188662,210477,216251,181368,30859,0,475265,264516,315522,242705,283448,203379,336578,305805,149364,155078,536701,396053
149373,149993,Executioner's Gibbet,92789.0,521356,519664,566896,196229,281451,210477,216251,181368,30859,0,475265,264516,315522,242705,283448,203379,336578,305805,149364,155078,536701,396053
151399,151931,Auto,10837.0,532193,519664,566896,196229,281451,210477,216251,181368,30859,0,475265,264516,315522,242705,283448,203379,336578,305805,149364,155078,536701,396053
151864,154004,Executioner's Gallows,92789.0,532193,519664,566896,289018,281451,210477,216251,181368,30859,0,475265,264516,315522,242705,283448,203379,336578,305805,149364,155078,536701,396053
154599,155131,Auto,10837.0,543030,519664,566896,289018,281451,210477,216251,181368,30859,0,475265,264516,315522,242705,283448,203379,336578,305805,149364,155078,536701,396053
154354,155384,Soul Slice,58841.0,543030,519664,566896,289018,281451,210477,216251,181368,30859,0,475265,264516,315522,242705,283448,203379,336578,364646,149364,155078,536701,396053
154974,155514,Unveiled Gibbet,49788.0,543030,519664,566896,289018,281451,210477,216251,181368,30859,0,475265,264516,315522,242705,283448,203379,336578,364646,149364,204866,536701,396053
156845,157335,Gibbet,70159.0,543030,519664,566896,289018,281451,210477,286410,181368,30859,0,475265,264516,315522,242705,283448,203379,336578,364646,149364,204866,536701,396053
157799,158331,Auto,10837.0,553867,519664,566896,289018,281451,210477,286410,181368,30859,0,475265,264516,315522,242705,283448,203379,336578,364646,149364,204866,536701,396053
159335,160365,Soul Slice,58841.0,553867,519664,566896,289018,281451,210477,286410,181368,30859,0,475265,264516,315522,242705,283448,203379,336578,423487,149364,204866,536701,396053
159955,160495,Unveiled Gallows,49788.0,553867,519664,566896,289018,281451,210477,286410,181368,30859,0,475265,264516,315522,242705,283448,203379,336578,423487,199152,204866,536701,396053
160999,161531,Auto,10837.0,564704,519664,566896,289018,281451,210477,286410,181368,30859,0,475265,264516,315522,242705,283448,203379,336578,423487,199152,204866,536701,396053
161826,162316,Gallows,70159.0,564704,519664,566896,289018,281451,280636,286410,181368,30859,0,475265,264516,315522,242705,283448,203379,336578,423487,199152,204866,536701,396053
164199,164731,Auto,10837.0,575541,519664,566896,289018,281451,280636,286410,181368,30859,0,475265,264516,315522,242705,283448,203379,336578,423487,199152,204866,536701,396053
164316,164806,Slice,47524.0,575541,519664,566896,289018,281451,280636,286410,181368,30859,0,475265,264516,315522,242705,283448,203379,384102,423487,199152,204866,536701,396053
166807,167387,Waxing Slice,56579.0,575541,519664,566896,289018,281451,280636,286410,181368,30859,0,475265,264516,315522,242705,283448,203379,384102,423487,199152,204866,536701,452632
167399,167931,Auto,10837.0,586378,519664,566896,289018,281451,280636,286410,181368,30859,0,475265,264516,315522,242705,283448,203379,384102,423487,199152,204866,536701,452632
169297,169837,Infernal Slice,67895.0,586378,519664,566896,289018,281451,280636,286410,181368,30859,0,543160,264516,315522,242705,283448,203379,384102,423487,199152,204866,536701,452632
170599,171131,Auto,10837.0,597215,519664,566896,289018,281451,280636,286410,181368,30859,0,543160,264516,315522,242705,283448,203379,384102,423487,199152,204866,536701,452632
171787,172947,Shadow of Death,33945.0,597215,519664,566896,289018,281451,280636,286410,181368,30859,0,543160,264516,315522,242705,283448,237324,384102,423487,199152,204866,536701,452632
172407,172947,Unveiled Gibbet,49788.0,597215,519664,566896,289018,281451,280636,286410,181368,30859,0,543160,264516,315522,242705,283448,237324,384102,423487,199152,254654,536701,452632
173799,174331,Auto,10837.0,608052,519664,566896,289018,281451,280636,286410,181368,30859,0,543160,264516,315522,242705,283448,237324,384102,423487,199152,254654,536701,452632
174278,174768,Gibbet,70159.0,608052,519664,566896,289018,281451,280636,356569,181368,30859,0,543160,264516,315522,242705,283448,237324,384102,423487,199152,254654,536701,452632
176768,177308,Void Reaping,61101.0,608052,519664,566896,289018,281451,280636,356569,181368,30859,0,543160,264516,315522,242705,283448,237324,384102,423487,199152,254654,597802,452632
176999,177531,Auto,10837.0,618889,519664,566896,289018,281451,280636,356569,181368,30859,0,543160,264516,315522,242705,283448,237324,384102,423487,199152,254654,597802,452632
177388,178148,Sacrificium,67895.0,618889,519664,566896,289018,281451,280636,356569,181368,30859,0,543160,264516,315522,242705,351343,237324,384102,423487,199152,254654,597802,452632
178269,178889,Cross Reaping,67895.0,618889,519664,634791,289018,281451,280636,356569,181368,30859,0,543160,264516,315522,242705,351343,237324,384102,423487,199152,254654,597802,452632
178889,179599,Lemure's Slice,31680.0,618889,519664,634791,289018,281451,280636,356569,181368,30859,0,543160,296196,315522,242705,351343,237324,384102,423487,199152,254654,597802,452632
179769,180309,Void Reaping,67895.0,618889,519664,634791,289018,281451,280636,356569,181368,30859,0,543160,296196,315522,242705,351343,237324,384102,423487,199152,254654,665697,452632
180199,180731,Auto,10837.0,629726,519664,634791,289018,281451,280636,356569,181368,30859,0,543160,296196,315522,242705,351343,237324,384102,423487,199152,254654,665697,452632
181270,181890,Cross Reaping,67895.0,629726,519664,702686,289018,281451,280636,356569,181368,30859,0,543160,296196,315522,242705,351343,237324,384102,423487,199152,254654,665697,452632
181890,182600,Lemure's Slice,31680.0,629726,519664,702686,289018,281451,280636,356569,181368,30859,0,543160,327876,315522,242705,351343,237324,384102,423487,199152,254654,665697,452632
183570,184190,Communio,124476.0,629726,644140,702686,289018,281451,280636,356569,181368,30859,0,543160,327876,315522,242705,351343,237324,384102,423487,199152,254654,665697,452632
184070,184602,Auto,10837.0,640563,644140,702686,289018,281451,280636,356569,181368,30859,0,543160,327876,315522,242705,351343,237324,384102,423487,199152,254654,665697,452632
185271,186301,Soul Slice,58841.0,640563,644140,702686,289018,281451,280636,356569,181368,30859,0,543160,327876,315522,242705,351343,237324,384102,482328,199152,254654,665697,452632
187270,187802,Auto,10837.0,651400,644140,702686,289018,281451,280636,356569,181368,30859,0,543160,327876,315522,242705,351343,237324,384102,482328,199152,254654,665697,452632
187761,188921,Shadow of Death,33945.0,651400,644140,702686,289018,281451,280636,356569,181368,30859,0,543160,327876,315522,242705,351343,271269,384102,482328,199152,254654,665697,452632
190252,190742,Slice,47524.0,651400,644140,702686,289018,281451,280636,356569,181368,30859,0,543160,327876,315522,242705,351343,271269,431626,482328,199152,254654,665697,452632
190470,191002,Auto,10837.0,662237,644140,702686,289018,281451,280636,356569,181368,30859,0,543160,327876,315522,242705,351343,271269,431626,482328,199152,254654,665697,452632
192742,193322,Waxing Slice,56579.0,662237,644140,702686,289018,281451,280636,356569,181368,30859,0,543160,327876,315522,242705,351343,271269,431626,482328,199152,254654,665697,509211
193670,194202,Auto,10837.0,673074,644140,702686,289018,281451,280636,356569,181368,30859,0,543160,327876,315522,242705,351343,271269,431626,482328,199152,254654,665697,509211
195233,195773,Infernal Slice,67895.0,673074,644140,702686,289018,281451,280636,356569,181368,30859,0,611055,327876,315522,242705,351343,271269,431626,482328,199152,254654,665697,509211
196870,197402,Auto,10837.0,683911,644140,702686,289018,281451,280636,356569,181368,30859,0,611055,327876,315522,242705,351343,271269,431626,482328,199152,254654,665697,509211
197723,198213,Slice,47524.0,683911,644140,702686,289018,281451,280636,356569,181368,30859,0,611055,327876,315522,242705,351343,271269,479150,482328,199152,254654,665697,509211
200070,200602,Auto,10837.0,694748,644140,702686,289018,281451,280636,356569,181368,30859,0,611055,327876,315522,242705,351343,271269,479150,482328,199152,254654,665697,509211
200214,200794,Waxing Slice,56579.0,694748,644140,702686,289018,281451,280636,356569,181368,30859,0,611055,327876,315522,242705,351343,271269,479150,482328,199152,254654,665697,565790
200834,201374,Unveiled Gallows,49788.0,694748,644140,702686,289018,281451,280636,356569,181368,30859,0,611055,327876,315522,242705,351343,271269,479150,482328,248940,254654,665697,565790
202704,203194,Gallows,70159.0,694748,644140,702686,289018,281451,350795,356569,181368,30859,0,611055,327876,315522,242705,351343,271269,479150,482328,248940,254654,665697,565790
203270,203802,Auto,10837.0,705585,644140,702686,289018,281451,350795,356569,181368,30859,0,611055,327876,315522,242705,351343,271269,479150,482328,248940,254654,665697,565790
205195,205735,Infernal Slice,67895.0,705585,644140,702686,289018,281451,350795,356569,181368,30859,0,678950,327876,315522,242705,351343,271269,479150,482328,248940,254654,665697,565790
206470,207002,Auto,10837.0,716422,644140,702686,289018,281451,350795,356569,181368,30859,0,678950,327876,315522,242705,351343,271269,479150,482328,248940,254654,665697,565790
207685,208175,Slice,47524.0,716422,644140,702686,289018,281451,350795,356569,181368,30859,0,678950,327876,315522,242705,351343,271269,526674,482328,248940,254654,665697,565790
208305,209375,Gluttony,58841.0,716422,644140,702686,289018,281451,350795,356569,240209,30859,0,678950,327876,315522,242705,351343,271269,526674,482328,248940,254654,665697,565790
209670,210202,Auto,10837.0,727259,644140,702686,289018,281451,350795,356569,240209,30859,0,678950,327876,315522,242705,351343,271269,526674,482328,248940,254654,665697,565790
210176,210796,Executioner's Gibbet,92789.0,727259,644140,702686,289018,374240,350795,356569,240209,30859,0,678950,327876,315522,242705,351343,271269,526674,482328,248940,254654,665697,565790
212870,213402,Auto,10837.0,738096,644140,702686,289018,374240,350795,356569,240209,30859,0,678950,327876,315522,242705,351343,271269,526674,482328,248940,254654,665697,565790
212666,214806,Executioner's Gallows,92789.0,738096,644140,702686,381807,374240,350795,356569,240209,30859,0,678950,327876,315522,242705,351343,271269,526674,482328,248940,254654,665697,565790
215157,215737,Waxing Slice,56579.0,738096,644140,702686,381807,374240,350795,356569,240209,30859,0,678950,327876,315522,242705,351343,271269,526674,482328,248940,254654,665697,622369
216070,216602,Auto,10837.0,748933,644140,702686,381807,374240,350795,356569,240209,30859,0,678950,327876,315522,242705,351343,271269,526674,482328,248940,254654,665697,622369
217647,218677,Soul Slice,58841.0,748933,644140,702686,381807,374240,350795,356569,240209,30859,0,678950,327876,315522,242705,351343,271269,526674,541169,248940,254654,665697,622369
218267,218807,Unveiled Gibbet,49788.0,748933,644140,702686,381807,374240,350795,356569,240209,30859,0,678950,327876,315522,242705,351343,271269,526674,541169,248940,304442,665697,622369
219270,219802,Auto,10837.0,759770,644140,702686,381807,374240,350795,356569,240209,30859,0,678950,327876,315522,242705,351343,271269,526674,541169,248940,304442,665697,622369
220138,220628,Gibbet,70159.0,759770,644140,702686,381807,374240,350795,426728,240209,30859,0,678950,327876,315522,242705,351343,271269,526674,541169,248940,304442,665697,622369
222470,223002,Auto,10837.0,770607,644140,702686,381807,374240,350795,426728,240209,30859,0,678950,327876,315522,242705,351343,271269,526674,541169,248940,304442,665697,622369
222628,223168,Infernal Slice,67895.0,770607,644140,702686,381807,374240,350795,426728,240209,30859,0,746845,327876,315522,242705,351343,271269,526674,541169,248940,304442,665697,622369
225670,226202,Auto,10837.0,781444,644140,702686,381807,374240,350795,426728,240209,30859,0,746845,327876,315522,242705,351343,271269,526674,541169,248940,304442,665697,622369
225119,226279,Shadow of Death,33945.0,781444,644140,702686,381807,374240,350795,426728,240209,30859,0,746845,327876,315522,242705,351343,305214,526674,541169,248940,304442,665697,622369
227609,228099,Slice,47524.0,781444,644140,702686,381807,374240,350795,426728,240209,30859,0,746845,327876,315522,242705,351343,305214,574198,541169,248940,304442,665697,622369
228229,228769,Unveiled Gallows,49788.0,781444,644140,702686,381807,374240,350795,426728,240209,30859,0,746845,327876,315522,242705,351343,305214,574198,541169,298728,304442,665697,622369
228870,229402,Auto,10837.0,792281,644140,702686,381807,374240,350795,426728,240209,30859,0,746845,327876,315522,242705,351343,305214,574198,541169,298728,304442,665697,622369
230100,230590,Gallows,70159.0,792281,644140,702686,381807,374240,420954,426728,240209,30859,0,746845,327876,315522,242705,351343,305214,574198,541169,298728,304442,665697,622369
232070,232602,Auto,10837.0,803118,644140,702686,381807,374240,420954,426728,240209,30859,0,746845,327876,315522,242705,351343,305214,574198,541169,298728,304442,665697,622369
232590,233170,Waxing Slice,56579.0,803118,644140,702686,381807,374240,420954,426728,240209,30859,0,746845,327876,315522,242705,351343,305214,574198,541169,298728,304442,665697,678948
235081,235621,Infernal Slice,67895.0,803118,644140,702686,381807,374240,420954,426728,240209,30859,0,814740,327876,315522,242705,351343,305214,574198,541169,298728,304442,665697,678948
235270,235802,Auto,10837.0,813955,644140,702686,381807,374240,420954,426728,240209,30859,0,814740,327876,315522,242705,351343,305214,574198,541169,298728,304442,665697,678948
237571,238061,Slice,47524.0,813955,644140,702686,381807,374240,420954,426728,240209,30859,0,814740,327876,315522,242705,351343,305214,621722,541169,298728,304442,665697,678948
238470,239002,Auto,10837.0,824792,644140,702686,381807,374240,420954,426728,240209,30859,0,814740,327876,315522,242705,351343,305214,621722,541169,298728,304442,665697,678948
240062,240642,Waxing Slice,56579.0,824792,644140,702686,381807,374240,420954,426728,240209,30859,0,814740,327876,315522,242705,351343,305214,621722,541169,298728,304442,665697,735527
241670,242202,Auto,10837.0,835629,644140,702686,381807,374240,420954,426728,240209,30859,0,814740,327876,315522,242705,351343,305214,621722,541169,298728,304442,665697,735527
242552,243092,Void Reaping,61101.0,835629,644140,702686,381807,374240,420954,426728,240209,30859,0,814740,327876,315522,242705,351343,305214,621722,541169,298728,304442,726798,735527
244053,245213,Shadow of Death,33945.0,835629,644140,702686,381807,374240,420954,426728,240209,30859,0,814740,327876,315522,242705,351343,339159,621722,541169,298728,304442,726798,735527
244870,245402,Auto,10837.0,846466,644140,702686,381807,374240,420954,426728,240209,30859,0,814740,327876,315522,242705,351343,339159,621722,541169,298728,304442,726798,735527
246543,247163,Cross Reaping,69932.0,846466,644140,772618,381807,374240,420954,426728,240209,30859,0,814740,327876,315522,242705,351343,339159,621722,541169,298728,304442,726798,735527
247163,247873,Lemure's Slice,32630.0,846466,644140,772618,381807,374240,420954,426728,240209,30859,0,814740,360506,315522,242705,351343,339159,621722,541169,298728,304442,726798,735527
248044,248584,Void Reaping,69932.0,846466,644140,772618,381807,374240,420954,426728,240209,30859,0,814740,360506,315522,242705,351343,339159,621722,541169,298728,304442,796730,735527
248070,248602,Auto,11162.0,857628,644140,772618,381807,374240,420954,426728,240209,30859,0,814740,360506,315522,242705,351343,339159,621722,541169,298728,304442,796730,735527
248664,249424,Sacrificium,69932.0,857628,644140,772618,381807,374240,420954,426728,240209,30859,0,814740,360506,315522,242705,421275,339159,621722,541169,298728,304442,796730,735527
249544,250164,Cross Reaping,69932.0,857628,644140,842550,381807,374240,420954,426728,240209,30859,0,814740,360506,315522,242705,421275,339159,621722,541169,298728,304442,796730,735527
250164,250874,Lemure's Slice,32630.0,857628,644140,842550,381807,374240,420954,426728,240209,30859,0,814740,393136,315522,242705,421275,339159,621722,541169,298728,304442,796730,735527
251845,252465,Communio,128211.0,857628,772351,842550,381807,374240,420954,426728,240209,30859,0,814740,393136,315522,242705,421275,339159,621722,541169,298728,304442,796730,735527
252345,252877,Auto,11162.0,868790,772351,842550,381807,374240,420954,426728,240209,30859,0,814740,393136,315522,242705,421275,339159,621722,541169,298728,304442,796730,735527
253545,254705,Plentiful Harvest,116554.0,868790,772351,842550,381807,374240,420954,426728,240209,30859,0,814740,393136,315522,359259,421275,339159,621722,541169,298728,304442,796730,735527
255545,256077,Auto,11162.0,879952,772351,842550,381807,374240,420954,426728,240209,30859,0,814740,393136,315522,359259,421275,339159,621722,541169,298728,304442,796730,735527
256036,256576,Void Reaping,62934.0,879952,772351,842550,381807,374240,420954,426728,240209,30859,0,814740,393136,315522,359259,421275,339159,621722,541169,298728,304442,859664,735527
256656,257416,Sacrificium,69932.0,879952,772351,842550,381807,374240,420954,426728,240209,30859,0,814740,393136,315522,359259,491207,339159,621722,541169,298728,304442,859664,735527
257536,258156,Cross Reaping,69932.0,879952,772351,912482,381807,374240,420954,426728,240209,30859,0,814740,393136,315522,359259,491207,339159,621722,541169,298728,304442,859664,735527
258156,258866,Lemure's Slice,32630.0,879952,772351,912482,381807,374240,420954,426728,240209,30859,0,814740,425766,315522,359259,491207,339159,621722,541169,298728,304442,859664,735527
258745,259277,Auto,11162.0,891114,772351,912482,381807,374240,420954,426728,240209,30859,0,814740,425766,315522,359259,491207,339159,621722,541169,298728,304442,859664,735527
259036,259576,Void Reaping,69932.0,891114,772351,912482,381807,374240,420954,426728,240209,30859,0,814740,425766,315522,359259,491207,339159,621722,541169,298728,304442,929596,735527
260536,261156,Cross Reaping,69932.0,891114,772351,982414,381807,374240,420954,426728,240209,30859,0,814740,425766,315522,359259,491207,339159,621722,541169,298728,304442,929596,735527
261156,261866,Lemure's Slice,32630.0,891114,772351,982414,381807,374240,420954,426728,240209,30859,0,814740,458396,315522,359259,491207,339159,621722,541169,298728,304442,929596,735527
261945,262477,Auto,11162.0,902276,772351,982414,381807,374240,420954,426728,240209,30859,0,814740,458396,315522,359259,491207,339159,621722,541169,298728,304442,929596,735527
262838,263458,Communio,128211.0,902276,900562,982414,381807,374240,420954,426728,240209,30859,0,814740,458396,315522,359259,491207,339159,621722,541169,298728,304442,929596,735527
265145,265677,Auto,11162.0,913438,900562,982414,381807,374240,420954,426728,240209,30859,0,814740,458396,315522,359259,491207,339159,621722,541169,298728,304442,929596,735527
264538,265828,Perfectio,151524.0,913438,900562,982414,381807,374240,420954,426728,240209,30859,0,814740,458396,467046,359259,491207,339159,621722,541169,298728,304442,929596,735527
267029,267569,Infernal Slice,67895.0,913438,900562,982414,381807,374240,420954,426728,240209,30859,0,882635,458396,467046,359259,491207,339159,621722,541169,298728,304442,929596,735527
268345,268877,Auto,10837.0,924275,900562,982414,381807,374240,420954,426728,240209,30859,0,882635,458396,467046,359259,491207,339159,621722,541169,298728,304442,929596,735527
268305,269375,Gluttony,58841.0,924275,900562,982414,381807,374240,420954,426728,299050,30859,0,882635,458396,467046,359259,491207,339159,621722,541169,298728,304442,929596,735527
269519,270139,Executioner's Gibbet,92789.0,924275,900562,982414,381807,467029,420954,426728,299050,30859,0,882635,458396,467046,359259,491207,339159,621722,541169,298728,304442,929596,735527
271545,272077,Auto,10837.0,935112,900562,982414,381807,467029,420954,426728,299050,30859,0,882635,458396,467046,359259,491207,339159,621722,541169,298728,304442,929596,735527
272010,274150,Executioner's Gallows,92789.0,935112,900562,982414,474596,467029,420954,426728,299050,30859,0,882635,458396,467046,359259,491207,339159,621722,541169,298728,304442,929596,735527
274745,275277,Auto,10837.0,945949,900562,982414,474596,467029,420954,426728,299050,30859,0,882635,458396,467046,359259,491207,339159,621722,541169,298728,304442,929596,735527
274500,275530,Soul Slice,58841.0,945949,900562,982414,474596,467029,420954,426728,299050,30859,0,882635,458396,467046,359259,491207,339159,621722,600010,298728,304442,929596,735527
275120,275660,Unveiled Gibbet,49788.0,945949,900562,982414,474596,467029,420954,426728,299050,30859,0,882635,458396,467046,359259,491207,339159,621722,600010,298728,354230,929596,735527
276991,277481,Gibbet,70159.0,945949,900562,982414,474596,467029,420954,496887,299050,30859,0,882635,458396,467046,359259,491207,339159,621722,600010,298728,354230,929596,735527
277945,278477,Auto,10837.0,956786,900562,982414,474596,467029,420954,496887,299050,30859,0,882635,458396,467046,359259,491207,339159,621722,600010,298728,354230,929596,735527
279481,280511,Soul Slice,58841.0,956786,900562,982414,474596,467029,420954,496887,299050,30859,0,882635,458396,467046,359259,491207,339159,621722,658851,298728,354230,929596,735527
280101,280641,Unveiled Gallows,49788.0,956786,900562,982414,474596,467029,420954,496887,299050,30859,0,882635,458396,467046,359259,491207,339159,621722,658851,348516,354230,929596,735527
281145,281677,Auto,10837.0,967623,900562,982414,474596,467029,420954,496887,299050,30859,0,882635,458396,467046,359259,491207,339159,621722,658851,348516,354230,929596,735527
281972,282462,Gallows,70159.0,967623,900562,982414,474596,467029,491113,496887,299050,30859,0,882635,458396,467046,359259,491207,339159,621722,658851,348516,354230,929596,735527
284345,284877,Auto,10837.0,978460,900562,982414,474596,467029,491113,496887,299050,30859,0,882635,458396,467046,359259,491207,339159,621722,658851,348516,354230,929596,735527
284462,285622,Shadow of Death,33945.0,978460,900562,982414,474596,467029,491113,496887,299050,30859,0,882635,458396,467046,359259,491207,373104,621722,658851,348516,354230,929596,735527
286953,287443,Slice,47524.0,978460,900562,982414,474596,467029,491113,496887,299050,30859,0,882635,458396,467046,359259,491207,373104,669246,658851,348516,354230,929596,735527
287545,288077,Auto,10837.0,989297,900562,982414,474596,467029,491113,496887,299050,30859,0,882635,458396,467046,359259,491207,373104,669246,658851,348516,354230,929596,735527
289443,290023,Waxing Slice,56579.0,989297,900562,982414,474596,467029,491113,496887,299050,30859,0,882635,458396,467046,359259,491207,373104,669246,658851,348516,354230,929596,792106
290745,291277,Auto,10837.0,1000134,900562,982414,474596,467029,491113,496887,299050,30859,0,882635,458396,467046,359259,491207,373104,669246,658851,348516,354230,929596,792106
291934,292474,Infernal Slice,67895.0,1000134,900562,982414,474596,467029,491113,496887,299050,30859,0,950530,458396,467046,359259,491207,373104,669246,658851,348516,354230,929596,792106
293945,294477,Auto,10837.0,1010971,900562,982414,474596,467029,491113,496887,299050,30859,0,950530,458396,467046,359259,491207,373104,669246,658851,348516,354230,929596,792106
294424,294914,Slice,47524.0,1010971,900562,982414,474596,467029,491113,496887,299050,30859,0,950530,458396,467046,359259,491207,373104,716770,658851,348516,354230,929596,792106
296915,297495,Waxing Slice,56579.0,1010971,900562,982414,474596,467029,491113,496887,299050,30859,0,950530,458396,467046,359259,491207,373104,716770,658851,348516,354230,929596,848685
297145,297677,Auto,10837.0,1021808,900562,982414,474596,467029,491113,496887,299050,30859,0,950530,458396,467046,359259,491207,373104,716770,658851,348516,354230,929596,848685
297535,298075,Unveiled Gibbet,49788.0,1021808,900562,982414,474596,467029,491113,496887,299050,30859,0,950530,458396,467046,359259,491207,373104,716770,658851,348516,404018,929596,848685
299405,299895,Gibbet,70159.0,1021808,900562,982414,474596,467029,491113,567046,299050,30859,0,950530,458396,467046,359259,491207,373104,716770,658851,348516,404018,929596,848685
300345,300877,Auto,10837.0,1032645,900562,982414,474596,467029,491113,567046,299050,30859,0,950530,458396,467046,359259,491207,373104,716770,658851,348516,404018,929596,848685
301896,302436,Infernal Slice,67895.0,1032645,900562,982414,474596,467029,491113,567046,299050,30859,0,1018425,458396,467046,359259,491207,373104,716770,658851,348516,404018,929596,848685
303545,304077,Auto,10837.0,1043482,900562,982414,474596,467029,491113,567046,299050,30859,0,1018425,458396,467046,359259,491207,373104,716770,658851,348516,404018,929596,848685
304386,304926,Void Reaping,61101.0,1043482,900562,982414,474596,467029,491113,567046,299050,30859,0,1018425,458396,467046,359259,491207,373104,716770,658851,348516,404018,990697,848685
305006,305766,Sacrificium,67895.0,1043482,900562,982414,474596,467029,491113,567046,299050,30859,0,1018425,458396,467046,359259,559102,373104,716770,658851,348516,404018,990697,848685
305887,306507,Cross Reaping,67895.0,1043482,900562,1050309,474596,467029,491113,567046,299050,30859,0,1018425,458396,467046,359259,559102,373104,716770,658851,348516,404018,990697,848685
306507,307217,Lemure's Slice,31680.0,1043482,900562,1050309,474596,467029,491113,567046,299050,30859,0,1018425,490076,467046,359259,559102,373104,716770,658851,348516,404018,990697,848685
306745,307277,Auto,10837.0,1054319,900562,1050309,474596,467029,491113,567046,299050,30859,0,1018425,490076,467046,359259,559102,373104,716770,658851,348516,404018,990697,848685
307387,307927,Void Reaping,67895.0,1054319,900562,1050309,474596,467029,491113,567046,299050,30859,0,1018425,490076,467046,359259,559102,373104,716770,658851,348516,404018,1058592,848685
308888,309508,Cross Reaping,67895.0,1054319,900562,1118204,474596,467029,491113,567046,299050,30859,0,1018425,490076,467046,359259,559102,373104,716770,658851,348516,404018,1058592,848685
309508,310218,Lemure's Slice,31680.0,1054319,900562,1118204,474596,467029,491113,567046,299050,30859,0,1018425,521756,467046,359259,559102,373104,716770,658851,348516,404018,1058592,848685
309945,310477,Auto,10837.0,1065156,900562,1118204,474596,467029,491113,567046,299050,30859,0,1018425,521756,467046,359259,559102,373104,716770,658851,348516,404018,1058592,848685
311188,311808,Communio,124476.0,1065156,1025038,1118204,474596,467029,491113,567046,299050,30859,0,1018425,521756,467046,359259,559102,373104,716770,658851,348516,404018,1058592,848685
313145,313677,Auto,10837.0,1075993,1025038,1118204,474596,467029,491113,567046,299050,30859,0,1018425,521756,467046,359259,559102,373104,716770,658851,348516,404018,1058592,848685
312889,313919,Soul Slice,58841.0,1075993,1025038,1118204,474596,467029,491113,567046,299050,30859,0,1018425,521756,467046,359259,559102,373104,716770,717692,348516,404018,1058592,848685
315379,316539,Shadow of Death,33945.0,1075993,1025038,1118204,474596,467029,491113,567046,299050,30859,0,1018425,521756,467046,359259,559102,407049,716770,717692,348516,404018,1058592,848685
316345,316877,Auto,10837.0,1086830,1025038,1118204,474596,467029,491113,567046,299050,30859,0,1018425,521756,467046,359259,559102,407049,716770,717692,348516,404018,1058592,848685
317870,318360,Slice,47524.0,1086830,1025038,1118204,474596,467029,491113,567046,299050,30859,0,1018425,521756,467046,359259,559102,407049,764294,717692,348516,404018,1058592,848685
319545,320077,Auto,10837.0,1097667,1025038,1118204,474596,467029,491113,567046,299050,30859,0,1018425,521756,467046,359259,559102,407049,764294,717692,348516,404018,1058592,848685
320360,320940,Waxing Slice,56579.0,1097667,1025038,1118204,474596,467029,491113,567046,299050,30859,0,1018425,521756,467046,359259,559102,407049,764294,717692,348516,404018,1058592,905264
322745,323277,Auto,10837.0,1108504,1025038,1118204,474596,467029,491113,567046,299050,30859,0,1018425,521756,467046,359259,559102,407049,764294,717692,348516,404018,1058592,905264
322851,323391,Infernal Slice,67895.0,1108504,1025038,1118204,474596,467029,491113,567046,299050,30859,0,1086320,521756,467046,359259,559102,407049,764294,717692,348516,404018,1058592,905264
325341,325831,Slice,47524.0,1108504,1025038,1118204,474596,467029,491113,567046,299050,30859,0,1086320,521756,467046,359259,559102,407049,811818,717692,348516,404018,1058592,905264
325945,326477,Auto,10837.0,1119341,1025038,1118204,474596,467029,491113,567046,299050,30859,0,1086320,521756,467046,359259,559102,407049,811818,717692,348516,404018,1058592,905264
325961,326501,Unveiled Gallows,49788.0,1119341,1025038,1118204,474596,467029,491113,567046,299050,30859,0,1086320,521756,467046,359259,559102,407049,811818,717692,398304,404018,1058592,905264
327832,328322,Gallows,70159.0,1119341,1025038,1118204,474596,467029,561272,567046,299050,30859,0,1086320,521756,467046,359259,559102,407049,811818,717692,398304,404018,1058592,905264
328452,329522,Gluttony,58841.0,1119341,1025038,1118204,474596,467029,561272,567046,357891,30859,0,1086320,521756,467046,359259,559102,407049,811818,717692,398304,404018,1058592,905264
329145,329677,Auto,10837.0,1130178,1025038,1118204,474596,467029,561272,567046,357891,30859,0,1086320,521756,467046,359259,559102,407049,811818,717692,398304,404018,1058592,905264
330322,330942,Executioner's Gibbet,92789.0,1130178,1025038,1118204,474596,559818,561272,567046,357891,30859,0,1086320,521756,467046,359259,559102,407049,811818,717692,398304,404018,1058592,905264
332345,332877,Auto,10837.0,1141015,1025038,1118204,474596,559818,561272,567046,357891,30859,0,1086320,521756,467046,359259,559102,407049,811818,717692,398304,404018,1058592,905264
332813,334953,Executioner's Gallows,92789.0,1141015,1025038,1118204,567385,559818,561272,567046,357891,30859,0,1086320,521756,467046,359259,559102,407049,811818,717692,398304,404018,1058592,905264
335545,336077,Auto,10837.0,1151852,1025038,1118204,567385,559818,561272,567046,357891,30859,0,1086320,521756,467046,359259,559102,407049,811818,717692,398304,404018,1058592,905264
335303,336463,Shadow of Death,33945.0,1151852,1025038,1118204,567385,559818,561272,567046,357891,30859,0,1086320,521756,467046,359259,559102,440994,811818,717692,398304,404018,1058592,905264
337793,338823,Soul Slice,58841.0,1151852,1025038,1118204,567385,559818,561272,567046,357891,30859,0,1086320,521756,467046,359259,559102,440994,811818,776533,398304,404018,1058592,905264
338413,338953,Unveiled Gibbet,49788.0,1151852,1025038,1118204,567385,559818,561272,567046,357891,30859,0,1086320,521756,467046,359259,559102,440994,811818,776533,398304,453806,1058592,905264
338745,339277,Auto,10837.0,1162689,1025038,1118204,567385,559818,561272,567046,357891,30859,0,1086320,521756,467046,359259,559102,440994,811818,776533,398304,453806,1058592,905264
340284,340774,Gibbet,70159.0,1162689,1025038,1118204,567385,559818,561272,637205,357891,30859,0,1086320,521756,467046,359259,559102,440994,811818,776533,398304,453806,1058592,905264
341945,342477,Auto,10837.0,1173526,1025038,1118204,567385,559818,561272,637205,357891,30859,0,1086320,521756,467046,359259,559102,440994,811818,776533,398304,453806,1058592,905264
342774,343354,Waxing Slice,56579.0,1173526,1025038,1118204,567385,559818,561272,637205,357891,30859,0,1086320,521756,467046,359259,559102,440994,811818,776533,398304,453806,1058592,961843
345145,345677,Auto,10837.0,1184363,1025038,1118204,567385,559818,561272,637205,357891,30859,0,1086320,521756,467046,359259,559102,440994,811818,776533,398304,453806,1058592,961843
345265,345805,Infernal Slice,67895.0,1184363,1025038,1118204,567385,559818,561272,637205,357891,30859,0,1154215,521756,467046,359259,559102,440994,811818,776533,398304,453806,1058592,961843
347755,348245,Slice,47524.0,1184363,1025038,1118204,567385,559818,561272,637205,357891,30859,0,1154215,521756,467046,359259,559102,440994,859342,776533,398304,453806,1058592,961843
348345,348877,Auto,10837.0,1195200,1025038,1118204,567385,559818,561272,637205,357891,30859,0,1154215,521756,467046,359259,559102,440994,859342,776533,398304,453806,1058592,961843
350246,350826,Waxing Slice,56579.0,1195200,1025038,1118204,567385,559818,561272,637205,357891,30859,0,1154215,521756,467046,359259,559102,440994,859342,776533,398304,453806,1058592,1018422
351545,352077,Auto,10837.0,1206037,1025038,1118204,567385,559818,561272,637205,357891,30859,0,1154215,521756,467046,359259,559102,440994,859342,776533,398304,453806,1058592,1018422
352736,353276,Infernal Slice,67895.0,1206037,1025038,1118204,567385,559818,561272,637205,357891,30859,0,1222110,521756,467046,359259,559102,440994,859342,776533,398304,453806,1058592,1018422
353356,353896,Unveiled Gallows,49788.0,1206037,1025038,1118204,567385,559818,561272,637205,357891,30859,0,1222110,521756,467046,359259,559102,440994,859342,776533,448092,453806,1058592,1018422
354745,355277,Auto,10837.0,1216874,1025038,1118204,567385,559818,561272,637205,357891,30859,0,1222110,521756,467046,359259,559102,440994,859342,776533,448092,453806,1058592,1018422
355227,355717,Gallows,70159.0,1216874,1025038,1118204,567385,559818,631431,637205,357891,30859,0,1222110,521756,467046,359259,559102,440994,859342,776533,448092,453806,1058592,1018422
357717,358207,Slice,47524.0,1216874,1025038,1118204,567385,559818,631431,637205,357891,30859,0,1222110,521756,467046,359259,559102,440994,906866,776533,448092,453806,1058592,1018422
357945,358477,Auto,10837.0,1227711,1025038,1118204,567385,559818,631431,637205,357891,30859,0,1222110,521756,467046,359259,559102,440994,906866,776533,448092,453806,1058592,1018422
360208,360788,Waxing Slice,56579.0,1227711,1025038,1118204,567385,559818,631431,637205,357891,30859,0,1222110,521756,467046,359259,559102,440994,906866,776533,448092,453806,1058592,1075001
361145,361677,Auto,10837.0,1238548,1025038,1118204,567385,559818,631431,637205,357891,30859,0,1222110,521756,467046,359259,559102,440994,906866,776533,448092,453806,1058592,1075001
362698,363238,Void Reaping,61101.0,1238548,1025038,1118204,567385,559818,631431,637205,357891,30859,0,1222110,521756,467046,359259,559102,440994,906866,776533,448092,453806,1119693,1075001
364345,364877,Auto,10837.0,1249385,1025038,1118204,567385,559818,631431,637205,357891,30859,0,1222110,521756,467046,359259,559102,440994,906866,776533,448092,453806,1119693,1075001
364199,365359,Shadow of Death,33945.0,1249385,1025038,1118204,567385,559818,631431,637205,357891,30859,0,1222110,521756,467046,359259,559102,474939,906866,776533,448092,453806,1119693,1075001
366689,367309,Cross Reaping,75689.0,1249385,1025038,1193893,567385,559818,631431,637205,357891,30859,0,1222110,521756,467046,359259,559102,474939,906866,776533,448092,453806,1119693,1075001
367309,368019,Lemure's Slice,35318.0,1249385,1025038,1193893,567385,559818,631431,637205,357891,30859,0,1222110,557074,467046,359259,559102,474939,906866,776533,448092,453806,1119693,1075001
367545,368077,Auto,12083.0,1261468,1025038,1193893,567385,559818,631431,637205,357891,30859,0,1222110,557074,467046,359259,559102,474939,906866,776533,448092,453806,1119693,1075001
368190,368730,Void Reaping,75689.0,1261468,1025038,1193893,567385,559818,631431,637205,357891,30859,0,1222110,557074,467046,359259,559102,474939,906866,776533,448092,453806,1195382,1075001
368810,369570,Sacrificium,75689.0,1261468,1025038,1193893,567385,559818,631431,637205,357891,30859,0,1222110,557074,467046,359259,634791,474939,906866,776533,448092,453806,1195382,1075001
369690,370310,Cross Reaping,75689.0,1261468,1025038,1269582,567385,559818,631431,637205,357891,30859,0,1222110,557074,467046,359259,634791,474939,906866,776533,448092,453806,1195382,1075001
370310,371020,Lemure's Slice,35318.0,1261468,1025038,1269582,567385,559818,631431,637205,357891,30859,0,1222110,592392,467046,359259,634791,474939,906866,776533,448092,453806,1195382,1075001
370745,371277,Auto,12083.0,1273551,1025038,1269582,567385,559818,631431,637205,357891,30859,0,1222110,592392,467046,359259,634791,474939,906866,776533,448092,453806,1195382,1075001
371991,372611,Communio,138766.0,1273551,1163804,1269582,567385,559818,631431,637205,357891,30859,0,1222110,592392,467046,359259,634791,474939,906866,776533,448092,453806,1195382,1075001
373945,374477,Auto,12083.0,1285634,1163804,1269582,567385,559818,631431,637205,357891,30859,0,1222110,592392,467046,359259,634791,474939,906866,776533,448092,453806,1195382,1075001
373691,374851,Plentiful Harvest,126151.0,1285634,1163804,1269582,567385,559818,631431,637205,357891,30859,0,1222110,592392,467046,485410,634791,474939,906866,776533,448092,453806,1195382,1075001
376182,376722,Void Reaping,68117.0,1285634,1163804,1269582,567385,559818,631431,637205,357891,30859,0,1222110,592392,467046,485410,634791,474939,906866,776533,448092,453806,1263499,1075001
376802,377562,Sacrificium,75689.0,1285634,1163804,1269582,567385,559818,631431,637205,357891,30859,0,1222110,592392,467046,485410,710480,474939,906866,776533,448092,453806,1263499,1075001
377145,377677,Auto,12083.0,1297717,1163804,1269582,567385,559818,631431,637205,357891,30859,0,1222110,592392,467046,485410,710480,474939,906866,776533,448092,453806,1263499,1075001
377682,378302,Cross Reaping,75689.0,1297717,1163804,1345271,567385,559818,631431,637205,357891,30859,0,1222110,592392,467046,485410,710480,474939,906866,776533,448092,453806,1263499,1075001
378302,379012,Lemure's Slice,35318.0,1297717,1163804,1345271,567385,559818,631431,637205,357891,30859,0,1222110,627710,467046,485410,710480,474939,906866,776533,448092,453806,1263499,1075001
379183,379723,Void Reaping,75689.0,1297717,1163804,1345271,567385,559818,631431,637205,357891,30859,0,1222110,627710,467046,485410,710480,474939,906866,776533,448092,453806,1339188,1075001
380345,380877,Auto,12083.0,1309800,1163804,1345271,567385,559818,631431,637205,357891,30859,0,1222110,627710,467046,485410,710480,474939,906866,776533,448092,453806,1339188,1075001
380683,381303,Cross Reaping,75689.0,1309800,1163804,1420960,567385,559818,631431,637205,357891,30859,0,1222110,627710,467046,485410,710480,474939,906866,776533,448092,453806,1339188,1075001
381303,382013,Lemure's Slice,35318.0,1309800,1163804,1420960,567385,559818,631431,637205,357891,30859,0,1222110,663028,467046,485410,710480,474939,906866,776533,448092,453806,1339188,1075001
382984,383604,Communio,138766.0,1309800,1302570,1420960,567385,559818,631431,637205,357891,30859,0,1222110,663028,467046,485410,710480,474939,906866,776533,448092,453806,1339188,1075001
383545,384077,Auto,12083.0,1321883,1302570,1420960,567385,559818,631431,637205,357891,30859,0,1222110,663028,467046,485410,710480,474939,906866,776533,448092,453806,1339188,1075001
384684,385974,Perfectio,163998.0,1321883,1302570,1420960,567385,559818,631431,637205,357891,30859,0,1222110,663028,631044,485410,710480,474939,906866,776533,448092,453806,1339188,1075001
386745,387277,Auto,11731.0,1333614,1302570,1420960,567385,559818,631431,637205,357891,30859,0,1222110,663028,631044,485410,710480,474939,906866,776533,448092,453806,1339188,1075001
387175,387715,Infernal Slice,73485.0,1333614,1302570,1420960,567385,559818,631431,637205,357891,30859,0,1295595,663028,631044,485410,710480,474939,906866,776533,448092,453806,1339188,1075001
389945,390477,Auto,11731.0,1345345,1302570,1420960,567385,559818,631431,637205,357891,30859,0,1295595,663028,631044,485410,710480,474939,906866,776533,448092,453806,1339188,1075001
389665,390695,Soul Slice,63686.0,1345345,1302570,1420960,567385,559818,631431,637205,357891,30859,0,1295595,663028,631044,485410,710480,474939,906866,840219,448092,453806,1339188,1075001
390285,391355,Gluttony,63686.0,1345345,1302570,1420960,567385,559818,631431,637205,421577,30859,0,1295595,663028,631044,485410,710480,474939,906866,840219,448092,453806,1339188,1075001
392156,392776,Executioner's Gibbet,100427.0,1345345,1302570,1420960,567385,660245,631431,637205,421577,30859,0,1295595,663028,631044,485410,710480,474939,906866,840219,448092,453806,1339188,1075001
393145,393677,Auto,11731.0,1357076,1302570,1420960,567385,660245,631431,637205,421577,30859,0,1295595,663028,631044,485410,710480,474939,906866,840219,448092,453806,1339188,1075001
394646,396786,Executioner's Gallows,100427.0,1357076,1302570,1420960,667812,660245,631431,637205,421577,30859,0,1295595,663028,631044,485410,710480,474939,906866,840219,448092,453806,1339188,1075001
396345,396877,Auto,10837.0,1367913,1302570,1420960,667812,660245,631431,637205,421577,30859,0,1295595,663028,631044,485410,710480,474939,906866,840219,448092,453806,1339188,1075001
397137,398167,Soul Slice,58841.0,1367913,1302570,1420960,667812,660245,631431,637205,421577,30859,0,1295595,663028,631044,485410,710480,474939,906866,899060,448092,453806,1339188,1075001
397757,398297,Unveiled Gibbet,49788.0,1367913,1302570,1420960,667812,660245,631431,637205,421577,30859,0,1295595,663028,631044,485410,710480,474939,906866,899060,448092,503594,1339188,1075001
399545,400077,Auto,10837.0,1378750,1302570,1420960,667812,660245,631431,637205,421577,30859,0,1295595,663028,631044,485410,710480,474939,906866,899060,448092,503594,1339188,1075001
399627,400117,Gibbet,70159.0,1378750,1302570,1420960,667812,660245,631431,707364,421577,30859,0,1295595,663028,631044,485410,710480,474939,906866,899060,448092,503594,1339188,1075001
402745,403277,Auto,10837.0,1389587,1302570,1420960,667812,660245,631431,707364,421577,30859,0,1295595,663028,631044,485410,710480,474939,906866,899060,448092,503594,1339188,1075001
402118,403278,Shadow of Death,33945.0,1389587,1302570,1420960,667812,660245,631431,707364,421577,30859,0,1295595,663028,631044,485410,710480,508884,906866,899060,448092,503594,1339188,1075001
404608,405098,Slice,47524.0,1389587,1302570,1420960,667812,660245,631431,707364,421577,30859,0,1295595,663028,631044,485410,710480,508884,954390,899060,448092,503594,1339188,1075001
405945,406477,Auto,10837.0,1400424,1302570,1420960,667812,660245,631431,707364,421577,30859,0,1295595,663028,631044,485410,710480,508884,954390,899060,448092,503594,1339188,1075001
407099,407679,Waxing Slice,56579.0,1400424,1302570,1420960,667812,660245,631431,707364,421577,30859,0,1295595,663028,631044,485410,710480,508884,954390,899060,448092,503594,1339188,1131580
407719,408259,Unveiled Gallows,49788.0,1400424,1302570,1420960,667812,660245,631431,707364,421577,30859,0,1295595,663028,631044,485410,710480,508884,954390,899060,497880,503594,1339188,1131580
409145,409677,Auto,10837.0,1411261,1302570,1420960,667812,660245,631431,707364,421577,30859,0,1295595,663028,631044,485410,710480,508884,954390,899060,497880,503594,1339188,1131580
409589,410079,Gallows,70159.0,1411261,1302570,1420960,667812,660245,701590,707364,421577,30859,0,1295595,663028,631044,485410,710480,508884,954390,899060,497880,503594,1339188,1131580
412080,412620,Infernal Slice,67895.0,1411261,1302570,1420960,667812,660245,701590,707364,421577,30859,0,1363490,663028,631044,485410,710480,508884,954390,899060,497880,503594,1339188,1131580
412345,412877,Auto,10837.0,1422098,1302570,1420960,667812,660245,701590,707364,421577,30859,0,1363490,663028,631044,485410,710480,508884,954390,899060,497880,503594,1339188,1131580
414570,415060,Slice,47524.0,1422098,1302570,1420960,667812,660245,701590,707364,421577,30859,0,1363490,663028,631044,485410,710480,508884,1001914,899060,497880,503594,1339188,1131580
415545,416077,Auto,10837.0,1432935,1302570,1420960,667812,660245,701590,707364,421577,30859,0,1363490,663028,631044,485410,710480,508884,1001914,899060,497880,503594,1339188,1131580
417061,417641,Waxing Slice,56579.0,1432935,1302570,1420960,667812,660245,701590,707364,421577,30859,0,1363490,663028,631044,485410,710480,508884,1001914,899060,497880,503594,1339188,1188159
418745,419277,Auto,10837.0,1443772,1302570,1420960,667812,660245,701590,707364,421577,30859,0,1363490,663028,631044,485410,710480,508884,1001914,899060,497880,503594,1339188,1188159
419551,420091,Infernal Slice,67895.0,1443772,1302570,1420960,667812,660245,701590,707364,421577,30859,0,1431385,663028,631044,485410,710480,508884,1001914,899060,497880,503594,1339188,1188159
421945,422477,Auto,10837.0,1454609,1302570,1420960,667812,660245,701590,707364,421577,30859,0,1431385,663028,631044,485410,710480,508884,1001914,899060,497880,503594,1339188,1188159
422042,422532,Slice,47524.0,1454609,1302570,1420960,667812,660245,701590,707364,421577,30859,0,1431385,663028,631044,485410,710480,508884,1049438,899060,497880,503594,1339188,1188159
422662,423202,Unveiled Gibbet,49788.0,1454609,1302570,1420960,667812,660245,701590,707364,421577,30859,0,1431385,663028,631044,485410,710480,508884,1049438,899060,497880,553382,1339188,1188159
424532,425022,Gibbet,70159.0,1454609,1302570,1420960,667812,660245,701590,777523,421577,30859,0,1431385,663028,631044,485410,710480,508884,1049438,899060,497880,553382,1339188,1188159
425145,425677,Auto,10837.0,1465446,1302570,1420960,667812,660245,701590,777523,421577,30859,0,1431385,663028,631044,485410,710480,508884,1049438,899060,497880,553382,1339188,1188159
427023,427603,Waxing Slice,56579.0,1465446,1302570,1420960,667812,660245,701590,777523,421577,30859,0,1431385,663028,631044,485410,710480,508884,1049438,899060,497880,553382,1339188,1244738
428345,428877,Auto,10837.0,1476283,1302570,1420960,667812,660245,701590,777523,421577,30859,0,1431385,663028,631044,485410,710480,508884,1049438,899060,497880,553382,1339188,1244738
429513,430543,Soul Slice,58841.0,1476283,1302570,1420960,667812,660245,701590,777523,421577,30859,0,1431385,663028,631044,485410,710480,508884,1049438,957901,497880,553382,1339188,1244738
431545,432077,Auto,10837.0,1487120,1302570,1420960,667812,660245,701590,777523,421577,30859,0,1431385,663028,631044,485410,710480,508884,1049438,957901,497880,553382,1339188,1244738
432004,432544,Infernal Slice,67895.0,1487120,1302570,1420960,667812,660245,701590,777523,421577,30859,0,1499280,663028,631044,485410,710480,508884,1049438,957901,497880,553382,1339188,1244738
434745,435277,Auto,10837.0,1497957,1302570,1420960,667812,660245,701590,777523,421577,30859,0,1499280,663028,631044,485410,710480,508884,1049438,957901,497880,553382,1339188,1244738
434494,435654,Shadow of Death,33945.0,1497957,1302570,1420960,667812,660245,701590,777523,421577,30859,0,1499280,663028,631044,485410,710480,542829,1049438,957901,497880,553382,1339188,1244738
436985,437525,Void Reaping,61101.0,1497957,1302570,1420960,667812,660245,701590,777523,421577,30859,0,1499280,663028,631044,485410,710480,542829,1049438,957901,497880,553382,1400289,1244738
437605,438365,Sacrificium,67895.0,1497957,1302570,1420960,667812,660245,701590,777523,421577,30859,0,1499280,663028,631044,485410,778375,542829,1049438,957901,497880,553382,1400289,1244738
437945,438477,Auto,10837.0,1508794,1302570,1420960,667812,660245,701590,777523,421577,30859,0,1499280,663028,631044,485410,778375,542829,1049438,957901,497880,553382,1400289,1244738
438485,439105,Cross Reaping,67895.0,1508794,1302570,1488855,667812,660245,701590,777523,421577,30859,0,1499280,663028,631044,485410,778375,542829,1049438,957901,497880,553382,1400289,1244738
439105,439815,Lemure's Slice,31680.0,1508794,1302570,1488855,667812,660245,701590,777523,421577,30859,0,1499280,694708,631044,485410,778375,542829,1049438,957901,497880,553382,1400289,1244738
439986,440526,Void Reaping,67895.0,1508794,1302570,1488855,667812,660245,701590,777523,421577,30859,0,1499280,694708,631044,485410,778375,542829,1049438,957901,497880,553382,1468184,1244738
441145,441677,Auto,10837.0,1519631,1302570,1488855,667812,660245,701590,777523,421577,30859,0,1499280,694708,631044,485410,778375,542829,1049438,957901,497880,553382,1468184,1244738
441486,442106,Cross Reaping,67895.0,1519631,1302570,1556750,667812,660245,701590,777523,421577,30859,0,1499280,694708,631044,485410,778375,542829,1049438,957901,497880,553382,1468184,1244738
442106,442816,Lemure's Slice,31680.0,1519631,1302570,1556750,667812,660245,701590,777523,421577,30859,0,1499280,726388,631044,485410,778375,542829,1049438,957901,497880,553382,1468184,1244738
443787,444407,Communio,124476.0,1519631,1427046,1556750,667812,660245,701590,777523,421577,30859,0,1499280,726388,631044,485410,778375,542829,1049438,957901,497880,553382,1468184,1244738
444345,444877,Auto,10837.0,1530468,1427046,1556750,667812,660245,701590,777523,421577,30859,0,1499280,726388,631044,485410,778375,542829,1049438,957901,497880,553382,1468184,1244738
445487,445977,Slice,47524.0,1530468,1427046,1556750,667812,660245,701590,777523,421577,30859,0,1499280,726388,631044,485410,778375,542829,1096962,957901,497880,553382,1468184,1244738
447545,448077,Auto,10837.0,1541305,1427046,1556750,667812,660245,701590,777523,421577,30859,0,1499280,726388,631044,485410,778375,542829,1096962,957901,497880,553382,1468184,1244738
447978,448558,Waxing Slice,56579.0,1541305,1427046,1556750,667812,660245,701590,777523,421577,30859,0,1499280,726388,631044,485410,778375,542829,1096962,957901,497880,553382,1468184,1301317
450468,451008,Infernal Slice,67895.0,1541305,1427046,1556750,667812,660245,701590,777523,421577,30859,0,1567175,726388,631044,485410,778375,542829,1096962,957901,497880,553382,1468184,1301317
450745,451277,Auto,10837.0,1552142,1427046,1556750,667812,660245,701590,777523,421577,30859,0,1567175,726388,631044,485410,778375,542829,1096962,957901,497880,553382,1468184,1301317
451088,452158,Gluttony,58841.0,1552142,1427046,1556750,667812,660245,701590,777523,480418,30859,0,1567175,726388,631044,485410,778375,542829,1096962,957901,497880,553382,1468184,1301317
453945,454477,Auto,10837.0,1562979,1427046,1556750,667812,660245,701590,777523,480418,30859,0,1567175,726388,631044,485410,778375,542829,1096962,957901,497880,553382,1468184,1301317
452959,455099,Executioner's Gallows,92789.0,1562979,1427046,1556750,760601,660245,701590,777523,480418,30859,0,1567175,726388,631044,485410,778375,542829,1096962,957901,497880,553382,1468184,1301317
455449,456069,Executioner's Gibbet,92789.0,1562979,1427046,1556750,760601,753034,701590,777523,480418,30859,0,1567175,726388,631044,485410,778375,542829,1096962,957901,497880,553382,1468184,1301317
456069,456609,Unveiled Gallows,49788.0,1562979,1427046,1556750,760601,753034,701590,777523,480418,30859,0,1567175,726388,631044,485410,778375,542829,1096962,957901,547668,553382,1468184,1301317
457145,457677,Auto,10837.0,1573816,1427046,1556750,760601,753034,701590,777523,480418,30859,0,1567175,726388,631044,485410,778375,542829,1096962,957901,547668,553382,1468184,1301317
457940,458430,Gallows,70159.0,1573816,1427046,1556750,760601,753034,771749,777523,480418,30859,0,1567175,726388,631044,485410,778375,542829,1096962,957901,547668,553382,1468184,1301317
460345,460877,Auto,10837.0,1584653,1427046,1556750,760601,753034,771749,777523,480418,30859,0,1567175,726388,631044,485410,778375,542829,1096962,957901,547668,553382,1468184,1301317
460430,461460,Soul Slice,58841.0,1584653,1427046,1556750,760601,753034,771749,777523,480418,30859,0,1567175,726388,631044,485410,778375,542829,1096962,1016742,547668,553382,1468184,1301317
461050,461590,Unveiled Gibbet,49788.0,1584653,1427046,1556750,760601,753034,771749,777523,480418,30859,0,1567175,726388,631044,485410,778375,542829,1096962,1016742,547668,603170,1468184,1301317
462921,463411,Gibbet,70159.0,1584653,1427046,1556750,760601,753034,771749,847682,480418,30859,0,1567175,726388,631044,485410,778375,542829,1096962,1016742,547668,603170,1468184,1301317
463545,464077,Auto,10837.0,1595490,1427046,1556750,760601,753034,771749,847682,480418,30859,0,1567175,726388,631044,485410,778375,542829,1096962,1016742,547668,603170,1468184,1301317
465411,466571,Shadow of Death,33945.0,1595490,1427046,1556750,760601,753034,771749,847682,480418,30859,0,1567175,726388,631044,485410,778375,576774,1096962,1016742,547668,603170,1468184,1301317
466745,467277,Auto,10837.0,1606327,1427046,1556750,760601,753034,771749,847682,480418,30859,0,1567175,726388,631044,485410,778375,576774,1096962,1016742,547668,603170,1468184,1301317
467902,468392,Slice,47524.0,1606327,1427046,1556750,760601,753034,771749,847682,480418,30859,0,1567175,726388,631044,485410,778375,576774,1144486,1016742,547668,603170,1468184,1301317
469945,470477,Auto,10837.0,1617164,1427046,1556750,760601,753034,771749,847682,480418,30859,0,1567175,726388,631044,485410,778375,576774,1144486,1016742,547668,603170,1468184,1301317
470392,470972,Waxing Slice,56579.0,1617164,1427046,1556750,760601,753034,771749,847682,480418,30859,0,1567175,726388,631044,485410,778375,576774,1144486,1016742,547668,603170,1468184,1357896
472883,473423,Infernal Slice,67895.0,1617164,1427046,1556750,760601,753034,771749,847682,480418,30859,0,1635070,726388,631044,485410,778375,576774,1144486,1016742,547668,603170,1468184,1357896
473145,473677,Auto,10837.0,1628001,1427046,1556750,760601,753034,771749,847682,480418,30859,0,1635070,726388,631044,485410,778375,576774,1144486,1016742,547668,603170,1468184,1357896
475373,475863,Slice,47524.0,1628001,1427046,1556750,760601,753034,771749,847682,480418,30859,0,1635070,726388,631044,485410,778375,576774,1192010,1016742,547668,603170,1468184,1357896
476345,476877,Auto,10837.0,1638838,1427046,1556750,760601,753034,771749,847682,480418,30859,0,1635070,726388,631044,485410,778375,576774,1192010,1016742,547668,603170,1468184,1357896
477864,478444,Waxing Slice,56579.0,1638838,1427046,1556750,760601,753034,771749,847682,480418,30859,0,1635070,726388,631044,485410,778375,576774,1192010,1016742,547668,603170,1468184,1414475
478484,479024,Unveiled Gallows,49788.0,1638838,1427046,1556750,760601,753034,771749,847682,480418,30859,0,1635070,726388,631044,485410,778375,576774,1192010,1016742,597456,603170,1468184,1414475
479545,480077,Auto,10837.0,1649675,1427046,1556750,760601,753034,771749,847682,480418,30859,0,1635070,726388,631044,485410,778375,576774,1192010,1016742,597456,603170,1468184,1414475
480354,480844,Gallows,70159.0,1649675,1427046,1556750,760601,753034,841908,847682,480418,30859,0,1635070,726388,631044,485410,778375,576774,1192010,1016742,597456,603170,1468184,1414475
482745,483277,Auto,10837.0,1660512,1427046,1556750,760601,753034,841908,847682,480418,30859,0,1635070,726388,631044,485410,778375,576774,1192010,1016742,597456,603170,1468184,1414475
482845,483385,Void Reaping,61101.0,1660512,1427046,1556750,760601,753034,841908,847682,480418,30859,0,1635070,726388,631044,485410,778375,576774,1192010,1016742,597456,603170,1529285,1414475
484345,485505,Shadow of Death,33945.0,1660512,1427046,1556750,760601,753034,841908,847682,480418,30859,0,1635070,726388,631044,485410,778375,610719,1192010,1016742,597456,603170,1529285,1414475
485945,486477,Auto,10837.0,1671349,1427046,1556750,760601,753034,841908,847682,480418,30859,0,1635070,726388,631044,485410,778375,610719,1192010,1016742,597456,603170,1529285,1414475
486836,487456,Cross Reaping,69932.0,1671349,1427046,1626682,760601,753034,841908,847682,480418,30859,0,1635070,726388,631044,485410,778375,610719,1192010,1016742,597456,603170,1529285,1414475
487456,488216,Sacrificium,69932.0,1671349,1427046,1626682,760601,753034,841908,847682,480418,30859,0,1635070,726388,631044,485410,848307,610719,1192010,1016742,597456,603170,1529285,1414475
488336,488876,Void Reaping,69932.0,1671349,1427046,1626682,760601,753034,841908,847682,480418,30859,0,1635070,726388,631044,485410,848307,610719,1192010,1016742,597456,603170,1599217,1414475
488956,489666,Lemure's Slice,32630.0,1671349,1427046,1626682,760601,753034,841908,847682,480418,30859,0,1635070,759018,631044,485410,848307,610719,1192010,1016742,597456,603170,1599217,1414475
489145,489677,Auto,11162.0,1682511,1427046,1626682,760601,753034,841908,847682,480418,30859,0,1635070,759018,631044,485410,848307,610719,1192010,1016742,597456,603170,1599217,1414475
489837,490457,Cross Reaping,69932.0,1682511,1427046,1696614,760601,753034,841908,847682,480418,30859,0,1635070,759018,631044,485410,848307,610719,1192010,1016742,597456,603170,1599217,1414475
490457,491167,Lemure's Slice,32630.0,1682511,1427046,1696614,760601,753034,841908,847682,480418,30859,0,1635070,791648,631044,485410,848307,610719,1192010,1016742,597456,603170,1599217,1414475
492137,492757,Communio,128211.0,1682511,1555257,1696614,760601,753034,841908,847682,480418,30859,0,1635070,791648,631044,485410,848307,610719,1192010,1016742,597456,603170,1599217,1414475
492637,493169,Auto,11162.0,1693673,1555257,1696614,760601,753034,841908,847682,480418,30859,0,1635070,791648,631044,485410,848307,610719,1192010,1016742,597456,603170,1599217,1414475
493838,494998,Plentiful Harvest,116554.0,1693673,1555257,1696614,760601,753034,841908,847682,480418,30859,0,1635070,791648,631044,601964,848307,610719,1192010,1016742,597456,603170,1599217,1414475
495078,495838,Sacrificium,69932.0,1693673,1555257,1696614,760601,753034,841908,847682,480418,30859,0,1635070,791648,631044,601964,918239,610719,1192010,1016742,597456,603170,1599217,1414475
495837,496369,Auto,11162.0,1704835,1555257,1696614,760601,753034,841908,847682,480418,30859,0,1635070,791648,631044,601964,918239,610719,1192010,1016742,597456,603170,1599217,1414475
496328,496868,Void Reaping,62934.0,1704835,1555257,1696614,760601,753034,841908,847682,480418,30859,0,1635070,791648,631044,601964,918239,610719,1192010,1016742,597456,603170,1662151,1414475
497829,498449,Cross Reaping,69932.0,1704835,1555257,1766546,760601,753034,841908,847682,480418,30859,0,1635070,791648,631044,601964,918239,610719,1192010,1016742,597456,603170,1662151,1414475
498449,499159,Lemure's Slice,32630.0,1704835,1555257,1766546,760601,753034,841908,847682,480418,30859,0,1635070,824278,631044,601964,918239,610719,1192010,1016742,597456,603170,1662151,1414475
499037,499569,Auto,11162.0,1715997,1555257,1766546,760601,753034,841908,847682,480418,30859,0,1635070,824278,631044,601964,918239,610719,1192010,1016742,597456,603170,1662151,1414475
499329,499869,Void Reaping,69932.0,1715997,1555257,1766546,760601,753034,841908,847682,480418,30859,0,1635070,824278,631044,601964,918239,610719,1192010,1016742,597456,603170,1732083,1414475
500830,501450,Cross Reaping,69932.0,1715997,1555257,1836478,760601,753034,841908,847682,480418,30859,0,1635070,824278,631044,601964,918239,610719,1192010,1016742,597456,603170,1732083,1414475
501450,502160,Lemure's Slice,32630.0,1715997,1555257,1836478,760601,753034,841908,847682,480418,30859,0,1635070,856908,631044,601964,918239,610719,1192010,1016742,597456,603170,1732083,1414475
502237,502769,Auto,11162.0,1727159,1555257,1836478,760601,753034,841908,847682,480418,30859,0,1635070,856908,631044,601964,918239,610719,1192010,1016742,597456,603170,1732083,1414475
503130,503750,Communio,128211.0,1727159,1683468,1836478,760601,753034,841908,847682,480418,30859,0,1635070,856908,631044,601964,918239,610719,1192010,1016742,597456,603170,1732083,1414475
505437,505969,Auto,11162.0,1738321,1683468,1836478,760601,753034,841908,847682,480418,30859,0,1635070,856908,631044,601964,918239,610719,1192010,1016742,597456,603170,1732083,1414475
504831,506121,Perfectio,151524.0,1738321,1683468,1836478,760601,753034,841908,847682,480418,30859,0,1635070,856908,782568,601964,918239,610719,1192010,1016742,597456,603170,1732083,1414475
507321,507861,Infernal Slice,67895.0,1738321,1683468,1836478,760601,753034,841908,847682,480418,30859,0,1702965,856908,782568,601964,918239,610719,1192010,1016742,597456,603170,1732083,1414475
508637,509169,Auto,10837.0,1749158,1683468,1836478,760601,753034,841908,847682,480418,30859,0,1702965,856908,782568,601964,918239,610719,1192010,1016742,597456,603170,1732083,1414475
509812,510842,Soul Slice,58841.0,1749158,1683468,1836478,760601,753034,841908,847682,480418,30859,0,1702965,856908,782568,601964,918239,610719,1192010,1075583,597456,603170,1732083,1414475
511088,512158,Gluttony,58841.0,1749158,1683468,1836478,760601,753034,841908,847682,539259,30859,0,1702965,856908,782568,601964,918239,610719,1192010,1075583,597456,603170,1732083,1414475
511837,512369,Auto,10837.0,1759995,1683468,1836478,760601,753034,841908,847682,539259,30859,0,1702965,856908,782568,601964,918239,610719,1192010,1075583,597456,603170,1732083,1414475
512302,512922,Executioner's Gibbet,92789.0,1759995,1683468,1836478,760601,845823,841908,847682,539259,30859,0,1702965,856908,782568,601964,918239,610719,1192010,1075583,597456,603170,1732083,1414475
515037,515569,Auto,10837.0,1770832,1683468,1836478,760601,845823,841908,847682,539259,30859,0,1702965,856908,782568,601964,918239,610719,1192010,1075583,597456,603170,1732083,1414475
514792,516932,Executioner's Gallows,92789.0,1770832,1683468,1836478,853390,845823,841908,847682,539259,30859,0,1702965,856908,782568,601964,918239,610719,1192010,1075583,597456,603170,1732083,1414475
517283,518443,Shadow of Death,33945.0,1770832,1683468,1836478,853390,845823,841908,847682,539259,30859,0,1702965,856908,782568,601964,918239,644664,1192010,1075583,597456,603170,1732083,1414475
518237,518769,Auto,10837.0,1781669,1683468,1836478,853390,845823,841908,847682,539259,30859,0,1702965,856908,782568,601964,918239,644664,1192010,1075583,597456,603170,1732083,1414475
519773,520803,Soul Slice,58841.0,1781669,1683468,1836478,853390,845823,841908,847682,539259,30859,0,1702965,856908,782568,601964,918239,644664,1192010,1134424,597456,603170,1732083,1414475
520393,520933,Unveiled Gibbet,49788.0,1781669,1683468,1836478,853390,845823,841908,847682,539259,30859,0,1702965,856908,782568,601964,918239,644664,1192010,1134424,597456,652958,1732083,1414475
521437,521969,Auto,10837.0,1792506,1683468,1836478,853390,845823,841908,847682,539259,30859,0,1702965,856908,782568,601964,918239,644664,1192010,1134424,597456,652958,1732083,1414475
522264,522754,Gibbet,70159.0,1792506,1683468,1836478,853390,845823,841908,917841,539259,30859,0,1702965,856908,782568,601964,918239,644664,1192010,1134424,597456,652958,1732083,1414475
524637,525169,Auto,10837.0,1803343,1683468,1836478,853390,845823,841908,917841,539259,30859,0,1702965,856908,782568,601964,918239,644664,1192010,1134424,597456,652958,1732083,1414475
524754,525244,Slice,47524.0,1803343,1683468,1836478,853390,845823,841908,917841,539259,30859,0,1702965,856908,782568,601964,918239,644664,1239534,1134424,597456,652958,1732083,1414475
527245,527825,Waxing Slice,56579.0,1803343,1683468,1836478,853390,845823,841908,917841,539259,30859,0,1702965,856908,782568,601964,918239,644664,1239534,1134424,597456,652958,1732083,1471054
527837,528369,Auto,10837.0,1814180,1683468,1836478,853390,845823,841908,917841,539259,30859,0,1702965,856908,782568,601964,918239,644664,1239534,1134424,597456,652958,1732083,1471054
529735,530275,Infernal Slice,67895.0,1814180,1683468,1836478,853390,845823,841908,917841,539259,30859,0,1770860,856908,782568,601964,918239,644664,1239534,1134424,597456,652958,1732083,1471054
531037,531569,Auto,10837.0,1825017,1683468,1836478,853390,845823,841908,917841,539259,30859,0,1770860,856908,782568,601964,918239,644664,1239534,1134424,597456,652958,1732083,1471054
532226,532716,Slice,47524.0,1825017,1683468,1836478,853390,845823,841908,917841,539259,30859,0,1770860,856908,782568,601964,918239,644664,1287058,1134424,597456,652958,1732083,1471054
534237,534769,Auto,10837.0,1835854,1683468,1836478,853390,845823,841908,917841,539259,30859,0,1770860,856908,782568,601964,918239,644664,1287058,1134424,597456,652958,1732083,1471054
534716,535296,Waxing Slice,56579.0,1835854,1683468,1836478,853390,845823,841908,917841,539259,30859,0,1770860,856908,782568,601964,918239,644664,1287058,1134424,597456,652958,1732083,1527633
535336,535876,Unveiled Gallows,49788.0,1835854,1683468,1836478,853390,845823,841908,917841,539259,30859,0,1770860,856908,782568,601964,918239,644664,1287058,1134424,647244,652958,1732083,1527633
537207,537697,Gallows,70159.0,1835854,1683468,1836478,853390,845823,912067,917841,539259,30859,0,1770860,856908,782568,601964,918239,644664,1287058,1134424,647244,652958,1732083,1527633
537437,537969,Auto,10837.0,1846691,1683468,1836478,853390,845823,912067,917841,539259,30859,0,1770860,856908,782568,601964,918239,644664,1287058,1134424,647244,652958,1732083,1527633
539697,540237,Infernal Slice,67895.0,1846691,1683468,1836478,853390,845823,912067,917841,539259,30859,0,1838755,856908,782568,601964,918239,644664,1287058,1134424,647244,652958,1732083,1527633
540637,541169,Auto,10837.0,1857528,1683468,1836478,853390,845823,912067,917841,539259,30859,0,1838755,856908,782568,601964,918239,644664,1287058,1134424,647244,652958,1732083,1527633
542188,542678,Slice,47524.0,1857528,1683468,1836478,853390,845823,912067,917841,539259,30859,0,1838755,856908,782568,601964,918239,644664,1334582,1134424,647244,652958,1732083,1527633
543837,544369,Auto,10837.0,1868365,1683468,1836478,853390,845823,912067,917841,539259,30859,0,1838755,856908,782568,601964,918239,644664,1334582,1134424,647244,652958,1732083,1527633
544678,545258,Waxing Slice,56579.0,1868365,1683468,1836478,853390,845823,912067,917841,539259,30859,0,1838755,856908,782568,601964,918239,644664,1334582,1134424,647244,652958,1732083,1584212
547037,547569,Auto,10837.0,1879202,1683468,1836478,853390,845823,912067,917841,539259,30859,0,1838755,856908,782568,601964,918239,644664,1334582,1134424,647244,652958,1732083,1584212
547169,548199,Soul Slice,58841.0,1879202,1683468,1836478,853390,845823,912067,917841,539259,30859,0,1838755,856908,782568,601964,918239,644664,1334582,1193265,647244,652958,1732083,1584212
547789,548329,Unveiled Gibbet,49788.0,1879202,1683468,1836478,853390,845823,912067,917841,539259,30859,0,1838755,856908,782568,601964,918239,644664,1334582,1193265,647244,702746,1732083,1584212
549659,550149,Gibbet,70159.0,1879202,1683468,1836478,853390,845823,912067,988000,539259,30859,0,1838755,856908,782568,601964,918239,644664,1334582,1193265,647244,702746,1732083,1584212
550237,550769,Auto,10837.0,1890039,1683468,1836478,853390,845823,912067,988000,539259,30859,0,1838755,856908,782568,601964,918239,644664,1334582,1193265,647244,702746,1732083,1584212
552150,553310,Shadow of Death,33945.0,1890039,1683468,1836478,853390,845823,912067,988000,539259,30859,0,1838755,856908,782568,601964,918239,678609,1334582,1193265,647244,702746,1732083,1584212
553437,553969,Auto,10837.0,1900876,1683468,1836478,853390,845823,912067,988000,539259,30859,0,1838755,856908,782568,601964,918239,678609,1334582,1193265,647244,702746,1732083,1584212
554640,555180,Infernal Slice,67895.0,1900876,1683468,1836478,853390,845823,912067,988000,539259,30859,0,1906650,856908,782568,601964,918239,678609,1334582,1193265,647244,702746,1732083,1584212
556637,557169,Auto,10837.0,1911713,1683468,1836478,853390,845823,912067,988000,539259,30859,0,1906650,856908,782568,601964,918239,678609,1334582,1193265,647244,702746,1732083,1584212
557131,557621,Slice,47524.0,1911713,1683468,1836478,853390,845823,912067,988000,539259,30859,0,1906650,856908,782568,601964,918239,678609,1382106,1193265,647244,702746,1732083,1584212
559621,560201,Waxing Slice,56579.0,1911713,1683468,1836478,853390,845823,912067,988000,539259,30859,0,1906650,856908,782568,601964,918239,678609,1382106,1193265,647244,702746,1732083,1640791
559837,560369,Auto,10837.0,1922550,1683468,1836478,853390,845823,912067,988000,539259,30859,0,1906650,856908,782568,601964,918239,678609,1382106,1193265,647244,702746,1732083,1640791
562112,562652,Infernal Slice,67895.0,1922550,1683468,1836478,853390,845823,912067,988000,539259,30859,0,1974545,856908,782568,601964,918239,678609,1382106,1193265,647244,702746,1732083,1640791
563037,563569,Auto,10837.0,1933387,1683468,1836478,853390,845823,912067,988000,539259,30859,0,1974545,856908,782568,601964,918239,678609,1382106,1193265,647244,702746,1732083,1640791
564602,565092,Slice,47524.0,1933387,1683468,1836478,853390,845823,912067,988000,539259,30859,0,1974545,856908,782568,601964,918239,678609,1429630,1193265,647244,702746,1732083,1640791
566237,566769,Auto,10837.0,1944224,1683468,1836478,853390,845823,912067,988000,539259,30859,0,1974545,856908,782568,601964,918239,678609,1429630,1193265,647244,702746,1732083,1640791
567093,567673,Waxing Slice,56579.0,1944224,1683468,1836478,853390,845823,912067,988000,539259,30859,0,1974545,856908,782568,601964,918239,678609,1429630,1193265,647244,702746,1732083,1697370
567713,568253,Unveiled Gallows,49788.0,1944224,1683468,1836478,853390,845823,912067,988000,539259,30859,0,1974545,856908,782568,601964,918239,678609,1429630,1193265,697032,702746,1732083,1697370
569437,569969,Auto,10837.0,1955061,1683468,1836478,853390,845823,912067,988000,539259,30859,0,1974545,856908,782568,601964,918239,678609,1429630,1193265,697032,702746,1732083,1697370
569583,570073,Gallows,70159.0,1955061,1683468,1836478,853390,845823,982226,988000,539259,30859,0,1974545,856908,782568,601964,918239,678609,1429630,1193265,697032,702746,1732083,1697370
571088,572158,Gluttony,58841.0,1955061,1683468,1836478,853390,845823,982226,988000,598100,30859,0,1974545,856908,782568,601964,918239,678609,1429630,1193265,697032,702746,1732083,1697370
572074,572694,Executioner's Gibbet,92789.0,1955061,1683468,1836478,853390,938612,982226,988000,598100,30859,0,1974545,856908,782568,601964,918239,678609,1429630,1193265,697032,702746,1732083,1697370
572637,573169,Auto,10837.0,1965898,1683468,1836478,853390,938612,982226,988000,598100,30859,0,1974545,856908,782568,601964,918239,678609,1429630,1193265,697032,702746,1732083,1697370
575837,576369,Auto,10837.0,1976735,1683468,1836478,853390,938612,982226,988000,598100,30859,0,1974545,856908,782568,601964,918239,678609,1429630,1193265,697032,702746,1732083,1697370
574564,576704,Executioner's Gallows,92789.0,1976735,1683468,1836478,946179,938612,982226,988000,598100,30859,0,1974545,856908,782568,601964,918239,678609,1429630,1193265,697032,702746,1732083,1697370
577055,578085,Soul Slice,58841.0,1976735,1683468,1836478,946179,938612,982226,988000,598100,30859,0,1974545,856908,782568,601964,918239,678609,1429630,1252106,697032,702746,1732083,1697370
577675,578215,Unveiled Gibbet,49788.0,1976735,1683468,1836478,946179,938612,982226,988000,598100,30859,0,1974545,856908,782568,601964,918239,678609,1429630,1252106,697032,752534,1732083,1697370
579037,579569,Auto,10837.0,1987572,1683468,1836478,946179,938612,982226,988000,598100,30859,0,1974545,856908,782568,601964,918239,678609,1429630,1252106,697032,752534,1732083,1697370
579545,580035,Gibbet,70159.0,1987572,1683468,1836478,946179,938612,982226,1058159,598100,30859,0,1974545,856908,782568,601964,918239,678609,1429630,1252106,697032,752534,1732083,1697370
582036,582576,Infernal Slice,67895.0,1987572,1683468,1836478,946179,938612,982226,1058159,598100,30859,0,2042440,856908,782568,601964,918239,678609,1429630,1252106,697032,752534,1732083,1697370
582237,582769,Auto,10837.0,1998409,1683468,1836478,946179,938612,982226,1058159,598100,30859,0,2042440,856908,782568,601964,918239,678609,1429630,1252106,697032,752534,1732083,1697370
584526,585686,Shadow of Death,33945.0,1998409,1683468,1836478,946179,938612,982226,1058159,598100,30859,0,2042440,856908,782568,601964,918239,712554,1429630,1252106,697032,752534,1732083,1697370
585437,585969,Auto,10837.0,2009246,1683468,1836478,946179,938612,982226,1058159,598100,30859,0,2042440,856908,782568,601964,918239,712554,1429630,1252106,697032,752534,1732083,1697370
587017,587507,Slice,47524.0,2009246,1683468,1836478,946179,938612,982226,1058159,598100,30859,0,2042440,856908,782568,601964,918239,712554,1477154,1252106,697032,752534,1732083,1697370
588637,589169,Auto,10837.0,2020083,1683468,1836478,946179,938612,982226,1058159,598100,30859,0,2042440,856908,782568,601964,918239,712554,1477154,1252106,697032,752534,1732083,1697370
589507,590087,Waxing Slice,56579.0,2020083,1683468,1836478,946179,938612,982226,1058159,598100,30859,0,2042440,856908,782568,601964,918239,712554,1477154,1252106,697032,752534,1732083,1753949
591837,592369,Auto,10837.0,2030920,1683468,1836478,946179,938612,982226,1058159,598100,30859,0,2042440,856908,782568,601964,918239,712554,1477154,1252106,697032,752534,1732083,1753949
591998,592538,Infernal Slice,67895.0,2030920,1683468,1836478,946179,938612,982226,1058159,598100,30859,0,2110335,856908,782568,601964,918239,712554,1477154,1252106,697032,752534,1732083,1753949
594488,594978,Slice,47524.0,2030920,1683468,1836478,946179,938612,982226,1058159,598100,30859,0,2110335,856908,782568,601964,918239,712554,1524678,1252106,697032,752534,1732083,1753949
595037,595569,Auto,10837.0,2041757,1683468,1836478,946179,938612,982226,1058159,598100,30859,0,2110335,856908,782568,601964,918239,712554,1524678,1252106,697032,752534,1732083,1753949
595108,595648,Unveiled Gallows,49788.0,2041757,1683468,1836478,946179,938612,982226,1058159,598100,30859,0,2110335,856908,782568,601964,918239,712554,1524678,1252106,746820,752534,1732083,1753949
596979,597469,Gallows,70159.0,2041757,1683468,1836478,946179,938612,1052385,1058159,598100,30859,0,2110335,856908,782568,601964,918239,712554,1524678,1252106,746820,752534,1732083,1753949
598237,598769,Auto,10837.0,2052594,1683468,1836478,946179,938612,1052385,1058159,598100,30859,0,2110335,856908,782568,601964,918239,712554,1524678,1252106,746820,752534,1732083,1753949
599469,600049,Waxing Slice,56579.0,2052594,1683468,1836478,946179,938612,1052385,1058159,598100,30859,0,2110335,856908,782568,601964,918239,712554,1524678,1252106,746820,752534,1732083,1810528
601437,601969,Auto,10837.0,2063431,1683468,1836478,946179,938612,1052385,1058159,598100,30859,0,2110335,856908,782568,601964,918239,712554,1524678,1252106,746820,752534,1732083,1810528
601960,602500,Void Reaping,61101.0,2063431,1683468,1836478,946179,938612,1052385,1058159,598100,30859,0,2110335,856908,782568,601964,918239,712554,1524678,1252106,746820,752534,1793184,1810528
603460,604620,Shadow of Death,33945.0,2063431,1683468,1836478,946179,938612,1052385,1058159,598100,30859,0,2110335,856908,782568,601964,918239,746499,1524678,1252106,746820,752534,1793184,1810528
604637,605169,Auto,10837.0,2074268,1683468,1836478,946179,938612,1052385,1058159,598100,30859,0,2110335,856908,782568,601964,918239,746499,1524678,1252106,746820,752534,1793184,1810528
606093,606713,Cross Reaping,67895.0,2074268,1683468,1904373,946179,938612,1052385,1058159,598100,30859,0,2110335,856908,782568,601964,918239,746499,1524678,1252106,746820,752534,1793184,1810528
606713,607423,Lemure's Slice,32630.0,2074268,1683468,1904373,946179,938612,1052385,1058159,598100,30859,0,2110335,889538,782568,601964,918239,746499,1524678,1252106,746820,752534,1793184,1810528
607593,608133,Void Reaping,69932.0,2074268,1683468,1904373,946179,938612,1052385,1058159,598100,30859,0,2110335,889538,782568,601964,918239,746499,1524678,1252106,746820,752534,1863116,1810528
607837,608369,Auto,11162.0,2085430,1683468,1904373,946179,938612,1052385,1058159,598100,30859,0,2110335,889538,782568,601964,918239,746499,1524678,1252106,746820,752534,1863116,1810528
608213,608973,Sacrificium,69932.0,2085430,1683468,1904373,946179,938612,1052385,1058159,598100,30859,0,2110335,889538,782568,601964,988171,746499,1524678,1252106,746820,752534,1863116,1810528
609094,609714,Cross Reaping,69932.0,2085430,1683468,1974305,946179,938612,1052385,1058159,598100,30859,0,2110335,889538,782568,601964,988171,746499,1524678,1252106,746820,752534,1863116,1810528
609714,610424,Lemure's Slice,32630.0,2085430,1683468,1974305,946179,938612,1052385,1058159,598100,30859,0,2110335,922168,782568,601964,988171,746499,1524678,1252106,746820,752534,1863116,1810528
611394,612014,Communio,128211.0,2085430,1811679,1974305,946179,938612,1052385,1058159,598100,30859,0,2110335,922168,782568,601964,988171,746499,1524678,1252106,746820,752534,1863116,1810528
611894,612426,Auto,11162.0,2096592,1811679,1974305,946179,938612,1052385,1058159,598100,30859,0,2110335,922168,782568,601964,988171,746499,1524678,1252106,746820,752534,1863116,1810528
613095,614255,Plentiful Harvest,116554.0,2096592,1811679,1974305,946179,938612,1052385,1058159,598100,30859,0,2110335,922168,782568,718518,988171,746499,1524678,1252106,746820,752534,1863116,1810528
615094,615626,Auto,11162.0,2107754,1811679,1974305,946179,938612,1052385,1058159,598100,30859,0,2110335,922168,782568,718518,988171,746499,1524678,1252106,746820,752534,1863116,1810528
615585,616125,Void Reaping,62934.0,2107754,1811679,1974305,946179,938612,1052385,1058159,598100,30859,0,2110335,922168,782568,718518,988171,746499,1524678,1252106,746820,752534,1926050,1810528
616205,616965,Sacrificium,69932.0,2107754,1811679,1974305,946179,938612,1052385,1058159,598100,30859,0,2110335,922168,782568,718518,1058103,746499,1524678,1252106,746820,752534,1926050,1810528
617086,617706,Cross Reaping,69932.0,2107754,1811679,2044237,946179,938612,1052385,1058159,598100,30859,0,2110335,922168,782568,718518,1058103,746499,1524678,1252106,746820,752534,1926050,1810528
617706,618416,Lemure's Slice,32630.0,2107754,1811679,2044237,946179,938612,1052385,1058159,598100,30859,0,2110335,954798,782568,718518,1058103,746499,1524678,1252106,746820,752534,1926050,1810528
618294,618826,Auto,11162.0,2118916,1811679,2044237,946179,938612,1052385,1058159,598100,30859,0,2110335,954798,782568,718518,1058103,746499,1524678,1252106,746820,752534,1926050,1810528
618586,619126,Void Reaping,69932.0,2118916,1811679,2044237,946179,938612,1052385,1058159,598100,30859,0,2110335,954798,782568,718518,1058103,746499,1524678,1252106,746820,752534,1995982,1810528
620087,620707,Cross Reaping,69932.0,2118916,1811679,2114169,946179,938612,1052385,1058159,598100,30859,0,2110335,954798,782568,718518,1058103,746499,1524678,1252106,746820,752534,1995982,1810528
620707,621417,Lemure's Slice,32630.0,2118916,1811679,2114169,946179,938612,1052385,1058159,598100,30859,0,2110335,987428,782568,718518,1058103,746499,1524678,1252106,746820,752534,1995982,1810528
621494,622026,Auto,11162.0,2130078,1811679,2114169,946179,938612,1052385,1058159,598100,30859,0,2110335,987428,782568,718518,1058103,746499,1524678,1252106,746820,752534,1995982,1810528
622387,623007,Communio,128211.0,2130078,1939890,2114169,946179,938612,1052385,1058159,598100,30859,0,2110335,987428,782568,718518,1058103,746499,1524678,1252106,746820,752534,1995982,1810528
624694,625226,Auto,11162.0,2141240,1939890,2114169,946179,938612,1052385,1058159,598100,30859,0,2110335,987428,782568,718518,1058103,746499,1524678,1252106,746820,752534,1995982,1810528
624088,625378,Perfectio,151524.0,2141240,1939890,2114169,946179,938612,1052385,1058159,598100,30859,0,2110335,987428,934092,718518,1058103,746499,1524678,1252106,746820,752534,1995982,1810528
626578,627118,Infernal Slice,67895.0,2141240,1939890,2114169,946179,938612,1052385,1058159,598100,30859,0,2178230,987428,934092,718518,1058103,746499,1524678,1252106,746820,752534,1995982,1810528
627894,628426,Auto,10837.0,2152077,1939890,2114169,946179,938612,1052385,1058159,598100,30859,0,2178230,987428,934092,718518,1058103,746499,1524678,1252106,746820,752534,1995982,1810528
629069,630099,Soul Slice,58841.0,2152077,1939890,2114169,946179,938612,1052385,1058159,598100,30859,0,2178230,987428,934092,718518,1058103,746499,1524678,1310947,746820,752534,1995982,1810528
631094,631626,Auto,10837.0,2162914,1939890,2114169,946179,938612,1052385,1058159,598100,30859,0,2178230,987428,934092,718518,1058103,746499,1524678,1310947,746820,752534,1995982,1810528
631559,632049,Slice,47524.0,2162914,1939890,2114169,946179,938612,1052385,1058159,598100,30859,0,2178230,987428,934092,718518,1058103,746499,1572202,1310947,746820,752534,1995982,1810528
632179,633249,Gluttony,58841.0,2162914,1939890,2114169,946179,938612,1052385,1058159,656941,30859,0,2178230,987428,934092,718518,1058103,746499,1572202,1310947,746820,752534,1995982,1810528
634050,634670,Executioner's Gibbet,92789.0,2162914,1939890,2114169,946179,1031401,1052385,1058159,656941,30859,0,2178230,987428,934092,718518,1058103,746499,1572202,1310947,746820,752534,1995982,1810528
634294,634826,Auto,10837.0,2173751,1939890,2114169,946179,1031401,1052385,1058159,656941,30859,0,2178230,987428,934092,718518,1058103,746499,1572202,1310947,746820,752534,1995982,1810528
637494,638026,Auto,10837.0,2184588,1939890,2114169,946179,1031401,1052385,1058159,656941,30859,0,2178230,987428,934092,718518,1058103,746499,1572202,1310947,746820,752534,1995982,1810528
636540,638680,Executioner's Gallows,92789.0,2184588,1939890,2114169,1038968,1031401,1052385,1058159,656941,30859,0,2178230,987428,934092,718518,1058103,746499,1572202,1310947,746820,752534,1995982,1810528
639031,640061,Soul Slice,58841.0,2184588,1939890,2114169,1038968,1031401,1052385,1058159,656941,30859,0,2178230,987428,934092,718518,1058103,746499,1572202,1369788,746820,752534,1995982,1810528
639651,640191,Unveiled Gibbet,49788.0,2184588,1939890,2114169,1038968,1031401,1052385,1058159,656941,30859,0,2178230,987428,934092,718518,1058103,746499,1572202,1369788,746820,802322,1995982,1810528
640694,641226,Auto,10837.0,2195425,1939890,2114169,1038968,1031401,1052385,1058159,656941,30859,0,2178230,987428,934092,718518,1058103,746499,1572202,1369788,746820,802322,1995982,1810528
641521,642011,Gibbet,70159.0,2195425,1939890,2114169,1038968,1031401,1052385,1128318,656941,30859,0,2178230,987428,934092,718518,1058103,746499,1572202,1369788,746820,802322,1995982,1810528
643894,644426,Auto,10837.0,2206262,1939890,2114169,1038968,1031401,1052385,1128318,656941,30859,0,2178230,987428,934092,718518,1058103,746499,1572202,1369788,746820,802322,1995982,1810528
644012,645172,Shadow of Death,33945.0,2206262,1939890,2114169,1038968,1031401,1052385,1128318,656941,30859,0,2178230,987428,934092,718518,1058103,780444,1572202,1369788,746820,802322,1995982,1810528
646502,647042,Void Reaping,61101.0,2206262,1939890,2114169,1038968,1031401,1052385,1128318,656941,30859,0,2178230,987428,934092,718518,1058103,780444,1572202,1369788,746820,802322,2057083,1810528
647094,647626,Auto,10837.0,2217099,1939890,2114169,1038968,1031401,1052385,1128318,656941,30859,0,2178230,987428,934092,718518,1058103,780444,1572202,1369788,746820,802322,2057083,1810528
647122,647882,Sacrificium,67895.0,2217099,1939890,2114169,1038968,1031401,1052385,1128318,656941,30859,0,2178230,987428,934092,718518,1125998,780444,1572202,1369788,746820,802322,2057083,1810528
648003,648623,Cross Reaping,67895.0,2217099,1939890,2182064,1038968,1031401,1052385,1128318,656941,30859,0,2178230,987428,934092,718518,1125998,780444,1572202,1369788,746820,802322,2057083,1810528
648623,649333,Lemure's Slice,31680.0,2217099,1939890,2182064,1038968,1031401,1052385,1128318,656941,30859,0,2178230,1019108,934092,718518,1125998,780444,1572202,1369788,746820,802322,2057083,1810528
649503,650043,Void Reaping,67895.0,2217099,1939890,2182064,1038968,1031401,1052385,1128318,656941,30859,0,2178230,1019108,934092,718518,1125998,780444,1572202,1369788,746820,802322,2124978,1810528
650294,650826,Auto,10837.0,2227936,1939890,2182064,1038968,1031401,1052385,1128318,656941,30859,0,2178230,1019108,934092,718518,1125998,780444,1572202,1369788,746820,802322,2124978,1810528
651004,651624,Cross Reaping,67895.0,2227936,1939890,2249959,1038968,1031401,1052385,1128318,656941,30859,0,2178230,1019108,934092,718518,1125998,780444,1572202,1369788,746820,802322,2124978,1810528
651624,652334,Lemure's Slice,31680.0,2227936,1939890,2249959,1038968,1031401,1052385,1128318,656941,30859,0,2178230,1050788,934092,718518,1125998,780444,1572202,1369788,746820,802322,2124978,1810528
653304,653924,Communio,124476.0,2227936,2064366,2249959,1038968,1031401,1052385,1128318,656941,30859,0,2178230,1050788,934092,718518,1125998,780444,1572202,1369788,746820,802322,2124978,1810528
653804,654336,Auto,10837.0,2238773,2064366,2249959,1038968,1031401,1052385,1128318,656941,30859,0,2178230,1050788,934092,718518,1125998,780444,1572202,1369788,746820,802322,2124978,1810528
655005,655585,Waxing Slice,56579.0,2238773,2064366,2249959,1038968,1031401,1052385,1128318,656941,30859,0,2178230,1050788,934092,718518,1125998,780444,1572202,1369788,746820,802322,2124978,1867107
657004,657536,Auto,10837.0,2249610,2064366,2249959,1038968,1031401,1052385,1128318,656941,30859,0,2178230,1050788,934092,718518,1125998,780444,1572202,1369788,746820,802322,2124978,1867107
657495,658035,Infernal Slice,67895.0,2249610,2064366,2249959,1038968,1031401,1052385,1128318,656941,30859,0,2246125,1050788,934092,718518,1125998,780444,1572202,1369788,746820,802322,2124978,1867107
658115,658655,Unveiled Gallows,49788.0,2249610,2064366,2249959,1038968,1031401,1052385,1128318,656941,30859,0,2246125,1050788,934092,718518,1125998,780444,1572202,1369788,796608,802322,2124978,1867107
659986,660476,Gallows,70159.0,2249610,2064366,2249959,1038968,1031401,1122544,1128318,656941,30859,0,2246125,1050788,934092,718518,1125998,780444,1572202,1369788,796608,802322,2124978,1867107
660204,660736,Auto,10837.0,2260447,2064366,2249959,1038968,1031401,1122544,1128318,656941,30859,0,2246125,1050788,934092,718518,1125998,780444,1572202,1369788,796608,802322,2124978,1867107
662476,663636,Shadow of Death,33945.0,2260447,2064366,2249959,1038968,1031401,1122544,1128318,656941,30859,0,2246125,1050788,934092,718518,1125998,814389,1572202,1369788,796608,802322,2124978,1867107
663404,663936,Auto,10837.0,2271284,2064366,2249959,1038968,1031401,1122544,1128318,656941,30859,0,2246125,1050788,934092,718518,1125998,814389,1572202,1369788,796608,802322,2124978,1867107
664967,665457,Slice,47524.0,2271284,2064366,2249959,1038968,1031401,1122544,1128318,656941,30859,0,2246125,1050788,934092,718518,1125998,814389,1619726,1369788,796608,802322,2124978,1867107
666604,667136,Auto,10837.0,2282121,2064366,2249959,1038968,1031401,1122544,1128318,656941,30859,0,2246125,1050788,934092,718518,1125998,814389,1619726,1369788,796608,802322,2124978,1867107
667457,668037,Waxing Slice,56579.0,2282121,2064366,2249959,1038968,1031401,1122544,1128318,656941,30859,0,2246125,1050788,934092,718518,1125998,814389,1619726,1369788,796608,802322,2124978,1923686
669804,670336,Auto,10837.0,2292958,2064366,2249959,1038968,1031401,1122544,1128318,656941,30859,0,2246125,1050788,934092,718518,1125998,814389,1619726,1369788,796608,802322,2124978,1923686
669948,670488,Infernal Slice,67895.0,2292958,2064366,2249959,1038968,1031401,1122544,1128318,656941,30859,0,2314020,1050788,934092,718518,1125998,814389,1619726,1369788,796608,802322,2124978,1923686
672438,673468,Soul Slice,58841.0,2292958,2064366,2249959,1038968,1031401,1122544,1128318,656941,30859,0,2314020,1050788,934092,718518,1125998,814389,1619726,1428629,796608,802322,2124978,1923686
673004,673536,Auto,10837.0,2303795,2064366,2249959,1038968,1031401,1122544,1128318,656941,30859,0,2314020,1050788,934092,718518,1125998,814389,1619726,1428629,796608,802322,2124978,1923686
673058,673598,Unveiled Gibbet,49788.0,2303795,2064366,2249959,1038968,1031401,1122544,1128318,656941,30859,0,2314020,1050788,934092,718518,1125998,814389,1619726,1428629,796608,852110,2124978,1923686
674929,675419,Gibbet,70159.0,2303795,2064366,2249959,1038968,1031401,1122544,1198477,656941,30859,0,2314020,1050788,934092,718518,1125998,814389,1619726,1428629,796608,852110,2124978,1923686
676204,676736,Auto,10837.0,2314632,2064366,2249959,1038968,1031401,1122544,1198477,656941,30859,0,2314020,1050788,934092,718518,1125998,814389,1619726,1428629,796608,852110,2124978,1923686
677419,677909,Slice,47524.0,2314632,2064366,2249959,1038968,1031401,1122544,1198477,656941,30859,0,2314020,1050788,934092,718518,1125998,814389,1667250,1428629,796608,852110,2124978,1923686
679404,679936,Auto,10837.0,2325469,2064366,2249959,1038968,1031401,1122544,1198477,656941,30859,0,2314020,1050788,934092,718518,1125998,814389,1667250,1428629,796608,852110,2124978,1923686
679910,680490,Waxing Slice,56579.0,2325469,2064366,2249959,1038968,1031401,1122544,1198477,656941,30859,0,2314020,1050788,934092,718518,1125998,814389,1667250,1428629,796608,852110,2124978,1980265
682400,682940,Infernal Slice,67895.0,2325469,2064366,2249959,1038968,1031401,1122544,1198477,656941,30859,0,2381915,1050788,934092,718518,1125998,814389,1667250,1428629,796608,852110,2124978,1980265
682604,683136,Auto,10837.0,2336306,2064366,2249959,1038968,1031401,1122544,1198477,656941,30859,0,2381915,1050788,934092,718518,1125998,814389,1667250,1428629,796608,852110,2124978,1980265
684891,685381,Slice,47524.0,2336306,2064366,2249959,1038968,1031401,1122544,1198477,656941,30859,0,2381915,1050788,934092,718518,1125998,814389,1714774,1428629,796608,852110,2124978,1980265
685804,686336,Auto,10837.0,2347143,2064366,2249959,1038968,1031401,1122544,1198477,656941,30859,0,2381915,1050788,934092,718518,1125998,814389,1714774,1428629,796608,852110,2124978,1980265
687381,687961,Waxing Slice,56579.0,2347143,2064366,2249959,1038968,1031401,1122544,1198477,656941,30859,0,2381915,1050788,934092,718518,1125998,814389,1714774,1428629,796608,852110,2124978,2036844
689004,689536,Auto,10837.0,2357980,2064366,2249959,1038968,1031401,1122544,1198477,656941,30859,0,2381915,1050788,934092,718518,1125998,814389,1714774,1428629,796608,852110,2124978,2036844
689872,690412,Infernal Slice,67895.0,2357980,2064366,2249959,1038968,1031401,1122544,1198477,656941,30859,0,2449810,1050788,934092,718518,1125998,814389,1714774,1428629,796608,852110,2124978,2036844
692204,692736,Auto,10837.0,2368817,2064366,2249959,1038968,1031401,1122544,1198477,656941,30859,0,2449810,1050788,934092,718518,1125998,814389,1714774,1428629,796608,852110,2124978,2036844
692362,692852,Slice,47524.0,2368817,2064366,2249959,1038968,1031401,1122544,1198477,656941,30859,0,2449810,1050788,934092,718518,1125998,814389,1762298,1428629,796608,852110,2124978,2036844
692982,694052,Gluttony,58841.0,2368817,2064366,2249959,1038968,1031401,1122544,1198477,715782,30859,0,2449810,1050788,934092,718518,1125998,814389,1762298,1428629,796608,852110,2124978,2036844
695404,695936,Auto,10837.0,2379654,2064366,2249959,1038968,1031401,1122544,1198477,715782,30859,0,2449810,1050788,934092,718518,1125998,814389,1762298,1428629,796608,852110,2124978,2036844
694853,696993,Executioner's Gallows,92789.0,2379654,2064366,2249959,1131757,1031401,1122544,1198477,715782,30859,0,2449810,1050788,934092,718518,1125998,814389,1762298,1428629,796608,852110,2124978,2036844
697343,697963,Executioner's Gibbet,92789.0,2379654,2064366,2249959,1131757,1124190,1122544,1198477,715782,30859,0,2449810,1050788,934092,718518,1125998,814389,1762298,1428629,796608,852110,2124978,2036844
698604,699136,Auto,10837.0,2390491,2064366,2249959,1131757,1124190,1122544,1198477,715782,30859,0,2449810,1050788,934092,718518,1125998,814389,1762298,1428629,796608,852110,2124978,2036844
699833,700863,Soul Slice,58841.0,2390491,2064366,2249959,1131757,1124190,1122544,1198477,715782,30859,0,2449810,1050788,934092,718518,1125998,814389,1762298,1487470,796608,852110,2124978,2036844
700453,700993,Unveiled Gallows,49788.0,2390491,2064366,2249959,1131757,1124190,1122544,1198477,715782,30859,0,2449810,1050788,934092,718518,1125998,814389,1762298,1487470,846396,852110,2124978,2036844
701804,702336,Auto,10837.0,2401328,2064366,2249959,1131757,1124190,1122544,1198477,715782,30859,0,2449810,1050788,934092,718518,1125998,814389,1762298,1487470,846396,852110,2124978,2036844
702324,702814,Gallows,70159.0,2401328,2064366,2249959,1131757,1124190,1192703,1198477,715782,30859,0,2449810,1050788,934092,718518,1125998,814389,1762298,1487470,846396,852110,2124978,2036844
705004,705536,Auto,10837.0,2412165,2064366,2249959,1131757,1124190,1192703,1198477,715782,30859,0,2449810,1050788,934092,718518,1125998,814389,1762298,1487470,846396,852110,2124978,2036844
704814,705974,Shadow of Death,33945.0,2412165,2064366,2249959,1131757,1124190,1192703,1198477,715782,30859,0,2449810,1050788,934092,718518,1125998,848334,1762298,1487470,846396,852110,2124978,2036844
707305,707885,Waxing Slice,56579.0,2412165,2064366,2249959,1131757,1124190,1192703,1198477,715782,30859,0,2449810,1050788,934092,718518,1125998,848334,1762298,1487470,846396,852110,2124978,2093423
708204,708736,Auto,10837.0,2423002,2064366,2249959,1131757,1124190,1192703,1198477,715782,30859,0,2449810,1050788,934092,718518,1125998,848334,1762298,1487470,846396,852110,2124978,2093423
709795,710335,Infernal Slice,67895.0,2423002,2064366,2249959,1131757,1124190,1192703,1198477,715782,30859,0,2517705,1050788,934092,718518,1125998,848334,1762298,1487470,846396,852110,2124978,2093423
710415,710955,Unveiled Gibbet,49788.0,2423002,2064366,2249959,1131757,1124190,1192703,1198477,715782,30859,0,2517705,1050788,934092,718518,1125998,848334,1762298,1487470,846396,901898,2124978,2093423
711404,711936,Auto,10837.0,2433839,2064366,2249959,1131757,1124190,1192703,1198477,715782,30859,0,2517705,1050788,934092,718518,1125998,848334,1762298,1487470,846396,901898,2124978,2093423
712286,712776,Gibbet,70159.0,2433839,2064366,2249959,1131757,1124190,1192703,1268636,715782,30859,0,2517705,1050788,934092,718518,1125998,848334,1762298,1487470,846396,901898,2124978,2093423
714604,715136,Auto,10837.0,2444676,2064366,2249959,1131757,1124190,1192703,1268636,715782,30859,0,2517705,1050788,934092,718518,1125998,848334,1762298,1487470,846396,901898,2124978,2093423
714776,715266,Slice,47524.0,2444676,2064366,2249959,1131757,1124190,1192703,1268636,715782,30859,0,2517705,1050788,934092,718518,1125998,848334,1809822,1487470,846396,901898,2124978,2093423
717267,717847,Waxing Slice,56579.0,2444676,2064366,2249959,1131757,1124190,1192703,1268636,715782,30859,0,2517705,1050788,934092,718518,1125998,848334,1809822,1487470,846396,901898,2124978,2150002
717804,718336,Auto,10837.0,2455513,2064366,2249959,1131757,1124190,1192703,1268636,715782,30859,0,2517705,1050788,934092,718518,1125998,848334,1809822,1487470,846396,901898,2124978,2150002
719757,720297,Infernal Slice,73485.0,2455513,2064366,2249959,1131757,1124190,1192703,1268636,715782,30859,0,2591190,1050788,934092,718518,1125998,848334,1809822,1487470,846396,901898,2124978,2150002
720377,720917,Unveiled Gallows,53885.0,2455513,2064366,2249959,1131757,1124190,1192703,1268636,715782,30859,0,2591190,1050788,934092,718518,1125998,848334,1809822,1487470,900281,901898,2124978,2150002
721004,721536,Auto,11731.0,2467244,2064366,2249959,1131757,1124190,1192703,1268636,715782,30859,0,2591190,1050788,934092,718518,1125998,848334,1809822,1487470,900281,901898,2124978,2150002
722248,722738,Gallows,75933.0,2467244,2064366,2249959,1131757,1124190,1268636,1268636,715782,30859,0,2591190,1050788,934092,718518,1125998,848334,1809822,1487470,900281,901898,2124978,2150002
724204,724736,Auto,11731.0,2478975,2064366,2249959,1131757,1124190,1268636,1268636,715782,30859,0,2591190,1050788,934092,718518,1125998,848334,1809822,1487470,900281,901898,2124978,2150002
724738,725278,Void Reaping,66133.0,2478975,2064366,2249959,1131757,1124190,1268636,1268636,715782,30859,0,2591190,1050788,934092,718518,1125998,848334,1809822,1487470,900281,901898,2191111,2150002
726239,726859,Cross Reaping,75689.0,2478975,2064366,2325648,1131757,1124190,1268636,1268636,715782,30859,0,2591190,1050788,934092,718518,1125998,848334,1809822,1487470,900281,901898,2191111,2150002
726859,727569,Lemure's Slice,35318.0,2478975,2064366,2325648,1131757,1124190,1268636,1268636,715782,30859,0,2591190,1086106,934092,718518,1125998,848334,1809822,1487470,900281,901898,2191111,2150002
727404,727936,Auto,12083.0,2491058,2064366,2325648,1131757,1124190,1268636,1268636,715782,30859,0,2591190,1086106,934092,718518,1125998,848334,1809822,1487470,900281,901898,2191111,2150002
727739,728279,Void Reaping,75689.0,2491058,2064366,2325648,1131757,1124190,1268636,1268636,715782,30859,0,2591190,1086106,934092,718518,1125998,848334,1809822,1487470,900281,901898,2266800,2150002
728359,729119,Sacrificium,75689.0,2491058,2064366,2325648,1131757,1124190,1268636,1268636,715782,30859,0,2591190,1086106,934092,718518,1201687,848334,1809822,1487470,900281,901898,2266800,2150002
729240,729860,Cross Reaping,75689.0,2491058,2064366,2401337,1131757,1124190,1268636,1268636,715782,30859,0,2591190,1086106,934092,718518,1201687,848334,1809822,1487470,900281,901898,2266800,2150002
729860,730570,Lemure's Slice,35318.0,2491058,2064366,2401337,1131757,1124190,1268636,1268636,715782,30859,0,2591190,1121424,934092,718518,1201687,848334,1809822,1487470,900281,901898,2266800,2150002
730604,731136,Auto,12083.0,2503141,2064366,2401337,1131757,1124190,1268636,1268636,715782,30859,0,2591190,1121424,934092,718518,1201687,848334,1809822,1487470,900281,901898,2266800,2150002
731540,732160,Communio,138766.0,2503141,2203132,2401337,1131757,1124190,1268636,1268636,715782,30859,0,2591190,1121424,934092,718518,1201687,848334,1809822,1487470,900281,901898,2266800,2150002
733804,734336,Auto,12083.0,2515224,2203132,2401337,1131757,1124190,1268636,1268636,715782,30859,0,2591190,1121424,934092,718518,1201687,848334,1809822,1487470,900281,901898,2266800,2150002
733241,734401,Plentiful Harvest,126151.0,2515224,2203132,2401337,1131757,1124190,1268636,1268636,715782,30859,0,2591190,1121424,934092,844669,1201687,848334,1809822,1487470,900281,901898,2266800,2150002
735731,736271,Void Reaping,68117.0,2515224,2203132,2401337,1131757,1124190,1268636,1268636,715782,30859,0,2591190,1121424,934092,844669,1201687,848334,1809822,1487470,900281,901898,2334917,2150002
736351,737111,Sacrificium,75689.0,2515224,2203132,2401337,1131757,1124190,1268636,1268636,715782,30859,0,2591190,1121424,934092,844669,1277376,848334,1809822,1487470,900281,901898,2334917,2150002
737004,737536,Auto,12083.0,2527307,2203132,2401337,1131757,1124190,1268636,1268636,715782,30859,0,2591190,1121424,934092,844669,1277376,848334,1809822,1487470,900281,901898,2334917,2150002
737232,737852,Cross Reaping,75689.0,2527307,2203132,2477026,1131757,1124190,1268636,1268636,715782,30859,0,2591190,1121424,934092,844669,1277376,848334,1809822,1487470,900281,901898,2334917,2150002
737852,738562,Lemure's Slice,35318.0,2527307,2203132,2477026,1131757,1124190,1268636,1268636,715782,30859,0,2591190,1156742,934092,844669,1277376,848334,1809822,1487470,900281,901898,2334917,2150002
738732,739272,Void Reaping,75689.0,2527307,2203132,2477026,1131757,1124190,1268636,1268636,715782,30859,0,2591190,1156742,934092,844669,1277376,848334,1809822,1487470,900281,901898,2410606,2150002
740204,740736,Auto,12083.0,2539390,2203132,2477026,1131757,1124190,1268636,1268636,715782,30859,0,2591190,1156742,934092,844669,1277376,848334,1809822,1487470,900281,901898,2410606,2150002
740233,740853,Cross Reaping,75689.0,2539390,2203132,2552715,1131757,1124190,1268636,1268636,715782,30859,0,2591190,1156742,934092,844669,1277376,848334,1809822,1487470,900281,901898,2410606,2150002
740853,741563,Lemure's Slice,35318.0,2539390,2203132,2552715,1131757,1124190,1268636,1268636,715782,30859,0,2591190,1192060,934092,844669,1277376,848334,1809822,1487470,900281,901898,2410606,2150002
742533,743153,Communio,138766.0,2539390,2341898,2552715,1131757,1124190,1268636,1268636,715782,30859,0,2591190,1192060,934092,844669,1277376,848334,1809822,1487470,900281,901898,2410606,2150002
743404,743936,Auto,12083.0,2551473,2341898,2552715,1131757,1124190,1268636,1268636,715782,30859,0,2591190,1192060,934092,844669,1277376,848334,1809822,1487470,900281,901898,2410606,2150002
744234,745524,Perfectio,163998.0,2551473,2341898,2552715,1131757,1124190,1268636,1268636,715782,30859,0,2591190,1192060,1098090,844669,1277376,848334,1809822,1487470,900281,901898,2410606,2150002
745474,746234,Sacrificium,75689.0,2551473,2341898,2552715,1131757,1124190,1268636,1268636,715782,30859,0,2591190,1192060,1098090,844669,1353065,848334,1809822,1487470,900281,901898,2410606,2150002
746604,747136,Auto,11731.0,2563204,2341898,2552715,1131757,1124190,1268636,1268636,715782,30859,0,2591190,1192060,1098090,844669,1353065,848334,1809822,1487470,900281,901898,2410606,2150002
747524,748144,Communio,134724.0,2563204,2476622,2552715,1131757,1124190,1268636,1268636,715782,30859,0,2591190,1192060,1098090,844669,1353065,848334,1809822,1487470,900281,901898,2410606,2150002
749804,750336,Auto,10837.0,2574041,2476622,2552715,1131757,1124190,1268636,1268636,715782,30859,0,2591190,1192060,1098090,844669,1353065,848334,1809822,1487470,900281,901898,2410606,2150002
749225,750385,Harvest Moon,97982.0,2574041,2476622,2552715,1131757,1124190,1268636,1268636,715782,30859,97982,2591190,1192060,1098090,844669,1353065,848334,1809822,1487470,900281,901898,2410606,2150002
