sim_timestamp,sim_damage_timestamp,sim_name,sim_potency,sim_expected,sim_weight,sim_target,sim_conditions,sim_variance,sim_buffs
-1650,0,Heartbreak Shot,180.0,22196.0,1.0,Default Target,[],34360099.0,[]
0,0,The Wanderer's Minuet,,,,,,,[]
-1030,260,Stormbite,100.0,12331.0,,Default Target,[],10602410.0,[]
0,758,Shot,80.0,8316.0,,Default Target,[],4822331.0,[]
-1030,1500,Stormbite (dot),25.0,3085.0,,Default Target,[],663474.0,[]
620,1650,Empyreal Arrow,260.0,32412.0,,Default Target,[],74545532.0,"[""The Wanderer's Minuet""]"
1460,2750,Caustic Bite,150.0,18696.0,,Default Target,[],24801754.0,"[""The Wanderer's Minuet""]"
3000,3000,Grade 4 Gemdraught,,,,,,,[]
3491,3491,Dokumori,,,,,,,[]
3040,3798,Shot,80.0,8405.0,,Default Target,[],5011860.0,"[""The Wanderer's Minuet""]"
1460,4500,Caustic Bite (dot),20.0,2493.0,,Default Target,[],441151.0,"[""The Wanderer's Minuet""]"
-1030,4500,Stormbite (dot),25.0,3085.0,,Default Target,[],663474.0,[]
4970,4970,Battle Voice,,,,,,,[]
5133,5133,Brotherhood,,,,,,,[]
5220,5220,Chain Stratagem,,,,,,,[]
5400,5400,Starry Muse,,,,,,,[]
3950,5420,Burst Shot,220.0,31164.0,1.0,Default Target,[],68914409.0,"['Dokumori', 'Grade 4 Gemdraught', ""The Wanderer's Minuet""]"
5533,5533,Starry Muse,,,,,,,[]
5590,5590,Radiant Finale,,,,,,,[]
6080,6838,Shot,80.0,11601.0,,Default Target,[],9955567.0,"['Battle Voice', 'Brotherhood', 'Chain Stratagem', 'Dokumori', 'Grade 4 Gemdraught', 'Starry Muse', ""The Wanderer's Minuet""]"
7060,7060,Raging Strikes,,,,,,,[]
-1030,7500,Stormbite (dot),25.0,3085.0,,Default Target,[],663474.0,[]
1460,7500,Caustic Bite (dot),20.0,2493.0,,Default Target,[],441151.0,"[""The Wanderer's Minuet""]"
6440,7910,Refulgent Arrow,280.0,17719.0,0.3606,Default Target,[],178613198.0,"['Battle Voice', 'Brotherhood', 'Chain Stratagem', 'Dokumori', 'Grade 4 Gemdraught', 'Radiant Finale', 'Starry Muse', ""The Wanderer's Minuet""]"
6440,7910,Burst Shot,220.0,24685.0,0.6394,Default Target,[],110261705.0,"['Battle Voice', 'Brotherhood', 'Chain Stratagem', 'Dokumori', 'Grade 4 Gemdraught', 'Radiant Finale', 'Starry Muse', ""The Wanderer's Minuet""]"
7680,8480,Pitch Perfect,360.0,46946.0,0.6461,Default Target,['3 Repertoire'],390562796.0,"['Battle Voice', 'Brotherhood', 'Chain Stratagem', 'Dokumori', 'Grade 4 Gemdraught', 'Radiant Finale', 'Raging Strikes', 'Starry Muse', ""The Wanderer's Minuet""]"
7680,8480,Pitch Perfect,220.0,13888.0,0.3128,Default Target,['2 Repertoire'],145822805.0,"['Battle Voice', 'Brotherhood', 'Chain Stratagem', 'Dokumori', 'Grade 4 Gemdraught', 'Radiant Finale', 'Raging Strikes', 'Starry Muse', ""The Wanderer's Minuet""]"
7680,9330,Heartbreak Shot,180.0,1493.0,0.0411,Default Target,[],97623416.0,"['Battle Voice', 'Brotherhood', 'Chain Stratagem', 'Dokumori', 'Grade 4 Gemdraught', 'Radiant Finale', 'Raging Strikes', 'Starry Muse', ""The Wanderer's Minuet""]"
9550,9550,Barrage,,,,,,,[]
9120,9878,Shot,80.0,13609.0,,Default Target,[],13697312.0,"['Battle Voice', 'Brotherhood', 'Chain Stratagem', 'Dokumori', 'Grade 4 Gemdraught', 'Radiant Finale', 'Raging Strikes', 'Starry Muse', ""The Wanderer's Minuet""]"
1460,10500,Caustic Bite (dot),20.0,2493.0,,Default Target,[],441151.0,"[""The Wanderer's Minuet""]"
-1030,10500,Stormbite (dot),25.0,3085.0,,Default Target,[],663474.0,[]
10170,10700,Sidewinder,400.0,80739.0,,Default Target,[],482231348.0,"['Battle Voice', 'Brotherhood', 'Chain Stratagem', 'Dokumori', 'Grade 4 Gemdraught', 'Radiant Finale', 'Raging Strikes', 'Starry Muse', ""The Wanderer's Minuet""]"
8930,10890,Radiant Encore,700.0,141293.0,,Default Target,['1 Encore'],1476784634.0,"['Battle Voice', 'Brotherhood', 'Chain Stratagem', 'Dokumori', 'Grade 4 Gemdraught', 'Radiant Finale', 'Raging Strikes', 'Starry Muse', ""The Wanderer's Minuet""]"
12040,12840,Pitch Perfect,360.0,1881.0,0.0259,Default Target,['3 Repertoire'],390562796.0,"['Battle Voice', 'Brotherhood', 'Chain Stratagem', 'Dokumori', 'Grade 4 Gemdraught', 'Radiant Finale', 'Raging Strikes', 'Starry Muse', ""The Wanderer's Minuet""]"
11420,12890,Refulgent Arrow,280.0,56510.0,,Default Target,['Barrage'],236222380.0,"['Barrage', 'Battle Voice', 'Brotherhood', 'Chain Stratagem', 'Dokumori', 'Grade 4 Gemdraught', 'Radiant Finale', 'Raging Strikes', 'Starry Muse', ""The Wanderer's Minuet""]"
12160,12918,Shot,80.0,13609.0,,Default Target,[],13697312.0,"['Battle Voice', 'Brotherhood', 'Chain Stratagem', 'Dokumori', 'Grade 4 Gemdraught', 'Radiant Finale', 'Raging Strikes', 'Starry Muse', ""The Wanderer's Minuet""]"
11420,13010,Refulgent Arrow,280.0,56510.0,,Default Target,[],236222380.0,"['Battle Voice', 'Brotherhood', 'Chain Stratagem', 'Dokumori', 'Grade 4 Gemdraught', 'Radiant Finale', 'Raging Strikes', 'Starry Muse', ""The Wanderer's Minuet""]"
11420,13130,Refulgent Arrow,280.0,56510.0,,Default Target,[],236222380.0,"['Battle Voice', 'Brotherhood', 'Chain Stratagem', 'Dokumori', 'Grade 4 Gemdraught', 'Radiant Finale', 'Raging Strikes', 'Starry Muse', ""The Wanderer's Minuet""]"
1460,13500,Caustic Bite (dot),20.0,2493.0,,Default Target,[],441151.0,"[""The Wanderer's Minuet""]"
-1030,13500,Stormbite (dot),25.0,3085.0,,Default Target,[],663474.0,[]
12040,13690,Heartbreak Shot,180.0,35386.0,0.9741,Default Target,[],97623416.0,"['Battle Voice', 'Brotherhood', 'Chain Stratagem', 'Dokumori', 'Grade 4 Gemdraught', 'Radiant Finale', 'Raging Strikes', 'Starry Muse', ""The Wanderer's Minuet""]"
12660,14310,Heartbreak Shot,180.0,35774.0,0.9848,Default Target,[],97623416.0,"['Battle Voice', 'Brotherhood', 'Chain Stratagem', 'Dokumori', 'Grade 4 Gemdraught', 'Radiant Finale', 'Raging Strikes', 'Starry Muse', ""The Wanderer's Minuet""]"
13910,15070,Resonant Arrow,640.0,129180.0,,Default Target,[],1234468541.0,"['Battle Voice', 'Brotherhood', 'Chain Stratagem', 'Dokumori', 'Grade 4 Gemdraught', 'Radiant Finale', 'Raging Strikes', 'Starry Muse', ""The Wanderer's Minuet""]"
15150,15950,Pitch Perfect,360.0,36003.0,0.4955,Default Target,['3 Repertoire'],390562796.0,"['Battle Voice', 'Brotherhood', 'Chain Stratagem', 'Dokumori', 'Grade 4 Gemdraught', 'Radiant Finale', 'Raging Strikes', 'Starry Muse', ""The Wanderer's Minuet""]"
15200,15958,Shot,80.0,13609.0,,Default Target,[],13697312.0,"['Battle Voice', 'Brotherhood', 'Chain Stratagem', 'Dokumori', 'Grade 4 Gemdraught', 'Radiant Finale', 'Raging Strikes', 'Starry Muse', ""The Wanderer's Minuet""]"
14530,16180,Heartbreak Shot,180.0,36326.0,1.0,Default Target,[],97623416.0,"['Battle Voice', 'Brotherhood', 'Chain Stratagem', 'Dokumori', 'Grade 4 Gemdraught', 'Radiant Finale', 'Raging Strikes', 'Starry Muse', ""The Wanderer's Minuet""]"
-1030,16500,Stormbite (dot),25.0,3085.0,,Default Target,[],663474.0,[]
1460,16500,Caustic Bite (dot),20.0,2493.0,,Default Target,[],441151.0,"[""The Wanderer's Minuet""]"
16400,17870,Burst Shot,220.0,32979.0,0.7428,Default Target,[],145822805.0,"['Battle Voice', 'Brotherhood', 'Chain Stratagem', 'Dokumori', 'Grade 4 Gemdraught', 'Radiant Finale', 'Raging Strikes', 'Starry Muse', ""The Wanderer's Minuet""]"
16400,17870,Refulgent Arrow,280.0,14534.0,0.2572,Default Target,[],236222380.0,"['Battle Voice', 'Brotherhood', 'Chain Stratagem', 'Dokumori', 'Grade 4 Gemdraught', 'Radiant Finale', 'Raging Strikes', 'Starry Muse', ""The Wanderer's Minuet""]"
17020,18050,Empyreal Arrow,260.0,52477.0,,Default Target,[],203725993.0,"['Battle Voice', 'Brotherhood', 'Chain Stratagem', 'Dokumori', 'Grade 4 Gemdraught', 'Radiant Finale', 'Raging Strikes', 'Starry Muse', ""The Wanderer's Minuet""]"
17670,18470,Pitch Perfect,360.0,27436.0,0.3776,Default Target,['3 Repertoire'],390562796.0,"['Battle Voice', 'Brotherhood', 'Chain Stratagem', 'Dokumori', 'Grade 4 Gemdraught', 'Radiant Finale', 'Raging Strikes', 'Starry Muse', ""The Wanderer's Minuet""]"
18240,18998,Shot,80.0,13609.0,,Default Target,[],13697312.0,"['Battle Voice', 'Brotherhood', 'Chain Stratagem', 'Dokumori', 'Grade 4 Gemdraught', 'Radiant Finale', 'Raging Strikes', 'Starry Muse', ""The Wanderer's Minuet""]"
-1030,19500,Stormbite (dot),25.0,3085.0,,Default Target,[],663474.0,[]
1460,19500,Caustic Bite (dot),20.0,2493.0,,Default Target,[],441151.0,"[""The Wanderer's Minuet""]"
19510,20310,Pitch Perfect,360.0,6583.0,0.0906,Default Target,['3 Repertoire'],390562796.0,"['Battle Voice', 'Brotherhood', 'Chain Stratagem', 'Dokumori', 'Grade 4 Gemdraught', 'Radiant Finale', 'Raging Strikes', 'Starry Muse', ""The Wanderer's Minuet""]"
18890,20360,Burst Shot,220.0,32682.0,0.7361,Default Target,[],145822805.0,"['Battle Voice', 'Brotherhood', 'Chain Stratagem', 'Dokumori', 'Grade 4 Gemdraught', 'Radiant Finale', 'Raging Strikes', 'Starry Muse', ""The Wanderer's Minuet""]"
18890,20360,Refulgent Arrow,280.0,14913.0,0.2639,Default Target,[],236222380.0,"['Battle Voice', 'Brotherhood', 'Chain Stratagem', 'Dokumori', 'Grade 4 Gemdraught', 'Radiant Finale', 'Raging Strikes', 'Starry Muse', ""The Wanderer's Minuet""]"
21280,22038,Shot,80.0,13609.0,,Default Target,[],13697312.0,"['Battle Voice', 'Brotherhood', 'Chain Stratagem', 'Dokumori', 'Grade 4 Gemdraught', 'Radiant Finale', 'Raging Strikes', 'Starry Muse', ""The Wanderer's Minuet""]"
-1030,22500,Stormbite (dot),25.0,3085.0,,Default Target,[],663474.0,[]
1460,22500,Caustic Bite (dot),20.0,2493.0,,Default Target,[],441151.0,"[""The Wanderer's Minuet""]"
22030,22830,Pitch Perfect,360.0,24922.0,0.343,Default Target,['3 Repertoire'],390562796.0,"['Battle Voice', 'Brotherhood', 'Chain Stratagem', 'Dokumori', 'Grade 4 Gemdraught', 'Radiant Finale', 'Raging Strikes', 'Starry Muse', ""The Wanderer's Minuet""]"
21380,22850,Burst Shot,220.0,33250.0,0.7489,Default Target,[],145822805.0,"['Battle Voice', 'Brotherhood', 'Chain Stratagem', 'Dokumori', 'Grade 4 Gemdraught', 'Radiant Finale', 'Raging Strikes', 'Starry Muse', ""The Wanderer's Minuet""]"
21380,22850,Refulgent Arrow,280.0,14189.0,0.2511,Default Target,[],236222380.0,"['Battle Voice', 'Brotherhood', 'Chain Stratagem', 'Dokumori', 'Grade 4 Gemdraught', 'Radiant Finale', 'Raging Strikes', 'Starry Muse', ""The Wanderer's Minuet""]"
23870,24540,Iron Jaws,100.0,20181.0,,Default Target,[],30126068.0,"['Battle Voice', 'Brotherhood', 'Chain Stratagem', 'Dokumori', 'Grade 4 Gemdraught', 'Radiant Finale', 'Raging Strikes', 'Starry Muse', ""The Wanderer's Minuet""]"
24320,25078,Shot,80.0,13609.0,,Default Target,[],13697312.0,"['Battle Voice', 'Brotherhood', 'Chain Stratagem', 'Dokumori', 'Grade 4 Gemdraught', 'Radiant Finale', 'Raging Strikes', 'Starry Muse', ""The Wanderer's Minuet""]"
24520,25320,Pitch Perfect,360.0,22573.0,0.3262,Default Target,['3 Repertoire'],354261842.0,"['Battle Voice', 'Brotherhood', 'Chain Stratagem', 'Grade 4 Gemdraught', 'Radiant Finale', 'Raging Strikes', 'Starry Muse', ""The Wanderer's Minuet""]"
23870,25500,Stormbite (dot),25.0,5048.0,,Default Target,[],1884905.0,"['Battle Voice', 'Brotherhood', 'Chain Stratagem', 'Dokumori', 'Grade 4 Gemdraught', 'Radiant Finale', 'Raging Strikes', 'Starry Muse', ""The Wanderer's Minuet""]"
23870,25500,Caustic Bite (dot),20.0,4038.0,,Default Target,[],1206141.0,"['Battle Voice', 'Brotherhood', 'Chain Stratagem', 'Dokumori', 'Grade 4 Gemdraught', 'Radiant Finale', 'Raging Strikes', 'Starry Muse', ""The Wanderer's Minuet""]"
26361,27831,Burst Shot,220.0,16311.0,0.4779,Default Target,[],82666842.0,"['Grade 4 Gemdraught', 'Raging Strikes', ""The Wanderer's Minuet""]"
26361,27831,Refulgent Arrow,280.0,22681.0,0.5221,Default Target,[],133905168.0,"['Grade 4 Gemdraught', 'Raging Strikes', ""The Wanderer's Minuet""]"
27360,28118,Shot,80.0,10462.0,,Default Target,[],7765483.0,"['Grade 4 Gemdraught', 'Raging Strikes', ""The Wanderer's Minuet""]"
27631,28431,Pitch Perfect,360.0,10001.0,0.2059,Default Target,['3 Repertoire'],167410585.0,"['Grade 4 Gemdraught', ""The Wanderer's Minuet""]"
23870,28500,Caustic Bite (dot),20.0,4038.0,,Default Target,[],1206141.0,"['Battle Voice', 'Brotherhood', 'Chain Stratagem', 'Dokumori', 'Grade 4 Gemdraught', 'Radiant Finale', 'Raging Strikes', 'Starry Muse', ""The Wanderer's Minuet""]"
23870,28500,Stormbite (dot),25.0,5048.0,,Default Target,[],1884905.0,"['Battle Voice', 'Brotherhood', 'Chain Stratagem', 'Dokumori', 'Grade 4 Gemdraught', 'Radiant Finale', 'Raging Strikes', 'Starry Muse', ""The Wanderer's Minuet""]"
28851,30321,Refulgent Arrow,280.0,9618.0,0.2546,Default Target,[],101252817.0,"['Grade 4 Gemdraught', ""The Wanderer's Minuet""]"
28851,30321,Burst Shot,220.0,22123.0,0.7454,Default Target,[],62505535.0,"['Grade 4 Gemdraught', ""The Wanderer's Minuet""]"
30121,30921,Pitch Perfect,360.0,12342.0,0.2541,Default Target,['3 Repertoire'],167410585.0,"['Grade 4 Gemdraught', ""The Wanderer's Minuet""]"
29471,31121,Heartbreak Shot,180.0,24284.0,1.0,Default Target,[],41845817.0,"['Grade 4 Gemdraught', ""The Wanderer's Minuet""]"
30400,31158,Shot,80.0,9097.0,,Default Target,[],5872065.0,"['Grade 4 Gemdraught', ""The Wanderer's Minuet""]"
23870,31500,Caustic Bite (dot),20.0,4038.0,,Default Target,[],1206141.0,"['Battle Voice', 'Brotherhood', 'Chain Stratagem', 'Dokumori', 'Grade 4 Gemdraught', 'Radiant Finale', 'Raging Strikes', 'Starry Muse', ""The Wanderer's Minuet""]"
23870,31500,Stormbite (dot),25.0,5048.0,,Default Target,[],1884905.0,"['Battle Voice', 'Brotherhood', 'Chain Stratagem', 'Dokumori', 'Grade 4 Gemdraught', 'Radiant Finale', 'Raging Strikes', 'Starry Muse', ""The Wanderer's Minuet""]"
31341,32811,Refulgent Arrow,280.0,9829.0,0.2602,Default Target,[],101252817.0,"['Grade 4 Gemdraught', ""The Wanderer's Minuet""]"
31341,32811,Burst Shot,220.0,21957.0,0.7398,Default Target,[],62505535.0,"['Grade 4 Gemdraught', ""The Wanderer's Minuet""]"
32020,33050,Empyreal Arrow,260.0,35080.0,,Default Target,[],87325409.0,"['Grade 4 Gemdraught', ""The Wanderer's Minuet""]"
32670,33470,Pitch Perfect,360.0,18725.0,0.3855,Default Target,['3 Repertoire'],167410585.0,"['Grade 4 Gemdraught', ""The Wanderer's Minuet""]"
33440,34198,Shot,80.0,9097.0,,Default Target,[],5872065.0,"['Grade 4 Gemdraught', ""The Wanderer's Minuet""]"
23870,34500,Stormbite (dot),25.0,5048.0,,Default Target,[],1884905.0,"['Battle Voice', 'Brotherhood', 'Chain Stratagem', 'Dokumori', 'Grade 4 Gemdraught', 'Radiant Finale', 'Raging Strikes', 'Starry Muse', ""The Wanderer's Minuet""]"
23870,34500,Caustic Bite (dot),20.0,4038.0,,Default Target,[],1206141.0,"['Battle Voice', 'Brotherhood', 'Chain Stratagem', 'Dokumori', 'Grade 4 Gemdraught', 'Radiant Finale', 'Raging Strikes', 'Starry Muse', ""The Wanderer's Minuet""]"
34451,35251,Pitch Perfect,360.0,10815.0,0.241,Default Target,['3 Repertoire'],142906103.0,"[""The Wanderer's Minuet""]"
33831,35301,Burst Shot,220.0,20455.0,0.7459,Default Target,[],53360033.0,"[""The Wanderer's Minuet""]"
33831,35301,Refulgent Arrow,280.0,8868.0,0.2541,Default Target,[],86437975.0,"[""The Wanderer's Minuet""]"
36480,37238,Shot,80.0,8405.0,,Default Target,[],5011860.0,"[""The Wanderer's Minuet""]"
23870,37500,Stormbite (dot),25.0,5048.0,,Default Target,[],1884905.0,"['Battle Voice', 'Brotherhood', 'Chain Stratagem', 'Dokumori', 'Grade 4 Gemdraught', 'Radiant Finale', 'Raging Strikes', 'Starry Muse', ""The Wanderer's Minuet""]"
23870,37500,Caustic Bite (dot),20.0,4038.0,,Default Target,[],1206141.0,"['Battle Voice', 'Brotherhood', 'Chain Stratagem', 'Dokumori', 'Grade 4 Gemdraught', 'Radiant Finale', 'Raging Strikes', 'Starry Muse', ""The Wanderer's Minuet""]"
36971,37771,Pitch Perfect,360.0,11111.0,0.2476,Default Target,['3 Repertoire'],142906103.0,"[""The Wanderer's Minuet""]"
36321,37791,Refulgent Arrow,280.0,9385.0,0.2689,Default Target,[],86437975.0,"[""The Wanderer's Minuet""]"
36321,37791,Burst Shot,220.0,20049.0,0.7311,Default Target,[],53360033.0,"[""The Wanderer's Minuet""]"
39461,40261,Pitch Perfect,360.0,12780.0,0.2848,Default Target,['3 Repertoire'],142906103.0,"[""The Wanderer's Minuet""]"
39520,40278,Shot,80.0,8405.0,,Default Target,[],5011860.0,"[""The Wanderer's Minuet""]"
38811,40281,Refulgent Arrow,280.0,9011.0,0.2582,Default Target,[],86437975.0,"[""The Wanderer's Minuet""]"
38811,40281,Burst Shot,220.0,20343.0,0.7418,Default Target,[],53360033.0,"[""The Wanderer's Minuet""]"
23870,40500,Caustic Bite (dot),20.0,4038.0,,Default Target,[],1206141.0,"['Battle Voice', 'Brotherhood', 'Chain Stratagem', 'Dokumori', 'Grade 4 Gemdraught', 'Radiant Finale', 'Raging Strikes', 'Starry Muse', ""The Wanderer's Minuet""]"
23870,40500,Stormbite (dot),25.0,5048.0,,Default Target,[],1884905.0,"['Battle Voice', 'Brotherhood', 'Chain Stratagem', 'Dokumori', 'Grade 4 Gemdraught', 'Radiant Finale', 'Raging Strikes', 'Starry Muse', ""The Wanderer's Minuet""]"
42541,42541,Mage's Ballad,,,,,,,[]
41921,42721,Pitch Perfect,100.0,3999.0,0.3209,Default Target,['1 Repertoire'],11019144.0,"[""The Wanderer's Minuet""]"
41921,42721,Pitch Perfect,220.0,9151.0,0.3337,Default Target,['2 Repertoire'],53360033.0,"[""The Wanderer's Minuet""]"
41301,42771,Refulgent Arrow,280.0,8840.0,0.2533,Default Target,[],86437975.0,"[""The Wanderer's Minuet""]"
41301,42771,Burst Shot,220.0,20477.0,0.7467,Default Target,[],53360033.0,"[""The Wanderer's Minuet""]"
42560,43318,Shot,80.0,8399.0,,Default Target,[],4919160.0,"[""Mage's Ballad""]"
23870,43500,Stormbite (dot),25.0,5048.0,,Default Target,[],1884905.0,"['Battle Voice', 'Brotherhood', 'Chain Stratagem', 'Dokumori', 'Grade 4 Gemdraught', 'Radiant Finale', 'Raging Strikes', 'Starry Muse', ""The Wanderer's Minuet""]"
23870,43500,Caustic Bite (dot),20.0,4038.0,,Default Target,[],1206141.0,"['Battle Voice', 'Brotherhood', 'Chain Stratagem', 'Dokumori', 'Grade 4 Gemdraught', 'Radiant Finale', 'Raging Strikes', 'Starry Muse', ""The Wanderer's Minuet""]"
43791,45261,Burst Shot,220.0,20112.0,0.7339,Default Target,[],52372485.0,"[""Mage's Ballad""]"
43791,45261,Refulgent Arrow,280.0,9281.0,0.2661,Default Target,[],84842220.0,"[""Mage's Ballad""]"
44411,46061,Heartbreak Shot,180.0,22418.0,1.0,Default Target,[],35051250.0,"[""Mage's Ballad""]"
45600,46358,Shot,80.0,8399.0,,Default Target,[],4919160.0,"[""Mage's Ballad""]"
23870,46500,Caustic Bite (dot),20.0,4038.0,,Default Target,[],1206141.0,"['Battle Voice', 'Brotherhood', 'Chain Stratagem', 'Dokumori', 'Grade 4 Gemdraught', 'Radiant Finale', 'Raging Strikes', 'Starry Muse', ""The Wanderer's Minuet""]"
23870,46500,Stormbite (dot),25.0,5048.0,,Default Target,[],1884905.0,"['Battle Voice', 'Brotherhood', 'Chain Stratagem', 'Dokumori', 'Grade 4 Gemdraught', 'Radiant Finale', 'Raging Strikes', 'Starry Muse', ""The Wanderer's Minuet""]"
46281,47751,Burst Shot,220.0,20584.0,0.7511,Default Target,[],52372485.0,"[""Mage's Ballad""]"
46281,47751,Refulgent Arrow,280.0,8681.0,0.2489,Default Target,[],84842220.0,"[""Mage's Ballad""]"
47020,48050,Empyreal Arrow,260.0,32390.0,,Default Target,[],73168674.0,"[""Mage's Ballad""]"
47640,49290,Heartbreak Shot,180.0,17739.0,0.7913,Default Target,[],35051250.0,"[""Mage's Ballad""]"
48640,49398,Shot,80.0,8399.0,,Default Target,[],4919160.0,"[""Mage's Ballad""]"
23870,49500,Stormbite (dot),25.0,5048.0,,Default Target,[],1884905.0,"['Battle Voice', 'Brotherhood', 'Chain Stratagem', 'Dokumori', 'Grade 4 Gemdraught', 'Radiant Finale', 'Raging Strikes', 'Starry Muse', ""The Wanderer's Minuet""]"
23870,49500,Caustic Bite (dot),20.0,4038.0,,Default Target,[],1206141.0,"['Battle Voice', 'Brotherhood', 'Chain Stratagem', 'Dokumori', 'Grade 4 Gemdraught', 'Radiant Finale', 'Raging Strikes', 'Starry Muse', ""The Wanderer's Minuet""]"
48771,50241,Burst Shot,220.0,20271.0,0.7397,Default Target,[],52372485.0,"[""Mage's Ballad""]"
48771,50241,Refulgent Arrow,280.0,9079.0,0.2603,Default Target,[],84842220.0,"[""Mage's Ballad""]"
49421,51071,Heartbreak Shot,180.0,3741.0,0.1669,Default Target,[],35051250.0,"[""Mage's Ballad""]"
51261,52331,Apex Arrow,665.0,9105.0,0.1099,Default Target,['95 Soul Voice'],478688599.0,"[""Mage's Ballad""]"
51261,52331,Apex Arrow,490.0,3491.0,0.0572,Default Target,['70 Soul Voice'],259885405.0,"[""Mage's Ballad""]"
51261,52331,Apex Arrow,350.0,8.0,0.0002,Default Target,['50 Soul Voice'],132587857.0,"[""Mage's Ballad""]"
51261,52331,Apex Arrow,420.0,340.0,0.0065,Default Target,['60 Soul Voice'],190932864.0,"[""Mage's Ballad""]"
51261,52331,Apex Arrow,525.0,7946.0,0.1215,Default Target,['75 Soul Voice'],298307174.0,"[""Mage's Ballad""]"
51261,52331,Apex Arrow,385.0,57.0,0.0012,Default Target,['55 Soul Voice'],160417407.0,"[""Mage's Ballad""]"
51261,52331,Apex Arrow,455.0,1054.0,0.0186,Default Target,['65 Soul Voice'],224072000.0,"[""Mage's Ballad""]"
51261,52331,Apex Arrow,560.0,14218.0,0.2038,Default Target,['80 Soul Voice'],339444448.0,"[""Mage's Ballad""]"
51261,52331,Apex Arrow,630.0,16396.0,0.2089,Default Target,['90 Soul Voice'],429601490.0,"[""Mage's Ballad""]"
51261,52331,Apex Arrow,595.0,18375.0,0.2479,Default Target,['85 Soul Voice'],383169292.0,"[""Mage's Ballad""]"
51261,52331,Apex Arrow,700.0,2119.0,0.0243,Default Target,['100 Soul Voice'],530412149.0,"[""Mage's Ballad""]"
51680,52438,Shot,80.0,8399.0,,Default Target,[],4919160.0,"[""Mage's Ballad""]"
23870,52500,Caustic Bite (dot),20.0,4038.0,,Default Target,[],1206141.0,"['Battle Voice', 'Brotherhood', 'Chain Stratagem', 'Dokumori', 'Grade 4 Gemdraught', 'Radiant Finale', 'Raging Strikes', 'Starry Muse', ""The Wanderer's Minuet""]"
23870,52500,Stormbite (dot),25.0,5048.0,,Default Target,[],1884905.0,"['Battle Voice', 'Brotherhood', 'Chain Stratagem', 'Dokumori', 'Grade 4 Gemdraught', 'Radiant Finale', 'Raging Strikes', 'Starry Muse', ""The Wanderer's Minuet""]"
51881,53531,Heartbreak Shot,180.0,20923.0,0.9333,Default Target,[],35051250.0,"[""Mage's Ballad""]"
53751,55221,Refulgent Arrow,280.0,1960.0,0.0562,Default Target,[],84842220.0,"[""Mage's Ballad""]"
53751,55221,Burst Shot,220.0,4083.0,0.149,Default Target,[],52372485.0,"[""Mage's Ballad""]"
53751,55401,Blast Arrow,700.0,69315.0,0.7948,Default Target,[],530412149.0,"[""Mage's Ballad""]"
54720,55478,Shot,80.0,8399.0,,Default Target,[],4919160.0,"[""Mage's Ballad""]"
23870,55500,Stormbite (dot),25.0,5048.0,,Default Target,[],1884905.0,"['Battle Voice', 'Brotherhood', 'Chain Stratagem', 'Dokumori', 'Grade 4 Gemdraught', 'Radiant Finale', 'Raging Strikes', 'Starry Muse', ""The Wanderer's Minuet""]"
23870,55500,Caustic Bite (dot),20.0,4038.0,,Default Target,[],1206141.0,"['Battle Voice', 'Brotherhood', 'Chain Stratagem', 'Dokumori', 'Grade 4 Gemdraught', 'Radiant Finale', 'Raging Strikes', 'Starry Muse', ""The Wanderer's Minuet""]"
55051,56701,Heartbreak Shot,180.0,10955.0,0.4887,Default Target,[],35051250.0,"[""Mage's Ballad""]"
56241,57711,Refulgent Arrow,280.0,9019.0,0.2586,Default Target,[],84842220.0,"[""Mage's Ballad""]"
56241,57711,Burst Shot,220.0,20318.0,0.7414,Default Target,[],52372485.0,"[""Mage's Ballad""]"
23870,58500,Caustic Bite (dot),20.0,4038.0,,Default Target,[],1206141.0,"['Battle Voice', 'Brotherhood', 'Chain Stratagem', 'Dokumori', 'Grade 4 Gemdraught', 'Radiant Finale', 'Raging Strikes', 'Starry Muse', ""The Wanderer's Minuet""]"
23870,58500,Stormbite (dot),25.0,5048.0,,Default Target,[],1884905.0,"['Battle Voice', 'Brotherhood', 'Chain Stratagem', 'Dokumori', 'Grade 4 Gemdraught', 'Radiant Finale', 'Raging Strikes', 'Starry Muse', ""The Wanderer's Minuet""]"
57760,58518,Shot,80.0,8399.0,,Default Target,[],4919160.0,"[""Mage's Ballad""]"
58731,60201,Refulgent Arrow,280.0,9040.0,0.2592,Default Target,[],84842220.0,"[""Mage's Ballad""]"
58731,60201,Burst Shot,220.0,20301.0,0.7408,Default Target,[],52372485.0,"[""Mage's Ballad""]"
59351,61001,Heartbreak Shot,180.0,19656.0,0.8768,Default Target,[],35051250.0,"[""Mage's Ballad""]"
23870,61500,Stormbite (dot),25.0,5048.0,,Default Target,[],1884905.0,"['Battle Voice', 'Brotherhood', 'Chain Stratagem', 'Dokumori', 'Grade 4 Gemdraught', 'Radiant Finale', 'Raging Strikes', 'Starry Muse', ""The Wanderer's Minuet""]"
23870,61500,Caustic Bite (dot),20.0,4038.0,,Default Target,[],1206141.0,"['Battle Voice', 'Brotherhood', 'Chain Stratagem', 'Dokumori', 'Grade 4 Gemdraught', 'Radiant Finale', 'Raging Strikes', 'Starry Muse', ""The Wanderer's Minuet""]"
60800,61558,Shot,80.0,8399.0,,Default Target,[],4919160.0,"[""Mage's Ballad""]"
61221,62691,Refulgent Arrow,280.0,8639.0,0.2477,Default Target,[],84842220.0,"[""Mage's Ballad""]"
61221,62691,Burst Shot,220.0,20617.0,0.7523,Default Target,[],52372485.0,"[""Mage's Ballad""]"
62020,63050,Empyreal Arrow,260.0,32390.0,,Default Target,[],73168674.0,"[""Mage's Ballad""]"
62640,64290,Heartbreak Shot,180.0,19997.0,0.892,Default Target,[],35051250.0,"[""Mage's Ballad""]"
23870,64500,Caustic Bite (dot),20.0,4038.0,,Default Target,[],1206141.0,"['Battle Voice', 'Brotherhood', 'Chain Stratagem', 'Dokumori', 'Grade 4 Gemdraught', 'Radiant Finale', 'Raging Strikes', 'Starry Muse', ""The Wanderer's Minuet""]"
23870,64500,Stormbite (dot),25.0,5048.0,,Default Target,[],1884905.0,"['Battle Voice', 'Brotherhood', 'Chain Stratagem', 'Dokumori', 'Grade 4 Gemdraught', 'Radiant Finale', 'Raging Strikes', 'Starry Muse', ""The Wanderer's Minuet""]"
63840,64598,Shot,80.0,8399.0,,Default Target,[],4919160.0,"[""Mage's Ballad""]"
63711,65181,Burst Shot,220.0,20353.0,0.7427,Default Target,[],52372485.0,"[""Mage's Ballad""]"
63711,65181,Refulgent Arrow,280.0,8974.0,0.2573,Default Target,[],84842220.0,"[""Mage's Ballad""]"
64331,65981,Heartbreak Shot,180.0,8568.0,0.3822,Default Target,[],35051250.0,"[""Mage's Ballad""]"
23870,67500,Caustic Bite (dot),20.0,4038.0,,Default Target,[],1206141.0,"['Battle Voice', 'Brotherhood', 'Chain Stratagem', 'Dokumori', 'Grade 4 Gemdraught', 'Radiant Finale', 'Raging Strikes', 'Starry Muse', ""The Wanderer's Minuet""]"
23870,67500,Stormbite (dot),25.0,5048.0,,Default Target,[],1884905.0,"['Battle Voice', 'Brotherhood', 'Chain Stratagem', 'Dokumori', 'Grade 4 Gemdraught', 'Radiant Finale', 'Raging Strikes', 'Starry Muse', ""The Wanderer's Minuet""]"
66880,67638,Shot,80.0,8399.0,,Default Target,[],4919160.0,"[""Mage's Ballad""]"
66201,67671,Burst Shot,220.0,20416.0,0.745,Default Target,[],52372485.0,"[""Mage's Ballad""]"
66201,67671,Refulgent Arrow,280.0,8894.0,0.255,Default Target,[],84842220.0,"[""Mage's Ballad""]"
66821,68471,Heartbreak Shot,180.0,20293.0,0.9052,Default Target,[],35051250.0,"[""Mage's Ballad""]"
68691,69361,Iron Jaws,100.0,12454.0,,Default Target,[],10815750.0,"[""Mage's Ballad""]"
68691,70500,Stormbite (dot),25.0,3115.0,,Default Target,[],676797.0,"[""Mage's Ballad""]"
68691,70500,Caustic Bite (dot),20.0,2491.0,,Default Target,[],433030.0,"[""Mage's Ballad""]"
69920,70678,Shot,80.0,8399.0,,Default Target,[],4919160.0,"[""Mage's Ballad""]"
70170,70700,Sidewinder,400.0,49833.0,,Default Target,[],173178944.0,"[""Mage's Ballad""]"
71181,72651,Burst Shot,220.0,13140.0,0.4795,Default Target,[],52372485.0,"[""Mage's Ballad""]"
71181,72651,Refulgent Arrow,280.0,18154.0,0.5205,Default Target,[],84842220.0,"[""Mage's Ballad""]"
71831,73481,Heartbreak Shot,180.0,8938.0,0.3987,Default Target,[],35051250.0,"[""Mage's Ballad""]"
68691,73500,Caustic Bite (dot),20.0,2491.0,,Default Target,[],433030.0,"[""Mage's Ballad""]"
68691,73500,Stormbite (dot),25.0,3115.0,,Default Target,[],676797.0,"[""Mage's Ballad""]"
72960,73718,Shot,80.0,8399.0,,Default Target,[],4919160.0,"[""Mage's Ballad""]"
73671,75141,Burst Shot,220.0,20244.0,0.7387,Default Target,[],52372485.0,"[""Mage's Ballad""]"
73671,75141,Refulgent Arrow,280.0,9113.0,0.2613,Default Target,[],84842220.0,"[""Mage's Ballad""]"
74321,75971,Heartbreak Shot,180.0,20264.0,0.9039,Default Target,[],35051250.0,"[""Mage's Ballad""]"
68691,76500,Caustic Bite (dot),20.0,2491.0,,Default Target,[],433030.0,"[""Mage's Ballad""]"
68691,76500,Stormbite (dot),25.0,3115.0,,Default Target,[],676797.0,"[""Mage's Ballad""]"
76000,76758,Shot,80.0,8399.0,,Default Target,[],4919160.0,"[""Mage's Ballad""]"
76162,77632,Refulgent Arrow,280.0,8838.0,0.2534,Default Target,[],84842220.0,"[""Mage's Ballad""]"
76162,77632,Burst Shot,220.0,20460.0,0.7466,Default Target,[],52372485.0,"[""Mage's Ballad""]"
77020,78050,Empyreal Arrow,260.0,32390.0,,Default Target,[],73168674.0,"[""Mage's Ballad""]"
77640,79290,Heartbreak Shot,180.0,20196.0,0.9009,Default Target,[],35051250.0,"[""Mage's Ballad""]"
68691,79500,Caustic Bite (dot),20.0,2491.0,,Default Target,[],433030.0,"[""Mage's Ballad""]"
68691,79500,Stormbite (dot),25.0,3115.0,,Default Target,[],676797.0,"[""Mage's Ballad""]"
79040,79798,Shot,80.0,8399.0,,Default Target,[],4919160.0,"[""Mage's Ballad""]"
78652,80122,Burst Shot,220.0,20389.0,0.744,Default Target,[],52372485.0,"[""Mage's Ballad""]"
78652,80122,Refulgent Arrow,280.0,8929.0,0.256,Default Target,[],84842220.0,"[""Mage's Ballad""]"
79272,80922,Heartbreak Shot,180.0,8859.0,0.3952,Default Target,[],35051250.0,"[""Mage's Ballad""]"
81762,81762,Army's Paeon,,,,,,,[]
68691,82500,Stormbite (dot),25.0,3115.0,,Default Target,[],676797.0,"[""Mage's Ballad""]"
68691,82500,Caustic Bite (dot),20.0,2491.0,,Default Target,[],433030.0,"[""Mage's Ballad""]"
81142,82612,Burst Shot,220.0,20156.0,0.7355,Default Target,[],52372485.0,"[""Mage's Ballad""]"
81142,82612,Refulgent Arrow,280.0,9225.0,0.2645,Default Target,[],84842220.0,"[""Mage's Ballad""]"
82080,82838,Shot,80.0,8374.0,,Default Target,[],4919831.0,"[""Army's Paeon""]"
82382,84032,Heartbreak Shot,180.0,20205.0,0.904,Default Target,[],35054652.0,"[""Army's Paeon""]"
83632,85102,Burst Shot,220.0,20448.0,0.7484,Default Target,[],52380421.0,"[""Army's Paeon""]"
83632,85102,Refulgent Arrow,280.0,8749.0,0.2516,Default Target,[],84850912.0,"[""Army's Paeon""]"
68691,85500,Stormbite (dot),25.0,3115.0,,Default Target,[],676797.0,"[""Mage's Ballad""]"
68691,85500,Caustic Bite (dot),20.0,2491.0,,Default Target,[],433030.0,"[""Mage's Ballad""]"
85120,85878,Shot,80.0,8374.0,,Default Target,[],4919831.0,"[""Army's Paeon""]"
86122,87592,Burst Shot,220.0,20104.0,0.7358,Default Target,[],52380421.0,"[""Army's Paeon""]"
86122,87592,Refulgent Arrow,280.0,9187.0,0.2642,Default Target,[],84850912.0,"[""Army's Paeon""]"
68691,88500,Stormbite (dot),25.0,3115.0,,Default Target,[],676797.0,"[""Mage's Ballad""]"
68691,88500,Caustic Bite (dot),20.0,2491.0,,Default Target,[],433030.0,"[""Mage's Ballad""]"
88160,88918,Shot,80.0,8374.0,,Default Target,[],4919831.0,"[""Army's Paeon""]"
88512,89982,Burst Shot,220.0,20172.0,0.7383,Default Target,[],52380421.0,"[""Army's Paeon""]"
88512,89982,Refulgent Arrow,280.0,9100.0,0.2617,Default Target,[],84850912.0,"[""Army's Paeon""]"
89162,90812,Heartbreak Shot,180.0,11303.0,0.5057,Default Target,[],35054652.0,"[""Army's Paeon""]"
68691,91500,Stormbite (dot),25.0,3115.0,,Default Target,[],676797.0,"[""Mage's Ballad""]"
68691,91500,Caustic Bite (dot),20.0,2491.0,,Default Target,[],433030.0,"[""Mage's Ballad""]"
91200,91958,Shot,80.0,8374.0,,Default Target,[],4919831.0,"[""Army's Paeon""]"
90802,92272,Refulgent Arrow,280.0,8877.0,0.2553,Default Target,[],84850912.0,"[""Army's Paeon""]"
90802,92272,Burst Shot,220.0,20347.0,0.7447,Default Target,[],52380421.0,"[""Army's Paeon""]"
92020,93050,Empyreal Arrow,260.0,32293.0,,Default Target,[],73176677.0,"[""Army's Paeon""]"
92992,94462,Burst Shot,220.0,20293.0,0.7427,Default Target,[],52380421.0,"[""Army's Paeon""]"
92992,94462,Refulgent Arrow,280.0,8947.0,0.2573,Default Target,[],84850912.0,"[""Army's Paeon""]"
68691,94500,Stormbite (dot),25.0,3115.0,,Default Target,[],676797.0,"[""Mage's Ballad""]"
68691,94500,Caustic Bite (dot),20.0,2491.0,,Default Target,[],433030.0,"[""Mage's Ballad""]"
94240,94998,Shot,80.0,8374.0,,Default Target,[],4919831.0,"[""Army's Paeon""]"
95082,96552,Burst Shot,220.0,20257.0,0.7414,Default Target,[],52380421.0,"[""Army's Paeon""]"
95082,96552,Refulgent Arrow,280.0,8992.0,0.2586,Default Target,[],84850912.0,"[""Army's Paeon""]"
68691,97500,Stormbite (dot),25.0,3115.0,,Default Target,[],676797.0,"[""Mage's Ballad""]"
68691,97500,Caustic Bite (dot),20.0,2491.0,,Default Target,[],433030.0,"[""Mage's Ballad""]"
96382,98032,Heartbreak Shot,180.0,11048.0,0.4943,Default Target,[],35054652.0,"[""Army's Paeon""]"
97280,98038,Shot,80.0,8374.0,,Default Target,[],4919831.0,"[""Army's Paeon""]"
97172,98642,Refulgent Arrow,280.0,9166.0,0.2636,Default Target,[],84850912.0,"[""Army's Paeon""]"
97172,98642,Burst Shot,220.0,20121.0,0.7364,Default Target,[],52380421.0,"[""Army's Paeon""]"
68691,100500,Caustic Bite (dot),20.0,2491.0,,Default Target,[],433030.0,"[""Mage's Ballad""]"
68691,100500,Stormbite (dot),25.0,3115.0,,Default Target,[],676797.0,"[""Mage's Ballad""]"
99262,100732,Refulgent Arrow,280.0,8631.0,0.2482,Default Target,[],84850912.0,"[""Army's Paeon""]"
99262,100732,Burst Shot,220.0,20541.0,0.7518,Default Target,[],52380421.0,"[""Army's Paeon""]"
100320,101078,Shot,80.0,8374.0,,Default Target,[],4919831.0,"[""Army's Paeon""]"
101352,102822,Refulgent Arrow,280.0,9051.0,0.2603,Default Target,[],84850912.0,"[""Army's Paeon""]"
101352,102822,Burst Shot,220.0,20211.0,0.7397,Default Target,[],52380421.0,"[""Army's Paeon""]"
68691,103500,Caustic Bite (dot),20.0,2491.0,,Default Target,[],433030.0,"[""Mage's Ballad""]"
68691,103500,Stormbite (dot),25.0,3115.0,,Default Target,[],676797.0,"[""Mage's Ballad""]"
103360,104118,Shot,80.0,8374.0,,Default Target,[],4919831.0,"[""Army's Paeon""]"
103442,104912,Burst Shot,220.0,20159.0,0.7378,Default Target,[],52380421.0,"[""Army's Paeon""]"
103442,104912,Refulgent Arrow,280.0,9117.0,0.2622,Default Target,[],84850912.0,"[""Army's Paeon""]"
105532,106202,Iron Jaws,100.0,12417.0,,Default Target,[],10816899.0,"[""Army's Paeon""]"
105532,106500,Caustic Bite (dot),20.0,2484.0,,Default Target,[],433040.0,"[""Army's Paeon""]"
105532,106500,Stormbite (dot),25.0,3106.0,,Default Target,[],676866.0,"[""Army's Paeon""]"
106400,107158,Shot,80.0,8374.0,,Default Target,[],4919831.0,"[""Army's Paeon""]"
107622,109092,Refulgent Arrow,280.0,18068.0,0.5196,Default Target,[],84850912.0,"[""Army's Paeon""]"
107622,109092,Burst Shot,220.0,13126.0,0.4804,Default Target,[],52380421.0,"[""Army's Paeon""]"
108242,109272,Empyreal Arrow,260.0,32293.0,,Default Target,[],73176677.0,"[""Army's Paeon""]"
105532,109500,Caustic Bite (dot),20.0,2484.0,,Default Target,[],433040.0,"[""Army's Paeon""]"
105532,109500,Stormbite (dot),25.0,3106.0,,Default Target,[],676866.0,"[""Army's Paeon""]"
109440,110198,Shot,80.0,8374.0,,Default Target,[],4919831.0,"[""Army's Paeon""]"
109712,111182,Burst Shot,220.0,20274.0,0.742,Default Target,[],52380421.0,"[""Army's Paeon""]"
109712,111182,Refulgent Arrow,280.0,8971.0,0.258,Default Target,[],84850912.0,"[""Army's Paeon""]"
105532,112500,Caustic Bite (dot),20.0,2484.0,,Default Target,[],433040.0,"[""Army's Paeon""]"
105532,112500,Stormbite (dot),25.0,3106.0,,Default Target,[],676866.0,"[""Army's Paeon""]"
112480,113238,Shot,80.0,8374.0,,Default Target,[],4919831.0,"[""Army's Paeon""]"
111802,113272,Refulgent Arrow,280.0,9079.0,0.2611,Default Target,[],84850912.0,"[""Army's Paeon""]"
111802,113272,Burst Shot,220.0,20189.0,0.7389,Default Target,[],52380421.0,"[""Army's Paeon""]"
113892,115362,Refulgent Arrow,280.0,9135.0,0.2627,Default Target,[],84850912.0,"[""Army's Paeon""]"
113892,115362,Burst Shot,220.0,20145.0,0.7373,Default Target,[],52380421.0,"[""Army's Paeon""]"
105532,115500,Caustic Bite (dot),20.0,2484.0,,Default Target,[],433040.0,"[""Army's Paeon""]"
105532,115500,Stormbite (dot),25.0,3106.0,,Default Target,[],676866.0,"[""Army's Paeon""]"
115520,116278,Shot,80.0,8374.0,,Default Target,[],4919831.0,"[""Army's Paeon""]"
115982,117452,Refulgent Arrow,280.0,8756.0,0.2518,Default Target,[],84850912.0,"[""Army's Paeon""]"
115982,117452,Burst Shot,220.0,20443.0,0.7482,Default Target,[],52380421.0,"[""Army's Paeon""]"
105532,118500,Caustic Bite (dot),20.0,2484.0,,Default Target,[],433040.0,"[""Army's Paeon""]"
105532,118500,Stormbite (dot),25.0,3106.0,,Default Target,[],676866.0,"[""Army's Paeon""]"
118560,119318,Shot,80.0,8374.0,,Default Target,[],4919831.0,"[""Army's Paeon""]"
118072,119542,Refulgent Arrow,280.0,8815.0,0.2535,Default Target,[],84850912.0,"[""Army's Paeon""]"
118072,119542,Burst Shot,220.0,20396.0,0.7465,Default Target,[],52380421.0,"[""Army's Paeon""]"
120782,120782,The Wanderer's Minuet,,,,,,,[]
105532,121500,Caustic Bite (dot),20.0,2484.0,,Default Target,[],433040.0,"[""Army's Paeon""]"
105532,121500,Stormbite (dot),25.0,3106.0,,Default Target,[],676866.0,"[""Army's Paeon""]"
120162,121632,Refulgent Arrow,280.0,9135.0,0.2627,Default Target,[],84850912.0,"[""Army's Paeon""]"
120162,121632,Burst Shot,220.0,20145.0,0.7373,Default Target,[],52380421.0,"[""Army's Paeon""]"
121600,122358,Shot,80.0,8405.0,,Default Target,[],5011860.0,"[""The Wanderer's Minuet""]"
122252,123722,Burst Shot,220.0,20299.0,0.7402,Default Target,[],53360033.0,"[""The Wanderer's Minuet""]"
122252,123722,Refulgent Arrow,280.0,9067.0,0.2598,Default Target,[],86437975.0,"[""The Wanderer's Minuet""]"
123242,124272,Empyreal Arrow,260.0,32412.0,,Default Target,[],74545532.0,"[""The Wanderer's Minuet""]"
105532,124500,Caustic Bite (dot),20.0,2484.0,,Default Target,[],433040.0,"[""Army's Paeon""]"
105532,124500,Stormbite (dot),25.0,3106.0,,Default Target,[],676866.0,"[""Army's Paeon""]"
125062,125062,Battle Voice,,,,,,,[]
125222,125222,Chain Stratagem,,,,,,,[]
124640,125398,Shot,80.0,8405.0,,Default Target,[],5011860.0,"[""The Wanderer's Minuet""]"
125419,125419,Brotherhood,,,,,,,[]
125582,125582,Dokumori,,,,,,,[]
125682,125682,Radiant Finale,,,,,,,[]
124442,125912,Refulgent Arrow,280.0,9154.0,0.2623,Default Target,[],86437975.0,"[""The Wanderer's Minuet""]"
124442,125912,Burst Shot,220.0,20230.0,0.7377,Default Target,[],53360033.0,"[""The Wanderer's Minuet""]"
126253,126253,Starry Muse,,,,,,,[]
126386,126386,Starry Muse,,,,,,,[]
127252,127252,Raging Strikes,,,,,,,[]
105532,127500,Stormbite (dot),25.0,3106.0,,Default Target,[],676866.0,"[""Army's Paeon""]"
105532,127500,Caustic Bite (dot),20.0,2484.0,,Default Target,[],433040.0,"[""Army's Paeon""]"
126632,128102,Refulgent Arrow,280.0,12153.0,0.2576,Default Target,[],164675117.0,"['Battle Voice', 'Brotherhood', 'Chain Stratagem', 'Dokumori', 'Radiant Finale', 'Starry Muse', ""The Wanderer's Minuet""]"
126632,128102,Burst Shot,220.0,27521.0,0.7424,Default Target,[],101654096.0,"['Battle Voice', 'Brotherhood', 'Chain Stratagem', 'Dokumori', 'Radiant Finale', 'Starry Muse', ""The Wanderer's Minuet""]"
127680,128438,Shot,80.0,11361.0,,Default Target,[],9548781.0,"['Battle Voice', 'Brotherhood', 'Chain Stratagem', 'Dokumori', 'Radiant Finale', 'Starry Muse', ""The Wanderer's Minuet""]"
127872,128672,Pitch Perfect,360.0,44740.0,0.6413,Default Target,['3 Repertoire'],360059066.0,"['Battle Voice', 'Brotherhood', 'Chain Stratagem', 'Dokumori', 'Radiant Finale', 'Raging Strikes', 'Starry Muse', ""The Wanderer's Minuet""]"
127872,129522,Heartbreak Shot,180.0,12509.0,0.3587,Default Target,[],89966761.0,"['Battle Voice', 'Brotherhood', 'Chain Stratagem', 'Dokumori', 'Radiant Finale', 'Raging Strikes', 'Starry Muse', ""The Wanderer's Minuet""]"
128822,129892,Apex Arrow,595.0,34.0,0.0003,Default Target,['85 Soul Voice'],983577654.0,"['Battle Voice', 'Brotherhood', 'Chain Stratagem', 'Dokumori', 'Radiant Finale', 'Raging Strikes', 'Starry Muse', ""The Wanderer's Minuet""]"
128822,129892,Apex Arrow,665.0,180.0,0.0014,Default Target,['95 Soul Voice'],1228775861.0,"['Battle Voice', 'Brotherhood', 'Chain Stratagem', 'Dokumori', 'Radiant Finale', 'Raging Strikes', 'Starry Muse', ""The Wanderer's Minuet""]"
128822,129892,Apex Arrow,700.0,135354.0,0.9977,Default Target,['100 Soul Voice'],1361522415.0,"['Battle Voice', 'Brotherhood', 'Chain Stratagem', 'Dokumori', 'Radiant Finale', 'Raging Strikes', 'Starry Muse', ""The Wanderer's Minuet""]"
128822,129892,Apex Arrow,630.0,73.0,0.0006,Default Target,['90 Soul Voice'],1102759446.0,"['Battle Voice', 'Brotherhood', 'Chain Stratagem', 'Dokumori', 'Radiant Finale', 'Raging Strikes', 'Starry Muse', ""The Wanderer's Minuet""]"
105532,130500,Caustic Bite (dot),20.0,2484.0,,Default Target,[],433040.0,"[""Army's Paeon""]"
105532,130500,Stormbite (dot),25.0,3106.0,,Default Target,[],676866.0,"[""Army's Paeon""]"
130062,130862,Pitch Perfect,360.0,17908.0,0.2567,Default Target,['3 Repertoire'],360059066.0,"['Battle Voice', 'Brotherhood', 'Chain Stratagem', 'Dokumori', 'Radiant Finale', 'Raging Strikes', 'Starry Muse', ""The Wanderer's Minuet""]"
129442,131092,Heartbreak Shot,180.0,34874.0,1.0,Default Target,[],89966761.0,"['Battle Voice', 'Brotherhood', 'Chain Stratagem', 'Dokumori', 'Radiant Finale', 'Raging Strikes', 'Starry Muse', ""The Wanderer's Minuet""]"
130720,131478,Shot,80.0,13065.0,,Default Target,[],12627461.0,"['Battle Voice', 'Brotherhood', 'Chain Stratagem', 'Dokumori', 'Radiant Finale', 'Raging Strikes', 'Starry Muse', ""The Wanderer's Minuet""]"
130062,131712,Heartbreak Shot,180.0,22365.0,0.6413,Default Target,[],89966761.0,"['Battle Voice', 'Brotherhood', 'Chain Stratagem', 'Dokumori', 'Radiant Finale', 'Raging Strikes', 'Starry Muse', ""The Wanderer's Minuet""]"
131632,132162,Sidewinder,400.0,77521.0,,Default Target,[],444556124.0,"['Battle Voice', 'Brotherhood', 'Chain Stratagem', 'Dokumori', 'Radiant Finale', 'Raging Strikes', 'Starry Muse', ""The Wanderer's Minuet""]"
132252,132252,Barrage,,,,,,,[]
131012,132662,Blast Arrow,700.0,135666.0,1.0,Default Target,[],1361522415.0,"['Battle Voice', 'Brotherhood', 'Chain Stratagem', 'Dokumori', 'Radiant Finale', 'Raging Strikes', 'Starry Muse', ""The Wanderer's Minuet""]"
105532,133500,Caustic Bite (dot),20.0,2484.0,,Default Target,[],433040.0,"[""Army's Paeon""]"
105532,133500,Stormbite (dot),25.0,3106.0,,Default Target,[],676866.0,"[""Army's Paeon""]"
133760,134518,Shot,80.0,13065.0,,Default Target,[],12627461.0,"['Battle Voice', 'Brotherhood', 'Chain Stratagem', 'Dokumori', 'Radiant Finale', 'Raging Strikes', 'Starry Muse', ""The Wanderer's Minuet""]"
134122,134922,Pitch Perfect,360.0,5462.0,0.0783,Default Target,['3 Repertoire'],360059066.0,"['Battle Voice', 'Brotherhood', 'Chain Stratagem', 'Dokumori', 'Radiant Finale', 'Raging Strikes', 'Starry Muse', ""The Wanderer's Minuet""]"
133502,135462,Radiant Encore,1100.0,213190.0,,Default Target,['3 Encore'],3362181042.0,"['3 Encore', 'Battle Voice', 'Brotherhood', 'Chain Stratagem', 'Dokumori', 'Radiant Finale', 'Raging Strikes', 'Starry Muse', ""The Wanderer's Minuet""]"
134122,135772,Heartbreak Shot,180.0,16206.0,0.4647,Default Target,[],89966761.0,"['Battle Voice', 'Brotherhood', 'Chain Stratagem', 'Dokumori', 'Radiant Finale', 'Raging Strikes', 'Starry Muse', ""The Wanderer's Minuet""]"
134772,136422,Heartbreak Shot,180.0,1429.0,0.041,Default Target,[],89966761.0,"['Battle Voice', 'Brotherhood', 'Chain Stratagem', 'Dokumori', 'Radiant Finale', 'Raging Strikes', 'Starry Muse', ""The Wanderer's Minuet""]"
105532,136500,Stormbite (dot),25.0,3106.0,,Default Target,[],676866.0,"[""Army's Paeon""]"
105532,136500,Caustic Bite (dot),20.0,2484.0,,Default Target,[],433040.0,"[""Army's Paeon""]"
136642,137442,Pitch Perfect,360.0,24243.0,0.3475,Default Target,['3 Repertoire'],360059066.0,"['Battle Voice', 'Brotherhood', 'Chain Stratagem', 'Dokumori', 'Radiant Finale', 'Raging Strikes', 'Starry Muse', ""The Wanderer's Minuet""]"
135992,137462,Refulgent Arrow,280.0,54258.0,,Default Target,['Barrage'],217786765.0,"['Barrage', 'Battle Voice', 'Brotherhood', 'Chain Stratagem', 'Dokumori', 'Radiant Finale', 'Raging Strikes', 'Starry Muse', ""The Wanderer's Minuet""]"
136800,137558,Shot,80.0,13065.0,,Default Target,[],12627461.0,"['Battle Voice', 'Brotherhood', 'Chain Stratagem', 'Dokumori', 'Radiant Finale', 'Raging Strikes', 'Starry Muse', ""The Wanderer's Minuet""]"
135992,137582,Refulgent Arrow,280.0,54258.0,,Default Target,[],217786765.0,"['Battle Voice', 'Brotherhood', 'Chain Stratagem', 'Dokumori', 'Radiant Finale', 'Raging Strikes', 'Starry Muse', ""The Wanderer's Minuet""]"
135992,137702,Refulgent Arrow,280.0,54258.0,,Default Target,[],217786765.0,"['Battle Voice', 'Brotherhood', 'Chain Stratagem', 'Dokumori', 'Radiant Finale', 'Raging Strikes', 'Starry Muse', ""The Wanderer's Minuet""]"
138242,139272,Empyreal Arrow,260.0,50387.0,,Default Target,[],187815018.0,"['Battle Voice', 'Brotherhood', 'Chain Stratagem', 'Dokumori', 'Radiant Finale', 'Raging Strikes', 'Starry Muse', ""The Wanderer's Minuet""]"
105532,139500,Caustic Bite (dot),20.0,2484.0,,Default Target,[],433040.0,"[""Army's Paeon""]"
105532,139500,Stormbite (dot),25.0,3106.0,,Default Target,[],676866.0,"[""Army's Paeon""]"
138862,140022,Resonant Arrow,640.0,124030.0,,Default Target,[],1138016677.0,"['Battle Voice', 'Brotherhood', 'Chain Stratagem', 'Dokumori', 'Radiant Finale', 'Raging Strikes', 'Starry Muse', ""The Wanderer's Minuet""]"
139482,140282,Pitch Perfect,360.0,40477.0,0.5802,Default Target,['3 Repertoire'],360059066.0,"['Battle Voice', 'Brotherhood', 'Chain Stratagem', 'Dokumori', 'Radiant Finale', 'Raging Strikes', 'Starry Muse', ""The Wanderer's Minuet""]"
139840,140598,Shot,80.0,13065.0,,Default Target,[],12627461.0,"['Battle Voice', 'Brotherhood', 'Chain Stratagem', 'Dokumori', 'Radiant Finale', 'Raging Strikes', 'Starry Muse', ""The Wanderer's Minuet""]"
105532,142500,Caustic Bite (dot),20.0,2484.0,,Default Target,[],433040.0,"[""Army's Paeon""]"
105532,142500,Stormbite (dot),25.0,3106.0,,Default Target,[],676866.0,"[""Army's Paeon""]"
142002,142802,Pitch Perfect,360.0,19429.0,0.2785,Default Target,['3 Repertoire'],360059066.0,"['Battle Voice', 'Brotherhood', 'Chain Stratagem', 'Dokumori', 'Radiant Finale', 'Raging Strikes', 'Starry Muse', ""The Wanderer's Minuet""]"
141352,142822,Refulgent Arrow,280.0,14790.0,0.2726,Default Target,[],217786765.0,"['Battle Voice', 'Brotherhood', 'Chain Stratagem', 'Dokumori', 'Radiant Finale', 'Raging Strikes', 'Starry Muse', ""The Wanderer's Minuet""]"
141352,142822,Burst Shot,220.0,31010.0,0.7274,Default Target,[],134444323.0,"['Battle Voice', 'Brotherhood', 'Chain Stratagem', 'Dokumori', 'Radiant Finale', 'Raging Strikes', 'Starry Muse', ""The Wanderer's Minuet""]"
142880,143638,Shot,80.0,13065.0,,Default Target,[],12627461.0,"['Battle Voice', 'Brotherhood', 'Chain Stratagem', 'Dokumori', 'Radiant Finale', 'Raging Strikes', 'Starry Muse', ""The Wanderer's Minuet""]"
142002,143652,Heartbreak Shot,180.0,12401.0,0.3556,Default Target,[],89966761.0,"['Battle Voice', 'Brotherhood', 'Chain Stratagem', 'Dokumori', 'Radiant Finale', 'Raging Strikes', 'Starry Muse', ""The Wanderer's Minuet""]"
142652,144302,Heartbreak Shot,180.0,4837.0,0.1387,Default Target,[],89966761.0,"['Battle Voice', 'Brotherhood', 'Chain Stratagem', 'Dokumori', 'Radiant Finale', 'Raging Strikes', 'Starry Muse', ""The Wanderer's Minuet""]"
143842,144512,Iron Jaws,100.0,19373.0,,Default Target,[],27764739.0,"['Battle Voice', 'Brotherhood', 'Chain Stratagem', 'Dokumori', 'Radiant Finale', 'Raging Strikes', 'Starry Muse', ""The Wanderer's Minuet""]"
143842,145500,Stormbite (dot),25.0,4846.0,,Default Target,[],1737037.0,"['Battle Voice', 'Brotherhood', 'Chain Stratagem', 'Dokumori', 'Radiant Finale', 'Raging Strikes', 'Starry Muse', ""The Wanderer's Minuet""]"
143842,145500,Caustic Bite (dot),20.0,3875.0,,Default Target,[],1111246.0,"['Battle Voice', 'Brotherhood', 'Chain Stratagem', 'Dokumori', 'Radiant Finale', 'Raging Strikes', 'Starry Muse', ""The Wanderer's Minuet""]"
145112,145912,Pitch Perfect,360.0,7102.0,0.1018,Default Target,['3 Repertoire'],360059066.0,"['Battle Voice', 'Brotherhood', 'Chain Stratagem', 'Dokumori', 'Radiant Finale', 'Raging Strikes', 'Starry Muse', ""The Wanderer's Minuet""]"
145920,146678,Shot,80.0,12486.0,,Default Target,[],11397701.0,"['Brotherhood', 'Chain Stratagem', 'Dokumori', 'Radiant Finale', 'Raging Strikes', 'Starry Muse', ""The Wanderer's Minuet""]"
146332,147802,Burst Shot,220.0,17304.0,0.4977,Default Target,[],85773989.0,"['Dokumori', 'Raging Strikes', 'Starry Muse', ""The Wanderer's Minuet""]"
146332,147802,Refulgent Arrow,280.0,22227.0,0.5023,Default Target,[],138946374.0,"['Dokumori', 'Raging Strikes', 'Starry Muse', ""The Wanderer's Minuet""]"
143842,148500,Caustic Bite (dot),20.0,3875.0,,Default Target,[],1111246.0,"['Battle Voice', 'Brotherhood', 'Chain Stratagem', 'Dokumori', 'Radiant Finale', 'Raging Strikes', 'Starry Muse', ""The Wanderer's Minuet""]"
143842,148500,Stormbite (dot),25.0,4846.0,,Default Target,[],1737037.0,"['Battle Voice', 'Brotherhood', 'Chain Stratagem', 'Dokumori', 'Radiant Finale', 'Raging Strikes', 'Starry Muse', ""The Wanderer's Minuet""]"
148960,149718,Shot,80.0,8405.0,,Default Target,[],5011860.0,"[""The Wanderer's Minuet""]"
149472,150272,Pitch Perfect,360.0,14706.0,0.3277,Default Target,['3 Repertoire'],142906103.0,"[""The Wanderer's Minuet""]"
148822,150292,Refulgent Arrow,280.0,9022.0,0.2585,Default Target,[],86437975.0,"[""The Wanderer's Minuet""]"
148822,150292,Burst Shot,220.0,20334.0,0.7415,Default Target,[],53360033.0,"[""The Wanderer's Minuet""]"
149472,151122,Heartbreak Shot,180.0,7616.0,0.3395,Default Target,[],35710415.0,"[""The Wanderer's Minuet""]"
143842,151500,Stormbite (dot),25.0,4846.0,,Default Target,[],1737037.0,"['Battle Voice', 'Brotherhood', 'Chain Stratagem', 'Dokumori', 'Radiant Finale', 'Raging Strikes', 'Starry Muse', ""The Wanderer's Minuet""]"
143842,151500,Caustic Bite (dot),20.0,3875.0,,Default Target,[],1111246.0,"['Battle Voice', 'Brotherhood', 'Chain Stratagem', 'Dokumori', 'Radiant Finale', 'Raging Strikes', 'Starry Muse', ""The Wanderer's Minuet""]"
150122,151772,Heartbreak Shot,180.0,3728.0,0.1662,Default Target,[],35710415.0,"[""The Wanderer's Minuet""]"
152000,152758,Shot,80.0,8405.0,,Default Target,[],5011860.0,"[""The Wanderer's Minuet""]"
151962,152762,Pitch Perfect,360.0,14912.0,0.3323,Default Target,['3 Repertoire'],142906103.0,"[""The Wanderer's Minuet""]"
151312,152782,Refulgent Arrow,280.0,8973.0,0.2571,Default Target,[],86437975.0,"[""The Wanderer's Minuet""]"
151312,152782,Burst Shot,220.0,20373.0,0.7429,Default Target,[],53360033.0,"[""The Wanderer's Minuet""]"
143842,154500,Caustic Bite (dot),20.0,3875.0,,Default Target,[],1111246.0,"['Battle Voice', 'Brotherhood', 'Chain Stratagem', 'Dokumori', 'Radiant Finale', 'Raging Strikes', 'Starry Muse', ""The Wanderer's Minuet""]"
143842,154500,Stormbite (dot),25.0,4846.0,,Default Target,[],1737037.0,"['Battle Voice', 'Brotherhood', 'Chain Stratagem', 'Dokumori', 'Radiant Finale', 'Raging Strikes', 'Starry Muse', ""The Wanderer's Minuet""]"
153802,155272,Burst Shot,220.0,20365.0,0.7426,Default Target,[],53360033.0,"[""The Wanderer's Minuet""]"
153802,155272,Refulgent Arrow,280.0,8983.0,0.2574,Default Target,[],86437975.0,"[""The Wanderer's Minuet""]"
154422,155452,Empyreal Arrow,260.0,32412.0,,Default Target,[],74545532.0,"[""The Wanderer's Minuet""]"
155040,155798,Shot,80.0,8405.0,,Default Target,[],5011860.0,"[""The Wanderer's Minuet""]"
155042,155842,Pitch Perfect,360.0,23874.0,0.532,Default Target,['3 Repertoire'],142906103.0,"[""The Wanderer's Minuet""]"
143842,157500,Caustic Bite (dot),20.0,3875.0,,Default Target,[],1111246.0,"['Battle Voice', 'Brotherhood', 'Chain Stratagem', 'Dokumori', 'Radiant Finale', 'Raging Strikes', 'Starry Muse', ""The Wanderer's Minuet""]"
143842,157500,Stormbite (dot),25.0,4846.0,,Default Target,[],1737037.0,"['Battle Voice', 'Brotherhood', 'Chain Stratagem', 'Dokumori', 'Radiant Finale', 'Raging Strikes', 'Starry Muse', ""The Wanderer's Minuet""]"
156942,157742,Pitch Perfect,360.0,13871.0,0.3091,Default Target,['3 Repertoire'],142906103.0,"[""The Wanderer's Minuet""]"
156292,157762,Refulgent Arrow,280.0,9008.0,0.2581,Default Target,[],86437975.0,"[""The Wanderer's Minuet""]"
156292,157762,Burst Shot,220.0,20345.0,0.7419,Default Target,[],53360033.0,"[""The Wanderer's Minuet""]"
156942,158592,Heartbreak Shot,180.0,7690.0,0.3428,Default Target,[],35710415.0,"[""The Wanderer's Minuet""]"
158080,158838,Shot,80.0,8405.0,,Default Target,[],5011860.0,"[""The Wanderer's Minuet""]"
157592,159242,Heartbreak Shot,180.0,3398.0,0.1515,Default Target,[],35710415.0,"[""The Wanderer's Minuet""]"
158782,160252,Refulgent Arrow,280.0,9015.0,0.2583,Default Target,[],86437975.0,"[""The Wanderer's Minuet""]"
158782,160252,Burst Shot,220.0,20340.0,0.7417,Default Target,[],53360033.0,"[""The Wanderer's Minuet""]"
143842,160500,Stormbite (dot),25.0,4846.0,,Default Target,[],1737037.0,"['Battle Voice', 'Brotherhood', 'Chain Stratagem', 'Dokumori', 'Radiant Finale', 'Raging Strikes', 'Starry Muse', ""The Wanderer's Minuet""]"
143842,160500,Caustic Bite (dot),20.0,3875.0,,Default Target,[],1111246.0,"['Battle Voice', 'Brotherhood', 'Chain Stratagem', 'Dokumori', 'Radiant Finale', 'Raging Strikes', 'Starry Muse', ""The Wanderer's Minuet""]"
160082,160882,Pitch Perfect,360.0,5120.0,0.1141,Default Target,['3 Repertoire'],142906103.0,"[""The Wanderer's Minuet""]"
161120,161878,Shot,80.0,8405.0,,Default Target,[],5011860.0,"[""The Wanderer's Minuet""]"
161272,162742,Refulgent Arrow,280.0,9095.0,0.2606,Default Target,[],86437975.0,"[""The Wanderer's Minuet""]"
161272,162742,Burst Shot,220.0,20277.0,0.7394,Default Target,[],53360033.0,"[""The Wanderer's Minuet""]"
143842,163500,Caustic Bite (dot),20.0,3875.0,,Default Target,[],1111246.0,"['Battle Voice', 'Brotherhood', 'Chain Stratagem', 'Dokumori', 'Radiant Finale', 'Raging Strikes', 'Starry Muse', ""The Wanderer's Minuet""]"
143842,163500,Stormbite (dot),25.0,4846.0,,Default Target,[],1737037.0,"['Battle Voice', 'Brotherhood', 'Chain Stratagem', 'Dokumori', 'Radiant Finale', 'Raging Strikes', 'Starry Muse', ""The Wanderer's Minuet""]"
164160,164918,Shot,80.0,8405.0,,Default Target,[],5011860.0,"[""The Wanderer's Minuet""]"
165002,165002,Mage's Ballad,,,,,,,[]
164382,165182,Pitch Perfect,360.0,13606.0,0.3032,Default Target,['3 Repertoire'],142906103.0,"[""The Wanderer's Minuet""]"
164382,165182,Pitch Perfect,100.0,3040.0,0.244,Default Target,['1 Repertoire'],11019144.0,"[""The Wanderer's Minuet""]"
164382,165182,Pitch Perfect,220.0,11383.0,0.4151,Default Target,['2 Repertoire'],53360033.0,"[""The Wanderer's Minuet""]"
163762,165232,Burst Shot,220.0,20241.0,0.7381,Default Target,[],53360033.0,"[""The Wanderer's Minuet""]"
163762,165232,Refulgent Arrow,280.0,9140.0,0.2619,Default Target,[],86437975.0,"[""The Wanderer's Minuet""]"
164382,166032,Heartbreak Shot,180.0,459.0,0.0205,Default Target,[],35710415.0,"[""The Wanderer's Minuet""]"
143842,166500,Caustic Bite (dot),20.0,3875.0,,Default Target,[],1111246.0,"['Battle Voice', 'Brotherhood', 'Chain Stratagem', 'Dokumori', 'Radiant Finale', 'Raging Strikes', 'Starry Muse', ""The Wanderer's Minuet""]"
143842,166500,Stormbite (dot),25.0,4846.0,,Default Target,[],1737037.0,"['Battle Voice', 'Brotherhood', 'Chain Stratagem', 'Dokumori', 'Radiant Finale', 'Raging Strikes', 'Starry Muse', ""The Wanderer's Minuet""]"
165032,166682,Heartbreak Shot,180.0,10877.0,0.4852,Default Target,[],35051250.0,"[""Mage's Ballad""]"
166252,167722,Burst Shot,220.0,20115.0,0.734,Default Target,[],52372485.0,"[""Mage's Ballad""]"
166252,167722,Refulgent Arrow,280.0,9277.0,0.266,Default Target,[],84842220.0,"[""Mage's Ballad""]"
167200,167958,Shot,80.0,8399.0,,Default Target,[],4919160.0,"[""Mage's Ballad""]"
143842,169500,Stormbite (dot),25.0,4846.0,,Default Target,[],1737037.0,"['Battle Voice', 'Brotherhood', 'Chain Stratagem', 'Dokumori', 'Radiant Finale', 'Raging Strikes', 'Starry Muse', ""The Wanderer's Minuet""]"
143842,169500,Caustic Bite (dot),20.0,3875.0,,Default Target,[],1111246.0,"['Battle Voice', 'Brotherhood', 'Chain Stratagem', 'Dokumori', 'Radiant Finale', 'Raging Strikes', 'Starry Muse', ""The Wanderer's Minuet""]"
168742,170212,Burst Shot,220.0,20501.0,0.7481,Default Target,[],52372485.0,"[""Mage's Ballad""]"
168742,170212,Refulgent Arrow,280.0,8786.0,0.2519,Default Target,[],84842220.0,"[""Mage's Ballad""]"
169422,170452,Empyreal Arrow,260.0,32390.0,,Default Target,[],73168674.0,"[""Mage's Ballad""]"
170240,170998,Shot,80.0,8399.0,,Default Target,[],4919160.0,"[""Mage's Ballad""]"
170042,171692,Heartbreak Shot,180.0,20100.0,0.8966,Default Target,[],35051250.0,"[""Mage's Ballad""]"
143842,172500,Stormbite (dot),25.0,4846.0,,Default Target,[],1737037.0,"['Battle Voice', 'Brotherhood', 'Chain Stratagem', 'Dokumori', 'Radiant Finale', 'Raging Strikes', 'Starry Muse', ""The Wanderer's Minuet""]"
143842,172500,Caustic Bite (dot),20.0,3875.0,,Default Target,[],1111246.0,"['Battle Voice', 'Brotherhood', 'Chain Stratagem', 'Dokumori', 'Radiant Finale', 'Raging Strikes', 'Starry Muse', ""The Wanderer's Minuet""]"
171233,172703,Burst Shot,220.0,19912.0,0.7266,Default Target,[],52372485.0,"[""Mage's Ballad""]"
171233,172703,Refulgent Arrow,280.0,9535.0,0.2734,Default Target,[],84842220.0,"[""Mage's Ballad""]"
171853,173503,Heartbreak Shot,180.0,20176.0,0.9,Default Target,[],35051250.0,"[""Mage's Ballad""]"
173280,174038,Shot,80.0,8399.0,,Default Target,[],4919160.0,"[""Mage's Ballad""]"
173723,175193,Burst Shot,220.0,20463.0,0.7467,Default Target,[],52372485.0,"[""Mage's Ballad""]"
173723,175193,Refulgent Arrow,280.0,8834.0,0.2533,Default Target,[],84842220.0,"[""Mage's Ballad""]"
143842,175500,Stormbite (dot),25.0,4846.0,,Default Target,[],1737037.0,"['Battle Voice', 'Brotherhood', 'Chain Stratagem', 'Dokumori', 'Radiant Finale', 'Raging Strikes', 'Starry Muse', ""The Wanderer's Minuet""]"
143842,175500,Caustic Bite (dot),20.0,3875.0,,Default Target,[],1111246.0,"['Battle Voice', 'Brotherhood', 'Chain Stratagem', 'Dokumori', 'Radiant Finale', 'Raging Strikes', 'Starry Muse', ""The Wanderer's Minuet""]"
174343,175993,Heartbreak Shot,180.0,8788.0,0.392,Default Target,[],35051250.0,"[""Mage's Ballad""]"
176320,177078,Shot,80.0,8399.0,,Default Target,[],4919160.0,"[""Mage's Ballad""]"
176213,177683,Refulgent Arrow,280.0,9089.0,0.2606,Default Target,[],84842220.0,"[""Mage's Ballad""]"
176213,177683,Burst Shot,220.0,20263.0,0.7394,Default Target,[],52372485.0,"[""Mage's Ballad""]"
143842,178500,Caustic Bite (dot),20.0,3875.0,,Default Target,[],1111246.0,"['Battle Voice', 'Brotherhood', 'Chain Stratagem', 'Dokumori', 'Radiant Finale', 'Raging Strikes', 'Starry Muse', ""The Wanderer's Minuet""]"
143842,178500,Stormbite (dot),25.0,4846.0,,Default Target,[],1737037.0,"['Battle Voice', 'Brotherhood', 'Chain Stratagem', 'Dokumori', 'Radiant Finale', 'Raging Strikes', 'Starry Muse', ""The Wanderer's Minuet""]"
177513,179163,Heartbreak Shot,180.0,9128.0,0.4072,Default Target,[],35051250.0,"[""Mage's Ballad""]"
179360,180118,Shot,80.0,8399.0,,Default Target,[],4919160.0,"[""Mage's Ballad""]"
178703,180173,Refulgent Arrow,280.0,8981.0,0.2575,Default Target,[],84842220.0,"[""Mage's Ballad""]"
178703,180173,Burst Shot,220.0,20348.0,0.7425,Default Target,[],52372485.0,"[""Mage's Ballad""]"
179353,181003,Heartbreak Shot,180.0,11126.0,0.4963,Default Target,[],35051250.0,"[""Mage's Ballad""]"
143842,181500,Stormbite (dot),25.0,4846.0,,Default Target,[],1737037.0,"['Battle Voice', 'Brotherhood', 'Chain Stratagem', 'Dokumori', 'Radiant Finale', 'Raging Strikes', 'Starry Muse', ""The Wanderer's Minuet""]"
143842,181500,Caustic Bite (dot),20.0,3875.0,,Default Target,[],1111246.0,"['Battle Voice', 'Brotherhood', 'Chain Stratagem', 'Dokumori', 'Radiant Finale', 'Raging Strikes', 'Starry Muse', ""The Wanderer's Minuet""]"
180003,181653,Heartbreak Shot,180.0,8983.0,0.4007,Default Target,[],35051250.0,"[""Mage's Ballad""]"
181193,182663,Burst Shot,220.0,20436.0,0.7457,Default Target,[],52372485.0,"[""Mage's Ballad""]"
181193,182663,Refulgent Arrow,280.0,8869.0,0.2543,Default Target,[],84842220.0,"[""Mage's Ballad""]"
182400,183158,Shot,80.0,8399.0,,Default Target,[],4919160.0,"[""Mage's Ballad""]"
143842,184500,Caustic Bite (dot),20.0,3875.0,,Default Target,[],1111246.0,"['Battle Voice', 'Brotherhood', 'Chain Stratagem', 'Dokumori', 'Radiant Finale', 'Raging Strikes', 'Starry Muse', ""The Wanderer's Minuet""]"
143842,184500,Stormbite (dot),25.0,4846.0,,Default Target,[],1737037.0,"['Battle Voice', 'Brotherhood', 'Chain Stratagem', 'Dokumori', 'Radiant Finale', 'Raging Strikes', 'Starry Muse', ""The Wanderer's Minuet""]"
183683,185153,Burst Shot,220.0,20205.0,0.7373,Default Target,[],52372485.0,"[""Mage's Ballad""]"
183683,185153,Refulgent Arrow,280.0,9162.0,0.2627,Default Target,[],84842220.0,"[""Mage's Ballad""]"
184422,185452,Empyreal Arrow,260.0,32390.0,,Default Target,[],73168674.0,"[""Mage's Ballad""]"
185440,186198,Shot,80.0,8399.0,,Default Target,[],4919160.0,"[""Mage's Ballad""]"
185072,186722,Heartbreak Shot,180.0,20299.0,0.9055,Default Target,[],35051250.0,"[""Mage's Ballad""]"
143842,187500,Caustic Bite (dot),20.0,3875.0,,Default Target,[],1111246.0,"['Battle Voice', 'Brotherhood', 'Chain Stratagem', 'Dokumori', 'Radiant Finale', 'Raging Strikes', 'Starry Muse', ""The Wanderer's Minuet""]"
143842,187500,Stormbite (dot),25.0,4846.0,,Default Target,[],1737037.0,"['Battle Voice', 'Brotherhood', 'Chain Stratagem', 'Dokumori', 'Radiant Finale', 'Raging Strikes', 'Starry Muse', ""The Wanderer's Minuet""]"
186173,187643,Refulgent Arrow,280.0,8949.0,0.2566,Default Target,[],84842220.0,"[""Mage's Ballad""]"
186173,187643,Burst Shot,220.0,20373.0,0.7434,Default Target,[],52372485.0,"[""Mage's Ballad""]"
186793,188443,Heartbreak Shot,180.0,20181.0,0.9002,Default Target,[],35051250.0,"[""Mage's Ballad""]"
188480,189238,Shot,80.0,8399.0,,Default Target,[],4919160.0,"[""Mage's Ballad""]"
188663,189333,Iron Jaws,100.0,12454.0,,Default Target,[],10815750.0,"[""Mage's Ballad""]"
188663,190500,Stormbite (dot),25.0,3115.0,,Default Target,[],676797.0,"[""Mage's Ballad""]"
188663,190500,Caustic Bite (dot),20.0,2491.0,,Default Target,[],433030.0,"[""Mage's Ballad""]"
189283,190933,Heartbreak Shot,180.0,8848.0,0.3947,Default Target,[],35051250.0,"[""Mage's Ballad""]"
191520,192278,Shot,80.0,8399.0,,Default Target,[],4919160.0,"[""Mage's Ballad""]"
191773,192303,Sidewinder,400.0,49833.0,,Default Target,[],173178944.0,"[""Mage's Ballad""]"
191153,192623,Burst Shot,220.0,13286.0,0.4848,Default Target,[],52372485.0,"[""Mage's Ballad""]"
191153,192623,Refulgent Arrow,280.0,17969.0,0.5152,Default Target,[],84842220.0,"[""Mage's Ballad""]"
188663,193500,Stormbite (dot),25.0,3115.0,,Default Target,[],676797.0,"[""Mage's Ballad""]"
188663,193500,Caustic Bite (dot),20.0,2491.0,,Default Target,[],433030.0,"[""Mage's Ballad""]"
192423,194073,Heartbreak Shot,180.0,9027.0,0.4027,Default Target,[],35051250.0,"[""Mage's Ballad""]"
193643,195113,Burst Shot,220.0,20227.0,0.7381,Default Target,[],52372485.0,"[""Mage's Ballad""]"
193643,195113,Refulgent Arrow,280.0,9134.0,0.2619,Default Target,[],84842220.0,"[""Mage's Ballad""]"
194560,195318,Shot,80.0,8399.0,,Default Target,[],4919160.0,"[""Mage's Ballad""]"
194293,195943,Heartbreak Shot,180.0,11153.0,0.4975,Default Target,[],35051250.0,"[""Mage's Ballad""]"
188663,196500,Stormbite (dot),25.0,3115.0,,Default Target,[],676797.0,"[""Mage's Ballad""]"
188663,196500,Caustic Bite (dot),20.0,2491.0,,Default Target,[],433030.0,"[""Mage's Ballad""]"
196133,197203,Apex Arrow,630.0,15.0,0.0002,Default Target,['90 Soul Voice'],429601490.0,"[""Mage's Ballad""]"
196133,197203,Apex Arrow,665.0,190.0,0.0023,Default Target,['95 Soul Voice'],478688599.0,"[""Mage's Ballad""]"
196133,197203,Apex Arrow,700.0,86992.0,0.9975,Default Target,['100 Soul Voice'],530412149.0,"[""Mage's Ballad""]"
197600,198358,Shot,80.0,8399.0,,Default Target,[],4919160.0,"[""Mage's Ballad""]"
196783,198433,Heartbreak Shot,180.0,9016.0,0.4022,Default Target,[],35051250.0,"[""Mage's Ballad""]"
188663,199500,Caustic Bite (dot),20.0,2491.0,,Default Target,[],433030.0,"[""Mage's Ballad""]"
188663,199500,Stormbite (dot),25.0,3115.0,,Default Target,[],676797.0,"[""Mage's Ballad""]"
198623,200273,Blast Arrow,700.0,87210.0,1.0,Default Target,[],530412149.0,"[""Mage's Ballad""]"
199422,200452,Empyreal Arrow,260.0,32390.0,,Default Target,[],73168674.0,"[""Mage's Ballad""]"
200640,201398,Shot,80.0,8399.0,,Default Target,[],4919160.0,"[""Mage's Ballad""]"
200042,201692,Heartbreak Shot,180.0,20095.0,0.8964,Default Target,[],35051250.0,"[""Mage's Ballad""]"
202353,202353,Army's Paeon,,,,,,,[]
188663,202500,Caustic Bite (dot),20.0,2491.0,,Default Target,[],433030.0,"[""Mage's Ballad""]"
188663,202500,Stormbite (dot),25.0,3115.0,,Default Target,[],676797.0,"[""Mage's Ballad""]"
201113,202583,Refulgent Arrow,280.0,8946.0,0.2565,Default Target,[],84842220.0,"[""Mage's Ballad""]"
201113,202583,Burst Shot,220.0,20375.0,0.7435,Default Target,[],52372485.0,"[""Mage's Ballad""]"
201733,203383,Heartbreak Shot,180.0,20237.0,0.9027,Default Target,[],35051250.0,"[""Mage's Ballad""]"
203680,204438,Shot,80.0,8374.0,,Default Target,[],4919831.0,"[""Army's Paeon""]"
203603,205073,Refulgent Arrow,280.0,8902.0,0.256,Default Target,[],84850912.0,"[""Army's Paeon""]"
203603,205073,Burst Shot,220.0,20328.0,0.744,Default Target,[],52380421.0,"[""Army's Paeon""]"
188663,205500,Caustic Bite (dot),20.0,2491.0,,Default Target,[],433030.0,"[""Mage's Ballad""]"
188663,205500,Stormbite (dot),25.0,3115.0,,Default Target,[],676797.0,"[""Mage's Ballad""]"
206720,207478,Shot,80.0,8374.0,,Default Target,[],4919831.0,"[""Army's Paeon""]"
206093,207563,Refulgent Arrow,280.0,9194.0,0.2644,Default Target,[],84850912.0,"[""Army's Paeon""]"
206093,207563,Burst Shot,220.0,20099.0,0.7356,Default Target,[],52380421.0,"[""Army's Paeon""]"
188663,208500,Stormbite (dot),25.0,3115.0,,Default Target,[],676797.0,"[""Mage's Ballad""]"
188663,208500,Caustic Bite (dot),20.0,2491.0,,Default Target,[],433030.0,"[""Mage's Ballad""]"
208483,209953,Burst Shot,220.0,20372.0,0.7456,Default Target,[],52380421.0,"[""Army's Paeon""]"
208483,209953,Refulgent Arrow,280.0,8846.0,0.2544,Default Target,[],84850912.0,"[""Army's Paeon""]"
209760,210518,Shot,80.0,8374.0,,Default Target,[],4919831.0,"[""Army's Paeon""]"
209133,210783,Heartbreak Shot,180.0,11343.0,0.5075,Default Target,[],35054652.0,"[""Army's Paeon""]"
188663,211500,Stormbite (dot),25.0,3115.0,,Default Target,[],676797.0,"[""Mage's Ballad""]"
188663,211500,Caustic Bite (dot),20.0,2491.0,,Default Target,[],433030.0,"[""Mage's Ballad""]"
210773,212243,Refulgent Arrow,280.0,9225.0,0.2653,Default Target,[],84850912.0,"[""Army's Paeon""]"
210773,212243,Burst Shot,220.0,20074.0,0.7347,Default Target,[],52380421.0,"[""Army's Paeon""]"
212800,213558,Shot,80.0,8374.0,,Default Target,[],4919831.0,"[""Army's Paeon""]"
188663,214500,Stormbite (dot),25.0,3115.0,,Default Target,[],676797.0,"[""Mage's Ballad""]"
188663,214500,Caustic Bite (dot),20.0,2491.0,,Default Target,[],433030.0,"[""Mage's Ballad""]"
213063,214533,Refulgent Arrow,280.0,8905.0,0.2561,Default Target,[],84850912.0,"[""Army's Paeon""]"
213063,214533,Burst Shot,220.0,20325.0,0.7439,Default Target,[],52380421.0,"[""Army's Paeon""]"
214422,215452,Empyreal Arrow,260.0,32293.0,,Default Target,[],73176677.0,"[""Army's Paeon""]"
215840,216598,Shot,80.0,8374.0,,Default Target,[],4919831.0,"[""Army's Paeon""]"
215253,216723,Burst Shot,220.0,20468.0,0.7491,Default Target,[],52380421.0,"[""Army's Paeon""]"
215253,216723,Refulgent Arrow,280.0,8724.0,0.2509,Default Target,[],84850912.0,"[""Army's Paeon""]"
188663,217500,Stormbite (dot),25.0,3115.0,,Default Target,[],676797.0,"[""Mage's Ballad""]"
188663,217500,Caustic Bite (dot),20.0,2491.0,,Default Target,[],433030.0,"[""Mage's Ballad""]"
215903,217553,Heartbreak Shot,180.0,11008.0,0.4925,Default Target,[],35054652.0,"[""Army's Paeon""]"
217343,218813,Refulgent Arrow,280.0,9072.0,0.2609,Default Target,[],84850912.0,"[""Army's Paeon""]"
217343,218813,Burst Shot,220.0,20194.0,0.7391,Default Target,[],52380421.0,"[""Army's Paeon""]"
218880,219638,Shot,80.0,8374.0,,Default Target,[],4919831.0,"[""Army's Paeon""]"
188663,220500,Stormbite (dot),25.0,3115.0,,Default Target,[],676797.0,"[""Mage's Ballad""]"
188663,220500,Caustic Bite (dot),20.0,2491.0,,Default Target,[],433030.0,"[""Mage's Ballad""]"
219433,220903,Burst Shot,220.0,20407.0,0.7469,Default Target,[],52380421.0,"[""Army's Paeon""]"
219433,220903,Refulgent Arrow,280.0,8801.0,0.2531,Default Target,[],84850912.0,"[""Army's Paeon""]"
221920,222678,Shot,80.0,8374.0,,Default Target,[],4919831.0,"[""Army's Paeon""]"
221523,222993,Burst Shot,220.0,20126.0,0.7366,Default Target,[],52380421.0,"[""Army's Paeon""]"
221523,222993,Refulgent Arrow,280.0,9159.0,0.2634,Default Target,[],84850912.0,"[""Army's Paeon""]"
188663,223500,Stormbite (dot),25.0,3115.0,,Default Target,[],676797.0,"[""Mage's Ballad""]"
188663,223500,Caustic Bite (dot),20.0,2491.0,,Default Target,[],433030.0,"[""Mage's Ballad""]"
223613,225083,Burst Shot,220.0,20328.0,0.744,Default Target,[],52380421.0,"[""Army's Paeon""]"
223613,225083,Refulgent Arrow,280.0,8902.0,0.256,Default Target,[],84850912.0,"[""Army's Paeon""]"
224960,225718,Shot,80.0,8374.0,,Default Target,[],4919831.0,"[""Army's Paeon""]"
225703,226373,Iron Jaws,100.0,12417.0,,Default Target,[],10816899.0,"[""Army's Paeon""]"
225703,226500,Stormbite (dot),25.0,3106.0,,Default Target,[],676866.0,"[""Army's Paeon""]"
225703,226500,Caustic Bite (dot),20.0,2484.0,,Default Target,[],433040.0,"[""Army's Paeon""]"
228000,228758,Shot,80.0,8374.0,,Default Target,[],4919831.0,"[""Army's Paeon""]"
227793,229263,Burst Shot,220.0,13128.0,0.4805,Default Target,[],52380421.0,"[""Army's Paeon""]"
227793,229263,Refulgent Arrow,280.0,18065.0,0.5195,Default Target,[],84850912.0,"[""Army's Paeon""]"
225703,229500,Stormbite (dot),25.0,3106.0,,Default Target,[],676866.0,"[""Army's Paeon""]"
225703,229500,Caustic Bite (dot),20.0,2484.0,,Default Target,[],433040.0,"[""Army's Paeon""]"
229883,231353,Burst Shot,220.0,20211.0,0.7397,Default Target,[],52380421.0,"[""Army's Paeon""]"
229883,231353,Refulgent Arrow,280.0,9051.0,0.2603,Default Target,[],84850912.0,"[""Army's Paeon""]"
230503,231533,Empyreal Arrow,260.0,32293.0,,Default Target,[],73176677.0,"[""Army's Paeon""]"
231040,231798,Shot,80.0,8374.0,,Default Target,[],4919831.0,"[""Army's Paeon""]"
225703,232500,Caustic Bite (dot),20.0,2484.0,,Default Target,[],433040.0,"[""Army's Paeon""]"
225703,232500,Stormbite (dot),25.0,3106.0,,Default Target,[],676866.0,"[""Army's Paeon""]"
231973,233443,Refulgent Arrow,280.0,8957.0,0.2576,Default Target,[],84850912.0,"[""Army's Paeon""]"
231973,233443,Burst Shot,220.0,20284.0,0.7424,Default Target,[],52380421.0,"[""Army's Paeon""]"
234080,234838,Shot,80.0,8374.0,,Default Target,[],4919831.0,"[""Army's Paeon""]"
225703,235500,Caustic Bite (dot),20.0,2484.0,,Default Target,[],433040.0,"[""Army's Paeon""]"
225703,235500,Stormbite (dot),25.0,3106.0,,Default Target,[],676866.0,"[""Army's Paeon""]"
234063,235533,Burst Shot,220.0,20306.0,0.7432,Default Target,[],52380421.0,"[""Army's Paeon""]"
234063,235533,Refulgent Arrow,280.0,8930.0,0.2568,Default Target,[],84850912.0,"[""Army's Paeon""]"
236153,237623,Burst Shot,220.0,20104.0,0.7358,Default Target,[],52380421.0,"[""Army's Paeon""]"
236153,237623,Refulgent Arrow,280.0,9187.0,0.2642,Default Target,[],84850912.0,"[""Army's Paeon""]"
237120,237878,Shot,80.0,8374.0,,Default Target,[],4919831.0,"[""Army's Paeon""]"
225703,238500,Caustic Bite (dot),20.0,2484.0,,Default Target,[],433040.0,"[""Army's Paeon""]"
225703,238500,Stormbite (dot),25.0,3106.0,,Default Target,[],676866.0,"[""Army's Paeon""]"
238243,239713,Refulgent Arrow,280.0,9152.0,0.2632,Default Target,[],84850912.0,"[""Army's Paeon""]"
238243,239713,Burst Shot,220.0,20131.0,0.7368,Default Target,[],52380421.0,"[""Army's Paeon""]"
240160,240918,Shot,80.0,8374.0,,Default Target,[],4919831.0,"[""Army's Paeon""]"
240953,240953,The Wanderer's Minuet,,,,,,,[]
225703,241500,Caustic Bite (dot),20.0,2484.0,,Default Target,[],433040.0,"[""Army's Paeon""]"
225703,241500,Stormbite (dot),25.0,3106.0,,Default Target,[],676866.0,"[""Army's Paeon""]"
240333,241803,Refulgent Arrow,280.0,8829.0,0.2539,Default Target,[],84850912.0,"[""Army's Paeon""]"
240333,241803,Burst Shot,220.0,20386.0,0.7461,Default Target,[],52380421.0,"[""Army's Paeon""]"
242423,243893,Burst Shot,220.0,20099.0,0.7329,Default Target,[],53360033.0,"[""The Wanderer's Minuet""]"
242423,243893,Refulgent Arrow,280.0,9322.0,0.2671,Default Target,[],86437975.0,"[""The Wanderer's Minuet""]"
243200,243958,Shot,80.0,8405.0,,Default Target,[],5011860.0,"[""The Wanderer's Minuet""]"
225703,244500,Caustic Bite (dot),20.0,2484.0,,Default Target,[],433040.0,"[""Army's Paeon""]"
225703,244500,Stormbite (dot),25.0,3106.0,,Default Target,[],676866.0,"[""Army's Paeon""]"
245224,245224,Chain Stratagem,,,,,,,[]
245233,245233,Battle Voice,,,,,,,[]
245582,245582,Dokumori,,,,,,,[]
245705,245705,Brotherhood,,,,,,,[]
245853,245853,Radiant Finale,,,,,,,[]
244613,246083,Refulgent Arrow,280.0,9196.0,0.2635,Default Target,[],86437975.0,"[""The Wanderer's Minuet""]"
244613,246083,Burst Shot,220.0,20197.0,0.7365,Default Target,[],53360033.0,"[""The Wanderer's Minuet""]"
246253,246253,Starry Muse,,,,,,,[]
246386,246386,Starry Muse,,,,,,,[]
246240,246998,Shot,80.0,9721.0,,Default Target,[],6990791.0,"['Battle Voice', 'Chain Stratagem', 'Dokumori', ""The Wanderer's Minuet""]"
247423,247423,Raging Strikes,,,,,,,[]
225703,247500,Caustic Bite (dot),20.0,2484.0,,Default Target,[],433040.0,"[""Army's Paeon""]"
225703,247500,Stormbite (dot),25.0,3106.0,,Default Target,[],676866.0,"[""Army's Paeon""]"
246803,248273,Refulgent Arrow,280.0,12101.0,0.2565,Default Target,[],164675117.0,"['Battle Voice', 'Brotherhood', 'Chain Stratagem', 'Dokumori', 'Radiant Finale', 'Starry Muse', ""The Wanderer's Minuet""]"
246803,248273,Burst Shot,220.0,27562.0,0.7435,Default Target,[],101654096.0,"['Battle Voice', 'Brotherhood', 'Chain Stratagem', 'Dokumori', 'Radiant Finale', 'Starry Muse', ""The Wanderer's Minuet""]"
248043,249073,Empyreal Arrow,260.0,50387.0,,Default Target,[],187815018.0,"['Battle Voice', 'Brotherhood', 'Chain Stratagem', 'Dokumori', 'Radiant Finale', 'Raging Strikes', 'Starry Muse', ""The Wanderer's Minuet""]"
249280,250038,Shot,80.0,13065.0,,Default Target,[],12627461.0,"['Battle Voice', 'Brotherhood', 'Chain Stratagem', 'Dokumori', 'Radiant Finale', 'Raging Strikes', 'Starry Muse', ""The Wanderer's Minuet""]"
248993,250063,Apex Arrow,595.0,1395.0,0.0121,Default Target,['85 Soul Voice'],983577654.0,"['Battle Voice', 'Brotherhood', 'Chain Stratagem', 'Dokumori', 'Radiant Finale', 'Raging Strikes', 'Starry Muse', ""The Wanderer's Minuet""]"
248993,250063,Apex Arrow,560.0,651.0,0.006,Default Target,['80 Soul Voice'],871332566.0,"['Battle Voice', 'Brotherhood', 'Chain Stratagem', 'Dokumori', 'Radiant Finale', 'Raging Strikes', 'Starry Muse', ""The Wanderer's Minuet""]"
248993,250063,Apex Arrow,525.0,234.0,0.0023,Default Target,['75 Soul Voice'],765735046.0,"['Battle Voice', 'Brotherhood', 'Chain Stratagem', 'Dokumori', 'Radiant Finale', 'Raging Strikes', 'Starry Muse', ""The Wanderer's Minuet""]"
248993,250063,Apex Arrow,490.0,85.0,0.0009,Default Target,['70 Soul Voice'],667097598.0,"['Battle Voice', 'Brotherhood', 'Chain Stratagem', 'Dokumori', 'Radiant Finale', 'Raging Strikes', 'Starry Muse', ""The Wanderer's Minuet""]"
248993,250063,Apex Arrow,455.0,8.0,0.0001,Default Target,['65 Soul Voice'],575164750.0,"['Battle Voice', 'Brotherhood', 'Chain Stratagem', 'Dokumori', 'Radiant Finale', 'Raging Strikes', 'Starry Muse', ""The Wanderer's Minuet""]"
248993,250063,Apex Arrow,700.0,125382.0,0.9242,Default Target,['100 Soul Voice'],1361522415.0,"['Battle Voice', 'Brotherhood', 'Chain Stratagem', 'Dokumori', 'Radiant Finale', 'Raging Strikes', 'Starry Muse', ""The Wanderer's Minuet""]"
248993,250063,Apex Arrow,665.0,4394.0,0.0341,Default Target,['95 Soul Voice'],1228775861.0,"['Battle Voice', 'Brotherhood', 'Chain Stratagem', 'Dokumori', 'Radiant Finale', 'Raging Strikes', 'Starry Muse', ""The Wanderer's Minuet""]"
248993,250063,Apex Arrow,630.0,2478.0,0.0203,Default Target,['90 Soul Voice'],1102759446.0,"['Battle Voice', 'Brotherhood', 'Chain Stratagem', 'Dokumori', 'Radiant Finale', 'Raging Strikes', 'Starry Muse', ""The Wanderer's Minuet""]"
249613,250413,Pitch Perfect,360.0,44349.0,0.6357,Default Target,['3 Repertoire'],360059066.0,"['Battle Voice', 'Brotherhood', 'Chain Stratagem', 'Dokumori', 'Radiant Finale', 'Raging Strikes', 'Starry Muse', ""The Wanderer's Minuet""]"
225703,250500,Caustic Bite (dot),20.0,2484.0,,Default Target,[],433040.0,"[""Army's Paeon""]"
225703,250500,Stormbite (dot),25.0,3106.0,,Default Target,[],676866.0,"[""Army's Paeon""]"
250233,251033,Pitch Perfect,360.0,18327.0,0.2627,Default Target,['3 Repertoire'],360059066.0,"['Battle Voice', 'Brotherhood', 'Chain Stratagem', 'Dokumori', 'Radiant Finale', 'Raging Strikes', 'Starry Muse', ""The Wanderer's Minuet""]"
249613,251263,Heartbreak Shot,180.0,12704.0,0.3643,Default Target,[],89966761.0,"['Battle Voice', 'Brotherhood', 'Chain Stratagem', 'Dokumori', 'Radiant Finale', 'Raging Strikes', 'Starry Muse', ""The Wanderer's Minuet""]"
250233,251883,Heartbreak Shot,180.0,25713.0,0.7373,Default Target,[],89966761.0,"['Battle Voice', 'Brotherhood', 'Chain Stratagem', 'Dokumori', 'Radiant Finale', 'Raging Strikes', 'Starry Muse', ""The Wanderer's Minuet""]"
251183,252653,Burst Shot,220.0,110.0,0.0026,Default Target,[],134444323.0,"['Battle Voice', 'Brotherhood', 'Chain Stratagem', 'Dokumori', 'Radiant Finale', 'Raging Strikes', 'Starry Muse', ""The Wanderer's Minuet""]"
251183,252653,Refulgent Arrow,280.0,37.0,0.0007,Default Target,[],217786765.0,"['Battle Voice', 'Brotherhood', 'Chain Stratagem', 'Dokumori', 'Radiant Finale', 'Raging Strikes', 'Starry Muse', ""The Wanderer's Minuet""]"
251183,252833,Blast Arrow,700.0,135218.0,0.9967,Default Target,[],1361522415.0,"['Battle Voice', 'Brotherhood', 'Chain Stratagem', 'Dokumori', 'Radiant Finale', 'Raging Strikes', 'Starry Muse', ""The Wanderer's Minuet""]"
252423,252953,Sidewinder,400.0,77521.0,,Default Target,[],444556124.0,"['Battle Voice', 'Brotherhood', 'Chain Stratagem', 'Dokumori', 'Radiant Finale', 'Raging Strikes', 'Starry Muse', ""The Wanderer's Minuet""]"
252320,253078,Shot,80.0,13065.0,,Default Target,[],12627461.0,"['Battle Voice', 'Brotherhood', 'Chain Stratagem', 'Dokumori', 'Radiant Finale', 'Raging Strikes', 'Starry Muse', ""The Wanderer's Minuet""]"
251803,253453,Heartbreak Shot,180.0,31331.0,0.8984,Default Target,[],89966761.0,"['Battle Voice', 'Brotherhood', 'Chain Stratagem', 'Dokumori', 'Radiant Finale', 'Raging Strikes', 'Starry Muse', ""The Wanderer's Minuet""]"
225703,253500,Stormbite (dot),25.0,3106.0,,Default Target,[],676866.0,"[""Army's Paeon""]"
225703,253500,Caustic Bite (dot),20.0,2484.0,,Default Target,[],433040.0,"[""Army's Paeon""]"
254294,254294,Barrage,,,,,,,[]
253674,255634,Radiant Encore,1100.0,213190.0,,Default Target,['3 Encore'],3362181042.0,"['3 Encore', 'Battle Voice', 'Brotherhood', 'Chain Stratagem', 'Dokumori', 'Radiant Finale', 'Raging Strikes', 'Starry Muse', ""The Wanderer's Minuet""]"
254914,255714,Pitch Perfect,360.0,5162.0,0.074,Default Target,['3 Repertoire'],360059066.0,"['Battle Voice', 'Brotherhood', 'Chain Stratagem', 'Dokumori', 'Radiant Finale', 'Raging Strikes', 'Starry Muse', ""The Wanderer's Minuet""]"
255360,256118,Shot,80.0,13065.0,,Default Target,[],12627461.0,"['Battle Voice', 'Brotherhood', 'Chain Stratagem', 'Dokumori', 'Radiant Finale', 'Raging Strikes', 'Starry Muse', ""The Wanderer's Minuet""]"
225703,256500,Caustic Bite (dot),20.0,2484.0,,Default Target,[],433040.0,"[""Army's Paeon""]"
225703,256500,Stormbite (dot),25.0,3106.0,,Default Target,[],676866.0,"[""Army's Paeon""]"
254914,256564,Heartbreak Shot,180.0,16307.0,0.4676,Default Target,[],89966761.0,"['Battle Voice', 'Brotherhood', 'Chain Stratagem', 'Dokumori', 'Radiant Finale', 'Raging Strikes', 'Starry Muse', ""The Wanderer's Minuet""]"
256784,257584,Pitch Perfect,360.0,24375.0,0.3494,Default Target,['3 Repertoire'],360059066.0,"['Battle Voice', 'Brotherhood', 'Chain Stratagem', 'Dokumori', 'Radiant Finale', 'Raging Strikes', 'Starry Muse', ""The Wanderer's Minuet""]"
256164,257634,Refulgent Arrow,280.0,54258.0,,Default Target,['Barrage'],217786765.0,"['Barrage', 'Battle Voice', 'Brotherhood', 'Chain Stratagem', 'Dokumori', 'Radiant Finale', 'Raging Strikes', 'Starry Muse', ""The Wanderer's Minuet""]"
256164,257754,Refulgent Arrow,280.0,54258.0,,Default Target,[],217786765.0,"['Battle Voice', 'Brotherhood', 'Chain Stratagem', 'Dokumori', 'Radiant Finale', 'Raging Strikes', 'Starry Muse', ""The Wanderer's Minuet""]"
256164,257874,Refulgent Arrow,280.0,54258.0,,Default Target,[],217786765.0,"['Battle Voice', 'Brotherhood', 'Chain Stratagem', 'Dokumori', 'Radiant Finale', 'Raging Strikes', 'Starry Muse', ""The Wanderer's Minuet""]"
256784,258434,Heartbreak Shot,180.0,1391.0,0.0399,Default Target,[],89966761.0,"['Battle Voice', 'Brotherhood', 'Chain Stratagem', 'Dokumori', 'Radiant Finale', 'Raging Strikes', 'Starry Muse', ""The Wanderer's Minuet""]"
258400,259158,Shot,80.0,13065.0,,Default Target,[],12627461.0,"['Battle Voice', 'Brotherhood', 'Chain Stratagem', 'Dokumori', 'Radiant Finale', 'Raging Strikes', 'Starry Muse', ""The Wanderer's Minuet""]"
225703,259500,Stormbite (dot),25.0,3106.0,,Default Target,[],676866.0,"[""Army's Paeon""]"
225703,259500,Caustic Bite (dot),20.0,2484.0,,Default Target,[],433040.0,"[""Army's Paeon""]"
259304,260104,Pitch Perfect,360.0,22966.0,0.3292,Default Target,['3 Repertoire'],360059066.0,"['Battle Voice', 'Brotherhood', 'Chain Stratagem', 'Dokumori', 'Radiant Finale', 'Raging Strikes', 'Starry Muse', ""The Wanderer's Minuet""]"
258654,260124,Burst Shot,220.0,31317.0,0.7346,Default Target,[],134444323.0,"['Battle Voice', 'Brotherhood', 'Chain Stratagem', 'Dokumori', 'Radiant Finale', 'Raging Strikes', 'Starry Muse', ""The Wanderer's Minuet""]"
258654,260124,Refulgent Arrow,280.0,14400.0,0.2654,Default Target,[],217786765.0,"['Battle Voice', 'Brotherhood', 'Chain Stratagem', 'Dokumori', 'Radiant Finale', 'Raging Strikes', 'Starry Muse', ""The Wanderer's Minuet""]"
261440,262198,Shot,80.0,13065.0,,Default Target,[],12627461.0,"['Battle Voice', 'Brotherhood', 'Chain Stratagem', 'Dokumori', 'Radiant Finale', 'Raging Strikes', 'Starry Muse', ""The Wanderer's Minuet""]"
261144,262304,Resonant Arrow,640.0,124030.0,,Default Target,[],1138016677.0,"['Battle Voice', 'Brotherhood', 'Chain Stratagem', 'Dokumori', 'Radiant Finale', 'Raging Strikes', 'Starry Muse', ""The Wanderer's Minuet""]"
225703,262500,Caustic Bite (dot),20.0,2484.0,,Default Target,[],433040.0,"[""Army's Paeon""]"
225703,262500,Stormbite (dot),25.0,3106.0,,Default Target,[],676866.0,"[""Army's Paeon""]"
262444,263244,Pitch Perfect,360.0,14357.0,0.2058,Default Target,['3 Repertoire'],360059066.0,"['Battle Voice', 'Brotherhood', 'Chain Stratagem', 'Dokumori', 'Radiant Finale', 'Raging Strikes', 'Starry Muse', ""The Wanderer's Minuet""]"
261794,263444,Heartbreak Shot,180.0,17175.0,0.4925,Default Target,[],89966761.0,"['Battle Voice', 'Brotherhood', 'Chain Stratagem', 'Dokumori', 'Radiant Finale', 'Raging Strikes', 'Starry Muse', ""The Wanderer's Minuet""]"
263634,264304,Iron Jaws,100.0,19373.0,,Default Target,[],27764739.0,"['Battle Voice', 'Brotherhood', 'Chain Stratagem', 'Dokumori', 'Radiant Finale', 'Raging Strikes', 'Starry Muse', ""The Wanderer's Minuet""]"
264480,265238,Shot,80.0,13065.0,,Default Target,[],12627461.0,"['Battle Voice', 'Brotherhood', 'Chain Stratagem', 'Dokumori', 'Radiant Finale', 'Raging Strikes', 'Starry Muse', ""The Wanderer's Minuet""]"
264254,265284,Empyreal Arrow,260.0,50387.0,,Default Target,[],187815018.0,"['Battle Voice', 'Brotherhood', 'Chain Stratagem', 'Dokumori', 'Radiant Finale', 'Raging Strikes', 'Starry Muse', ""The Wanderer's Minuet""]"
263634,265500,Stormbite (dot),25.0,4846.0,,Default Target,[],1737037.0,"['Battle Voice', 'Brotherhood', 'Chain Stratagem', 'Dokumori', 'Radiant Finale', 'Raging Strikes', 'Starry Muse', ""The Wanderer's Minuet""]"
263634,265500,Caustic Bite (dot),20.0,3875.0,,Default Target,[],1111246.0,"['Battle Voice', 'Brotherhood', 'Chain Stratagem', 'Dokumori', 'Radiant Finale', 'Raging Strikes', 'Starry Muse', ""The Wanderer's Minuet""]"
264874,265674,Pitch Perfect,360.0,22478.0,0.3222,Default Target,['3 Repertoire'],360059066.0,"['Battle Voice', 'Brotherhood', 'Chain Stratagem', 'Dokumori', 'Radiant Finale', 'Raging Strikes', 'Starry Muse', ""The Wanderer's Minuet""]"
265494,266294,Pitch Perfect,360.0,21927.0,0.3143,Default Target,['3 Repertoire'],360059066.0,"['Battle Voice', 'Brotherhood', 'Chain Stratagem', 'Dokumori', 'Radiant Finale', 'Raging Strikes', 'Starry Muse', ""The Wanderer's Minuet""]"
266124,267594,Burst Shot,220.0,18668.0,0.4824,Default Target,[],106257130.0,"['Brotherhood', 'Dokumori', 'Radiant Finale', 'Raging Strikes', 'Starry Muse', ""The Wanderer's Minuet""]"
266124,267594,Refulgent Arrow,280.0,25492.0,0.5176,Default Target,[],172126833.0,"['Brotherhood', 'Dokumori', 'Radiant Finale', 'Raging Strikes', 'Starry Muse', ""The Wanderer's Minuet""]"
267520,268278,Shot,80.0,9665.0,,Default Target,[],6628836.0,"['Raging Strikes', ""The Wanderer's Minuet""]"
263634,268500,Stormbite (dot),25.0,4846.0,,Default Target,[],1737037.0,"['Battle Voice', 'Brotherhood', 'Chain Stratagem', 'Dokumori', 'Radiant Finale', 'Raging Strikes', 'Starry Muse', ""The Wanderer's Minuet""]"
263634,268500,Caustic Bite (dot),20.0,3875.0,,Default Target,[],1111246.0,"['Battle Voice', 'Brotherhood', 'Chain Stratagem', 'Dokumori', 'Radiant Finale', 'Raging Strikes', 'Starry Muse', ""The Wanderer's Minuet""]"
269264,270064,Pitch Perfect,360.0,10949.0,0.244,Default Target,['3 Repertoire'],142906103.0,"[""The Wanderer's Minuet""]"
268614,270084,Refulgent Arrow,280.0,9022.0,0.2585,Default Target,[],86437975.0,"[""The Wanderer's Minuet""]"
268614,270084,Burst Shot,220.0,20334.0,0.7415,Default Target,[],53360033.0,"[""The Wanderer's Minuet""]"
269264,270914,Heartbreak Shot,180.0,8583.0,0.3826,Default Target,[],35710415.0,"[""The Wanderer's Minuet""]"
270560,271318,Shot,80.0,8405.0,,Default Target,[],5011860.0,"[""The Wanderer's Minuet""]"
263634,271500,Stormbite (dot),25.0,4846.0,,Default Target,[],1737037.0,"['Battle Voice', 'Brotherhood', 'Chain Stratagem', 'Dokumori', 'Radiant Finale', 'Raging Strikes', 'Starry Muse', ""The Wanderer's Minuet""]"
263634,271500,Caustic Bite (dot),20.0,3875.0,,Default Target,[],1111246.0,"['Battle Voice', 'Brotherhood', 'Chain Stratagem', 'Dokumori', 'Radiant Finale', 'Raging Strikes', 'Starry Muse', ""The Wanderer's Minuet""]"
269914,271564,Heartbreak Shot,180.0,2801.0,0.1249,Default Target,[],35710415.0,"[""The Wanderer's Minuet""]"
271754,272554,Pitch Perfect,360.0,11264.0,0.251,Default Target,['3 Repertoire'],142906103.0,"[""The Wanderer's Minuet""]"
271104,272574,Burst Shot,220.0,20216.0,0.7372,Default Target,[],53360033.0,"[""The Wanderer's Minuet""]"
271104,272574,Refulgent Arrow,280.0,9172.0,0.2628,Default Target,[],86437975.0,"[""The Wanderer's Minuet""]"
273600,274358,Shot,80.0,8405.0,,Default Target,[],5011860.0,"[""The Wanderer's Minuet""]"
263634,274500,Stormbite (dot),25.0,4846.0,,Default Target,[],1737037.0,"['Battle Voice', 'Brotherhood', 'Chain Stratagem', 'Dokumori', 'Radiant Finale', 'Raging Strikes', 'Starry Muse', ""The Wanderer's Minuet""]"
263634,274500,Caustic Bite (dot),20.0,3875.0,,Default Target,[],1111246.0,"['Battle Voice', 'Brotherhood', 'Chain Stratagem', 'Dokumori', 'Radiant Finale', 'Raging Strikes', 'Starry Muse', ""The Wanderer's Minuet""]"
274214,275014,Pitch Perfect,360.0,12601.0,0.2808,Default Target,['3 Repertoire'],142906103.0,"[""The Wanderer's Minuet""]"
273594,275064,Refulgent Arrow,280.0,9001.0,0.2579,Default Target,[],86437975.0,"[""The Wanderer's Minuet""]"
273594,275064,Burst Shot,220.0,20351.0,0.7421,Default Target,[],53360033.0,"[""The Wanderer's Minuet""]"
276640,277398,Shot,80.0,8405.0,,Default Target,[],5011860.0,"[""The Wanderer's Minuet""]"
263634,277500,Caustic Bite (dot),20.0,3875.0,,Default Target,[],1111246.0,"['Battle Voice', 'Brotherhood', 'Chain Stratagem', 'Dokumori', 'Radiant Finale', 'Raging Strikes', 'Starry Muse', ""The Wanderer's Minuet""]"
263634,277500,Stormbite (dot),25.0,4846.0,,Default Target,[],1737037.0,"['Battle Voice', 'Brotherhood', 'Chain Stratagem', 'Dokumori', 'Radiant Finale', 'Raging Strikes', 'Starry Muse', ""The Wanderer's Minuet""]"
276084,277554,Burst Shot,220.0,20247.0,0.7383,Default Target,[],53360033.0,"[""The Wanderer's Minuet""]"
276084,277554,Refulgent Arrow,280.0,9134.0,0.2617,Default Target,[],86437975.0,"[""The Wanderer's Minuet""]"
277384,278184,Pitch Perfect,360.0,12255.0,0.2731,Default Target,['3 Repertoire'],142906103.0,"[""The Wanderer's Minuet""]"
276734,278384,Heartbreak Shot,180.0,11048.0,0.4925,Default Target,[],35710415.0,"[""The Wanderer's Minuet""]"
278574,280044,Refulgent Arrow,280.0,9116.0,0.2612,Default Target,[],86437975.0,"[""The Wanderer's Minuet""]"
278574,280044,Burst Shot,220.0,20260.0,0.7388,Default Target,[],53360033.0,"[""The Wanderer's Minuet""]"
279254,280284,Empyreal Arrow,260.0,32412.0,,Default Target,[],74545532.0,"[""The Wanderer's Minuet""]"
279680,280438,Shot,80.0,8405.0,,Default Target,[],5011860.0,"[""The Wanderer's Minuet""]"
263634,280500,Caustic Bite (dot),20.0,3875.0,,Default Target,[],1111246.0,"['Battle Voice', 'Brotherhood', 'Chain Stratagem', 'Dokumori', 'Radiant Finale', 'Raging Strikes', 'Starry Muse', ""The Wanderer's Minuet""]"
263634,280500,Stormbite (dot),25.0,4846.0,,Default Target,[],1737037.0,"['Battle Voice', 'Brotherhood', 'Chain Stratagem', 'Dokumori', 'Radiant Finale', 'Raging Strikes', 'Starry Muse', ""The Wanderer's Minuet""]"
279904,280704,Pitch Perfect,360.0,14199.0,0.3164,Default Target,['3 Repertoire'],142906103.0,"[""The Wanderer's Minuet""]"
281714,282514,Pitch Perfect,360.0,12080.0,0.2692,Default Target,['3 Repertoire'],142906103.0,"[""The Wanderer's Minuet""]"
281064,282534,Burst Shot,220.0,20334.0,0.7415,Default Target,[],53360033.0,"[""The Wanderer's Minuet""]"
281064,282534,Refulgent Arrow,280.0,9022.0,0.2585,Default Target,[],86437975.0,"[""The Wanderer's Minuet""]"
282720,283478,Shot,80.0,8405.0,,Default Target,[],5011860.0,"[""The Wanderer's Minuet""]"
263634,283500,Stormbite (dot),25.0,4846.0,,Default Target,[],1737037.0,"['Battle Voice', 'Brotherhood', 'Chain Stratagem', 'Dokumori', 'Radiant Finale', 'Raging Strikes', 'Starry Muse', ""The Wanderer's Minuet""]"
263634,283500,Caustic Bite (dot),20.0,3875.0,,Default Target,[],1111246.0,"['Battle Voice', 'Brotherhood', 'Chain Stratagem', 'Dokumori', 'Radiant Finale', 'Raging Strikes', 'Starry Muse', ""The Wanderer's Minuet""]"
284174,284974,Pitch Perfect,360.0,12534.0,0.2793,Default Target,['3 Repertoire'],142906103.0,"[""The Wanderer's Minuet""]"
285002,285002,Mage's Ballad,,,,,,,[]
283554,285024,Refulgent Arrow,280.0,9186.0,0.2632,Default Target,[],86437975.0,"[""The Wanderer's Minuet""]"
283554,285024,Burst Shot,220.0,20205.0,0.7368,Default Target,[],53360033.0,"[""The Wanderer's Minuet""]"
284824,285624,Pitch Perfect,220.0,8759.0,0.3194,Default Target,['2 Repertoire'],53360033.0,"[""The Wanderer's Minuet""]"
284824,285624,Pitch Perfect,100.0,4137.0,0.332,Default Target,['1 Repertoire'],11019144.0,"[""The Wanderer's Minuet""]"
284174,285824,Heartbreak Shot,180.0,8179.0,0.3646,Default Target,[],35710415.0,"[""The Wanderer's Minuet""]"
284824,286474,Heartbreak Shot,180.0,3205.0,0.1429,Default Target,[],35710415.0,"[""The Wanderer's Minuet""]"
263634,286500,Caustic Bite (dot),20.0,3875.0,,Default Target,[],1111246.0,"['Battle Voice', 'Brotherhood', 'Chain Stratagem', 'Dokumori', 'Radiant Finale', 'Raging Strikes', 'Starry Muse', ""The Wanderer's Minuet""]"
263634,286500,Stormbite (dot),25.0,4846.0,,Default Target,[],1737037.0,"['Battle Voice', 'Brotherhood', 'Chain Stratagem', 'Dokumori', 'Radiant Finale', 'Raging Strikes', 'Starry Muse', ""The Wanderer's Minuet""]"
285760,286518,Shot,80.0,8399.0,,Default Target,[],4919160.0,"[""Mage's Ballad""]"
286044,287514,Refulgent Arrow,280.0,9040.0,0.2592,Default Target,[],84842220.0,"[""Mage's Ballad""]"
286044,287514,Burst Shot,220.0,20301.0,0.7408,Default Target,[],52372485.0,"[""Mage's Ballad""]"
263634,289500,Stormbite (dot),25.0,4846.0,,Default Target,[],1737037.0,"['Battle Voice', 'Brotherhood', 'Chain Stratagem', 'Dokumori', 'Radiant Finale', 'Raging Strikes', 'Starry Muse', ""The Wanderer's Minuet""]"
263634,289500,Caustic Bite (dot),20.0,3875.0,,Default Target,[],1111246.0,"['Battle Voice', 'Brotherhood', 'Chain Stratagem', 'Dokumori', 'Radiant Finale', 'Raging Strikes', 'Starry Muse', ""The Wanderer's Minuet""]"
288800,289558,Shot,80.0,8399.0,,Default Target,[],4919160.0,"[""Mage's Ballad""]"
288534,290004,Burst Shot,220.0,20455.0,0.7464,Default Target,[],52372485.0,"[""Mage's Ballad""]"
288534,290004,Refulgent Arrow,280.0,8845.0,0.2536,Default Target,[],84842220.0,"[""Mage's Ballad""]"
289184,290834,Heartbreak Shot,180.0,8814.0,0.3932,Default Target,[],35051250.0,"[""Mage's Ballad""]"
291024,292494,Burst Shot,220.0,20216.0,0.7377,Default Target,[],52372485.0,"[""Mage's Ballad""]"
291024,292494,Refulgent Arrow,280.0,9148.0,0.2623,Default Target,[],84842220.0,"[""Mage's Ballad""]"
263634,292500,Stormbite (dot),25.0,4846.0,,Default Target,[],1737037.0,"['Battle Voice', 'Brotherhood', 'Chain Stratagem', 'Dokumori', 'Radiant Finale', 'Raging Strikes', 'Starry Muse', ""The Wanderer's Minuet""]"
263634,292500,Caustic Bite (dot),20.0,3875.0,,Default Target,[],1111246.0,"['Battle Voice', 'Brotherhood', 'Chain Stratagem', 'Dokumori', 'Radiant Finale', 'Raging Strikes', 'Starry Muse', ""The Wanderer's Minuet""]"
291840,292598,Shot,80.0,8399.0,,Default Target,[],4919160.0,"[""Mage's Ballad""]"
291674,293324,Heartbreak Shot,180.0,20308.0,0.9059,Default Target,[],35051250.0,"[""Mage's Ballad""]"
293514,294984,Burst Shot,220.0,20452.0,0.7463,Default Target,[],52372485.0,"[""Mage's Ballad""]"
293514,294984,Refulgent Arrow,280.0,8848.0,0.2537,Default Target,[],84842220.0,"[""Mage's Ballad""]"
294254,295284,Empyreal Arrow,260.0,32390.0,,Default Target,[],73168674.0,"[""Mage's Ballad""]"
263634,295500,Caustic Bite (dot),20.0,3875.0,,Default Target,[],1111246.0,"['Battle Voice', 'Brotherhood', 'Chain Stratagem', 'Dokumori', 'Radiant Finale', 'Raging Strikes', 'Starry Muse', ""The Wanderer's Minuet""]"
263634,295500,Stormbite (dot),25.0,4846.0,,Default Target,[],1737037.0,"['Battle Voice', 'Brotherhood', 'Chain Stratagem', 'Dokumori', 'Radiant Finale', 'Raging Strikes', 'Starry Muse', ""The Wanderer's Minuet""]"
294880,295638,Shot,80.0,8399.0,,Default Target,[],4919160.0,"[""Mage's Ballad""]"
294874,296524,Heartbreak Shot,180.0,20181.0,0.9002,Default Target,[],35051250.0,"[""Mage's Ballad""]"
296004,297474,Refulgent Arrow,280.0,9169.0,0.2629,Default Target,[],84842220.0,"[""Mage's Ballad""]"
296004,297474,Burst Shot,220.0,20200.0,0.7371,Default Target,[],52372485.0,"[""Mage's Ballad""]"
263634,298500,Caustic Bite (dot),20.0,3875.0,,Default Target,[],1111246.0,"['Battle Voice', 'Brotherhood', 'Chain Stratagem', 'Dokumori', 'Radiant Finale', 'Raging Strikes', 'Starry Muse', ""The Wanderer's Minuet""]"
263634,298500,Stormbite (dot),25.0,4846.0,,Default Target,[],1737037.0,"['Battle Voice', 'Brotherhood', 'Chain Stratagem', 'Dokumori', 'Radiant Finale', 'Raging Strikes', 'Starry Muse', ""The Wanderer's Minuet""]"
297920,298678,Shot,80.0,8399.0,,Default Target,[],4919160.0,"[""Mage's Ballad""]"
297244,298894,Heartbreak Shot,180.0,8911.0,0.3975,Default Target,[],35051250.0,"[""Mage's Ballad""]"
298494,299964,Refulgent Arrow,280.0,9180.0,0.2632,Default Target,[],84842220.0,"[""Mage's Ballad""]"
298494,299964,Burst Shot,220.0,20192.0,0.7368,Default Target,[],52372485.0,"[""Mage's Ballad""]"
299144,300794,Heartbreak Shot,180.0,11245.0,0.5016,Default Target,[],35051250.0,"[""Mage's Ballad""]"
263634,301500,Stormbite (dot),25.0,4846.0,,Default Target,[],1737037.0,"['Battle Voice', 'Brotherhood', 'Chain Stratagem', 'Dokumori', 'Radiant Finale', 'Raging Strikes', 'Starry Muse', ""The Wanderer's Minuet""]"
263634,301500,Caustic Bite (dot),20.0,3875.0,,Default Target,[],1111246.0,"['Battle Voice', 'Brotherhood', 'Chain Stratagem', 'Dokumori', 'Radiant Finale', 'Raging Strikes', 'Starry Muse', ""The Wanderer's Minuet""]"
300960,301718,Shot,80.0,8399.0,,Default Target,[],4919160.0,"[""Mage's Ballad""]"
300984,302454,Refulgent Arrow,280.0,9068.0,0.26,Default Target,[],84842220.0,"[""Mage's Ballad""]"
300984,302454,Burst Shot,220.0,20279.0,0.74,Default Target,[],52372485.0,"[""Mage's Ballad""]"
301604,303254,Heartbreak Shot,180.0,8960.0,0.3997,Default Target,[],35051250.0,"[""Mage's Ballad""]"
263634,304500,Stormbite (dot),25.0,4846.0,,Default Target,[],1737037.0,"['Battle Voice', 'Brotherhood', 'Chain Stratagem', 'Dokumori', 'Radiant Finale', 'Raging Strikes', 'Starry Muse', ""The Wanderer's Minuet""]"
263634,304500,Caustic Bite (dot),20.0,3875.0,,Default Target,[],1111246.0,"['Battle Voice', 'Brotherhood', 'Chain Stratagem', 'Dokumori', 'Radiant Finale', 'Raging Strikes', 'Starry Muse', ""The Wanderer's Minuet""]"
304000,304758,Shot,80.0,8399.0,,Default Target,[],4919160.0,"[""Mage's Ballad""]"
303475,304945,Burst Shot,220.0,20551.0,0.7499,Default Target,[],52372485.0,"[""Mage's Ballad""]"
303475,304945,Refulgent Arrow,280.0,8723.0,0.2501,Default Target,[],84842220.0,"[""Mage's Ballad""]"
304125,305775,Heartbreak Shot,180.0,8967.0,0.4,Default Target,[],35051250.0,"[""Mage's Ballad""]"
305965,307435,Refulgent Arrow,280.0,9047.0,0.2594,Default Target,[],84842220.0,"[""Mage's Ballad""]"
305965,307435,Burst Shot,220.0,20296.0,0.7406,Default Target,[],52372485.0,"[""Mage's Ballad""]"
263634,307500,Stormbite (dot),25.0,4846.0,,Default Target,[],1737037.0,"['Battle Voice', 'Brotherhood', 'Chain Stratagem', 'Dokumori', 'Radiant Finale', 'Raging Strikes', 'Starry Muse', ""The Wanderer's Minuet""]"
263634,307500,Caustic Bite (dot),20.0,3875.0,,Default Target,[],1111246.0,"['Battle Voice', 'Brotherhood', 'Chain Stratagem', 'Dokumori', 'Radiant Finale', 'Raging Strikes', 'Starry Muse', ""The Wanderer's Minuet""]"
307040,307798,Shot,80.0,8399.0,,Default Target,[],4919160.0,"[""Mage's Ballad""]"
306615,308265,Heartbreak Shot,180.0,20174.0,0.8999,Default Target,[],35051250.0,"[""Mage's Ballad""]"
308455,309125,Iron Jaws,100.0,12454.0,,Default Target,[],10815750.0,"[""Mage's Ballad""]"
309254,310284,Empyreal Arrow,260.0,32390.0,,Default Target,[],73168674.0,"[""Mage's Ballad""]"
308455,310500,Caustic Bite (dot),20.0,2491.0,,Default Target,[],433030.0,"[""Mage's Ballad""]"
308455,310500,Stormbite (dot),25.0,3115.0,,Default Target,[],676797.0,"[""Mage's Ballad""]"
310080,310838,Shot,80.0,8399.0,,Default Target,[],4919160.0,"[""Mage's Ballad""]"
309874,311524,Heartbreak Shot,180.0,20329.0,0.9068,Default Target,[],35051250.0,"[""Mage's Ballad""]"
310945,312015,Apex Arrow,525.0,58.0,0.0009,Default Target,['75 Soul Voice'],298307174.0,"[""Mage's Ballad""]"
310945,312015,Apex Arrow,700.0,80957.0,0.9283,Default Target,['100 Soul Voice'],530412149.0,"[""Mage's Ballad""]"
310945,312015,Apex Arrow,665.0,3082.0,0.0372,Default Target,['95 Soul Voice'],478688599.0,"[""Mage's Ballad""]"
310945,312015,Apex Arrow,560.0,223.0,0.0032,Default Target,['80 Soul Voice'],339444448.0,"[""Mage's Ballad""]"
310945,312015,Apex Arrow,595.0,696.0,0.0094,Default Target,['85 Soul Voice'],383169292.0,"[""Mage's Ballad""]"
310945,312015,Apex Arrow,630.0,1624.0,0.0207,Default Target,['90 Soul Voice'],429601490.0,"[""Mage's Ballad""]"
310945,312015,Apex Arrow,420.0,5.0,0.0001,Default Target,['60 Soul Voice'],190932864.0,"[""Mage's Ballad""]"
310945,312015,Apex Arrow,490.0,6.0,0.0001,Default Target,['70 Soul Voice'],259885405.0,"[""Mage's Ballad""]"
310945,312015,Apex Arrow,455.0,5.0,0.0001,Default Target,['65 Soul Voice'],224072000.0,"[""Mage's Ballad""]"
312423,312953,Sidewinder,400.0,49833.0,,Default Target,[],173178944.0,"[""Mage's Ballad""]"
308455,313500,Caustic Bite (dot),20.0,2491.0,,Default Target,[],433030.0,"[""Mage's Ballad""]"
308455,313500,Stormbite (dot),25.0,3115.0,,Default Target,[],676797.0,"[""Mage's Ballad""]"
313120,313878,Shot,80.0,8399.0,,Default Target,[],4919160.0,"[""Mage's Ballad""]"
313435,314905,Refulgent Arrow,280.0,31.0,0.0009,Default Target,[],84842220.0,"[""Mage's Ballad""]"
313435,314905,Burst Shot,220.0,8.0,0.0003,Default Target,[],52372485.0,"[""Mage's Ballad""]"
313435,315085,Blast Arrow,700.0,87106.0,0.9988,Default Target,[],530412149.0,"[""Mage's Ballad""]"
314055,315705,Heartbreak Shot,180.0,20214.0,0.9017,Default Target,[],35051250.0,"[""Mage's Ballad""]"
308455,316500,Caustic Bite (dot),20.0,2491.0,,Default Target,[],433030.0,"[""Mage's Ballad""]"
308455,316500,Stormbite (dot),25.0,3115.0,,Default Target,[],676797.0,"[""Mage's Ballad""]"
316160,316918,Shot,80.0,8399.0,,Default Target,[],4919160.0,"[""Mage's Ballad""]"
315925,317395,Burst Shot,220.0,13354.0,0.4873,Default Target,[],52372485.0,"[""Mage's Ballad""]"
315925,317395,Refulgent Arrow,280.0,17882.0,0.5127,Default Target,[],84842220.0,"[""Mage's Ballad""]"
316575,318225,Heartbreak Shot,180.0,8848.0,0.3947,Default Target,[],35051250.0,"[""Mage's Ballad""]"
308455,319500,Stormbite (dot),25.0,3115.0,,Default Target,[],676797.0,"[""Mage's Ballad""]"
308455,319500,Caustic Bite (dot),20.0,2491.0,,Default Target,[],433030.0,"[""Mage's Ballad""]"
318415,319885,Burst Shot,220.0,20249.0,0.7389,Default Target,[],52372485.0,"[""Mage's Ballad""]"
318415,319885,Refulgent Arrow,280.0,9106.0,0.2611,Default Target,[],84842220.0,"[""Mage's Ballad""]"
319200,319958,Shot,80.0,8399.0,,Default Target,[],4919160.0,"[""Mage's Ballad""]"
319035,320685,Heartbreak Shot,180.0,9128.0,0.4072,Default Target,[],35051250.0,"[""Mage's Ballad""]"
322353,322353,Army's Paeon,,,,,,,[]
320905,322375,Burst Shot,220.0,20175.0,0.7362,Default Target,[],52372485.0,"[""Mage's Ballad""]"
320905,322375,Refulgent Arrow,280.0,9201.0,0.2638,Default Target,[],84842220.0,"[""Mage's Ballad""]"
308455,322500,Stormbite (dot),25.0,3115.0,,Default Target,[],676797.0,"[""Mage's Ballad""]"
308455,322500,Caustic Bite (dot),20.0,2491.0,,Default Target,[],433030.0,"[""Mage's Ballad""]"
322240,322998,Shot,80.0,8399.0,,Default Target,[],4919160.0,"[""Mage's Ballad""]"
321555,323205,Heartbreak Shot,180.0,20120.0,0.8975,Default Target,[],35051250.0,"[""Mage's Ballad""]"
323395,324865,Burst Shot,220.0,20274.0,0.742,Default Target,[],52380421.0,"[""Army's Paeon""]"
323395,324865,Refulgent Arrow,280.0,8971.0,0.258,Default Target,[],84850912.0,"[""Army's Paeon""]"
324254,325284,Empyreal Arrow,260.0,32293.0,,Default Target,[],73176677.0,"[""Army's Paeon""]"
308455,325500,Caustic Bite (dot),20.0,2491.0,,Default Target,[],433030.0,"[""Mage's Ballad""]"
308455,325500,Stormbite (dot),25.0,3115.0,,Default Target,[],676797.0,"[""Mage's Ballad""]"
325280,326038,Shot,80.0,8374.0,,Default Target,[],4919831.0,"[""Army's Paeon""]"
325885,327355,Refulgent Arrow,280.0,8971.0,0.258,Default Target,[],84850912.0,"[""Army's Paeon""]"
325885,327355,Burst Shot,220.0,20274.0,0.742,Default Target,[],52380421.0,"[""Army's Paeon""]"
308455,328500,Caustic Bite (dot),20.0,2491.0,,Default Target,[],433030.0,"[""Mage's Ballad""]"
308455,328500,Stormbite (dot),25.0,3115.0,,Default Target,[],676797.0,"[""Mage's Ballad""]"
328320,329078,Shot,80.0,8374.0,,Default Target,[],4919831.0,"[""Army's Paeon""]"
328275,329745,Burst Shot,220.0,20347.0,0.7447,Default Target,[],52380421.0,"[""Army's Paeon""]"
328275,329745,Refulgent Arrow,280.0,8877.0,0.2553,Default Target,[],84850912.0,"[""Army's Paeon""]"
328925,330575,Heartbreak Shot,180.0,11072.0,0.4954,Default Target,[],35054652.0,"[""Army's Paeon""]"
308455,331500,Stormbite (dot),25.0,3115.0,,Default Target,[],676797.0,"[""Mage's Ballad""]"
308455,331500,Caustic Bite (dot),20.0,2491.0,,Default Target,[],433030.0,"[""Mage's Ballad""]"
331360,332118,Shot,80.0,8374.0,,Default Target,[],4919831.0,"[""Army's Paeon""]"
330665,332135,Refulgent Arrow,280.0,9100.0,0.2617,Default Target,[],84850912.0,"[""Army's Paeon""]"
330665,332135,Burst Shot,220.0,20172.0,0.7383,Default Target,[],52380421.0,"[""Army's Paeon""]"
332955,334425,Burst Shot,220.0,20492.0,0.75,Default Target,[],52380421.0,"[""Army's Paeon""]"
332955,334425,Refulgent Arrow,280.0,8693.0,0.25,Default Target,[],84850912.0,"[""Army's Paeon""]"
308455,334500,Caustic Bite (dot),20.0,2491.0,,Default Target,[],433030.0,"[""Mage's Ballad""]"
308455,334500,Stormbite (dot),25.0,3115.0,,Default Target,[],676797.0,"[""Mage's Ballad""]"
334400,335158,Shot,80.0,8374.0,,Default Target,[],4919831.0,"[""Army's Paeon""]"
335145,336615,Burst Shot,220.0,20170.0,0.7382,Default Target,[],52380421.0,"[""Army's Paeon""]"
335145,336615,Refulgent Arrow,280.0,9104.0,0.2618,Default Target,[],84850912.0,"[""Army's Paeon""]"
308455,337500,Stormbite (dot),25.0,3115.0,,Default Target,[],676797.0,"[""Mage's Ballad""]"
308455,337500,Caustic Bite (dot),20.0,2491.0,,Default Target,[],433030.0,"[""Mage's Ballad""]"
336445,338095,Heartbreak Shot,180.0,11278.0,0.5046,Default Target,[],35054652.0,"[""Army's Paeon""]"
337440,338198,Shot,80.0,8374.0,,Default Target,[],4919831.0,"[""Army's Paeon""]"
337235,338705,Burst Shot,220.0,20339.0,0.7444,Default Target,[],52380421.0,"[""Army's Paeon""]"
337235,338705,Refulgent Arrow,280.0,8888.0,0.2556,Default Target,[],84850912.0,"[""Army's Paeon""]"
308455,340500,Caustic Bite (dot),20.0,2491.0,,Default Target,[],433030.0,"[""Mage's Ballad""]"
308455,340500,Stormbite (dot),25.0,3115.0,,Default Target,[],676797.0,"[""Mage's Ballad""]"
339325,340795,Refulgent Arrow,280.0,8784.0,0.2526,Default Target,[],84850912.0,"[""Army's Paeon""]"
339325,340795,Burst Shot,220.0,20421.0,0.7474,Default Target,[],52380421.0,"[""Army's Paeon""]"
339945,340975,Empyreal Arrow,260.0,32293.0,,Default Target,[],73176677.0,"[""Army's Paeon""]"
340480,341238,Shot,80.0,8374.0,,Default Target,[],4919831.0,"[""Army's Paeon""]"
341415,342885,Refulgent Arrow,280.0,9128.0,0.2625,Default Target,[],84850912.0,"[""Army's Paeon""]"
341415,342885,Burst Shot,220.0,20151.0,0.7375,Default Target,[],52380421.0,"[""Army's Paeon""]"
308455,343500,Caustic Bite (dot),20.0,2491.0,,Default Target,[],433030.0,"[""Mage's Ballad""]"
308455,343500,Stormbite (dot),25.0,3115.0,,Default Target,[],676797.0,"[""Mage's Ballad""]"
343520,344278,Shot,80.0,8374.0,,Default Target,[],4919831.0,"[""Army's Paeon""]"
343505,344975,Burst Shot,220.0,20058.0,0.7341,Default Target,[],52380421.0,"[""Army's Paeon""]"
343505,344975,Refulgent Arrow,280.0,9246.0,0.2659,Default Target,[],84850912.0,"[""Army's Paeon""]"
345595,346265,Iron Jaws,100.0,12417.0,,Default Target,[],10816899.0,"[""Army's Paeon""]"
345595,346500,Stormbite (dot),25.0,3106.0,,Default Target,[],676866.0,"[""Army's Paeon""]"
345595,346500,Caustic Bite (dot),20.0,2484.0,,Default Target,[],433040.0,"[""Army's Paeon""]"
346560,347318,Shot,80.0,8374.0,,Default Target,[],4919831.0,"[""Army's Paeon""]"
347685,349155,Refulgent Arrow,280.0,18173.0,0.5226,Default Target,[],84850912.0,"[""Army's Paeon""]"
347685,349155,Burst Shot,220.0,13044.0,0.4774,Default Target,[],52380421.0,"[""Army's Paeon""]"
345595,349500,Caustic Bite (dot),20.0,2484.0,,Default Target,[],433040.0,"[""Army's Paeon""]"
345595,349500,Stormbite (dot),25.0,3106.0,,Default Target,[],676866.0,"[""Army's Paeon""]"
349600,350358,Shot,80.0,8374.0,,Default Target,[],4919831.0,"[""Army's Paeon""]"
349775,351245,Refulgent Arrow,280.0,8957.0,0.2576,Default Target,[],84850912.0,"[""Army's Paeon""]"
349775,351245,Burst Shot,220.0,20284.0,0.7424,Default Target,[],52380421.0,"[""Army's Paeon""]"
345595,352500,Caustic Bite (dot),20.0,2484.0,,Default Target,[],433040.0,"[""Army's Paeon""]"
345595,352500,Stormbite (dot),25.0,3106.0,,Default Target,[],676866.0,"[""Army's Paeon""]"
351865,353335,Refulgent Arrow,280.0,9107.0,0.2619,Default Target,[],84850912.0,"[""Army's Paeon""]"
351865,353335,Burst Shot,220.0,20167.0,0.7381,Default Target,[],52380421.0,"[""Army's Paeon""]"
352640,353398,Shot,80.0,8374.0,,Default Target,[],4919831.0,"[""Army's Paeon""]"
353955,355425,Burst Shot,220.0,20238.0,0.7407,Default Target,[],52380421.0,"[""Army's Paeon""]"
353955,355425,Refulgent Arrow,280.0,9017.0,0.2593,Default Target,[],84850912.0,"[""Army's Paeon""]"
345595,355500,Caustic Bite (dot),20.0,2484.0,,Default Target,[],433040.0,"[""Army's Paeon""]"
345595,355500,Stormbite (dot),25.0,3106.0,,Default Target,[],676866.0,"[""Army's Paeon""]"
354945,355975,Empyreal Arrow,260.0,32293.0,,Default Target,[],73176677.0,"[""Army's Paeon""]"
355680,356438,Shot,80.0,8374.0,,Default Target,[],4919831.0,"[""Army's Paeon""]"
356045,357515,Refulgent Arrow,280.0,9177.0,0.2639,Default Target,[],84850912.0,"[""Army's Paeon""]"
356045,357515,Burst Shot,220.0,20112.0,0.7361,Default Target,[],52380421.0,"[""Army's Paeon""]"
345595,358500,Caustic Bite (dot),20.0,2484.0,,Default Target,[],433040.0,"[""Army's Paeon""]"
345595,358500,Stormbite (dot),25.0,3106.0,,Default Target,[],676866.0,"[""Army's Paeon""]"
358720,359478,Shot,80.0,8374.0,,Default Target,[],4919831.0,"[""Army's Paeon""]"
358135,359605,Burst Shot,220.0,20435.0,0.7479,Default Target,[],52380421.0,"[""Army's Paeon""]"
358135,359605,Refulgent Arrow,280.0,8766.0,0.2521,Default Target,[],84850912.0,"[""Army's Paeon""]"
360953,360953,The Wanderer's Minuet,,,,,,,[]
345595,361500,Stormbite (dot),25.0,3106.0,,Default Target,[],676866.0,"[""Army's Paeon""]"
345595,361500,Caustic Bite (dot),20.0,2484.0,,Default Target,[],433040.0,"[""Army's Paeon""]"
360225,361695,Burst Shot,220.0,20156.0,0.7377,Default Target,[],52380421.0,"[""Army's Paeon""]"
360225,361695,Refulgent Arrow,280.0,9121.0,0.2623,Default Target,[],84850912.0,"[""Army's Paeon""]"
361760,362518,Shot,80.0,8405.0,,Default Target,[],5011860.0,"[""The Wanderer's Minuet""]"
363000,363000,Grade 4 Gemdraught,,,,,,,[]
362315,363785,Refulgent Arrow,280.0,8861.0,0.2539,Default Target,[],86437975.0,"[""The Wanderer's Minuet""]"
362315,363785,Burst Shot,220.0,20461.0,0.7461,Default Target,[],53360033.0,"[""The Wanderer's Minuet""]"
345595,364500,Caustic Bite (dot),20.0,2484.0,,Default Target,[],433040.0,"[""Army's Paeon""]"
345595,364500,Stormbite (dot),25.0,3106.0,,Default Target,[],676866.0,"[""Army's Paeon""]"
365226,365226,Chain Stratagem,,,,,,,[]
365233,365233,Battle Voice,,,,,,,[]
364800,365558,Shot,80.0,9097.0,,Default Target,[],5872065.0,"['Grade 4 Gemdraught', ""The Wanderer's Minuet""]"
365853,365853,Radiant Finale,,,,,,,[]
364505,365975,Refulgent Arrow,280.0,9652.0,0.2555,Default Target,[],101252817.0,"['Grade 4 Gemdraught', ""The Wanderer's Minuet""]"
364505,365975,Burst Shot,220.0,22097.0,0.7445,Default Target,[],62505535.0,"['Grade 4 Gemdraught', ""The Wanderer's Minuet""]"
365991,365991,Brotherhood,,,,,,,[]
366089,366089,Dokumori,,,,,,,[]
366305,366305,Starry Muse,,,,,,,[]
366438,366438,Starry Muse,,,,,,,[]
367423,367423,Raging Strikes,,,,,,,[]
345595,367500,Stormbite (dot),25.0,3106.0,,Default Target,[],676866.0,"[""Army's Paeon""]"
345595,367500,Caustic Bite (dot),20.0,2484.0,,Default Target,[],433040.0,"[""Army's Paeon""]"
366695,368165,Burst Shot,220.0,28467.0,0.745,Default Target,[],108008181.0,"['Battle Voice', 'Chain Stratagem', 'Dokumori', 'Grade 4 Gemdraught', 'Radiant Finale', 'Starry Muse', ""The Wanderer's Minuet""]"
366695,368165,Refulgent Arrow,280.0,12401.0,0.255,Default Target,[],174966471.0,"['Battle Voice', 'Chain Stratagem', 'Dokumori', 'Grade 4 Gemdraught', 'Radiant Finale', 'Starry Muse', ""The Wanderer's Minuet""]"
367840,368598,Shot,80.0,12297.0,,Default Target,[],11187793.0,"['Battle Voice', 'Brotherhood', 'Chain Stratagem', 'Dokumori', 'Grade 4 Gemdraught', 'Radiant Finale', 'Starry Muse', ""The Wanderer's Minuet""]"
368043,369693,Heartbreak Shot,180.0,37751.0,1.0,Default Target,[],105433557.0,"['Battle Voice', 'Brotherhood', 'Chain Stratagem', 'Dokumori', 'Grade 4 Gemdraught', 'Radiant Finale', 'Raging Strikes', 'Starry Muse', ""The Wanderer's Minuet""]"
345595,370500,Stormbite (dot),25.0,3106.0,,Default Target,[],676866.0,"[""Army's Paeon""]"
345595,370500,Caustic Bite (dot),20.0,2484.0,,Default Target,[],433040.0,"[""Army's Paeon""]"
368885,370845,Radiant Encore,1100.0,230742.0,,Default Target,['3 Encore'],3938578176.0,"['3 Encore', 'Battle Voice', 'Brotherhood', 'Chain Stratagem', 'Dokumori', 'Grade 4 Gemdraught', 'Radiant Finale', 'Raging Strikes', 'Starry Muse', ""The Wanderer's Minuet""]"
369945,370975,Empyreal Arrow,260.0,54535.0,,Default Target,[],220019793.0,"['Battle Voice', 'Brotherhood', 'Chain Stratagem', 'Dokumori', 'Grade 4 Gemdraught', 'Radiant Finale', 'Raging Strikes', 'Starry Muse', ""The Wanderer's Minuet""]"
370565,371365,Pitch Perfect,360.0,67544.0,0.8945,Default Target,['3 Repertoire'],421794024.0,"['Battle Voice', 'Brotherhood', 'Chain Stratagem', 'Dokumori', 'Grade 4 Gemdraught', 'Radiant Finale', 'Raging Strikes', 'Starry Muse', ""The Wanderer's Minuet""]"
370880,371638,Shot,80.0,14142.0,,Default Target,[],14794147.0,"['Battle Voice', 'Brotherhood', 'Chain Stratagem', 'Dokumori', 'Grade 4 Gemdraught', 'Radiant Finale', 'Raging Strikes', 'Starry Muse', ""The Wanderer's Minuet""]"
370565,372215,Heartbreak Shot,180.0,3982.0,0.1055,Default Target,[],105433557.0,"['Battle Voice', 'Brotherhood', 'Chain Stratagem', 'Dokumori', 'Grade 4 Gemdraught', 'Radiant Finale', 'Raging Strikes', 'Starry Muse', ""The Wanderer's Minuet""]"
371185,372655,Refulgent Arrow,280.0,15357.0,0.2615,Default Target,[],255108641.0,"['Battle Voice', 'Brotherhood', 'Chain Stratagem', 'Dokumori', 'Grade 4 Gemdraught', 'Radiant Finale', 'Raging Strikes', 'Starry Muse', ""The Wanderer's Minuet""]"
371185,372655,Burst Shot,220.0,34074.0,0.7385,Default Target,[],157481208.0,"['Battle Voice', 'Brotherhood', 'Chain Stratagem', 'Dokumori', 'Grade 4 Gemdraught', 'Radiant Finale', 'Raging Strikes', 'Starry Muse', ""The Wanderer's Minuet""]"
372423,372953,Sidewinder,400.0,83905.0,,Default Target,[],520791512.0,"['Battle Voice', 'Brotherhood', 'Chain Stratagem', 'Dokumori', 'Grade 4 Gemdraught', 'Radiant Finale', 'Raging Strikes', 'Starry Muse', ""The Wanderer's Minuet""]"
345595,373500,Stormbite (dot),25.0,3106.0,,Default Target,[],676866.0,"[""Army's Paeon""]"
345595,373500,Caustic Bite (dot),20.0,2484.0,,Default Target,[],433040.0,"[""Army's Paeon""]"
373043,373843,Pitch Perfect,360.0,5882.0,0.0779,Default Target,['3 Repertoire'],421794024.0,"['Battle Voice', 'Brotherhood', 'Chain Stratagem', 'Dokumori', 'Grade 4 Gemdraught', 'Radiant Finale', 'Raging Strikes', 'Starry Muse', ""The Wanderer's Minuet""]"
374295,374295,Barrage,,,,,,,[]
373920,374678,Shot,80.0,14142.0,,Default Target,[],14794147.0,"['Battle Voice', 'Brotherhood', 'Chain Stratagem', 'Dokumori', 'Grade 4 Gemdraught', 'Radiant Finale', 'Raging Strikes', 'Starry Muse', ""The Wanderer's Minuet""]"
373043,374693,Heartbreak Shot,180.0,33768.0,0.8945,Default Target,[],105433557.0,"['Battle Voice', 'Brotherhood', 'Chain Stratagem', 'Dokumori', 'Grade 4 Gemdraught', 'Radiant Finale', 'Raging Strikes', 'Starry Muse', ""The Wanderer's Minuet""]"
373675,374745,Apex Arrow,560.0,528.0,0.0045,Default Target,['80 Soul Voice'],1020677553.0,"['Battle Voice', 'Brotherhood', 'Chain Stratagem', 'Dokumori', 'Grade 4 Gemdraught', 'Radiant Finale', 'Raging Strikes', 'Starry Muse', ""The Wanderer's Minuet""]"
373675,374745,Apex Arrow,700.0,135454.0,0.9225,Default Target,['100 Soul Voice'],1594899963.0,"['Battle Voice', 'Brotherhood', 'Chain Stratagem', 'Dokumori', 'Grade 4 Gemdraught', 'Radiant Finale', 'Raging Strikes', 'Starry Muse', ""The Wanderer's Minuet""]"
373675,374745,Apex Arrow,630.0,2775.0,0.021,Default Target,['90 Soul Voice'],1291888018.0,"['Battle Voice', 'Brotherhood', 'Chain Stratagem', 'Dokumori', 'Grade 4 Gemdraught', 'Radiant Finale', 'Raging Strikes', 'Starry Muse', ""The Wanderer's Minuet""]"
373675,374745,Apex Arrow,490.0,30.0,0.0003,Default Target,['70 Soul Voice'],781512236.0,"['Battle Voice', 'Brotherhood', 'Chain Stratagem', 'Dokumori', 'Grade 4 Gemdraught', 'Radiant Finale', 'Raging Strikes', 'Starry Muse', ""The Wanderer's Minuet""]"
373675,374745,Apex Arrow,665.0,5663.0,0.0406,Default Target,['95 Soul Voice'],1439427984.0,"['Battle Voice', 'Brotherhood', 'Chain Stratagem', 'Dokumori', 'Grade 4 Gemdraught', 'Radiant Finale', 'Raging Strikes', 'Starry Muse', ""The Wanderer's Minuet""]"
373675,374745,Apex Arrow,595.0,1235.0,0.0099,Default Target,['85 Soul Voice'],1152310131.0,"['Battle Voice', 'Brotherhood', 'Chain Stratagem', 'Dokumori', 'Grade 4 Gemdraught', 'Radiant Finale', 'Raging Strikes', 'Starry Muse', ""The Wanderer's Minuet""]"
373675,374745,Apex Arrow,525.0,132.0,0.0012,Default Target,['75 Soul Voice'],897146150.0,"['Battle Voice', 'Brotherhood', 'Chain Stratagem', 'Dokumori', 'Grade 4 Gemdraught', 'Radiant Finale', 'Raging Strikes', 'Starry Muse', ""The Wanderer's Minuet""]"
345595,376500,Caustic Bite (dot),20.0,2484.0,,Default Target,[],433040.0,"[""Army's Paeon""]"
345595,376500,Stormbite (dot),25.0,3106.0,,Default Target,[],676866.0,"[""Army's Paeon""]"
374915,376565,Heartbreak Shot,180.0,18702.0,0.4954,Default Target,[],105433557.0,"['Battle Voice', 'Brotherhood', 'Chain Stratagem', 'Dokumori', 'Grade 4 Gemdraught', 'Radiant Finale', 'Raging Strikes', 'Starry Muse', ""The Wanderer's Minuet""]"
376815,377615,Pitch Perfect,360.0,1540.0,0.0204,Default Target,['3 Repertoire'],421794024.0,"['Battle Voice', 'Brotherhood', 'Chain Stratagem', 'Dokumori', 'Grade 4 Gemdraught', 'Radiant Finale', 'Raging Strikes', 'Starry Muse', ""The Wanderer's Minuet""]"
376165,377635,Burst Shot,220.0,46.0,0.001,Default Target,[],157481208.0,"['Battle Voice', 'Brotherhood', 'Chain Stratagem', 'Dokumori', 'Grade 4 Gemdraught', 'Radiant Finale', 'Raging Strikes', 'Starry Muse', ""The Wanderer's Minuet""]"
376165,377635,Refulgent Arrow,280.0,29.0,0.0005,Default Target,[],255108641.0,"['Battle Voice', 'Brotherhood', 'Chain Stratagem', 'Dokumori', 'Grade 4 Gemdraught', 'Radiant Finale', 'Raging Strikes', 'Starry Muse', ""The Wanderer's Minuet""]"
376960,377718,Shot,80.0,14142.0,,Default Target,[],14794147.0,"['Battle Voice', 'Brotherhood', 'Chain Stratagem', 'Dokumori', 'Grade 4 Gemdraught', 'Radiant Finale', 'Raging Strikes', 'Starry Muse', ""The Wanderer's Minuet""]"
376165,377815,Blast Arrow,700.0,146613.0,0.9985,Default Target,[],1594899963.0,"['Battle Voice', 'Brotherhood', 'Chain Stratagem', 'Dokumori', 'Grade 4 Gemdraught', 'Radiant Finale', 'Raging Strikes', 'Starry Muse', ""The Wanderer's Minuet""]"
345595,379500,Caustic Bite (dot),20.0,2484.0,,Default Target,[],433040.0,"[""Army's Paeon""]"
345595,379500,Stormbite (dot),25.0,3106.0,,Default Target,[],676866.0,"[""Army's Paeon""]"
378655,379815,Resonant Arrow,640.0,134246.0,,Default Target,[],1333195310.0,"['Battle Voice', 'Brotherhood', 'Chain Stratagem', 'Dokumori', 'Grade 4 Gemdraught', 'Radiant Finale', 'Raging Strikes', 'Starry Muse', ""The Wanderer's Minuet""]"
379305,380105,Pitch Perfect,360.0,34878.0,0.4619,Default Target,['3 Repertoire'],421794024.0,"['Battle Voice', 'Brotherhood', 'Chain Stratagem', 'Dokumori', 'Grade 4 Gemdraught', 'Radiant Finale', 'Raging Strikes', 'Starry Muse', ""The Wanderer's Minuet""]"
380000,380758,Shot,80.0,14142.0,,Default Target,[],14794147.0,"['Battle Voice', 'Brotherhood', 'Chain Stratagem', 'Dokumori', 'Grade 4 Gemdraught', 'Radiant Finale', 'Raging Strikes', 'Starry Muse', ""The Wanderer's Minuet""]"
345595,382500,Stormbite (dot),25.0,3106.0,,Default Target,[],676866.0,"[""Army's Paeon""]"
345595,382500,Caustic Bite (dot),20.0,2484.0,,Default Target,[],433040.0,"[""Army's Paeon""]"
381145,382615,Refulgent Arrow,280.0,58726.0,,Default Target,['Barrage'],255108641.0,"['Barrage', 'Battle Voice', 'Brotherhood', 'Chain Stratagem', 'Dokumori', 'Grade 4 Gemdraught', 'Radiant Finale', 'Raging Strikes', 'Starry Muse', ""The Wanderer's Minuet""]"
381145,382735,Refulgent Arrow,280.0,58726.0,,Default Target,[],255108641.0,"['Battle Voice', 'Brotherhood', 'Chain Stratagem', 'Dokumori', 'Grade 4 Gemdraught', 'Radiant Finale', 'Raging Strikes', 'Starry Muse', ""The Wanderer's Minuet""]"
381145,382855,Refulgent Arrow,280.0,58726.0,,Default Target,[],255108641.0,"['Battle Voice', 'Brotherhood', 'Chain Stratagem', 'Dokumori', 'Grade 4 Gemdraught', 'Radiant Finale', 'Raging Strikes', 'Starry Muse', ""The Wanderer's Minuet""]"
382445,383245,Pitch Perfect,360.0,23740.0,0.3144,Default Target,['3 Repertoire'],421794024.0,"['Battle Voice', 'Brotherhood', 'Chain Stratagem', 'Dokumori', 'Grade 4 Gemdraught', 'Radiant Finale', 'Raging Strikes', 'Starry Muse', ""The Wanderer's Minuet""]"
381795,383445,Heartbreak Shot,180.0,19049.0,0.5046,Default Target,[],105433557.0,"['Battle Voice', 'Brotherhood', 'Chain Stratagem', 'Dokumori', 'Grade 4 Gemdraught', 'Radiant Finale', 'Raging Strikes', 'Starry Muse', ""The Wanderer's Minuet""]"
383040,383798,Shot,80.0,14142.0,,Default Target,[],14794147.0,"['Battle Voice', 'Brotherhood', 'Chain Stratagem', 'Dokumori', 'Grade 4 Gemdraught', 'Radiant Finale', 'Raging Strikes', 'Starry Muse', ""The Wanderer's Minuet""]"
383635,384305,Iron Jaws,100.0,20972.0,,Default Target,[],32534770.0,"['Battle Voice', 'Brotherhood', 'Chain Stratagem', 'Dokumori', 'Grade 4 Gemdraught', 'Radiant Finale', 'Raging Strikes', 'Starry Muse', ""The Wanderer's Minuet""]"
383635,385500,Caustic Bite (dot),20.0,4197.0,,Default Target,[],1302751.0,"['Battle Voice', 'Brotherhood', 'Chain Stratagem', 'Dokumori', 'Grade 4 Gemdraught', 'Radiant Finale', 'Raging Strikes', 'Starry Muse', ""The Wanderer's Minuet""]"
383635,385500,Stormbite (dot),25.0,5246.0,,Default Target,[],2036097.0,"['Battle Voice', 'Brotherhood', 'Chain Stratagem', 'Dokumori', 'Grade 4 Gemdraught', 'Radiant Finale', 'Raging Strikes', 'Starry Muse', ""The Wanderer's Minuet""]"
384945,385975,Empyreal Arrow,260.0,54535.0,,Default Target,[],220019793.0,"['Battle Voice', 'Brotherhood', 'Chain Stratagem', 'Dokumori', 'Grade 4 Gemdraught', 'Radiant Finale', 'Raging Strikes', 'Starry Muse', ""The Wanderer's Minuet""]"
386080,386838,Shot,80.0,12837.0,,Default Target,[],11693361.0,"['Brotherhood', 'Dokumori', 'Grade 4 Gemdraught', 'Radiant Finale', 'Raging Strikes', 'Starry Muse', ""The Wanderer's Minuet""]"
386745,387545,Pitch Perfect,360.0,31161.0,0.506,Default Target,['3 Repertoire'],269115900.0,"['Dokumori', 'Grade 4 Gemdraught', 'Raging Strikes', 'Starry Muse', ""The Wanderer's Minuet""]"
386125,387595,Refulgent Arrow,280.0,27443.0,0.5148,Default Target,[],201627301.0,"['Brotherhood', 'Dokumori', 'Grade 4 Gemdraught', 'Radiant Finale', 'Raging Strikes', 'Starry Muse', ""The Wanderer's Minuet""]"
386125,387595,Burst Shot,220.0,20321.0,0.4852,Default Target,[],124466966.0,"['Brotherhood', 'Dokumori', 'Grade 4 Gemdraught', 'Radiant Finale', 'Raging Strikes', 'Starry Muse', ""The Wanderer's Minuet""]"
383635,388500,Caustic Bite (dot),20.0,4197.0,,Default Target,[],1302751.0,"['Battle Voice', 'Brotherhood', 'Chain Stratagem', 'Dokumori', 'Grade 4 Gemdraught', 'Radiant Finale', 'Raging Strikes', 'Starry Muse', ""The Wanderer's Minuet""]"
383635,388500,Stormbite (dot),25.0,5246.0,,Default Target,[],2036097.0,"['Battle Voice', 'Brotherhood', 'Chain Stratagem', 'Dokumori', 'Grade 4 Gemdraught', 'Radiant Finale', 'Raging Strikes', 'Starry Muse', ""The Wanderer's Minuet""]"
389120,389878,Shot,80.0,9097.0,,Default Target,[],5872065.0,"['Grade 4 Gemdraught', ""The Wanderer's Minuet""]"
389235,390035,Pitch Perfect,360.0,15902.0,0.3274,Default Target,['3 Repertoire'],167410585.0,"['Grade 4 Gemdraught', ""The Wanderer's Minuet""]"
388615,390085,Burst Shot,220.0,21927.0,0.7388,Default Target,[],62505535.0,"['Grade 4 Gemdraught', ""The Wanderer's Minuet""]"
388615,390085,Refulgent Arrow,280.0,9867.0,0.2612,Default Target,[],101252817.0,"['Grade 4 Gemdraught', ""The Wanderer's Minuet""]"
389235,390885,Heartbreak Shot,180.0,8164.0,0.3362,Default Target,[],41845817.0,"['Grade 4 Gemdraught', ""The Wanderer's Minuet""]"
383635,391500,Caustic Bite (dot),20.0,4197.0,,Default Target,[],1302751.0,"['Battle Voice', 'Brotherhood', 'Chain Stratagem', 'Dokumori', 'Grade 4 Gemdraught', 'Radiant Finale', 'Raging Strikes', 'Starry Muse', ""The Wanderer's Minuet""]"
383635,391500,Stormbite (dot),25.0,5246.0,,Default Target,[],2036097.0,"['Battle Voice', 'Brotherhood', 'Chain Stratagem', 'Dokumori', 'Grade 4 Gemdraught', 'Radiant Finale', 'Raging Strikes', 'Starry Muse', ""The Wanderer's Minuet""]"
389885,391535,Heartbreak Shot,180.0,3866.0,0.1592,Default Target,[],41845817.0,"['Grade 4 Gemdraught', ""The Wanderer's Minuet""]"
391756,392556,Pitch Perfect,360.0,5828.0,0.12,Default Target,['3 Repertoire'],167410585.0,"['Grade 4 Gemdraught', ""The Wanderer's Minuet""]"
391106,392576,Burst Shot,220.0,22037.0,0.7425,Default Target,[],62505535.0,"['Grade 4 Gemdraught', ""The Wanderer's Minuet""]"
391106,392576,Refulgent Arrow,280.0,9727.0,0.2575,Default Target,[],101252817.0,"['Grade 4 Gemdraught', ""The Wanderer's Minuet""]"
392160,392918,Shot,80.0,9097.0,,Default Target,[],5872065.0,"['Grade 4 Gemdraught', ""The Wanderer's Minuet""]"
383635,394500,Stormbite (dot),25.0,5246.0,,Default Target,[],2036097.0,"['Battle Voice', 'Brotherhood', 'Chain Stratagem', 'Dokumori', 'Grade 4 Gemdraught', 'Radiant Finale', 'Raging Strikes', 'Starry Muse', ""The Wanderer's Minuet""]"
383635,394500,Caustic Bite (dot),20.0,4197.0,,Default Target,[],1302751.0,"['Battle Voice', 'Brotherhood', 'Chain Stratagem', 'Dokumori', 'Grade 4 Gemdraught', 'Radiant Finale', 'Raging Strikes', 'Starry Muse', ""The Wanderer's Minuet""]"
394246,395046,Pitch Perfect,360.0,12902.0,0.2875,Default Target,['3 Repertoire'],142906103.0,"[""The Wanderer's Minuet""]"
393596,395066,Refulgent Arrow,280.0,9200.0,0.2636,Default Target,[],86437975.0,"[""The Wanderer's Minuet""]"
393596,395066,Burst Shot,220.0,20195.0,0.7364,Default Target,[],53360033.0,"[""The Wanderer's Minuet""]"
395200,395958,Shot,80.0,8405.0,,Default Target,[],5011860.0,"[""The Wanderer's Minuet""]"
383635,397500,Stormbite (dot),25.0,5246.0,,Default Target,[],2036097.0,"['Battle Voice', 'Brotherhood', 'Chain Stratagem', 'Dokumori', 'Grade 4 Gemdraught', 'Radiant Finale', 'Raging Strikes', 'Starry Muse', ""The Wanderer's Minuet""]"
383635,397500,Caustic Bite (dot),20.0,4197.0,,Default Target,[],1302751.0,"['Battle Voice', 'Brotherhood', 'Chain Stratagem', 'Dokumori', 'Grade 4 Gemdraught', 'Radiant Finale', 'Raging Strikes', 'Starry Muse', ""The Wanderer's Minuet""]"
396086,397556,Burst Shot,220.0,20277.0,0.7394,Default Target,[],53360033.0,"[""The Wanderer's Minuet""]"
396086,397556,Refulgent Arrow,280.0,9095.0,0.2606,Default Target,[],86437975.0,"[""The Wanderer's Minuet""]"
397386,398186,Pitch Perfect,360.0,15195.0,0.3386,Default Target,['3 Repertoire'],142906103.0,"[""The Wanderer's Minuet""]"
396736,398386,Heartbreak Shot,180.0,11320.0,0.5046,Default Target,[],35710415.0,"[""The Wanderer's Minuet""]"
398240,398998,Shot,80.0,8405.0,,Default Target,[],5011860.0,"[""The Wanderer's Minuet""]"
398576,400046,Burst Shot,220.0,20312.0,0.7407,Default Target,[],53360033.0,"[""The Wanderer's Minuet""]"
398576,400046,Refulgent Arrow,280.0,9050.0,0.2593,Default Target,[],86437975.0,"[""The Wanderer's Minuet""]"
383635,400500,Stormbite (dot),25.0,5246.0,,Default Target,[],2036097.0,"['Battle Voice', 'Brotherhood', 'Chain Stratagem', 'Dokumori', 'Grade 4 Gemdraught', 'Radiant Finale', 'Raging Strikes', 'Starry Muse', ""The Wanderer's Minuet""]"
383635,400500,Caustic Bite (dot),20.0,4197.0,,Default Target,[],1302751.0,"['Battle Voice', 'Brotherhood', 'Chain Stratagem', 'Dokumori', 'Grade 4 Gemdraught', 'Radiant Finale', 'Raging Strikes', 'Starry Muse', ""The Wanderer's Minuet""]"
401280,402038,Shot,80.0,8405.0,,Default Target,[],5011860.0,"[""The Wanderer's Minuet""]"
401686,402486,Pitch Perfect,360.0,10299.0,0.2295,Default Target,['3 Repertoire'],142906103.0,"[""The Wanderer's Minuet""]"
401066,402536,Refulgent Arrow,280.0,8893.0,0.2548,Default Target,[],86437975.0,"[""The Wanderer's Minuet""]"
401066,402536,Burst Shot,220.0,20436.0,0.7452,Default Target,[],53360033.0,"[""The Wanderer's Minuet""]"
402306,403336,Empyreal Arrow,260.0,32412.0,,Default Target,[],74545532.0,"[""The Wanderer's Minuet""]"
383635,403500,Stormbite (dot),25.0,5246.0,,Default Target,[],2036097.0,"['Battle Voice', 'Brotherhood', 'Chain Stratagem', 'Dokumori', 'Grade 4 Gemdraught', 'Radiant Finale', 'Raging Strikes', 'Starry Muse', ""The Wanderer's Minuet""]"
383635,403500,Caustic Bite (dot),20.0,4197.0,,Default Target,[],1302751.0,"['Battle Voice', 'Brotherhood', 'Chain Stratagem', 'Dokumori', 'Grade 4 Gemdraught', 'Radiant Finale', 'Raging Strikes', 'Starry Muse', ""The Wanderer's Minuet""]"
404176,404976,Pitch Perfect,360.0,27437.0,0.6114,Default Target,['3 Repertoire'],142906103.0,"[""The Wanderer's Minuet""]"
405002,405002,Mage's Ballad,,,,,,,[]
403556,405026,Burst Shot,220.0,20499.0,0.7475,Default Target,[],53360033.0,"[""The Wanderer's Minuet""]"
403556,405026,Refulgent Arrow,280.0,8812.0,0.2525,Default Target,[],86437975.0,"[""The Wanderer's Minuet""]"
404320,405078,Shot,80.0,8405.0,,Default Target,[],5011860.0,"[""The Wanderer's Minuet""]"
404826,405626,Pitch Perfect,220.0,9006.0,0.3284,Default Target,['2 Repertoire'],53360033.0,"[""The Wanderer's Minuet""]"
404826,405626,Pitch Perfect,100.0,750.0,0.0602,Default Target,['1 Repertoire'],11019144.0,"[""The Wanderer's Minuet""]"
404176,405826,Heartbreak Shot,180.0,4192.0,0.1869,Default Target,[],35710415.0,"[""The Wanderer's Minuet""]"
404826,406476,Heartbreak Shot,180.0,6920.0,0.3085,Default Target,[],35710415.0,"[""The Wanderer's Minuet""]"
383635,406500,Stormbite (dot),25.0,5246.0,,Default Target,[],2036097.0,"['Battle Voice', 'Brotherhood', 'Chain Stratagem', 'Dokumori', 'Grade 4 Gemdraught', 'Radiant Finale', 'Raging Strikes', 'Starry Muse', ""The Wanderer's Minuet""]"
383635,406500,Caustic Bite (dot),20.0,4197.0,,Default Target,[],1302751.0,"['Battle Voice', 'Brotherhood', 'Chain Stratagem', 'Dokumori', 'Grade 4 Gemdraught', 'Radiant Finale', 'Raging Strikes', 'Starry Muse', ""The Wanderer's Minuet""]"
406046,407516,Refulgent Arrow,280.0,9225.0,0.2645,Default Target,[],84842220.0,"[""Mage's Ballad""]"
406046,407516,Burst Shot,220.0,20156.0,0.7355,Default Target,[],52372485.0,"[""Mage's Ballad""]"
407360,408118,Shot,80.0,8399.0,,Default Target,[],4919160.0,"[""Mage's Ballad""]"
383635,409500,Caustic Bite (dot),20.0,4197.0,,Default Target,[],1302751.0,"['Battle Voice', 'Brotherhood', 'Chain Stratagem', 'Dokumori', 'Grade 4 Gemdraught', 'Radiant Finale', 'Raging Strikes', 'Starry Muse', ""The Wanderer's Minuet""]"
383635,409500,Stormbite (dot),25.0,5246.0,,Default Target,[],2036097.0,"['Battle Voice', 'Brotherhood', 'Chain Stratagem', 'Dokumori', 'Grade 4 Gemdraught', 'Radiant Finale', 'Raging Strikes', 'Starry Muse', ""The Wanderer's Minuet""]"
408536,410006,Refulgent Arrow,280.0,9002.0,0.2581,Default Target,[],84842220.0,"[""Mage's Ballad""]"
408536,410006,Burst Shot,220.0,20332.0,0.7419,Default Target,[],52372485.0,"[""Mage's Ballad""]"
409186,410836,Heartbreak Shot,180.0,9137.0,0.4076,Default Target,[],35051250.0,"[""Mage's Ballad""]"
410400,411158,Shot,80.0,8399.0,,Default Target,[],4919160.0,"[""Mage's Ballad""]"
411026,412496,Refulgent Arrow,280.0,8873.0,0.2544,Default Target,[],84842220.0,"[""Mage's Ballad""]"
411026,412496,Burst Shot,220.0,20433.0,0.7456,Default Target,[],52372485.0,"[""Mage's Ballad""]"
383635,412500,Stormbite (dot),25.0,5246.0,,Default Target,[],2036097.0,"['Battle Voice', 'Brotherhood', 'Chain Stratagem', 'Dokumori', 'Grade 4 Gemdraught', 'Radiant Finale', 'Raging Strikes', 'Starry Muse', ""The Wanderer's Minuet""]"
383635,412500,Caustic Bite (dot),20.0,4197.0,,Default Target,[],1302751.0,"['Battle Voice', 'Brotherhood', 'Chain Stratagem', 'Dokumori', 'Grade 4 Gemdraught', 'Radiant Finale', 'Raging Strikes', 'Starry Muse', ""The Wanderer's Minuet""]"
411646,413296,Heartbreak Shot,180.0,20250.0,0.9033,Default Target,[],35051250.0,"[""Mage's Ballad""]"
413440,414198,Shot,80.0,8399.0,,Default Target,[],4919160.0,"[""Mage's Ballad""]"
413516,414986,Burst Shot,220.0,20263.0,0.7394,Default Target,[],52372485.0,"[""Mage's Ballad""]"
413516,414986,Refulgent Arrow,280.0,9089.0,0.2606,Default Target,[],84842220.0,"[""Mage's Ballad""]"
383635,415500,Stormbite (dot),25.0,5246.0,,Default Target,[],2036097.0,"['Battle Voice', 'Brotherhood', 'Chain Stratagem', 'Dokumori', 'Grade 4 Gemdraught', 'Radiant Finale', 'Raging Strikes', 'Starry Muse', ""The Wanderer's Minuet""]"
383635,415500,Caustic Bite (dot),20.0,4197.0,,Default Target,[],1302751.0,"['Battle Voice', 'Brotherhood', 'Chain Stratagem', 'Dokumori', 'Grade 4 Gemdraught', 'Radiant Finale', 'Raging Strikes', 'Starry Muse', ""The Wanderer's Minuet""]"
414136,415786,Heartbreak Shot,180.0,8850.0,0.3948,Default Target,[],35051250.0,"[""Mage's Ballad""]"
416480,417238,Shot,80.0,8399.0,,Default Target,[],4919160.0,"[""Mage's Ballad""]"
416006,417476,Refulgent Arrow,280.0,9113.0,0.2613,Default Target,[],84842220.0,"[""Mage's Ballad""]"
416006,417476,Burst Shot,220.0,20244.0,0.7387,Default Target,[],52372485.0,"[""Mage's Ballad""]"
417306,418336,Empyreal Arrow,260.0,32390.0,,Default Target,[],73168674.0,"[""Mage's Ballad""]"
383635,418500,Caustic Bite (dot),20.0,4197.0,,Default Target,[],1302751.0,"['Battle Voice', 'Brotherhood', 'Chain Stratagem', 'Dokumori', 'Grade 4 Gemdraught', 'Radiant Finale', 'Raging Strikes', 'Starry Muse', ""The Wanderer's Minuet""]"
383635,418500,Stormbite (dot),25.0,5246.0,,Default Target,[],2036097.0,"['Battle Voice', 'Brotherhood', 'Chain Stratagem', 'Dokumori', 'Grade 4 Gemdraught', 'Radiant Finale', 'Raging Strikes', 'Starry Muse', ""The Wanderer's Minuet""]"
418496,419966,Refulgent Arrow,280.0,9103.0,0.261,Default Target,[],84842220.0,"[""Mage's Ballad""]"
418496,419966,Burst Shot,220.0,20252.0,0.739,Default Target,[],52372485.0,"[""Mage's Ballad""]"
419520,420278,Shot,80.0,8399.0,,Default Target,[],4919160.0,"[""Mage's Ballad""]"
419116,420766,Heartbreak Shot,180.0,22418.0,1.0,Default Target,[],35051250.0,"[""Mage's Ballad""]"
419766,421416,Heartbreak Shot,180.0,9057.0,0.404,Default Target,[],35051250.0,"[""Mage's Ballad""]"
383635,421500,Caustic Bite (dot),20.0,4197.0,,Default Target,[],1302751.0,"['Battle Voice', 'Brotherhood', 'Chain Stratagem', 'Dokumori', 'Grade 4 Gemdraught', 'Radiant Finale', 'Raging Strikes', 'Starry Muse', ""The Wanderer's Minuet""]"
383635,421500,Stormbite (dot),25.0,5246.0,,Default Target,[],2036097.0,"['Battle Voice', 'Brotherhood', 'Chain Stratagem', 'Dokumori', 'Grade 4 Gemdraught', 'Radiant Finale', 'Raging Strikes', 'Starry Muse', ""The Wanderer's Minuet""]"
420986,422456,Refulgent Arrow,280.0,9040.0,0.2592,Default Target,[],84842220.0,"[""Mage's Ballad""]"
420986,422456,Burst Shot,220.0,20301.0,0.7408,Default Target,[],52372485.0,"[""Mage's Ballad""]"
421606,423256,Heartbreak Shot,180.0,9012.0,0.402,Default Target,[],35051250.0,"[""Mage's Ballad""]"
422560,423318,Shot,80.0,8399.0,,Default Target,[],4919160.0,"[""Mage's Ballad""]"
383635,424500,Caustic Bite (dot),20.0,4197.0,,Default Target,[],1302751.0,"['Battle Voice', 'Brotherhood', 'Chain Stratagem', 'Dokumori', 'Grade 4 Gemdraught', 'Radiant Finale', 'Raging Strikes', 'Starry Muse', ""The Wanderer's Minuet""]"
383635,424500,Stormbite (dot),25.0,5246.0,,Default Target,[],2036097.0,"['Battle Voice', 'Brotherhood', 'Chain Stratagem', 'Dokumori', 'Grade 4 Gemdraught', 'Radiant Finale', 'Raging Strikes', 'Starry Muse', ""The Wanderer's Minuet""]"
423476,424946,Refulgent Arrow,280.0,8834.0,0.2533,Default Target,[],84842220.0,"[""Mage's Ballad""]"
423476,424946,Burst Shot,220.0,20463.0,0.7467,Default Target,[],52372485.0,"[""Mage's Ballad""]"
424096,425746,Heartbreak Shot,180.0,8938.0,0.3987,Default Target,[],35051250.0,"[""Mage's Ballad""]"
425600,426358,Shot,80.0,8399.0,,Default Target,[],4919160.0,"[""Mage's Ballad""]"
425966,427436,Burst Shot,220.0,20378.0,0.7436,Default Target,[],52372485.0,"[""Mage's Ballad""]"
425966,427436,Refulgent Arrow,280.0,8942.0,0.2564,Default Target,[],84842220.0,"[""Mage's Ballad""]"
383635,427500,Stormbite (dot),25.0,5246.0,,Default Target,[],2036097.0,"['Battle Voice', 'Brotherhood', 'Chain Stratagem', 'Dokumori', 'Grade 4 Gemdraught', 'Radiant Finale', 'Raging Strikes', 'Starry Muse', ""The Wanderer's Minuet""]"
383635,427500,Caustic Bite (dot),20.0,4197.0,,Default Target,[],1302751.0,"['Battle Voice', 'Brotherhood', 'Chain Stratagem', 'Dokumori', 'Grade 4 Gemdraught', 'Radiant Finale', 'Raging Strikes', 'Starry Muse', ""The Wanderer's Minuet""]"
426616,428266,Heartbreak Shot,180.0,20176.0,0.9,Default Target,[],35051250.0,"[""Mage's Ballad""]"
428456,429126,Iron Jaws,100.0,12454.0,,Default Target,[],10815750.0,"[""Mage's Ballad""]"
428640,429398,Shot,80.0,8399.0,,Default Target,[],4919160.0,"[""Mage's Ballad""]"
428456,430500,Caustic Bite (dot),20.0,2491.0,,Default Target,[],433030.0,"[""Mage's Ballad""]"
428456,430500,Stormbite (dot),25.0,3115.0,,Default Target,[],676797.0,"[""Mage's Ballad""]"
429076,430726,Heartbreak Shot,180.0,8962.0,0.3998,Default Target,[],35051250.0,"[""Mage's Ballad""]"
430946,432416,Refulgent Arrow,280.0,18527.0,0.5312,Default Target,[],84842220.0,"[""Mage's Ballad""]"
430946,432416,Burst Shot,220.0,12847.0,0.4688,Default Target,[],52372485.0,"[""Mage's Ballad""]"
431680,432438,Shot,80.0,8399.0,,Default Target,[],4919160.0,"[""Mage's Ballad""]"
432423,432953,Sidewinder,400.0,49833.0,,Default Target,[],173178944.0,"[""Mage's Ballad""]"
428456,433500,Caustic Bite (dot),20.0,2491.0,,Default Target,[],433030.0,"[""Mage's Ballad""]"
428456,433500,Stormbite (dot),25.0,3115.0,,Default Target,[],676797.0,"[""Mage's Ballad""]"
433436,434506,Apex Arrow,595.0,2787.0,0.0376,Default Target,['85 Soul Voice'],383169292.0,"[""Mage's Ballad""]"
433436,434506,Apex Arrow,455.0,85.0,0.0015,Default Target,['65 Soul Voice'],224072000.0,"[""Mage's Ballad""]"
433436,434506,Apex Arrow,665.0,6387.0,0.0771,Default Target,['95 Soul Voice'],478688599.0,"[""Mage's Ballad""]"
433436,434506,Apex Arrow,490.0,262.0,0.0043,Default Target,['70 Soul Voice'],259885405.0,"[""Mage's Ballad""]"
433436,434506,Apex Arrow,560.0,1290.0,0.0185,Default Target,['80 Soul Voice'],339444448.0,"[""Mage's Ballad""]"
433436,434506,Apex Arrow,525.0,595.0,0.0091,Default Target,['75 Soul Voice'],298307174.0,"[""Mage's Ballad""]"
433436,434506,Apex Arrow,700.0,69254.0,0.7941,Default Target,['100 Soul Voice'],530412149.0,"[""Mage's Ballad""]"
433436,434506,Apex Arrow,630.0,4528.0,0.0577,Default Target,['90 Soul Voice'],429601490.0,"[""Mage's Ballad""]"
433436,434506,Apex Arrow,420.0,5.0,0.0001,Default Target,['60 Soul Voice'],190932864.0,"[""Mage's Ballad""]"
434056,435086,Empyreal Arrow,260.0,32390.0,,Default Target,[],73168674.0,"[""Mage's Ballad""]"
434720,435478,Shot,80.0,8399.0,,Default Target,[],4919160.0,"[""Mage's Ballad""]"
434676,436326,Heartbreak Shot,180.0,22418.0,1.0,Default Target,[],35051250.0,"[""Mage's Ballad""]"
428456,436500,Caustic Bite (dot),20.0,2491.0,,Default Target,[],433030.0,"[""Mage's Ballad""]"
428456,436500,Stormbite (dot),25.0,3115.0,,Default Target,[],676797.0,"[""Mage's Ballad""]"
435926,437396,Refulgent Arrow,280.0,125.0,0.0036,Default Target,[],84842220.0,"[""Mage's Ballad""]"
435926,437396,Burst Shot,220.0,312.0,0.0114,Default Target,[],52372485.0,"[""Mage's Ballad""]"
435926,437576,Blast Arrow,700.0,85902.0,0.985,Default Target,[],530412149.0,"[""Mage's Ballad""]"
436576,438226,Heartbreak Shot,180.0,17995.0,0.8027,Default Target,[],35051250.0,"[""Mage's Ballad""]"
437760,438518,Shot,80.0,8399.0,,Default Target,[],4919160.0,"[""Mage's Ballad""]"
428456,439500,Stormbite (dot),25.0,3115.0,,Default Target,[],676797.0,"[""Mage's Ballad""]"
428456,439500,Caustic Bite (dot),20.0,2491.0,,Default Target,[],433030.0,"[""Mage's Ballad""]"
438416,439886,Burst Shot,220.0,20299.0,0.7407,Default Target,[],52372485.0,"[""Mage's Ballad""]"
438416,439886,Refulgent Arrow,280.0,9044.0,0.2593,Default Target,[],84842220.0,"[""Mage's Ballad""]"
439036,440686,Heartbreak Shot,180.0,9018.0,0.4023,Default Target,[],35051250.0,"[""Mage's Ballad""]"
440800,441558,Shot,80.0,8399.0,,Default Target,[],4919160.0,"[""Mage's Ballad""]"
442353,442353,Army's Paeon,,,,,,,[]
440906,442376,Refulgent Arrow,280.0,9166.0,0.2628,Default Target,[],84842220.0,"[""Mage's Ballad""]"
440906,442376,Burst Shot,220.0,20203.0,0.7372,Default Target,[],52372485.0,"[""Mage's Ballad""]"
428456,442500,Caustic Bite (dot),20.0,2491.0,,Default Target,[],433030.0,"[""Mage's Ballad""]"
428456,442500,Stormbite (dot),25.0,3115.0,,Default Target,[],676797.0,"[""Mage's Ballad""]"
441556,443206,Heartbreak Shot,180.0,20199.0,0.901,Default Target,[],35051250.0,"[""Mage's Ballad""]"
443840,444598,Shot,80.0,8374.0,,Default Target,[],4919831.0,"[""Army's Paeon""]"
443397,444867,Burst Shot,220.0,20159.0,0.7378,Default Target,[],52380421.0,"[""Army's Paeon""]"
443397,444867,Refulgent Arrow,280.0,9117.0,0.2622,Default Target,[],84850912.0,"[""Army's Paeon""]"
428456,445500,Stormbite (dot),25.0,3115.0,,Default Target,[],676797.0,"[""Mage's Ballad""]"
428456,445500,Caustic Bite (dot),20.0,2491.0,,Default Target,[],433030.0,"[""Mage's Ballad""]"
445887,447357,Refulgent Arrow,280.0,8999.0,0.2588,Default Target,[],84850912.0,"[""Army's Paeon""]"
445887,447357,Burst Shot,220.0,20252.0,0.7412,Default Target,[],52380421.0,"[""Army's Paeon""]"
446880,447638,Shot,80.0,8374.0,,Default Target,[],4919831.0,"[""Army's Paeon""]"
428456,448500,Caustic Bite (dot),20.0,2491.0,,Default Target,[],433030.0,"[""Mage's Ballad""]"
428456,448500,Stormbite (dot),25.0,3115.0,,Default Target,[],676797.0,"[""Mage's Ballad""]"
448277,449747,Refulgent Arrow,280.0,9010.0,0.2591,Default Target,[],84850912.0,"[""Army's Paeon""]"
448277,449747,Burst Shot,220.0,20243.0,0.7409,Default Target,[],52380421.0,"[""Army's Paeon""]"
449056,450086,Empyreal Arrow,260.0,32293.0,,Default Target,[],73176677.0,"[""Army's Paeon""]"
449920,450678,Shot,80.0,8374.0,,Default Target,[],4919831.0,"[""Army's Paeon""]"
449706,451356,Heartbreak Shot,180.0,11093.0,0.4963,Default Target,[],35054652.0,"[""Army's Paeon""]"
428456,451500,Caustic Bite (dot),20.0,2491.0,,Default Target,[],433030.0,"[""Mage's Ballad""]"
428456,451500,Stormbite (dot),25.0,3115.0,,Default Target,[],676797.0,"[""Mage's Ballad""]"
450667,452137,Refulgent Arrow,280.0,9257.0,0.2662,Default Target,[],84850912.0,"[""Army's Paeon""]"
450667,452137,Burst Shot,220.0,20049.0,0.7338,Default Target,[],52380421.0,"[""Army's Paeon""]"
452960,453718,Shot,80.0,8374.0,,Default Target,[],4919831.0,"[""Army's Paeon""]"
452857,454327,Refulgent Arrow,280.0,8655.0,0.2489,Default Target,[],84850912.0,"[""Army's Paeon""]"
452857,454327,Burst Shot,220.0,20522.0,0.7511,Default Target,[],52380421.0,"[""Army's Paeon""]"
428456,454500,Caustic Bite (dot),20.0,2491.0,,Default Target,[],433030.0,"[""Mage's Ballad""]"
428456,454500,Stormbite (dot),25.0,3115.0,,Default Target,[],676797.0,"[""Mage's Ballad""]"
455047,456517,Refulgent Arrow,280.0,9437.0,0.2714,Default Target,[],84850912.0,"[""Army's Paeon""]"
455047,456517,Burst Shot,220.0,19907.0,0.7286,Default Target,[],52380421.0,"[""Army's Paeon""]"
456000,456758,Shot,80.0,8374.0,,Default Target,[],4919831.0,"[""Army's Paeon""]"
428456,457500,Caustic Bite (dot),20.0,2491.0,,Default Target,[],433030.0,"[""Mage's Ballad""]"
428456,457500,Stormbite (dot),25.0,3115.0,,Default Target,[],676797.0,"[""Mage's Ballad""]"
456347,457997,Heartbreak Shot,180.0,11258.0,0.5037,Default Target,[],35054652.0,"[""Army's Paeon""]"
457137,458607,Burst Shot,220.0,19989.0,0.7316,Default Target,[],52380421.0,"[""Army's Paeon""]"
457137,458607,Refulgent Arrow,280.0,9333.0,0.2684,Default Target,[],84850912.0,"[""Army's Paeon""]"
459040,459798,Shot,80.0,8374.0,,Default Target,[],4919831.0,"[""Army's Paeon""]"
428456,460500,Caustic Bite (dot),20.0,2491.0,,Default Target,[],433030.0,"[""Mage's Ballad""]"
428456,460500,Stormbite (dot),25.0,3115.0,,Default Target,[],676797.0,"[""Mage's Ballad""]"
459227,460697,Burst Shot,220.0,20413.0,0.7471,Default Target,[],52380421.0,"[""Army's Paeon""]"
459227,460697,Refulgent Arrow,280.0,8794.0,0.2529,Default Target,[],84850912.0,"[""Army's Paeon""]"
461317,462787,Burst Shot,220.0,20129.0,0.7367,Default Target,[],52380421.0,"[""Army's Paeon""]"
461317,462787,Refulgent Arrow,280.0,9156.0,0.2633,Default Target,[],84850912.0,"[""Army's Paeon""]"
462080,462838,Shot,80.0,8374.0,,Default Target,[],4919831.0,"[""Army's Paeon""]"
428456,463500,Stormbite (dot),25.0,3115.0,,Default Target,[],676797.0,"[""Mage's Ballad""]"
428456,463500,Caustic Bite (dot),20.0,2491.0,,Default Target,[],433030.0,"[""Mage's Ballad""]"
463407,464877,Burst Shot,220.0,20380.0,0.7459,Default Target,[],52380421.0,"[""Army's Paeon""]"
463407,464877,Refulgent Arrow,280.0,8836.0,0.2541,Default Target,[],84850912.0,"[""Army's Paeon""]"
464056,465086,Empyreal Arrow,260.0,32293.0,,Default Target,[],73176677.0,"[""Army's Paeon""]"
465120,465878,Shot,80.0,8374.0,,Default Target,[],4919831.0,"[""Army's Paeon""]"
465497,466167,Iron Jaws,100.0,12417.0,,Default Target,[],10816899.0,"[""Army's Paeon""]"
465497,466500,Stormbite (dot),25.0,3106.0,,Default Target,[],676866.0,"[""Army's Paeon""]"
465497,466500,Caustic Bite (dot),20.0,2484.0,,Default Target,[],433040.0,"[""Army's Paeon""]"
468160,468918,Shot,80.0,8374.0,,Default Target,[],4919831.0,"[""Army's Paeon""]"
467587,469057,Refulgent Arrow,280.0,18194.0,0.5232,Default Target,[],84850912.0,"[""Army's Paeon""]"
467587,469057,Burst Shot,220.0,13027.0,0.4768,Default Target,[],52380421.0,"[""Army's Paeon""]"
465497,469500,Caustic Bite (dot),20.0,2484.0,,Default Target,[],433040.0,"[""Army's Paeon""]"
465497,469500,Stormbite (dot),25.0,3106.0,,Default Target,[],676866.0,"[""Army's Paeon""]"
469677,471147,Refulgent Arrow,280.0,9138.0,0.2628,Default Target,[],84850912.0,"[""Army's Paeon""]"
469677,471147,Burst Shot,220.0,20142.0,0.7372,Default Target,[],52380421.0,"[""Army's Paeon""]"
471200,471958,Shot,80.0,8374.0,,Default Target,[],4919831.0,"[""Army's Paeon""]"
465497,472500,Stormbite (dot),25.0,3106.0,,Default Target,[],676866.0,"[""Army's Paeon""]"
465497,472500,Caustic Bite (dot),20.0,2484.0,,Default Target,[],433040.0,"[""Army's Paeon""]"
471767,473237,Burst Shot,220.0,20282.0,0.7423,Default Target,[],52380421.0,"[""Army's Paeon""]"
471767,473237,Refulgent Arrow,280.0,8961.0,0.2577,Default Target,[],84850912.0,"[""Army's Paeon""]"
474240,474998,Shot,80.0,8374.0,,Default Target,[],4919831.0,"[""Army's Paeon""]"
473857,475327,Burst Shot,220.0,20427.0,0.7476,Default Target,[],52380421.0,"[""Army's Paeon""]"
473857,475327,Refulgent Arrow,280.0,8777.0,0.2524,Default Target,[],84850912.0,"[""Army's Paeon""]"
465497,475500,Stormbite (dot),25.0,3106.0,,Default Target,[],676866.0,"[""Army's Paeon""]"
465497,475500,Caustic Bite (dot),20.0,2484.0,,Default Target,[],433040.0,"[""Army's Paeon""]"
475947,477417,Refulgent Arrow,280.0,9037.0,0.2599,Default Target,[],84850912.0,"[""Army's Paeon""]"
475947,477417,Burst Shot,220.0,20222.0,0.7401,Default Target,[],52380421.0,"[""Army's Paeon""]"
477280,478038,Shot,80.0,8374.0,,Default Target,[],4919831.0,"[""Army's Paeon""]"
465497,478500,Caustic Bite (dot),20.0,2484.0,,Default Target,[],433040.0,"[""Army's Paeon""]"
465497,478500,Stormbite (dot),25.0,3106.0,,Default Target,[],676866.0,"[""Army's Paeon""]"
478037,479507,Burst Shot,220.0,20394.0,0.7464,Default Target,[],52380421.0,"[""Army's Paeon""]"
478037,479507,Refulgent Arrow,280.0,8818.0,0.2536,Default Target,[],84850912.0,"[""Army's Paeon""]"
479056,480086,Empyreal Arrow,260.0,32293.0,,Default Target,[],73176677.0,"[""Army's Paeon""]"
480953,480953,The Wanderer's Minuet,,,,,,,[]
480320,481078,Shot,80.0,8374.0,,Default Target,[],4919831.0,"[""Army's Paeon""]"
465497,481500,Caustic Bite (dot),20.0,2484.0,,Default Target,[],433040.0,"[""Army's Paeon""]"
465497,481500,Stormbite (dot),25.0,3106.0,,Default Target,[],676866.0,"[""Army's Paeon""]"
480127,481597,Refulgent Arrow,280.0,9124.0,0.2624,Default Target,[],84850912.0,"[""Army's Paeon""]"
480127,481597,Burst Shot,220.0,20153.0,0.7376,Default Target,[],52380421.0,"[""Army's Paeon""]"
482217,483687,Refulgent Arrow,280.0,9043.0,0.2591,Default Target,[],86437975.0,"[""The Wanderer's Minuet""]"
482217,483687,Burst Shot,220.0,20318.0,0.7409,Default Target,[],53360033.0,"[""The Wanderer's Minuet""]"
483360,484118,Shot,80.0,8405.0,,Default Target,[],5011860.0,"[""The Wanderer's Minuet""]"
465497,484500,Stormbite (dot),25.0,3106.0,,Default Target,[],676866.0,"[""Army's Paeon""]"
465497,484500,Caustic Bite (dot),20.0,2484.0,,Default Target,[],433040.0,"[""Army's Paeon""]"
485228,485228,Chain Stratagem,,,,,,,[]
485233,485233,Battle Voice,,,,,,,[]
485853,485853,Radiant Finale,,,,,,,[]
484407,485877,Burst Shot,220.0,20359.0,0.7424,Default Target,[],53360033.0,"[""The Wanderer's Minuet""]"
484407,485877,Refulgent Arrow,280.0,8990.0,0.2576,Default Target,[],86437975.0,"[""The Wanderer's Minuet""]"
486089,486089,Dokumori,,,,,,,[]
486277,486277,Brotherhood,,,,,,,[]
486305,486305,Starry Muse,,,,,,,[]
486438,486438,Starry Muse,,,,,,,[]
486400,487158,Shot,80.0,10208.0,,Default Target,[],7707775.0,"['Battle Voice', 'Chain Stratagem', 'Dokumori', 'Starry Muse', ""The Wanderer's Minuet""]"
487423,487423,Raging Strikes,,,,,,,[]
465497,487500,Stormbite (dot),25.0,3106.0,,Default Target,[],676866.0,"[""Army's Paeon""]"
465497,487500,Caustic Bite (dot),20.0,2484.0,,Default Target,[],433040.0,"[""Army's Paeon""]"
486597,488067,Burst Shot,220.0,26129.0,0.7401,Default Target,[],92207382.0,"['Battle Voice', 'Chain Stratagem', 'Dokumori', 'Radiant Finale', 'Starry Muse', ""The Wanderer's Minuet""]"
486597,488067,Refulgent Arrow,280.0,11678.0,0.2599,Default Target,[],149367605.0,"['Battle Voice', 'Chain Stratagem', 'Dokumori', 'Radiant Finale', 'Starry Muse', ""The Wanderer's Minuet""]"
488043,489693,Heartbreak Shot,180.0,34874.0,1.0,Default Target,[],89966761.0,"['Battle Voice', 'Brotherhood', 'Chain Stratagem', 'Dokumori', 'Radiant Finale', 'Raging Strikes', 'Starry Muse', ""The Wanderer's Minuet""]"
489440,490198,Shot,80.0,13065.0,,Default Target,[],12627461.0,"['Battle Voice', 'Brotherhood', 'Chain Stratagem', 'Dokumori', 'Radiant Finale', 'Raging Strikes', 'Starry Muse', ""The Wanderer's Minuet""]"
465497,490500,Stormbite (dot),25.0,3106.0,,Default Target,[],676866.0,"[""Army's Paeon""]"
465497,490500,Caustic Bite (dot),20.0,2484.0,,Default Target,[],433040.0,"[""Army's Paeon""]"
488787,490747,Radiant Encore,1100.0,213190.0,,Default Target,['3 Encore'],3362181042.0,"['3 Encore', 'Battle Voice', 'Brotherhood', 'Chain Stratagem', 'Dokumori', 'Radiant Finale', 'Raging Strikes', 'Starry Muse', ""The Wanderer's Minuet""]"
490027,490827,Pitch Perfect,360.0,35405.0,0.5075,Default Target,['3 Repertoire'],360059066.0,"['Battle Voice', 'Brotherhood', 'Chain Stratagem', 'Dokumori', 'Radiant Finale', 'Raging Strikes', 'Starry Muse', ""The Wanderer's Minuet""]"
489407,491057,Heartbreak Shot,180.0,34874.0,1.0,Default Target,[],89966761.0,"['Battle Voice', 'Brotherhood', 'Chain Stratagem', 'Dokumori', 'Radiant Finale', 'Raging Strikes', 'Starry Muse', ""The Wanderer's Minuet""]"
490977,492447,Burst Shot,220.0,31846.0,0.747,Default Target,[],134444323.0,"['Battle Voice', 'Brotherhood', 'Chain Stratagem', 'Dokumori', 'Radiant Finale', 'Raging Strikes', 'Starry Muse', ""The Wanderer's Minuet""]"
490977,492447,Refulgent Arrow,280.0,13727.0,0.253,Default Target,[],217786765.0,"['Battle Voice', 'Brotherhood', 'Chain Stratagem', 'Dokumori', 'Radiant Finale', 'Raging Strikes', 'Starry Muse', ""The Wanderer's Minuet""]"
492423,492953,Sidewinder,400.0,77521.0,,Default Target,[],444556124.0,"['Battle Voice', 'Brotherhood', 'Chain Stratagem', 'Dokumori', 'Radiant Finale', 'Raging Strikes', 'Starry Muse', ""The Wanderer's Minuet""]"
492480,493238,Shot,80.0,13065.0,,Default Target,[],12627461.0,"['Battle Voice', 'Brotherhood', 'Chain Stratagem', 'Dokumori', 'Radiant Finale', 'Raging Strikes', 'Starry Muse', ""The Wanderer's Minuet""]"
465497,493500,Stormbite (dot),25.0,3106.0,,Default Target,[],676866.0,"[""Army's Paeon""]"
465497,493500,Caustic Bite (dot),20.0,2484.0,,Default Target,[],433040.0,"[""Army's Paeon""]"
494087,494887,Pitch Perfect,360.0,21592.0,0.3095,Default Target,['3 Repertoire'],360059066.0,"['Battle Voice', 'Brotherhood', 'Chain Stratagem', 'Dokumori', 'Radiant Finale', 'Raging Strikes', 'Starry Muse', ""The Wanderer's Minuet""]"
493467,494937,Burst Shot,220.0,31488.0,0.7386,Default Target,[],134444323.0,"['Battle Voice', 'Brotherhood', 'Chain Stratagem', 'Dokumori', 'Radiant Finale', 'Raging Strikes', 'Starry Muse', ""The Wanderer's Minuet""]"
493467,494937,Refulgent Arrow,280.0,14183.0,0.2614,Default Target,[],217786765.0,"['Battle Voice', 'Brotherhood', 'Chain Stratagem', 'Dokumori', 'Radiant Finale', 'Raging Strikes', 'Starry Muse', ""The Wanderer's Minuet""]"
494087,495737,Heartbreak Shot,180.0,11871.0,0.3404,Default Target,[],89966761.0,"['Battle Voice', 'Brotherhood', 'Chain Stratagem', 'Dokumori', 'Radiant Finale', 'Raging Strikes', 'Starry Muse', ""The Wanderer's Minuet""]"
494707,495737,Empyreal Arrow,260.0,50387.0,,Default Target,[],187815018.0,"['Battle Voice', 'Brotherhood', 'Chain Stratagem', 'Dokumori', 'Radiant Finale', 'Raging Strikes', 'Starry Muse', ""The Wanderer's Minuet""]"
495520,496278,Shot,80.0,13065.0,,Default Target,[],12627461.0,"['Battle Voice', 'Brotherhood', 'Chain Stratagem', 'Dokumori', 'Radiant Finale', 'Raging Strikes', 'Starry Muse', ""The Wanderer's Minuet""]"
465497,496500,Caustic Bite (dot),20.0,2484.0,,Default Target,[],433040.0,"[""Army's Paeon""]"
465497,496500,Stormbite (dot),25.0,3106.0,,Default Target,[],676866.0,"[""Army's Paeon""]"
496577,496577,Barrage,,,,,,,[]
495957,497027,Apex Arrow,595.0,910.0,0.0079,Default Target,['85 Soul Voice'],983577654.0,"['Battle Voice', 'Brotherhood', 'Chain Stratagem', 'Dokumori', 'Radiant Finale', 'Raging Strikes', 'Starry Muse', ""The Wanderer's Minuet""]"
495957,497027,Apex Arrow,560.0,325.0,0.003,Default Target,['80 Soul Voice'],871332566.0,"['Battle Voice', 'Brotherhood', 'Chain Stratagem', 'Dokumori', 'Radiant Finale', 'Raging Strikes', 'Starry Muse', ""The Wanderer's Minuet""]"
495957,497027,Apex Arrow,525.0,30.0,0.0003,Default Target,['75 Soul Voice'],765735046.0,"['Battle Voice', 'Brotherhood', 'Chain Stratagem', 'Dokumori', 'Radiant Finale', 'Raging Strikes', 'Starry Muse', ""The Wanderer's Minuet""]"
495957,497027,Apex Arrow,665.0,5335.0,0.0414,Default Target,['95 Soul Voice'],1228775861.0,"['Battle Voice', 'Brotherhood', 'Chain Stratagem', 'Dokumori', 'Radiant Finale', 'Raging Strikes', 'Starry Muse', ""The Wanderer's Minuet""]"
495957,497027,Apex Arrow,630.0,2466.0,0.0202,Default Target,['90 Soul Voice'],1102759446.0,"['Battle Voice', 'Brotherhood', 'Chain Stratagem', 'Dokumori', 'Radiant Finale', 'Raging Strikes', 'Starry Muse', ""The Wanderer's Minuet""]"
495957,497027,Apex Arrow,700.0,125789.0,0.9272,Default Target,['100 Soul Voice'],1361522415.0,"['Battle Voice', 'Brotherhood', 'Chain Stratagem', 'Dokumori', 'Radiant Finale', 'Raging Strikes', 'Starry Muse', ""The Wanderer's Minuet""]"
497227,498027,Pitch Perfect,360.0,35140.0,0.5037,Default Target,['3 Repertoire'],360059066.0,"['Battle Voice', 'Brotherhood', 'Chain Stratagem', 'Dokumori', 'Radiant Finale', 'Raging Strikes', 'Starry Muse', ""The Wanderer's Minuet""]"
497227,498877,Heartbreak Shot,180.0,5436.0,0.1559,Default Target,[],89966761.0,"['Battle Voice', 'Brotherhood', 'Chain Stratagem', 'Dokumori', 'Radiant Finale', 'Raging Strikes', 'Starry Muse', ""The Wanderer's Minuet""]"
498560,499318,Shot,80.0,13065.0,,Default Target,[],12627461.0,"['Battle Voice', 'Brotherhood', 'Chain Stratagem', 'Dokumori', 'Radiant Finale', 'Raging Strikes', 'Starry Muse', ""The Wanderer's Minuet""]"
465497,499500,Caustic Bite (dot),20.0,2484.0,,Default Target,[],433040.0,"[""Army's Paeon""]"
465497,499500,Stormbite (dot),25.0,3106.0,,Default Target,[],676866.0,"[""Army's Paeon""]"
499097,499897,Pitch Perfect,360.0,23043.0,0.3303,Default Target,['3 Repertoire'],360059066.0,"['Battle Voice', 'Brotherhood', 'Chain Stratagem', 'Dokumori', 'Radiant Finale', 'Raging Strikes', 'Starry Muse', ""The Wanderer's Minuet""]"
498447,499917,Refulgent Arrow,280.0,5.0,0.0001,Default Target,[],217786765.0,"['Battle Voice', 'Brotherhood', 'Chain Stratagem', 'Dokumori', 'Radiant Finale', 'Raging Strikes', 'Starry Muse', ""The Wanderer's Minuet""]"
498447,499917,Burst Shot,220.0,8.0,0.0002,Default Target,[],134444323.0,"['Battle Voice', 'Brotherhood', 'Chain Stratagem', 'Dokumori', 'Radiant Finale', 'Raging Strikes', 'Starry Muse', ""The Wanderer's Minuet""]"
498447,500097,Blast Arrow,700.0,135625.0,0.9997,Default Target,[],1361522415.0,"['Battle Voice', 'Brotherhood', 'Chain Stratagem', 'Dokumori', 'Radiant Finale', 'Raging Strikes', 'Starry Muse', ""The Wanderer's Minuet""]"
500937,502097,Resonant Arrow,640.0,124030.0,,Default Target,[],1138016677.0,"['Battle Voice', 'Brotherhood', 'Chain Stratagem', 'Dokumori', 'Radiant Finale', 'Raging Strikes', 'Starry Muse', ""The Wanderer's Minuet""]"
501600,502358,Shot,80.0,13065.0,,Default Target,[],12627461.0,"['Battle Voice', 'Brotherhood', 'Chain Stratagem', 'Dokumori', 'Radiant Finale', 'Raging Strikes', 'Starry Muse', ""The Wanderer's Minuet""]"
465497,502500,Stormbite (dot),25.0,3106.0,,Default Target,[],676866.0,"[""Army's Paeon""]"
465497,502500,Caustic Bite (dot),20.0,2484.0,,Default Target,[],433040.0,"[""Army's Paeon""]"
502207,503007,Pitch Perfect,360.0,8169.0,0.1171,Default Target,['3 Repertoire'],360059066.0,"['Battle Voice', 'Brotherhood', 'Chain Stratagem', 'Dokumori', 'Radiant Finale', 'Raging Strikes', 'Starry Muse', ""The Wanderer's Minuet""]"
501557,503207,Heartbreak Shot,180.0,17566.0,0.5037,Default Target,[],89966761.0,"['Battle Voice', 'Brotherhood', 'Chain Stratagem', 'Dokumori', 'Radiant Finale', 'Raging Strikes', 'Starry Muse', ""The Wanderer's Minuet""]"
503427,504897,Refulgent Arrow,280.0,54258.0,,Default Target,['Barrage'],217786765.0,"['Barrage', 'Battle Voice', 'Brotherhood', 'Chain Stratagem', 'Dokumori', 'Radiant Finale', 'Raging Strikes', 'Starry Muse', ""The Wanderer's Minuet""]"
503427,505017,Refulgent Arrow,280.0,54258.0,,Default Target,[],217786765.0,"['Battle Voice', 'Brotherhood', 'Chain Stratagem', 'Dokumori', 'Radiant Finale', 'Raging Strikes', 'Starry Muse', ""The Wanderer's Minuet""]"
503427,505137,Refulgent Arrow,280.0,54258.0,,Default Target,[],217786765.0,"['Battle Voice', 'Brotherhood', 'Chain Stratagem', 'Dokumori', 'Radiant Finale', 'Raging Strikes', 'Starry Muse', ""The Wanderer's Minuet""]"
504640,505398,Shot,80.0,13065.0,,Default Target,[],12627461.0,"['Battle Voice', 'Brotherhood', 'Chain Stratagem', 'Dokumori', 'Radiant Finale', 'Raging Strikes', 'Starry Muse', ""The Wanderer's Minuet""]"
465497,505500,Caustic Bite (dot),20.0,2484.0,,Default Target,[],433040.0,"[""Army's Paeon""]"
465497,505500,Stormbite (dot),25.0,3106.0,,Default Target,[],676866.0,"[""Army's Paeon""]"
505917,506587,Iron Jaws,100.0,18514.0,,Default Target,[],25057643.0,"['Brotherhood', 'Chain Stratagem', 'Dokumori', 'Radiant Finale', 'Raging Strikes', 'Starry Muse', ""The Wanderer's Minuet""]"
506537,507337,Pitch Perfect,360.0,17492.0,0.2928,Default Target,['3 Repertoire'],253273397.0,"['Brotherhood', 'Dokumori', 'Raging Strikes', 'Starry Muse', ""The Wanderer's Minuet""]"
507680,508438,Shot,80.0,9665.0,,Default Target,[],6628836.0,"['Raging Strikes', ""The Wanderer's Minuet""]"
505917,508500,Stormbite (dot),25.0,4631.0,,Default Target,[],1568142.0,"['Brotherhood', 'Chain Stratagem', 'Dokumori', 'Radiant Finale', 'Raging Strikes', 'Starry Muse', ""The Wanderer's Minuet""]"
505917,508500,Caustic Bite (dot),20.0,3704.0,,Default Target,[],1002999.0,"['Brotherhood', 'Chain Stratagem', 'Dokumori', 'Radiant Finale', 'Raging Strikes', 'Starry Muse', ""The Wanderer's Minuet""]"
509057,509857,Pitch Perfect,360.0,14607.0,0.3255,Default Target,['3 Repertoire'],142906103.0,"[""The Wanderer's Minuet""]"
508407,509877,Refulgent Arrow,280.0,18166.0,0.5205,Default Target,[],86437975.0,"[""The Wanderer's Minuet""]"
508407,509877,Burst Shot,220.0,13149.0,0.4795,Default Target,[],53360033.0,"[""The Wanderer's Minuet""]"
509057,510707,Heartbreak Shot,180.0,7533.0,0.3358,Default Target,[],35710415.0,"[""The Wanderer's Minuet""]"
509707,510737,Empyreal Arrow,260.0,32412.0,,Default Target,[],74545532.0,"[""The Wanderer's Minuet""]"
510720,511478,Shot,80.0,8405.0,,Default Target,[],5011860.0,"[""The Wanderer's Minuet""]"
505917,511500,Caustic Bite (dot),20.0,3704.0,,Default Target,[],1002999.0,"['Brotherhood', 'Chain Stratagem', 'Dokumori', 'Radiant Finale', 'Raging Strikes', 'Starry Muse', ""The Wanderer's Minuet""]"
505917,511500,Stormbite (dot),25.0,4631.0,,Default Target,[],1568142.0,"['Brotherhood', 'Chain Stratagem', 'Dokumori', 'Radiant Finale', 'Raging Strikes', 'Starry Muse', ""The Wanderer's Minuet""]"
511547,512347,Pitch Perfect,360.0,24287.0,0.5412,Default Target,['3 Repertoire'],142906103.0,"[""The Wanderer's Minuet""]"
510897,512367,Burst Shot,220.0,20258.0,0.7387,Default Target,[],53360033.0,"[""The Wanderer's Minuet""]"
510897,512367,Refulgent Arrow,280.0,9120.0,0.2613,Default Target,[],86437975.0,"[""The Wanderer's Minuet""]"
511547,513197,Heartbreak Shot,180.0,3600.0,0.1605,Default Target,[],35710415.0,"[""The Wanderer's Minuet""]"
505917,514500,Stormbite (dot),25.0,4631.0,,Default Target,[],1568142.0,"['Brotherhood', 'Chain Stratagem', 'Dokumori', 'Radiant Finale', 'Raging Strikes', 'Starry Muse', ""The Wanderer's Minuet""]"
505917,514500,Caustic Bite (dot),20.0,3704.0,,Default Target,[],1002999.0,"['Brotherhood', 'Chain Stratagem', 'Dokumori', 'Radiant Finale', 'Raging Strikes', 'Starry Muse', ""The Wanderer's Minuet""]"
513760,514518,Shot,80.0,8405.0,,Default Target,[],5011860.0,"[""The Wanderer's Minuet""]"
514036,514836,Pitch Perfect,360.0,13718.0,0.3057,Default Target,['3 Repertoire'],142906103.0,"[""The Wanderer's Minuet""]"
513386,514856,Refulgent Arrow,280.0,9165.0,0.2626,Default Target,[],86437975.0,"[""The Wanderer's Minuet""]"
513386,514856,Burst Shot,220.0,20222.0,0.7374,Default Target,[],53360033.0,"[""The Wanderer's Minuet""]"
515876,517346,Refulgent Arrow,280.0,9137.0,0.2618,Default Target,[],86437975.0,"[""The Wanderer's Minuet""]"
515876,517346,Burst Shot,220.0,20244.0,0.7382,Default Target,[],53360033.0,"[""The Wanderer's Minuet""]"
505917,517500,Stormbite (dot),25.0,4631.0,,Default Target,[],1568142.0,"['Brotherhood', 'Chain Stratagem', 'Dokumori', 'Radiant Finale', 'Raging Strikes', 'Starry Muse', ""The Wanderer's Minuet""]"
505917,517500,Caustic Bite (dot),20.0,3704.0,,Default Target,[],1002999.0,"['Brotherhood', 'Chain Stratagem', 'Dokumori', 'Radiant Finale', 'Raging Strikes', 'Starry Muse', ""The Wanderer's Minuet""]"
516800,517558,Shot,80.0,8405.0,,Default Target,[],5011860.0,"[""The Wanderer's Minuet""]"
517176,517976,Pitch Perfect,360.0,4761.0,0.1061,Default Target,['3 Repertoire'],142906103.0,"[""The Wanderer's Minuet""]"
516526,518176,Heartbreak Shot,180.0,11299.0,0.5037,Default Target,[],35710415.0,"[""The Wanderer's Minuet""]"
518366,519836,Refulgent Arrow,280.0,8983.0,0.2574,Default Target,[],86437975.0,"[""The Wanderer's Minuet""]"
518366,519836,Burst Shot,220.0,20365.0,0.7426,Default Target,[],53360033.0,"[""The Wanderer's Minuet""]"
505917,520500,Stormbite (dot),25.0,4631.0,,Default Target,[],1568142.0,"['Brotherhood', 'Chain Stratagem', 'Dokumori', 'Radiant Finale', 'Raging Strikes', 'Starry Muse', ""The Wanderer's Minuet""]"
505917,520500,Caustic Bite (dot),20.0,3704.0,,Default Target,[],1002999.0,"['Brotherhood', 'Chain Stratagem', 'Dokumori', 'Radiant Finale', 'Raging Strikes', 'Starry Muse', ""The Wanderer's Minuet""]"
519840,520598,Shot,80.0,8405.0,,Default Target,[],5011860.0,"[""The Wanderer's Minuet""]"
521507,522307,Pitch Perfect,360.0,13974.0,0.3114,Default Target,['3 Repertoire'],142906103.0,"[""The Wanderer's Minuet""]"
520857,522327,Refulgent Arrow,280.0,9039.0,0.259,Default Target,[],86437975.0,"[""The Wanderer's Minuet""]"
520857,522327,Burst Shot,220.0,20321.0,0.741,Default Target,[],53360033.0,"[""The Wanderer's Minuet""]"
505917,523500,Stormbite (dot),25.0,4631.0,,Default Target,[],1568142.0,"['Brotherhood', 'Chain Stratagem', 'Dokumori', 'Radiant Finale', 'Raging Strikes', 'Starry Muse', ""The Wanderer's Minuet""]"
505917,523500,Caustic Bite (dot),20.0,3704.0,,Default Target,[],1002999.0,"['Brotherhood', 'Chain Stratagem', 'Dokumori', 'Radiant Finale', 'Raging Strikes', 'Starry Muse', ""The Wanderer's Minuet""]"
522880,523638,Shot,80.0,8405.0,,Default Target,[],5011860.0,"[""The Wanderer's Minuet""]"
523967,524767,Pitch Perfect,360.0,14791.0,0.3296,Default Target,['3 Repertoire'],142906103.0,"[""The Wanderer's Minuet""]"
523347,524817,Burst Shot,220.0,20356.0,0.7423,Default Target,[],53360033.0,"[""The Wanderer's Minuet""]"
523347,524817,Refulgent Arrow,280.0,8994.0,0.2577,Default Target,[],86437975.0,"[""The Wanderer's Minuet""]"
525002,525002,Mage's Ballad,,,,,,,[]
524617,525417,Pitch Perfect,220.0,7549.0,0.2753,Default Target,['2 Repertoire'],53360033.0,"[""The Wanderer's Minuet""]"
524617,525417,Pitch Perfect,100.0,4059.0,0.3257,Default Target,['1 Repertoire'],11019144.0,"[""The Wanderer's Minuet""]"
523967,525617,Heartbreak Shot,180.0,7551.0,0.3366,Default Target,[],35710415.0,"[""The Wanderer's Minuet""]"
524617,526267,Heartbreak Shot,180.0,3582.0,0.1597,Default Target,[],35710415.0,"[""The Wanderer's Minuet""]"
505917,526500,Stormbite (dot),25.0,4631.0,,Default Target,[],1568142.0,"['Brotherhood', 'Chain Stratagem', 'Dokumori', 'Radiant Finale', 'Raging Strikes', 'Starry Muse', ""The Wanderer's Minuet""]"
505917,526500,Caustic Bite (dot),20.0,3704.0,,Default Target,[],1002999.0,"['Brotherhood', 'Chain Stratagem', 'Dokumori', 'Radiant Finale', 'Raging Strikes', 'Starry Muse', ""The Wanderer's Minuet""]"
525920,526678,Shot,80.0,8399.0,,Default Target,[],4919160.0,"[""Mage's Ballad""]"
525838,527308,Refulgent Arrow,280.0,9103.0,0.261,Default Target,[],84842220.0,"[""Mage's Ballad""]"
525838,527308,Burst Shot,220.0,20252.0,0.739,Default Target,[],52372485.0,"[""Mage's Ballad""]"
526458,527488,Empyreal Arrow,260.0,32390.0,,Default Target,[],73168674.0,"[""Mage's Ballad""]"
527078,528728,Heartbreak Shot,180.0,11292.0,0.5037,Default Target,[],35051250.0,"[""Mage's Ballad""]"
505917,529500,Caustic Bite (dot),20.0,3704.0,,Default Target,[],1002999.0,"['Brotherhood', 'Chain Stratagem', 'Dokumori', 'Radiant Finale', 'Raging Strikes', 'Starry Muse', ""The Wanderer's Minuet""]"
505917,529500,Stormbite (dot),25.0,4631.0,,Default Target,[],1568142.0,"['Brotherhood', 'Chain Stratagem', 'Dokumori', 'Radiant Finale', 'Raging Strikes', 'Starry Muse', ""The Wanderer's Minuet""]"
528960,529718,Shot,80.0,8399.0,,Default Target,[],4919160.0,"[""Mage's Ballad""]"
528328,529798,Refulgent Arrow,280.0,8949.0,0.2566,Default Target,[],84842220.0,"[""Mage's Ballad""]"
528328,529798,Burst Shot,220.0,20373.0,0.7434,Default Target,[],52372485.0,"[""Mage's Ballad""]"
528978,530628,Heartbreak Shot,180.0,8985.0,0.4008,Default Target,[],35051250.0,"[""Mage's Ballad""]"
530818,532288,Refulgent Arrow,280.0,9103.0,0.261,Default Target,[],84842220.0,"[""Mage's Ballad""]"
530818,532288,Burst Shot,220.0,20252.0,0.739,Default Target,[],52372485.0,"[""Mage's Ballad""]"
505917,532500,Caustic Bite (dot),20.0,3704.0,,Default Target,[],1002999.0,"['Brotherhood', 'Chain Stratagem', 'Dokumori', 'Radiant Finale', 'Raging Strikes', 'Starry Muse', ""The Wanderer's Minuet""]"
505917,532500,Stormbite (dot),25.0,4631.0,,Default Target,[],1568142.0,"['Brotherhood', 'Chain Stratagem', 'Dokumori', 'Radiant Finale', 'Raging Strikes', 'Starry Muse', ""The Wanderer's Minuet""]"
532000,532758,Shot,80.0,8399.0,,Default Target,[],4919160.0,"[""Mage's Ballad""]"
531468,533118,Heartbreak Shot,180.0,20176.0,0.9,Default Target,[],35051250.0,"[""Mage's Ballad""]"
533308,534778,Refulgent Arrow,280.0,9124.0,0.2616,Default Target,[],84842220.0,"[""Mage's Ballad""]"
533308,534778,Burst Shot,220.0,20236.0,0.7384,Default Target,[],52372485.0,"[""Mage's Ballad""]"
505917,535500,Caustic Bite (dot),20.0,3704.0,,Default Target,[],1002999.0,"['Brotherhood', 'Chain Stratagem', 'Dokumori', 'Radiant Finale', 'Raging Strikes', 'Starry Muse', ""The Wanderer's Minuet""]"
505917,535500,Stormbite (dot),25.0,4631.0,,Default Target,[],1568142.0,"['Brotherhood', 'Chain Stratagem', 'Dokumori', 'Radiant Finale', 'Raging Strikes', 'Starry Muse', ""The Wanderer's Minuet""]"
535040,535798,Shot,80.0,8399.0,,Default Target,[],4919160.0,"[""Mage's Ballad""]"
534608,536258,Heartbreak Shot,180.0,8971.0,0.4002,Default Target,[],35051250.0,"[""Mage's Ballad""]"
535798,537268,Refulgent Arrow,280.0,9047.0,0.2594,Default Target,[],84842220.0,"[""Mage's Ballad""]"
535798,537268,Burst Shot,220.0,20296.0,0.7406,Default Target,[],52372485.0,"[""Mage's Ballad""]"
505917,538500,Caustic Bite (dot),20.0,3704.0,,Default Target,[],1002999.0,"['Brotherhood', 'Chain Stratagem', 'Dokumori', 'Radiant Finale', 'Raging Strikes', 'Starry Muse', ""The Wanderer's Minuet""]"
505917,538500,Stormbite (dot),25.0,4631.0,,Default Target,[],1568142.0,"['Brotherhood', 'Chain Stratagem', 'Dokumori', 'Radiant Finale', 'Raging Strikes', 'Starry Muse', ""The Wanderer's Minuet""]"
537068,538718,Heartbreak Shot,180.0,9005.0,0.4017,Default Target,[],35051250.0,"[""Mage's Ballad""]"
538080,538838,Shot,80.0,8399.0,,Default Target,[],4919160.0,"[""Mage's Ballad""]"
538288,539758,Burst Shot,220.0,20359.0,0.7429,Default Target,[],52372485.0,"[""Mage's Ballad""]"
538288,539758,Refulgent Arrow,280.0,8967.0,0.2571,Default Target,[],84842220.0,"[""Mage's Ballad""]"
538908,540558,Heartbreak Shot,180.0,11182.0,0.4988,Default Target,[],35051250.0,"[""Mage's Ballad""]"
505917,541500,Stormbite (dot),25.0,4631.0,,Default Target,[],1568142.0,"['Brotherhood', 'Chain Stratagem', 'Dokumori', 'Radiant Finale', 'Raging Strikes', 'Starry Muse', ""The Wanderer's Minuet""]"
505917,541500,Caustic Bite (dot),20.0,3704.0,,Default Target,[],1002999.0,"['Brotherhood', 'Chain Stratagem', 'Dokumori', 'Radiant Finale', 'Raging Strikes', 'Starry Muse', ""The Wanderer's Minuet""]"
541120,541878,Shot,80.0,8399.0,,Default Target,[],4919160.0,"[""Mage's Ballad""]"
540778,542248,Refulgent Arrow,280.0,8967.0,0.2571,Default Target,[],84842220.0,"[""Mage's Ballad""]"
540778,542248,Burst Shot,220.0,20359.0,0.7429,Default Target,[],52372485.0,"[""Mage's Ballad""]"
541458,542488,Empyreal Arrow,260.0,32390.0,,Default Target,[],73168674.0,"[""Mage's Ballad""]"
542078,543728,Heartbreak Shot,180.0,20113.0,0.8972,Default Target,[],35051250.0,"[""Mage's Ballad""]"
505917,544500,Caustic Bite (dot),20.0,3704.0,,Default Target,[],1002999.0,"['Brotherhood', 'Chain Stratagem', 'Dokumori', 'Radiant Finale', 'Raging Strikes', 'Starry Muse', ""The Wanderer's Minuet""]"
505917,544500,Stormbite (dot),25.0,4631.0,,Default Target,[],1568142.0,"['Brotherhood', 'Chain Stratagem', 'Dokumori', 'Radiant Finale', 'Raging Strikes', 'Starry Muse', ""The Wanderer's Minuet""]"
543268,544738,Refulgent Arrow,280.0,9298.0,0.2666,Default Target,[],84842220.0,"[""Mage's Ballad""]"
543268,544738,Burst Shot,220.0,20099.0,0.7334,Default Target,[],52372485.0,"[""Mage's Ballad""]"
544160,544918,Shot,80.0,8399.0,,Default Target,[],4919160.0,"[""Mage's Ballad""]"
543918,545568,Heartbreak Shot,180.0,8989.0,0.401,Default Target,[],35051250.0,"[""Mage's Ballad""]"
545758,547228,Refulgent Arrow,280.0,8667.0,0.2485,Default Target,[],84842220.0,"[""Mage's Ballad""]"
545758,547228,Burst Shot,220.0,20595.0,0.7515,Default Target,[],52372485.0,"[""Mage's Ballad""]"
505917,547500,Caustic Bite (dot),20.0,3704.0,,Default Target,[],1002999.0,"['Brotherhood', 'Chain Stratagem', 'Dokumori', 'Radiant Finale', 'Raging Strikes', 'Starry Muse', ""The Wanderer's Minuet""]"
505917,547500,Stormbite (dot),25.0,4631.0,,Default Target,[],1568142.0,"['Brotherhood', 'Chain Stratagem', 'Dokumori', 'Radiant Finale', 'Raging Strikes', 'Starry Muse', ""The Wanderer's Minuet""]"
547200,547958,Shot,80.0,8399.0,,Default Target,[],4919160.0,"[""Mage's Ballad""]"
546408,548058,Heartbreak Shot,180.0,20154.0,0.899,Default Target,[],35051250.0,"[""Mage's Ballad""]"
548248,549718,Refulgent Arrow,280.0,9113.0,0.2613,Default Target,[],84842220.0,"[""Mage's Ballad""]"
548248,549718,Burst Shot,220.0,20244.0,0.7387,Default Target,[],52372485.0,"[""Mage's Ballad""]"
505917,550500,Caustic Bite (dot),20.0,3704.0,,Default Target,[],1002999.0,"['Brotherhood', 'Chain Stratagem', 'Dokumori', 'Radiant Finale', 'Raging Strikes', 'Starry Muse', ""The Wanderer's Minuet""]"
505917,550500,Stormbite (dot),25.0,4631.0,,Default Target,[],1568142.0,"['Brotherhood', 'Chain Stratagem', 'Dokumori', 'Radiant Finale', 'Raging Strikes', 'Starry Muse', ""The Wanderer's Minuet""]"
550240,550998,Shot,80.0,8399.0,,Default Target,[],4919160.0,"[""Mage's Ballad""]"
549518,551168,Heartbreak Shot,180.0,8920.0,0.3979,Default Target,[],35051250.0,"[""Mage's Ballad""]"
550738,551408,Iron Jaws,100.0,12454.0,,Default Target,[],10815750.0,"[""Mage's Ballad""]"
552423,552953,Sidewinder,400.0,49833.0,,Default Target,[],173178944.0,"[""Mage's Ballad""]"
550738,553500,Stormbite (dot),25.0,3115.0,,Default Target,[],676797.0,"[""Mage's Ballad""]"
550738,553500,Caustic Bite (dot),20.0,2491.0,,Default Target,[],433030.0,"[""Mage's Ballad""]"
553280,554038,Shot,80.0,8399.0,,Default Target,[],4919160.0,"[""Mage's Ballad""]"
553228,554698,Burst Shot,220.0,13173.0,0.4807,Default Target,[],52372485.0,"[""Mage's Ballad""]"
553228,554698,Refulgent Arrow,280.0,18112.0,0.5193,Default Target,[],84842220.0,"[""Mage's Ballad""]"
553878,555528,Heartbreak Shot,180.0,20347.0,0.9076,Default Target,[],35051250.0,"[""Mage's Ballad""]"
550738,556500,Stormbite (dot),25.0,3115.0,,Default Target,[],676797.0,"[""Mage's Ballad""]"
550738,556500,Caustic Bite (dot),20.0,2491.0,,Default Target,[],433030.0,"[""Mage's Ballad""]"
556320,557078,Shot,80.0,8399.0,,Default Target,[],4919160.0,"[""Mage's Ballad""]"
555718,557188,Burst Shot,220.0,20269.0,0.7396,Default Target,[],52372485.0,"[""Mage's Ballad""]"
555718,557188,Refulgent Arrow,280.0,9082.0,0.2604,Default Target,[],84842220.0,"[""Mage's Ballad""]"
556338,557988,Heartbreak Shot,180.0,8893.0,0.3967,Default Target,[],35051250.0,"[""Mage's Ballad""]"
556958,557988,Empyreal Arrow,260.0,32390.0,,Default Target,[],73168674.0,"[""Mage's Ballad""]"
558208,559278,Apex Arrow,455.0,5.0,0.0001,Default Target,['65 Soul Voice'],224072000.0,"[""Mage's Ballad""]"
558208,559278,Apex Arrow,595.0,896.0,0.0121,Default Target,['85 Soul Voice'],383169292.0,"[""Mage's Ballad""]"
558208,559278,Apex Arrow,665.0,3811.0,0.046,Default Target,['95 Soul Voice'],478688599.0,"[""Mage's Ballad""]"
558208,559278,Apex Arrow,560.0,341.0,0.0049,Default Target,['80 Soul Voice'],339444448.0,"[""Mage's Ballad""]"
558208,559278,Apex Arrow,630.0,2009.0,0.0256,Default Target,['90 Soul Voice'],429601490.0,"[""Mage's Ballad""]"
558208,559278,Apex Arrow,700.0,79283.0,0.9091,Default Target,['100 Soul Voice'],530412149.0,"[""Mage's Ballad""]"
558208,559278,Apex Arrow,525.0,117.0,0.0018,Default Target,['75 Soul Voice'],298307174.0,"[""Mage's Ballad""]"
558208,559278,Apex Arrow,490.0,24.0,0.0004,Default Target,['70 Soul Voice'],259885405.0,"[""Mage's Ballad""]"
550738,559500,Caustic Bite (dot),20.0,2491.0,,Default Target,[],433030.0,"[""Mage's Ballad""]"
550738,559500,Stormbite (dot),25.0,3115.0,,Default Target,[],676797.0,"[""Mage's Ballad""]"
559360,560118,Shot,80.0,8399.0,,Default Target,[],4919160.0,"[""Mage's Ballad""]"
558828,560478,Heartbreak Shot,180.0,20033.0,0.8936,Default Target,[],35051250.0,"[""Mage's Ballad""]"
560698,562168,Refulgent Arrow,280.0,27.0,0.0008,Default Target,[],84842220.0,"[""Mage's Ballad""]"
560698,562168,Burst Shot,220.0,41.0,0.0015,Default Target,[],52372485.0,"[""Mage's Ballad""]"
560698,562348,Blast Arrow,700.0,87010.0,0.9977,Default Target,[],530412149.0,"[""Mage's Ballad""]"
562353,562353,Army's Paeon,,,,,,,[]
550738,562500,Stormbite (dot),25.0,3115.0,,Default Target,[],676797.0,"[""Mage's Ballad""]"
550738,562500,Caustic Bite (dot),20.0,2491.0,,Default Target,[],433030.0,"[""Mage's Ballad""]"
561318,562968,Heartbreak Shot,180.0,20225.0,0.9022,Default Target,[],35051250.0,"[""Mage's Ballad""]"
562400,563158,Shot,80.0,8374.0,,Default Target,[],4919831.0,"[""Army's Paeon""]"
563188,564658,Burst Shot,220.0,20224.0,0.7402,Default Target,[],52380421.0,"[""Army's Paeon""]"
563188,564658,Refulgent Arrow,280.0,9034.0,0.2598,Default Target,[],84850912.0,"[""Army's Paeon""]"
550738,565500,Caustic Bite (dot),20.0,2491.0,,Default Target,[],433030.0,"[""Mage's Ballad""]"
550738,565500,Stormbite (dot),25.0,3115.0,,Default Target,[],676797.0,"[""Mage's Ballad""]"
565440,566198,Shot,80.0,8374.0,,Default Target,[],4919831.0,"[""Army's Paeon""]"
565678,567148,Burst Shot,220.0,20104.0,0.7358,Default Target,[],52380421.0,"[""Army's Paeon""]"
565678,567148,Refulgent Arrow,280.0,9187.0,0.2642,Default Target,[],84850912.0,"[""Army's Paeon""]"
550738,568500,Caustic Bite (dot),20.0,2491.0,,Default Target,[],433030.0,"[""Mage's Ballad""]"
550738,568500,Stormbite (dot),25.0,3115.0,,Default Target,[],676797.0,"[""Mage's Ballad""]"
568480,569238,Shot,80.0,8374.0,,Default Target,[],4919831.0,"[""Army's Paeon""]"
568168,569638,Refulgent Arrow,280.0,8818.0,0.2536,Default Target,[],84850912.0,"[""Army's Paeon""]"
568168,569638,Burst Shot,220.0,20394.0,0.7464,Default Target,[],52380421.0,"[""Army's Paeon""]"
568818,570468,Heartbreak Shot,180.0,11137.0,0.4983,Default Target,[],35054652.0,"[""Army's Paeon""]"
550738,571500,Caustic Bite (dot),20.0,2491.0,,Default Target,[],433030.0,"[""Mage's Ballad""]"
550738,571500,Stormbite (dot),25.0,3115.0,,Default Target,[],676797.0,"[""Mage's Ballad""]"
570658,572128,Refulgent Arrow,280.0,9270.0,0.2666,Default Target,[],84850912.0,"[""Army's Paeon""]"
570658,572128,Burst Shot,220.0,20039.0,0.7334,Default Target,[],52380421.0,"[""Army's Paeon""]"
571520,572278,Shot,80.0,8374.0,,Default Target,[],4919831.0,"[""Army's Paeon""]"
571958,572988,Empyreal Arrow,260.0,32293.0,,Default Target,[],73176677.0,"[""Army's Paeon""]"
550738,574500,Stormbite (dot),25.0,3115.0,,Default Target,[],676797.0,"[""Mage's Ballad""]"
550738,574500,Caustic Bite (dot),20.0,2491.0,,Default Target,[],433030.0,"[""Mage's Ballad""]"
573149,574619,Burst Shot,220.0,20468.0,0.7491,Default Target,[],52380421.0,"[""Army's Paeon""]"
573149,574619,Refulgent Arrow,280.0,8724.0,0.2509,Default Target,[],84850912.0,"[""Army's Paeon""]"
574560,575318,Shot,80.0,8374.0,,Default Target,[],4919831.0,"[""Army's Paeon""]"
575539,577009,Burst Shot,220.0,20230.0,0.7404,Default Target,[],52380421.0,"[""Army's Paeon""]"
575539,577009,Refulgent Arrow,280.0,9027.0,0.2596,Default Target,[],84850912.0,"[""Army's Paeon""]"
550738,577500,Stormbite (dot),25.0,3115.0,,Default Target,[],676797.0,"[""Mage's Ballad""]"
550738,577500,Caustic Bite (dot),20.0,2491.0,,Default Target,[],433030.0,"[""Mage's Ballad""]"
576189,577839,Heartbreak Shot,180.0,11213.0,0.5017,Default Target,[],35054652.0,"[""Army's Paeon""]"
577600,578358,Shot,80.0,8374.0,,Default Target,[],4919831.0,"[""Army's Paeon""]"
577829,579299,Burst Shot,220.0,20284.0,0.7424,Default Target,[],52380421.0,"[""Army's Paeon""]"
577829,579299,Refulgent Arrow,280.0,8957.0,0.2576,Default Target,[],84850912.0,"[""Army's Paeon""]"
550738,580500,Caustic Bite (dot),20.0,2491.0,,Default Target,[],433030.0,"[""Mage's Ballad""]"
550738,580500,Stormbite (dot),25.0,3115.0,,Default Target,[],676797.0,"[""Mage's Ballad""]"
580640,581398,Shot,80.0,8374.0,,Default Target,[],4919831.0,"[""Army's Paeon""]"
580019,581489,Refulgent Arrow,280.0,8989.0,0.2585,Default Target,[],84850912.0,"[""Army's Paeon""]"
580019,581489,Burst Shot,220.0,20260.0,0.7415,Default Target,[],52380421.0,"[""Army's Paeon""]"
550738,583500,Caustic Bite (dot),20.0,2491.0,,Default Target,[],433030.0,"[""Mage's Ballad""]"
550738,583500,Stormbite (dot),25.0,3115.0,,Default Target,[],676797.0,"[""Mage's Ballad""]"
582209,583679,Refulgent Arrow,280.0,8933.0,0.2569,Default Target,[],84850912.0,"[""Army's Paeon""]"
582209,583679,Burst Shot,220.0,20304.0,0.7431,Default Target,[],52380421.0,"[""Army's Paeon""]"
583680,584438,Shot,80.0,8374.0,,Default Target,[],4919831.0,"[""Army's Paeon""]"
584399,585869,Refulgent Arrow,280.0,9079.0,0.2611,Default Target,[],84850912.0,"[""Army's Paeon""]"
584399,585869,Burst Shot,220.0,20189.0,0.7389,Default Target,[],52380421.0,"[""Army's Paeon""]"
550738,586500,Caustic Bite (dot),20.0,2491.0,,Default Target,[],433030.0,"[""Mage's Ballad""]"
550738,586500,Stormbite (dot),25.0,3115.0,,Default Target,[],676797.0,"[""Mage's Ballad""]"
586720,587478,Shot,80.0,8374.0,,Default Target,[],4919831.0,"[""Army's Paeon""]"
586489,587959,Refulgent Arrow,280.0,9138.0,0.2628,Default Target,[],84850912.0,"[""Army's Paeon""]"
586489,587959,Burst Shot,220.0,20142.0,0.7372,Default Target,[],52380421.0,"[""Army's Paeon""]"
587109,588139,Empyreal Arrow,260.0,32293.0,,Default Target,[],73176677.0,"[""Army's Paeon""]"
588579,589249,Iron Jaws,100.0,12417.0,,Default Target,[],10816899.0,"[""Army's Paeon""]"
588579,589500,Caustic Bite (dot),20.0,2484.0,,Default Target,[],433040.0,"[""Army's Paeon""]"
588579,589500,Stormbite (dot),25.0,3106.0,,Default Target,[],676866.0,"[""Army's Paeon""]"
589760,590518,Shot,80.0,8374.0,,Default Target,[],4919831.0,"[""Army's Paeon""]"
590669,592139,Refulgent Arrow,280.0,17818.0,0.5124,Default Target,[],84850912.0,"[""Army's Paeon""]"
590669,592139,Burst Shot,220.0,13322.0,0.4876,Default Target,[],52380421.0,"[""Army's Paeon""]"
588579,592500,Caustic Bite (dot),20.0,2484.0,,Default Target,[],433040.0,"[""Army's Paeon""]"
588579,592500,Stormbite (dot),25.0,3106.0,,Default Target,[],676866.0,"[""Army's Paeon""]"
592800,593558,Shot,80.0,8374.0,,Default Target,[],4919831.0,"[""Army's Paeon""]"
592759,594229,Refulgent Arrow,280.0,8954.0,0.2575,Default Target,[],84850912.0,"[""Army's Paeon""]"
592759,594229,Burst Shot,220.0,20287.0,0.7425,Default Target,[],52380421.0,"[""Army's Paeon""]"
588579,595500,Stormbite (dot),25.0,3106.0,,Default Target,[],676866.0,"[""Army's Paeon""]"
588579,595500,Caustic Bite (dot),20.0,2484.0,,Default Target,[],433040.0,"[""Army's Paeon""]"
594849,596319,Burst Shot,220.0,20052.0,0.7339,Default Target,[],52380421.0,"[""Army's Paeon""]"
594849,596319,Refulgent Arrow,280.0,9253.0,0.2661,Default Target,[],84850912.0,"[""Army's Paeon""]"
595840,596598,Shot,80.0,8374.0,,Default Target,[],4919831.0,"[""Army's Paeon""]"
596939,598409,Refulgent Arrow,280.0,8815.0,0.2535,Default Target,[],84850912.0,"[""Army's Paeon""]"
596939,598409,Burst Shot,220.0,20396.0,0.7465,Default Target,[],52380421.0,"[""Army's Paeon""]"
588579,598500,Stormbite (dot),25.0,3106.0,,Default Target,[],676866.0,"[""Army's Paeon""]"
588579,598500,Caustic Bite (dot),20.0,2484.0,,Default Target,[],433040.0,"[""Army's Paeon""]"
598880,599638,Shot,80.0,8374.0,,Default Target,[],4919831.0,"[""Army's Paeon""]"
599029,600499,Refulgent Arrow,280.0,9222.0,0.2652,Default Target,[],84850912.0,"[""Army's Paeon""]"
599029,600499,Burst Shot,220.0,20077.0,0.7348,Default Target,[],52380421.0,"[""Army's Paeon""]"
588579,601500,Caustic Bite (dot),20.0,2484.0,,Default Target,[],433040.0,"[""Army's Paeon""]"
588579,601500,Stormbite (dot),25.0,3106.0,,Default Target,[],676866.0,"[""Army's Paeon""]"
601739,601739,The Wanderer's Minuet,,,,,,,[]
601119,602589,Burst Shot,220.0,20183.0,0.7387,Default Target,[],52380421.0,"[""Army's Paeon""]"
601119,602589,Refulgent Arrow,280.0,9086.0,0.2613,Default Target,[],84850912.0,"[""Army's Paeon""]"
601920,602678,Shot,80.0,8405.0,,Default Target,[],5011860.0,"[""The Wanderer's Minuet""]"
602359,603389,Empyreal Arrow,260.0,32412.0,,Default Target,[],74545532.0,"[""The Wanderer's Minuet""]"
588579,604500,Caustic Bite (dot),20.0,2484.0,,Default Target,[],433040.0,"[""Army's Paeon""]"
588579,604500,Stormbite (dot),25.0,3106.0,,Default Target,[],676866.0,"[""Army's Paeon""]"
603209,604679,Refulgent Arrow,280.0,9071.0,0.2599,Default Target,[],86437975.0,"[""The Wanderer's Minuet""]"
603209,604679,Burst Shot,220.0,20296.0,0.7401,Default Target,[],53360033.0,"[""The Wanderer's Minuet""]"
605230,605230,Chain Stratagem,,,,,,,[]
604960,605718,Shot,80.0,8405.0,,Default Target,[],5011860.0,"[""The Wanderer's Minuet""]"
606019,606019,Battle Voice,,,,,,,[]
606089,606089,Dokumori,,,,,,,[]
606305,606305,Starry Muse,,,,,,,[]
606438,606438,Starry Muse,,,,,,,[]
606562,606562,Brotherhood,,,,,,,[]
606639,606639,Radiant Finale,,,,,,,[]
605399,606869,Burst Shot,220.0,20376.0,0.743,Default Target,[],53360033.0,"[""The Wanderer's Minuet""]"
605399,606869,Refulgent Arrow,280.0,8969.0,0.257,Default Target,[],86437975.0,"[""The Wanderer's Minuet""]"
588579,607500,Stormbite (dot),25.0,3106.0,,Default Target,[],676866.0,"[""Army's Paeon""]"
588579,607500,Caustic Bite (dot),20.0,2484.0,,Default Target,[],433040.0,"[""Army's Paeon""]"
608209,608209,Raging Strikes,,,,,,,[]
608000,608758,Shot,80.0,11361.0,,Default Target,[],9548781.0,"['Battle Voice', 'Brotherhood', 'Chain Stratagem', 'Dokumori', 'Radiant Finale', 'Starry Muse', ""The Wanderer's Minuet""]"
607589,609059,Refulgent Arrow,280.0,12290.0,0.2605,Default Target,[],164675117.0,"['Battle Voice', 'Brotherhood', 'Chain Stratagem', 'Dokumori', 'Radiant Finale', 'Starry Muse', ""The Wanderer's Minuet""]"
607589,609059,Burst Shot,220.0,27414.0,0.7395,Default Target,[],101654096.0,"['Battle Voice', 'Brotherhood', 'Chain Stratagem', 'Dokumori', 'Radiant Finale', 'Starry Muse', ""The Wanderer's Minuet""]"
608829,609629,Pitch Perfect,360.0,44516.0,0.6381,Default Target,['3 Repertoire'],360059066.0,"['Battle Voice', 'Brotherhood', 'Chain Stratagem', 'Dokumori', 'Radiant Finale', 'Raging Strikes', 'Starry Muse', ""The Wanderer's Minuet""]"
608829,610479,Heartbreak Shot,180.0,12621.0,0.3619,Default Target,[],89966761.0,"['Battle Voice', 'Brotherhood', 'Chain Stratagem', 'Dokumori', 'Radiant Finale', 'Raging Strikes', 'Starry Muse', ""The Wanderer's Minuet""]"
588579,610500,Stormbite (dot),25.0,3106.0,,Default Target,[],676866.0,"[""Army's Paeon""]"
588579,610500,Caustic Bite (dot),20.0,2484.0,,Default Target,[],433040.0,"[""Army's Paeon""]"
609779,611739,Radiant Encore,1100.0,213190.0,,Default Target,['3 Encore'],3362181042.0,"['3 Encore', 'Battle Voice', 'Brotherhood', 'Chain Stratagem', 'Dokumori', 'Radiant Finale', 'Raging Strikes', 'Starry Muse', ""The Wanderer's Minuet""]"
611040,611798,Shot,80.0,13065.0,,Default Target,[],12627461.0,"['Battle Voice', 'Brotherhood', 'Chain Stratagem', 'Dokumori', 'Radiant Finale', 'Raging Strikes', 'Starry Muse', ""The Wanderer's Minuet""]"
611019,611819,Pitch Perfect,360.0,17964.0,0.2575,Default Target,['3 Repertoire'],360059066.0,"['Battle Voice', 'Brotherhood', 'Chain Stratagem', 'Dokumori', 'Radiant Finale', 'Raging Strikes', 'Starry Muse', ""The Wanderer's Minuet""]"
610399,612049,Heartbreak Shot,180.0,34874.0,1.0,Default Target,[],89966761.0,"['Battle Voice', 'Brotherhood', 'Chain Stratagem', 'Dokumori', 'Radiant Finale', 'Raging Strikes', 'Starry Muse', ""The Wanderer's Minuet""]"
611019,612669,Heartbreak Shot,180.0,22253.0,0.6381,Default Target,[],89966761.0,"['Battle Voice', 'Brotherhood', 'Chain Stratagem', 'Dokumori', 'Radiant Finale', 'Raging Strikes', 'Starry Muse', ""The Wanderer's Minuet""]"
612589,613119,Sidewinder,400.0,77521.0,,Default Target,[],444556124.0,"['Battle Voice', 'Brotherhood', 'Chain Stratagem', 'Dokumori', 'Radiant Finale', 'Raging Strikes', 'Starry Muse', ""The Wanderer's Minuet""]"
611969,613439,Burst Shot,220.0,31675.0,0.743,Default Target,[],134444323.0,"['Battle Voice', 'Brotherhood', 'Chain Stratagem', 'Dokumori', 'Radiant Finale', 'Raging Strikes', 'Starry Muse', ""The Wanderer's Minuet""]"
611969,613439,Refulgent Arrow,280.0,13944.0,0.257,Default Target,[],217786765.0,"['Battle Voice', 'Brotherhood', 'Chain Stratagem', 'Dokumori', 'Radiant Finale', 'Raging Strikes', 'Starry Muse', ""The Wanderer's Minuet""]"
588579,613500,Caustic Bite (dot),20.0,2484.0,,Default Target,[],433040.0,"[""Army's Paeon""]"
588579,613500,Stormbite (dot),25.0,3106.0,,Default Target,[],676866.0,"[""Army's Paeon""]"
614080,614838,Shot,80.0,13065.0,,Default Target,[],12627461.0,"['Battle Voice', 'Brotherhood', 'Chain Stratagem', 'Dokumori', 'Radiant Finale', 'Raging Strikes', 'Starry Muse', ""The Wanderer's Minuet""]"
615109,615909,Pitch Perfect,360.0,5343.0,0.0766,Default Target,['3 Repertoire'],360059066.0,"['Battle Voice', 'Brotherhood', 'Chain Stratagem', 'Dokumori', 'Radiant Finale', 'Raging Strikes', 'Starry Muse', ""The Wanderer's Minuet""]"
614459,615929,Refulgent Arrow,280.0,14231.0,0.2623,Default Target,[],217786765.0,"['Battle Voice', 'Brotherhood', 'Chain Stratagem', 'Dokumori', 'Radiant Finale', 'Raging Strikes', 'Starry Muse', ""The Wanderer's Minuet""]"
614459,615929,Burst Shot,220.0,31449.0,0.7377,Default Target,[],134444323.0,"['Battle Voice', 'Brotherhood', 'Chain Stratagem', 'Dokumori', 'Radiant Finale', 'Raging Strikes', 'Starry Muse', ""The Wanderer's Minuet""]"
588579,616500,Stormbite (dot),25.0,3106.0,,Default Target,[],676866.0,"[""Army's Paeon""]"
588579,616500,Caustic Bite (dot),20.0,2484.0,,Default Target,[],433040.0,"[""Army's Paeon""]"
615759,616559,Pitch Perfect,220.0,18220.0,0.4274,Default Target,['2 Repertoire'],134444323.0,"['Battle Voice', 'Brotherhood', 'Chain Stratagem', 'Dokumori', 'Radiant Finale', 'Raging Strikes', 'Starry Muse', ""The Wanderer's Minuet""]"
615109,616759,Heartbreak Shot,180.0,15997.0,0.4587,Default Target,[],89966761.0,"['Battle Voice', 'Brotherhood', 'Chain Stratagem', 'Dokumori', 'Radiant Finale', 'Raging Strikes', 'Starry Muse', ""The Wanderer's Minuet""]"
615759,617409,Heartbreak Shot,180.0,1381.0,0.0396,Default Target,[],89966761.0,"['Battle Voice', 'Brotherhood', 'Chain Stratagem', 'Dokumori', 'Radiant Finale', 'Raging Strikes', 'Starry Muse', ""The Wanderer's Minuet""]"
617120,617878,Shot,80.0,13065.0,,Default Target,[],12627461.0,"['Battle Voice', 'Brotherhood', 'Chain Stratagem', 'Dokumori', 'Radiant Finale', 'Raging Strikes', 'Starry Muse', ""The Wanderer's Minuet""]"
618189,618189,Barrage,,,,,,,[]
616949,618419,Refulgent Arrow,280.0,14188.0,0.2615,Default Target,[],217786765.0,"['Battle Voice', 'Brotherhood', 'Chain Stratagem', 'Dokumori', 'Radiant Finale', 'Raging Strikes', 'Starry Muse', ""The Wanderer's Minuet""]"
616949,618419,Burst Shot,220.0,31483.0,0.7385,Default Target,[],134444323.0,"['Battle Voice', 'Brotherhood', 'Chain Stratagem', 'Dokumori', 'Radiant Finale', 'Raging Strikes', 'Starry Muse', ""The Wanderer's Minuet""]"
617569,618599,Empyreal Arrow,260.0,50387.0,,Default Target,[],187815018.0,"['Battle Voice', 'Brotherhood', 'Chain Stratagem', 'Dokumori', 'Radiant Finale', 'Raging Strikes', 'Starry Muse', ""The Wanderer's Minuet""]"
588579,619500,Caustic Bite (dot),20.0,2484.0,,Default Target,[],433040.0,"[""Army's Paeon""]"
588579,619500,Stormbite (dot),25.0,3106.0,,Default Target,[],676866.0,"[""Army's Paeon""]"
619439,620509,Apex Arrow,560.0,1052.0,0.0097,Default Target,['80 Soul Voice'],871332566.0,"['Battle Voice', 'Brotherhood', 'Chain Stratagem', 'Dokumori', 'Radiant Finale', 'Raging Strikes', 'Starry Muse', ""The Wanderer's Minuet""]"
619439,620509,Apex Arrow,700.0,115845.0,0.8539,Default Target,['100 Soul Voice'],1361522415.0,"['Battle Voice', 'Brotherhood', 'Chain Stratagem', 'Dokumori', 'Radiant Finale', 'Raging Strikes', 'Starry Muse', ""The Wanderer's Minuet""]"
619439,620509,Apex Arrow,630.0,5237.0,0.0429,Default Target,['90 Soul Voice'],1102759446.0,"['Battle Voice', 'Brotherhood', 'Chain Stratagem', 'Dokumori', 'Radiant Finale', 'Raging Strikes', 'Starry Muse', ""The Wanderer's Minuet""]"
619439,620509,Apex Arrow,490.0,113.0,0.0012,Default Target,['70 Soul Voice'],667097598.0,"['Battle Voice', 'Brotherhood', 'Chain Stratagem', 'Dokumori', 'Radiant Finale', 'Raging Strikes', 'Starry Muse', ""The Wanderer's Minuet""]"
619439,620509,Apex Arrow,455.0,8.0,0.0001,Default Target,['65 Soul Voice'],575164750.0,"['Battle Voice', 'Brotherhood', 'Chain Stratagem', 'Dokumori', 'Radiant Finale', 'Raging Strikes', 'Starry Muse', ""The Wanderer's Minuet""]"
619439,620509,Apex Arrow,665.0,8647.0,0.0671,Default Target,['95 Soul Voice'],1228775861.0,"['Battle Voice', 'Brotherhood', 'Chain Stratagem', 'Dokumori', 'Radiant Finale', 'Raging Strikes', 'Starry Muse', ""The Wanderer's Minuet""]"
619439,620509,Apex Arrow,595.0,2456.0,0.0213,Default Target,['85 Soul Voice'],983577654.0,"['Battle Voice', 'Brotherhood', 'Chain Stratagem', 'Dokumori', 'Radiant Finale', 'Raging Strikes', 'Starry Muse', ""The Wanderer's Minuet""]"
619439,620509,Apex Arrow,525.0,386.0,0.0038,Default Target,['75 Soul Voice'],765735046.0,"['Battle Voice', 'Brotherhood', 'Chain Stratagem', 'Dokumori', 'Radiant Finale', 'Raging Strikes', 'Starry Muse', ""The Wanderer's Minuet""]"
620059,620859,Pitch Perfect,360.0,53669.0,0.7693,Default Target,['3 Repertoire'],360059066.0,"['Battle Voice', 'Brotherhood', 'Chain Stratagem', 'Dokumori', 'Radiant Finale', 'Raging Strikes', 'Starry Muse', ""The Wanderer's Minuet""]"
620160,620918,Shot,80.0,13065.0,,Default Target,[],12627461.0,"['Battle Voice', 'Brotherhood', 'Chain Stratagem', 'Dokumori', 'Radiant Finale', 'Raging Strikes', 'Starry Muse', ""The Wanderer's Minuet""]"
588579,622500,Caustic Bite (dot),20.0,2484.0,,Default Target,[],433040.0,"[""Army's Paeon""]"
588579,622500,Stormbite (dot),25.0,3106.0,,Default Target,[],676866.0,"[""Army's Paeon""]"
621929,623399,Refulgent Arrow,280.0,65.0,0.0012,Default Target,[],217786765.0,"['Battle Voice', 'Brotherhood', 'Chain Stratagem', 'Dokumori', 'Radiant Finale', 'Raging Strikes', 'Starry Muse', ""The Wanderer's Minuet""]"
621929,623399,Burst Shot,220.0,166.0,0.0039,Default Target,[],134444323.0,"['Battle Voice', 'Brotherhood', 'Chain Stratagem', 'Dokumori', 'Radiant Finale', 'Raging Strikes', 'Starry Muse', ""The Wanderer's Minuet""]"
621929,623579,Blast Arrow,700.0,134974.0,0.9949,Default Target,[],1361522415.0,"['Battle Voice', 'Brotherhood', 'Chain Stratagem', 'Dokumori', 'Radiant Finale', 'Raging Strikes', 'Starry Muse', ""The Wanderer's Minuet""]"
623200,623958,Shot,80.0,13065.0,,Default Target,[],12627461.0,"['Battle Voice', 'Brotherhood', 'Chain Stratagem', 'Dokumori', 'Radiant Finale', 'Raging Strikes', 'Starry Muse', ""The Wanderer's Minuet""]"
623229,624029,Pitch Perfect,360.0,11615.0,0.1665,Default Target,['3 Repertoire'],360059066.0,"['Battle Voice', 'Brotherhood', 'Chain Stratagem', 'Dokumori', 'Radiant Finale', 'Raging Strikes', 'Starry Muse', ""The Wanderer's Minuet""]"
622579,624229,Heartbreak Shot,180.0,17496.0,0.5017,Default Target,[],89966761.0,"['Battle Voice', 'Brotherhood', 'Chain Stratagem', 'Dokumori', 'Radiant Finale', 'Raging Strikes', 'Starry Muse', ""The Wanderer's Minuet""]"
588579,625500,Stormbite (dot),25.0,3106.0,,Default Target,[],676866.0,"[""Army's Paeon""]"
588579,625500,Caustic Bite (dot),20.0,2484.0,,Default Target,[],433040.0,"[""Army's Paeon""]"
624419,625579,Resonant Arrow,640.0,124030.0,,Default Target,[],1138016677.0,"['Battle Voice', 'Brotherhood', 'Chain Stratagem', 'Dokumori', 'Radiant Finale', 'Raging Strikes', 'Starry Muse', ""The Wanderer's Minuet""]"
626240,626998,Shot,80.0,12410.0,,Default Target,[],11061234.0,"['Battle Voice', 'Brotherhood', 'Dokumori', 'Radiant Finale', 'Raging Strikes', 'Starry Muse', ""The Wanderer's Minuet""]"
627559,628359,Pitch Perfect,360.0,2435.0,0.0472,Default Target,['3 Repertoire'],188990243.0,"['Raging Strikes', ""The Wanderer's Minuet""]"
626909,628379,Refulgent Arrow,280.0,46906.0,,Default Target,['Barrage'],156127845.0,"['Barrage', 'Brotherhood', 'Dokumori', 'Radiant Finale', 'Raging Strikes', ""The Wanderer's Minuet""]"
626909,628499,Refulgent Arrow,280.0,46906.0,,Default Target,[],156127845.0,"['Brotherhood', 'Dokumori', 'Radiant Finale', 'Raging Strikes', ""The Wanderer's Minuet""]"
588579,628500,Stormbite (dot),25.0,3106.0,,Default Target,[],676866.0,"[""Army's Paeon""]"
588579,628500,Caustic Bite (dot),20.0,2484.0,,Default Target,[],433040.0,"[""Army's Paeon""]"
626909,628619,Refulgent Arrow,280.0,46906.0,,Default Target,[],156127845.0,"['Brotherhood', 'Dokumori', 'Radiant Finale', 'Raging Strikes', ""The Wanderer's Minuet""]"
629280,630038,Shot,80.0,8405.0,,Default Target,[],5011860.0,"[""The Wanderer's Minuet""]"
629399,630069,Iron Jaws,100.0,12462.0,,Default Target,[],11019144.0,"[""The Wanderer's Minuet""]"
630019,630819,Pitch Perfect,360.0,18390.0,0.4098,Default Target,['3 Repertoire'],142906103.0,"[""The Wanderer's Minuet""]"
629399,631500,Caustic Bite (dot),20.0,2493.0,,Default Target,[],441151.0,"[""The Wanderer's Minuet""]"
629399,631500,Stormbite (dot),25.0,3118.0,,Default Target,[],689548.0,"[""The Wanderer's Minuet""]"
630019,631669,Heartbreak Shot,180.0,6494.0,0.2895,Default Target,[],35710415.0,"[""The Wanderer's Minuet""]"
630639,632289,Heartbreak Shot,180.0,4684.0,0.2088,Default Target,[],35710415.0,"[""The Wanderer's Minuet""]"
632320,633078,Shot,80.0,8405.0,,Default Target,[],5011860.0,"[""The Wanderer's Minuet""]"
631889,633359,Burst Shot,220.0,13341.0,0.4865,Default Target,[],53360033.0,"[""The Wanderer's Minuet""]"
631889,633359,Refulgent Arrow,280.0,17922.0,0.5135,Default Target,[],86437975.0,"[""The Wanderer's Minuet""]"
632569,633599,Empyreal Arrow,260.0,32412.0,,Default Target,[],74545532.0,"[""The Wanderer's Minuet""]"
633219,634019,Pitch Perfect,360.0,23964.0,0.534,Default Target,['3 Repertoire'],142906103.0,"[""The Wanderer's Minuet""]"
629399,634500,Stormbite (dot),25.0,3118.0,,Default Target,[],689548.0,"[""The Wanderer's Minuet""]"
629399,634500,Caustic Bite (dot),20.0,2493.0,,Default Target,[],441151.0,"[""The Wanderer's Minuet""]"
634999,635799,Pitch Perfect,360.0,13687.0,0.305,Default Target,['3 Repertoire'],142906103.0,"[""The Wanderer's Minuet""]"
634379,635849,Burst Shot,220.0,20301.0,0.7403,Default Target,[],53360033.0,"[""The Wanderer's Minuet""]"
634379,635849,Refulgent Arrow,280.0,9064.0,0.2597,Default Target,[],86437975.0,"[""The Wanderer's Minuet""]"
635360,636118,Shot,80.0,8405.0,,Default Target,[],5011860.0,"[""The Wanderer's Minuet""]"
629399,637500,Caustic Bite (dot),20.0,2493.0,,Default Target,[],441151.0,"[""The Wanderer's Minuet""]"
629399,637500,Stormbite (dot),25.0,3118.0,,Default Target,[],689548.0,"[""The Wanderer's Minuet""]"
636869,638339,Burst Shot,220.0,20392.0,0.7436,Default Target,[],53360033.0,"[""The Wanderer's Minuet""]"
636869,638339,Refulgent Arrow,280.0,8949.0,0.2564,Default Target,[],86437975.0,"[""The Wanderer's Minuet""]"
638169,638969,Pitch Perfect,360.0,5246.0,0.1169,Default Target,['3 Repertoire'],142906103.0,"[""The Wanderer's Minuet""]"
638400,639158,Shot,80.0,8405.0,,Default Target,[],5011860.0,"[""The Wanderer's Minuet""]"
637519,639169,Heartbreak Shot,180.0,11255.0,0.5017,Default Target,[],35710415.0,"[""The Wanderer's Minuet""]"
629399,640500,Caustic Bite (dot),20.0,2493.0,,Default Target,[],441151.0,"[""The Wanderer's Minuet""]"
629399,640500,Stormbite (dot),25.0,3118.0,,Default Target,[],689548.0,"[""The Wanderer's Minuet""]"
639359,640829,Refulgent Arrow,280.0,9130.0,0.2616,Default Target,[],86437975.0,"[""The Wanderer's Minuet""]"
639359,640829,Burst Shot,220.0,20249.0,0.7384,Default Target,[],53360033.0,"[""The Wanderer's Minuet""]"
641440,642198,Shot,80.0,8405.0,,Default Target,[],5011860.0,"[""The Wanderer's Minuet""]"
642499,643299,Pitch Perfect,360.0,13938.0,0.3106,Default Target,['3 Repertoire'],142906103.0,"[""The Wanderer's Minuet""]"
641849,643319,Burst Shot,220.0,20444.0,0.7455,Default Target,[],53360033.0,"[""The Wanderer's Minuet""]"
641849,643319,Refulgent Arrow,280.0,8882.0,0.2545,Default Target,[],86437975.0,"[""The Wanderer's Minuet""]"
629399,643500,Caustic Bite (dot),20.0,2493.0,,Default Target,[],441151.0,"[""The Wanderer's Minuet""]"
629399,643500,Stormbite (dot),25.0,3118.0,,Default Target,[],689548.0,"[""The Wanderer's Minuet""]"
644480,645238,Shot,80.0,8405.0,,Default Target,[],5011860.0,"[""The Wanderer's Minuet""]"
645579,645579,Mage's Ballad,,,,,,,[]
644959,645759,Pitch Perfect,100.0,4171.0,0.3347,Default Target,['1 Repertoire'],11019144.0,"[""The Wanderer's Minuet""]"
644959,645759,Pitch Perfect,360.0,14405.0,0.321,Default Target,['3 Repertoire'],142906103.0,"[""The Wanderer's Minuet""]"
644959,645759,Pitch Perfect,220.0,7541.0,0.275,Default Target,['2 Repertoire'],53360033.0,"[""The Wanderer's Minuet""]"
644339,645809,Refulgent Arrow,280.0,9004.0,0.258,Default Target,[],86437975.0,"[""The Wanderer's Minuet""]"
644339,645809,Burst Shot,220.0,20348.0,0.742,Default Target,[],53360033.0,"[""The Wanderer's Minuet""]"
629399,646500,Caustic Bite (dot),20.0,2493.0,,Default Target,[],441151.0,"[""The Wanderer's Minuet""]"
629399,646500,Stormbite (dot),25.0,3118.0,,Default Target,[],689548.0,"[""The Wanderer's Minuet""]"
644959,646609,Heartbreak Shot,180.0,805.0,0.0359,Default Target,[],35710415.0,"[""The Wanderer's Minuet""]"
645609,647259,Heartbreak Shot,180.0,10366.0,0.4624,Default Target,[],35051250.0,"[""Mage's Ballad""]"
647520,648278,Shot,80.0,8399.0,,Default Target,[],4919160.0,"[""Mage's Ballad""]"
646829,648299,Refulgent Arrow,280.0,8904.0,0.2553,Default Target,[],84842220.0,"[""Mage's Ballad""]"
646829,648299,Burst Shot,220.0,20408.0,0.7447,Default Target,[],52372485.0,"[""Mage's Ballad""]"
647569,648599,Empyreal Arrow,260.0,32390.0,,Default Target,[],73168674.0,"[""Mage's Ballad""]"
629399,649500,Caustic Bite (dot),20.0,2493.0,,Default Target,[],441151.0,"[""The Wanderer's Minuet""]"
629399,649500,Stormbite (dot),25.0,3118.0,,Default Target,[],689548.0,"[""The Wanderer's Minuet""]"
648189,649839,Heartbreak Shot,180.0,11247.0,0.5017,Default Target,[],35051250.0,"[""Mage's Ballad""]"
649320,650790,Burst Shot,220.0,20304.0,0.7409,Default Target,[],52372485.0,"[""Mage's Ballad""]"
649320,650790,Refulgent Arrow,280.0,9037.0,0.2591,Default Target,[],84842220.0,"[""Mage's Ballad""]"
650560,651318,Shot,80.0,8399.0,,Default Target,[],4919160.0,"[""Mage's Ballad""]"
649940,651590,Heartbreak Shot,180.0,8983.0,0.4007,Default Target,[],35051250.0,"[""Mage's Ballad""]"
629399,652500,Caustic Bite (dot),20.0,2493.0,,Default Target,[],441151.0,"[""The Wanderer's Minuet""]"
629399,652500,Stormbite (dot),25.0,3118.0,,Default Target,[],689548.0,"[""The Wanderer's Minuet""]"
651810,653280,Refulgent Arrow,280.0,9023.0,0.2587,Default Target,[],84842220.0,"[""Mage's Ballad""]"
651810,653280,Burst Shot,220.0,20315.0,0.7413,Default Target,[],52372485.0,"[""Mage's Ballad""]"
652460,654110,Heartbreak Shot,180.0,20203.0,0.9012,Default Target,[],35051250.0,"[""Mage's Ballad""]"
653600,654358,Shot,80.0,8399.0,,Default Target,[],4919160.0,"[""Mage's Ballad""]"
629399,655500,Stormbite (dot),25.0,3118.0,,Default Target,[],689548.0,"[""The Wanderer's Minuet""]"
629399,655500,Caustic Bite (dot),20.0,2493.0,,Default Target,[],441151.0,"[""The Wanderer's Minuet""]"
654300,655770,Burst Shot,220.0,20362.0,0.743,Default Target,[],52372485.0,"[""Mage's Ballad""]"
654300,655770,Refulgent Arrow,280.0,8963.0,0.257,Default Target,[],84842220.0,"[""Mage's Ballad""]"
654950,656600,Heartbreak Shot,180.0,8922.0,0.398,Default Target,[],35051250.0,"[""Mage's Ballad""]"
656640,657398,Shot,80.0,8399.0,,Default Target,[],4919160.0,"[""Mage's Ballad""]"
656790,658260,Burst Shot,220.0,20203.0,0.7372,Default Target,[],52372485.0,"[""Mage's Ballad""]"
656790,658260,Refulgent Arrow,280.0,9166.0,0.2628,Default Target,[],84842220.0,"[""Mage's Ballad""]"
629399,658500,Stormbite (dot),25.0,3118.0,,Default Target,[],689548.0,"[""The Wanderer's Minuet""]"
629399,658500,Caustic Bite (dot),20.0,2493.0,,Default Target,[],441151.0,"[""The Wanderer's Minuet""]"
658090,659740,Heartbreak Shot,180.0,8967.0,0.4,Default Target,[],35051250.0,"[""Mage's Ballad""]"
659680,660438,Shot,80.0,8399.0,,Default Target,[],4919160.0,"[""Mage's Ballad""]"
659280,660750,Burst Shot,220.0,20455.0,0.7464,Default Target,[],52372485.0,"[""Mage's Ballad""]"
659280,660750,Refulgent Arrow,280.0,8845.0,0.2536,Default Target,[],84842220.0,"[""Mage's Ballad""]"
629399,661500,Stormbite (dot),25.0,3118.0,,Default Target,[],689548.0,"[""The Wanderer's Minuet""]"
629399,661500,Caustic Bite (dot),20.0,2493.0,,Default Target,[],441151.0,"[""The Wanderer's Minuet""]"
659900,661550,Heartbreak Shot,180.0,11218.0,0.5004,Default Target,[],35051250.0,"[""Mage's Ballad""]"
661770,663240,Burst Shot,220.0,20312.0,0.7412,Default Target,[],52372485.0,"[""Mage's Ballad""]"
661770,663240,Refulgent Arrow,280.0,9026.0,0.2588,Default Target,[],84842220.0,"[""Mage's Ballad""]"
662720,663478,Shot,80.0,8399.0,,Default Target,[],4919160.0,"[""Mage's Ballad""]"
662569,663599,Empyreal Arrow,260.0,32390.0,,Default Target,[],73168674.0,"[""Mage's Ballad""]"
629399,664500,Stormbite (dot),25.0,3118.0,,Default Target,[],689548.0,"[""The Wanderer's Minuet""]"
629399,664500,Caustic Bite (dot),20.0,2493.0,,Default Target,[],441151.0,"[""The Wanderer's Minuet""]"
663189,664839,Heartbreak Shot,180.0,20208.0,0.9014,Default Target,[],35051250.0,"[""Mage's Ballad""]"
664260,665730,Burst Shot,220.0,20184.0,0.7365,Default Target,[],52372485.0,"[""Mage's Ballad""]"
664260,665730,Refulgent Arrow,280.0,9190.0,0.2635,Default Target,[],84842220.0,"[""Mage's Ballad""]"
665760,666518,Shot,80.0,8399.0,,Default Target,[],4919160.0,"[""Mage's Ballad""]"
664910,666560,Heartbreak Shot,180.0,9010.0,0.4019,Default Target,[],35051250.0,"[""Mage's Ballad""]"
629399,667500,Stormbite (dot),25.0,3118.0,,Default Target,[],689548.0,"[""The Wanderer's Minuet""]"
629399,667500,Caustic Bite (dot),20.0,2493.0,,Default Target,[],441151.0,"[""The Wanderer's Minuet""]"
666750,668220,Burst Shot,220.0,20510.0,0.7484,Default Target,[],52372485.0,"[""Mage's Ballad""]"
666750,668220,Refulgent Arrow,280.0,8775.0,0.2516,Default Target,[],84842220.0,"[""Mage's Ballad""]"
667370,669020,Heartbreak Shot,180.0,20174.0,0.8999,Default Target,[],35051250.0,"[""Mage's Ballad""]"
668800,669558,Shot,80.0,8399.0,,Default Target,[],4919160.0,"[""Mage's Ballad""]"
669240,670310,Apex Arrow,490.0,1996.0,0.0327,Default Target,['70 Soul Voice'],259885405.0,"[""Mage's Ballad""]"
669240,670310,Apex Arrow,665.0,7133.0,0.0861,Default Target,['95 Soul Voice'],478688599.0,"[""Mage's Ballad""]"
669240,670310,Apex Arrow,630.0,8712.0,0.111,Default Target,['90 Soul Voice'],429601490.0,"[""Mage's Ballad""]"
669240,670310,Apex Arrow,595.0,8324.0,0.1123,Default Target,['85 Soul Voice'],383169292.0,"[""Mage's Ballad""]"
669240,670310,Apex Arrow,350.0,13.0,0.0003,Default Target,['50 Soul Voice'],132587857.0,"[""Mage's Ballad""]"
669240,670310,Apex Arrow,700.0,41111.0,0.4714,Default Target,['100 Soul Voice'],530412149.0,"[""Mage's Ballad""]"
669240,670310,Apex Arrow,420.0,235.0,0.0045,Default Target,['60 Soul Voice'],190932864.0,"[""Mage's Ballad""]"
669240,670310,Apex Arrow,385.0,71.0,0.0015,Default Target,['55 Soul Voice'],160417407.0,"[""Mage's Ballad""]"
669240,670310,Apex Arrow,560.0,6892.0,0.0988,Default Target,['80 Soul Voice'],339444448.0,"[""Mage's Ballad""]"
669240,670310,Apex Arrow,525.0,4336.0,0.0663,Default Target,['75 Soul Voice'],298307174.0,"[""Mage's Ballad""]"
669240,670310,Apex Arrow,455.0,855.0,0.0151,Default Target,['65 Soul Voice'],224072000.0,"[""Mage's Ballad""]"
629399,670500,Stormbite (dot),25.0,3118.0,,Default Target,[],689548.0,"[""The Wanderer's Minuet""]"
629399,670500,Caustic Bite (dot),20.0,2493.0,,Default Target,[],441151.0,"[""The Wanderer's Minuet""]"
669890,671540,Heartbreak Shot,180.0,8913.0,0.3976,Default Target,[],35051250.0,"[""Mage's Ballad""]"
671840,672598,Shot,80.0,8399.0,,Default Target,[],4919160.0,"[""Mage's Ballad""]"
672589,673119,Sidewinder,400.0,49833.0,,Default Target,[],173178944.0,"[""Mage's Ballad""]"
671730,673200,Refulgent Arrow,280.0,1091.0,0.0313,Default Target,[],84842220.0,"[""Mage's Ballad""]"
671730,673200,Burst Shot,220.0,2441.0,0.0891,Default Target,[],52372485.0,"[""Mage's Ballad""]"
671730,673380,Blast Arrow,700.0,76710.0,0.8796,Default Target,[],530412149.0,"[""Mage's Ballad""]"
629399,673500,Caustic Bite (dot),20.0,2493.0,,Default Target,[],441151.0,"[""The Wanderer's Minuet""]"
629399,673500,Stormbite (dot),25.0,3118.0,,Default Target,[],689548.0,"[""The Wanderer's Minuet""]"
673209,674859,Heartbreak Shot,180.0,9135.0,0.4075,Default Target,[],35051250.0,"[""Mage's Ballad""]"
674220,674890,Iron Jaws,100.0,12454.0,,Default Target,[],10815750.0,"[""Mage's Ballad""]"
674880,675638,Shot,80.0,8399.0,,Default Target,[],4919160.0,"[""Mage's Ballad""]"
674220,676500,Caustic Bite (dot),20.0,2491.0,,Default Target,[],433030.0,"[""Mage's Ballad""]"
674220,676500,Stormbite (dot),25.0,3115.0,,Default Target,[],676797.0,"[""Mage's Ballad""]"
674870,676520,Heartbreak Shot,180.0,11023.0,0.4917,Default Target,[],35051250.0,"[""Mage's Ballad""]"
676710,678180,Burst Shot,220.0,13160.0,0.4802,Default Target,[],52372485.0,"[""Mage's Ballad""]"
676710,678180,Refulgent Arrow,280.0,18130.0,0.5198,Default Target,[],84842220.0,"[""Mage's Ballad""]"
677569,678599,Empyreal Arrow,260.0,32390.0,,Default Target,[],73168674.0,"[""Mage's Ballad""]"
677920,678678,Shot,80.0,8399.0,,Default Target,[],4919160.0,"[""Mage's Ballad""]"
674220,679500,Caustic Bite (dot),20.0,2491.0,,Default Target,[],433030.0,"[""Mage's Ballad""]"
674220,679500,Stormbite (dot),25.0,3115.0,,Default Target,[],676797.0,"[""Mage's Ballad""]"
678189,679839,Heartbreak Shot,180.0,20225.0,0.9022,Default Target,[],35051250.0,"[""Mage's Ballad""]"
679200,680670,Burst Shot,220.0,20222.0,0.7379,Default Target,[],52372485.0,"[""Mage's Ballad""]"
679200,680670,Refulgent Arrow,280.0,9141.0,0.2621,Default Target,[],84842220.0,"[""Mage's Ballad""]"
679820,681470,Heartbreak Shot,180.0,8992.0,0.4011,Default Target,[],35051250.0,"[""Mage's Ballad""]"
680960,681718,Shot,80.0,8399.0,,Default Target,[],4919160.0,"[""Mage's Ballad""]"
674220,682500,Caustic Bite (dot),20.0,2491.0,,Default Target,[],433030.0,"[""Mage's Ballad""]"
674220,682500,Stormbite (dot),25.0,3115.0,,Default Target,[],676797.0,"[""Mage's Ballad""]"
682930,682930,Army's Paeon,,,,,,,[]
681690,683160,Burst Shot,220.0,20414.0,0.7449,Default Target,[],52372485.0,"[""Mage's Ballad""]"
681690,683160,Refulgent Arrow,280.0,8897.0,0.2551,Default Target,[],84842220.0,"[""Mage's Ballad""]"
682310,683960,Heartbreak Shot,180.0,20196.0,0.9009,Default Target,[],35051250.0,"[""Mage's Ballad""]"
684000,684758,Shot,80.0,8374.0,,Default Target,[],4919831.0,"[""Army's Paeon""]"
674220,685500,Caustic Bite (dot),20.0,2491.0,,Default Target,[],433030.0,"[""Mage's Ballad""]"
674220,685500,Stormbite (dot),25.0,3115.0,,Default Target,[],676797.0,"[""Mage's Ballad""]"
684180,685650,Refulgent Arrow,280.0,9180.0,0.264,Default Target,[],84850912.0,"[""Army's Paeon""]"
684180,685650,Burst Shot,220.0,20110.0,0.736,Default Target,[],52380421.0,"[""Army's Paeon""]"
687040,687798,Shot,80.0,8374.0,,Default Target,[],4919831.0,"[""Army's Paeon""]"
686670,688140,Burst Shot,220.0,20336.0,0.7443,Default Target,[],52380421.0,"[""Army's Paeon""]"
686670,688140,Refulgent Arrow,280.0,8891.0,0.2557,Default Target,[],84850912.0,"[""Army's Paeon""]"
674220,688500,Caustic Bite (dot),20.0,2491.0,,Default Target,[],433030.0,"[""Mage's Ballad""]"
674220,688500,Stormbite (dot),25.0,3115.0,,Default Target,[],676797.0,"[""Mage's Ballad""]"
689060,690530,Refulgent Arrow,280.0,9166.0,0.2636,Default Target,[],84850912.0,"[""Army's Paeon""]"
689060,690530,Burst Shot,220.0,20121.0,0.7364,Default Target,[],52380421.0,"[""Army's Paeon""]"
690080,690838,Shot,80.0,8374.0,,Default Target,[],4919831.0,"[""Army's Paeon""]"
689710,691360,Heartbreak Shot,180.0,11137.0,0.4983,Default Target,[],35054652.0,"[""Army's Paeon""]"
674220,691500,Caustic Bite (dot),20.0,2491.0,,Default Target,[],433030.0,"[""Mage's Ballad""]"
674220,691500,Stormbite (dot),25.0,3115.0,,Default Target,[],676797.0,"[""Mage's Ballad""]"
691450,692920,Burst Shot,220.0,20358.0,0.7451,Default Target,[],52380421.0,"[""Army's Paeon""]"
691450,692920,Refulgent Arrow,280.0,8864.0,0.2549,Default Target,[],84850912.0,"[""Army's Paeon""]"
692569,693599,Empyreal Arrow,260.0,32293.0,,Default Target,[],73176677.0,"[""Army's Paeon""]"
693120,693878,Shot,80.0,8374.0,,Default Target,[],4919831.0,"[""Army's Paeon""]"
674220,694500,Caustic Bite (dot),20.0,2491.0,,Default Target,[],433030.0,"[""Mage's Ballad""]"
674220,694500,Stormbite (dot),25.0,3115.0,,Default Target,[],676797.0,"[""Mage's Ballad""]"
693840,695310,Burst Shot,220.0,20369.0,0.7455,Default Target,[],52380421.0,"[""Army's Paeon""]"
693840,695310,Refulgent Arrow,280.0,8850.0,0.2545,Default Target,[],84850912.0,"[""Army's Paeon""]"
696160,696918,Shot,80.0,8374.0,,Default Target,[],4919831.0,"[""Army's Paeon""]"
696030,697500,Burst Shot,220.0,20279.0,0.7422,Default Target,[],52380421.0,"[""Army's Paeon""]"
674220,697500,Caustic Bite (dot),20.0,2491.0,,Default Target,[],433030.0,"[""Mage's Ballad""]"
674220,697500,Stormbite (dot),25.0,3115.0,,Default Target,[],676797.0,"[""Mage's Ballad""]"
696030,697500,Refulgent Arrow,280.0,8964.0,0.2578,Default Target,[],84850912.0,"[""Army's Paeon""]"
696680,698330,Heartbreak Shot,180.0,11213.0,0.5017,Default Target,[],35054652.0,"[""Army's Paeon""]"
698120,699590,Refulgent Arrow,280.0,9180.0,0.264,Default Target,[],84850912.0,"[""Army's Paeon""]"
698120,699590,Burst Shot,220.0,20110.0,0.736,Default Target,[],52380421.0,"[""Army's Paeon""]"
699200,699958,Shot,80.0,8374.0,,Default Target,[],4919831.0,"[""Army's Paeon""]"
674220,700500,Caustic Bite (dot),20.0,2491.0,,Default Target,[],433030.0,"[""Mage's Ballad""]"
674220,700500,Stormbite (dot),25.0,3115.0,,Default Target,[],676797.0,"[""Mage's Ballad""]"
700210,701680,Refulgent Arrow,280.0,9114.0,0.2621,Default Target,[],84850912.0,"[""Army's Paeon""]"
700210,701680,Burst Shot,220.0,20162.0,0.7379,Default Target,[],52380421.0,"[""Army's Paeon""]"
702240,702998,Shot,80.0,8374.0,,Default Target,[],4919831.0,"[""Army's Paeon""]"
674220,703500,Stormbite (dot),25.0,3115.0,,Default Target,[],676797.0,"[""Mage's Ballad""]"
674220,703500,Caustic Bite (dot),20.0,2491.0,,Default Target,[],433030.0,"[""Mage's Ballad""]"
702300,703770,Refulgent Arrow,280.0,8982.0,0.2583,Default Target,[],84850912.0,"[""Army's Paeon""]"
702300,703770,Burst Shot,220.0,20265.0,0.7417,Default Target,[],52380421.0,"[""Army's Paeon""]"
704390,705860,Refulgent Arrow,280.0,9131.0,0.2626,Default Target,[],84850912.0,"[""Army's Paeon""]"
704390,705860,Burst Shot,220.0,20148.0,0.7374,Default Target,[],52380421.0,"[""Army's Paeon""]"
705280,706038,Shot,80.0,8374.0,,Default Target,[],4919831.0,"[""Army's Paeon""]"
674220,706500,Stormbite (dot),25.0,3115.0,,Default Target,[],676797.0,"[""Mage's Ballad""]"
674220,706500,Caustic Bite (dot),20.0,2491.0,,Default Target,[],433030.0,"[""Mage's Ballad""]"
706480,707950,Refulgent Arrow,280.0,9055.0,0.2604,Default Target,[],84850912.0,"[""Army's Paeon""]"
706480,707950,Burst Shot,220.0,20208.0,0.7396,Default Target,[],52380421.0,"[""Army's Paeon""]"
707569,708599,Empyreal Arrow,260.0,32293.0,,Default Target,[],73176677.0,"[""Army's Paeon""]"
708320,709078,Shot,80.0,8374.0,,Default Target,[],4919831.0,"[""Army's Paeon""]"
708570,709240,Iron Jaws,100.0,12417.0,,Default Target,[],10816899.0,"[""Army's Paeon""]"
708570,709500,Stormbite (dot),25.0,3106.0,,Default Target,[],676866.0,"[""Army's Paeon""]"
708570,709500,Caustic Bite (dot),20.0,2484.0,,Default Target,[],433040.0,"[""Army's Paeon""]"
711360,712118,Shot,80.0,8374.0,,Default Target,[],4919831.0,"[""Army's Paeon""]"
710660,712130,Refulgent Arrow,280.0,18208.0,0.5236,Default Target,[],84850912.0,"[""Army's Paeon""]"
710660,712130,Burst Shot,220.0,13016.0,0.4764,Default Target,[],52380421.0,"[""Army's Paeon""]"
708570,712500,Caustic Bite (dot),20.0,2484.0,,Default Target,[],433040.0,"[""Army's Paeon""]"
708570,712500,Stormbite (dot),25.0,3106.0,,Default Target,[],676866.0,"[""Army's Paeon""]"
712750,714220,Refulgent Arrow,280.0,9124.0,0.2624,Default Target,[],84850912.0,"[""Army's Paeon""]"
712750,714220,Burst Shot,220.0,20153.0,0.7376,Default Target,[],52380421.0,"[""Army's Paeon""]"
714400,715158,Shot,80.0,8374.0,,Default Target,[],4919831.0,"[""Army's Paeon""]"
708570,715500,Stormbite (dot),25.0,3106.0,,Default Target,[],676866.0,"[""Army's Paeon""]"
708570,715500,Caustic Bite (dot),20.0,2484.0,,Default Target,[],433040.0,"[""Army's Paeon""]"
714840,716310,Refulgent Arrow,280.0,8884.0,0.2555,Default Target,[],84850912.0,"[""Army's Paeon""]"
714840,716310,Burst Shot,220.0,20342.0,0.7445,Default Target,[],52380421.0,"[""Army's Paeon""]"
717440,718198,Shot,80.0,8374.0,,Default Target,[],4919831.0,"[""Army's Paeon""]"
716930,718400,Refulgent Arrow,280.0,9124.0,0.2624,Default Target,[],84850912.0,"[""Army's Paeon""]"
716930,718400,Burst Shot,220.0,20153.0,0.7376,Default Target,[],52380421.0,"[""Army's Paeon""]"
708570,718500,Stormbite (dot),25.0,3106.0,,Default Target,[],676866.0,"[""Army's Paeon""]"
708570,718500,Caustic Bite (dot),20.0,2484.0,,Default Target,[],433040.0,"[""Army's Paeon""]"
719020,720490,Refulgent Arrow,280.0,9288.0,0.2671,Default Target,[],84850912.0,"[""Army's Paeon""]"
719020,720490,Burst Shot,220.0,20025.0,0.7329,Default Target,[],52380421.0,"[""Army's Paeon""]"
720480,721238,Shot,80.0,8374.0,,Default Target,[],4919831.0,"[""Army's Paeon""]"
708570,721500,Stormbite (dot),25.0,3106.0,,Default Target,[],676866.0,"[""Army's Paeon""]"
708570,721500,Caustic Bite (dot),20.0,2484.0,,Default Target,[],433040.0,"[""Army's Paeon""]"
721739,721739,The Wanderer's Minuet,,,,,,,[]
722359,722359,Grade 4 Gemdraught,,,,,,,[]
721111,722581,Burst Shot,220.0,20213.0,0.7398,Default Target,[],52380421.0,"[""Army's Paeon""]"
721111,722581,Refulgent Arrow,280.0,9048.0,0.2602,Default Target,[],84850912.0,"[""Army's Paeon""]"
723520,724278,Shot,80.0,9097.0,,Default Target,[],5872065.0,"['Grade 4 Gemdraught', ""The Wanderer's Minuet""]"
708570,724500,Caustic Bite (dot),20.0,2484.0,,Default Target,[],433040.0,"[""Army's Paeon""]"
708570,724500,Stormbite (dot),25.0,3106.0,,Default Target,[],676866.0,"[""Army's Paeon""]"
723201,724671,Refulgent Arrow,280.0,9644.0,0.2553,Default Target,[],101252817.0,"['Grade 4 Gemdraught', ""The Wanderer's Minuet""]"
723201,724671,Burst Shot,220.0,22103.0,0.7447,Default Target,[],62505535.0,"['Grade 4 Gemdraught', ""The Wanderer's Minuet""]"
723821,724851,Empyreal Arrow,260.0,35080.0,,Default Target,[],87325409.0,"['Grade 4 Gemdraught', ""The Wanderer's Minuet""]"
725232,725232,Chain Stratagem,,,,,,,[]
726019,726019,Battle Voice,,,,,,,[]
726089,726089,Dokumori,,,,,,,[]
726639,726639,Radiant Finale,,,,,,,[]
726848,726848,Brotherhood,,,,,,,[]
725391,726861,Refulgent Arrow,280.0,9772.0,0.2587,Default Target,[],101252817.0,"['Grade 4 Gemdraught', ""The Wanderer's Minuet""]"
725391,726861,Burst Shot,220.0,22002.0,0.7413,Default Target,[],62505535.0,"['Grade 4 Gemdraught', ""The Wanderer's Minuet""]"
726560,727318,Shot,80.0,10056.0,,Default Target,[],7393514.0,"['Chain Stratagem', 'Dokumori', 'Grade 4 Gemdraught', ""The Wanderer's Minuet""]"
727457,727457,Starry Muse,,,,,,,[]
708570,727500,Caustic Bite (dot),20.0,2484.0,,Default Target,[],433040.0,"[""Army's Paeon""]"
708570,727500,Stormbite (dot),25.0,3106.0,,Default Target,[],676866.0,"[""Army's Paeon""]"
727590,727590,Starry Muse,,,,,,,[]
728209,728209,Raging Strikes,,,,,,,[]
727581,729051,Refulgent Arrow,280.0,12343.0,0.2538,Default Target,[],174966471.0,"['Battle Voice', 'Chain Stratagem', 'Dokumori', 'Grade 4 Gemdraught', 'Radiant Finale', 'Starry Muse', ""The Wanderer's Minuet""]"
727581,729051,Burst Shot,220.0,28513.0,0.7462,Default Target,[],108008181.0,"['Battle Voice', 'Chain Stratagem', 'Dokumori', 'Grade 4 Gemdraught', 'Radiant Finale', 'Starry Muse', ""The Wanderer's Minuet""]"
728829,729629,Pitch Perfect,360.0,48379.0,0.6407,Default Target,['3 Repertoire'],421794024.0,"['Battle Voice', 'Brotherhood', 'Chain Stratagem', 'Dokumori', 'Grade 4 Gemdraught', 'Radiant Finale', 'Raging Strikes', 'Starry Muse', ""The Wanderer's Minuet""]"
729600,730358,Shot,80.0,14142.0,,Default Target,[],14794147.0,"['Battle Voice', 'Brotherhood', 'Chain Stratagem', 'Dokumori', 'Grade 4 Gemdraught', 'Radiant Finale', 'Raging Strikes', 'Starry Muse', ""The Wanderer's Minuet""]"
728829,730479,Heartbreak Shot,180.0,13564.0,0.3593,Default Target,[],105433557.0,"['Battle Voice', 'Brotherhood', 'Chain Stratagem', 'Dokumori', 'Grade 4 Gemdraught', 'Radiant Finale', 'Raging Strikes', 'Starry Muse', ""The Wanderer's Minuet""]"
708570,730500,Caustic Bite (dot),20.0,2484.0,,Default Target,[],433040.0,"[""Army's Paeon""]"
708570,730500,Stormbite (dot),25.0,3106.0,,Default Target,[],676866.0,"[""Army's Paeon""]"
729771,731731,Radiant Encore,1100.0,230742.0,,Default Target,['3 Encore'],3938578176.0,"['3 Encore', 'Battle Voice', 'Brotherhood', 'Chain Stratagem', 'Dokumori', 'Grade 4 Gemdraught', 'Radiant Finale', 'Raging Strikes', 'Starry Muse', ""The Wanderer's Minuet""]"
731041,731841,Pitch Perfect,360.0,19255.0,0.255,Default Target,['3 Repertoire'],421794024.0,"['Battle Voice', 'Brotherhood', 'Chain Stratagem', 'Dokumori', 'Grade 4 Gemdraught', 'Radiant Finale', 'Raging Strikes', 'Starry Muse', ""The Wanderer's Minuet""]"
730391,732041,Heartbreak Shot,180.0,37751.0,1.0,Default Target,[],105433557.0,"['Battle Voice', 'Brotherhood', 'Chain Stratagem', 'Dokumori', 'Grade 4 Gemdraught', 'Radiant Finale', 'Raging Strikes', 'Starry Muse', ""The Wanderer's Minuet""]"
731041,732691,Heartbreak Shot,180.0,24187.0,0.6407,Default Target,[],105433557.0,"['Battle Voice', 'Brotherhood', 'Chain Stratagem', 'Dokumori', 'Grade 4 Gemdraught', 'Radiant Finale', 'Raging Strikes', 'Starry Muse', ""The Wanderer's Minuet""]"
732589,733119,Sidewinder,400.0,83905.0,,Default Target,[],520791512.0,"['Battle Voice', 'Brotherhood', 'Chain Stratagem', 'Dokumori', 'Grade 4 Gemdraught', 'Radiant Finale', 'Raging Strikes', 'Starry Muse', ""The Wanderer's Minuet""]"
732640,733398,Shot,80.0,14142.0,,Default Target,[],14794147.0,"['Battle Voice', 'Brotherhood', 'Chain Stratagem', 'Dokumori', 'Grade 4 Gemdraught', 'Radiant Finale', 'Raging Strikes', 'Starry Muse', ""The Wanderer's Minuet""]"
731961,733431,Refulgent Arrow,280.0,15498.0,0.2639,Default Target,[],255108641.0,"['Battle Voice', 'Brotherhood', 'Chain Stratagem', 'Dokumori', 'Grade 4 Gemdraught', 'Radiant Finale', 'Raging Strikes', 'Starry Muse', ""The Wanderer's Minuet""]"
731961,733431,Burst Shot,220.0,33963.0,0.7361,Default Target,[],157481208.0,"['Battle Voice', 'Brotherhood', 'Chain Stratagem', 'Dokumori', 'Grade 4 Gemdraught', 'Radiant Finale', 'Raging Strikes', 'Starry Muse', ""The Wanderer's Minuet""]"
708570,733500,Stormbite (dot),25.0,3106.0,,Default Target,[],676866.0,"[""Army's Paeon""]"
708570,733500,Caustic Bite (dot),20.0,2484.0,,Default Target,[],433040.0,"[""Army's Paeon""]"
735101,735901,Pitch Perfect,360.0,5806.0,0.0769,Default Target,['3 Repertoire'],421794024.0,"['Battle Voice', 'Brotherhood', 'Chain Stratagem', 'Dokumori', 'Grade 4 Gemdraught', 'Radiant Finale', 'Raging Strikes', 'Starry Muse', ""The Wanderer's Minuet""]"
734451,735921,Refulgent Arrow,280.0,14799.0,0.252,Default Target,[],255108641.0,"['Battle Voice', 'Brotherhood', 'Chain Stratagem', 'Dokumori', 'Grade 4 Gemdraught', 'Radiant Finale', 'Raging Strikes', 'Starry Muse', ""The Wanderer's Minuet""]"
734451,735921,Burst Shot,220.0,34512.0,0.748,Default Target,[],157481208.0,"['Battle Voice', 'Brotherhood', 'Chain Stratagem', 'Dokumori', 'Grade 4 Gemdraught', 'Radiant Finale', 'Raging Strikes', 'Starry Muse', ""The Wanderer's Minuet""]"
735680,736438,Shot,80.0,14142.0,,Default Target,[],14794147.0,"['Battle Voice', 'Brotherhood', 'Chain Stratagem', 'Dokumori', 'Grade 4 Gemdraught', 'Radiant Finale', 'Raging Strikes', 'Starry Muse', ""The Wanderer's Minuet""]"
708570,736500,Stormbite (dot),25.0,3106.0,,Default Target,[],676866.0,"[""Army's Paeon""]"
708570,736500,Caustic Bite (dot),20.0,2484.0,,Default Target,[],433040.0,"[""Army's Paeon""]"
735101,736751,Heartbreak Shot,180.0,17494.0,0.4634,Default Target,[],105433557.0,"['Battle Voice', 'Brotherhood', 'Chain Stratagem', 'Dokumori', 'Grade 4 Gemdraught', 'Radiant Finale', 'Raging Strikes', 'Starry Muse', ""The Wanderer's Minuet""]"
735751,737401,Heartbreak Shot,180.0,1317.0,0.0349,Default Target,[],105433557.0,"['Battle Voice', 'Brotherhood', 'Chain Stratagem', 'Dokumori', 'Grade 4 Gemdraught', 'Radiant Finale', 'Raging Strikes', 'Starry Muse', ""The Wanderer's Minuet""]"
737561,738361,Pitch Perfect,360.0,26700.0,0.3536,Default Target,['3 Repertoire'],421794024.0,"['Battle Voice', 'Brotherhood', 'Chain Stratagem', 'Dokumori', 'Grade 4 Gemdraught', 'Radiant Finale', 'Raging Strikes', 'Starry Muse', ""The Wanderer's Minuet""]"
736941,738411,Refulgent Arrow,280.0,15527.0,0.2644,Default Target,[],255108641.0,"['Battle Voice', 'Brotherhood', 'Chain Stratagem', 'Dokumori', 'Grade 4 Gemdraught', 'Radiant Finale', 'Raging Strikes', 'Starry Muse', ""The Wanderer's Minuet""]"
736941,738411,Burst Shot,220.0,33940.0,0.7356,Default Target,[],157481208.0,"['Battle Voice', 'Brotherhood', 'Chain Stratagem', 'Dokumori', 'Grade 4 Gemdraught', 'Radiant Finale', 'Raging Strikes', 'Starry Muse', ""The Wanderer's Minuet""]"
738720,739478,Shot,80.0,14142.0,,Default Target,[],14794147.0,"['Battle Voice', 'Brotherhood', 'Chain Stratagem', 'Dokumori', 'Grade 4 Gemdraught', 'Radiant Finale', 'Raging Strikes', 'Starry Muse', ""The Wanderer's Minuet""]"
708570,739500,Caustic Bite (dot),20.0,2484.0,,Default Target,[],433040.0,"[""Army's Paeon""]"
708570,739500,Stormbite (dot),25.0,3106.0,,Default Target,[],676866.0,"[""Army's Paeon""]"
738821,739851,Empyreal Arrow,260.0,54535.0,,Default Target,[],220019793.0,"['Battle Voice', 'Brotherhood', 'Chain Stratagem', 'Dokumori', 'Grade 4 Gemdraught', 'Radiant Finale', 'Raging Strikes', 'Starry Muse', ""The Wanderer's Minuet""]"
740061,740061,Barrage,,,,,,,[]
739441,740511,Apex Arrow,630.0,1361.0,0.0103,Default Target,['90 Soul Voice'],1291888018.0,"['Battle Voice', 'Brotherhood', 'Chain Stratagem', 'Dokumori', 'Grade 4 Gemdraught', 'Radiant Finale', 'Raging Strikes', 'Starry Muse', ""The Wanderer's Minuet""]"
739441,740511,Apex Arrow,665.0,3208.0,0.023,Default Target,['95 Soul Voice'],1439427984.0,"['Battle Voice', 'Brotherhood', 'Chain Stratagem', 'Dokumori', 'Grade 4 Gemdraught', 'Radiant Finale', 'Raging Strikes', 'Starry Muse', ""The Wanderer's Minuet""]"
739441,740511,Apex Arrow,490.0,10.0,0.0001,Default Target,['70 Soul Voice'],781512236.0,"['Battle Voice', 'Brotherhood', 'Chain Stratagem', 'Dokumori', 'Grade 4 Gemdraught', 'Radiant Finale', 'Raging Strikes', 'Starry Muse', ""The Wanderer's Minuet""]"
739441,740511,Apex Arrow,700.0,141489.0,0.9636,Default Target,['100 Soul Voice'],1594899963.0,"['Battle Voice', 'Brotherhood', 'Chain Stratagem', 'Dokumori', 'Grade 4 Gemdraught', 'Radiant Finale', 'Raging Strikes', 'Starry Muse', ""The Wanderer's Minuet""]"
739441,740511,Apex Arrow,595.0,249.0,0.002,Default Target,['85 Soul Voice'],1152310131.0,"['Battle Voice', 'Brotherhood', 'Chain Stratagem', 'Dokumori', 'Grade 4 Gemdraught', 'Radiant Finale', 'Raging Strikes', 'Starry Muse', ""The Wanderer's Minuet""]"
739441,740511,Apex Arrow,560.0,117.0,0.001,Default Target,['80 Soul Voice'],1020677553.0,"['Battle Voice', 'Brotherhood', 'Chain Stratagem', 'Dokumori', 'Grade 4 Gemdraught', 'Radiant Finale', 'Raging Strikes', 'Starry Muse', ""The Wanderer's Minuet""]"
740681,741481,Pitch Perfect,360.0,43554.0,0.5768,Default Target,['3 Repertoire'],421794024.0,"['Battle Voice', 'Brotherhood', 'Chain Stratagem', 'Dokumori', 'Grade 4 Gemdraught', 'Radiant Finale', 'Raging Strikes', 'Starry Muse', ""The Wanderer's Minuet""]"
708570,742500,Stormbite (dot),25.0,3106.0,,Default Target,[],676866.0,"[""Army's Paeon""]"
708570,742500,Caustic Bite (dot),20.0,2484.0,,Default Target,[],433040.0,"[""Army's Paeon""]"
741760,742518,Shot,80.0,14142.0,,Default Target,[],14794147.0,"['Battle Voice', 'Brotherhood', 'Chain Stratagem', 'Dokumori', 'Grade 4 Gemdraught', 'Radiant Finale', 'Raging Strikes', 'Starry Muse', ""The Wanderer's Minuet""]"
741931,743401,Burst Shot,220.0,4.0,0.0001,Default Target,[],157481208.0,"['Battle Voice', 'Brotherhood', 'Chain Stratagem', 'Dokumori', 'Grade 4 Gemdraught', 'Radiant Finale', 'Raging Strikes', 'Starry Muse', ""The Wanderer's Minuet""]"
741931,743581,Blast Arrow,700.0,146819.0,0.9999,Default Target,[],1594899963.0,"['Battle Voice', 'Brotherhood', 'Chain Stratagem', 'Dokumori', 'Grade 4 Gemdraught', 'Radiant Finale', 'Raging Strikes', 'Starry Muse', ""The Wanderer's Minuet""]"
743231,744031,Pitch Perfect,360.0,20682.0,0.2739,Default Target,['3 Repertoire'],421794024.0,"['Battle Voice', 'Brotherhood', 'Chain Stratagem', 'Dokumori', 'Grade 4 Gemdraught', 'Radiant Finale', 'Raging Strikes', 'Starry Muse', ""The Wanderer's Minuet""]"
742581,744231,Heartbreak Shot,180.0,18939.0,0.5017,Default Target,[],105433557.0,"['Battle Voice', 'Brotherhood', 'Chain Stratagem', 'Dokumori', 'Grade 4 Gemdraught', 'Radiant Finale', 'Raging Strikes', 'Starry Muse', ""The Wanderer's Minuet""]"
708570,745500,Caustic Bite (dot),20.0,2484.0,,Default Target,[],433040.0,"[""Army's Paeon""]"
708570,745500,Stormbite (dot),25.0,3106.0,,Default Target,[],676866.0,"[""Army's Paeon""]"
744800,745558,Shot,80.0,14142.0,,Default Target,[],14794147.0,"['Battle Voice', 'Brotherhood', 'Chain Stratagem', 'Dokumori', 'Grade 4 Gemdraught', 'Radiant Finale', 'Raging Strikes', 'Starry Muse', ""The Wanderer's Minuet""]"
744421,745581,Resonant Arrow,640.0,134246.0,,Default Target,[],1333195310.0,"['Battle Voice', 'Brotherhood', 'Chain Stratagem', 'Dokumori', 'Grade 4 Gemdraught', 'Radiant Finale', 'Raging Strikes', 'Starry Muse', ""The Wanderer's Minuet""]"
747561,748361,Pitch Perfect,360.0,6497.0,0.1055,Default Target,['3 Repertoire'],269115900.0,"['Brotherhood', 'Grade 4 Gemdraught', 'Raging Strikes', 'Starry Muse', ""The Wanderer's Minuet""]"
746911,748381,Refulgent Arrow,280.0,53308.0,,Default Target,['Barrage'],201627301.0,"['Barrage', 'Brotherhood', 'Dokumori', 'Grade 4 Gemdraught', 'Radiant Finale', 'Raging Strikes', 'Starry Muse', ""The Wanderer's Minuet""]"
708570,748500,Stormbite (dot),25.0,3106.0,,Default Target,[],676866.0,"[""Army's Paeon""]"
708570,748500,Caustic Bite (dot),20.0,2484.0,,Default Target,[],433040.0,"[""Army's Paeon""]"
746911,748501,Refulgent Arrow,280.0,53308.0,,Default Target,[],201627301.0,"['Brotherhood', 'Dokumori', 'Grade 4 Gemdraught', 'Radiant Finale', 'Raging Strikes', 'Starry Muse', ""The Wanderer's Minuet""]"
747840,748598,Shot,80.0,10985.0,,Default Target,[],8561800.0,"['Grade 4 Gemdraught', 'Raging Strikes', 'Starry Muse', ""The Wanderer's Minuet""]"
746911,748621,Refulgent Arrow,280.0,53308.0,,Default Target,[],201627301.0,"['Brotherhood', 'Dokumori', 'Grade 4 Gemdraught', 'Radiant Finale', 'Raging Strikes', 'Starry Muse', ""The Wanderer's Minuet""]"
750021,750821,Pitch Perfect,360.0,16121.0,0.3319,Default Target,['3 Repertoire'],167410585.0,"['Grade 4 Gemdraught', ""The Wanderer's Minuet""]"
749401,750871,Refulgent Arrow,280.0,9478.0,0.2509,Default Target,[],101252817.0,"['Grade 4 Gemdraught', ""The Wanderer's Minuet""]"
749401,750871,Burst Shot,220.0,22233.0,0.7491,Default Target,[],62505535.0,"['Grade 4 Gemdraught', ""The Wanderer's Minuet""]"
708570,751500,Caustic Bite (dot),20.0,2484.0,,Default Target,[],433040.0,"[""Army's Paeon""]"
708570,751500,Stormbite (dot),25.0,3106.0,,Default Target,[],676866.0,"[""Army's Paeon""]"
750880,751638,Shot,80.0,9097.0,,Default Target,[],5872065.0,"['Grade 4 Gemdraught', ""The Wanderer's Minuet""]"
750021,751671,Heartbreak Shot,180.0,8050.0,0.3315,Default Target,[],41845817.0,"['Grade 4 Gemdraught', ""The Wanderer's Minuet""]"
750671,752321,Heartbreak Shot,180.0,4050.0,0.1668,Default Target,[],41845817.0,"['Grade 4 Gemdraught', ""The Wanderer's Minuet""]"
752511,753311,Pitch Perfect,220.0,7538.0,0.254,Default Target,['2 Repertoire'],62505535.0,"['Grade 4 Gemdraught', ""The Wanderer's Minuet""]"
752511,753311,Pitch Perfect,360.0,15956.0,0.3285,Default Target,['3 Repertoire'],167410585.0,"['Grade 4 Gemdraught', ""The Wanderer's Minuet""]"
752511,753311,Pitch Perfect,100.0,4651.0,0.3448,Default Target,['1 Repertoire'],12912783.0,"['Grade 4 Gemdraught', ""The Wanderer's Minuet""]"
751891,753361,Burst Shot,220.0,21770.0,0.7335,Default Target,[],62505535.0,"['Grade 4 Gemdraught', ""The Wanderer's Minuet""]"
751891,753361,Refulgent Arrow,280.0,10067.0,0.2665,Default Target,[],101252817.0,"['Grade 4 Gemdraught', ""The Wanderer's Minuet""]"
