sim_timestamp,sim_damage_timestamp,sim_name,sim_expected,Auto,Chaotic Spring,Chaotic Spring (dot),Dragonfire Dive,Drakesbane,Fang and Claw,Geirskogul,Heavens' Thrust,High Jump,Lance Barrage,Mirage Dive,Nastrond,Piercing Talon,Raiden Thrust,Rise of the Dragon,Spiral Blow,Starcross,Stardiver,True Thrust,Wheeling Thrust,Wyrmwind Thrust
0,760,True Thrust,23973.0,0,0,0,0,0,0,0,0,0,0,0,0,0,0,0,0,0,0,23973,0,0
760,1292,Auto,8745.0,8745,0,0,0,0,0,0,0,0,0,0,0,0,0,0,0,0,0,23973,0,0
2500,3880,Spiral Blow,31269.0,8745,0,0,0,0,0,0,0,0,0,0,0,0,0,0,31269,0,0,23973,0,0
3560,4092,Auto,9619.0,18364,0,0,0,0,0,0,0,0,0,0,0,0,0,0,31269,0,0,23973,0,0
5000,5850,Piercing Talon,43424.0,18364,0,0,0,0,0,0,0,0,0,0,0,43424,0,0,31269,0,0,23973,0,0
6360,6892,Auto,13549.0,31913,0,0,0,0,0,0,0,0,0,0,0,43424,0,0,31269,0,0,23973,0,0
6860,7530,Geirskogul,45205.0,31913,0,0,0,0,0,45205,0,0,0,0,0,43424,0,0,31269,0,0,23973,0,0
7500,7950,Chaotic Spring,69441.0,31913,69441,0,0,0,0,45205,0,0,0,0,0,43424,0,0,31269,0,0,23973,0,0
8119,8609,High Jump,81694.0,31913,69441,0,0,0,0,45205,0,81694,0,0,0,43424,0,0,31269,0,0,23973,0,0
9160,9692,Auto,17140.0,49053,69441,0,0,0,0,45205,0,81694,0,0,0,43424,0,0,31269,0,0,23973,0,0
8920,9720,Mirage Dive,77608.0,49053,69441,0,0,0,0,45205,0,81694,0,77608,0,43424,0,0,31269,0,0,23973,0,0
7500,10500,Chaotic Spring (dot),9184.0,49053,69441,9184,0,0,0,45205,0,81694,0,77608,0,43424,0,0,31269,0,0,23973,0,0
10000,10620,Wheeling Thrust,69441.0,49053,69441,9184,0,0,0,45205,0,81694,0,77608,0,43424,0,0,31269,0,0,23973,69441,0
10620,11420,Dragonfire Dive,102119.0,49053,69441,9184,102119,0,0,45205,0,81694,0,77608,0,43424,0,0,31269,0,0,23973,69441,0
11960,12492,Auto,17140.0,66193,69441,9184,102119,0,0,45205,0,81694,0,77608,0,43424,0,0,31269,0,0,23973,69441,0
12500,13120,Drakesbane,132601.0,66193,69441,9184,102119,132601,0,45205,0,81694,0,77608,0,43424,0,0,31269,0,0,23973,69441,0
7500,13500,Chaotic Spring (dot),9184.0,66193,69441,18368,102119,132601,0,45205,0,81694,0,77608,0,43424,0,0,31269,0,0,23973,69441,0
13120,14280,Rise of the Dragon,112335.0,66193,69441,18368,102119,132601,0,45205,0,81694,0,77608,0,43424,0,112335,31269,0,0,23973,69441,0
13740,14500,Nastrond,147052.0,66193,69441,18368,102119,132601,0,45205,0,81694,0,77608,147052,43424,0,112335,31269,0,0,23973,69441,0
14760,15292,Auto,17140.0,83333,69441,18368,102119,132601,0,45205,0,81694,0,77608,147052,43424,0,112335,31269,0,0,23973,69441,0
15000,15620,Raiden Thrust,65354.0,83333,69441,18368,102119,132601,0,45205,0,81694,0,77608,147052,43424,65354,112335,31269,0,0,23973,69441,0
7500,16500,Chaotic Spring (dot),9184.0,83333,69441,27552,102119,132601,0,45205,0,81694,0,77608,147052,43424,65354,112335,31269,0,0,23973,69441,0
15620,16910,Stardiver,171565.0,83333,69441,27552,102119,132601,0,45205,0,81694,0,77608,147052,43424,65354,112335,31269,0,171565,23973,69441,0
17560,18092,Auto,17140.0,100473,69441,27552,102119,132601,0,45205,0,81694,0,77608,147052,43424,65354,112335,31269,0,171565,23973,69441,0
17500,18440,Lance Barrage,69441.0,100473,69441,27552,102119,132601,0,45205,0,81694,69441,77608,147052,43424,65354,112335,31269,0,171565,23973,69441,0
18120,19100,Starcross,142973.0,100473,69441,27552,102119,132601,0,45205,0,81694,69441,77608,147052,43424,65354,112335,31269,142973,171565,23973,69441,0
7500,19500,Chaotic Spring (dot),9184.0,100473,69441,36736,102119,132601,0,45205,0,81694,69441,77608,147052,43424,65354,112335,31269,142973,171565,23973,69441,0
20000,20710,Heavens' Thrust,132601.0,100473,69441,36736,102119,132601,0,45205,132601,81694,69441,77608,147052,43424,65354,112335,31269,142973,171565,23973,69441,0
20360,20892,Auto,17140.0,117613,69441,36736,102119,132601,0,45205,132601,81694,69441,77608,147052,43424,65354,112335,31269,142973,171565,23973,69441,0
7500,22500,Chaotic Spring (dot),9184.0,117613,69441,45920,102119,132601,0,45205,132601,81694,69441,77608,147052,43424,65354,112335,31269,142973,171565,23973,69441,0
22500,23120,Fang and Claw,69441.0,117613,69441,45920,102119,132601,69441,45205,132601,81694,69441,77608,147052,43424,65354,112335,31269,142973,171565,23973,69441,0
23160,23692,Auto,17140.0,134753,69441,45920,102119,132601,69441,45205,132601,81694,69441,77608,147052,43424,65354,112335,31269,142973,171565,23973,69441,0
7500,25500,Chaotic Spring (dot),9184.0,134753,69441,55104,102119,132601,69441,45205,132601,81694,69441,77608,147052,43424,65354,112335,31269,142973,171565,23973,69441,0
25001,25621,Drakesbane,93950.0,134753,69441,55104,102119,226551,69441,45205,132601,81694,69441,77608,147052,43424,65354,112335,31269,142973,171565,23973,69441,0
25960,26492,Auto,14857.0,149610,69441,55104,102119,226551,69441,45205,132601,81694,69441,77608,147052,43424,65354,112335,31269,142973,171565,23973,69441,0
27501,28121,Raiden Thrust,39700.0,149610,69441,55104,102119,226551,69441,45205,132601,81694,69441,77608,147052,43424,105054,112335,31269,142973,171565,23973,69441,0
7500,28500,Chaotic Spring (dot),9184.0,149610,69441,64288,102119,226551,69441,45205,132601,81694,69441,77608,147052,43424,105054,112335,31269,142973,171565,23973,69441,0
28760,29292,Auto,10412.0,160022,69441,64288,102119,226551,69441,45205,132601,81694,69441,77608,147052,43424,105054,112335,31269,142973,171565,23973,69441,0
28121,29321,Wyrmwind Thrust,54589.0,160022,69441,64288,102119,226551,69441,45205,132601,81694,69441,77608,147052,43424,105054,112335,31269,142973,171565,23973,69441,54589
30001,31381,Spiral Blow,37218.0,160022,69441,64288,102119,226551,69441,45205,132601,81694,69441,77608,147052,43424,105054,112335,68487,142973,171565,23973,69441,54589
7500,31500,Chaotic Spring (dot),9184.0,160022,69441,73472,102119,226551,69441,45205,132601,81694,69441,77608,147052,43424,105054,112335,68487,142973,171565,23973,69441,54589
31560,32092,Auto,10412.0,170434,69441,73472,102119,226551,69441,45205,132601,81694,69441,77608,147052,43424,105054,112335,68487,142973,171565,23973,69441,54589
32500,32950,Chaotic Spring,42182.0,170434,111623,73472,102119,226551,69441,45205,132601,81694,69441,77608,147052,43424,105054,112335,68487,142973,171565,23973,69441,54589
32500,34500,Chaotic Spring (dot),5579.0,170434,111623,79051,102119,226551,69441,45205,132601,81694,69441,77608,147052,43424,105054,112335,68487,142973,171565,23973,69441,54589
34360,34892,Auto,10412.0,180846,111623,79051,102119,226551,69441,45205,132601,81694,69441,77608,147052,43424,105054,112335,68487,142973,171565,23973,69441,54589
35001,35621,Wheeling Thrust,38982.0,180846,111623,79051,102119,226551,69441,45205,132601,81694,69441,77608,147052,43424,105054,112335,68487,142973,171565,23973,108423,54589
32500,37500,Chaotic Spring (dot),5579.0,180846,111623,84630,102119,226551,69441,45205,132601,81694,69441,77608,147052,43424,105054,112335,68487,142973,171565,23973,108423,54589
37160,37692,Auto,9619.0,190465,111623,84630,102119,226551,69441,45205,132601,81694,69441,77608,147052,43424,105054,112335,68487,142973,171565,23973,108423,54589
37501,38121,Drakesbane,52741.0,190465,111623,84630,102119,279292,69441,45205,132601,81694,69441,77608,147052,43424,105054,112335,68487,142973,171565,23973,108423,54589
38121,38611,High Jump,45864.0,190465,111623,84630,102119,279292,69441,45205,132601,127558,69441,77608,147052,43424,105054,112335,68487,142973,171565,23973,108423,54589
38921,39721,Mirage Dive,43568.0,190465,111623,84630,102119,279292,69441,45205,132601,127558,69441,121176,147052,43424,105054,112335,68487,142973,171565,23973,108423,54589
39960,40492,Auto,9619.0,200084,111623,84630,102119,279292,69441,45205,132601,127558,69441,121176,147052,43424,105054,112335,68487,142973,171565,23973,108423,54589
32500,40500,Chaotic Spring (dot),5579.0,200084,111623,90209,102119,279292,69441,45205,132601,127558,69441,121176,147052,43424,105054,112335,68487,142973,171565,23973,108423,54589
40001,40621,Raiden Thrust,36689.0,200084,111623,90209,102119,279292,69441,45205,132601,127558,69441,121176,147052,43424,141743,112335,68487,142973,171565,23973,108423,54589
42760,43292,Auto,9612.0,209696,111623,90209,102119,279292,69441,45205,132601,127558,69441,121176,147052,43424,141743,112335,68487,142973,171565,23973,108423,54589
42501,43441,Lance Barrage,38982.0,209696,111623,90209,102119,279292,69441,45205,132601,127558,108423,121176,147052,43424,141743,112335,68487,142973,171565,23973,108423,54589
32500,43500,Chaotic Spring (dot),5579.0,209696,111623,95788,102119,279292,69441,45205,132601,127558,108423,121176,147052,43424,141743,112335,68487,142973,171565,23973,108423,54589
45001,45711,Heavens' Thrust,52704.0,209696,111623,95788,102119,279292,69441,45205,185305,127558,108423,121176,147052,43424,141743,112335,68487,142973,171565,23973,108423,54589
45560,46092,Auto,9612.0,219308,111623,95788,102119,279292,69441,45205,185305,127558,108423,121176,147052,43424,141743,112335,68487,142973,171565,23973,108423,54589
32500,46500,Chaotic Spring (dot),5579.0,219308,111623,101367,102119,279292,69441,45205,185305,127558,108423,121176,147052,43424,141743,112335,68487,142973,171565,23973,108423,54589
47501,48121,Fang and Claw,38955.0,219308,111623,101367,102119,279292,108396,45205,185305,127558,108423,121176,147052,43424,141743,112335,68487,142973,171565,23973,108423,54589
48360,48892,Auto,9612.0,228920,111623,101367,102119,279292,108396,45205,185305,127558,108423,121176,147052,43424,141743,112335,68487,142973,171565,23973,108423,54589
32500,49500,Chaotic Spring (dot),5579.0,228920,111623,106946,102119,279292,108396,45205,185305,127558,108423,121176,147052,43424,141743,112335,68487,142973,171565,23973,108423,54589
50001,50621,Drakesbane,52704.0,228920,111623,106946,102119,331996,108396,45205,185305,127558,108423,121176,147052,43424,141743,112335,68487,142973,171565,23973,108423,54589
51160,51692,Auto,9612.0,238532,111623,106946,102119,331996,108396,45205,185305,127558,108423,121176,147052,43424,141743,112335,68487,142973,171565,23973,108423,54589
32500,52500,Chaotic Spring (dot),5579.0,238532,111623,112525,102119,331996,108396,45205,185305,127558,108423,121176,147052,43424,141743,112335,68487,142973,171565,23973,108423,54589
52501,53121,Raiden Thrust,36664.0,238532,111623,112525,102119,331996,108396,45205,185305,127558,108423,121176,147052,43424,178407,112335,68487,142973,171565,23973,108423,54589
53960,54492,Auto,9612.0,248144,111623,112525,102119,331996,108396,45205,185305,127558,108423,121176,147052,43424,178407,112335,68487,142973,171565,23973,108423,54589
32500,55500,Chaotic Spring (dot),5579.0,248144,111623,118104,102119,331996,108396,45205,185305,127558,108423,121176,147052,43424,178407,112335,68487,142973,171565,23973,108423,54589
55001,56381,Spiral Blow,34372.0,248144,111623,118104,102119,331996,108396,45205,185305,127558,108423,121176,147052,43424,178407,112335,102859,142973,171565,23973,108423,54589
56760,57292,Auto,9612.0,257756,111623,118104,102119,331996,108396,45205,185305,127558,108423,121176,147052,43424,178407,112335,102859,142973,171565,23973,108423,54589
57501,57951,Chaotic Spring,38955.0,257756,150578,118104,102119,331996,108396,45205,185305,127558,108423,121176,147052,43424,178407,112335,102859,142973,171565,23973,108423,54589
57501,58500,Chaotic Spring (dot),5153.0,257756,150578,123257,102119,331996,108396,45205,185305,127558,108423,121176,147052,43424,178407,112335,102859,142973,171565,23973,108423,54589
59560,60092,Auto,9612.0,267368,150578,123257,102119,331996,108396,45205,185305,127558,108423,121176,147052,43424,178407,112335,102859,142973,171565,23973,108423,54589
60001,60621,Wheeling Thrust,38955.0,267368,150578,123257,102119,331996,108396,45205,185305,127558,108423,121176,147052,43424,178407,112335,102859,142973,171565,23973,147378,54589
57501,61500,Chaotic Spring (dot),5153.0,267368,150578,128410,102119,331996,108396,45205,185305,127558,108423,121176,147052,43424,178407,112335,102859,142973,171565,23973,147378,54589
62360,62892,Auto,9612.0,276980,150578,128410,102119,331996,108396,45205,185305,127558,108423,121176,147052,43424,178407,112335,102859,142973,171565,23973,147378,54589
62501,63121,Drakesbane,52704.0,276980,150578,128410,102119,384700,108396,45205,185305,127558,108423,121176,147052,43424,178407,112335,102859,142973,171565,23973,147378,54589
63121,64321,Wyrmwind Thrust,50414.0,276980,150578,128410,102119,384700,108396,45205,185305,127558,108423,121176,147052,43424,178407,112335,102859,142973,171565,23973,147378,105003
57501,64500,Chaotic Spring (dot),5153.0,276980,150578,133563,102119,384700,108396,45205,185305,127558,108423,121176,147052,43424,178407,112335,102859,142973,171565,23973,147378,105003
65001,65621,Raiden Thrust,36664.0,276980,150578,133563,102119,384700,108396,45205,185305,127558,108423,121176,147052,43424,215071,112335,102859,142973,171565,23973,147378,105003
65160,65692,Auto,9612.0,286592,150578,133563,102119,384700,108396,45205,185305,127558,108423,121176,147052,43424,215071,112335,102859,142973,171565,23973,147378,105003
57501,67500,Chaotic Spring (dot),5153.0,286592,150578,138716,102119,384700,108396,45205,185305,127558,108423,121176,147052,43424,215071,112335,102859,142973,171565,23973,147378,105003
66860,67530,Geirskogul,32079.0,286592,150578,138716,102119,384700,108396,77284,185305,127558,108423,121176,147052,43424,215071,112335,102859,142973,171565,23973,147378,105003
67501,68441,Lance Barrage,49278.0,286592,150578,138716,102119,384700,108396,77284,185305,127558,157701,121176,147052,43424,215071,112335,102859,142973,171565,23973,147378,105003
67960,68492,Auto,12160.0,298752,150578,138716,102119,384700,108396,77284,185305,127558,157701,121176,147052,43424,215071,112335,102859,142973,171565,23973,147378,105003
68121,68611,High Jump,57978.0,298752,150578,138716,102119,384700,108396,77284,185305,185536,157701,121176,147052,43424,215071,112335,102859,142973,171565,23973,147378,105003
57501,70500,Chaotic Spring (dot),5153.0,298752,150578,143869,102119,384700,108396,77284,185305,185536,157701,121176,147052,43424,215071,112335,102859,142973,171565,23973,147378,105003
70001,70711,Heavens' Thrust,66671.0,298752,150578,143869,102119,384700,108396,77284,251976,185536,157701,121176,147052,43424,215071,112335,102859,142973,171565,23973,147378,105003
70760,71292,Auto,12160.0,310912,150578,143869,102119,384700,108396,77284,251976,185536,157701,121176,147052,43424,215071,112335,102859,142973,171565,23973,147378,105003
70621,71421,Mirage Dive,55075.0,310912,150578,143869,102119,384700,108396,77284,251976,185536,157701,176251,147052,43424,215071,112335,102859,142973,171565,23973,147378,105003
72501,73121,Fang and Claw,49278.0,310912,150578,143869,102119,384700,157674,77284,251976,185536,157701,176251,147052,43424,215071,112335,102859,142973,171565,23973,147378,105003
57501,73500,Chaotic Spring (dot),5153.0,310912,150578,149022,102119,384700,157674,77284,251976,185536,157701,176251,147052,43424,215071,112335,102859,142973,171565,23973,147378,105003
73560,74092,Auto,12160.0,323072,150578,149022,102119,384700,157674,77284,251976,185536,157701,176251,147052,43424,215071,112335,102859,142973,171565,23973,147378,105003
73741,74501,Nastrond,104360.0,323072,150578,149022,102119,384700,157674,77284,251976,185536,157701,176251,251412,43424,215071,112335,102859,142973,171565,23973,147378,105003
75002,75622,Drakesbane,92393.0,323072,150578,149022,102119,477093,157674,77284,251976,185536,157701,176251,251412,43424,215071,112335,102859,142973,171565,23973,147378,105003
57501,76500,Chaotic Spring (dot),5153.0,323072,150578,154175,102119,477093,157674,77284,251976,185536,157701,176251,251412,43424,215071,112335,102859,142973,171565,23973,147378,105003
76360,76892,Auto,12160.0,335232,150578,154175,102119,477093,157674,77284,251976,185536,157701,176251,251412,43424,215071,112335,102859,142973,171565,23973,147378,105003
75622,76912,Stardiver,121754.0,335232,150578,154175,102119,477093,157674,77284,251976,185536,157701,176251,251412,43424,215071,112335,102859,142973,293319,23973,147378,105003
77502,78122,Raiden Thrust,46380.0,335232,150578,154175,102119,477093,157674,77284,251976,185536,157701,176251,251412,43424,261451,112335,102859,142973,293319,23973,147378,105003
78122,79322,Wyrmwind Thrust,63774.0,335232,150578,154175,102119,477093,157674,77284,251976,185536,157701,176251,251412,43424,261451,112335,102859,142973,293319,23973,147378,168777
57501,79500,Chaotic Spring (dot),5153.0,335232,150578,159328,102119,477093,157674,77284,251976,185536,157701,176251,251412,43424,261451,112335,102859,142973,293319,23973,147378,168777
79160,79692,Auto,12160.0,347392,150578,159328,102119,477093,157674,77284,251976,185536,157701,176251,251412,43424,261451,112335,102859,142973,293319,23973,147378,168777
80002,81382,Spiral Blow,43481.0,347392,150578,159328,102119,477093,157674,77284,251976,185536,157701,176251,251412,43424,261451,112335,146340,142973,293319,23973,147378,168777
81960,82492,Auto,12124.0,359516,150578,159328,102119,477093,157674,77284,251976,185536,157701,176251,251412,43424,261451,112335,146340,142973,293319,23973,147378,168777
82502,82952,Chaotic Spring,49130.0,359516,199708,159328,102119,477093,157674,77284,251976,185536,157701,176251,251412,43424,261451,112335,146340,142973,293319,23973,147378,168777
83122,84102,Starcross,101159.0,359516,199708,159328,102119,477093,157674,77284,251976,185536,157701,176251,251412,43424,261451,112335,146340,244132,293319,23973,147378,168777
84760,85292,Auto,12124.0,371640,199708,159328,102119,477093,157674,77284,251976,185536,157701,176251,251412,43424,261451,112335,146340,244132,293319,23973,147378,168777
82502,85500,Chaotic Spring (dot),6499.0,371640,199708,165827,102119,477093,157674,77284,251976,185536,157701,176251,251412,43424,261451,112335,146340,244132,293319,23973,147378,168777
85002,85622,Wheeling Thrust,49130.0,371640,199708,165827,102119,477093,157674,77284,251976,185536,157701,176251,251412,43424,261451,112335,146340,244132,293319,23973,196508,168777
87560,88092,Auto,9584.0,381224,199708,165827,102119,477093,157674,77284,251976,185536,157701,176251,251412,43424,261451,112335,146340,244132,293319,23973,196508,168777
87502,88122,Drakesbane,52546.0,381224,199708,165827,102119,529639,157674,77284,251976,185536,157701,176251,251412,43424,261451,112335,146340,244132,293319,23973,196508,168777
82502,88500,Chaotic Spring (dot),6499.0,381224,199708,172326,102119,529639,157674,77284,251976,185536,157701,176251,251412,43424,261451,112335,146340,244132,293319,23973,196508,168777
90002,90622,Raiden Thrust,36553.0,381224,199708,172326,102119,529639,157674,77284,251976,185536,157701,176251,251412,43424,298004,112335,146340,244132,293319,23973,196508,168777
90360,90892,Auto,9584.0,390808,199708,172326,102119,529639,157674,77284,251976,185536,157701,176251,251412,43424,298004,112335,146340,244132,293319,23973,196508,168777
82502,91500,Chaotic Spring (dot),6499.0,390808,199708,178825,102119,529639,157674,77284,251976,185536,157701,176251,251412,43424,298004,112335,146340,244132,293319,23973,196508,168777
92502,93442,Lance Barrage,38838.0,390808,199708,178825,102119,529639,157674,77284,251976,185536,196539,176251,251412,43424,298004,112335,146340,244132,293319,23973,196508,168777
93160,93692,Auto,9584.0,400392,199708,178825,102119,529639,157674,77284,251976,185536,196539,176251,251412,43424,298004,112335,146340,244132,293319,23973,196508,168777
82502,94500,Chaotic Spring (dot),6499.0,400392,199708,185324,102119,529639,157674,77284,251976,185536,196539,176251,251412,43424,298004,112335,146340,244132,293319,23973,196508,168777
95002,95712,Heavens' Thrust,52546.0,400392,199708,185324,102119,529639,157674,77284,304522,185536,196539,176251,251412,43424,298004,112335,146340,244132,293319,23973,196508,168777
95960,96492,Auto,9584.0,409976,199708,185324,102119,529639,157674,77284,304522,185536,196539,176251,251412,43424,298004,112335,146340,244132,293319,23973,196508,168777
82502,97500,Chaotic Spring (dot),6499.0,409976,199708,191823,102119,529639,157674,77284,304522,185536,196539,176251,251412,43424,298004,112335,146340,244132,293319,23973,196508,168777
97502,98122,Fang and Claw,38838.0,409976,199708,191823,102119,529639,196512,77284,304522,185536,196539,176251,251412,43424,298004,112335,146340,244132,293319,23973,196508,168777
98760,99292,Auto,9584.0,419560,199708,191823,102119,529639,196512,77284,304522,185536,196539,176251,251412,43424,298004,112335,146340,244132,293319,23973,196508,168777
82502,100500,Chaotic Spring (dot),6499.0,419560,199708,198322,102119,529639,196512,77284,304522,185536,196539,176251,251412,43424,298004,112335,146340,244132,293319,23973,196508,168777
100002,100622,Drakesbane,52546.0,419560,199708,198322,102119,582185,196512,77284,304522,185536,196539,176251,251412,43424,298004,112335,146340,244132,293319,23973,196508,168777
100622,101112,High Jump,45694.0,419560,199708,198322,102119,582185,196512,77284,304522,231230,196539,176251,251412,43424,298004,112335,146340,244132,293319,23973,196508,168777
101560,102092,Auto,9584.0,429144,199708,198322,102119,582185,196512,77284,304522,231230,196539,176251,251412,43424,298004,112335,146340,244132,293319,23973,196508,168777
101422,102222,Mirage Dive,43407.0,429144,199708,198322,102119,582185,196512,77284,304522,231230,196539,219658,251412,43424,298004,112335,146340,244132,293319,23973,196508,168777
102502,103122,Raiden Thrust,36553.0,429144,199708,198322,102119,582185,196512,77284,304522,231230,196539,219658,251412,43424,334557,112335,146340,244132,293319,23973,196508,168777
82502,103500,Chaotic Spring (dot),6499.0,429144,199708,204821,102119,582185,196512,77284,304522,231230,196539,219658,251412,43424,334557,112335,146340,244132,293319,23973,196508,168777
103122,104322,Wyrmwind Thrust,50262.0,429144,199708,204821,102119,582185,196512,77284,304522,231230,196539,219658,251412,43424,334557,112335,146340,244132,293319,23973,196508,219039
104360,104892,Auto,9584.0,438728,199708,204821,102119,582185,196512,77284,304522,231230,196539,219658,251412,43424,334557,112335,146340,244132,293319,23973,196508,219039
105002,106382,Spiral Blow,34268.0,438728,199708,204821,102119,582185,196512,77284,304522,231230,196539,219658,251412,43424,334557,112335,180608,244132,293319,23973,196508,219039
82502,106500,Chaotic Spring (dot),6499.0,438728,199708,211320,102119,582185,196512,77284,304522,231230,196539,219658,251412,43424,334557,112335,180608,244132,293319,23973,196508,219039
107160,107692,Auto,9584.0,448312,199708,211320,102119,582185,196512,77284,304522,231230,196539,219658,251412,43424,334557,112335,180608,244132,293319,23973,196508,219039
107502,107952,Chaotic Spring,38838.0,448312,238546,211320,102119,582185,196512,77284,304522,231230,196539,219658,251412,43424,334557,112335,180608,244132,293319,23973,196508,219039
107502,109500,Chaotic Spring (dot),5137.0,448312,238546,216457,102119,582185,196512,77284,304522,231230,196539,219658,251412,43424,334557,112335,180608,244132,293319,23973,196508,219039
109960,110492,Auto,9584.0,457896,238546,216457,102119,582185,196512,77284,304522,231230,196539,219658,251412,43424,334557,112335,180608,244132,293319,23973,196508,219039
110002,110622,Wheeling Thrust,38838.0,457896,238546,216457,102119,582185,196512,77284,304522,231230,196539,219658,251412,43424,334557,112335,180608,244132,293319,23973,235346,219039
107502,112500,Chaotic Spring (dot),5137.0,457896,238546,221594,102119,582185,196512,77284,304522,231230,196539,219658,251412,43424,334557,112335,180608,244132,293319,23973,235346,219039
112502,113122,Drakesbane,52546.0,457896,238546,221594,102119,634731,196512,77284,304522,231230,196539,219658,251412,43424,334557,112335,180608,244132,293319,23973,235346,219039
112760,113292,Auto,9584.0,467480,238546,221594,102119,634731,196512,77284,304522,231230,196539,219658,251412,43424,334557,112335,180608,244132,293319,23973,235346,219039
107502,115500,Chaotic Spring (dot),5137.0,467480,238546,226731,102119,634731,196512,77284,304522,231230,196539,219658,251412,43424,334557,112335,180608,244132,293319,23973,235346,219039
115002,115622,Raiden Thrust,36553.0,467480,238546,226731,102119,634731,196512,77284,304522,231230,196539,219658,251412,43424,371110,112335,180608,244132,293319,23973,235346,219039
115560,116092,Auto,9584.0,477064,238546,226731,102119,634731,196512,77284,304522,231230,196539,219658,251412,43424,371110,112335,180608,244132,293319,23973,235346,219039
117502,118442,Lance Barrage,38838.0,477064,238546,226731,102119,634731,196512,77284,304522,231230,235377,219658,251412,43424,371110,112335,180608,244132,293319,23973,235346,219039
107502,118500,Chaotic Spring (dot),5137.0,477064,238546,231868,102119,634731,196512,77284,304522,231230,235377,219658,251412,43424,371110,112335,180608,244132,293319,23973,235346,219039
118360,118892,Auto,9584.0,486648,238546,231868,102119,634731,196512,77284,304522,231230,235377,219658,251412,43424,371110,112335,180608,244132,293319,23973,235346,219039
120002,120712,Heavens' Thrust,52546.0,486648,238546,231868,102119,634731,196512,77284,357068,231230,235377,219658,251412,43424,371110,112335,180608,244132,293319,23973,235346,219039
107502,121500,Chaotic Spring (dot),5137.0,486648,238546,237005,102119,634731,196512,77284,357068,231230,235377,219658,251412,43424,371110,112335,180608,244132,293319,23973,235346,219039
121160,121692,Auto,9619.0,496267,238546,237005,102119,634731,196512,77284,357068,231230,235377,219658,251412,43424,371110,112335,180608,244132,293319,23973,235346,219039
122502,123122,Fang and Claw,38982.0,496267,238546,237005,102119,634731,235494,77284,357068,231230,235377,219658,251412,43424,371110,112335,180608,244132,293319,23973,235346,219039
123960,124492,Auto,9619.0,505886,238546,237005,102119,634731,235494,77284,357068,231230,235377,219658,251412,43424,371110,112335,180608,244132,293319,23973,235346,219039
107502,124500,Chaotic Spring (dot),5137.0,505886,238546,242142,102119,634731,235494,77284,357068,231230,235377,219658,251412,43424,371110,112335,180608,244132,293319,23973,235346,219039
125003,125623,Drakesbane,52741.0,505886,238546,242142,102119,687472,235494,77284,357068,231230,235377,219658,251412,43424,371110,112335,180608,244132,293319,23973,235346,219039
126760,127292,Auto,13009.0,518895,238546,242142,102119,687472,235494,77284,357068,231230,235377,219658,251412,43424,371110,112335,180608,244132,293319,23973,235346,219039
107502,127500,Chaotic Spring (dot),5137.0,518895,238546,247279,102119,687472,235494,77284,357068,231230,235377,219658,251412,43424,371110,112335,180608,244132,293319,23973,235346,219039
126863,127533,Geirskogul,43412.0,518895,238546,247279,102119,687472,235494,120696,357068,231230,235377,219658,251412,43424,371110,112335,180608,244132,293319,23973,235346,219039
127503,128123,Raiden Thrust,62766.0,518895,238546,247279,102119,687472,235494,120696,357068,231230,235377,219658,251412,43424,433876,112335,180608,244132,293319,23973,235346,219039
128122,129322,Wyrmwind Thrust,86307.0,518895,238546,247279,102119,687472,235494,120696,357068,231230,235377,219658,251412,43424,433876,112335,180608,244132,293319,23973,235346,305346
128743,129503,Nastrond,141232.0,518895,238546,247279,102119,687472,235494,120696,357068,231230,235377,219658,392644,43424,433876,112335,180608,244132,293319,23973,235346,305346
129560,130092,Auto,16457.0,535352,238546,247279,102119,687472,235494,120696,357068,231230,235377,219658,392644,43424,433876,112335,180608,244132,293319,23973,235346,305346
107502,130500,Chaotic Spring (dot),5137.0,535352,238546,252416,102119,687472,235494,120696,357068,231230,235377,219658,392644,43424,433876,112335,180608,244132,293319,23973,235346,305346
130622,131112,High Jump,78462.0,535352,238546,252416,102119,687472,235494,120696,357068,309692,235377,219658,392644,43424,433876,112335,180608,244132,293319,23973,235346,305346
130002,131382,Spiral Blow,58843.0,535352,238546,252416,102119,687472,235494,120696,357068,309692,235377,219658,392644,43424,433876,112335,239451,244132,293319,23973,235346,305346
131423,132223,Dragonfire Dive,98080.0,535352,238546,252416,200199,687472,235494,120696,357068,309692,235377,219658,392644,43424,433876,112335,239451,244132,293319,23973,235346,305346
132360,132892,Auto,16457.0,551809,238546,252416,200199,687472,235494,120696,357068,309692,235377,219658,392644,43424,433876,112335,239451,244132,293319,23973,235346,305346
132503,132953,Chaotic Spring,66690.0,551809,305236,252416,200199,687472,235494,120696,357068,309692,235377,219658,392644,43424,433876,112335,239451,244132,293319,23973,235346,305346
132503,133500,Chaotic Spring (dot),8821.0,551809,305236,261237,200199,687472,235494,120696,357068,309692,235377,219658,392644,43424,433876,112335,239451,244132,293319,23973,235346,305346
133123,134283,Rise of the Dragon,107882.0,551809,305236,261237,200199,687472,235494,120696,357068,309692,235377,219658,392644,43424,433876,220217,239451,244132,293319,23973,235346,305346
133743,134543,Mirage Dive,74534.0,551809,305236,261237,200199,687472,235494,120696,357068,309692,235377,294192,392644,43424,433876,220217,239451,244132,293319,23973,235346,305346
135003,135623,Wheeling Thrust,66690.0,551809,305236,261237,200199,687472,235494,120696,357068,309692,235377,294192,392644,43424,433876,220217,239451,244132,293319,23973,302036,305346
135160,135692,Auto,16457.0,568266,305236,261237,200199,687472,235494,120696,357068,309692,235377,294192,392644,43424,433876,220217,239451,244132,293319,23973,302036,305346
132503,136500,Chaotic Spring (dot),8821.0,568266,305236,270058,200199,687472,235494,120696,357068,309692,235377,294192,392644,43424,433876,220217,239451,244132,293319,23973,302036,305346
137503,138123,Drakesbane,127348.0,568266,305236,270058,200199,814820,235494,120696,357068,309692,235377,294192,392644,43424,433876,220217,239451,244132,293319,23973,302036,305346
137960,138492,Auto,16457.0,584723,305236,270058,200199,814820,235494,120696,357068,309692,235377,294192,392644,43424,433876,220217,239451,244132,293319,23973,302036,305346
138123,139413,Stardiver,164772.0,584723,305236,270058,200199,814820,235494,120696,357068,309692,235377,294192,392644,43424,433876,220217,239451,244132,458091,23973,302036,305346
132503,139500,Chaotic Spring (dot),8821.0,584723,305236,278879,200199,814820,235494,120696,357068,309692,235377,294192,392644,43424,433876,220217,239451,244132,458091,23973,302036,305346
140003,140623,Raiden Thrust,62766.0,584723,305236,278879,200199,814820,235494,120696,357068,309692,235377,294192,392644,43424,496642,220217,239451,244132,458091,23973,302036,305346
140760,141292,Auto,16457.0,601180,305236,278879,200199,814820,235494,120696,357068,309692,235377,294192,392644,43424,496642,220217,239451,244132,458091,23973,302036,305346
132503,142500,Chaotic Spring (dot),8821.0,601180,305236,287700,200199,814820,235494,120696,357068,309692,235377,294192,392644,43424,496642,220217,239451,244132,458091,23973,302036,305346
142503,143443,Lance Barrage,66690.0,601180,305236,287700,200199,814820,235494,120696,357068,309692,302067,294192,392644,43424,496642,220217,239451,244132,458091,23973,302036,305346
143560,144092,Auto,16457.0,617637,305236,287700,200199,814820,235494,120696,357068,309692,302067,294192,392644,43424,496642,220217,239451,244132,458091,23973,302036,305346
143743,144723,Starcross,137313.0,617637,305236,287700,200199,814820,235494,120696,357068,309692,302067,294192,392644,43424,496642,220217,239451,381445,458091,23973,302036,305346
132503,145500,Chaotic Spring (dot),8821.0,617637,305236,296521,200199,814820,235494,120696,357068,309692,302067,294192,392644,43424,496642,220217,239451,381445,458091,23973,302036,305346
145003,145713,Heavens' Thrust,127348.0,617637,305236,296521,200199,814820,235494,120696,484416,309692,302067,294192,392644,43424,496642,220217,239451,381445,458091,23973,302036,305346
146360,146892,Auto,13544.0,631181,305236,296521,200199,814820,235494,120696,484416,309692,302067,294192,392644,43424,496642,220217,239451,381445,458091,23973,302036,305346
147503,148123,Fang and Claw,38982.0,631181,305236,296521,200199,814820,274476,120696,484416,309692,302067,294192,392644,43424,496642,220217,239451,381445,458091,23973,302036,305346
132503,148500,Chaotic Spring (dot),8821.0,631181,305236,305342,200199,814820,274476,120696,484416,309692,302067,294192,392644,43424,496642,220217,239451,381445,458091,23973,302036,305346
149160,149692,Auto,9619.0,640800,305236,305342,200199,814820,274476,120696,484416,309692,302067,294192,392644,43424,496642,220217,239451,381445,458091,23973,302036,305346
150003,150623,Drakesbane,52741.0,640800,305236,305342,200199,867561,274476,120696,484416,309692,302067,294192,392644,43424,496642,220217,239451,381445,458091,23973,302036,305346
132503,151500,Chaotic Spring (dot),8821.0,640800,305236,314163,200199,867561,274476,120696,484416,309692,302067,294192,392644,43424,496642,220217,239451,381445,458091,23973,302036,305346
151960,152492,Auto,9619.0,650419,305236,314163,200199,867561,274476,120696,484416,309692,302067,294192,392644,43424,496642,220217,239451,381445,458091,23973,302036,305346
152503,153123,Raiden Thrust,36689.0,650419,305236,314163,200199,867561,274476,120696,484416,309692,302067,294192,392644,43424,533331,220217,239451,381445,458091,23973,302036,305346
153123,154323,Wyrmwind Thrust,50449.0,650419,305236,314163,200199,867561,274476,120696,484416,309692,302067,294192,392644,43424,533331,220217,239451,381445,458091,23973,302036,355795
132503,154500,Chaotic Spring (dot),8821.0,650419,305236,322984,200199,867561,274476,120696,484416,309692,302067,294192,392644,43424,533331,220217,239451,381445,458091,23973,302036,355795
154760,155292,Auto,9619.0,660038,305236,322984,200199,867561,274476,120696,484416,309692,302067,294192,392644,43424,533331,220217,239451,381445,458091,23973,302036,355795
155003,156383,Spiral Blow,34396.0,660038,305236,322984,200199,867561,274476,120696,484416,309692,302067,294192,392644,43424,533331,220217,273847,381445,458091,23973,302036,355795
157503,157953,Chaotic Spring,38982.0,660038,344218,322984,200199,867561,274476,120696,484416,309692,302067,294192,392644,43424,533331,220217,273847,381445,458091,23973,302036,355795
157560,158092,Auto,9619.0,669657,344218,322984,200199,867561,274476,120696,484416,309692,302067,294192,392644,43424,533331,220217,273847,381445,458091,23973,302036,355795
157503,160500,Chaotic Spring (dot),5156.0,669657,344218,328140,200199,867561,274476,120696,484416,309692,302067,294192,392644,43424,533331,220217,273847,381445,458091,23973,302036,355795
160003,160623,Wheeling Thrust,38982.0,669657,344218,328140,200199,867561,274476,120696,484416,309692,302067,294192,392644,43424,533331,220217,273847,381445,458091,23973,341018,355795
160360,160892,Auto,9619.0,679276,344218,328140,200199,867561,274476,120696,484416,309692,302067,294192,392644,43424,533331,220217,273847,381445,458091,23973,341018,355795
160623,161113,High Jump,45864.0,679276,344218,328140,200199,867561,274476,120696,484416,355556,302067,294192,392644,43424,533331,220217,273847,381445,458091,23973,341018,355795
161423,162223,Mirage Dive,43568.0,679276,344218,328140,200199,867561,274476,120696,484416,355556,302067,337760,392644,43424,533331,220217,273847,381445,458091,23973,341018,355795
162503,163123,Drakesbane,52741.0,679276,344218,328140,200199,920302,274476,120696,484416,355556,302067,337760,392644,43424,533331,220217,273847,381445,458091,23973,341018,355795
157503,163500,Chaotic Spring (dot),5156.0,679276,344218,333296,200199,920302,274476,120696,484416,355556,302067,337760,392644,43424,533331,220217,273847,381445,458091,23973,341018,355795
163160,163692,Auto,9619.0,688895,344218,333296,200199,920302,274476,120696,484416,355556,302067,337760,392644,43424,533331,220217,273847,381445,458091,23973,341018,355795
165003,165623,Raiden Thrust,36664.0,688895,344218,333296,200199,920302,274476,120696,484416,355556,302067,337760,392644,43424,569995,220217,273847,381445,458091,23973,341018,355795
165960,166492,Auto,9612.0,698507,344218,333296,200199,920302,274476,120696,484416,355556,302067,337760,392644,43424,569995,220217,273847,381445,458091,23973,341018,355795
157503,166500,Chaotic Spring (dot),5156.0,698507,344218,338452,200199,920302,274476,120696,484416,355556,302067,337760,392644,43424,569995,220217,273847,381445,458091,23973,341018,355795
167503,168443,Lance Barrage,38955.0,698507,344218,338452,200199,920302,274476,120696,484416,355556,341022,337760,392644,43424,569995,220217,273847,381445,458091,23973,341018,355795
168760,169292,Auto,9612.0,708119,344218,338452,200199,920302,274476,120696,484416,355556,341022,337760,392644,43424,569995,220217,273847,381445,458091,23973,341018,355795
157503,169500,Chaotic Spring (dot),5156.0,708119,344218,343608,200199,920302,274476,120696,484416,355556,341022,337760,392644,43424,569995,220217,273847,381445,458091,23973,341018,355795
170003,170713,Heavens' Thrust,52704.0,708119,344218,343608,200199,920302,274476,120696,537120,355556,341022,337760,392644,43424,569995,220217,273847,381445,458091,23973,341018,355795
171560,172092,Auto,9612.0,717731,344218,343608,200199,920302,274476,120696,537120,355556,341022,337760,392644,43424,569995,220217,273847,381445,458091,23973,341018,355795
157503,172500,Chaotic Spring (dot),5156.0,717731,344218,348764,200199,920302,274476,120696,537120,355556,341022,337760,392644,43424,569995,220217,273847,381445,458091,23973,341018,355795
172503,173123,Fang and Claw,38955.0,717731,344218,348764,200199,920302,313431,120696,537120,355556,341022,337760,392644,43424,569995,220217,273847,381445,458091,23973,341018,355795
174360,174892,Auto,9612.0,727343,344218,348764,200199,920302,313431,120696,537120,355556,341022,337760,392644,43424,569995,220217,273847,381445,458091,23973,341018,355795
157503,175500,Chaotic Spring (dot),5156.0,727343,344218,353920,200199,920302,313431,120696,537120,355556,341022,337760,392644,43424,569995,220217,273847,381445,458091,23973,341018,355795
175004,175624,Drakesbane,52704.0,727343,344218,353920,200199,973006,313431,120696,537120,355556,341022,337760,392644,43424,569995,220217,273847,381445,458091,23973,341018,355795
177160,177692,Auto,9612.0,736955,344218,353920,200199,973006,313431,120696,537120,355556,341022,337760,392644,43424,569995,220217,273847,381445,458091,23973,341018,355795
177504,178124,Raiden Thrust,36664.0,736955,344218,353920,200199,973006,313431,120696,537120,355556,341022,337760,392644,43424,606659,220217,273847,381445,458091,23973,341018,355795
157503,178500,Chaotic Spring (dot),5156.0,736955,344218,359076,200199,973006,313431,120696,537120,355556,341022,337760,392644,43424,606659,220217,273847,381445,458091,23973,341018,355795
179960,180492,Auto,9612.0,746567,344218,359076,200199,973006,313431,120696,537120,355556,341022,337760,392644,43424,606659,220217,273847,381445,458091,23973,341018,355795
180004,181384,Spiral Blow,34372.0,746567,344218,359076,200199,973006,313431,120696,537120,355556,341022,337760,392644,43424,606659,220217,308219,381445,458091,23973,341018,355795
157503,181500,Chaotic Spring (dot),5156.0,746567,344218,364232,200199,973006,313431,120696,537120,355556,341022,337760,392644,43424,606659,220217,308219,381445,458091,23973,341018,355795
182504,182954,Chaotic Spring,38955.0,746567,383173,364232,200199,973006,313431,120696,537120,355556,341022,337760,392644,43424,606659,220217,308219,381445,458091,23973,341018,355795
182760,183292,Auto,9612.0,756179,383173,364232,200199,973006,313431,120696,537120,355556,341022,337760,392644,43424,606659,220217,308219,381445,458091,23973,341018,355795
182504,184500,Chaotic Spring (dot),5153.0,756179,383173,369385,200199,973006,313431,120696,537120,355556,341022,337760,392644,43424,606659,220217,308219,381445,458091,23973,341018,355795
185004,185624,Wheeling Thrust,38955.0,756179,383173,369385,200199,973006,313431,120696,537120,355556,341022,337760,392644,43424,606659,220217,308219,381445,458091,23973,379973,355795
185560,186092,Auto,9612.0,765791,383173,369385,200199,973006,313431,120696,537120,355556,341022,337760,392644,43424,606659,220217,308219,381445,458091,23973,379973,355795
182504,187500,Chaotic Spring (dot),5153.0,765791,383173,374538,200199,973006,313431,120696,537120,355556,341022,337760,392644,43424,606659,220217,308219,381445,458091,23973,379973,355795
186863,187533,Geirskogul,32079.0,765791,383173,374538,200199,973006,313431,152775,537120,355556,341022,337760,392644,43424,606659,220217,308219,381445,458091,23973,379973,355795
187504,188124,Drakesbane,66671.0,765791,383173,374538,200199,1039677,313431,152775,537120,355556,341022,337760,392644,43424,606659,220217,308219,381445,458091,23973,379973,355795
188360,188892,Auto,12160.0,777951,383173,374538,200199,1039677,313431,152775,537120,355556,341022,337760,392644,43424,606659,220217,308219,381445,458091,23973,379973,355795
188124,189324,Wyrmwind Thrust,63774.0,777951,383173,374538,200199,1039677,313431,152775,537120,355556,341022,337760,392644,43424,606659,220217,308219,381445,458091,23973,379973,419569
188744,189504,Nastrond,104360.0,777951,383173,374538,200199,1039677,313431,152775,537120,355556,341022,337760,497004,43424,606659,220217,308219,381445,458091,23973,379973,419569
182504,190500,Chaotic Spring (dot),5153.0,777951,383173,379691,200199,1039677,313431,152775,537120,355556,341022,337760,497004,43424,606659,220217,308219,381445,458091,23973,379973,419569
190004,190624,Raiden Thrust,46380.0,777951,383173,379691,200199,1039677,313431,152775,537120,355556,341022,337760,497004,43424,653039,220217,308219,381445,458091,23973,379973,419569
190624,191114,High Jump,57978.0,777951,383173,379691,200199,1039677,313431,152775,537120,413534,341022,337760,497004,43424,653039,220217,308219,381445,458091,23973,379973,419569
191160,191692,Auto,12160.0,790111,383173,379691,200199,1039677,313431,152775,537120,413534,341022,337760,497004,43424,653039,220217,308219,381445,458091,23973,379973,419569
191424,192224,Mirage Dive,55075.0,790111,383173,379691,200199,1039677,313431,152775,537120,413534,341022,392835,497004,43424,653039,220217,308219,381445,458091,23973,379973,419569
192504,193444,Lance Barrage,49278.0,790111,383173,379691,200199,1039677,313431,152775,537120,413534,390300,392835,497004,43424,653039,220217,308219,381445,458091,23973,379973,419569
182504,193500,Chaotic Spring (dot),5153.0,790111,383173,384844,200199,1039677,313431,152775,537120,413534,390300,392835,497004,43424,653039,220217,308219,381445,458091,23973,379973,419569
193960,194492,Auto,12160.0,802271,383173,384844,200199,1039677,313431,152775,537120,413534,390300,392835,497004,43424,653039,220217,308219,381445,458091,23973,379973,419569
195004,195714,Heavens' Thrust,92393.0,802271,383173,384844,200199,1039677,313431,152775,629513,413534,390300,392835,497004,43424,653039,220217,308219,381445,458091,23973,379973,419569
182504,196500,Chaotic Spring (dot),5153.0,802271,383173,389997,200199,1039677,313431,152775,629513,413534,390300,392835,497004,43424,653039,220217,308219,381445,458091,23973,379973,419569
195624,196914,Stardiver,121754.0,802271,383173,389997,200199,1039677,313431,152775,629513,413534,390300,392835,497004,43424,653039,220217,308219,381445,579845,23973,379973,419569
196760,197292,Auto,12160.0,814431,383173,389997,200199,1039677,313431,152775,629513,413534,390300,392835,497004,43424,653039,220217,308219,381445,579845,23973,379973,419569
197504,198124,Fang and Claw,49278.0,814431,383173,389997,200199,1039677,362709,152775,629513,413534,390300,392835,497004,43424,653039,220217,308219,381445,579845,23973,379973,419569
198124,199104,Starcross,101464.0,814431,383173,389997,200199,1039677,362709,152775,629513,413534,390300,392835,497004,43424,653039,220217,308219,482909,579845,23973,379973,419569
182504,199500,Chaotic Spring (dot),5153.0,814431,383173,395150,200199,1039677,362709,152775,629513,413534,390300,392835,497004,43424,653039,220217,308219,482909,579845,23973,379973,419569
199560,200092,Auto,12160.0,826591,383173,395150,200199,1039677,362709,152775,629513,413534,390300,392835,497004,43424,653039,220217,308219,482909,579845,23973,379973,419569
200004,200624,Drakesbane,66671.0,826591,383173,395150,200199,1106348,362709,152775,629513,413534,390300,392835,497004,43424,653039,220217,308219,482909,579845,23973,379973,419569
182504,202500,Chaotic Spring (dot),5153.0,826591,383173,400303,200199,1106348,362709,152775,629513,413534,390300,392835,497004,43424,653039,220217,308219,482909,579845,23973,379973,419569
202360,202892,Auto,12124.0,838715,383173,400303,200199,1106348,362709,152775,629513,413534,390300,392835,497004,43424,653039,220217,308219,482909,579845,23973,379973,419569
202504,203124,Raiden Thrust,46240.0,838715,383173,400303,200199,1106348,362709,152775,629513,413534,390300,392835,497004,43424,699279,220217,308219,482909,579845,23973,379973,419569
203124,204324,Wyrmwind Thrust,63582.0,838715,383173,400303,200199,1106348,362709,152775,629513,413534,390300,392835,497004,43424,699279,220217,308219,482909,579845,23973,379973,483151
182504,205500,Chaotic Spring (dot),5153.0,838715,383173,405456,200199,1106348,362709,152775,629513,413534,390300,392835,497004,43424,699279,220217,308219,482909,579845,23973,379973,483151
205160,205692,Auto,12124.0,850839,383173,405456,200199,1106348,362709,152775,629513,413534,390300,392835,497004,43424,699279,220217,308219,482909,579845,23973,379973,483151
205004,206384,Spiral Blow,43350.0,850839,383173,405456,200199,1106348,362709,152775,629513,413534,390300,392835,497004,43424,699279,220217,351569,482909,579845,23973,379973,483151
207504,207954,Chaotic Spring,38838.0,850839,422011,405456,200199,1106348,362709,152775,629513,413534,390300,392835,497004,43424,699279,220217,351569,482909,579845,23973,379973,483151
207960,208492,Auto,9584.0,860423,422011,405456,200199,1106348,362709,152775,629513,413534,390300,392835,497004,43424,699279,220217,351569,482909,579845,23973,379973,483151
207504,208500,Chaotic Spring (dot),5137.0,860423,422011,410593,200199,1106348,362709,152775,629513,413534,390300,392835,497004,43424,699279,220217,351569,482909,579845,23973,379973,483151
210004,210624,Wheeling Thrust,38838.0,860423,422011,410593,200199,1106348,362709,152775,629513,413534,390300,392835,497004,43424,699279,220217,351569,482909,579845,23973,418811,483151
210760,211292,Auto,9584.0,870007,422011,410593,200199,1106348,362709,152775,629513,413534,390300,392835,497004,43424,699279,220217,351569,482909,579845,23973,418811,483151
207504,211500,Chaotic Spring (dot),5137.0,870007,422011,415730,200199,1106348,362709,152775,629513,413534,390300,392835,497004,43424,699279,220217,351569,482909,579845,23973,418811,483151
212504,213124,Drakesbane,52546.0,870007,422011,415730,200199,1158894,362709,152775,629513,413534,390300,392835,497004,43424,699279,220217,351569,482909,579845,23973,418811,483151
213560,214092,Auto,9584.0,879591,422011,415730,200199,1158894,362709,152775,629513,413534,390300,392835,497004,43424,699279,220217,351569,482909,579845,23973,418811,483151
207504,214500,Chaotic Spring (dot),5137.0,879591,422011,420867,200199,1158894,362709,152775,629513,413534,390300,392835,497004,43424,699279,220217,351569,482909,579845,23973,418811,483151
215004,215624,Raiden Thrust,36553.0,879591,422011,420867,200199,1158894,362709,152775,629513,413534,390300,392835,497004,43424,735832,220217,351569,482909,579845,23973,418811,483151
216360,216892,Auto,9584.0,889175,422011,420867,200199,1158894,362709,152775,629513,413534,390300,392835,497004,43424,735832,220217,351569,482909,579845,23973,418811,483151
207504,217500,Chaotic Spring (dot),5137.0,889175,422011,426004,200199,1158894,362709,152775,629513,413534,390300,392835,497004,43424,735832,220217,351569,482909,579845,23973,418811,483151
217504,218444,Lance Barrage,38838.0,889175,422011,426004,200199,1158894,362709,152775,629513,413534,429138,392835,497004,43424,735832,220217,351569,482909,579845,23973,418811,483151
219160,219692,Auto,9584.0,898759,422011,426004,200199,1158894,362709,152775,629513,413534,429138,392835,497004,43424,735832,220217,351569,482909,579845,23973,418811,483151
207504,220500,Chaotic Spring (dot),5137.0,898759,422011,431141,200199,1158894,362709,152775,629513,413534,429138,392835,497004,43424,735832,220217,351569,482909,579845,23973,418811,483151
220004,220714,Heavens' Thrust,52546.0,898759,422011,431141,200199,1158894,362709,152775,682059,413534,429138,392835,497004,43424,735832,220217,351569,482909,579845,23973,418811,483151
220624,221114,High Jump,45694.0,898759,422011,431141,200199,1158894,362709,152775,682059,459228,429138,392835,497004,43424,735832,220217,351569,482909,579845,23973,418811,483151
221424,222224,Mirage Dive,43407.0,898759,422011,431141,200199,1158894,362709,152775,682059,459228,429138,436242,497004,43424,735832,220217,351569,482909,579845,23973,418811,483151
221960,222492,Auto,9584.0,908343,422011,431141,200199,1158894,362709,152775,682059,459228,429138,436242,497004,43424,735832,220217,351569,482909,579845,23973,418811,483151
222504,223124,Fang and Claw,38838.0,908343,422011,431141,200199,1158894,401547,152775,682059,459228,429138,436242,497004,43424,735832,220217,351569,482909,579845,23973,418811,483151
207504,223500,Chaotic Spring (dot),5137.0,908343,422011,436278,200199,1158894,401547,152775,682059,459228,429138,436242,497004,43424,735832,220217,351569,482909,579845,23973,418811,483151
224760,225292,Auto,9584.0,917927,422011,436278,200199,1158894,401547,152775,682059,459228,429138,436242,497004,43424,735832,220217,351569,482909,579845,23973,418811,483151
225005,225625,Drakesbane,52546.0,917927,422011,436278,200199,1211440,401547,152775,682059,459228,429138,436242,497004,43424,735832,220217,351569,482909,579845,23973,418811,483151
207504,226500,Chaotic Spring (dot),5137.0,917927,422011,441415,200199,1211440,401547,152775,682059,459228,429138,436242,497004,43424,735832,220217,351569,482909,579845,23973,418811,483151
227560,228092,Auto,9584.0,927511,422011,441415,200199,1211440,401547,152775,682059,459228,429138,436242,497004,43424,735832,220217,351569,482909,579845,23973,418811,483151
227505,228125,Raiden Thrust,36553.0,927511,422011,441415,200199,1211440,401547,152775,682059,459228,429138,436242,497004,43424,772385,220217,351569,482909,579845,23973,418811,483151
228125,229325,Wyrmwind Thrust,50262.0,927511,422011,441415,200199,1211440,401547,152775,682059,459228,429138,436242,497004,43424,772385,220217,351569,482909,579845,23973,418811,533413
207504,229500,Chaotic Spring (dot),5137.0,927511,422011,446552,200199,1211440,401547,152775,682059,459228,429138,436242,497004,43424,772385,220217,351569,482909,579845,23973,418811,533413
230360,230892,Auto,9584.0,937095,422011,446552,200199,1211440,401547,152775,682059,459228,429138,436242,497004,43424,772385,220217,351569,482909,579845,23973,418811,533413
230005,231385,Spiral Blow,34268.0,937095,422011,446552,200199,1211440,401547,152775,682059,459228,429138,436242,497004,43424,772385,220217,385837,482909,579845,23973,418811,533413
232505,232955,Chaotic Spring,38838.0,937095,460849,446552,200199,1211440,401547,152775,682059,459228,429138,436242,497004,43424,772385,220217,385837,482909,579845,23973,418811,533413
233160,233692,Auto,9584.0,946679,460849,446552,200199,1211440,401547,152775,682059,459228,429138,436242,497004,43424,772385,220217,385837,482909,579845,23973,418811,533413
232505,235500,Chaotic Spring (dot),5137.0,946679,460849,451689,200199,1211440,401547,152775,682059,459228,429138,436242,497004,43424,772385,220217,385837,482909,579845,23973,418811,533413
235005,235625,Wheeling Thrust,38838.0,946679,460849,451689,200199,1211440,401547,152775,682059,459228,429138,436242,497004,43424,772385,220217,385837,482909,579845,23973,457649,533413
235960,236492,Auto,9584.0,956263,460849,451689,200199,1211440,401547,152775,682059,459228,429138,436242,497004,43424,772385,220217,385837,482909,579845,23973,457649,533413
237505,238125,Drakesbane,52546.0,956263,460849,451689,200199,1263986,401547,152775,682059,459228,429138,436242,497004,43424,772385,220217,385837,482909,579845,23973,457649,533413
232505,238500,Chaotic Spring (dot),5137.0,956263,460849,456826,200199,1263986,401547,152775,682059,459228,429138,436242,497004,43424,772385,220217,385837,482909,579845,23973,457649,533413
238760,239292,Auto,9584.0,965847,460849,456826,200199,1263986,401547,152775,682059,459228,429138,436242,497004,43424,772385,220217,385837,482909,579845,23973,457649,533413
240005,240625,Raiden Thrust,36553.0,965847,460849,456826,200199,1263986,401547,152775,682059,459228,429138,436242,497004,43424,808938,220217,385837,482909,579845,23973,457649,533413
232505,241500,Chaotic Spring (dot),5137.0,965847,460849,461963,200199,1263986,401547,152775,682059,459228,429138,436242,497004,43424,808938,220217,385837,482909,579845,23973,457649,533413
241560,242092,Auto,9619.0,975466,460849,461963,200199,1263986,401547,152775,682059,459228,429138,436242,497004,43424,808938,220217,385837,482909,579845,23973,457649,533413
242505,243445,Lance Barrage,38982.0,975466,460849,461963,200199,1263986,401547,152775,682059,459228,468120,436242,497004,43424,808938,220217,385837,482909,579845,23973,457649,533413
232505,244500,Chaotic Spring (dot),5137.0,975466,460849,467100,200199,1263986,401547,152775,682059,459228,468120,436242,497004,43424,808938,220217,385837,482909,579845,23973,457649,533413
244360,244892,Auto,9619.0,985085,460849,467100,200199,1263986,401547,152775,682059,459228,468120,436242,497004,43424,808938,220217,385837,482909,579845,23973,457649,533413
245005,245715,Heavens' Thrust,52741.0,985085,460849,467100,200199,1263986,401547,152775,734800,459228,468120,436242,497004,43424,808938,220217,385837,482909,579845,23973,457649,533413
232505,247500,Chaotic Spring (dot),5137.0,985085,460849,472237,200199,1263986,401547,152775,734800,459228,468120,436242,497004,43424,808938,220217,385837,482909,579845,23973,457649,533413
246865,247535,Geirskogul,43412.0,985085,460849,472237,200199,1263986,401547,196187,734800,459228,468120,436242,497004,43424,808938,220217,385837,482909,579845,23973,457649,533413
247160,247692,Auto,16457.0,1001542,460849,472237,200199,1263986,401547,196187,734800,459228,468120,436242,497004,43424,808938,220217,385837,482909,579845,23973,457649,533413
247505,248125,Fang and Claw,66690.0,1001542,460849,472237,200199,1263986,468237,196187,734800,459228,468120,436242,497004,43424,808938,220217,385837,482909,579845,23973,457649,533413
248745,249505,Nastrond,141232.0,1001542,460849,472237,200199,1263986,468237,196187,734800,459228,468120,436242,638236,43424,808938,220217,385837,482909,579845,23973,457649,533413
249960,250492,Auto,16457.0,1017999,460849,472237,200199,1263986,468237,196187,734800,459228,468120,436242,638236,43424,808938,220217,385837,482909,579845,23973,457649,533413
232505,250500,Chaotic Spring (dot),5137.0,1017999,460849,477374,200199,1263986,468237,196187,734800,459228,468120,436242,638236,43424,808938,220217,385837,482909,579845,23973,457649,533413
250005,250625,Drakesbane,127348.0,1017999,460849,477374,200199,1391334,468237,196187,734800,459228,468120,436242,638236,43424,808938,220217,385837,482909,579845,23973,457649,533413
250625,251115,High Jump,78462.0,1017999,460849,477374,200199,1391334,468237,196187,734800,537690,468120,436242,638236,43424,808938,220217,385837,482909,579845,23973,457649,533413
251425,252225,Dragonfire Dive,98080.0,1017999,460849,477374,298279,1391334,468237,196187,734800,537690,468120,436242,638236,43424,808938,220217,385837,482909,579845,23973,457649,533413
252505,253125,Raiden Thrust,62766.0,1017999,460849,477374,298279,1391334,468237,196187,734800,537690,468120,436242,638236,43424,871704,220217,385837,482909,579845,23973,457649,533413
252760,253292,Auto,16457.0,1034456,460849,477374,298279,1391334,468237,196187,734800,537690,468120,436242,638236,43424,871704,220217,385837,482909,579845,23973,457649,533413
232505,253500,Chaotic Spring (dot),5137.0,1034456,460849,482511,298279,1391334,468237,196187,734800,537690,468120,436242,638236,43424,871704,220217,385837,482909,579845,23973,457649,533413
253125,254285,Rise of the Dragon,107882.0,1034456,460849,482511,298279,1391334,468237,196187,734800,537690,468120,436242,638236,43424,871704,328099,385837,482909,579845,23973,457649,533413
253745,254545,Mirage Dive,74534.0,1034456,460849,482511,298279,1391334,468237,196187,734800,537690,468120,510776,638236,43424,871704,328099,385837,482909,579845,23973,457649,533413
255560,256092,Auto,16457.0,1050913,460849,482511,298279,1391334,468237,196187,734800,537690,468120,510776,638236,43424,871704,328099,385837,482909,579845,23973,457649,533413
255005,256385,Spiral Blow,58843.0,1050913,460849,482511,298279,1391334,468237,196187,734800,537690,468120,510776,638236,43424,871704,328099,444680,482909,579845,23973,457649,533413
232505,256500,Chaotic Spring (dot),5137.0,1050913,460849,487648,298279,1391334,468237,196187,734800,537690,468120,510776,638236,43424,871704,328099,444680,482909,579845,23973,457649,533413
255625,256825,Wyrmwind Thrust,86307.0,1050913,460849,487648,298279,1391334,468237,196187,734800,537690,468120,510776,638236,43424,871704,328099,444680,482909,579845,23973,457649,619720
257505,257955,Chaotic Spring,66690.0,1050913,527539,487648,298279,1391334,468237,196187,734800,537690,468120,510776,638236,43424,871704,328099,444680,482909,579845,23973,457649,619720
258360,258892,Auto,16457.0,1067370,527539,487648,298279,1391334,468237,196187,734800,537690,468120,510776,638236,43424,871704,328099,444680,482909,579845,23973,457649,619720
258125,259415,Stardiver,164772.0,1067370,527539,487648,298279,1391334,468237,196187,734800,537690,468120,510776,638236,43424,871704,328099,444680,482909,744617,23973,457649,619720
257505,259500,Chaotic Spring (dot),8821.0,1067370,527539,496469,298279,1391334,468237,196187,734800,537690,468120,510776,638236,43424,871704,328099,444680,482909,744617,23973,457649,619720
260005,260625,Wheeling Thrust,66690.0,1067370,527539,496469,298279,1391334,468237,196187,734800,537690,468120,510776,638236,43424,871704,328099,444680,482909,744617,23973,524339,619720
261160,261692,Auto,16457.0,1083827,527539,496469,298279,1391334,468237,196187,734800,537690,468120,510776,638236,43424,871704,328099,444680,482909,744617,23973,524339,619720
261245,262225,Starcross,137313.0,1083827,527539,496469,298279,1391334,468237,196187,734800,537690,468120,510776,638236,43424,871704,328099,444680,620222,744617,23973,524339,619720
257505,262500,Chaotic Spring (dot),8821.0,1083827,527539,505290,298279,1391334,468237,196187,734800,537690,468120,510776,638236,43424,871704,328099,444680,620222,744617,23973,524339,619720
262505,263125,Drakesbane,127348.0,1083827,527539,505290,298279,1518682,468237,196187,734800,537690,468120,510776,638236,43424,871704,328099,444680,620222,744617,23973,524339,619720
263960,264492,Auto,16457.0,1100284,527539,505290,298279,1518682,468237,196187,734800,537690,468120,510776,638236,43424,871704,328099,444680,620222,744617,23973,524339,619720
257505,265500,Chaotic Spring (dot),8821.0,1100284,527539,514111,298279,1518682,468237,196187,734800,537690,468120,510776,638236,43424,871704,328099,444680,620222,744617,23973,524339,619720
265005,265625,Raiden Thrust,62766.0,1100284,527539,514111,298279,1518682,468237,196187,734800,537690,468120,510776,638236,43424,934470,328099,444680,620222,744617,23973,524339,619720
266760,267292,Auto,12169.0,1112453,527539,514111,298279,1518682,468237,196187,734800,537690,468120,510776,638236,43424,934470,328099,444680,620222,744617,23973,524339,619720
267505,268445,Lance Barrage,38982.0,1112453,527539,514111,298279,1518682,468237,196187,734800,537690,507102,510776,638236,43424,934470,328099,444680,620222,744617,23973,524339,619720
257505,268500,Chaotic Spring (dot),8821.0,1112453,527539,522932,298279,1518682,468237,196187,734800,537690,507102,510776,638236,43424,934470,328099,444680,620222,744617,23973,524339,619720
269560,270092,Auto,9619.0,1122072,527539,522932,298279,1518682,468237,196187,734800,537690,507102,510776,638236,43424,934470,328099,444680,620222,744617,23973,524339,619720
270005,270715,Heavens' Thrust,52741.0,1122072,527539,522932,298279,1518682,468237,196187,787541,537690,507102,510776,638236,43424,934470,328099,444680,620222,744617,23973,524339,619720
257505,271500,Chaotic Spring (dot),8821.0,1122072,527539,531753,298279,1518682,468237,196187,787541,537690,507102,510776,638236,43424,934470,328099,444680,620222,744617,23973,524339,619720
272360,272892,Auto,9619.0,1131691,527539,531753,298279,1518682,468237,196187,787541,537690,507102,510776,638236,43424,934470,328099,444680,620222,744617,23973,524339,619720
272505,273125,Fang and Claw,38982.0,1131691,527539,531753,298279,1518682,507219,196187,787541,537690,507102,510776,638236,43424,934470,328099,444680,620222,744617,23973,524339,619720
257505,274500,Chaotic Spring (dot),8821.0,1131691,527539,540574,298279,1518682,507219,196187,787541,537690,507102,510776,638236,43424,934470,328099,444680,620222,744617,23973,524339,619720
275006,275626,Drakesbane,52741.0,1131691,527539,540574,298279,1571423,507219,196187,787541,537690,507102,510776,638236,43424,934470,328099,444680,620222,744617,23973,524339,619720
275160,275692,Auto,9619.0,1141310,527539,540574,298279,1571423,507219,196187,787541,537690,507102,510776,638236,43424,934470,328099,444680,620222,744617,23973,524339,619720
257505,277500,Chaotic Spring (dot),8821.0,1141310,527539,549395,298279,1571423,507219,196187,787541,537690,507102,510776,638236,43424,934470,328099,444680,620222,744617,23973,524339,619720
277506,278126,Raiden Thrust,36689.0,1141310,527539,549395,298279,1571423,507219,196187,787541,537690,507102,510776,638236,43424,971159,328099,444680,620222,744617,23973,524339,619720
277960,278492,Auto,9619.0,1150929,527539,549395,298279,1571423,507219,196187,787541,537690,507102,510776,638236,43424,971159,328099,444680,620222,744617,23973,524339,619720
278126,279326,Wyrmwind Thrust,50449.0,1150929,527539,549395,298279,1571423,507219,196187,787541,537690,507102,510776,638236,43424,971159,328099,444680,620222,744617,23973,524339,670169
257505,280500,Chaotic Spring (dot),8821.0,1150929,527539,558216,298279,1571423,507219,196187,787541,537690,507102,510776,638236,43424,971159,328099,444680,620222,744617,23973,524339,670169
280626,281116,High Jump,45864.0,1150929,527539,558216,298279,1571423,507219,196187,787541,583554,507102,510776,638236,43424,971159,328099,444680,620222,744617,23973,524339,670169
280760,281292,Auto,9619.0,1160548,527539,558216,298279,1571423,507219,196187,787541,583554,507102,510776,638236,43424,971159,328099,444680,620222,744617,23973,524339,670169
280006,281386,Spiral Blow,34396.0,1160548,527539,558216,298279,1571423,507219,196187,787541,583554,507102,510776,638236,43424,971159,328099,479076,620222,744617,23973,524339,670169
282506,282956,Chaotic Spring,38982.0,1160548,566521,558216,298279,1571423,507219,196187,787541,583554,507102,510776,638236,43424,971159,328099,479076,620222,744617,23973,524339,670169
282506,283500,Chaotic Spring (dot),5156.0,1160548,566521,563372,298279,1571423,507219,196187,787541,583554,507102,510776,638236,43424,971159,328099,479076,620222,744617,23973,524339,670169
283126,283926,Mirage Dive,43568.0,1160548,566521,563372,298279,1571423,507219,196187,787541,583554,507102,554344,638236,43424,971159,328099,479076,620222,744617,23973,524339,670169
283560,284092,Auto,9619.0,1170167,566521,563372,298279,1571423,507219,196187,787541,583554,507102,554344,638236,43424,971159,328099,479076,620222,744617,23973,524339,670169
285006,285626,Wheeling Thrust,38955.0,1170167,566521,563372,298279,1571423,507219,196187,787541,583554,507102,554344,638236,43424,971159,328099,479076,620222,744617,23973,563294,670169
282506,286500,Chaotic Spring (dot),5156.0,1170167,566521,568528,298279,1571423,507219,196187,787541,583554,507102,554344,638236,43424,971159,328099,479076,620222,744617,23973,563294,670169
286360,286892,Auto,9612.0,1179779,566521,568528,298279,1571423,507219,196187,787541,583554,507102,554344,638236,43424,971159,328099,479076,620222,744617,23973,563294,670169
287506,288126,Drakesbane,52704.0,1179779,566521,568528,298279,1624127,507219,196187,787541,583554,507102,554344,638236,43424,971159,328099,479076,620222,744617,23973,563294,670169
282506,289500,Chaotic Spring (dot),5156.0,1179779,566521,573684,298279,1624127,507219,196187,787541,583554,507102,554344,638236,43424,971159,328099,479076,620222,744617,23973,563294,670169
289160,289692,Auto,9612.0,1189391,566521,573684,298279,1624127,507219,196187,787541,583554,507102,554344,638236,43424,971159,328099,479076,620222,744617,23973,563294,670169
290006,290626,Raiden Thrust,36664.0,1189391,566521,573684,298279,1624127,507219,196187,787541,583554,507102,554344,638236,43424,1007823,328099,479076,620222,744617,23973,563294,670169
291960,292492,Auto,9612.0,1199003,566521,573684,298279,1624127,507219,196187,787541,583554,507102,554344,638236,43424,1007823,328099,479076,620222,744617,23973,563294,670169
282506,292500,Chaotic Spring (dot),5156.0,1199003,566521,578840,298279,1624127,507219,196187,787541,583554,507102,554344,638236,43424,1007823,328099,479076,620222,744617,23973,563294,670169
292506,293446,Lance Barrage,38955.0,1199003,566521,578840,298279,1624127,507219,196187,787541,583554,546057,554344,638236,43424,1007823,328099,479076,620222,744617,23973,563294,670169
294760,295292,Auto,9612.0,1208615,566521,578840,298279,1624127,507219,196187,787541,583554,546057,554344,638236,43424,1007823,328099,479076,620222,744617,23973,563294,670169
282506,295500,Chaotic Spring (dot),5156.0,1208615,566521,583996,298279,1624127,507219,196187,787541,583554,546057,554344,638236,43424,1007823,328099,479076,620222,744617,23973,563294,670169
295006,295716,Heavens' Thrust,52704.0,1208615,566521,583996,298279,1624127,507219,196187,840245,583554,546057,554344,638236,43424,1007823,328099,479076,620222,744617,23973,563294,670169
297560,298092,Auto,9612.0,1218227,566521,583996,298279,1624127,507219,196187,840245,583554,546057,554344,638236,43424,1007823,328099,479076,620222,744617,23973,563294,670169
297506,298126,Fang and Claw,38955.0,1218227,566521,583996,298279,1624127,546174,196187,840245,583554,546057,554344,638236,43424,1007823,328099,479076,620222,744617,23973,563294,670169
282506,298500,Chaotic Spring (dot),5156.0,1218227,566521,589152,298279,1624127,546174,196187,840245,583554,546057,554344,638236,43424,1007823,328099,479076,620222,744617,23973,563294,670169
300006,300626,Drakesbane,52704.0,1218227,566521,589152,298279,1676831,546174,196187,840245,583554,546057,554344,638236,43424,1007823,328099,479076,620222,744617,23973,563294,670169
300360,300892,Auto,9612.0,1227839,566521,589152,298279,1676831,546174,196187,840245,583554,546057,554344,638236,43424,1007823,328099,479076,620222,744617,23973,563294,670169
282506,301500,Chaotic Spring (dot),5156.0,1227839,566521,594308,298279,1676831,546174,196187,840245,583554,546057,554344,638236,43424,1007823,328099,479076,620222,744617,23973,563294,670169
302506,303126,Raiden Thrust,36664.0,1227839,566521,594308,298279,1676831,546174,196187,840245,583554,546057,554344,638236,43424,1044487,328099,479076,620222,744617,23973,563294,670169
303160,303692,Auto,9612.0,1237451,566521,594308,298279,1676831,546174,196187,840245,583554,546057,554344,638236,43424,1044487,328099,479076,620222,744617,23973,563294,670169
282506,304500,Chaotic Spring (dot),5156.0,1237451,566521,599464,298279,1676831,546174,196187,840245,583554,546057,554344,638236,43424,1044487,328099,479076,620222,744617,23973,563294,670169
305006,306386,Spiral Blow,34372.0,1237451,566521,599464,298279,1676831,546174,196187,840245,583554,546057,554344,638236,43424,1044487,328099,513448,620222,744617,23973,563294,670169
305960,306492,Auto,9612.0,1247063,566521,599464,298279,1676831,546174,196187,840245,583554,546057,554344,638236,43424,1044487,328099,513448,620222,744617,23973,563294,670169
306865,307535,Geirskogul,32079.0,1247063,566521,599464,298279,1676831,546174,228266,840245,583554,546057,554344,638236,43424,1044487,328099,513448,620222,744617,23973,563294,670169
307506,307956,Chaotic Spring,49278.0,1247063,615799,599464,298279,1676831,546174,228266,840245,583554,546057,554344,638236,43424,1044487,328099,513448,620222,744617,23973,563294,670169
308760,309292,Auto,12160.0,1259223,615799,599464,298279,1676831,546174,228266,840245,583554,546057,554344,638236,43424,1044487,328099,513448,620222,744617,23973,563294,670169
308126,309326,Wyrmwind Thrust,63774.0,1259223,615799,599464,298279,1676831,546174,228266,840245,583554,546057,554344,638236,43424,1044487,328099,513448,620222,744617,23973,563294,733943
308746,309506,Nastrond,104360.0,1259223,615799,599464,298279,1676831,546174,228266,840245,583554,546057,554344,742596,43424,1044487,328099,513448,620222,744617,23973,563294,733943
307506,310500,Chaotic Spring (dot),6518.0,1259223,615799,605982,298279,1676831,546174,228266,840245,583554,546057,554344,742596,43424,1044487,328099,513448,620222,744617,23973,563294,733943
310006,310626,Wheeling Thrust,49278.0,1259223,615799,605982,298279,1676831,546174,228266,840245,583554,546057,554344,742596,43424,1044487,328099,513448,620222,744617,23973,612572,733943
310626,311116,High Jump,57978.0,1259223,615799,605982,298279,1676831,546174,228266,840245,641532,546057,554344,742596,43424,1044487,328099,513448,620222,744617,23973,612572,733943
311560,312092,Auto,12160.0,1271383,615799,605982,298279,1676831,546174,228266,840245,641532,546057,554344,742596,43424,1044487,328099,513448,620222,744617,23973,612572,733943
312506,313126,Drakesbane,92393.0,1271383,615799,605982,298279,1769224,546174,228266,840245,641532,546057,554344,742596,43424,1044487,328099,513448,620222,744617,23973,612572,733943
307506,313500,Chaotic Spring (dot),6518.0,1271383,615799,612500,298279,1769224,546174,228266,840245,641532,546057,554344,742596,43424,1044487,328099,513448,620222,744617,23973,612572,733943
313126,314416,Stardiver,121754.0,1271383,615799,612500,298279,1769224,546174,228266,840245,641532,546057,554344,742596,43424,1044487,328099,513448,620222,866371,23973,612572,733943
314360,314892,Auto,12160.0,1283543,615799,612500,298279,1769224,546174,228266,840245,641532,546057,554344,742596,43424,1044487,328099,513448,620222,866371,23973,612572,733943
315006,315626,Raiden Thrust,46380.0,1283543,615799,612500,298279,1769224,546174,228266,840245,641532,546057,554344,742596,43424,1090867,328099,513448,620222,866371,23973,612572,733943
307506,316500,Chaotic Spring (dot),6518.0,1283543,615799,619018,298279,1769224,546174,228266,840245,641532,546057,554344,742596,43424,1090867,328099,513448,620222,866371,23973,612572,733943
315626,316606,Starcross,101464.0,1283543,615799,619018,298279,1769224,546174,228266,840245,641532,546057,554344,742596,43424,1090867,328099,513448,721686,866371,23973,612572,733943
316246,317046,Mirage Dive,55075.0,1283543,615799,619018,298279,1769224,546174,228266,840245,641532,546057,609419,742596,43424,1090867,328099,513448,721686,866371,23973,612572,733943
317160,317692,Auto,12160.0,1295703,615799,619018,298279,1769224,546174,228266,840245,641532,546057,609419,742596,43424,1090867,328099,513448,721686,866371,23973,612572,733943
317506,318446,Lance Barrage,49278.0,1295703,615799,619018,298279,1769224,546174,228266,840245,641532,595335,609419,742596,43424,1090867,328099,513448,721686,866371,23973,612572,733943
307506,319500,Chaotic Spring (dot),6518.0,1295703,615799,625536,298279,1769224,546174,228266,840245,641532,595335,609419,742596,43424,1090867,328099,513448,721686,866371,23973,612572,733943
319960,320492,Auto,12160.0,1307863,615799,625536,298279,1769224,546174,228266,840245,641532,595335,609419,742596,43424,1090867,328099,513448,721686,866371,23973,612572,733943
320006,320716,Heavens' Thrust,66671.0,1307863,615799,625536,298279,1769224,546174,228266,906916,641532,595335,609419,742596,43424,1090867,328099,513448,721686,866371,23973,612572,733943
307506,322500,Chaotic Spring (dot),6518.0,1307863,615799,632054,298279,1769224,546174,228266,906916,641532,595335,609419,742596,43424,1090867,328099,513448,721686,866371,23973,612572,733943
322506,323126,Fang and Claw,49130.0,1307863,615799,632054,298279,1769224,595304,228266,906916,641532,595335,609419,742596,43424,1090867,328099,513448,721686,866371,23973,612572,733943
322760,323292,Auto,12124.0,1319987,615799,632054,298279,1769224,595304,228266,906916,641532,595335,609419,742596,43424,1090867,328099,513448,721686,866371,23973,612572,733943
307506,325500,Chaotic Spring (dot),6518.0,1319987,615799,638572,298279,1769224,595304,228266,906916,641532,595335,609419,742596,43424,1090867,328099,513448,721686,866371,23973,612572,733943
325007,325627,Drakesbane,66471.0,1319987,615799,638572,298279,1835695,595304,228266,906916,641532,595335,609419,742596,43424,1090867,328099,513448,721686,866371,23973,612572,733943
325560,326092,Auto,12124.0,1332111,615799,638572,298279,1835695,595304,228266,906916,641532,595335,609419,742596,43424,1090867,328099,513448,721686,866371,23973,612572,733943
327507,328127,Raiden Thrust,36553.0,1332111,615799,638572,298279,1835695,595304,228266,906916,641532,595335,609419,742596,43424,1127420,328099,513448,721686,866371,23973,612572,733943
307506,328500,Chaotic Spring (dot),6518.0,1332111,615799,645090,298279,1835695,595304,228266,906916,641532,595335,609419,742596,43424,1127420,328099,513448,721686,866371,23973,612572,733943
328360,328892,Auto,9584.0,1341695,615799,645090,298279,1835695,595304,228266,906916,641532,595335,609419,742596,43424,1127420,328099,513448,721686,866371,23973,612572,733943
328127,329327,Wyrmwind Thrust,50262.0,1341695,615799,645090,298279,1835695,595304,228266,906916,641532,595335,609419,742596,43424,1127420,328099,513448,721686,866371,23973,612572,784205
330007,330857,Piercing Talon,39982.0,1341695,615799,645090,298279,1835695,595304,228266,906916,641532,595335,609419,742596,83406,1127420,328099,513448,721686,866371,23973,612572,784205
307506,331500,Chaotic Spring (dot),6518.0,1341695,615799,651608,298279,1835695,595304,228266,906916,641532,595335,609419,742596,83406,1127420,328099,513448,721686,866371,23973,612572,784205
331160,331692,Auto,9584.0,1351279,615799,651608,298279,1835695,595304,228266,906916,641532,595335,609419,742596,83406,1127420,328099,513448,721686,866371,23973,612572,784205
332507,333887,Spiral Blow,34268.0,1351279,615799,651608,298279,1835695,595304,228266,906916,641532,595335,609419,742596,83406,1127420,328099,547716,721686,866371,23973,612572,784205
333960,334492,Auto,9584.0,1360863,615799,651608,298279,1835695,595304,228266,906916,641532,595335,609419,742596,83406,1127420,328099,547716,721686,866371,23973,612572,784205
335007,335457,Chaotic Spring,38838.0,1360863,654637,651608,298279,1835695,595304,228266,906916,641532,595335,609419,742596,83406,1127420,328099,547716,721686,866371,23973,612572,784205
336760,337292,Auto,9584.0,1370447,654637,651608,298279,1835695,595304,228266,906916,641532,595335,609419,742596,83406,1127420,328099,547716,721686,866371,23973,612572,784205
335007,337500,Chaotic Spring (dot),5137.0,1370447,654637,656745,298279,1835695,595304,228266,906916,641532,595335,609419,742596,83406,1127420,328099,547716,721686,866371,23973,612572,784205
337507,338127,Wheeling Thrust,38838.0,1370447,654637,656745,298279,1835695,595304,228266,906916,641532,595335,609419,742596,83406,1127420,328099,547716,721686,866371,23973,651410,784205
339560,340092,Auto,9584.0,1380031,654637,656745,298279,1835695,595304,228266,906916,641532,595335,609419,742596,83406,1127420,328099,547716,721686,866371,23973,651410,784205
335007,340500,Chaotic Spring (dot),5137.0,1380031,654637,661882,298279,1835695,595304,228266,906916,641532,595335,609419,742596,83406,1127420,328099,547716,721686,866371,23973,651410,784205
340007,340627,Drakesbane,52546.0,1380031,654637,661882,298279,1888241,595304,228266,906916,641532,595335,609419,742596,83406,1127420,328099,547716,721686,866371,23973,651410,784205
340627,341117,High Jump,45694.0,1380031,654637,661882,298279,1888241,595304,228266,906916,687226,595335,609419,742596,83406,1127420,328099,547716,721686,866371,23973,651410,784205
341427,342227,Mirage Dive,43407.0,1380031,654637,661882,298279,1888241,595304,228266,906916,687226,595335,652826,742596,83406,1127420,328099,547716,721686,866371,23973,651410,784205
342360,342892,Auto,9584.0,1389615,654637,661882,298279,1888241,595304,228266,906916,687226,595335,652826,742596,83406,1127420,328099,547716,721686,866371,23973,651410,784205
342507,343127,Raiden Thrust,36553.0,1389615,654637,661882,298279,1888241,595304,228266,906916,687226,595335,652826,742596,83406,1163973,328099,547716,721686,866371,23973,651410,784205
335007,343500,Chaotic Spring (dot),5137.0,1389615,654637,667019,298279,1888241,595304,228266,906916,687226,595335,652826,742596,83406,1163973,328099,547716,721686,866371,23973,651410,784205
345160,345692,Auto,9584.0,1399199,654637,667019,298279,1888241,595304,228266,906916,687226,595335,652826,742596,83406,1163973,328099,547716,721686,866371,23973,651410,784205
345007,345947,Lance Barrage,38838.0,1399199,654637,667019,298279,1888241,595304,228266,906916,687226,634173,652826,742596,83406,1163973,328099,547716,721686,866371,23973,651410,784205
335007,346500,Chaotic Spring (dot),5137.0,1399199,654637,672156,298279,1888241,595304,228266,906916,687226,634173,652826,742596,83406,1163973,328099,547716,721686,866371,23973,651410,784205
347507,348217,Heavens' Thrust,52546.0,1399199,654637,672156,298279,1888241,595304,228266,959462,687226,634173,652826,742596,83406,1163973,328099,547716,721686,866371,23973,651410,784205
347960,348492,Auto,9584.0,1408783,654637,672156,298279,1888241,595304,228266,959462,687226,634173,652826,742596,83406,1163973,328099,547716,721686,866371,23973,651410,784205
335007,349500,Chaotic Spring (dot),5137.0,1408783,654637,677293,298279,1888241,595304,228266,959462,687226,634173,652826,742596,83406,1163973,328099,547716,721686,866371,23973,651410,784205
350007,350627,Fang and Claw,38838.0,1408783,654637,677293,298279,1888241,634142,228266,959462,687226,634173,652826,742596,83406,1163973,328099,547716,721686,866371,23973,651410,784205
350760,351292,Auto,9584.0,1418367,654637,677293,298279,1888241,634142,228266,959462,687226,634173,652826,742596,83406,1163973,328099,547716,721686,866371,23973,651410,784205
335007,352500,Chaotic Spring (dot),5137.0,1418367,654637,682430,298279,1888241,634142,228266,959462,687226,634173,652826,742596,83406,1163973,328099,547716,721686,866371,23973,651410,784205
352507,353127,Drakesbane,52546.0,1418367,654637,682430,298279,1940787,634142,228266,959462,687226,634173,652826,742596,83406,1163973,328099,547716,721686,866371,23973,651410,784205
353560,354092,Auto,9584.0,1427951,654637,682430,298279,1940787,634142,228266,959462,687226,634173,652826,742596,83406,1163973,328099,547716,721686,866371,23973,651410,784205
335007,355500,Chaotic Spring (dot),5137.0,1427951,654637,687567,298279,1940787,634142,228266,959462,687226,634173,652826,742596,83406,1163973,328099,547716,721686,866371,23973,651410,784205
355007,355627,Raiden Thrust,36553.0,1427951,654637,687567,298279,1940787,634142,228266,959462,687226,634173,652826,742596,83406,1200526,328099,547716,721686,866371,23973,651410,784205
356360,356892,Auto,9584.0,1437535,654637,687567,298279,1940787,634142,228266,959462,687226,634173,652826,742596,83406,1200526,328099,547716,721686,866371,23973,651410,784205
335007,358500,Chaotic Spring (dot),5137.0,1437535,654637,692704,298279,1940787,634142,228266,959462,687226,634173,652826,742596,83406,1200526,328099,547716,721686,866371,23973,651410,784205
357507,358887,Spiral Blow,34268.0,1437535,654637,692704,298279,1940787,634142,228266,959462,687226,634173,652826,742596,83406,1200526,328099,581984,721686,866371,23973,651410,784205
359160,359692,Auto,9584.0,1447119,654637,692704,298279,1940787,634142,228266,959462,687226,634173,652826,742596,83406,1200526,328099,581984,721686,866371,23973,651410,784205
360007,360857,Piercing Talon,43263.0,1447119,654637,692704,298279,1940787,634142,228266,959462,687226,634173,652826,742596,126669,1200526,328099,581984,721686,866371,23973,651410,784205
361960,362492,Auto,10412.0,1457531,654637,692704,298279,1940787,634142,228266,959462,687226,634173,652826,742596,126669,1200526,328099,581984,721686,866371,23973,651410,784205
362507,362957,Chaotic Spring,42182.0,1457531,696819,692704,298279,1940787,634142,228266,959462,687226,634173,652826,742596,126669,1200526,328099,581984,721686,866371,23973,651410,784205
362507,364500,Chaotic Spring (dot),5579.0,1457531,696819,698283,298279,1940787,634142,228266,959462,687226,634173,652826,742596,126669,1200526,328099,581984,721686,866371,23973,651410,784205
364760,365292,Auto,10412.0,1467943,696819,698283,298279,1940787,634142,228266,959462,687226,634173,652826,742596,126669,1200526,328099,581984,721686,866371,23973,651410,784205
365007,365627,Wheeling Thrust,42182.0,1467943,696819,698283,298279,1940787,634142,228266,959462,687226,634173,652826,742596,126669,1200526,328099,581984,721686,866371,23973,693592,784205
362507,367500,Chaotic Spring (dot),5579.0,1467943,696819,703862,298279,1940787,634142,228266,959462,687226,634173,652826,742596,126669,1200526,328099,581984,721686,866371,23973,693592,784205
366867,367537,Geirskogul,46977.0,1467943,696819,703862,298279,1940787,634142,275243,959462,687226,634173,652826,742596,126669,1200526,328099,581984,721686,866371,23973,693592,784205
367560,368092,Auto,17812.0,1485755,696819,703862,298279,1940787,634142,275243,959462,687226,634173,652826,742596,126669,1200526,328099,581984,721686,866371,23973,693592,784205
367507,368127,Drakesbane,97634.0,1485755,696819,703862,298279,2038421,634142,275243,959462,687226,634173,652826,742596,126669,1200526,328099,581984,721686,866371,23973,693592,784205
368127,369327,Wyrmwind Thrust,93390.0,1485755,696819,703862,298279,2038421,634142,275243,959462,687226,634173,652826,742596,126669,1200526,328099,581984,721686,866371,23973,693592,877595
368747,369507,Nastrond,152819.0,1485755,696819,703862,298279,2038421,634142,275243,959462,687226,634173,652826,895415,126669,1200526,328099,581984,721686,866371,23973,693592,877595
362507,370500,Chaotic Spring (dot),5579.0,1485755,696819,709441,298279,2038421,634142,275243,959462,687226,634173,652826,895415,126669,1200526,328099,581984,721686,866371,23973,693592,877595
370007,370627,Raiden Thrust,67917.0,1485755,696819,709441,298279,2038421,634142,275243,959462,687226,634173,652826,895415,126669,1268443,328099,581984,721686,866371,23973,693592,877595
370360,370892,Auto,17812.0,1503567,696819,709441,298279,2038421,634142,275243,959462,687226,634173,652826,895415,126669,1268443,328099,581984,721686,866371,23973,693592,877595
370627,371117,High Jump,84898.0,1503567,696819,709441,298279,2038421,634142,275243,959462,772124,634173,652826,895415,126669,1268443,328099,581984,721686,866371,23973,693592,877595
371427,372227,Dragonfire Dive,106123.0,1503567,696819,709441,404402,2038421,634142,275243,959462,772124,634173,652826,895415,126669,1268443,328099,581984,721686,866371,23973,693592,877595
372507,373447,Lance Barrage,72164.0,1503567,696819,709441,404402,2038421,634142,275243,959462,772124,706337,652826,895415,126669,1268443,328099,581984,721686,866371,23973,693592,877595
362507,373500,Chaotic Spring (dot),5579.0,1503567,696819,715020,404402,2038421,634142,275243,959462,772124,706337,652826,895415,126669,1268443,328099,581984,721686,866371,23973,693592,877595
373160,373692,Auto,17812.0,1521379,696819,715020,404402,2038421,634142,275243,959462,772124,706337,652826,895415,126669,1268443,328099,581984,721686,866371,23973,693592,877595
373127,374287,Rise of the Dragon,116740.0,1521379,696819,715020,404402,2038421,634142,275243,959462,772124,706337,652826,895415,126669,1268443,444839,581984,721686,866371,23973,693592,877595
375008,375718,Heavens' Thrust,137801.0,1521379,696819,715020,404402,2038421,634142,275243,1097263,772124,706337,652826,895415,126669,1268443,444839,581984,721686,866371,23973,693592,877595
375960,376492,Auto,17812.0,1539191,696819,715020,404402,2038421,634142,275243,1097263,772124,706337,652826,895415,126669,1268443,444839,581984,721686,866371,23973,693592,877595
362507,376500,Chaotic Spring (dot),5579.0,1539191,696819,720599,404402,2038421,634142,275243,1097263,772124,706337,652826,895415,126669,1268443,444839,581984,721686,866371,23973,693592,877595
375628,376918,Stardiver,178293.0,1539191,696819,720599,404402,2038421,634142,275243,1097263,772124,706337,652826,895415,126669,1268443,444839,581984,721686,1044664,23973,693592,877595
377508,378128,Fang and Claw,72164.0,1539191,696819,720599,404402,2038421,706306,275243,1097263,772124,706337,652826,895415,126669,1268443,444839,581984,721686,1044664,23973,693592,877595
378760,379292,Auto,17812.0,1557003,696819,720599,404402,2038421,706306,275243,1097263,772124,706337,652826,895415,126669,1268443,444839,581984,721686,1044664,23973,693592,877595
362507,379500,Chaotic Spring (dot),5579.0,1557003,696819,726178,404402,2038421,706306,275243,1097263,772124,706337,652826,895415,126669,1268443,444839,581984,721686,1044664,23973,693592,877595
378748,379728,Starcross,148580.0,1557003,696819,726178,404402,2038421,706306,275243,1097263,772124,706337,652826,895415,126669,1268443,444839,581984,870266,1044664,23973,693592,877595
380008,380628,Drakesbane,137801.0,1557003,696819,726178,404402,2176222,706306,275243,1097263,772124,706337,652826,895415,126669,1268443,444839,581984,870266,1044664,23973,693592,877595
380628,381428,Mirage Dive,80652.0,1557003,696819,726178,404402,2176222,706306,275243,1097263,772124,706337,733478,895415,126669,1268443,444839,581984,870266,1044664,23973,693592,877595
381560,382092,Auto,17812.0,1574815,696819,726178,404402,2176222,706306,275243,1097263,772124,706337,733478,895415,126669,1268443,444839,581984,870266,1044664,23973,693592,877595
362507,382500,Chaotic Spring (dot),5579.0,1574815,696819,731757,404402,2176222,706306,275243,1097263,772124,706337,733478,895415,126669,1268443,444839,581984,870266,1044664,23973,693592,877595
382508,383128,Raiden Thrust,67917.0,1574815,696819,731757,404402,2176222,706306,275243,1097263,772124,706337,733478,895415,126669,1336360,444839,581984,870266,1044664,23973,693592,877595
383128,384328,Wyrmwind Thrust,93390.0,1574815,696819,731757,404402,2176222,706306,275243,1097263,772124,706337,733478,895415,126669,1336360,444839,581984,870266,1044664,23973,693592,970985
384360,384892,Auto,17812.0,1592627,696819,731757,404402,2176222,706306,275243,1097263,772124,706337,733478,895415,126669,1336360,444839,581984,870266,1044664,23973,693592,970985
362507,385500,Chaotic Spring (dot),5579.0,1592627,696819,737336,404402,2176222,706306,275243,1097263,772124,706337,733478,895415,126669,1336360,444839,581984,870266,1044664,23973,693592,970985
385008,386388,Spiral Blow,63672.0,1592627,696819,737336,404402,2176222,706306,275243,1097263,772124,706337,733478,895415,126669,1336360,444839,645656,870266,1044664,23973,693592,970985
387160,387692,Auto,10412.0,1603039,696819,737336,404402,2176222,706306,275243,1097263,772124,706337,733478,895415,126669,1336360,444839,645656,870266,1044664,23973,693592,970985
387508,387958,Chaotic Spring,42182.0,1603039,739001,737336,404402,2176222,706306,275243,1097263,772124,706337,733478,895415,126669,1336360,444839,645656,870266,1044664,23973,693592,970985
387508,388500,Chaotic Spring (dot),5579.0,1603039,739001,742915,404402,2176222,706306,275243,1097263,772124,706337,733478,895415,126669,1336360,444839,645656,870266,1044664,23973,693592,970985
389960,390492,Auto,9619.0,1612658,739001,742915,404402,2176222,706306,275243,1097263,772124,706337,733478,895415,126669,1336360,444839,645656,870266,1044664,23973,693592,970985
390008,390628,Wheeling Thrust,38982.0,1612658,739001,742915,404402,2176222,706306,275243,1097263,772124,706337,733478,895415,126669,1336360,444839,645656,870266,1044664,23973,732574,970985
387508,391500,Chaotic Spring (dot),5579.0,1612658,739001,748494,404402,2176222,706306,275243,1097263,772124,706337,733478,895415,126669,1336360,444839,645656,870266,1044664,23973,732574,970985
392508,393128,Drakesbane,52741.0,1612658,739001,748494,404402,2228963,706306,275243,1097263,772124,706337,733478,895415,126669,1336360,444839,645656,870266,1044664,23973,732574,970985
392760,393292,Auto,9619.0,1622277,739001,748494,404402,2228963,706306,275243,1097263,772124,706337,733478,895415,126669,1336360,444839,645656,870266,1044664,23973,732574,970985
387508,394500,Chaotic Spring (dot),5579.0,1622277,739001,754073,404402,2228963,706306,275243,1097263,772124,706337,733478,895415,126669,1336360,444839,645656,870266,1044664,23973,732574,970985
395008,395628,Raiden Thrust,36689.0,1622277,739001,754073,404402,2228963,706306,275243,1097263,772124,706337,733478,895415,126669,1373049,444839,645656,870266,1044664,23973,732574,970985
395560,396092,Auto,9619.0,1631896,739001,754073,404402,2228963,706306,275243,1097263,772124,706337,733478,895415,126669,1373049,444839,645656,870266,1044664,23973,732574,970985
387508,397500,Chaotic Spring (dot),5579.0,1631896,739001,759652,404402,2228963,706306,275243,1097263,772124,706337,733478,895415,126669,1373049,444839,645656,870266,1044664,23973,732574,970985
397508,398448,Lance Barrage,38982.0,1631896,739001,759652,404402,2228963,706306,275243,1097263,772124,745319,733478,895415,126669,1373049,444839,645656,870266,1044664,23973,732574,970985
398360,398892,Auto,9619.0,1641515,739001,759652,404402,2228963,706306,275243,1097263,772124,745319,733478,895415,126669,1373049,444839,645656,870266,1044664,23973,732574,970985
387508,400500,Chaotic Spring (dot),5579.0,1641515,739001,765231,404402,2228963,706306,275243,1097263,772124,745319,733478,895415,126669,1373049,444839,645656,870266,1044664,23973,732574,970985
400008,400718,Heavens' Thrust,52741.0,1641515,739001,765231,404402,2228963,706306,275243,1150004,772124,745319,733478,895415,126669,1373049,444839,645656,870266,1044664,23973,732574,970985
400628,401118,High Jump,45864.0,1641515,739001,765231,404402,2228963,706306,275243,1150004,817988,745319,733478,895415,126669,1373049,444839,645656,870266,1044664,23973,732574,970985
401160,401692,Auto,9619.0,1651134,739001,765231,404402,2228963,706306,275243,1150004,817988,745319,733478,895415,126669,1373049,444839,645656,870266,1044664,23973,732574,970985
401428,402228,Mirage Dive,43568.0,1651134,739001,765231,404402,2228963,706306,275243,1150004,817988,745319,777046,895415,126669,1373049,444839,645656,870266,1044664,23973,732574,970985
402508,403128,Fang and Claw,38982.0,1651134,739001,765231,404402,2228963,745288,275243,1150004,817988,745319,777046,895415,126669,1373049,444839,645656,870266,1044664,23973,732574,970985
387508,403500,Chaotic Spring (dot),5579.0,1651134,739001,770810,404402,2228963,745288,275243,1150004,817988,745319,777046,895415,126669,1373049,444839,645656,870266,1044664,23973,732574,970985
403960,404492,Auto,9619.0,1660753,739001,770810,404402,2228963,745288,275243,1150004,817988,745319,777046,895415,126669,1373049,444839,645656,870266,1044664,23973,732574,970985
405008,405628,Drakesbane,52704.0,1660753,739001,770810,404402,2281667,745288,275243,1150004,817988,745319,777046,895415,126669,1373049,444839,645656,870266,1044664,23973,732574,970985
387508,406500,Chaotic Spring (dot),5579.0,1660753,739001,776389,404402,2281667,745288,275243,1150004,817988,745319,777046,895415,126669,1373049,444839,645656,870266,1044664,23973,732574,970985
406760,407292,Auto,9612.0,1670365,739001,776389,404402,2281667,745288,275243,1150004,817988,745319,777046,895415,126669,1373049,444839,645656,870266,1044664,23973,732574,970985
407508,408128,Raiden Thrust,36664.0,1670365,739001,776389,404402,2281667,745288,275243,1150004,817988,745319,777046,895415,126669,1409713,444839,645656,870266,1044664,23973,732574,970985
387508,409500,Chaotic Spring (dot),5579.0,1670365,739001,781968,404402,2281667,745288,275243,1150004,817988,745319,777046,895415,126669,1409713,444839,645656,870266,1044664,23973,732574,970985
409560,410092,Auto,9612.0,1679977,739001,781968,404402,2281667,745288,275243,1150004,817988,745319,777046,895415,126669,1409713,444839,645656,870266,1044664,23973,732574,970985
410008,411388,Spiral Blow,34372.0,1679977,739001,781968,404402,2281667,745288,275243,1150004,817988,745319,777046,895415,126669,1409713,444839,680028,870266,1044664,23973,732574,970985
412360,412892,Auto,9612.0,1689589,739001,781968,404402,2281667,745288,275243,1150004,817988,745319,777046,895415,126669,1409713,444839,680028,870266,1044664,23973,732574,970985
412508,412958,Chaotic Spring,38955.0,1689589,777956,781968,404402,2281667,745288,275243,1150004,817988,745319,777046,895415,126669,1409713,444839,680028,870266,1044664,23973,732574,970985
413128,414328,Wyrmwind Thrust,50414.0,1689589,777956,781968,404402,2281667,745288,275243,1150004,817988,745319,777046,895415,126669,1409713,444839,680028,870266,1044664,23973,732574,1021399
412508,415500,Chaotic Spring (dot),5153.0,1689589,777956,787121,404402,2281667,745288,275243,1150004,817988,745319,777046,895415,126669,1409713,444839,680028,870266,1044664,23973,732574,1021399
415008,415628,Wheeling Thrust,38955.0,1689589,777956,787121,404402,2281667,745288,275243,1150004,817988,745319,777046,895415,126669,1409713,444839,680028,870266,1044664,23973,771529,1021399
415160,415692,Auto,9612.0,1699201,777956,787121,404402,2281667,745288,275243,1150004,817988,745319,777046,895415,126669,1409713,444839,680028,870266,1044664,23973,771529,1021399
417508,418128,Drakesbane,52704.0,1699201,777956,787121,404402,2334371,745288,275243,1150004,817988,745319,777046,895415,126669,1409713,444839,680028,870266,1044664,23973,771529,1021399
417960,418492,Auto,9612.0,1708813,777956,787121,404402,2334371,745288,275243,1150004,817988,745319,777046,895415,126669,1409713,444839,680028,870266,1044664,23973,771529,1021399
412508,418500,Chaotic Spring (dot),5153.0,1708813,777956,792274,404402,2334371,745288,275243,1150004,817988,745319,777046,895415,126669,1409713,444839,680028,870266,1044664,23973,771529,1021399
420008,420628,Raiden Thrust,36664.0,1708813,777956,792274,404402,2334371,745288,275243,1150004,817988,745319,777046,895415,126669,1446377,444839,680028,870266,1044664,23973,771529,1021399
420760,421292,Auto,9612.0,1718425,777956,792274,404402,2334371,745288,275243,1150004,817988,745319,777046,895415,126669,1446377,444839,680028,870266,1044664,23973,771529,1021399
412508,421500,Chaotic Spring (dot),5153.0,1718425,777956,797427,404402,2334371,745288,275243,1150004,817988,745319,777046,895415,126669,1446377,444839,680028,870266,1044664,23973,771529,1021399
422508,423448,Lance Barrage,38955.0,1718425,777956,797427,404402,2334371,745288,275243,1150004,817988,784274,777046,895415,126669,1446377,444839,680028,870266,1044664,23973,771529,1021399
423560,424092,Auto,9612.0,1728037,777956,797427,404402,2334371,745288,275243,1150004,817988,784274,777046,895415,126669,1446377,444839,680028,870266,1044664,23973,771529,1021399
412508,424500,Chaotic Spring (dot),5153.0,1728037,777956,802580,404402,2334371,745288,275243,1150004,817988,784274,777046,895415,126669,1446377,444839,680028,870266,1044664,23973,771529,1021399
425009,425719,Heavens' Thrust,52704.0,1728037,777956,802580,404402,2334371,745288,275243,1202708,817988,784274,777046,895415,126669,1446377,444839,680028,870266,1044664,23973,771529,1021399
426360,426892,Auto,9612.0,1737649,777956,802580,404402,2334371,745288,275243,1202708,817988,784274,777046,895415,126669,1446377,444839,680028,870266,1044664,23973,771529,1021399
412508,427500,Chaotic Spring (dot),5153.0,1737649,777956,807733,404402,2334371,745288,275243,1202708,817988,784274,777046,895415,126669,1446377,444839,680028,870266,1044664,23973,771529,1021399
426867,427537,Geirskogul,32079.0,1737649,777956,807733,404402,2334371,745288,307322,1202708,817988,784274,777046,895415,126669,1446377,444839,680028,870266,1044664,23973,771529,1021399
427509,428129,Fang and Claw,49278.0,1737649,777956,807733,404402,2334371,794566,307322,1202708,817988,784274,777046,895415,126669,1446377,444839,680028,870266,1044664,23973,771529,1021399
428749,429509,Nastrond,104360.0,1737649,777956,807733,404402,2334371,794566,307322,1202708,817988,784274,777046,999775,126669,1446377,444839,680028,870266,1044664,23973,771529,1021399
429160,429692,Auto,12160.0,1749809,777956,807733,404402,2334371,794566,307322,1202708,817988,784274,777046,999775,126669,1446377,444839,680028,870266,1044664,23973,771529,1021399
412508,430500,Chaotic Spring (dot),5153.0,1749809,777956,812886,404402,2334371,794566,307322,1202708,817988,784274,777046,999775,126669,1446377,444839,680028,870266,1044664,23973,771529,1021399
430009,430629,Drakesbane,92393.0,1749809,777956,812886,404402,2426764,794566,307322,1202708,817988,784274,777046,999775,126669,1446377,444839,680028,870266,1044664,23973,771529,1021399
430629,431119,High Jump,57978.0,1749809,777956,812886,404402,2426764,794566,307322,1202708,875966,784274,777046,999775,126669,1446377,444839,680028,870266,1044664,23973,771529,1021399
431429,432229,Mirage Dive,55075.0,1749809,777956,812886,404402,2426764,794566,307322,1202708,875966,784274,832121,999775,126669,1446377,444839,680028,870266,1044664,23973,771529,1021399
431960,432492,Auto,12160.0,1761969,777956,812886,404402,2426764,794566,307322,1202708,875966,784274,832121,999775,126669,1446377,444839,680028,870266,1044664,23973,771529,1021399
432509,433129,Raiden Thrust,46380.0,1761969,777956,812886,404402,2426764,794566,307322,1202708,875966,784274,832121,999775,126669,1492757,444839,680028,870266,1044664,23973,771529,1021399
412508,433500,Chaotic Spring (dot),5153.0,1761969,777956,818039,404402,2426764,794566,307322,1202708,875966,784274,832121,999775,126669,1492757,444839,680028,870266,1044664,23973,771529,1021399
433129,434419,Stardiver,121754.0,1761969,777956,818039,404402,2426764,794566,307322,1202708,875966,784274,832121,999775,126669,1492757,444839,680028,870266,1166418,23973,771529,1021399
434760,435292,Auto,12160.0,1774129,777956,818039,404402,2426764,794566,307322,1202708,875966,784274,832121,999775,126669,1492757,444839,680028,870266,1166418,23973,771529,1021399
435009,436389,Spiral Blow,43481.0,1774129,777956,818039,404402,2426764,794566,307322,1202708,875966,784274,832121,999775,126669,1492757,444839,723509,870266,1166418,23973,771529,1021399
412508,436500,Chaotic Spring (dot),5153.0,1774129,777956,823192,404402,2426764,794566,307322,1202708,875966,784274,832121,999775,126669,1492757,444839,723509,870266,1166418,23973,771529,1021399
435629,436609,Starcross,101464.0,1774129,777956,823192,404402,2426764,794566,307322,1202708,875966,784274,832121,999775,126669,1492757,444839,723509,971730,1166418,23973,771529,1021399
436249,437449,Wyrmwind Thrust,63774.0,1774129,777956,823192,404402,2426764,794566,307322,1202708,875966,784274,832121,999775,126669,1492757,444839,723509,971730,1166418,23973,771529,1085173
437509,437959,Chaotic Spring,49278.0,1774129,827234,823192,404402,2426764,794566,307322,1202708,875966,784274,832121,999775,126669,1492757,444839,723509,971730,1166418,23973,771529,1085173
437560,438092,Auto,12160.0,1786289,827234,823192,404402,2426764,794566,307322,1202708,875966,784274,832121,999775,126669,1492757,444839,723509,971730,1166418,23973,771529,1085173
437509,439500,Chaotic Spring (dot),6518.0,1786289,827234,829710,404402,2426764,794566,307322,1202708,875966,784274,832121,999775,126669,1492757,444839,723509,971730,1166418,23973,771529,1085173
440009,440629,Wheeling Thrust,49278.0,1786289,827234,829710,404402,2426764,794566,307322,1202708,875966,784274,832121,999775,126669,1492757,444839,723509,971730,1166418,23973,820807,1085173
440360,440892,Auto,12160.0,1798449,827234,829710,404402,2426764,794566,307322,1202708,875966,784274,832121,999775,126669,1492757,444839,723509,971730,1166418,23973,820807,1085173
437509,442500,Chaotic Spring (dot),6518.0,1798449,827234,836228,404402,2426764,794566,307322,1202708,875966,784274,832121,999775,126669,1492757,444839,723509,971730,1166418,23973,820807,1085173
442509,443129,Drakesbane,66471.0,1798449,827234,836228,404402,2493235,794566,307322,1202708,875966,784274,832121,999775,126669,1492757,444839,723509,971730,1166418,23973,820807,1085173
443160,443692,Auto,12124.0,1810573,827234,836228,404402,2493235,794566,307322,1202708,875966,784274,832121,999775,126669,1492757,444839,723509,971730,1166418,23973,820807,1085173
437509,445500,Chaotic Spring (dot),6518.0,1810573,827234,842746,404402,2493235,794566,307322,1202708,875966,784274,832121,999775,126669,1492757,444839,723509,971730,1166418,23973,820807,1085173
445009,445629,Raiden Thrust,46240.0,1810573,827234,842746,404402,2493235,794566,307322,1202708,875966,784274,832121,999775,126669,1538997,444839,723509,971730,1166418,23973,820807,1085173
445960,446492,Auto,12124.0,1822697,827234,842746,404402,2493235,794566,307322,1202708,875966,784274,832121,999775,126669,1538997,444839,723509,971730,1166418,23973,820807,1085173
447509,448449,Lance Barrage,38838.0,1822697,827234,842746,404402,2493235,794566,307322,1202708,875966,823112,832121,999775,126669,1538997,444839,723509,971730,1166418,23973,820807,1085173
437509,448500,Chaotic Spring (dot),6518.0,1822697,827234,849264,404402,2493235,794566,307322,1202708,875966,823112,832121,999775,126669,1538997,444839,723509,971730,1166418,23973,820807,1085173
448760,449292,Auto,9584.0,1832281,827234,849264,404402,2493235,794566,307322,1202708,875966,823112,832121,999775,126669,1538997,444839,723509,971730,1166418,23973,820807,1085173
450009,450719,Heavens' Thrust,52546.0,1832281,827234,849264,404402,2493235,794566,307322,1255254,875966,823112,832121,999775,126669,1538997,444839,723509,971730,1166418,23973,820807,1085173
437509,451500,Chaotic Spring (dot),6518.0,1832281,827234,855782,404402,2493235,794566,307322,1255254,875966,823112,832121,999775,126669,1538997,444839,723509,971730,1166418,23973,820807,1085173
451560,452092,Auto,9584.0,1841865,827234,855782,404402,2493235,794566,307322,1255254,875966,823112,832121,999775,126669,1538997,444839,723509,971730,1166418,23973,820807,1085173
452509,453129,Fang and Claw,38838.0,1841865,827234,855782,404402,2493235,833404,307322,1255254,875966,823112,832121,999775,126669,1538997,444839,723509,971730,1166418,23973,820807,1085173
437509,454500,Chaotic Spring (dot),6518.0,1841865,827234,862300,404402,2493235,833404,307322,1255254,875966,823112,832121,999775,126669,1538997,444839,723509,971730,1166418,23973,820807,1085173
454360,454892,Auto,9584.0,1851449,827234,862300,404402,2493235,833404,307322,1255254,875966,823112,832121,999775,126669,1538997,444839,723509,971730,1166418,23973,820807,1085173
455009,455629,Drakesbane,52546.0,1851449,827234,862300,404402,2545781,833404,307322,1255254,875966,823112,832121,999775,126669,1538997,444839,723509,971730,1166418,23973,820807,1085173
437509,457500,Chaotic Spring (dot),6518.0,1851449,827234,868818,404402,2545781,833404,307322,1255254,875966,823112,832121,999775,126669,1538997,444839,723509,971730,1166418,23973,820807,1085173
457160,457692,Auto,9584.0,1861033,827234,868818,404402,2545781,833404,307322,1255254,875966,823112,832121,999775,126669,1538997,444839,723509,971730,1166418,23973,820807,1085173
457509,458129,Raiden Thrust,36553.0,1861033,827234,868818,404402,2545781,833404,307322,1255254,875966,823112,832121,999775,126669,1575550,444839,723509,971730,1166418,23973,820807,1085173
458129,459329,Wyrmwind Thrust,50262.0,1861033,827234,868818,404402,2545781,833404,307322,1255254,875966,823112,832121,999775,126669,1575550,444839,723509,971730,1166418,23973,820807,1135435
459960,460492,Auto,9584.0,1870617,827234,868818,404402,2545781,833404,307322,1255254,875966,823112,832121,999775,126669,1575550,444839,723509,971730,1166418,23973,820807,1135435
437509,460500,Chaotic Spring (dot),6518.0,1870617,827234,875336,404402,2545781,833404,307322,1255254,875966,823112,832121,999775,126669,1575550,444839,723509,971730,1166418,23973,820807,1135435
460629,461119,High Jump,45694.0,1870617,827234,875336,404402,2545781,833404,307322,1255254,921660,823112,832121,999775,126669,1575550,444839,723509,971730,1166418,23973,820807,1135435
460009,461389,Spiral Blow,34268.0,1870617,827234,875336,404402,2545781,833404,307322,1255254,921660,823112,832121,999775,126669,1575550,444839,757777,971730,1166418,23973,820807,1135435
461429,462229,Mirage Dive,43407.0,1870617,827234,875336,404402,2545781,833404,307322,1255254,921660,823112,875528,999775,126669,1575550,444839,757777,971730,1166418,23973,820807,1135435
462509,462959,Chaotic Spring,38838.0,1870617,866072,875336,404402,2545781,833404,307322,1255254,921660,823112,875528,999775,126669,1575550,444839,757777,971730,1166418,23973,820807,1135435
462760,463292,Auto,9584.0,1880201,866072,875336,404402,2545781,833404,307322,1255254,921660,823112,875528,999775,126669,1575550,444839,757777,971730,1166418,23973,820807,1135435
462509,463500,Chaotic Spring (dot),5137.0,1880201,866072,880473,404402,2545781,833404,307322,1255254,921660,823112,875528,999775,126669,1575550,444839,757777,971730,1166418,23973,820807,1135435
465009,465629,Wheeling Thrust,38838.0,1880201,866072,880473,404402,2545781,833404,307322,1255254,921660,823112,875528,999775,126669,1575550,444839,757777,971730,1166418,23973,859645,1135435
465560,466092,Auto,9584.0,1889785,866072,880473,404402,2545781,833404,307322,1255254,921660,823112,875528,999775,126669,1575550,444839,757777,971730,1166418,23973,859645,1135435
462509,466500,Chaotic Spring (dot),5137.0,1889785,866072,885610,404402,2545781,833404,307322,1255254,921660,823112,875528,999775,126669,1575550,444839,757777,971730,1166418,23973,859645,1135435
467509,468129,Drakesbane,52546.0,1889785,866072,885610,404402,2598327,833404,307322,1255254,921660,823112,875528,999775,126669,1575550,444839,757777,971730,1166418,23973,859645,1135435
468360,468892,Auto,9584.0,1899369,866072,885610,404402,2598327,833404,307322,1255254,921660,823112,875528,999775,126669,1575550,444839,757777,971730,1166418,23973,859645,1135435
462509,469500,Chaotic Spring (dot),5137.0,1899369,866072,890747,404402,2598327,833404,307322,1255254,921660,823112,875528,999775,126669,1575550,444839,757777,971730,1166418,23973,859645,1135435
470009,470629,Raiden Thrust,36553.0,1899369,866072,890747,404402,2598327,833404,307322,1255254,921660,823112,875528,999775,126669,1612103,444839,757777,971730,1166418,23973,859645,1135435
471160,471692,Auto,9584.0,1908953,866072,890747,404402,2598327,833404,307322,1255254,921660,823112,875528,999775,126669,1612103,444839,757777,971730,1166418,23973,859645,1135435
462509,472500,Chaotic Spring (dot),5137.0,1908953,866072,895884,404402,2598327,833404,307322,1255254,921660,823112,875528,999775,126669,1612103,444839,757777,971730,1166418,23973,859645,1135435
472509,473449,Lance Barrage,38838.0,1908953,866072,895884,404402,2598327,833404,307322,1255254,921660,861950,875528,999775,126669,1612103,444839,757777,971730,1166418,23973,859645,1135435
473960,474492,Auto,9584.0,1918537,866072,895884,404402,2598327,833404,307322,1255254,921660,861950,875528,999775,126669,1612103,444839,757777,971730,1166418,23973,859645,1135435
462509,475500,Chaotic Spring (dot),5137.0,1918537,866072,901021,404402,2598327,833404,307322,1255254,921660,861950,875528,999775,126669,1612103,444839,757777,971730,1166418,23973,859645,1135435
475010,475720,Heavens' Thrust,52546.0,1918537,866072,901021,404402,2598327,833404,307322,1307800,921660,861950,875528,999775,126669,1612103,444839,757777,971730,1166418,23973,859645,1135435
476760,477292,Auto,9584.0,1928121,866072,901021,404402,2598327,833404,307322,1307800,921660,861950,875528,999775,126669,1612103,444839,757777,971730,1166418,23973,859645,1135435
477510,478130,Fang and Claw,38838.0,1928121,866072,901021,404402,2598327,872242,307322,1307800,921660,861950,875528,999775,126669,1612103,444839,757777,971730,1166418,23973,859645,1135435
462509,478500,Chaotic Spring (dot),5137.0,1928121,866072,906158,404402,2598327,872242,307322,1307800,921660,861950,875528,999775,126669,1612103,444839,757777,971730,1166418,23973,859645,1135435
479560,480092,Auto,9584.0,1937705,866072,906158,404402,2598327,872242,307322,1307800,921660,861950,875528,999775,126669,1612103,444839,757777,971730,1166418,23973,859645,1135435
480010,480630,Drakesbane,52546.0,1937705,866072,906158,404402,2650873,872242,307322,1307800,921660,861950,875528,999775,126669,1612103,444839,757777,971730,1166418,23973,859645,1135435
462509,481500,Chaotic Spring (dot),5137.0,1937705,866072,911295,404402,2650873,872242,307322,1307800,921660,861950,875528,999775,126669,1612103,444839,757777,971730,1166418,23973,859645,1135435
482360,482892,Auto,9619.0,1947324,866072,911295,404402,2650873,872242,307322,1307800,921660,861950,875528,999775,126669,1612103,444839,757777,971730,1166418,23973,859645,1135435
482510,483130,Raiden Thrust,36689.0,1947324,866072,911295,404402,2650873,872242,307322,1307800,921660,861950,875528,999775,126669,1648792,444839,757777,971730,1166418,23973,859645,1135435
462509,484500,Chaotic Spring (dot),5137.0,1947324,866072,916432,404402,2650873,872242,307322,1307800,921660,861950,875528,999775,126669,1648792,444839,757777,971730,1166418,23973,859645,1135435
485160,485692,Auto,9619.0,1956943,866072,916432,404402,2650873,872242,307322,1307800,921660,861950,875528,999775,126669,1648792,444839,757777,971730,1166418,23973,859645,1135435
485010,486390,Spiral Blow,34396.0,1956943,866072,916432,404402,2650873,872242,307322,1307800,921660,861950,875528,999775,126669,1648792,444839,792173,971730,1166418,23973,859645,1135435
486870,487540,Geirskogul,41345.0,1956943,866072,916432,404402,2650873,872242,348667,1307800,921660,861950,875528,999775,126669,1648792,444839,792173,971730,1166418,23973,859645,1135435
487510,487960,Chaotic Spring,66690.0,1956943,932762,916432,404402,2650873,872242,348667,1307800,921660,861950,875528,999775,126669,1648792,444839,792173,971730,1166418,23973,859645,1135435
487960,488492,Auto,16457.0,1973400,932762,916432,404402,2650873,872242,348667,1307800,921660,861950,875528,999775,126669,1648792,444839,792173,971730,1166418,23973,859645,1135435
488130,489330,Wyrmwind Thrust,86307.0,1973400,932762,916432,404402,2650873,872242,348667,1307800,921660,861950,875528,999775,126669,1648792,444839,792173,971730,1166418,23973,859645,1221742
488750,489510,Nastrond,141232.0,1973400,932762,916432,404402,2650873,872242,348667,1307800,921660,861950,875528,1141007,126669,1648792,444839,792173,971730,1166418,23973,859645,1221742
487510,490500,Chaotic Spring (dot),8821.0,1973400,932762,925253,404402,2650873,872242,348667,1307800,921660,861950,875528,1141007,126669,1648792,444839,792173,971730,1166418,23973,859645,1221742
490010,490630,Wheeling Thrust,66690.0,1973400,932762,925253,404402,2650873,872242,348667,1307800,921660,861950,875528,1141007,126669,1648792,444839,792173,971730,1166418,23973,926335,1221742
490630,491120,High Jump,78462.0,1973400,932762,925253,404402,2650873,872242,348667,1307800,1000122,861950,875528,1141007,126669,1648792,444839,792173,971730,1166418,23973,926335,1221742
490760,491292,Auto,16457.0,1989857,932762,925253,404402,2650873,872242,348667,1307800,1000122,861950,875528,1141007,126669,1648792,444839,792173,971730,1166418,23973,926335,1221742
492510,493130,Drakesbane,127348.0,1989857,932762,925253,404402,2778221,872242,348667,1307800,1000122,861950,875528,1141007,126669,1648792,444839,792173,971730,1166418,23973,926335,1221742
487510,493500,Chaotic Spring (dot),8821.0,1989857,932762,934074,404402,2778221,872242,348667,1307800,1000122,861950,875528,1141007,126669,1648792,444839,792173,971730,1166418,23973,926335,1221742
493130,493930,Dragonfire Dive,98080.0,1989857,932762,934074,502482,2778221,872242,348667,1307800,1000122,861950,875528,1141007,126669,1648792,444839,792173,971730,1166418,23973,926335,1221742
493560,494092,Auto,16457.0,2006314,932762,934074,502482,2778221,872242,348667,1307800,1000122,861950,875528,1141007,126669,1648792,444839,792173,971730,1166418,23973,926335,1221742
493930,494730,Mirage Dive,74534.0,2006314,932762,934074,502482,2778221,872242,348667,1307800,1000122,861950,950062,1141007,126669,1648792,444839,792173,971730,1166418,23973,926335,1221742
495010,495630,Raiden Thrust,62766.0,2006314,932762,934074,502482,2778221,872242,348667,1307800,1000122,861950,950062,1141007,126669,1711558,444839,792173,971730,1166418,23973,926335,1221742
487510,496500,Chaotic Spring (dot),8821.0,2006314,932762,942895,502482,2778221,872242,348667,1307800,1000122,861950,950062,1141007,126669,1711558,444839,792173,971730,1166418,23973,926335,1221742
496360,496892,Auto,16457.0,2022771,932762,942895,502482,2778221,872242,348667,1307800,1000122,861950,950062,1141007,126669,1711558,444839,792173,971730,1166418,23973,926335,1221742
495630,496920,Stardiver,164772.0,2022771,932762,942895,502482,2778221,872242,348667,1307800,1000122,861950,950062,1141007,126669,1711558,444839,792173,971730,1331190,23973,926335,1221742
497510,498450,Lance Barrage,66690.0,2022771,932762,942895,502482,2778221,872242,348667,1307800,1000122,928640,950062,1141007,126669,1711558,444839,792173,971730,1331190,23973,926335,1221742
498130,499110,Starcross,137313.0,2022771,932762,942895,502482,2778221,872242,348667,1307800,1000122,928640,950062,1141007,126669,1711558,444839,792173,1109043,1331190,23973,926335,1221742
487510,499500,Chaotic Spring (dot),8821.0,2022771,932762,951716,502482,2778221,872242,348667,1307800,1000122,928640,950062,1141007,126669,1711558,444839,792173,1109043,1331190,23973,926335,1221742
499160,499692,Auto,16457.0,2039228,932762,951716,502482,2778221,872242,348667,1307800,1000122,928640,950062,1141007,126669,1711558,444839,792173,1109043,1331190,23973,926335,1221742
500010,500720,Heavens' Thrust,127348.0,2039228,932762,951716,502482,2778221,872242,348667,1435148,1000122,928640,950062,1141007,126669,1711558,444839,792173,1109043,1331190,23973,926335,1221742
500630,501790,Rise of the Dragon,107882.0,2039228,932762,951716,502482,2778221,872242,348667,1435148,1000122,928640,950062,1141007,126669,1711558,552721,792173,1109043,1331190,23973,926335,1221742
501960,502492,Auto,16457.0,2055685,932762,951716,502482,2778221,872242,348667,1435148,1000122,928640,950062,1141007,126669,1711558,552721,792173,1109043,1331190,23973,926335,1221742
487510,502500,Chaotic Spring (dot),8821.0,2055685,932762,960537,502482,2778221,872242,348667,1435148,1000122,928640,950062,1141007,126669,1711558,552721,792173,1109043,1331190,23973,926335,1221742
502510,503130,Fang and Claw,66690.0,2055685,932762,960537,502482,2778221,938932,348667,1435148,1000122,928640,950062,1141007,126669,1711558,552721,792173,1109043,1331190,23973,926335,1221742
504760,505292,Auto,16457.0,2072142,932762,960537,502482,2778221,938932,348667,1435148,1000122,928640,950062,1141007,126669,1711558,552721,792173,1109043,1331190,23973,926335,1221742
487510,505500,Chaotic Spring (dot),8821.0,2072142,932762,969358,502482,2778221,938932,348667,1435148,1000122,928640,950062,1141007,126669,1711558,552721,792173,1109043,1331190,23973,926335,1221742
505010,505630,Drakesbane,90228.0,2072142,932762,969358,502482,2868449,938932,348667,1435148,1000122,928640,950062,1141007,126669,1711558,552721,792173,1109043,1331190,23973,926335,1221742
507560,508092,Auto,9619.0,2081761,932762,969358,502482,2868449,938932,348667,1435148,1000122,928640,950062,1141007,126669,1711558,552721,792173,1109043,1331190,23973,926335,1221742
507510,508130,Raiden Thrust,36689.0,2081761,932762,969358,502482,2868449,938932,348667,1435148,1000122,928640,950062,1141007,126669,1748247,552721,792173,1109043,1331190,23973,926335,1221742
487510,508500,Chaotic Spring (dot),8821.0,2081761,932762,978179,502482,2868449,938932,348667,1435148,1000122,928640,950062,1141007,126669,1748247,552721,792173,1109043,1331190,23973,926335,1221742
508130,509330,Wyrmwind Thrust,50449.0,2081761,932762,978179,502482,2868449,938932,348667,1435148,1000122,928640,950062,1141007,126669,1748247,552721,792173,1109043,1331190,23973,926335,1272191
510360,510892,Auto,9619.0,2091380,932762,978179,502482,2868449,938932,348667,1435148,1000122,928640,950062,1141007,126669,1748247,552721,792173,1109043,1331190,23973,926335,1272191
510010,511390,Spiral Blow,34396.0,2091380,932762,978179,502482,2868449,938932,348667,1435148,1000122,928640,950062,1141007,126669,1748247,552721,826569,1109043,1331190,23973,926335,1272191
487510,511500,Chaotic Spring (dot),8821.0,2091380,932762,987000,502482,2868449,938932,348667,1435148,1000122,928640,950062,1141007,126669,1748247,552721,826569,1109043,1331190,23973,926335,1272191
512510,512960,Chaotic Spring,38982.0,2091380,971744,987000,502482,2868449,938932,348667,1435148,1000122,928640,950062,1141007,126669,1748247,552721,826569,1109043,1331190,23973,926335,1272191
513160,513692,Auto,9619.0,2100999,971744,987000,502482,2868449,938932,348667,1435148,1000122,928640,950062,1141007,126669,1748247,552721,826569,1109043,1331190,23973,926335,1272191
512510,514500,Chaotic Spring (dot),5156.0,2100999,971744,992156,502482,2868449,938932,348667,1435148,1000122,928640,950062,1141007,126669,1748247,552721,826569,1109043,1331190,23973,926335,1272191
515010,515630,Wheeling Thrust,38982.0,2100999,971744,992156,502482,2868449,938932,348667,1435148,1000122,928640,950062,1141007,126669,1748247,552721,826569,1109043,1331190,23973,965317,1272191
515960,516492,Auto,9619.0,2110618,971744,992156,502482,2868449,938932,348667,1435148,1000122,928640,950062,1141007,126669,1748247,552721,826569,1109043,1331190,23973,965317,1272191
512510,517500,Chaotic Spring (dot),5156.0,2110618,971744,997312,502482,2868449,938932,348667,1435148,1000122,928640,950062,1141007,126669,1748247,552721,826569,1109043,1331190,23973,965317,1272191
517510,518130,Drakesbane,52741.0,2110618,971744,997312,502482,2921190,938932,348667,1435148,1000122,928640,950062,1141007,126669,1748247,552721,826569,1109043,1331190,23973,965317,1272191
518760,519292,Auto,9619.0,2120237,971744,997312,502482,2921190,938932,348667,1435148,1000122,928640,950062,1141007,126669,1748247,552721,826569,1109043,1331190,23973,965317,1272191
512510,520500,Chaotic Spring (dot),5156.0,2120237,971744,1002468,502482,2921190,938932,348667,1435148,1000122,928640,950062,1141007,126669,1748247,552721,826569,1109043,1331190,23973,965317,1272191
520010,520630,Raiden Thrust,36689.0,2120237,971744,1002468,502482,2921190,938932,348667,1435148,1000122,928640,950062,1141007,126669,1784936,552721,826569,1109043,1331190,23973,965317,1272191
520630,521120,High Jump,45864.0,2120237,971744,1002468,502482,2921190,938932,348667,1435148,1045986,928640,950062,1141007,126669,1784936,552721,826569,1109043,1331190,23973,965317,1272191
521560,522092,Auto,9619.0,2129856,971744,1002468,502482,2921190,938932,348667,1435148,1045986,928640,950062,1141007,126669,1784936,552721,826569,1109043,1331190,23973,965317,1272191
521429,522229,Mirage Dive,43568.0,2129856,971744,1002468,502482,2921190,938932,348667,1435148,1045986,928640,993630,1141007,126669,1784936,552721,826569,1109043,1331190,23973,965317,1272191
522510,523450,Lance Barrage,38982.0,2129856,971744,1002468,502482,2921190,938932,348667,1435148,1045986,967622,993630,1141007,126669,1784936,552721,826569,1109043,1331190,23973,965317,1272191
512510,523500,Chaotic Spring (dot),5156.0,2129856,971744,1007624,502482,2921190,938932,348667,1435148,1045986,967622,993630,1141007,126669,1784936,552721,826569,1109043,1331190,23973,965317,1272191
524360,524892,Auto,9619.0,2139475,971744,1007624,502482,2921190,938932,348667,1435148,1045986,967622,993630,1141007,126669,1784936,552721,826569,1109043,1331190,23973,965317,1272191
525011,525721,Heavens' Thrust,52704.0,2139475,971744,1007624,502482,2921190,938932,348667,1487852,1045986,967622,993630,1141007,126669,1784936,552721,826569,1109043,1331190,23973,965317,1272191
512510,526500,Chaotic Spring (dot),5156.0,2139475,971744,1012780,502482,2921190,938932,348667,1487852,1045986,967622,993630,1141007,126669,1784936,552721,826569,1109043,1331190,23973,965317,1272191
527160,527692,Auto,9612.0,2149087,971744,1012780,502482,2921190,938932,348667,1487852,1045986,967622,993630,1141007,126669,1784936,552721,826569,1109043,1331190,23973,965317,1272191
527511,528131,Fang and Claw,38955.0,2149087,971744,1012780,502482,2921190,977887,348667,1487852,1045986,967622,993630,1141007,126669,1784936,552721,826569,1109043,1331190,23973,965317,1272191
512510,529500,Chaotic Spring (dot),5156.0,2149087,971744,1017936,502482,2921190,977887,348667,1487852,1045986,967622,993630,1141007,126669,1784936,552721,826569,1109043,1331190,23973,965317,1272191
529960,530492,Auto,9612.0,2158699,971744,1017936,502482,2921190,977887,348667,1487852,1045986,967622,993630,1141007,126669,1784936,552721,826569,1109043,1331190,23973,965317,1272191
530011,530631,Drakesbane,52704.0,2158699,971744,1017936,502482,2973894,977887,348667,1487852,1045986,967622,993630,1141007,126669,1784936,552721,826569,1109043,1331190,23973,965317,1272191
512510,532500,Chaotic Spring (dot),5156.0,2158699,971744,1023092,502482,2973894,977887,348667,1487852,1045986,967622,993630,1141007,126669,1784936,552721,826569,1109043,1331190,23973,965317,1272191
532511,533131,Raiden Thrust,36664.0,2158699,971744,1023092,502482,2973894,977887,348667,1487852,1045986,967622,993630,1141007,126669,1821600,552721,826569,1109043,1331190,23973,965317,1272191
532760,533292,Auto,9612.0,2168311,971744,1023092,502482,2973894,977887,348667,1487852,1045986,967622,993630,1141007,126669,1821600,552721,826569,1109043,1331190,23973,965317,1272191
512510,535500,Chaotic Spring (dot),5156.0,2168311,971744,1028248,502482,2973894,977887,348667,1487852,1045986,967622,993630,1141007,126669,1821600,552721,826569,1109043,1331190,23973,965317,1272191
535560,536092,Auto,9612.0,2177923,971744,1028248,502482,2973894,977887,348667,1487852,1045986,967622,993630,1141007,126669,1821600,552721,826569,1109043,1331190,23973,965317,1272191
535011,536391,Spiral Blow,34372.0,2177923,971744,1028248,502482,2973894,977887,348667,1487852,1045986,967622,993630,1141007,126669,1821600,552721,860941,1109043,1331190,23973,965317,1272191
537511,537961,Chaotic Spring,38955.0,2177923,1010699,1028248,502482,2973894,977887,348667,1487852,1045986,967622,993630,1141007,126669,1821600,552721,860941,1109043,1331190,23973,965317,1272191
537511,538500,Chaotic Spring (dot),5153.0,2177923,1010699,1033401,502482,2973894,977887,348667,1487852,1045986,967622,993630,1141007,126669,1821600,552721,860941,1109043,1331190,23973,965317,1272191
538360,538892,Auto,9612.0,2187535,1010699,1033401,502482,2973894,977887,348667,1487852,1045986,967622,993630,1141007,126669,1821600,552721,860941,1109043,1331190,23973,965317,1272191
540011,540631,Wheeling Thrust,38955.0,2187535,1010699,1033401,502482,2973894,977887,348667,1487852,1045986,967622,993630,1141007,126669,1821600,552721,860941,1109043,1331190,23973,1004272,1272191
537511,541500,Chaotic Spring (dot),5153.0,2187535,1010699,1038554,502482,2973894,977887,348667,1487852,1045986,967622,993630,1141007,126669,1821600,552721,860941,1109043,1331190,23973,1004272,1272191
541160,541692,Auto,9612.0,2197147,1010699,1038554,502482,2973894,977887,348667,1487852,1045986,967622,993630,1141007,126669,1821600,552721,860941,1109043,1331190,23973,1004272,1272191
542511,543131,Drakesbane,52704.0,2197147,1010699,1038554,502482,3026598,977887,348667,1487852,1045986,967622,993630,1141007,126669,1821600,552721,860941,1109043,1331190,23973,1004272,1272191
543131,544331,Wyrmwind Thrust,50414.0,2197147,1010699,1038554,502482,3026598,977887,348667,1487852,1045986,967622,993630,1141007,126669,1821600,552721,860941,1109043,1331190,23973,1004272,1322605
543960,544492,Auto,9612.0,2206759,1010699,1038554,502482,3026598,977887,348667,1487852,1045986,967622,993630,1141007,126669,1821600,552721,860941,1109043,1331190,23973,1004272,1322605
537511,544500,Chaotic Spring (dot),5153.0,2206759,1010699,1043707,502482,3026598,977887,348667,1487852,1045986,967622,993630,1141007,126669,1821600,552721,860941,1109043,1331190,23973,1004272,1322605
545011,545631,Raiden Thrust,36664.0,2206759,1010699,1043707,502482,3026598,977887,348667,1487852,1045986,967622,993630,1141007,126669,1858264,552721,860941,1109043,1331190,23973,1004272,1322605
546760,547292,Auto,9612.0,2216371,1010699,1043707,502482,3026598,977887,348667,1487852,1045986,967622,993630,1141007,126669,1858264,552721,860941,1109043,1331190,23973,1004272,1322605
537511,547500,Chaotic Spring (dot),5153.0,2216371,1010699,1048860,502482,3026598,977887,348667,1487852,1045986,967622,993630,1141007,126669,1858264,552721,860941,1109043,1331190,23973,1004272,1322605
546870,547540,Geirskogul,32079.0,2216371,1010699,1048860,502482,3026598,977887,380746,1487852,1045986,967622,993630,1141007,126669,1858264,552721,860941,1109043,1331190,23973,1004272,1322605
547511,548451,Lance Barrage,49278.0,2216371,1010699,1048860,502482,3026598,977887,380746,1487852,1045986,1016900,993630,1141007,126669,1858264,552721,860941,1109043,1331190,23973,1004272,1322605
548131,548891,Nastrond,104360.0,2216371,1010699,1048860,502482,3026598,977887,380746,1487852,1045986,1016900,993630,1245367,126669,1858264,552721,860941,1109043,1331190,23973,1004272,1322605
549560,550092,Auto,12160.0,2228531,1010699,1048860,502482,3026598,977887,380746,1487852,1045986,1016900,993630,1245367,126669,1858264,552721,860941,1109043,1331190,23973,1004272,1322605
537511,550500,Chaotic Spring (dot),5153.0,2228531,1010699,1054013,502482,3026598,977887,380746,1487852,1045986,1016900,993630,1245367,126669,1858264,552721,860941,1109043,1331190,23973,1004272,1322605
550011,550721,Heavens' Thrust,92393.0,2228531,1010699,1054013,502482,3026598,977887,380746,1580245,1045986,1016900,993630,1245367,126669,1858264,552721,860941,1109043,1331190,23973,1004272,1322605
550631,551121,High Jump,57978.0,2228531,1010699,1054013,502482,3026598,977887,380746,1580245,1103964,1016900,993630,1245367,126669,1858264,552721,860941,1109043,1331190,23973,1004272,1322605
551431,552231,Mirage Dive,55075.0,2228531,1010699,1054013,502482,3026598,977887,380746,1580245,1103964,1016900,1048705,1245367,126669,1858264,552721,860941,1109043,1331190,23973,1004272,1322605
552360,552892,Auto,12160.0,2240691,1010699,1054013,502482,3026598,977887,380746,1580245,1103964,1016900,1048705,1245367,126669,1858264,552721,860941,1109043,1331190,23973,1004272,1322605
552511,553131,Fang and Claw,49278.0,2240691,1010699,1054013,502482,3026598,1027165,380746,1580245,1103964,1016900,1048705,1245367,126669,1858264,552721,860941,1109043,1331190,23973,1004272,1322605
537511,553500,Chaotic Spring (dot),5153.0,2240691,1010699,1059166,502482,3026598,1027165,380746,1580245,1103964,1016900,1048705,1245367,126669,1858264,552721,860941,1109043,1331190,23973,1004272,1322605
553131,554421,Stardiver,121754.0,2240691,1010699,1059166,502482,3026598,1027165,380746,1580245,1103964,1016900,1048705,1245367,126669,1858264,552721,860941,1109043,1452944,23973,1004272,1322605
555011,555631,Drakesbane,66671.0,2240691,1010699,1059166,502482,3093269,1027165,380746,1580245,1103964,1016900,1048705,1245367,126669,1858264,552721,860941,1109043,1452944,23973,1004272,1322605
555160,555692,Auto,12160.0,2252851,1010699,1059166,502482,3093269,1027165,380746,1580245,1103964,1016900,1048705,1245367,126669,1858264,552721,860941,1109043,1452944,23973,1004272,1322605
537511,556500,Chaotic Spring (dot),5153.0,2252851,1010699,1064319,502482,3093269,1027165,380746,1580245,1103964,1016900,1048705,1245367,126669,1858264,552721,860941,1109043,1452944,23973,1004272,1322605
555631,556611,Starcross,101464.0,2252851,1010699,1064319,502482,3093269,1027165,380746,1580245,1103964,1016900,1048705,1245367,126669,1858264,552721,860941,1210507,1452944,23973,1004272,1322605
557511,558131,Raiden Thrust,46380.0,2252851,1010699,1064319,502482,3093269,1027165,380746,1580245,1103964,1016900,1048705,1245367,126669,1904644,552721,860941,1210507,1452944,23973,1004272,1322605
557960,558492,Auto,12160.0,2265011,1010699,1064319,502482,3093269,1027165,380746,1580245,1103964,1016900,1048705,1245367,126669,1904644,552721,860941,1210507,1452944,23973,1004272,1322605
558131,559331,Wyrmwind Thrust,63774.0,2265011,1010699,1064319,502482,3093269,1027165,380746,1580245,1103964,1016900,1048705,1245367,126669,1904644,552721,860941,1210507,1452944,23973,1004272,1386379
537511,559500,Chaotic Spring (dot),5153.0,2265011,1010699,1069472,502482,3093269,1027165,380746,1580245,1103964,1016900,1048705,1245367,126669,1904644,552721,860941,1210507,1452944,23973,1004272,1386379
560760,561292,Auto,12160.0,2277171,1010699,1069472,502482,3093269,1027165,380746,1580245,1103964,1016900,1048705,1245367,126669,1904644,552721,860941,1210507,1452944,23973,1004272,1386379
560011,561391,Spiral Blow,43481.0,2277171,1010699,1069472,502482,3093269,1027165,380746,1580245,1103964,1016900,1048705,1245367,126669,1904644,552721,904422,1210507,1452944,23973,1004272,1386379
562511,562961,Chaotic Spring,49130.0,2277171,1059829,1069472,502482,3093269,1027165,380746,1580245,1103964,1016900,1048705,1245367,126669,1904644,552721,904422,1210507,1452944,23973,1004272,1386379
563560,564092,Auto,12124.0,2289295,1059829,1069472,502482,3093269,1027165,380746,1580245,1103964,1016900,1048705,1245367,126669,1904644,552721,904422,1210507,1452944,23973,1004272,1386379
562511,565500,Chaotic Spring (dot),6499.0,2289295,1059829,1075971,502482,3093269,1027165,380746,1580245,1103964,1016900,1048705,1245367,126669,1904644,552721,904422,1210507,1452944,23973,1004272,1386379
565011,565631,Wheeling Thrust,49130.0,2289295,1059829,1075971,502482,3093269,1027165,380746,1580245,1103964,1016900,1048705,1245367,126669,1904644,552721,904422,1210507,1452944,23973,1053402,1386379
566360,566892,Auto,12124.0,2301419,1059829,1075971,502482,3093269,1027165,380746,1580245,1103964,1016900,1048705,1245367,126669,1904644,552721,904422,1210507,1452944,23973,1053402,1386379
567511,568131,Drakesbane,52546.0,2301419,1059829,1075971,502482,3145815,1027165,380746,1580245,1103964,1016900,1048705,1245367,126669,1904644,552721,904422,1210507,1452944,23973,1053402,1386379
562511,568500,Chaotic Spring (dot),6499.0,2301419,1059829,1082470,502482,3145815,1027165,380746,1580245,1103964,1016900,1048705,1245367,126669,1904644,552721,904422,1210507,1452944,23973,1053402,1386379
569160,569692,Auto,9584.0,2311003,1059829,1082470,502482,3145815,1027165,380746,1580245,1103964,1016900,1048705,1245367,126669,1904644,552721,904422,1210507,1452944,23973,1053402,1386379
570011,570631,Raiden Thrust,36553.0,2311003,1059829,1082470,502482,3145815,1027165,380746,1580245,1103964,1016900,1048705,1245367,126669,1941197,552721,904422,1210507,1452944,23973,1053402,1386379
562511,571500,Chaotic Spring (dot),6499.0,2311003,1059829,1088969,502482,3145815,1027165,380746,1580245,1103964,1016900,1048705,1245367,126669,1941197,552721,904422,1210507,1452944,23973,1053402,1386379
571960,572492,Auto,9584.0,2320587,1059829,1088969,502482,3145815,1027165,380746,1580245,1103964,1016900,1048705,1245367,126669,1941197,552721,904422,1210507,1452944,23973,1053402,1386379
572511,573451,Lance Barrage,38838.0,2320587,1059829,1088969,502482,3145815,1027165,380746,1580245,1103964,1055738,1048705,1245367,126669,1941197,552721,904422,1210507,1452944,23973,1053402,1386379
562511,574500,Chaotic Spring (dot),6499.0,2320587,1059829,1095468,502482,3145815,1027165,380746,1580245,1103964,1055738,1048705,1245367,126669,1941197,552721,904422,1210507,1452944,23973,1053402,1386379
574760,575292,Auto,9584.0,2330171,1059829,1095468,502482,3145815,1027165,380746,1580245,1103964,1055738,1048705,1245367,126669,1941197,552721,904422,1210507,1452944,23973,1053402,1386379
575012,575722,Heavens' Thrust,52546.0,2330171,1059829,1095468,502482,3145815,1027165,380746,1632791,1103964,1055738,1048705,1245367,126669,1941197,552721,904422,1210507,1452944,23973,1053402,1386379
562511,577500,Chaotic Spring (dot),6499.0,2330171,1059829,1101967,502482,3145815,1027165,380746,1632791,1103964,1055738,1048705,1245367,126669,1941197,552721,904422,1210507,1452944,23973,1053402,1386379
577560,578092,Auto,9584.0,2339755,1059829,1101967,502482,3145815,1027165,380746,1632791,1103964,1055738,1048705,1245367,126669,1941197,552721,904422,1210507,1452944,23973,1053402,1386379
577512,578132,Fang and Claw,38838.0,2339755,1059829,1101967,502482,3145815,1066003,380746,1632791,1103964,1055738,1048705,1245367,126669,1941197,552721,904422,1210507,1452944,23973,1053402,1386379
562511,580500,Chaotic Spring (dot),6499.0,2339755,1059829,1108466,502482,3145815,1066003,380746,1632791,1103964,1055738,1048705,1245367,126669,1941197,552721,904422,1210507,1452944,23973,1053402,1386379
580012,580632,Drakesbane,52546.0,2339755,1059829,1108466,502482,3198361,1066003,380746,1632791,1103964,1055738,1048705,1245367,126669,1941197,552721,904422,1210507,1452944,23973,1053402,1386379
580360,580892,Auto,9584.0,2349339,1059829,1108466,502482,3198361,1066003,380746,1632791,1103964,1055738,1048705,1245367,126669,1941197,552721,904422,1210507,1452944,23973,1053402,1386379
580632,581122,High Jump,45694.0,2349339,1059829,1108466,502482,3198361,1066003,380746,1632791,1149658,1055738,1048705,1245367,126669,1941197,552721,904422,1210507,1452944,23973,1053402,1386379
581432,582232,Mirage Dive,43407.0,2349339,1059829,1108466,502482,3198361,1066003,380746,1632791,1149658,1055738,1092112,1245367,126669,1941197,552721,904422,1210507,1452944,23973,1053402,1386379
582512,583132,Raiden Thrust,36553.0,2349339,1059829,1108466,502482,3198361,1066003,380746,1632791,1149658,1055738,1092112,1245367,126669,1977750,552721,904422,1210507,1452944,23973,1053402,1386379
562511,583500,Chaotic Spring (dot),6499.0,2349339,1059829,1114965,502482,3198361,1066003,380746,1632791,1149658,1055738,1092112,1245367,126669,1977750,552721,904422,1210507,1452944,23973,1053402,1386379
583160,583692,Auto,9584.0,2358923,1059829,1114965,502482,3198361,1066003,380746,1632791,1149658,1055738,1092112,1245367,126669,1977750,552721,904422,1210507,1452944,23973,1053402,1386379
583132,584332,Wyrmwind Thrust,50262.0,2358923,1059829,1114965,502482,3198361,1066003,380746,1632791,1149658,1055738,1092112,1245367,126669,1977750,552721,904422,1210507,1452944,23973,1053402,1436641
585012,586392,Spiral Blow,34268.0,2358923,1059829,1114965,502482,3198361,1066003,380746,1632791,1149658,1055738,1092112,1245367,126669,1977750,552721,938690,1210507,1452944,23973,1053402,1436641
585960,586492,Auto,9584.0,2368507,1059829,1114965,502482,3198361,1066003,380746,1632791,1149658,1055738,1092112,1245367,126669,1977750,552721,938690,1210507,1452944,23973,1053402,1436641
562511,586500,Chaotic Spring (dot),6499.0,2368507,1059829,1121464,502482,3198361,1066003,380746,1632791,1149658,1055738,1092112,1245367,126669,1977750,552721,938690,1210507,1452944,23973,1053402,1436641
587512,587962,Chaotic Spring,38838.0,2368507,1098667,1121464,502482,3198361,1066003,380746,1632791,1149658,1055738,1092112,1245367,126669,1977750,552721,938690,1210507,1452944,23973,1053402,1436641
588760,589292,Auto,9584.0,2378091,1098667,1121464,502482,3198361,1066003,380746,1632791,1149658,1055738,1092112,1245367,126669,1977750,552721,938690,1210507,1452944,23973,1053402,1436641
587512,589500,Chaotic Spring (dot),5137.0,2378091,1098667,1126601,502482,3198361,1066003,380746,1632791,1149658,1055738,1092112,1245367,126669,1977750,552721,938690,1210507,1452944,23973,1053402,1436641
590012,590632,Wheeling Thrust,38838.0,2378091,1098667,1126601,502482,3198361,1066003,380746,1632791,1149658,1055738,1092112,1245367,126669,1977750,552721,938690,1210507,1452944,23973,1092240,1436641
591560,592092,Auto,9584.0,2387675,1098667,1126601,502482,3198361,1066003,380746,1632791,1149658,1055738,1092112,1245367,126669,1977750,552721,938690,1210507,1452944,23973,1092240,1436641
587512,592500,Chaotic Spring (dot),5137.0,2387675,1098667,1131738,502482,3198361,1066003,380746,1632791,1149658,1055738,1092112,1245367,126669,1977750,552721,938690,1210507,1452944,23973,1092240,1436641
592512,593132,Drakesbane,52546.0,2387675,1098667,1131738,502482,3250907,1066003,380746,1632791,1149658,1055738,1092112,1245367,126669,1977750,552721,938690,1210507,1452944,23973,1092240,1436641
594360,594892,Auto,9584.0,2397259,1098667,1131738,502482,3250907,1066003,380746,1632791,1149658,1055738,1092112,1245367,126669,1977750,552721,938690,1210507,1452944,23973,1092240,1436641
587512,595500,Chaotic Spring (dot),5137.0,2397259,1098667,1136875,502482,3250907,1066003,380746,1632791,1149658,1055738,1092112,1245367,126669,1977750,552721,938690,1210507,1452944,23973,1092240,1436641
595012,595632,Raiden Thrust,36553.0,2397259,1098667,1136875,502482,3250907,1066003,380746,1632791,1149658,1055738,1092112,1245367,126669,2014303,552721,938690,1210507,1452944,23973,1092240,1436641
597160,597692,Auto,9584.0,2406843,1098667,1136875,502482,3250907,1066003,380746,1632791,1149658,1055738,1092112,1245367,126669,2014303,552721,938690,1210507,1452944,23973,1092240,1436641
597512,598452,Lance Barrage,38838.0,2406843,1098667,1136875,502482,3250907,1066003,380746,1632791,1149658,1094576,1092112,1245367,126669,2014303,552721,938690,1210507,1452944,23973,1092240,1436641
587512,598500,Chaotic Spring (dot),5137.0,2406843,1098667,1142012,502482,3250907,1066003,380746,1632791,1149658,1094576,1092112,1245367,126669,2014303,552721,938690,1210507,1452944,23973,1092240,1436641
599960,600492,Auto,9584.0,2416427,1098667,1142012,502482,3250907,1066003,380746,1632791,1149658,1094576,1092112,1245367,126669,2014303,552721,938690,1210507,1452944,23973,1092240,1436641
600012,600722,Heavens' Thrust,52546.0,2416427,1098667,1142012,502482,3250907,1066003,380746,1685337,1149658,1094576,1092112,1245367,126669,2014303,552721,938690,1210507,1452944,23973,1092240,1436641
587512,601500,Chaotic Spring (dot),5137.0,2416427,1098667,1147149,502482,3250907,1066003,380746,1685337,1149658,1094576,1092112,1245367,126669,2014303,552721,938690,1210507,1452944,23973,1092240,1436641
602512,603132,Fang and Claw,38982.0,2416427,1098667,1147149,502482,3250907,1104985,380746,1685337,1149658,1094576,1092112,1245367,126669,2014303,552721,938690,1210507,1452944,23973,1092240,1436641
602760,603292,Auto,9619.0,2426046,1098667,1147149,502482,3250907,1104985,380746,1685337,1149658,1094576,1092112,1245367,126669,2014303,552721,938690,1210507,1452944,23973,1092240,1436641
587512,604500,Chaotic Spring (dot),5137.0,2426046,1098667,1152286,502482,3250907,1104985,380746,1685337,1149658,1094576,1092112,1245367,126669,2014303,552721,938690,1210507,1452944,23973,1092240,1436641
605012,605632,Drakesbane,52741.0,2426046,1098667,1152286,502482,3303648,1104985,380746,1685337,1149658,1094576,1092112,1245367,126669,2014303,552721,938690,1210507,1452944,23973,1092240,1436641
605560,606092,Auto,9619.0,2435665,1098667,1152286,502482,3303648,1104985,380746,1685337,1149658,1094576,1092112,1245367,126669,2014303,552721,938690,1210507,1452944,23973,1092240,1436641
587512,607500,Chaotic Spring (dot),5137.0,2435665,1098667,1157423,502482,3303648,1104985,380746,1685337,1149658,1094576,1092112,1245367,126669,2014303,552721,938690,1210507,1452944,23973,1092240,1436641
606872,607542,Geirskogul,39005.0,2435665,1098667,1157423,502482,3303648,1104985,419751,1685337,1149658,1094576,1092112,1245367,126669,2014303,552721,938690,1210507,1452944,23973,1092240,1436641
607512,608132,Raiden Thrust,62766.0,2435665,1098667,1157423,502482,3303648,1104985,419751,1685337,1149658,1094576,1092112,1245367,126669,2077069,552721,938690,1210507,1452944,23973,1092240,1436641
608360,608892,Auto,16457.0,2452122,1098667,1157423,502482,3303648,1104985,419751,1685337,1149658,1094576,1092112,1245367,126669,2077069,552721,938690,1210507,1452944,23973,1092240,1436641
608132,609332,Wyrmwind Thrust,86307.0,2452122,1098667,1157423,502482,3303648,1104985,419751,1685337,1149658,1094576,1092112,1245367,126669,2077069,552721,938690,1210507,1452944,23973,1092240,1522948
608752,609512,Nastrond,141232.0,2452122,1098667,1157423,502482,3303648,1104985,419751,1685337,1149658,1094576,1092112,1386599,126669,2077069,552721,938690,1210507,1452944,23973,1092240,1522948
587512,610500,Chaotic Spring (dot),5137.0,2452122,1098667,1162560,502482,3303648,1104985,419751,1685337,1149658,1094576,1092112,1386599,126669,2077069,552721,938690,1210507,1452944,23973,1092240,1522948
610632,611122,High Jump,78462.0,2452122,1098667,1162560,502482,3303648,1104985,419751,1685337,1228120,1094576,1092112,1386599,126669,2077069,552721,938690,1210507,1452944,23973,1092240,1522948
610012,611392,Spiral Blow,58843.0,2452122,1098667,1162560,502482,3303648,1104985,419751,1685337,1228120,1094576,1092112,1386599,126669,2077069,552721,997533,1210507,1452944,23973,1092240,1522948
611160,611692,Auto,16457.0,2468579,1098667,1162560,502482,3303648,1104985,419751,1685337,1228120,1094576,1092112,1386599,126669,2077069,552721,997533,1210507,1452944,23973,1092240,1522948
611432,612232,Mirage Dive,74534.0,2468579,1098667,1162560,502482,3303648,1104985,419751,1685337,1228120,1094576,1166646,1386599,126669,2077069,552721,997533,1210507,1452944,23973,1092240,1522948
612512,612962,Chaotic Spring,66690.0,2468579,1165357,1162560,502482,3303648,1104985,419751,1685337,1228120,1094576,1166646,1386599,126669,2077069,552721,997533,1210507,1452944,23973,1092240,1522948
612512,613500,Chaotic Spring (dot),8821.0,2468579,1165357,1171381,502482,3303648,1104985,419751,1685337,1228120,1094576,1166646,1386599,126669,2077069,552721,997533,1210507,1452944,23973,1092240,1522948
613132,613932,Dragonfire Dive,98080.0,2468579,1165357,1171381,600562,3303648,1104985,419751,1685337,1228120,1094576,1166646,1386599,126669,2077069,552721,997533,1210507,1452944,23973,1092240,1522948
613960,614492,Auto,16457.0,2485036,1165357,1171381,600562,3303648,1104985,419751,1685337,1228120,1094576,1166646,1386599,126669,2077069,552721,997533,1210507,1452944,23973,1092240,1522948
613932,615092,Rise of the Dragon,107882.0,2485036,1165357,1171381,600562,3303648,1104985,419751,1685337,1228120,1094576,1166646,1386599,126669,2077069,660603,997533,1210507,1452944,23973,1092240,1522948
615012,615632,Wheeling Thrust,66690.0,2485036,1165357,1171381,600562,3303648,1104985,419751,1685337,1228120,1094576,1166646,1386599,126669,2077069,660603,997533,1210507,1452944,23973,1158930,1522948
612512,616500,Chaotic Spring (dot),8821.0,2485036,1165357,1180202,600562,3303648,1104985,419751,1685337,1228120,1094576,1166646,1386599,126669,2077069,660603,997533,1210507,1452944,23973,1158930,1522948
616760,617292,Auto,16457.0,2501493,1165357,1180202,600562,3303648,1104985,419751,1685337,1228120,1094576,1166646,1386599,126669,2077069,660603,997533,1210507,1452944,23973,1158930,1522948
617512,618132,Drakesbane,127348.0,2501493,1165357,1180202,600562,3430996,1104985,419751,1685337,1228120,1094576,1166646,1386599,126669,2077069,660603,997533,1210507,1452944,23973,1158930,1522948
618132,619422,Stardiver,164772.0,2501493,1165357,1180202,600562,3430996,1104985,419751,1685337,1228120,1094576,1166646,1386599,126669,2077069,660603,997533,1210507,1617716,23973,1158930,1522948
612512,619500,Chaotic Spring (dot),8821.0,2501493,1165357,1189023,600562,3430996,1104985,419751,1685337,1228120,1094576,1166646,1386599,126669,2077069,660603,997533,1210507,1617716,23973,1158930,1522948
619560,620092,Auto,16457.0,2517950,1165357,1189023,600562,3430996,1104985,419751,1685337,1228120,1094576,1166646,1386599,126669,2077069,660603,997533,1210507,1617716,23973,1158930,1522948
620012,620632,Raiden Thrust,62766.0,2517950,1165357,1189023,600562,3430996,1104985,419751,1685337,1228120,1094576,1166646,1386599,126669,2139835,660603,997533,1210507,1617716,23973,1158930,1522948
620632,621612,Starcross,137313.0,2517950,1165357,1189023,600562,3430996,1104985,419751,1685337,1228120,1094576,1166646,1386599,126669,2139835,660603,997533,1347820,1617716,23973,1158930,1522948
612512,622500,Chaotic Spring (dot),8821.0,2517950,1165357,1197844,600562,3430996,1104985,419751,1685337,1228120,1094576,1166646,1386599,126669,2139835,660603,997533,1347820,1617716,23973,1158930,1522948
622360,622892,Auto,16457.0,2534407,1165357,1197844,600562,3430996,1104985,419751,1685337,1228120,1094576,1166646,1386599,126669,2139835,660603,997533,1347820,1617716,23973,1158930,1522948
622512,623452,Lance Barrage,66690.0,2534407,1165357,1197844,600562,3430996,1104985,419751,1685337,1228120,1161266,1166646,1386599,126669,2139835,660603,997533,1347820,1617716,23973,1158930,1522948
612512,625500,Chaotic Spring (dot),8821.0,2534407,1165357,1206665,600562,3430996,1104985,419751,1685337,1228120,1161266,1166646,1386599,126669,2139835,660603,997533,1347820,1617716,23973,1158930,1522948
625160,625692,Auto,16457.0,2550864,1165357,1206665,600562,3430996,1104985,419751,1685337,1228120,1161266,1166646,1386599,126669,2139835,660603,997533,1347820,1617716,23973,1158930,1522948
625013,625723,Heavens' Thrust,127348.0,2550864,1165357,1206665,600562,3430996,1104985,419751,1812685,1228120,1161266,1166646,1386599,126669,2139835,660603,997533,1347820,1617716,23973,1158930,1522948
627513,628133,Fang and Claw,38982.0,2550864,1165357,1206665,600562,3430996,1143967,419751,1812685,1228120,1161266,1166646,1386599,126669,2139835,660603,997533,1347820,1617716,23973,1158930,1522948
627960,628492,Auto,9619.0,2560483,1165357,1206665,600562,3430996,1143967,419751,1812685,1228120,1161266,1166646,1386599,126669,2139835,660603,997533,1347820,1617716,23973,1158930,1522948
612512,628500,Chaotic Spring (dot),8821.0,2560483,1165357,1215486,600562,3430996,1143967,419751,1812685,1228120,1161266,1166646,1386599,126669,2139835,660603,997533,1347820,1617716,23973,1158930,1522948
630013,630633,Drakesbane,52741.0,2560483,1165357,1215486,600562,3483737,1143967,419751,1812685,1228120,1161266,1166646,1386599,126669,2139835,660603,997533,1347820,1617716,23973,1158930,1522948
630760,631292,Auto,9619.0,2570102,1165357,1215486,600562,3483737,1143967,419751,1812685,1228120,1161266,1166646,1386599,126669,2139835,660603,997533,1347820,1617716,23973,1158930,1522948
612512,631500,Chaotic Spring (dot),8821.0,2570102,1165357,1224307,600562,3483737,1143967,419751,1812685,1228120,1161266,1166646,1386599,126669,2139835,660603,997533,1347820,1617716,23973,1158930,1522948
632513,633133,Raiden Thrust,36689.0,2570102,1165357,1224307,600562,3483737,1143967,419751,1812685,1228120,1161266,1166646,1386599,126669,2176524,660603,997533,1347820,1617716,23973,1158930,1522948
633560,634092,Auto,9619.0,2579721,1165357,1224307,600562,3483737,1143967,419751,1812685,1228120,1161266,1166646,1386599,126669,2176524,660603,997533,1347820,1617716,23973,1158930,1522948
633133,634333,Wyrmwind Thrust,50449.0,2579721,1165357,1224307,600562,3483737,1143967,419751,1812685,1228120,1161266,1166646,1386599,126669,2176524,660603,997533,1347820,1617716,23973,1158930,1573397
612512,634500,Chaotic Spring (dot),8821.0,2579721,1165357,1233128,600562,3483737,1143967,419751,1812685,1228120,1161266,1166646,1386599,126669,2176524,660603,997533,1347820,1617716,23973,1158930,1573397
635013,636393,Spiral Blow,34396.0,2579721,1165357,1233128,600562,3483737,1143967,419751,1812685,1228120,1161266,1166646,1386599,126669,2176524,660603,1031929,1347820,1617716,23973,1158930,1573397
636360,636892,Auto,9619.0,2589340,1165357,1233128,600562,3483737,1143967,419751,1812685,1228120,1161266,1166646,1386599,126669,2176524,660603,1031929,1347820,1617716,23973,1158930,1573397
637513,637963,Chaotic Spring,38982.0,2589340,1204339,1233128,600562,3483737,1143967,419751,1812685,1228120,1161266,1166646,1386599,126669,2176524,660603,1031929,1347820,1617716,23973,1158930,1573397
639160,639692,Auto,9619.0,2598959,1204339,1233128,600562,3483737,1143967,419751,1812685,1228120,1161266,1166646,1386599,126669,2176524,660603,1031929,1347820,1617716,23973,1158930,1573397
637513,640500,Chaotic Spring (dot),5156.0,2598959,1204339,1238284,600562,3483737,1143967,419751,1812685,1228120,1161266,1166646,1386599,126669,2176524,660603,1031929,1347820,1617716,23973,1158930,1573397
640013,640633,Wheeling Thrust,38982.0,2598959,1204339,1238284,600562,3483737,1143967,419751,1812685,1228120,1161266,1166646,1386599,126669,2176524,660603,1031929,1347820,1617716,23973,1197912,1573397
640633,641123,High Jump,45864.0,2598959,1204339,1238284,600562,3483737,1143967,419751,1812685,1273984,1161266,1166646,1386599,126669,2176524,660603,1031929,1347820,1617716,23973,1197912,1573397
641433,642233,Mirage Dive,43568.0,2598959,1204339,1238284,600562,3483737,1143967,419751,1812685,1273984,1161266,1210214,1386599,126669,2176524,660603,1031929,1347820,1617716,23973,1197912,1573397
641960,642492,Auto,9619.0,2608578,1204339,1238284,600562,3483737,1143967,419751,1812685,1273984,1161266,1210214,1386599,126669,2176524,660603,1031929,1347820,1617716,23973,1197912,1573397
642513,643133,Drakesbane,52741.0,2608578,1204339,1238284,600562,3536478,1143967,419751,1812685,1273984,1161266,1210214,1386599,126669,2176524,660603,1031929,1347820,1617716,23973,1197912,1573397
637513,643500,Chaotic Spring (dot),5156.0,2608578,1204339,1243440,600562,3536478,1143967,419751,1812685,1273984,1161266,1210214,1386599,126669,2176524,660603,1031929,1347820,1617716,23973,1197912,1573397
644760,645292,Auto,9619.0,2618197,1204339,1243440,600562,3536478,1143967,419751,1812685,1273984,1161266,1210214,1386599,126669,2176524,660603,1031929,1347820,1617716,23973,1197912,1573397
645013,645633,Raiden Thrust,36689.0,2618197,1204339,1243440,600562,3536478,1143967,419751,1812685,1273984,1161266,1210214,1386599,126669,2213213,660603,1031929,1347820,1617716,23973,1197912,1573397
637513,646500,Chaotic Spring (dot),5156.0,2618197,1204339,1248596,600562,3536478,1143967,419751,1812685,1273984,1161266,1210214,1386599,126669,2213213,660603,1031929,1347820,1617716,23973,1197912,1573397
647560,648092,Auto,9612.0,2627809,1204339,1248596,600562,3536478,1143967,419751,1812685,1273984,1161266,1210214,1386599,126669,2213213,660603,1031929,1347820,1617716,23973,1197912,1573397
647513,648453,Lance Barrage,38955.0,2627809,1204339,1248596,600562,3536478,1143967,419751,1812685,1273984,1200221,1210214,1386599,126669,2213213,660603,1031929,1347820,1617716,23973,1197912,1573397
637513,649500,Chaotic Spring (dot),5156.0,2627809,1204339,1253752,600562,3536478,1143967,419751,1812685,1273984,1200221,1210214,1386599,126669,2213213,660603,1031929,1347820,1617716,23973,1197912,1573397
650013,650723,Heavens' Thrust,52704.0,2627809,1204339,1253752,600562,3536478,1143967,419751,1865389,1273984,1200221,1210214,1386599,126669,2213213,660603,1031929,1347820,1617716,23973,1197912,1573397
650360,650892,Auto,9612.0,2637421,1204339,1253752,600562,3536478,1143967,419751,1865389,1273984,1200221,1210214,1386599,126669,2213213,660603,1031929,1347820,1617716,23973,1197912,1573397
637513,652500,Chaotic Spring (dot),5156.0,2637421,1204339,1258908,600562,3536478,1143967,419751,1865389,1273984,1200221,1210214,1386599,126669,2213213,660603,1031929,1347820,1617716,23973,1197912,1573397
652513,653133,Fang and Claw,38955.0,2637421,1204339,1258908,600562,3536478,1182922,419751,1865389,1273984,1200221,1210214,1386599,126669,2213213,660603,1031929,1347820,1617716,23973,1197912,1573397
653160,653692,Auto,9612.0,2647033,1204339,1258908,600562,3536478,1182922,419751,1865389,1273984,1200221,1210214,1386599,126669,2213213,660603,1031929,1347820,1617716,23973,1197912,1573397
637513,655500,Chaotic Spring (dot),5156.0,2647033,1204339,1264064,600562,3536478,1182922,419751,1865389,1273984,1200221,1210214,1386599,126669,2213213,660603,1031929,1347820,1617716,23973,1197912,1573397
655013,655633,Drakesbane,52704.0,2647033,1204339,1264064,600562,3589182,1182922,419751,1865389,1273984,1200221,1210214,1386599,126669,2213213,660603,1031929,1347820,1617716,23973,1197912,1573397
655960,656492,Auto,9612.0,2656645,1204339,1264064,600562,3589182,1182922,419751,1865389,1273984,1200221,1210214,1386599,126669,2213213,660603,1031929,1347820,1617716,23973,1197912,1573397
657513,658133,Raiden Thrust,36664.0,2656645,1204339,1264064,600562,3589182,1182922,419751,1865389,1273984,1200221,1210214,1386599,126669,2249877,660603,1031929,1347820,1617716,23973,1197912,1573397
637513,658500,Chaotic Spring (dot),5156.0,2656645,1204339,1269220,600562,3589182,1182922,419751,1865389,1273984,1200221,1210214,1386599,126669,2249877,660603,1031929,1347820,1617716,23973,1197912,1573397
658760,659292,Auto,9612.0,2666257,1204339,1269220,600562,3589182,1182922,419751,1865389,1273984,1200221,1210214,1386599,126669,2249877,660603,1031929,1347820,1617716,23973,1197912,1573397
660013,661393,Spiral Blow,34372.0,2666257,1204339,1269220,600562,3589182,1182922,419751,1865389,1273984,1200221,1210214,1386599,126669,2249877,660603,1066301,1347820,1617716,23973,1197912,1573397
637513,661500,Chaotic Spring (dot),5156.0,2666257,1204339,1274376,600562,3589182,1182922,419751,1865389,1273984,1200221,1210214,1386599,126669,2249877,660603,1066301,1347820,1617716,23973,1197912,1573397
661560,662092,Auto,9612.0,2675869,1204339,1274376,600562,3589182,1182922,419751,1865389,1273984,1200221,1210214,1386599,126669,2249877,660603,1066301,1347820,1617716,23973,1197912,1573397
662513,662963,Chaotic Spring,38955.0,2675869,1243294,1274376,600562,3589182,1182922,419751,1865389,1273984,1200221,1210214,1386599,126669,2249877,660603,1066301,1347820,1617716,23973,1197912,1573397
662513,664500,Chaotic Spring (dot),5153.0,2675869,1243294,1279529,600562,3589182,1182922,419751,1865389,1273984,1200221,1210214,1386599,126669,2249877,660603,1066301,1347820,1617716,23973,1197912,1573397
664360,664892,Auto,9612.0,2685481,1243294,1279529,600562,3589182,1182922,419751,1865389,1273984,1200221,1210214,1386599,126669,2249877,660603,1066301,1347820,1617716,23973,1197912,1573397
665013,665633,Wheeling Thrust,38955.0,2685481,1243294,1279529,600562,3589182,1182922,419751,1865389,1273984,1200221,1210214,1386599,126669,2249877,660603,1066301,1347820,1617716,23973,1236867,1573397
662513,667500,Chaotic Spring (dot),5153.0,2685481,1243294,1284682,600562,3589182,1182922,419751,1865389,1273984,1200221,1210214,1386599,126669,2249877,660603,1066301,1347820,1617716,23973,1236867,1573397
666872,667542,Geirskogul,32079.0,2685481,1243294,1284682,600562,3589182,1182922,451830,1865389,1273984,1200221,1210214,1386599,126669,2249877,660603,1066301,1347820,1617716,23973,1236867,1573397
667160,667692,Auto,12160.0,2697641,1243294,1284682,600562,3589182,1182922,451830,1865389,1273984,1200221,1210214,1386599,126669,2249877,660603,1066301,1347820,1617716,23973,1236867,1573397
667513,668133,Drakesbane,66671.0,2697641,1243294,1284682,600562,3655853,1182922,451830,1865389,1273984,1200221,1210214,1386599,126669,2249877,660603,1066301,1347820,1617716,23973,1236867,1573397
668133,669333,Wyrmwind Thrust,63774.0,2697641,1243294,1284682,600562,3655853,1182922,451830,1865389,1273984,1200221,1210214,1386599,126669,2249877,660603,1066301,1347820,1617716,23973,1236867,1637171
668753,669513,Nastrond,104360.0,2697641,1243294,1284682,600562,3655853,1182922,451830,1865389,1273984,1200221,1210214,1490959,126669,2249877,660603,1066301,1347820,1617716,23973,1236867,1637171
669960,670492,Auto,12160.0,2709801,1243294,1284682,600562,3655853,1182922,451830,1865389,1273984,1200221,1210214,1490959,126669,2249877,660603,1066301,1347820,1617716,23973,1236867,1637171
662513,670500,Chaotic Spring (dot),5153.0,2709801,1243294,1289835,600562,3655853,1182922,451830,1865389,1273984,1200221,1210214,1490959,126669,2249877,660603,1066301,1347820,1617716,23973,1236867,1637171
670013,670633,Raiden Thrust,46380.0,2709801,1243294,1289835,600562,3655853,1182922,451830,1865389,1273984,1200221,1210214,1490959,126669,2296257,660603,1066301,1347820,1617716,23973,1236867,1637171
670633,671123,High Jump,57978.0,2709801,1243294,1289835,600562,3655853,1182922,451830,1865389,1331962,1200221,1210214,1490959,126669,2296257,660603,1066301,1347820,1617716,23973,1236867,1637171
671433,672233,Mirage Dive,55075.0,2709801,1243294,1289835,600562,3655853,1182922,451830,1865389,1331962,1200221,1265289,1490959,126669,2296257,660603,1066301,1347820,1617716,23973,1236867,1637171
672760,673292,Auto,12160.0,2721961,1243294,1289835,600562,3655853,1182922,451830,1865389,1331962,1200221,1265289,1490959,126669,2296257,660603,1066301,1347820,1617716,23973,1236867,1637171
672513,673453,Lance Barrage,49278.0,2721961,1243294,1289835,600562,3655853,1182922,451830,1865389,1331962,1249499,1265289,1490959,126669,2296257,660603,1066301,1347820,1617716,23973,1236867,1637171
662513,673500,Chaotic Spring (dot),5153.0,2721961,1243294,1294988,600562,3655853,1182922,451830,1865389,1331962,1249499,1265289,1490959,126669,2296257,660603,1066301,1347820,1617716,23973,1236867,1637171
675014,675724,Heavens' Thrust,92393.0,2721961,1243294,1294988,600562,3655853,1182922,451830,1957782,1331962,1249499,1265289,1490959,126669,2296257,660603,1066301,1347820,1617716,23973,1236867,1637171
675560,676092,Auto,12160.0,2734121,1243294,1294988,600562,3655853,1182922,451830,1957782,1331962,1249499,1265289,1490959,126669,2296257,660603,1066301,1347820,1617716,23973,1236867,1637171
662513,676500,Chaotic Spring (dot),5153.0,2734121,1243294,1300141,600562,3655853,1182922,451830,1957782,1331962,1249499,1265289,1490959,126669,2296257,660603,1066301,1347820,1617716,23973,1236867,1637171
675634,676924,Stardiver,121754.0,2734121,1243294,1300141,600562,3655853,1182922,451830,1957782,1331962,1249499,1265289,1490959,126669,2296257,660603,1066301,1347820,1739470,23973,1236867,1637171
677514,678134,Fang and Claw,49278.0,2734121,1243294,1300141,600562,3655853,1232200,451830,1957782,1331962,1249499,1265289,1490959,126669,2296257,660603,1066301,1347820,1739470,23973,1236867,1637171
678360,678892,Auto,12160.0,2746281,1243294,1300141,600562,3655853,1232200,451830,1957782,1331962,1249499,1265289,1490959,126669,2296257,660603,1066301,1347820,1739470,23973,1236867,1637171
678134,679114,Starcross,101464.0,2746281,1243294,1300141,600562,3655853,1232200,451830,1957782,1331962,1249499,1265289,1490959,126669,2296257,660603,1066301,1449284,1739470,23973,1236867,1637171
662513,679500,Chaotic Spring (dot),5153.0,2746281,1243294,1305294,600562,3655853,1232200,451830,1957782,1331962,1249499,1265289,1490959,126669,2296257,660603,1066301,1449284,1739470,23973,1236867,1637171
680014,680634,Drakesbane,66671.0,2746281,1243294,1305294,600562,3722524,1232200,451830,1957782,1331962,1249499,1265289,1490959,126669,2296257,660603,1066301,1449284,1739470,23973,1236867,1637171
681160,681692,Auto,12160.0,2758441,1243294,1305294,600562,3722524,1232200,451830,1957782,1331962,1249499,1265289,1490959,126669,2296257,660603,1066301,1449284,1739470,23973,1236867,1637171
662513,682500,Chaotic Spring (dot),5153.0,2758441,1243294,1310447,600562,3722524,1232200,451830,1957782,1331962,1249499,1265289,1490959,126669,2296257,660603,1066301,1449284,1739470,23973,1236867,1637171
682514,683134,Raiden Thrust,46380.0,2758441,1243294,1310447,600562,3722524,1232200,451830,1957782,1331962,1249499,1265289,1490959,126669,2342637,660603,1066301,1449284,1739470,23973,1236867,1637171
683134,684334,Wyrmwind Thrust,63582.0,2758441,1243294,1310447,600562,3722524,1232200,451830,1957782,1331962,1249499,1265289,1490959,126669,2342637,660603,1066301,1449284,1739470,23973,1236867,1700753
683960,684492,Auto,12124.0,2770565,1243294,1310447,600562,3722524,1232200,451830,1957782,1331962,1249499,1265289,1490959,126669,2342637,660603,1066301,1449284,1739470,23973,1236867,1700753
662513,685500,Chaotic Spring (dot),5153.0,2770565,1243294,1315600,600562,3722524,1232200,451830,1957782,1331962,1249499,1265289,1490959,126669,2342637,660603,1066301,1449284,1739470,23973,1236867,1700753
685014,686394,Spiral Blow,43350.0,2770565,1243294,1315600,600562,3722524,1232200,451830,1957782,1331962,1249499,1265289,1490959,126669,2342637,660603,1109651,1449284,1739470,23973,1236867,1700753
686760,687292,Auto,12124.0,2782689,1243294,1315600,600562,3722524,1232200,451830,1957782,1331962,1249499,1265289,1490959,126669,2342637,660603,1109651,1449284,1739470,23973,1236867,1700753
687514,687964,Chaotic Spring,38838.0,2782689,1282132,1315600,600562,3722524,1232200,451830,1957782,1331962,1249499,1265289,1490959,126669,2342637,660603,1109651,1449284,1739470,23973,1236867,1700753
687514,688500,Chaotic Spring (dot),5137.0,2782689,1282132,1320737,600562,3722524,1232200,451830,1957782,1331962,1249499,1265289,1490959,126669,2342637,660603,1109651,1449284,1739470,23973,1236867,1700753
689560,690092,Auto,9584.0,2792273,1282132,1320737,600562,3722524,1232200,451830,1957782,1331962,1249499,1265289,1490959,126669,2342637,660603,1109651,1449284,1739470,23973,1236867,1700753
690014,690634,Wheeling Thrust,38838.0,2792273,1282132,1320737,600562,3722524,1232200,451830,1957782,1331962,1249499,1265289,1490959,126669,2342637,660603,1109651,1449284,1739470,23973,1275705,1700753
687514,691500,Chaotic Spring (dot),5137.0,2792273,1282132,1325874,600562,3722524,1232200,451830,1957782,1331962,1249499,1265289,1490959,126669,2342637,660603,1109651,1449284,1739470,23973,1275705,1700753
692360,692892,Auto,9584.0,2801857,1282132,1325874,600562,3722524,1232200,451830,1957782,1331962,1249499,1265289,1490959,126669,2342637,660603,1109651,1449284,1739470,23973,1275705,1700753
692514,693134,Drakesbane,52546.0,2801857,1282132,1325874,600562,3775070,1232200,451830,1957782,1331962,1249499,1265289,1490959,126669,2342637,660603,1109651,1449284,1739470,23973,1275705,1700753
687514,694500,Chaotic Spring (dot),5137.0,2801857,1282132,1331011,600562,3775070,1232200,451830,1957782,1331962,1249499,1265289,1490959,126669,2342637,660603,1109651,1449284,1739470,23973,1275705,1700753
695014,695634,Raiden Thrust,36553.0,2801857,1282132,1331011,600562,3775070,1232200,451830,1957782,1331962,1249499,1265289,1490959,126669,2379190,660603,1109651,1449284,1739470,23973,1275705,1700753
695160,695692,Auto,9584.0,2811441,1282132,1331011,600562,3775070,1232200,451830,1957782,1331962,1249499,1265289,1490959,126669,2379190,660603,1109651,1449284,1739470,23973,1275705,1700753
687514,697500,Chaotic Spring (dot),5137.0,2811441,1282132,1336148,600562,3775070,1232200,451830,1957782,1331962,1249499,1265289,1490959,126669,2379190,660603,1109651,1449284,1739470,23973,1275705,1700753
697514,698454,Lance Barrage,38838.0,2811441,1282132,1336148,600562,3775070,1232200,451830,1957782,1331962,1288337,1265289,1490959,126669,2379190,660603,1109651,1449284,1739470,23973,1275705,1700753
697960,698492,Auto,9584.0,2821025,1282132,1336148,600562,3775070,1232200,451830,1957782,1331962,1288337,1265289,1490959,126669,2379190,660603,1109651,1449284,1739470,23973,1275705,1700753
687514,700500,Chaotic Spring (dot),5137.0,2821025,1282132,1341285,600562,3775070,1232200,451830,1957782,1331962,1288337,1265289,1490959,126669,2379190,660603,1109651,1449284,1739470,23973,1275705,1700753
700014,700724,Heavens' Thrust,52546.0,2821025,1282132,1341285,600562,3775070,1232200,451830,2010328,1331962,1288337,1265289,1490959,126669,2379190,660603,1109651,1449284,1739470,23973,1275705,1700753
700634,701124,High Jump,45694.0,2821025,1282132,1341285,600562,3775070,1232200,451830,2010328,1377656,1288337,1265289,1490959,126669,2379190,660603,1109651,1449284,1739470,23973,1275705,1700753
700760,701292,Auto,9584.0,2830609,1282132,1341285,600562,3775070,1232200,451830,2010328,1377656,1288337,1265289,1490959,126669,2379190,660603,1109651,1449284,1739470,23973,1275705,1700753
701434,702234,Mirage Dive,43407.0,2830609,1282132,1341285,600562,3775070,1232200,451830,2010328,1377656,1288337,1308696,1490959,126669,2379190,660603,1109651,1449284,1739470,23973,1275705,1700753
702514,703134,Fang and Claw,38838.0,2830609,1282132,1341285,600562,3775070,1271038,451830,2010328,1377656,1288337,1308696,1490959,126669,2379190,660603,1109651,1449284,1739470,23973,1275705,1700753
687514,703500,Chaotic Spring (dot),5137.0,2830609,1282132,1346422,600562,3775070,1271038,451830,2010328,1377656,1288337,1308696,1490959,126669,2379190,660603,1109651,1449284,1739470,23973,1275705,1700753
703560,704092,Auto,9584.0,2840193,1282132,1346422,600562,3775070,1271038,451830,2010328,1377656,1288337,1308696,1490959,126669,2379190,660603,1109651,1449284,1739470,23973,1275705,1700753
705014,705634,Drakesbane,52546.0,2840193,1282132,1346422,600562,3827616,1271038,451830,2010328,1377656,1288337,1308696,1490959,126669,2379190,660603,1109651,1449284,1739470,23973,1275705,1700753
687514,706500,Chaotic Spring (dot),5137.0,2840193,1282132,1351559,600562,3827616,1271038,451830,2010328,1377656,1288337,1308696,1490959,126669,2379190,660603,1109651,1449284,1739470,23973,1275705,1700753
706360,706892,Auto,9584.0,2849777,1282132,1351559,600562,3827616,1271038,451830,2010328,1377656,1288337,1308696,1490959,126669,2379190,660603,1109651,1449284,1739470,23973,1275705,1700753
707514,708134,Raiden Thrust,36553.0,2849777,1282132,1351559,600562,3827616,1271038,451830,2010328,1377656,1288337,1308696,1490959,126669,2415743,660603,1109651,1449284,1739470,23973,1275705,1700753
687514,709500,Chaotic Spring (dot),5137.0,2849777,1282132,1356696,600562,3827616,1271038,451830,2010328,1377656,1288337,1308696,1490959,126669,2415743,660603,1109651,1449284,1739470,23973,1275705,1700753
709160,709692,Auto,9584.0,2859361,1282132,1356696,600562,3827616,1271038,451830,2010328,1377656,1288337,1308696,1490959,126669,2415743,660603,1109651,1449284,1739470,23973,1275705,1700753
710014,710954,Lance Barrage,38838.0,2859361,1282132,1356696,600562,3827616,1271038,451830,2010328,1377656,1327175,1308696,1490959,126669,2415743,660603,1109651,1449284,1739470,23973,1275705,1700753
711960,712492,Auto,9584.0,2868945,1282132,1356696,600562,3827616,1271038,451830,2010328,1377656,1327175,1308696,1490959,126669,2415743,660603,1109651,1449284,1739470,23973,1275705,1700753
712514,713224,Heavens' Thrust,52546.0,2868945,1282132,1356696,600562,3827616,1271038,451830,2062874,1377656,1327175,1308696,1490959,126669,2415743,660603,1109651,1449284,1739470,23973,1275705,1700753
713134,714334,Wyrmwind Thrust,50262.0,2868945,1282132,1356696,600562,3827616,1271038,451830,2062874,1377656,1327175,1308696,1490959,126669,2415743,660603,1109651,1449284,1739470,23973,1275705,1751015
714760,715292,Auto,9584.0,2878529,1282132,1356696,600562,3827616,1271038,451830,2062874,1377656,1327175,1308696,1490959,126669,2415743,660603,1109651,1449284,1739470,23973,1275705,1751015
715014,715634,Fang and Claw,38838.0,2878529,1282132,1356696,600562,3827616,1309876,451830,2062874,1377656,1327175,1308696,1490959,126669,2415743,660603,1109651,1449284,1739470,23973,1275705,1751015
717560,718092,Auto,8713.0,2887242,1282132,1356696,600562,3827616,1309876,451830,2062874,1377656,1327175,1308696,1490959,126669,2415743,660603,1109651,1449284,1739470,23973,1275705,1751015
717514,718134,Drakesbane,47769.0,2887242,1282132,1356696,600562,3875385,1309876,451830,2062874,1377656,1327175,1308696,1490959,126669,2415743,660603,1109651,1449284,1739470,23973,1275705,1751015
720014,720634,Raiden Thrust,33231.0,2887242,1282132,1356696,600562,3875385,1309876,451830,2062874,1377656,1327175,1308696,1490959,126669,2448974,660603,1109651,1449284,1739470,23973,1275705,1751015
720360,720892,Auto,8713.0,2895955,1282132,1356696,600562,3875385,1309876,451830,2062874,1377656,1327175,1308696,1490959,126669,2448974,660603,1109651,1449284,1739470,23973,1275705,1751015
723160,723692,Auto,10412.0,2906367,1282132,1356696,600562,3875385,1309876,451830,2062874,1377656,1327175,1308696,1490959,126669,2448974,660603,1109651,1449284,1739470,23973,1275705,1751015
722514,723894,Spiral Blow,33835.0,2906367,1282132,1356696,600562,3875385,1309876,451830,2062874,1377656,1327175,1308696,1490959,126669,2448974,660603,1143486,1449284,1739470,23973,1275705,1751015
725015,725865,Piercing Talon,43424.0,2906367,1282132,1356696,600562,3875385,1309876,451830,2062874,1377656,1327175,1308696,1490959,170093,2448974,660603,1143486,1449284,1739470,23973,1275705,1751015
725960,726492,Auto,10412.0,2916779,1282132,1356696,600562,3875385,1309876,451830,2062874,1377656,1327175,1308696,1490959,170093,2448974,660603,1143486,1449284,1739470,23973,1275705,1751015
726875,727545,Geirskogul,40198.0,2916779,1282132,1356696,600562,3875385,1309876,492028,2062874,1377656,1327175,1308696,1490959,170093,2448974,660603,1143486,1449284,1739470,23973,1275705,1751015
727515,727965,Chaotic Spring,68728.0,2916779,1350860,1356696,600562,3875385,1309876,492028,2062874,1377656,1327175,1308696,1490959,170093,2448974,660603,1143486,1449284,1739470,23973,1275705,1751015
728135,728895,Nastrond,152819.0,2916779,1350860,1356696,600562,3875385,1309876,492028,2062874,1377656,1327175,1308696,1643778,170093,2448974,660603,1143486,1449284,1739470,23973,1275705,1751015
728760,729292,Auto,17812.0,2934591,1350860,1356696,600562,3875385,1309876,492028,2062874,1377656,1327175,1308696,1643778,170093,2448974,660603,1143486,1449284,1739470,23973,1275705,1751015
727515,730500,Chaotic Spring (dot),9090.0,2934591,1350860,1365786,600562,3875385,1309876,492028,2062874,1377656,1327175,1308696,1643778,170093,2448974,660603,1143486,1449284,1739470,23973,1275705,1751015
730015,730635,Wheeling Thrust,72164.0,2934591,1350860,1365786,600562,3875385,1309876,492028,2062874,1377656,1327175,1308696,1643778,170093,2448974,660603,1143486,1449284,1739470,23973,1347869,1751015
730635,731125,High Jump,84898.0,2934591,1350860,1365786,600562,3875385,1309876,492028,2062874,1462554,1327175,1308696,1643778,170093,2448974,660603,1143486,1449284,1739470,23973,1347869,1751015
731560,732092,Auto,17812.0,2952403,1350860,1365786,600562,3875385,1309876,492028,2062874,1462554,1327175,1308696,1643778,170093,2448974,660603,1143486,1449284,1739470,23973,1347869,1751015
732515,733135,Drakesbane,137801.0,2952403,1350860,1365786,600562,4013186,1309876,492028,2062874,1462554,1327175,1308696,1643778,170093,2448974,660603,1143486,1449284,1739470,23973,1347869,1751015
727515,733500,Chaotic Spring (dot),9090.0,2952403,1350860,1374876,600562,4013186,1309876,492028,2062874,1462554,1327175,1308696,1643778,170093,2448974,660603,1143486,1449284,1739470,23973,1347869,1751015
733135,733935,Dragonfire Dive,106123.0,2952403,1350860,1374876,706685,4013186,1309876,492028,2062874,1462554,1327175,1308696,1643778,170093,2448974,660603,1143486,1449284,1739470,23973,1347869,1751015
733935,734735,Mirage Dive,80652.0,2952403,1350860,1374876,706685,4013186,1309876,492028,2062874,1462554,1327175,1389348,1643778,170093,2448974,660603,1143486,1449284,1739470,23973,1347869,1751015
734360,734892,Auto,17812.0,2970215,1350860,1374876,706685,4013186,1309876,492028,2062874,1462554,1327175,1389348,1643778,170093,2448974,660603,1143486,1449284,1739470,23973,1347869,1751015
735015,735635,Raiden Thrust,67917.0,2970215,1350860,1374876,706685,4013186,1309876,492028,2062874,1462554,1327175,1389348,1643778,170093,2516891,660603,1143486,1449284,1739470,23973,1347869,1751015
727515,736500,Chaotic Spring (dot),9090.0,2970215,1350860,1383966,706685,4013186,1309876,492028,2062874,1462554,1327175,1389348,1643778,170093,2516891,660603,1143486,1449284,1739470,23973,1347869,1751015
735635,736925,Stardiver,178293.0,2970215,1350860,1383966,706685,4013186,1309876,492028,2062874,1462554,1327175,1389348,1643778,170093,2516891,660603,1143486,1449284,1917763,23973,1347869,1751015
737160,737692,Auto,17812.0,2988027,1350860,1383966,706685,4013186,1309876,492028,2062874,1462554,1327175,1389348,1643778,170093,2516891,660603,1143486,1449284,1917763,23973,1347869,1751015
737515,738455,Lance Barrage,72164.0,2988027,1350860,1383966,706685,4013186,1309876,492028,2062874,1462554,1399339,1389348,1643778,170093,2516891,660603,1143486,1449284,1917763,23973,1347869,1751015
738135,739335,Wyrmwind Thrust,93390.0,2988027,1350860,1383966,706685,4013186,1309876,492028,2062874,1462554,1399339,1389348,1643778,170093,2516891,660603,1143486,1449284,1917763,23973,1347869,1844405
727515,739500,Chaotic Spring (dot),9090.0,2988027,1350860,1393056,706685,4013186,1309876,492028,2062874,1462554,1399339,1389348,1643778,170093,2516891,660603,1143486,1449284,1917763,23973,1347869,1844405
739960,740492,Auto,17812.0,3005839,1350860,1393056,706685,4013186,1309876,492028,2062874,1462554,1399339,1389348,1643778,170093,2516891,660603,1143486,1449284,1917763,23973,1347869,1844405
740015,740725,Heavens' Thrust,137801.0,3005839,1350860,1393056,706685,4013186,1309876,492028,2200675,1462554,1399339,1389348,1643778,170093,2516891,660603,1143486,1449284,1917763,23973,1347869,1844405
740635,741615,Starcross,148580.0,3005839,1350860,1393056,706685,4013186,1309876,492028,2200675,1462554,1399339,1389348,1643778,170093,2516891,660603,1143486,1597864,1917763,23973,1347869,1844405
741255,742415,Rise of the Dragon,116740.0,3005839,1350860,1393056,706685,4013186,1309876,492028,2200675,1462554,1399339,1389348,1643778,170093,2516891,777343,1143486,1597864,1917763,23973,1347869,1844405
727515,742500,Chaotic Spring (dot),9090.0,3005839,1350860,1402146,706685,4013186,1309876,492028,2200675,1462554,1399339,1389348,1643778,170093,2516891,777343,1143486,1597864,1917763,23973,1347869,1844405
742515,743135,Fang and Claw,72164.0,3005839,1350860,1402146,706685,4013186,1382040,492028,2200675,1462554,1399339,1389348,1643778,170093,2516891,777343,1143486,1597864,1917763,23973,1347869,1844405
742760,743292,Auto,17812.0,3023651,1350860,1402146,706685,4013186,1382040,492028,2200675,1462554,1399339,1389348,1643778,170093,2516891,777343,1143486,1597864,1917763,23973,1347869,1844405
727515,745500,Chaotic Spring (dot),9090.0,3023651,1350860,1411236,706685,4013186,1382040,492028,2200675,1462554,1399339,1389348,1643778,170093,2516891,777343,1143486,1597864,1917763,23973,1347869,1844405
745015,745635,Drakesbane,97634.0,3023651,1350860,1411236,706685,4110820,1382040,492028,2200675,1462554,1399339,1389348,1643778,170093,2516891,777343,1143486,1597864,1917763,23973,1347869,1844405
745560,746092,Auto,17812.0,3041463,1350860,1411236,706685,4110820,1382040,492028,2200675,1462554,1399339,1389348,1643778,170093,2516891,777343,1143486,1597864,1917763,23973,1347869,1844405
747515,748135,Raiden Thrust,43769.0,3041463,1350860,1411236,706685,4110820,1382040,492028,2200675,1462554,1399339,1389348,1643778,170093,2560660,777343,1143486,1597864,1917763,23973,1347869,1844405
727515,748500,Chaotic Spring (dot),9090.0,3041463,1350860,1420326,706685,4110820,1382040,492028,2200675,1462554,1399339,1389348,1643778,170093,2560660,777343,1143486,1597864,1917763,23973,1347869,1844405
748360,748892,Auto,10412.0,3051875,1350860,1420326,706685,4110820,1382040,492028,2200675,1462554,1399339,1389348,1643778,170093,2560660,777343,1143486,1597864,1917763,23973,1347869,1844405
750015,750865,Piercing Talon,43424.0,3051875,1350860,1420326,706685,4110820,1382040,492028,2200675,1462554,1399339,1389348,1643778,213517,2560660,777343,1143486,1597864,1917763,23973,1347869,1844405
