sim_timestamp,sim_damage_timestamp,sim_name,sim_expected,Auto,Chaotic Spring,Chaotic Spring (dot),Dragonfire Dive,Drakesbane,Fang and Claw,Geirskogul,Heavens' Thrust,High Jump,Lance Barrage,Mirage Dive,Nastrond,Piercing Talon,Raiden Thrust,Rise of the Dragon,Spiral Blow,Starcross,Stardiver,True Thrust,Wheeling Thrust,Wyrmwind Thrust
0,760,True Thrust,23973.0,0,0,0,0,0,0,0,0,0,0,0,0,0,0,0,0,0,0,23973,0,0
760,1292,Auto,8745.0,8745,0,0,0,0,0,0,0,0,0,0,0,0,0,0,0,0,0,23973,0,0
2500,3880,Spiral Blow,31269.0,8745,0,0,0,0,0,0,0,0,0,0,0,0,0,0,31269,0,0,23973,0,0
3560,4092,Auto,9619.0,18364,0,0,0,0,0,0,0,0,0,0,0,0,0,0,31269,0,0,23973,0,0
5000,5850,Piercing Talon,43424.0,18364,0,0,0,0,0,0,0,0,0,0,0,43424,0,0,31269,0,0,23973,0,0
6360,6892,Auto,13291.0,31655,0,0,0,0,0,0,0,0,0,0,0,43424,0,0,31269,0,0,23973,0,0
6860,7530,Geirskogul,44343.0,31655,0,0,0,0,0,44343,0,0,0,0,0,43424,0,0,31269,0,0,23973,0,0
7500,7950,Chaotic Spring,68118.0,31655,68118,0,0,0,0,44343,0,0,0,0,0,43424,0,0,31269,0,0,23973,0,0
8119,8609,High Jump,80138.0,31655,68118,0,0,0,0,44343,0,80138,0,0,0,43424,0,0,31269,0,0,23973,0,0
9160,9692,Auto,16813.0,48468,68118,0,0,0,0,44343,0,80138,0,0,0,43424,0,0,31269,0,0,23973,0,0
8920,9720,Mirage Dive,76130.0,48468,68118,0,0,0,0,44343,0,80138,0,76130,0,43424,0,0,31269,0,0,23973,0,0
7500,10500,Chaotic Spring (dot),9009.0,48468,68118,9009,0,0,0,44343,0,80138,0,76130,0,43424,0,0,31269,0,0,23973,0,0
10000,10620,Wheeling Thrust,68118.0,48468,68118,9009,0,0,0,44343,0,80138,0,76130,0,43424,0,0,31269,0,0,23973,68118,0
10620,11420,Dragonfire Dive,100174.0,48468,68118,9009,100174,0,0,44343,0,80138,0,76130,0,43424,0,0,31269,0,0,23973,68118,0
11960,12492,Auto,16813.0,65281,68118,9009,100174,0,0,44343,0,80138,0,76130,0,43424,0,0,31269,0,0,23973,68118,0
12500,13120,Drakesbane,130075.0,65281,68118,9009,100174,130075,0,44343,0,80138,0,76130,0,43424,0,0,31269,0,0,23973,68118,0
7500,13500,Chaotic Spring (dot),9009.0,65281,68118,18018,100174,130075,0,44343,0,80138,0,76130,0,43424,0,0,31269,0,0,23973,68118,0
13120,14280,Rise of the Dragon,110195.0,65281,68118,18018,100174,130075,0,44343,0,80138,0,76130,0,43424,0,110195,31269,0,0,23973,68118,0
13740,14500,Nastrond,144251.0,65281,68118,18018,100174,130075,0,44343,0,80138,0,76130,144251,43424,0,110195,31269,0,0,23973,68118,0
14760,15292,Auto,16813.0,82094,68118,18018,100174,130075,0,44343,0,80138,0,76130,144251,43424,0,110195,31269,0,0,23973,68118,0
15000,15620,Raiden Thrust,64109.0,82094,68118,18018,100174,130075,0,44343,0,80138,0,76130,144251,43424,64109,110195,31269,0,0,23973,68118,0
7500,16500,Chaotic Spring (dot),9009.0,82094,68118,27027,100174,130075,0,44343,0,80138,0,76130,144251,43424,64109,110195,31269,0,0,23973,68118,0
15620,16910,Stardiver,168297.0,82094,68118,27027,100174,130075,0,44343,0,80138,0,76130,144251,43424,64109,110195,31269,0,168297,23973,68118,0
17560,18092,Auto,16813.0,98907,68118,27027,100174,130075,0,44343,0,80138,0,76130,144251,43424,64109,110195,31269,0,168297,23973,68118,0
17500,18440,Lance Barrage,68118.0,98907,68118,27027,100174,130075,0,44343,0,80138,68118,76130,144251,43424,64109,110195,31269,0,168297,23973,68118,0
18120,19100,Starcross,140250.0,98907,68118,27027,100174,130075,0,44343,0,80138,68118,76130,144251,43424,64109,110195,31269,140250,168297,23973,68118,0
7500,19500,Chaotic Spring (dot),9009.0,98907,68118,36036,100174,130075,0,44343,0,80138,68118,76130,144251,43424,64109,110195,31269,140250,168297,23973,68118,0
20000,20710,Heavens' Thrust,130075.0,98907,68118,36036,100174,130075,0,44343,130075,80138,68118,76130,144251,43424,64109,110195,31269,140250,168297,23973,68118,0
20360,20892,Auto,16813.0,115720,68118,36036,100174,130075,0,44343,130075,80138,68118,76130,144251,43424,64109,110195,31269,140250,168297,23973,68118,0
7500,22500,Chaotic Spring (dot),9009.0,115720,68118,45045,100174,130075,0,44343,130075,80138,68118,76130,144251,43424,64109,110195,31269,140250,168297,23973,68118,0
22500,23120,Fang and Claw,68118.0,115720,68118,45045,100174,130075,68118,44343,130075,80138,68118,76130,144251,43424,64109,110195,31269,140250,168297,23973,68118,0
23160,23692,Auto,16813.0,132533,68118,45045,100174,130075,68118,44343,130075,80138,68118,76130,144251,43424,64109,110195,31269,140250,168297,23973,68118,0
7500,25500,Chaotic Spring (dot),9009.0,132533,68118,54054,100174,130075,68118,44343,130075,80138,68118,76130,144251,43424,64109,110195,31269,140250,168297,23973,68118,0
25001,25621,Drakesbane,92161.0,132533,68118,54054,100174,222236,68118,44343,130075,80138,68118,76130,144251,43424,64109,110195,31269,140250,168297,23973,68118,0
25960,26492,Auto,14857.0,147390,68118,54054,100174,222236,68118,44343,130075,80138,68118,76130,144251,43424,64109,110195,31269,140250,168297,23973,68118,0
27501,28121,Raiden Thrust,39700.0,147390,68118,54054,100174,222236,68118,44343,130075,80138,68118,76130,144251,43424,103809,110195,31269,140250,168297,23973,68118,0
7500,28500,Chaotic Spring (dot),9009.0,147390,68118,63063,100174,222236,68118,44343,130075,80138,68118,76130,144251,43424,103809,110195,31269,140250,168297,23973,68118,0
28760,29292,Auto,10412.0,157802,68118,63063,100174,222236,68118,44343,130075,80138,68118,76130,144251,43424,103809,110195,31269,140250,168297,23973,68118,0
28121,29321,Wyrmwind Thrust,54589.0,157802,68118,63063,100174,222236,68118,44343,130075,80138,68118,76130,144251,43424,103809,110195,31269,140250,168297,23973,68118,54589
30001,31381,Spiral Blow,37218.0,157802,68118,63063,100174,222236,68118,44343,130075,80138,68118,76130,144251,43424,103809,110195,68487,140250,168297,23973,68118,54589
7500,31500,Chaotic Spring (dot),9009.0,157802,68118,72072,100174,222236,68118,44343,130075,80138,68118,76130,144251,43424,103809,110195,68487,140250,168297,23973,68118,54589
31560,32092,Auto,10412.0,168214,68118,72072,100174,222236,68118,44343,130075,80138,68118,76130,144251,43424,103809,110195,68487,140250,168297,23973,68118,54589
32500,32950,Chaotic Spring,42182.0,168214,110300,72072,100174,222236,68118,44343,130075,80138,68118,76130,144251,43424,103809,110195,68487,140250,168297,23973,68118,54589
32500,34500,Chaotic Spring (dot),5579.0,168214,110300,77651,100174,222236,68118,44343,130075,80138,68118,76130,144251,43424,103809,110195,68487,140250,168297,23973,68118,54589
34360,34892,Auto,10412.0,178626,110300,77651,100174,222236,68118,44343,130075,80138,68118,76130,144251,43424,103809,110195,68487,140250,168297,23973,68118,54589
35001,35621,Wheeling Thrust,38982.0,178626,110300,77651,100174,222236,68118,44343,130075,80138,68118,76130,144251,43424,103809,110195,68487,140250,168297,23973,107100,54589
32500,37500,Chaotic Spring (dot),5579.0,178626,110300,83230,100174,222236,68118,44343,130075,80138,68118,76130,144251,43424,103809,110195,68487,140250,168297,23973,107100,54589
37160,37692,Auto,9619.0,188245,110300,83230,100174,222236,68118,44343,130075,80138,68118,76130,144251,43424,103809,110195,68487,140250,168297,23973,107100,54589
37501,38121,Drakesbane,52741.0,188245,110300,83230,100174,274977,68118,44343,130075,80138,68118,76130,144251,43424,103809,110195,68487,140250,168297,23973,107100,54589
38121,38611,High Jump,45864.0,188245,110300,83230,100174,274977,68118,44343,130075,126002,68118,76130,144251,43424,103809,110195,68487,140250,168297,23973,107100,54589
38921,39721,Mirage Dive,43568.0,188245,110300,83230,100174,274977,68118,44343,130075,126002,68118,119698,144251,43424,103809,110195,68487,140250,168297,23973,107100,54589
39960,40492,Auto,9619.0,197864,110300,83230,100174,274977,68118,44343,130075,126002,68118,119698,144251,43424,103809,110195,68487,140250,168297,23973,107100,54589
32500,40500,Chaotic Spring (dot),5579.0,197864,110300,88809,100174,274977,68118,44343,130075,126002,68118,119698,144251,43424,103809,110195,68487,140250,168297,23973,107100,54589
40001,40621,Raiden Thrust,36689.0,197864,110300,88809,100174,274977,68118,44343,130075,126002,68118,119698,144251,43424,140498,110195,68487,140250,168297,23973,107100,54589
42760,43292,Auto,9612.0,207476,110300,88809,100174,274977,68118,44343,130075,126002,68118,119698,144251,43424,140498,110195,68487,140250,168297,23973,107100,54589
42501,43441,Lance Barrage,38982.0,207476,110300,88809,100174,274977,68118,44343,130075,126002,107100,119698,144251,43424,140498,110195,68487,140250,168297,23973,107100,54589
32500,43500,Chaotic Spring (dot),5579.0,207476,110300,94388,100174,274977,68118,44343,130075,126002,107100,119698,144251,43424,140498,110195,68487,140250,168297,23973,107100,54589
45001,45711,Heavens' Thrust,52704.0,207476,110300,94388,100174,274977,68118,44343,182779,126002,107100,119698,144251,43424,140498,110195,68487,140250,168297,23973,107100,54589
45560,46092,Auto,9612.0,217088,110300,94388,100174,274977,68118,44343,182779,126002,107100,119698,144251,43424,140498,110195,68487,140250,168297,23973,107100,54589
32500,46500,Chaotic Spring (dot),5579.0,217088,110300,99967,100174,274977,68118,44343,182779,126002,107100,119698,144251,43424,140498,110195,68487,140250,168297,23973,107100,54589
47501,48121,Fang and Claw,38955.0,217088,110300,99967,100174,274977,107073,44343,182779,126002,107100,119698,144251,43424,140498,110195,68487,140250,168297,23973,107100,54589
48360,48892,Auto,9612.0,226700,110300,99967,100174,274977,107073,44343,182779,126002,107100,119698,144251,43424,140498,110195,68487,140250,168297,23973,107100,54589
32500,49500,Chaotic Spring (dot),5579.0,226700,110300,105546,100174,274977,107073,44343,182779,126002,107100,119698,144251,43424,140498,110195,68487,140250,168297,23973,107100,54589
50001,50621,Drakesbane,52704.0,226700,110300,105546,100174,327681,107073,44343,182779,126002,107100,119698,144251,43424,140498,110195,68487,140250,168297,23973,107100,54589
51160,51692,Auto,9612.0,236312,110300,105546,100174,327681,107073,44343,182779,126002,107100,119698,144251,43424,140498,110195,68487,140250,168297,23973,107100,54589
32500,52500,Chaotic Spring (dot),5579.0,236312,110300,111125,100174,327681,107073,44343,182779,126002,107100,119698,144251,43424,140498,110195,68487,140250,168297,23973,107100,54589
52501,53121,Raiden Thrust,36664.0,236312,110300,111125,100174,327681,107073,44343,182779,126002,107100,119698,144251,43424,177162,110195,68487,140250,168297,23973,107100,54589
53960,54492,Auto,9612.0,245924,110300,111125,100174,327681,107073,44343,182779,126002,107100,119698,144251,43424,177162,110195,68487,140250,168297,23973,107100,54589
32500,55500,Chaotic Spring (dot),5579.0,245924,110300,116704,100174,327681,107073,44343,182779,126002,107100,119698,144251,43424,177162,110195,68487,140250,168297,23973,107100,54589
55001,56381,Spiral Blow,34372.0,245924,110300,116704,100174,327681,107073,44343,182779,126002,107100,119698,144251,43424,177162,110195,102859,140250,168297,23973,107100,54589
56760,57292,Auto,9612.0,255536,110300,116704,100174,327681,107073,44343,182779,126002,107100,119698,144251,43424,177162,110195,102859,140250,168297,23973,107100,54589
57501,57951,Chaotic Spring,38955.0,255536,149255,116704,100174,327681,107073,44343,182779,126002,107100,119698,144251,43424,177162,110195,102859,140250,168297,23973,107100,54589
57501,58500,Chaotic Spring (dot),5153.0,255536,149255,121857,100174,327681,107073,44343,182779,126002,107100,119698,144251,43424,177162,110195,102859,140250,168297,23973,107100,54589
59560,60092,Auto,9612.0,265148,149255,121857,100174,327681,107073,44343,182779,126002,107100,119698,144251,43424,177162,110195,102859,140250,168297,23973,107100,54589
60001,60621,Wheeling Thrust,38955.0,265148,149255,121857,100174,327681,107073,44343,182779,126002,107100,119698,144251,43424,177162,110195,102859,140250,168297,23973,146055,54589
57501,61500,Chaotic Spring (dot),5153.0,265148,149255,127010,100174,327681,107073,44343,182779,126002,107100,119698,144251,43424,177162,110195,102859,140250,168297,23973,146055,54589
62360,62892,Auto,9612.0,274760,149255,127010,100174,327681,107073,44343,182779,126002,107100,119698,144251,43424,177162,110195,102859,140250,168297,23973,146055,54589
62501,63121,Drakesbane,52704.0,274760,149255,127010,100174,380385,107073,44343,182779,126002,107100,119698,144251,43424,177162,110195,102859,140250,168297,23973,146055,54589
63121,64321,Wyrmwind Thrust,50414.0,274760,149255,127010,100174,380385,107073,44343,182779,126002,107100,119698,144251,43424,177162,110195,102859,140250,168297,23973,146055,105003
57501,64500,Chaotic Spring (dot),5153.0,274760,149255,132163,100174,380385,107073,44343,182779,126002,107100,119698,144251,43424,177162,110195,102859,140250,168297,23973,146055,105003
65001,65621,Raiden Thrust,36664.0,274760,149255,132163,100174,380385,107073,44343,182779,126002,107100,119698,144251,43424,213826,110195,102859,140250,168297,23973,146055,105003
65160,65692,Auto,9612.0,284372,149255,132163,100174,380385,107073,44343,182779,126002,107100,119698,144251,43424,213826,110195,102859,140250,168297,23973,146055,105003
57501,67500,Chaotic Spring (dot),5153.0,284372,149255,137316,100174,380385,107073,44343,182779,126002,107100,119698,144251,43424,213826,110195,102859,140250,168297,23973,146055,105003
66860,67530,Geirskogul,32079.0,284372,149255,137316,100174,380385,107073,76422,182779,126002,107100,119698,144251,43424,213826,110195,102859,140250,168297,23973,146055,105003
67501,68441,Lance Barrage,49278.0,284372,149255,137316,100174,380385,107073,76422,182779,126002,156378,119698,144251,43424,213826,110195,102859,140250,168297,23973,146055,105003
67960,68492,Auto,12160.0,296532,149255,137316,100174,380385,107073,76422,182779,126002,156378,119698,144251,43424,213826,110195,102859,140250,168297,23973,146055,105003
68121,68611,High Jump,57978.0,296532,149255,137316,100174,380385,107073,76422,182779,183980,156378,119698,144251,43424,213826,110195,102859,140250,168297,23973,146055,105003
57501,70500,Chaotic Spring (dot),5153.0,296532,149255,142469,100174,380385,107073,76422,182779,183980,156378,119698,144251,43424,213826,110195,102859,140250,168297,23973,146055,105003
70001,70711,Heavens' Thrust,66671.0,296532,149255,142469,100174,380385,107073,76422,249450,183980,156378,119698,144251,43424,213826,110195,102859,140250,168297,23973,146055,105003
70760,71292,Auto,12160.0,308692,149255,142469,100174,380385,107073,76422,249450,183980,156378,119698,144251,43424,213826,110195,102859,140250,168297,23973,146055,105003
70621,71421,Mirage Dive,55075.0,308692,149255,142469,100174,380385,107073,76422,249450,183980,156378,174773,144251,43424,213826,110195,102859,140250,168297,23973,146055,105003
72501,73121,Fang and Claw,49278.0,308692,149255,142469,100174,380385,156351,76422,249450,183980,156378,174773,144251,43424,213826,110195,102859,140250,168297,23973,146055,105003
57501,73500,Chaotic Spring (dot),5153.0,308692,149255,147622,100174,380385,156351,76422,249450,183980,156378,174773,144251,43424,213826,110195,102859,140250,168297,23973,146055,105003
73560,74092,Auto,12160.0,320852,149255,147622,100174,380385,156351,76422,249450,183980,156378,174773,144251,43424,213826,110195,102859,140250,168297,23973,146055,105003
73741,74501,Nastrond,104360.0,320852,149255,147622,100174,380385,156351,76422,249450,183980,156378,174773,248611,43424,213826,110195,102859,140250,168297,23973,146055,105003
75002,75622,Drakesbane,92393.0,320852,149255,147622,100174,472778,156351,76422,249450,183980,156378,174773,248611,43424,213826,110195,102859,140250,168297,23973,146055,105003
57501,76500,Chaotic Spring (dot),5153.0,320852,149255,152775,100174,472778,156351,76422,249450,183980,156378,174773,248611,43424,213826,110195,102859,140250,168297,23973,146055,105003
76360,76892,Auto,12160.0,333012,149255,152775,100174,472778,156351,76422,249450,183980,156378,174773,248611,43424,213826,110195,102859,140250,168297,23973,146055,105003
75622,76912,Stardiver,121754.0,333012,149255,152775,100174,472778,156351,76422,249450,183980,156378,174773,248611,43424,213826,110195,102859,140250,290051,23973,146055,105003
77502,78122,Raiden Thrust,46380.0,333012,149255,152775,100174,472778,156351,76422,249450,183980,156378,174773,248611,43424,260206,110195,102859,140250,290051,23973,146055,105003
78122,79322,Wyrmwind Thrust,63774.0,333012,149255,152775,100174,472778,156351,76422,249450,183980,156378,174773,248611,43424,260206,110195,102859,140250,290051,23973,146055,168777
57501,79500,Chaotic Spring (dot),5153.0,333012,149255,157928,100174,472778,156351,76422,249450,183980,156378,174773,248611,43424,260206,110195,102859,140250,290051,23973,146055,168777
79160,79692,Auto,12160.0,345172,149255,157928,100174,472778,156351,76422,249450,183980,156378,174773,248611,43424,260206,110195,102859,140250,290051,23973,146055,168777
80002,81382,Spiral Blow,43481.0,345172,149255,157928,100174,472778,156351,76422,249450,183980,156378,174773,248611,43424,260206,110195,146340,140250,290051,23973,146055,168777
81960,82492,Auto,12124.0,357296,149255,157928,100174,472778,156351,76422,249450,183980,156378,174773,248611,43424,260206,110195,146340,140250,290051,23973,146055,168777
82502,82952,Chaotic Spring,49130.0,357296,198385,157928,100174,472778,156351,76422,249450,183980,156378,174773,248611,43424,260206,110195,146340,140250,290051,23973,146055,168777
83122,84102,Starcross,101159.0,357296,198385,157928,100174,472778,156351,76422,249450,183980,156378,174773,248611,43424,260206,110195,146340,241409,290051,23973,146055,168777
84760,85292,Auto,12124.0,369420,198385,157928,100174,472778,156351,76422,249450,183980,156378,174773,248611,43424,260206,110195,146340,241409,290051,23973,146055,168777
82502,85500,Chaotic Spring (dot),6499.0,369420,198385,164427,100174,472778,156351,76422,249450,183980,156378,174773,248611,43424,260206,110195,146340,241409,290051,23973,146055,168777
85002,85622,Wheeling Thrust,49130.0,369420,198385,164427,100174,472778,156351,76422,249450,183980,156378,174773,248611,43424,260206,110195,146340,241409,290051,23973,195185,168777
87560,88092,Auto,9584.0,379004,198385,164427,100174,472778,156351,76422,249450,183980,156378,174773,248611,43424,260206,110195,146340,241409,290051,23973,195185,168777
87502,88122,Drakesbane,52546.0,379004,198385,164427,100174,525324,156351,76422,249450,183980,156378,174773,248611,43424,260206,110195,146340,241409,290051,23973,195185,168777
82502,88500,Chaotic Spring (dot),6499.0,379004,198385,170926,100174,525324,156351,76422,249450,183980,156378,174773,248611,43424,260206,110195,146340,241409,290051,23973,195185,168777
90002,90622,Raiden Thrust,36553.0,379004,198385,170926,100174,525324,156351,76422,249450,183980,156378,174773,248611,43424,296759,110195,146340,241409,290051,23973,195185,168777
90360,90892,Auto,9584.0,388588,198385,170926,100174,525324,156351,76422,249450,183980,156378,174773,248611,43424,296759,110195,146340,241409,290051,23973,195185,168777
82502,91500,Chaotic Spring (dot),6499.0,388588,198385,177425,100174,525324,156351,76422,249450,183980,156378,174773,248611,43424,296759,110195,146340,241409,290051,23973,195185,168777
92502,93442,Lance Barrage,38838.0,388588,198385,177425,100174,525324,156351,76422,249450,183980,195216,174773,248611,43424,296759,110195,146340,241409,290051,23973,195185,168777
93160,93692,Auto,9584.0,398172,198385,177425,100174,525324,156351,76422,249450,183980,195216,174773,248611,43424,296759,110195,146340,241409,290051,23973,195185,168777
82502,94500,Chaotic Spring (dot),6499.0,398172,198385,183924,100174,525324,156351,76422,249450,183980,195216,174773,248611,43424,296759,110195,146340,241409,290051,23973,195185,168777
95002,95712,Heavens' Thrust,52546.0,398172,198385,183924,100174,525324,156351,76422,301996,183980,195216,174773,248611,43424,296759,110195,146340,241409,290051,23973,195185,168777
95960,96492,Auto,9584.0,407756,198385,183924,100174,525324,156351,76422,301996,183980,195216,174773,248611,43424,296759,110195,146340,241409,290051,23973,195185,168777
82502,97500,Chaotic Spring (dot),6499.0,407756,198385,190423,100174,525324,156351,76422,301996,183980,195216,174773,248611,43424,296759,110195,146340,241409,290051,23973,195185,168777
97502,98122,Fang and Claw,38838.0,407756,198385,190423,100174,525324,195189,76422,301996,183980,195216,174773,248611,43424,296759,110195,146340,241409,290051,23973,195185,168777
98760,99292,Auto,9584.0,417340,198385,190423,100174,525324,195189,76422,301996,183980,195216,174773,248611,43424,296759,110195,146340,241409,290051,23973,195185,168777
82502,100500,Chaotic Spring (dot),6499.0,417340,198385,196922,100174,525324,195189,76422,301996,183980,195216,174773,248611,43424,296759,110195,146340,241409,290051,23973,195185,168777
100002,100622,Drakesbane,52546.0,417340,198385,196922,100174,577870,195189,76422,301996,183980,195216,174773,248611,43424,296759,110195,146340,241409,290051,23973,195185,168777
100622,101112,High Jump,45694.0,417340,198385,196922,100174,577870,195189,76422,301996,229674,195216,174773,248611,43424,296759,110195,146340,241409,290051,23973,195185,168777
101560,102092,Auto,9584.0,426924,198385,196922,100174,577870,195189,76422,301996,229674,195216,174773,248611,43424,296759,110195,146340,241409,290051,23973,195185,168777
101422,102222,Mirage Dive,43407.0,426924,198385,196922,100174,577870,195189,76422,301996,229674,195216,218180,248611,43424,296759,110195,146340,241409,290051,23973,195185,168777
102502,103122,Raiden Thrust,36553.0,426924,198385,196922,100174,577870,195189,76422,301996,229674,195216,218180,248611,43424,333312,110195,146340,241409,290051,23973,195185,168777
82502,103500,Chaotic Spring (dot),6499.0,426924,198385,203421,100174,577870,195189,76422,301996,229674,195216,218180,248611,43424,333312,110195,146340,241409,290051,23973,195185,168777
103122,104322,Wyrmwind Thrust,50262.0,426924,198385,203421,100174,577870,195189,76422,301996,229674,195216,218180,248611,43424,333312,110195,146340,241409,290051,23973,195185,219039
104360,104892,Auto,9584.0,436508,198385,203421,100174,577870,195189,76422,301996,229674,195216,218180,248611,43424,333312,110195,146340,241409,290051,23973,195185,219039
105002,106382,Spiral Blow,34268.0,436508,198385,203421,100174,577870,195189,76422,301996,229674,195216,218180,248611,43424,333312,110195,180608,241409,290051,23973,195185,219039
82502,106500,Chaotic Spring (dot),6499.0,436508,198385,209920,100174,577870,195189,76422,301996,229674,195216,218180,248611,43424,333312,110195,180608,241409,290051,23973,195185,219039
107160,107692,Auto,9584.0,446092,198385,209920,100174,577870,195189,76422,301996,229674,195216,218180,248611,43424,333312,110195,180608,241409,290051,23973,195185,219039
107502,107952,Chaotic Spring,38838.0,446092,237223,209920,100174,577870,195189,76422,301996,229674,195216,218180,248611,43424,333312,110195,180608,241409,290051,23973,195185,219039
107502,109500,Chaotic Spring (dot),5137.0,446092,237223,215057,100174,577870,195189,76422,301996,229674,195216,218180,248611,43424,333312,110195,180608,241409,290051,23973,195185,219039
109960,110492,Auto,9584.0,455676,237223,215057,100174,577870,195189,76422,301996,229674,195216,218180,248611,43424,333312,110195,180608,241409,290051,23973,195185,219039
110002,110622,Wheeling Thrust,38838.0,455676,237223,215057,100174,577870,195189,76422,301996,229674,195216,218180,248611,43424,333312,110195,180608,241409,290051,23973,234023,219039
107502,112500,Chaotic Spring (dot),5137.0,455676,237223,220194,100174,577870,195189,76422,301996,229674,195216,218180,248611,43424,333312,110195,180608,241409,290051,23973,234023,219039
112502,113122,Drakesbane,52546.0,455676,237223,220194,100174,630416,195189,76422,301996,229674,195216,218180,248611,43424,333312,110195,180608,241409,290051,23973,234023,219039
112760,113292,Auto,9584.0,465260,237223,220194,100174,630416,195189,76422,301996,229674,195216,218180,248611,43424,333312,110195,180608,241409,290051,23973,234023,219039
107502,115500,Chaotic Spring (dot),5137.0,465260,237223,225331,100174,630416,195189,76422,301996,229674,195216,218180,248611,43424,333312,110195,180608,241409,290051,23973,234023,219039
115002,115622,Raiden Thrust,36553.0,465260,237223,225331,100174,630416,195189,76422,301996,229674,195216,218180,248611,43424,369865,110195,180608,241409,290051,23973,234023,219039
115560,116092,Auto,9584.0,474844,237223,225331,100174,630416,195189,76422,301996,229674,195216,218180,248611,43424,369865,110195,180608,241409,290051,23973,234023,219039
117502,118442,Lance Barrage,38838.0,474844,237223,225331,100174,630416,195189,76422,301996,229674,234054,218180,248611,43424,369865,110195,180608,241409,290051,23973,234023,219039
107502,118500,Chaotic Spring (dot),5137.0,474844,237223,230468,100174,630416,195189,76422,301996,229674,234054,218180,248611,43424,369865,110195,180608,241409,290051,23973,234023,219039
118360,118892,Auto,9584.0,484428,237223,230468,100174,630416,195189,76422,301996,229674,234054,218180,248611,43424,369865,110195,180608,241409,290051,23973,234023,219039
120002,120712,Heavens' Thrust,52546.0,484428,237223,230468,100174,630416,195189,76422,354542,229674,234054,218180,248611,43424,369865,110195,180608,241409,290051,23973,234023,219039
107502,121500,Chaotic Spring (dot),5137.0,484428,237223,235605,100174,630416,195189,76422,354542,229674,234054,218180,248611,43424,369865,110195,180608,241409,290051,23973,234023,219039
121160,121692,Auto,9619.0,494047,237223,235605,100174,630416,195189,76422,354542,229674,234054,218180,248611,43424,369865,110195,180608,241409,290051,23973,234023,219039
122502,123122,Fang and Claw,38982.0,494047,237223,235605,100174,630416,234171,76422,354542,229674,234054,218180,248611,43424,369865,110195,180608,241409,290051,23973,234023,219039
123960,124492,Auto,9619.0,503666,237223,235605,100174,630416,234171,76422,354542,229674,234054,218180,248611,43424,369865,110195,180608,241409,290051,23973,234023,219039
107502,124500,Chaotic Spring (dot),5137.0,503666,237223,240742,100174,630416,234171,76422,354542,229674,234054,218180,248611,43424,369865,110195,180608,241409,290051,23973,234023,219039
125003,125623,Drakesbane,52741.0,503666,237223,240742,100174,683157,234171,76422,354542,229674,234054,218180,248611,43424,369865,110195,180608,241409,290051,23973,234023,219039
126760,127292,Auto,12761.0,516427,237223,240742,100174,683157,234171,76422,354542,229674,234054,218180,248611,43424,369865,110195,180608,241409,290051,23973,234023,219039
107502,127500,Chaotic Spring (dot),5137.0,516427,237223,245879,100174,683157,234171,76422,354542,229674,234054,218180,248611,43424,369865,110195,180608,241409,290051,23973,234023,219039
126863,127533,Geirskogul,42586.0,516427,237223,245879,100174,683157,234171,119008,354542,229674,234054,218180,248611,43424,369865,110195,180608,241409,290051,23973,234023,219039
127503,128123,Raiden Thrust,61571.0,516427,237223,245879,100174,683157,234171,119008,354542,229674,234054,218180,248611,43424,431436,110195,180608,241409,290051,23973,234023,219039
128122,129322,Wyrmwind Thrust,84663.0,516427,237223,245879,100174,683157,234171,119008,354542,229674,234054,218180,248611,43424,431436,110195,180608,241409,290051,23973,234023,303702
128743,129503,Nastrond,138542.0,516427,237223,245879,100174,683157,234171,119008,354542,229674,234054,218180,387153,43424,431436,110195,180608,241409,290051,23973,234023,303702
129560,130092,Auto,16143.0,532570,237223,245879,100174,683157,234171,119008,354542,229674,234054,218180,387153,43424,431436,110195,180608,241409,290051,23973,234023,303702
107502,130500,Chaotic Spring (dot),5137.0,532570,237223,251016,100174,683157,234171,119008,354542,229674,234054,218180,387153,43424,431436,110195,180608,241409,290051,23973,234023,303702
130622,131112,High Jump,76968.0,532570,237223,251016,100174,683157,234171,119008,354542,306642,234054,218180,387153,43424,431436,110195,180608,241409,290051,23973,234023,303702
130002,131382,Spiral Blow,57722.0,532570,237223,251016,100174,683157,234171,119008,354542,306642,234054,218180,387153,43424,431436,110195,238330,241409,290051,23973,234023,303702
131423,132223,Dragonfire Dive,96212.0,532570,237223,251016,196386,683157,234171,119008,354542,306642,234054,218180,387153,43424,431436,110195,238330,241409,290051,23973,234023,303702
132360,132892,Auto,16143.0,548713,237223,251016,196386,683157,234171,119008,354542,306642,234054,218180,387153,43424,431436,110195,238330,241409,290051,23973,234023,303702
132503,132953,Chaotic Spring,65420.0,548713,302643,251016,196386,683157,234171,119008,354542,306642,234054,218180,387153,43424,431436,110195,238330,241409,290051,23973,234023,303702
132503,133500,Chaotic Spring (dot),8653.0,548713,302643,259669,196386,683157,234171,119008,354542,306642,234054,218180,387153,43424,431436,110195,238330,241409,290051,23973,234023,303702
133123,134283,Rise of the Dragon,105827.0,548713,302643,259669,196386,683157,234171,119008,354542,306642,234054,218180,387153,43424,431436,216022,238330,241409,290051,23973,234023,303702
133743,134543,Mirage Dive,73114.0,548713,302643,259669,196386,683157,234171,119008,354542,306642,234054,291294,387153,43424,431436,216022,238330,241409,290051,23973,234023,303702
135003,135623,Wheeling Thrust,65420.0,548713,302643,259669,196386,683157,234171,119008,354542,306642,234054,291294,387153,43424,431436,216022,238330,241409,290051,23973,299443,303702
135160,135692,Auto,16143.0,564856,302643,259669,196386,683157,234171,119008,354542,306642,234054,291294,387153,43424,431436,216022,238330,241409,290051,23973,299443,303702
132503,136500,Chaotic Spring (dot),8653.0,564856,302643,268322,196386,683157,234171,119008,354542,306642,234054,291294,387153,43424,431436,216022,238330,241409,290051,23973,299443,303702
137503,138123,Drakesbane,124923.0,564856,302643,268322,196386,808080,234171,119008,354542,306642,234054,291294,387153,43424,431436,216022,238330,241409,290051,23973,299443,303702
137960,138492,Auto,16143.0,580999,302643,268322,196386,808080,234171,119008,354542,306642,234054,291294,387153,43424,431436,216022,238330,241409,290051,23973,299443,303702
138123,139413,Stardiver,161634.0,580999,302643,268322,196386,808080,234171,119008,354542,306642,234054,291294,387153,43424,431436,216022,238330,241409,451685,23973,299443,303702
132503,139500,Chaotic Spring (dot),8653.0,580999,302643,276975,196386,808080,234171,119008,354542,306642,234054,291294,387153,43424,431436,216022,238330,241409,451685,23973,299443,303702
140003,140623,Raiden Thrust,61571.0,580999,302643,276975,196386,808080,234171,119008,354542,306642,234054,291294,387153,43424,493007,216022,238330,241409,451685,23973,299443,303702
140760,141292,Auto,16143.0,597142,302643,276975,196386,808080,234171,119008,354542,306642,234054,291294,387153,43424,493007,216022,238330,241409,451685,23973,299443,303702
132503,142500,Chaotic Spring (dot),8653.0,597142,302643,285628,196386,808080,234171,119008,354542,306642,234054,291294,387153,43424,493007,216022,238330,241409,451685,23973,299443,303702
142503,143443,Lance Barrage,65420.0,597142,302643,285628,196386,808080,234171,119008,354542,306642,299474,291294,387153,43424,493007,216022,238330,241409,451685,23973,299443,303702
143560,144092,Auto,16143.0,613285,302643,285628,196386,808080,234171,119008,354542,306642,299474,291294,387153,43424,493007,216022,238330,241409,451685,23973,299443,303702
143743,144723,Starcross,134698.0,613285,302643,285628,196386,808080,234171,119008,354542,306642,299474,291294,387153,43424,493007,216022,238330,376107,451685,23973,299443,303702
132503,145500,Chaotic Spring (dot),8653.0,613285,302643,294281,196386,808080,234171,119008,354542,306642,299474,291294,387153,43424,493007,216022,238330,376107,451685,23973,299443,303702
145003,145713,Heavens' Thrust,124923.0,613285,302643,294281,196386,808080,234171,119008,479465,306642,299474,291294,387153,43424,493007,216022,238330,376107,451685,23973,299443,303702
146360,146892,Auto,13544.0,626829,302643,294281,196386,808080,234171,119008,479465,306642,299474,291294,387153,43424,493007,216022,238330,376107,451685,23973,299443,303702
147503,148123,Fang and Claw,38982.0,626829,302643,294281,196386,808080,273153,119008,479465,306642,299474,291294,387153,43424,493007,216022,238330,376107,451685,23973,299443,303702
132503,148500,Chaotic Spring (dot),8653.0,626829,302643,302934,196386,808080,273153,119008,479465,306642,299474,291294,387153,43424,493007,216022,238330,376107,451685,23973,299443,303702
149160,149692,Auto,9619.0,636448,302643,302934,196386,808080,273153,119008,479465,306642,299474,291294,387153,43424,493007,216022,238330,376107,451685,23973,299443,303702
150003,150623,Drakesbane,52741.0,636448,302643,302934,196386,860821,273153,119008,479465,306642,299474,291294,387153,43424,493007,216022,238330,376107,451685,23973,299443,303702
132503,151500,Chaotic Spring (dot),8653.0,636448,302643,311587,196386,860821,273153,119008,479465,306642,299474,291294,387153,43424,493007,216022,238330,376107,451685,23973,299443,303702
151960,152492,Auto,9619.0,646067,302643,311587,196386,860821,273153,119008,479465,306642,299474,291294,387153,43424,493007,216022,238330,376107,451685,23973,299443,303702
152503,153123,Raiden Thrust,36689.0,646067,302643,311587,196386,860821,273153,119008,479465,306642,299474,291294,387153,43424,529696,216022,238330,376107,451685,23973,299443,303702
153123,154323,Wyrmwind Thrust,50449.0,646067,302643,311587,196386,860821,273153,119008,479465,306642,299474,291294,387153,43424,529696,216022,238330,376107,451685,23973,299443,354151
132503,154500,Chaotic Spring (dot),8653.0,646067,302643,320240,196386,860821,273153,119008,479465,306642,299474,291294,387153,43424,529696,216022,238330,376107,451685,23973,299443,354151
154760,155292,Auto,9619.0,655686,302643,320240,196386,860821,273153,119008,479465,306642,299474,291294,387153,43424,529696,216022,238330,376107,451685,23973,299443,354151
155003,156383,Spiral Blow,34396.0,655686,302643,320240,196386,860821,273153,119008,479465,306642,299474,291294,387153,43424,529696,216022,272726,376107,451685,23973,299443,354151
157503,157953,Chaotic Spring,38982.0,655686,341625,320240,196386,860821,273153,119008,479465,306642,299474,291294,387153,43424,529696,216022,272726,376107,451685,23973,299443,354151
157560,158092,Auto,9619.0,665305,341625,320240,196386,860821,273153,119008,479465,306642,299474,291294,387153,43424,529696,216022,272726,376107,451685,23973,299443,354151
157503,160500,Chaotic Spring (dot),5156.0,665305,341625,325396,196386,860821,273153,119008,479465,306642,299474,291294,387153,43424,529696,216022,272726,376107,451685,23973,299443,354151
160003,160623,Wheeling Thrust,38982.0,665305,341625,325396,196386,860821,273153,119008,479465,306642,299474,291294,387153,43424,529696,216022,272726,376107,451685,23973,338425,354151
160360,160892,Auto,9619.0,674924,341625,325396,196386,860821,273153,119008,479465,306642,299474,291294,387153,43424,529696,216022,272726,376107,451685,23973,338425,354151
160623,161113,High Jump,45864.0,674924,341625,325396,196386,860821,273153,119008,479465,352506,299474,291294,387153,43424,529696,216022,272726,376107,451685,23973,338425,354151
161423,162223,Mirage Dive,43568.0,674924,341625,325396,196386,860821,273153,119008,479465,352506,299474,334862,387153,43424,529696,216022,272726,376107,451685,23973,338425,354151
162503,163123,Drakesbane,52741.0,674924,341625,325396,196386,913562,273153,119008,479465,352506,299474,334862,387153,43424,529696,216022,272726,376107,451685,23973,338425,354151
157503,163500,Chaotic Spring (dot),5156.0,674924,341625,330552,196386,913562,273153,119008,479465,352506,299474,334862,387153,43424,529696,216022,272726,376107,451685,23973,338425,354151
163160,163692,Auto,9619.0,684543,341625,330552,196386,913562,273153,119008,479465,352506,299474,334862,387153,43424,529696,216022,272726,376107,451685,23973,338425,354151
165003,165623,Raiden Thrust,36664.0,684543,341625,330552,196386,913562,273153,119008,479465,352506,299474,334862,387153,43424,566360,216022,272726,376107,451685,23973,338425,354151
165960,166492,Auto,9612.0,694155,341625,330552,196386,913562,273153,119008,479465,352506,299474,334862,387153,43424,566360,216022,272726,376107,451685,23973,338425,354151
157503,166500,Chaotic Spring (dot),5156.0,694155,341625,335708,196386,913562,273153,119008,479465,352506,299474,334862,387153,43424,566360,216022,272726,376107,451685,23973,338425,354151
167503,168443,Lance Barrage,38955.0,694155,341625,335708,196386,913562,273153,119008,479465,352506,338429,334862,387153,43424,566360,216022,272726,376107,451685,23973,338425,354151
168760,169292,Auto,9612.0,703767,341625,335708,196386,913562,273153,119008,479465,352506,338429,334862,387153,43424,566360,216022,272726,376107,451685,23973,338425,354151
157503,169500,Chaotic Spring (dot),5156.0,703767,341625,340864,196386,913562,273153,119008,479465,352506,338429,334862,387153,43424,566360,216022,272726,376107,451685,23973,338425,354151
170003,170713,Heavens' Thrust,52704.0,703767,341625,340864,196386,913562,273153,119008,532169,352506,338429,334862,387153,43424,566360,216022,272726,376107,451685,23973,338425,354151
171560,172092,Auto,9612.0,713379,341625,340864,196386,913562,273153,119008,532169,352506,338429,334862,387153,43424,566360,216022,272726,376107,451685,23973,338425,354151
157503,172500,Chaotic Spring (dot),5156.0,713379,341625,346020,196386,913562,273153,119008,532169,352506,338429,334862,387153,43424,566360,216022,272726,376107,451685,23973,338425,354151
172503,173123,Fang and Claw,38955.0,713379,341625,346020,196386,913562,312108,119008,532169,352506,338429,334862,387153,43424,566360,216022,272726,376107,451685,23973,338425,354151
174360,174892,Auto,9612.0,722991,341625,346020,196386,913562,312108,119008,532169,352506,338429,334862,387153,43424,566360,216022,272726,376107,451685,23973,338425,354151
157503,175500,Chaotic Spring (dot),5156.0,722991,341625,351176,196386,913562,312108,119008,532169,352506,338429,334862,387153,43424,566360,216022,272726,376107,451685,23973,338425,354151
175004,175624,Drakesbane,52704.0,722991,341625,351176,196386,966266,312108,119008,532169,352506,338429,334862,387153,43424,566360,216022,272726,376107,451685,23973,338425,354151
177160,177692,Auto,9612.0,732603,341625,351176,196386,966266,312108,119008,532169,352506,338429,334862,387153,43424,566360,216022,272726,376107,451685,23973,338425,354151
177504,178124,Raiden Thrust,36664.0,732603,341625,351176,196386,966266,312108,119008,532169,352506,338429,334862,387153,43424,603024,216022,272726,376107,451685,23973,338425,354151
157503,178500,Chaotic Spring (dot),5156.0,732603,341625,356332,196386,966266,312108,119008,532169,352506,338429,334862,387153,43424,603024,216022,272726,376107,451685,23973,338425,354151
179960,180492,Auto,9612.0,742215,341625,356332,196386,966266,312108,119008,532169,352506,338429,334862,387153,43424,603024,216022,272726,376107,451685,23973,338425,354151
180004,181384,Spiral Blow,34372.0,742215,341625,356332,196386,966266,312108,119008,532169,352506,338429,334862,387153,43424,603024,216022,307098,376107,451685,23973,338425,354151
157503,181500,Chaotic Spring (dot),5156.0,742215,341625,361488,196386,966266,312108,119008,532169,352506,338429,334862,387153,43424,603024,216022,307098,376107,451685,23973,338425,354151
182504,182954,Chaotic Spring,38955.0,742215,380580,361488,196386,966266,312108,119008,532169,352506,338429,334862,387153,43424,603024,216022,307098,376107,451685,23973,338425,354151
182760,183292,Auto,9612.0,751827,380580,361488,196386,966266,312108,119008,532169,352506,338429,334862,387153,43424,603024,216022,307098,376107,451685,23973,338425,354151
182504,184500,Chaotic Spring (dot),5153.0,751827,380580,366641,196386,966266,312108,119008,532169,352506,338429,334862,387153,43424,603024,216022,307098,376107,451685,23973,338425,354151
185004,185624,Wheeling Thrust,38955.0,751827,380580,366641,196386,966266,312108,119008,532169,352506,338429,334862,387153,43424,603024,216022,307098,376107,451685,23973,377380,354151
185560,186092,Auto,9612.0,761439,380580,366641,196386,966266,312108,119008,532169,352506,338429,334862,387153,43424,603024,216022,307098,376107,451685,23973,377380,354151
182504,187500,Chaotic Spring (dot),5153.0,761439,380580,371794,196386,966266,312108,119008,532169,352506,338429,334862,387153,43424,603024,216022,307098,376107,451685,23973,377380,354151
186863,187533,Geirskogul,32079.0,761439,380580,371794,196386,966266,312108,151087,532169,352506,338429,334862,387153,43424,603024,216022,307098,376107,451685,23973,377380,354151
187504,188124,Drakesbane,66671.0,761439,380580,371794,196386,1032937,312108,151087,532169,352506,338429,334862,387153,43424,603024,216022,307098,376107,451685,23973,377380,354151
188360,188892,Auto,12160.0,773599,380580,371794,196386,1032937,312108,151087,532169,352506,338429,334862,387153,43424,603024,216022,307098,376107,451685,23973,377380,354151
188124,189324,Wyrmwind Thrust,63774.0,773599,380580,371794,196386,1032937,312108,151087,532169,352506,338429,334862,387153,43424,603024,216022,307098,376107,451685,23973,377380,417925
188744,189504,Nastrond,104360.0,773599,380580,371794,196386,1032937,312108,151087,532169,352506,338429,334862,491513,43424,603024,216022,307098,376107,451685,23973,377380,417925
182504,190500,Chaotic Spring (dot),5153.0,773599,380580,376947,196386,1032937,312108,151087,532169,352506,338429,334862,491513,43424,603024,216022,307098,376107,451685,23973,377380,417925
190004,190624,Raiden Thrust,46380.0,773599,380580,376947,196386,1032937,312108,151087,532169,352506,338429,334862,491513,43424,649404,216022,307098,376107,451685,23973,377380,417925
190624,191114,High Jump,57978.0,773599,380580,376947,196386,1032937,312108,151087,532169,410484,338429,334862,491513,43424,649404,216022,307098,376107,451685,23973,377380,417925
191160,191692,Auto,12160.0,785759,380580,376947,196386,1032937,312108,151087,532169,410484,338429,334862,491513,43424,649404,216022,307098,376107,451685,23973,377380,417925
191424,192224,Mirage Dive,55075.0,785759,380580,376947,196386,1032937,312108,151087,532169,410484,338429,389937,491513,43424,649404,216022,307098,376107,451685,23973,377380,417925
192504,193444,Lance Barrage,49278.0,785759,380580,376947,196386,1032937,312108,151087,532169,410484,387707,389937,491513,43424,649404,216022,307098,376107,451685,23973,377380,417925
182504,193500,Chaotic Spring (dot),5153.0,785759,380580,382100,196386,1032937,312108,151087,532169,410484,387707,389937,491513,43424,649404,216022,307098,376107,451685,23973,377380,417925
193960,194492,Auto,12160.0,797919,380580,382100,196386,1032937,312108,151087,532169,410484,387707,389937,491513,43424,649404,216022,307098,376107,451685,23973,377380,417925
195004,195714,Heavens' Thrust,92393.0,797919,380580,382100,196386,1032937,312108,151087,624562,410484,387707,389937,491513,43424,649404,216022,307098,376107,451685,23973,377380,417925
182504,196500,Chaotic Spring (dot),5153.0,797919,380580,387253,196386,1032937,312108,151087,624562,410484,387707,389937,491513,43424,649404,216022,307098,376107,451685,23973,377380,417925
195624,196914,Stardiver,121754.0,797919,380580,387253,196386,1032937,312108,151087,624562,410484,387707,389937,491513,43424,649404,216022,307098,376107,573439,23973,377380,417925
196760,197292,Auto,12160.0,810079,380580,387253,196386,1032937,312108,151087,624562,410484,387707,389937,491513,43424,649404,216022,307098,376107,573439,23973,377380,417925
197504,198124,Fang and Claw,49278.0,810079,380580,387253,196386,1032937,361386,151087,624562,410484,387707,389937,491513,43424,649404,216022,307098,376107,573439,23973,377380,417925
198124,199104,Starcross,101464.0,810079,380580,387253,196386,1032937,361386,151087,624562,410484,387707,389937,491513,43424,649404,216022,307098,477571,573439,23973,377380,417925
182504,199500,Chaotic Spring (dot),5153.0,810079,380580,392406,196386,1032937,361386,151087,624562,410484,387707,389937,491513,43424,649404,216022,307098,477571,573439,23973,377380,417925
199560,200092,Auto,12160.0,822239,380580,392406,196386,1032937,361386,151087,624562,410484,387707,389937,491513,43424,649404,216022,307098,477571,573439,23973,377380,417925
200004,200624,Drakesbane,66671.0,822239,380580,392406,196386,1099608,361386,151087,624562,410484,387707,389937,491513,43424,649404,216022,307098,477571,573439,23973,377380,417925
182504,202500,Chaotic Spring (dot),5153.0,822239,380580,397559,196386,1099608,361386,151087,624562,410484,387707,389937,491513,43424,649404,216022,307098,477571,573439,23973,377380,417925
202360,202892,Auto,12124.0,834363,380580,397559,196386,1099608,361386,151087,624562,410484,387707,389937,491513,43424,649404,216022,307098,477571,573439,23973,377380,417925
202504,203124,Raiden Thrust,46240.0,834363,380580,397559,196386,1099608,361386,151087,624562,410484,387707,389937,491513,43424,695644,216022,307098,477571,573439,23973,377380,417925
203124,204324,Wyrmwind Thrust,63582.0,834363,380580,397559,196386,1099608,361386,151087,624562,410484,387707,389937,491513,43424,695644,216022,307098,477571,573439,23973,377380,481507
182504,205500,Chaotic Spring (dot),5153.0,834363,380580,402712,196386,1099608,361386,151087,624562,410484,387707,389937,491513,43424,695644,216022,307098,477571,573439,23973,377380,481507
205160,205692,Auto,12124.0,846487,380580,402712,196386,1099608,361386,151087,624562,410484,387707,389937,491513,43424,695644,216022,307098,477571,573439,23973,377380,481507
205004,206384,Spiral Blow,43350.0,846487,380580,402712,196386,1099608,361386,151087,624562,410484,387707,389937,491513,43424,695644,216022,350448,477571,573439,23973,377380,481507
207504,207954,Chaotic Spring,38838.0,846487,419418,402712,196386,1099608,361386,151087,624562,410484,387707,389937,491513,43424,695644,216022,350448,477571,573439,23973,377380,481507
207960,208492,Auto,9584.0,856071,419418,402712,196386,1099608,361386,151087,624562,410484,387707,389937,491513,43424,695644,216022,350448,477571,573439,23973,377380,481507
207504,208500,Chaotic Spring (dot),5137.0,856071,419418,407849,196386,1099608,361386,151087,624562,410484,387707,389937,491513,43424,695644,216022,350448,477571,573439,23973,377380,481507
210004,210624,Wheeling Thrust,38838.0,856071,419418,407849,196386,1099608,361386,151087,624562,410484,387707,389937,491513,43424,695644,216022,350448,477571,573439,23973,416218,481507
210760,211292,Auto,9584.0,865655,419418,407849,196386,1099608,361386,151087,624562,410484,387707,389937,491513,43424,695644,216022,350448,477571,573439,23973,416218,481507
207504,211500,Chaotic Spring (dot),5137.0,865655,419418,412986,196386,1099608,361386,151087,624562,410484,387707,389937,491513,43424,695644,216022,350448,477571,573439,23973,416218,481507
212504,213124,Drakesbane,52546.0,865655,419418,412986,196386,1152154,361386,151087,624562,410484,387707,389937,491513,43424,695644,216022,350448,477571,573439,23973,416218,481507
213560,214092,Auto,9584.0,875239,419418,412986,196386,1152154,361386,151087,624562,410484,387707,389937,491513,43424,695644,216022,350448,477571,573439,23973,416218,481507
207504,214500,Chaotic Spring (dot),5137.0,875239,419418,418123,196386,1152154,361386,151087,624562,410484,387707,389937,491513,43424,695644,216022,350448,477571,573439,23973,416218,481507
215004,215624,Raiden Thrust,36553.0,875239,419418,418123,196386,1152154,361386,151087,624562,410484,387707,389937,491513,43424,732197,216022,350448,477571,573439,23973,416218,481507
216360,216892,Auto,9584.0,884823,419418,418123,196386,1152154,361386,151087,624562,410484,387707,389937,491513,43424,732197,216022,350448,477571,573439,23973,416218,481507
207504,217500,Chaotic Spring (dot),5137.0,884823,419418,423260,196386,1152154,361386,151087,624562,410484,387707,389937,491513,43424,732197,216022,350448,477571,573439,23973,416218,481507
217504,218444,Lance Barrage,38838.0,884823,419418,423260,196386,1152154,361386,151087,624562,410484,426545,389937,491513,43424,732197,216022,350448,477571,573439,23973,416218,481507
219160,219692,Auto,9584.0,894407,419418,423260,196386,1152154,361386,151087,624562,410484,426545,389937,491513,43424,732197,216022,350448,477571,573439,23973,416218,481507
207504,220500,Chaotic Spring (dot),5137.0,894407,419418,428397,196386,1152154,361386,151087,624562,410484,426545,389937,491513,43424,732197,216022,350448,477571,573439,23973,416218,481507
220004,220714,Heavens' Thrust,52546.0,894407,419418,428397,196386,1152154,361386,151087,677108,410484,426545,389937,491513,43424,732197,216022,350448,477571,573439,23973,416218,481507
220624,221114,High Jump,45694.0,894407,419418,428397,196386,1152154,361386,151087,677108,456178,426545,389937,491513,43424,732197,216022,350448,477571,573439,23973,416218,481507
221424,222224,Mirage Dive,43407.0,894407,419418,428397,196386,1152154,361386,151087,677108,456178,426545,433344,491513,43424,732197,216022,350448,477571,573439,23973,416218,481507
221960,222492,Auto,9584.0,903991,419418,428397,196386,1152154,361386,151087,677108,456178,426545,433344,491513,43424,732197,216022,350448,477571,573439,23973,416218,481507
222504,223124,Fang and Claw,38838.0,903991,419418,428397,196386,1152154,400224,151087,677108,456178,426545,433344,491513,43424,732197,216022,350448,477571,573439,23973,416218,481507
207504,223500,Chaotic Spring (dot),5137.0,903991,419418,433534,196386,1152154,400224,151087,677108,456178,426545,433344,491513,43424,732197,216022,350448,477571,573439,23973,416218,481507
224760,225292,Auto,9584.0,913575,419418,433534,196386,1152154,400224,151087,677108,456178,426545,433344,491513,43424,732197,216022,350448,477571,573439,23973,416218,481507
225005,225625,Drakesbane,52546.0,913575,419418,433534,196386,1204700,400224,151087,677108,456178,426545,433344,491513,43424,732197,216022,350448,477571,573439,23973,416218,481507
207504,226500,Chaotic Spring (dot),5137.0,913575,419418,438671,196386,1204700,400224,151087,677108,456178,426545,433344,491513,43424,732197,216022,350448,477571,573439,23973,416218,481507
227560,228092,Auto,9584.0,923159,419418,438671,196386,1204700,400224,151087,677108,456178,426545,433344,491513,43424,732197,216022,350448,477571,573439,23973,416218,481507
227505,228125,Raiden Thrust,36553.0,923159,419418,438671,196386,1204700,400224,151087,677108,456178,426545,433344,491513,43424,768750,216022,350448,477571,573439,23973,416218,481507
228125,229325,Wyrmwind Thrust,50262.0,923159,419418,438671,196386,1204700,400224,151087,677108,456178,426545,433344,491513,43424,768750,216022,350448,477571,573439,23973,416218,531769
207504,229500,Chaotic Spring (dot),5137.0,923159,419418,443808,196386,1204700,400224,151087,677108,456178,426545,433344,491513,43424,768750,216022,350448,477571,573439,23973,416218,531769
230360,230892,Auto,9584.0,932743,419418,443808,196386,1204700,400224,151087,677108,456178,426545,433344,491513,43424,768750,216022,350448,477571,573439,23973,416218,531769
230005,231385,Spiral Blow,34268.0,932743,419418,443808,196386,1204700,400224,151087,677108,456178,426545,433344,491513,43424,768750,216022,384716,477571,573439,23973,416218,531769
232505,232955,Chaotic Spring,38838.0,932743,458256,443808,196386,1204700,400224,151087,677108,456178,426545,433344,491513,43424,768750,216022,384716,477571,573439,23973,416218,531769
233160,233692,Auto,9584.0,942327,458256,443808,196386,1204700,400224,151087,677108,456178,426545,433344,491513,43424,768750,216022,384716,477571,573439,23973,416218,531769
232505,235500,Chaotic Spring (dot),5137.0,942327,458256,448945,196386,1204700,400224,151087,677108,456178,426545,433344,491513,43424,768750,216022,384716,477571,573439,23973,416218,531769
235005,235625,Wheeling Thrust,38838.0,942327,458256,448945,196386,1204700,400224,151087,677108,456178,426545,433344,491513,43424,768750,216022,384716,477571,573439,23973,455056,531769
235960,236492,Auto,9584.0,951911,458256,448945,196386,1204700,400224,151087,677108,456178,426545,433344,491513,43424,768750,216022,384716,477571,573439,23973,455056,531769
237505,238125,Drakesbane,52546.0,951911,458256,448945,196386,1257246,400224,151087,677108,456178,426545,433344,491513,43424,768750,216022,384716,477571,573439,23973,455056,531769
232505,238500,Chaotic Spring (dot),5137.0,951911,458256,454082,196386,1257246,400224,151087,677108,456178,426545,433344,491513,43424,768750,216022,384716,477571,573439,23973,455056,531769
238760,239292,Auto,9584.0,961495,458256,454082,196386,1257246,400224,151087,677108,456178,426545,433344,491513,43424,768750,216022,384716,477571,573439,23973,455056,531769
240005,240625,Raiden Thrust,36553.0,961495,458256,454082,196386,1257246,400224,151087,677108,456178,426545,433344,491513,43424,805303,216022,384716,477571,573439,23973,455056,531769
232505,241500,Chaotic Spring (dot),5137.0,961495,458256,459219,196386,1257246,400224,151087,677108,456178,426545,433344,491513,43424,805303,216022,384716,477571,573439,23973,455056,531769
241560,242092,Auto,9619.0,971114,458256,459219,196386,1257246,400224,151087,677108,456178,426545,433344,491513,43424,805303,216022,384716,477571,573439,23973,455056,531769
242505,243445,Lance Barrage,38982.0,971114,458256,459219,196386,1257246,400224,151087,677108,456178,465527,433344,491513,43424,805303,216022,384716,477571,573439,23973,455056,531769
232505,244500,Chaotic Spring (dot),5137.0,971114,458256,464356,196386,1257246,400224,151087,677108,456178,465527,433344,491513,43424,805303,216022,384716,477571,573439,23973,455056,531769
244360,244892,Auto,9619.0,980733,458256,464356,196386,1257246,400224,151087,677108,456178,465527,433344,491513,43424,805303,216022,384716,477571,573439,23973,455056,531769
245005,245715,Heavens' Thrust,52741.0,980733,458256,464356,196386,1257246,400224,151087,729849,456178,465527,433344,491513,43424,805303,216022,384716,477571,573439,23973,455056,531769
232505,247500,Chaotic Spring (dot),5137.0,980733,458256,469493,196386,1257246,400224,151087,729849,456178,465527,433344,491513,43424,805303,216022,384716,477571,573439,23973,455056,531769
246865,247535,Geirskogul,42586.0,980733,458256,469493,196386,1257246,400224,193673,729849,456178,465527,433344,491513,43424,805303,216022,384716,477571,573439,23973,455056,531769
247160,247692,Auto,16143.0,996876,458256,469493,196386,1257246,400224,193673,729849,456178,465527,433344,491513,43424,805303,216022,384716,477571,573439,23973,455056,531769
247505,248125,Fang and Claw,65420.0,996876,458256,469493,196386,1257246,465644,193673,729849,456178,465527,433344,491513,43424,805303,216022,384716,477571,573439,23973,455056,531769
248745,249505,Nastrond,138542.0,996876,458256,469493,196386,1257246,465644,193673,729849,456178,465527,433344,630055,43424,805303,216022,384716,477571,573439,23973,455056,531769
249960,250492,Auto,16143.0,1013019,458256,469493,196386,1257246,465644,193673,729849,456178,465527,433344,630055,43424,805303,216022,384716,477571,573439,23973,455056,531769
232505,250500,Chaotic Spring (dot),5137.0,1013019,458256,474630,196386,1257246,465644,193673,729849,456178,465527,433344,630055,43424,805303,216022,384716,477571,573439,23973,455056,531769
250005,250625,Drakesbane,124923.0,1013019,458256,474630,196386,1382169,465644,193673,729849,456178,465527,433344,630055,43424,805303,216022,384716,477571,573439,23973,455056,531769
250625,251115,High Jump,76968.0,1013019,458256,474630,196386,1382169,465644,193673,729849,533146,465527,433344,630055,43424,805303,216022,384716,477571,573439,23973,455056,531769
251425,252225,Dragonfire Dive,96212.0,1013019,458256,474630,292598,1382169,465644,193673,729849,533146,465527,433344,630055,43424,805303,216022,384716,477571,573439,23973,455056,531769
252505,253125,Raiden Thrust,61571.0,1013019,458256,474630,292598,1382169,465644,193673,729849,533146,465527,433344,630055,43424,866874,216022,384716,477571,573439,23973,455056,531769
252760,253292,Auto,16143.0,1029162,458256,474630,292598,1382169,465644,193673,729849,533146,465527,433344,630055,43424,866874,216022,384716,477571,573439,23973,455056,531769
232505,253500,Chaotic Spring (dot),5137.0,1029162,458256,479767,292598,1382169,465644,193673,729849,533146,465527,433344,630055,43424,866874,216022,384716,477571,573439,23973,455056,531769
253125,254285,Rise of the Dragon,105827.0,1029162,458256,479767,292598,1382169,465644,193673,729849,533146,465527,433344,630055,43424,866874,321849,384716,477571,573439,23973,455056,531769
253745,254545,Mirage Dive,73114.0,1029162,458256,479767,292598,1382169,465644,193673,729849,533146,465527,506458,630055,43424,866874,321849,384716,477571,573439,23973,455056,531769
255560,256092,Auto,16143.0,1045305,458256,479767,292598,1382169,465644,193673,729849,533146,465527,506458,630055,43424,866874,321849,384716,477571,573439,23973,455056,531769
255005,256385,Spiral Blow,57722.0,1045305,458256,479767,292598,1382169,465644,193673,729849,533146,465527,506458,630055,43424,866874,321849,442438,477571,573439,23973,455056,531769
232505,256500,Chaotic Spring (dot),5137.0,1045305,458256,484904,292598,1382169,465644,193673,729849,533146,465527,506458,630055,43424,866874,321849,442438,477571,573439,23973,455056,531769
255625,256825,Wyrmwind Thrust,84663.0,1045305,458256,484904,292598,1382169,465644,193673,729849,533146,465527,506458,630055,43424,866874,321849,442438,477571,573439,23973,455056,616432
257505,257955,Chaotic Spring,65420.0,1045305,523676,484904,292598,1382169,465644,193673,729849,533146,465527,506458,630055,43424,866874,321849,442438,477571,573439,23973,455056,616432
258360,258892,Auto,16143.0,1061448,523676,484904,292598,1382169,465644,193673,729849,533146,465527,506458,630055,43424,866874,321849,442438,477571,573439,23973,455056,616432
258125,259415,Stardiver,161634.0,1061448,523676,484904,292598,1382169,465644,193673,729849,533146,465527,506458,630055,43424,866874,321849,442438,477571,735073,23973,455056,616432
257505,259500,Chaotic Spring (dot),8653.0,1061448,523676,493557,292598,1382169,465644,193673,729849,533146,465527,506458,630055,43424,866874,321849,442438,477571,735073,23973,455056,616432
260005,260625,Wheeling Thrust,65420.0,1061448,523676,493557,292598,1382169,465644,193673,729849,533146,465527,506458,630055,43424,866874,321849,442438,477571,735073,23973,520476,616432
261160,261692,Auto,16143.0,1077591,523676,493557,292598,1382169,465644,193673,729849,533146,465527,506458,630055,43424,866874,321849,442438,477571,735073,23973,520476,616432
261245,262225,Starcross,134698.0,1077591,523676,493557,292598,1382169,465644,193673,729849,533146,465527,506458,630055,43424,866874,321849,442438,612269,735073,23973,520476,616432
257505,262500,Chaotic Spring (dot),8653.0,1077591,523676,502210,292598,1382169,465644,193673,729849,533146,465527,506458,630055,43424,866874,321849,442438,612269,735073,23973,520476,616432
262505,263125,Drakesbane,124923.0,1077591,523676,502210,292598,1507092,465644,193673,729849,533146,465527,506458,630055,43424,866874,321849,442438,612269,735073,23973,520476,616432
263960,264492,Auto,16143.0,1093734,523676,502210,292598,1507092,465644,193673,729849,533146,465527,506458,630055,43424,866874,321849,442438,612269,735073,23973,520476,616432
257505,265500,Chaotic Spring (dot),8653.0,1093734,523676,510863,292598,1507092,465644,193673,729849,533146,465527,506458,630055,43424,866874,321849,442438,612269,735073,23973,520476,616432
265005,265625,Raiden Thrust,61571.0,1093734,523676,510863,292598,1507092,465644,193673,729849,533146,465527,506458,630055,43424,928445,321849,442438,612269,735073,23973,520476,616432
266760,267292,Auto,12169.0,1105903,523676,510863,292598,1507092,465644,193673,729849,533146,465527,506458,630055,43424,928445,321849,442438,612269,735073,23973,520476,616432
267505,268445,Lance Barrage,38982.0,1105903,523676,510863,292598,1507092,465644,193673,729849,533146,504509,506458,630055,43424,928445,321849,442438,612269,735073,23973,520476,616432
257505,268500,Chaotic Spring (dot),8653.0,1105903,523676,519516,292598,1507092,465644,193673,729849,533146,504509,506458,630055,43424,928445,321849,442438,612269,735073,23973,520476,616432
269560,270092,Auto,9619.0,1115522,523676,519516,292598,1507092,465644,193673,729849,533146,504509,506458,630055,43424,928445,321849,442438,612269,735073,23973,520476,616432
270005,270715,Heavens' Thrust,52741.0,1115522,523676,519516,292598,1507092,465644,193673,782590,533146,504509,506458,630055,43424,928445,321849,442438,612269,735073,23973,520476,616432
257505,271500,Chaotic Spring (dot),8653.0,1115522,523676,528169,292598,1507092,465644,193673,782590,533146,504509,506458,630055,43424,928445,321849,442438,612269,735073,23973,520476,616432
272360,272892,Auto,9619.0,1125141,523676,528169,292598,1507092,465644,193673,782590,533146,504509,506458,630055,43424,928445,321849,442438,612269,735073,23973,520476,616432
272505,273125,Fang and Claw,38982.0,1125141,523676,528169,292598,1507092,504626,193673,782590,533146,504509,506458,630055,43424,928445,321849,442438,612269,735073,23973,520476,616432
257505,274500,Chaotic Spring (dot),8653.0,1125141,523676,536822,292598,1507092,504626,193673,782590,533146,504509,506458,630055,43424,928445,321849,442438,612269,735073,23973,520476,616432
275006,275626,Drakesbane,52741.0,1125141,523676,536822,292598,1559833,504626,193673,782590,533146,504509,506458,630055,43424,928445,321849,442438,612269,735073,23973,520476,616432
275160,275692,Auto,9619.0,1134760,523676,536822,292598,1559833,504626,193673,782590,533146,504509,506458,630055,43424,928445,321849,442438,612269,735073,23973,520476,616432
257505,277500,Chaotic Spring (dot),8653.0,1134760,523676,545475,292598,1559833,504626,193673,782590,533146,504509,506458,630055,43424,928445,321849,442438,612269,735073,23973,520476,616432
277506,278126,Raiden Thrust,36689.0,1134760,523676,545475,292598,1559833,504626,193673,782590,533146,504509,506458,630055,43424,965134,321849,442438,612269,735073,23973,520476,616432
277960,278492,Auto,9619.0,1144379,523676,545475,292598,1559833,504626,193673,782590,533146,504509,506458,630055,43424,965134,321849,442438,612269,735073,23973,520476,616432
278126,279326,Wyrmwind Thrust,50449.0,1144379,523676,545475,292598,1559833,504626,193673,782590,533146,504509,506458,630055,43424,965134,321849,442438,612269,735073,23973,520476,666881
257505,280500,Chaotic Spring (dot),8653.0,1144379,523676,554128,292598,1559833,504626,193673,782590,533146,504509,506458,630055,43424,965134,321849,442438,612269,735073,23973,520476,666881
280626,281116,High Jump,45864.0,1144379,523676,554128,292598,1559833,504626,193673,782590,579010,504509,506458,630055,43424,965134,321849,442438,612269,735073,23973,520476,666881
280760,281292,Auto,9619.0,1153998,523676,554128,292598,1559833,504626,193673,782590,579010,504509,506458,630055,43424,965134,321849,442438,612269,735073,23973,520476,666881
280006,281386,Spiral Blow,34396.0,1153998,523676,554128,292598,1559833,504626,193673,782590,579010,504509,506458,630055,43424,965134,321849,476834,612269,735073,23973,520476,666881
282506,282956,Chaotic Spring,38982.0,1153998,562658,554128,292598,1559833,504626,193673,782590,579010,504509,506458,630055,43424,965134,321849,476834,612269,735073,23973,520476,666881
282506,283500,Chaotic Spring (dot),5156.0,1153998,562658,559284,292598,1559833,504626,193673,782590,579010,504509,506458,630055,43424,965134,321849,476834,612269,735073,23973,520476,666881
283126,283926,Mirage Dive,43568.0,1153998,562658,559284,292598,1559833,504626,193673,782590,579010,504509,550026,630055,43424,965134,321849,476834,612269,735073,23973,520476,666881
283560,284092,Auto,9619.0,1163617,562658,559284,292598,1559833,504626,193673,782590,579010,504509,550026,630055,43424,965134,321849,476834,612269,735073,23973,520476,666881
285006,285626,Wheeling Thrust,38955.0,1163617,562658,559284,292598,1559833,504626,193673,782590,579010,504509,550026,630055,43424,965134,321849,476834,612269,735073,23973,559431,666881
282506,286500,Chaotic Spring (dot),5156.0,1163617,562658,564440,292598,1559833,504626,193673,782590,579010,504509,550026,630055,43424,965134,321849,476834,612269,735073,23973,559431,666881
286360,286892,Auto,9612.0,1173229,562658,564440,292598,1559833,504626,193673,782590,579010,504509,550026,630055,43424,965134,321849,476834,612269,735073,23973,559431,666881
287506,288126,Drakesbane,52704.0,1173229,562658,564440,292598,1612537,504626,193673,782590,579010,504509,550026,630055,43424,965134,321849,476834,612269,735073,23973,559431,666881
282506,289500,Chaotic Spring (dot),5156.0,1173229,562658,569596,292598,1612537,504626,193673,782590,579010,504509,550026,630055,43424,965134,321849,476834,612269,735073,23973,559431,666881
289160,289692,Auto,9612.0,1182841,562658,569596,292598,1612537,504626,193673,782590,579010,504509,550026,630055,43424,965134,321849,476834,612269,735073,23973,559431,666881
290006,290626,Raiden Thrust,36664.0,1182841,562658,569596,292598,1612537,504626,193673,782590,579010,504509,550026,630055,43424,1001798,321849,476834,612269,735073,23973,559431,666881
291960,292492,Auto,9612.0,1192453,562658,569596,292598,1612537,504626,193673,782590,579010,504509,550026,630055,43424,1001798,321849,476834,612269,735073,23973,559431,666881
282506,292500,Chaotic Spring (dot),5156.0,1192453,562658,574752,292598,1612537,504626,193673,782590,579010,504509,550026,630055,43424,1001798,321849,476834,612269,735073,23973,559431,666881
292506,293446,Lance Barrage,38955.0,1192453,562658,574752,292598,1612537,504626,193673,782590,579010,543464,550026,630055,43424,1001798,321849,476834,612269,735073,23973,559431,666881
294760,295292,Auto,9612.0,1202065,562658,574752,292598,1612537,504626,193673,782590,579010,543464,550026,630055,43424,1001798,321849,476834,612269,735073,23973,559431,666881
282506,295500,Chaotic Spring (dot),5156.0,1202065,562658,579908,292598,1612537,504626,193673,782590,579010,543464,550026,630055,43424,1001798,321849,476834,612269,735073,23973,559431,666881
295006,295716,Heavens' Thrust,52704.0,1202065,562658,579908,292598,1612537,504626,193673,835294,579010,543464,550026,630055,43424,1001798,321849,476834,612269,735073,23973,559431,666881
297560,298092,Auto,9612.0,1211677,562658,579908,292598,1612537,504626,193673,835294,579010,543464,550026,630055,43424,1001798,321849,476834,612269,735073,23973,559431,666881
297506,298126,Fang and Claw,38955.0,1211677,562658,579908,292598,1612537,543581,193673,835294,579010,543464,550026,630055,43424,1001798,321849,476834,612269,735073,23973,559431,666881
282506,298500,Chaotic Spring (dot),5156.0,1211677,562658,585064,292598,1612537,543581,193673,835294,579010,543464,550026,630055,43424,1001798,321849,476834,612269,735073,23973,559431,666881
300006,300626,Drakesbane,52704.0,1211677,562658,585064,292598,1665241,543581,193673,835294,579010,543464,550026,630055,43424,1001798,321849,476834,612269,735073,23973,559431,666881
300360,300892,Auto,9612.0,1221289,562658,585064,292598,1665241,543581,193673,835294,579010,543464,550026,630055,43424,1001798,321849,476834,612269,735073,23973,559431,666881
282506,301500,Chaotic Spring (dot),5156.0,1221289,562658,590220,292598,1665241,543581,193673,835294,579010,543464,550026,630055,43424,1001798,321849,476834,612269,735073,23973,559431,666881
302506,303126,Raiden Thrust,36664.0,1221289,562658,590220,292598,1665241,543581,193673,835294,579010,543464,550026,630055,43424,1038462,321849,476834,612269,735073,23973,559431,666881
303160,303692,Auto,9612.0,1230901,562658,590220,292598,1665241,543581,193673,835294,579010,543464,550026,630055,43424,1038462,321849,476834,612269,735073,23973,559431,666881
282506,304500,Chaotic Spring (dot),5156.0,1230901,562658,595376,292598,1665241,543581,193673,835294,579010,543464,550026,630055,43424,1038462,321849,476834,612269,735073,23973,559431,666881
305006,306386,Spiral Blow,34372.0,1230901,562658,595376,292598,1665241,543581,193673,835294,579010,543464,550026,630055,43424,1038462,321849,511206,612269,735073,23973,559431,666881
305960,306492,Auto,9612.0,1240513,562658,595376,292598,1665241,543581,193673,835294,579010,543464,550026,630055,43424,1038462,321849,511206,612269,735073,23973,559431,666881
306865,307535,Geirskogul,32079.0,1240513,562658,595376,292598,1665241,543581,225752,835294,579010,543464,550026,630055,43424,1038462,321849,511206,612269,735073,23973,559431,666881
307506,307956,Chaotic Spring,49278.0,1240513,611936,595376,292598,1665241,543581,225752,835294,579010,543464,550026,630055,43424,1038462,321849,511206,612269,735073,23973,559431,666881
308760,309292,Auto,12160.0,1252673,611936,595376,292598,1665241,543581,225752,835294,579010,543464,550026,630055,43424,1038462,321849,511206,612269,735073,23973,559431,666881
308126,309326,Wyrmwind Thrust,63774.0,1252673,611936,595376,292598,1665241,543581,225752,835294,579010,543464,550026,630055,43424,1038462,321849,511206,612269,735073,23973,559431,730655
308746,309506,Nastrond,104360.0,1252673,611936,595376,292598,1665241,543581,225752,835294,579010,543464,550026,734415,43424,1038462,321849,511206,612269,735073,23973,559431,730655
307506,310500,Chaotic Spring (dot),6518.0,1252673,611936,601894,292598,1665241,543581,225752,835294,579010,543464,550026,734415,43424,1038462,321849,511206,612269,735073,23973,559431,730655
310006,310626,Wheeling Thrust,49278.0,1252673,611936,601894,292598,1665241,543581,225752,835294,579010,543464,550026,734415,43424,1038462,321849,511206,612269,735073,23973,608709,730655
310626,311116,High Jump,57978.0,1252673,611936,601894,292598,1665241,543581,225752,835294,636988,543464,550026,734415,43424,1038462,321849,511206,612269,735073,23973,608709,730655
311560,312092,Auto,12160.0,1264833,611936,601894,292598,1665241,543581,225752,835294,636988,543464,550026,734415,43424,1038462,321849,511206,612269,735073,23973,608709,730655
312506,313126,Drakesbane,92393.0,1264833,611936,601894,292598,1757634,543581,225752,835294,636988,543464,550026,734415,43424,1038462,321849,511206,612269,735073,23973,608709,730655
307506,313500,Chaotic Spring (dot),6518.0,1264833,611936,608412,292598,1757634,543581,225752,835294,636988,543464,550026,734415,43424,1038462,321849,511206,612269,735073,23973,608709,730655
313126,314416,Stardiver,121754.0,1264833,611936,608412,292598,1757634,543581,225752,835294,636988,543464,550026,734415,43424,1038462,321849,511206,612269,856827,23973,608709,730655
314360,314892,Auto,12160.0,1276993,611936,608412,292598,1757634,543581,225752,835294,636988,543464,550026,734415,43424,1038462,321849,511206,612269,856827,23973,608709,730655
315006,315626,Raiden Thrust,46380.0,1276993,611936,608412,292598,1757634,543581,225752,835294,636988,543464,550026,734415,43424,1084842,321849,511206,612269,856827,23973,608709,730655
307506,316500,Chaotic Spring (dot),6518.0,1276993,611936,614930,292598,1757634,543581,225752,835294,636988,543464,550026,734415,43424,1084842,321849,511206,612269,856827,23973,608709,730655
315626,316606,Starcross,101464.0,1276993,611936,614930,292598,1757634,543581,225752,835294,636988,543464,550026,734415,43424,1084842,321849,511206,713733,856827,23973,608709,730655
316246,317046,Mirage Dive,55075.0,1276993,611936,614930,292598,1757634,543581,225752,835294,636988,543464,605101,734415,43424,1084842,321849,511206,713733,856827,23973,608709,730655
317160,317692,Auto,12160.0,1289153,611936,614930,292598,1757634,543581,225752,835294,636988,543464,605101,734415,43424,1084842,321849,511206,713733,856827,23973,608709,730655
317506,318446,Lance Barrage,49278.0,1289153,611936,614930,292598,1757634,543581,225752,835294,636988,592742,605101,734415,43424,1084842,321849,511206,713733,856827,23973,608709,730655
307506,319500,Chaotic Spring (dot),6518.0,1289153,611936,621448,292598,1757634,543581,225752,835294,636988,592742,605101,734415,43424,1084842,321849,511206,713733,856827,23973,608709,730655
319960,320492,Auto,12160.0,1301313,611936,621448,292598,1757634,543581,225752,835294,636988,592742,605101,734415,43424,1084842,321849,511206,713733,856827,23973,608709,730655
320006,320716,Heavens' Thrust,66671.0,1301313,611936,621448,292598,1757634,543581,225752,901965,636988,592742,605101,734415,43424,1084842,321849,511206,713733,856827,23973,608709,730655
307506,322500,Chaotic Spring (dot),6518.0,1301313,611936,627966,292598,1757634,543581,225752,901965,636988,592742,605101,734415,43424,1084842,321849,511206,713733,856827,23973,608709,730655
322506,323126,Fang and Claw,49130.0,1301313,611936,627966,292598,1757634,592711,225752,901965,636988,592742,605101,734415,43424,1084842,321849,511206,713733,856827,23973,608709,730655
322760,323292,Auto,12124.0,1313437,611936,627966,292598,1757634,592711,225752,901965,636988,592742,605101,734415,43424,1084842,321849,511206,713733,856827,23973,608709,730655
307506,325500,Chaotic Spring (dot),6518.0,1313437,611936,634484,292598,1757634,592711,225752,901965,636988,592742,605101,734415,43424,1084842,321849,511206,713733,856827,23973,608709,730655
325007,325627,Drakesbane,66471.0,1313437,611936,634484,292598,1824105,592711,225752,901965,636988,592742,605101,734415,43424,1084842,321849,511206,713733,856827,23973,608709,730655
325560,326092,Auto,12124.0,1325561,611936,634484,292598,1824105,592711,225752,901965,636988,592742,605101,734415,43424,1084842,321849,511206,713733,856827,23973,608709,730655
327507,328127,Raiden Thrust,36553.0,1325561,611936,634484,292598,1824105,592711,225752,901965,636988,592742,605101,734415,43424,1121395,321849,511206,713733,856827,23973,608709,730655
307506,328500,Chaotic Spring (dot),6518.0,1325561,611936,641002,292598,1824105,592711,225752,901965,636988,592742,605101,734415,43424,1121395,321849,511206,713733,856827,23973,608709,730655
328360,328892,Auto,9584.0,1335145,611936,641002,292598,1824105,592711,225752,901965,636988,592742,605101,734415,43424,1121395,321849,511206,713733,856827,23973,608709,730655
328127,329327,Wyrmwind Thrust,50262.0,1335145,611936,641002,292598,1824105,592711,225752,901965,636988,592742,605101,734415,43424,1121395,321849,511206,713733,856827,23973,608709,780917
330007,330857,Piercing Talon,39982.0,1335145,611936,641002,292598,1824105,592711,225752,901965,636988,592742,605101,734415,83406,1121395,321849,511206,713733,856827,23973,608709,780917
307506,331500,Chaotic Spring (dot),6518.0,1335145,611936,647520,292598,1824105,592711,225752,901965,636988,592742,605101,734415,83406,1121395,321849,511206,713733,856827,23973,608709,780917
331160,331692,Auto,9584.0,1344729,611936,647520,292598,1824105,592711,225752,901965,636988,592742,605101,734415,83406,1121395,321849,511206,713733,856827,23973,608709,780917
332507,333887,Spiral Blow,34268.0,1344729,611936,647520,292598,1824105,592711,225752,901965,636988,592742,605101,734415,83406,1121395,321849,545474,713733,856827,23973,608709,780917
333960,334492,Auto,9584.0,1354313,611936,647520,292598,1824105,592711,225752,901965,636988,592742,605101,734415,83406,1121395,321849,545474,713733,856827,23973,608709,780917
335007,335457,Chaotic Spring,38838.0,1354313,650774,647520,292598,1824105,592711,225752,901965,636988,592742,605101,734415,83406,1121395,321849,545474,713733,856827,23973,608709,780917
336760,337292,Auto,9584.0,1363897,650774,647520,292598,1824105,592711,225752,901965,636988,592742,605101,734415,83406,1121395,321849,545474,713733,856827,23973,608709,780917
335007,337500,Chaotic Spring (dot),5137.0,1363897,650774,652657,292598,1824105,592711,225752,901965,636988,592742,605101,734415,83406,1121395,321849,545474,713733,856827,23973,608709,780917
337507,338127,Wheeling Thrust,38838.0,1363897,650774,652657,292598,1824105,592711,225752,901965,636988,592742,605101,734415,83406,1121395,321849,545474,713733,856827,23973,647547,780917
339560,340092,Auto,9584.0,1373481,650774,652657,292598,1824105,592711,225752,901965,636988,592742,605101,734415,83406,1121395,321849,545474,713733,856827,23973,647547,780917
335007,340500,Chaotic Spring (dot),5137.0,1373481,650774,657794,292598,1824105,592711,225752,901965,636988,592742,605101,734415,83406,1121395,321849,545474,713733,856827,23973,647547,780917
340007,340627,Drakesbane,52546.0,1373481,650774,657794,292598,1876651,592711,225752,901965,636988,592742,605101,734415,83406,1121395,321849,545474,713733,856827,23973,647547,780917
340627,341117,High Jump,45694.0,1373481,650774,657794,292598,1876651,592711,225752,901965,682682,592742,605101,734415,83406,1121395,321849,545474,713733,856827,23973,647547,780917
341427,342227,Mirage Dive,43407.0,1373481,650774,657794,292598,1876651,592711,225752,901965,682682,592742,648508,734415,83406,1121395,321849,545474,713733,856827,23973,647547,780917
342360,342892,Auto,9584.0,1383065,650774,657794,292598,1876651,592711,225752,901965,682682,592742,648508,734415,83406,1121395,321849,545474,713733,856827,23973,647547,780917
342507,343127,Raiden Thrust,36553.0,1383065,650774,657794,292598,1876651,592711,225752,901965,682682,592742,648508,734415,83406,1157948,321849,545474,713733,856827,23973,647547,780917
335007,343500,Chaotic Spring (dot),5137.0,1383065,650774,662931,292598,1876651,592711,225752,901965,682682,592742,648508,734415,83406,1157948,321849,545474,713733,856827,23973,647547,780917
345160,345692,Auto,9584.0,1392649,650774,662931,292598,1876651,592711,225752,901965,682682,592742,648508,734415,83406,1157948,321849,545474,713733,856827,23973,647547,780917
345007,345947,Lance Barrage,38838.0,1392649,650774,662931,292598,1876651,592711,225752,901965,682682,631580,648508,734415,83406,1157948,321849,545474,713733,856827,23973,647547,780917
335007,346500,Chaotic Spring (dot),5137.0,1392649,650774,668068,292598,1876651,592711,225752,901965,682682,631580,648508,734415,83406,1157948,321849,545474,713733,856827,23973,647547,780917
347507,348217,Heavens' Thrust,52546.0,1392649,650774,668068,292598,1876651,592711,225752,954511,682682,631580,648508,734415,83406,1157948,321849,545474,713733,856827,23973,647547,780917
347960,348492,Auto,9584.0,1402233,650774,668068,292598,1876651,592711,225752,954511,682682,631580,648508,734415,83406,1157948,321849,545474,713733,856827,23973,647547,780917
335007,349500,Chaotic Spring (dot),5137.0,1402233,650774,673205,292598,1876651,592711,225752,954511,682682,631580,648508,734415,83406,1157948,321849,545474,713733,856827,23973,647547,780917
350007,350627,Fang and Claw,38838.0,1402233,650774,673205,292598,1876651,631549,225752,954511,682682,631580,648508,734415,83406,1157948,321849,545474,713733,856827,23973,647547,780917
350760,351292,Auto,9584.0,1411817,650774,673205,292598,1876651,631549,225752,954511,682682,631580,648508,734415,83406,1157948,321849,545474,713733,856827,23973,647547,780917
335007,352500,Chaotic Spring (dot),5137.0,1411817,650774,678342,292598,1876651,631549,225752,954511,682682,631580,648508,734415,83406,1157948,321849,545474,713733,856827,23973,647547,780917
352507,353127,Drakesbane,52546.0,1411817,650774,678342,292598,1929197,631549,225752,954511,682682,631580,648508,734415,83406,1157948,321849,545474,713733,856827,23973,647547,780917
353560,354092,Auto,9584.0,1421401,650774,678342,292598,1929197,631549,225752,954511,682682,631580,648508,734415,83406,1157948,321849,545474,713733,856827,23973,647547,780917
335007,355500,Chaotic Spring (dot),5137.0,1421401,650774,683479,292598,1929197,631549,225752,954511,682682,631580,648508,734415,83406,1157948,321849,545474,713733,856827,23973,647547,780917
355007,355627,Raiden Thrust,36553.0,1421401,650774,683479,292598,1929197,631549,225752,954511,682682,631580,648508,734415,83406,1194501,321849,545474,713733,856827,23973,647547,780917
356360,356892,Auto,9584.0,1430985,650774,683479,292598,1929197,631549,225752,954511,682682,631580,648508,734415,83406,1194501,321849,545474,713733,856827,23973,647547,780917
335007,358500,Chaotic Spring (dot),5137.0,1430985,650774,688616,292598,1929197,631549,225752,954511,682682,631580,648508,734415,83406,1194501,321849,545474,713733,856827,23973,647547,780917
357507,358887,Spiral Blow,34268.0,1430985,650774,688616,292598,1929197,631549,225752,954511,682682,631580,648508,734415,83406,1194501,321849,579742,713733,856827,23973,647547,780917
359160,359692,Auto,9584.0,1440569,650774,688616,292598,1929197,631549,225752,954511,682682,631580,648508,734415,83406,1194501,321849,579742,713733,856827,23973,647547,780917
360007,360857,Piercing Talon,43263.0,1440569,650774,688616,292598,1929197,631549,225752,954511,682682,631580,648508,734415,126669,1194501,321849,579742,713733,856827,23973,647547,780917
361960,362492,Auto,10412.0,1450981,650774,688616,292598,1929197,631549,225752,954511,682682,631580,648508,734415,126669,1194501,321849,579742,713733,856827,23973,647547,780917
362507,362957,Chaotic Spring,42182.0,1450981,692956,688616,292598,1929197,631549,225752,954511,682682,631580,648508,734415,126669,1194501,321849,579742,713733,856827,23973,647547,780917
362507,364500,Chaotic Spring (dot),5579.0,1450981,692956,694195,292598,1929197,631549,225752,954511,682682,631580,648508,734415,126669,1194501,321849,579742,713733,856827,23973,647547,780917
364760,365292,Auto,10412.0,1461393,692956,694195,292598,1929197,631549,225752,954511,682682,631580,648508,734415,126669,1194501,321849,579742,713733,856827,23973,647547,780917
365007,365627,Wheeling Thrust,42182.0,1461393,692956,694195,292598,1929197,631549,225752,954511,682682,631580,648508,734415,126669,1194501,321849,579742,713733,856827,23973,689729,780917
362507,367500,Chaotic Spring (dot),5579.0,1461393,692956,699774,292598,1929197,631549,225752,954511,682682,631580,648508,734415,126669,1194501,321849,579742,713733,856827,23973,689729,780917
366867,367537,Geirskogul,46082.0,1461393,692956,699774,292598,1929197,631549,271834,954511,682682,631580,648508,734415,126669,1194501,321849,579742,713733,856827,23973,689729,780917
367560,368092,Auto,17473.0,1478866,692956,699774,292598,1929197,631549,271834,954511,682682,631580,648508,734415,126669,1194501,321849,579742,713733,856827,23973,689729,780917
367507,368127,Drakesbane,95775.0,1478866,692956,699774,292598,2024972,631549,271834,954511,682682,631580,648508,734415,126669,1194501,321849,579742,713733,856827,23973,689729,780917
368127,369327,Wyrmwind Thrust,91611.0,1478866,692956,699774,292598,2024972,631549,271834,954511,682682,631580,648508,734415,126669,1194501,321849,579742,713733,856827,23973,689729,872528
368747,369507,Nastrond,149908.0,1478866,692956,699774,292598,2024972,631549,271834,954511,682682,631580,648508,884323,126669,1194501,321849,579742,713733,856827,23973,689729,872528
362507,370500,Chaotic Spring (dot),5579.0,1478866,692956,705353,292598,2024972,631549,271834,954511,682682,631580,648508,884323,126669,1194501,321849,579742,713733,856827,23973,689729,872528
370007,370627,Raiden Thrust,66623.0,1478866,692956,705353,292598,2024972,631549,271834,954511,682682,631580,648508,884323,126669,1261124,321849,579742,713733,856827,23973,689729,872528
370360,370892,Auto,17473.0,1496339,692956,705353,292598,2024972,631549,271834,954511,682682,631580,648508,884323,126669,1261124,321849,579742,713733,856827,23973,689729,872528
370627,371117,High Jump,83281.0,1496339,692956,705353,292598,2024972,631549,271834,954511,765963,631580,648508,884323,126669,1261124,321849,579742,713733,856827,23973,689729,872528
371427,372227,Dragonfire Dive,104102.0,1496339,692956,705353,396700,2024972,631549,271834,954511,765963,631580,648508,884323,126669,1261124,321849,579742,713733,856827,23973,689729,872528
372507,373447,Lance Barrage,70790.0,1496339,692956,705353,396700,2024972,631549,271834,954511,765963,702370,648508,884323,126669,1261124,321849,579742,713733,856827,23973,689729,872528
362507,373500,Chaotic Spring (dot),5579.0,1496339,692956,710932,396700,2024972,631549,271834,954511,765963,702370,648508,884323,126669,1261124,321849,579742,713733,856827,23973,689729,872528
373160,373692,Auto,17473.0,1513812,692956,710932,396700,2024972,631549,271834,954511,765963,702370,648508,884323,126669,1261124,321849,579742,713733,856827,23973,689729,872528
373127,374287,Rise of the Dragon,114516.0,1513812,692956,710932,396700,2024972,631549,271834,954511,765963,702370,648508,884323,126669,1261124,436365,579742,713733,856827,23973,689729,872528
375008,375718,Heavens' Thrust,135176.0,1513812,692956,710932,396700,2024972,631549,271834,1089687,765963,702370,648508,884323,126669,1261124,436365,579742,713733,856827,23973,689729,872528
375960,376492,Auto,17473.0,1531285,692956,710932,396700,2024972,631549,271834,1089687,765963,702370,648508,884323,126669,1261124,436365,579742,713733,856827,23973,689729,872528
362507,376500,Chaotic Spring (dot),5579.0,1531285,692956,716511,396700,2024972,631549,271834,1089687,765963,702370,648508,884323,126669,1261124,436365,579742,713733,856827,23973,689729,872528
375628,376918,Stardiver,174897.0,1531285,692956,716511,396700,2024972,631549,271834,1089687,765963,702370,648508,884323,126669,1261124,436365,579742,713733,1031724,23973,689729,872528
377508,378128,Fang and Claw,70790.0,1531285,692956,716511,396700,2024972,702339,271834,1089687,765963,702370,648508,884323,126669,1261124,436365,579742,713733,1031724,23973,689729,872528
378760,379292,Auto,17473.0,1548758,692956,716511,396700,2024972,702339,271834,1089687,765963,702370,648508,884323,126669,1261124,436365,579742,713733,1031724,23973,689729,872528
362507,379500,Chaotic Spring (dot),5579.0,1548758,692956,722090,396700,2024972,702339,271834,1089687,765963,702370,648508,884323,126669,1261124,436365,579742,713733,1031724,23973,689729,872528
378748,379728,Starcross,145750.0,1548758,692956,722090,396700,2024972,702339,271834,1089687,765963,702370,648508,884323,126669,1261124,436365,579742,859483,1031724,23973,689729,872528
380008,380628,Drakesbane,135176.0,1548758,692956,722090,396700,2160148,702339,271834,1089687,765963,702370,648508,884323,126669,1261124,436365,579742,859483,1031724,23973,689729,872528
380628,381428,Mirage Dive,79115.0,1548758,692956,722090,396700,2160148,702339,271834,1089687,765963,702370,727623,884323,126669,1261124,436365,579742,859483,1031724,23973,689729,872528
381560,382092,Auto,17473.0,1566231,692956,722090,396700,2160148,702339,271834,1089687,765963,702370,727623,884323,126669,1261124,436365,579742,859483,1031724,23973,689729,872528
362507,382500,Chaotic Spring (dot),5579.0,1566231,692956,727669,396700,2160148,702339,271834,1089687,765963,702370,727623,884323,126669,1261124,436365,579742,859483,1031724,23973,689729,872528
382508,383128,Raiden Thrust,66623.0,1566231,692956,727669,396700,2160148,702339,271834,1089687,765963,702370,727623,884323,126669,1327747,436365,579742,859483,1031724,23973,689729,872528
383128,384328,Wyrmwind Thrust,91611.0,1566231,692956,727669,396700,2160148,702339,271834,1089687,765963,702370,727623,884323,126669,1327747,436365,579742,859483,1031724,23973,689729,964139
384360,384892,Auto,17473.0,1583704,692956,727669,396700,2160148,702339,271834,1089687,765963,702370,727623,884323,126669,1327747,436365,579742,859483,1031724,23973,689729,964139
362507,385500,Chaotic Spring (dot),5579.0,1583704,692956,733248,396700,2160148,702339,271834,1089687,765963,702370,727623,884323,126669,1327747,436365,579742,859483,1031724,23973,689729,964139
385008,386388,Spiral Blow,62459.0,1583704,692956,733248,396700,2160148,702339,271834,1089687,765963,702370,727623,884323,126669,1327747,436365,642201,859483,1031724,23973,689729,964139
387160,387692,Auto,10412.0,1594116,692956,733248,396700,2160148,702339,271834,1089687,765963,702370,727623,884323,126669,1327747,436365,642201,859483,1031724,23973,689729,964139
387508,387958,Chaotic Spring,42182.0,1594116,735138,733248,396700,2160148,702339,271834,1089687,765963,702370,727623,884323,126669,1327747,436365,642201,859483,1031724,23973,689729,964139
387508,388500,Chaotic Spring (dot),5579.0,1594116,735138,738827,396700,2160148,702339,271834,1089687,765963,702370,727623,884323,126669,1327747,436365,642201,859483,1031724,23973,689729,964139
389960,390492,Auto,9619.0,1603735,735138,738827,396700,2160148,702339,271834,1089687,765963,702370,727623,884323,126669,1327747,436365,642201,859483,1031724,23973,689729,964139
390008,390628,Wheeling Thrust,38982.0,1603735,735138,738827,396700,2160148,702339,271834,1089687,765963,702370,727623,884323,126669,1327747,436365,642201,859483,1031724,23973,728711,964139
387508,391500,Chaotic Spring (dot),5579.0,1603735,735138,744406,396700,2160148,702339,271834,1089687,765963,702370,727623,884323,126669,1327747,436365,642201,859483,1031724,23973,728711,964139
392508,393128,Drakesbane,52741.0,1603735,735138,744406,396700,2212889,702339,271834,1089687,765963,702370,727623,884323,126669,1327747,436365,642201,859483,1031724,23973,728711,964139
392760,393292,Auto,9619.0,1613354,735138,744406,396700,2212889,702339,271834,1089687,765963,702370,727623,884323,126669,1327747,436365,642201,859483,1031724,23973,728711,964139
387508,394500,Chaotic Spring (dot),5579.0,1613354,735138,749985,396700,2212889,702339,271834,1089687,765963,702370,727623,884323,126669,1327747,436365,642201,859483,1031724,23973,728711,964139
395008,395628,Raiden Thrust,36689.0,1613354,735138,749985,396700,2212889,702339,271834,1089687,765963,702370,727623,884323,126669,1364436,436365,642201,859483,1031724,23973,728711,964139
395560,396092,Auto,9619.0,1622973,735138,749985,396700,2212889,702339,271834,1089687,765963,702370,727623,884323,126669,1364436,436365,642201,859483,1031724,23973,728711,964139
387508,397500,Chaotic Spring (dot),5579.0,1622973,735138,755564,396700,2212889,702339,271834,1089687,765963,702370,727623,884323,126669,1364436,436365,642201,859483,1031724,23973,728711,964139
397508,398448,Lance Barrage,38982.0,1622973,735138,755564,396700,2212889,702339,271834,1089687,765963,741352,727623,884323,126669,1364436,436365,642201,859483,1031724,23973,728711,964139
398360,398892,Auto,9619.0,1632592,735138,755564,396700,2212889,702339,271834,1089687,765963,741352,727623,884323,126669,1364436,436365,642201,859483,1031724,23973,728711,964139
387508,400500,Chaotic Spring (dot),5579.0,1632592,735138,761143,396700,2212889,702339,271834,1089687,765963,741352,727623,884323,126669,1364436,436365,642201,859483,1031724,23973,728711,964139
400008,400718,Heavens' Thrust,52741.0,1632592,735138,761143,396700,2212889,702339,271834,1142428,765963,741352,727623,884323,126669,1364436,436365,642201,859483,1031724,23973,728711,964139
400628,401118,High Jump,45864.0,1632592,735138,761143,396700,2212889,702339,271834,1142428,811827,741352,727623,884323,126669,1364436,436365,642201,859483,1031724,23973,728711,964139
401160,401692,Auto,9619.0,1642211,735138,761143,396700,2212889,702339,271834,1142428,811827,741352,727623,884323,126669,1364436,436365,642201,859483,1031724,23973,728711,964139
401428,402228,Mirage Dive,43568.0,1642211,735138,761143,396700,2212889,702339,271834,1142428,811827,741352,771191,884323,126669,1364436,436365,642201,859483,1031724,23973,728711,964139
402508,403128,Fang and Claw,38982.0,1642211,735138,761143,396700,2212889,741321,271834,1142428,811827,741352,771191,884323,126669,1364436,436365,642201,859483,1031724,23973,728711,964139
387508,403500,Chaotic Spring (dot),5579.0,1642211,735138,766722,396700,2212889,741321,271834,1142428,811827,741352,771191,884323,126669,1364436,436365,642201,859483,1031724,23973,728711,964139
403960,404492,Auto,9619.0,1651830,735138,766722,396700,2212889,741321,271834,1142428,811827,741352,771191,884323,126669,1364436,436365,642201,859483,1031724,23973,728711,964139
405008,405628,Drakesbane,52704.0,1651830,735138,766722,396700,2265593,741321,271834,1142428,811827,741352,771191,884323,126669,1364436,436365,642201,859483,1031724,23973,728711,964139
387508,406500,Chaotic Spring (dot),5579.0,1651830,735138,772301,396700,2265593,741321,271834,1142428,811827,741352,771191,884323,126669,1364436,436365,642201,859483,1031724,23973,728711,964139
406760,407292,Auto,9612.0,1661442,735138,772301,396700,2265593,741321,271834,1142428,811827,741352,771191,884323,126669,1364436,436365,642201,859483,1031724,23973,728711,964139
407508,408128,Raiden Thrust,36664.0,1661442,735138,772301,396700,2265593,741321,271834,1142428,811827,741352,771191,884323,126669,1401100,436365,642201,859483,1031724,23973,728711,964139
387508,409500,Chaotic Spring (dot),5579.0,1661442,735138,777880,396700,2265593,741321,271834,1142428,811827,741352,771191,884323,126669,1401100,436365,642201,859483,1031724,23973,728711,964139
409560,410092,Auto,9612.0,1671054,735138,777880,396700,2265593,741321,271834,1142428,811827,741352,771191,884323,126669,1401100,436365,642201,859483,1031724,23973,728711,964139
410008,411388,Spiral Blow,34372.0,1671054,735138,777880,396700,2265593,741321,271834,1142428,811827,741352,771191,884323,126669,1401100,436365,676573,859483,1031724,23973,728711,964139
412360,412892,Auto,9612.0,1680666,735138,777880,396700,2265593,741321,271834,1142428,811827,741352,771191,884323,126669,1401100,436365,676573,859483,1031724,23973,728711,964139
412508,412958,Chaotic Spring,38955.0,1680666,774093,777880,396700,2265593,741321,271834,1142428,811827,741352,771191,884323,126669,1401100,436365,676573,859483,1031724,23973,728711,964139
413128,414328,Wyrmwind Thrust,50414.0,1680666,774093,777880,396700,2265593,741321,271834,1142428,811827,741352,771191,884323,126669,1401100,436365,676573,859483,1031724,23973,728711,1014553
412508,415500,Chaotic Spring (dot),5153.0,1680666,774093,783033,396700,2265593,741321,271834,1142428,811827,741352,771191,884323,126669,1401100,436365,676573,859483,1031724,23973,728711,1014553
415008,415628,Wheeling Thrust,38955.0,1680666,774093,783033,396700,2265593,741321,271834,1142428,811827,741352,771191,884323,126669,1401100,436365,676573,859483,1031724,23973,767666,1014553
415160,415692,Auto,9612.0,1690278,774093,783033,396700,2265593,741321,271834,1142428,811827,741352,771191,884323,126669,1401100,436365,676573,859483,1031724,23973,767666,1014553
417508,418128,Drakesbane,52704.0,1690278,774093,783033,396700,2318297,741321,271834,1142428,811827,741352,771191,884323,126669,1401100,436365,676573,859483,1031724,23973,767666,1014553
417960,418492,Auto,9612.0,1699890,774093,783033,396700,2318297,741321,271834,1142428,811827,741352,771191,884323,126669,1401100,436365,676573,859483,1031724,23973,767666,1014553
412508,418500,Chaotic Spring (dot),5153.0,1699890,774093,788186,396700,2318297,741321,271834,1142428,811827,741352,771191,884323,126669,1401100,436365,676573,859483,1031724,23973,767666,1014553
420008,420628,Raiden Thrust,36664.0,1699890,774093,788186,396700,2318297,741321,271834,1142428,811827,741352,771191,884323,126669,1437764,436365,676573,859483,1031724,23973,767666,1014553
420760,421292,Auto,9612.0,1709502,774093,788186,396700,2318297,741321,271834,1142428,811827,741352,771191,884323,126669,1437764,436365,676573,859483,1031724,23973,767666,1014553
412508,421500,Chaotic Spring (dot),5153.0,1709502,774093,793339,396700,2318297,741321,271834,1142428,811827,741352,771191,884323,126669,1437764,436365,676573,859483,1031724,23973,767666,1014553
422508,423448,Lance Barrage,38955.0,1709502,774093,793339,396700,2318297,741321,271834,1142428,811827,780307,771191,884323,126669,1437764,436365,676573,859483,1031724,23973,767666,1014553
423560,424092,Auto,9612.0,1719114,774093,793339,396700,2318297,741321,271834,1142428,811827,780307,771191,884323,126669,1437764,436365,676573,859483,1031724,23973,767666,1014553
412508,424500,Chaotic Spring (dot),5153.0,1719114,774093,798492,396700,2318297,741321,271834,1142428,811827,780307,771191,884323,126669,1437764,436365,676573,859483,1031724,23973,767666,1014553
425009,425719,Heavens' Thrust,52704.0,1719114,774093,798492,396700,2318297,741321,271834,1195132,811827,780307,771191,884323,126669,1437764,436365,676573,859483,1031724,23973,767666,1014553
426360,426892,Auto,9612.0,1728726,774093,798492,396700,2318297,741321,271834,1195132,811827,780307,771191,884323,126669,1437764,436365,676573,859483,1031724,23973,767666,1014553
412508,427500,Chaotic Spring (dot),5153.0,1728726,774093,803645,396700,2318297,741321,271834,1195132,811827,780307,771191,884323,126669,1437764,436365,676573,859483,1031724,23973,767666,1014553
426867,427537,Geirskogul,32079.0,1728726,774093,803645,396700,2318297,741321,303913,1195132,811827,780307,771191,884323,126669,1437764,436365,676573,859483,1031724,23973,767666,1014553
427509,428129,Fang and Claw,49278.0,1728726,774093,803645,396700,2318297,790599,303913,1195132,811827,780307,771191,884323,126669,1437764,436365,676573,859483,1031724,23973,767666,1014553
428749,429509,Nastrond,104360.0,1728726,774093,803645,396700,2318297,790599,303913,1195132,811827,780307,771191,988683,126669,1437764,436365,676573,859483,1031724,23973,767666,1014553
429160,429692,Auto,12160.0,1740886,774093,803645,396700,2318297,790599,303913,1195132,811827,780307,771191,988683,126669,1437764,436365,676573,859483,1031724,23973,767666,1014553
412508,430500,Chaotic Spring (dot),5153.0,1740886,774093,808798,396700,2318297,790599,303913,1195132,811827,780307,771191,988683,126669,1437764,436365,676573,859483,1031724,23973,767666,1014553
430009,430629,Drakesbane,92393.0,1740886,774093,808798,396700,2410690,790599,303913,1195132,811827,780307,771191,988683,126669,1437764,436365,676573,859483,1031724,23973,767666,1014553
430629,431119,High Jump,57978.0,1740886,774093,808798,396700,2410690,790599,303913,1195132,869805,780307,771191,988683,126669,1437764,436365,676573,859483,1031724,23973,767666,1014553
431429,432229,Mirage Dive,55075.0,1740886,774093,808798,396700,2410690,790599,303913,1195132,869805,780307,826266,988683,126669,1437764,436365,676573,859483,1031724,23973,767666,1014553
431960,432492,Auto,12160.0,1753046,774093,808798,396700,2410690,790599,303913,1195132,869805,780307,826266,988683,126669,1437764,436365,676573,859483,1031724,23973,767666,1014553
432509,433129,Raiden Thrust,46380.0,1753046,774093,808798,396700,2410690,790599,303913,1195132,869805,780307,826266,988683,126669,1484144,436365,676573,859483,1031724,23973,767666,1014553
412508,433500,Chaotic Spring (dot),5153.0,1753046,774093,813951,396700,2410690,790599,303913,1195132,869805,780307,826266,988683,126669,1484144,436365,676573,859483,1031724,23973,767666,1014553
433129,434419,Stardiver,121754.0,1753046,774093,813951,396700,2410690,790599,303913,1195132,869805,780307,826266,988683,126669,1484144,436365,676573,859483,1153478,23973,767666,1014553
434760,435292,Auto,12160.0,1765206,774093,813951,396700,2410690,790599,303913,1195132,869805,780307,826266,988683,126669,1484144,436365,676573,859483,1153478,23973,767666,1014553
435009,436389,Spiral Blow,43481.0,1765206,774093,813951,396700,2410690,790599,303913,1195132,869805,780307,826266,988683,126669,1484144,436365,720054,859483,1153478,23973,767666,1014553
412508,436500,Chaotic Spring (dot),5153.0,1765206,774093,819104,396700,2410690,790599,303913,1195132,869805,780307,826266,988683,126669,1484144,436365,720054,859483,1153478,23973,767666,1014553
435629,436609,Starcross,101464.0,1765206,774093,819104,396700,2410690,790599,303913,1195132,869805,780307,826266,988683,126669,1484144,436365,720054,960947,1153478,23973,767666,1014553
436249,437449,Wyrmwind Thrust,63774.0,1765206,774093,819104,396700,2410690,790599,303913,1195132,869805,780307,826266,988683,126669,1484144,436365,720054,960947,1153478,23973,767666,1078327
437509,437959,Chaotic Spring,49278.0,1765206,823371,819104,396700,2410690,790599,303913,1195132,869805,780307,826266,988683,126669,1484144,436365,720054,960947,1153478,23973,767666,1078327
437560,438092,Auto,12160.0,1777366,823371,819104,396700,2410690,790599,303913,1195132,869805,780307,826266,988683,126669,1484144,436365,720054,960947,1153478,23973,767666,1078327
437509,439500,Chaotic Spring (dot),6518.0,1777366,823371,825622,396700,2410690,790599,303913,1195132,869805,780307,826266,988683,126669,1484144,436365,720054,960947,1153478,23973,767666,1078327
440009,440629,Wheeling Thrust,49278.0,1777366,823371,825622,396700,2410690,790599,303913,1195132,869805,780307,826266,988683,126669,1484144,436365,720054,960947,1153478,23973,816944,1078327
440360,440892,Auto,12160.0,1789526,823371,825622,396700,2410690,790599,303913,1195132,869805,780307,826266,988683,126669,1484144,436365,720054,960947,1153478,23973,816944,1078327
437509,442500,Chaotic Spring (dot),6518.0,1789526,823371,832140,396700,2410690,790599,303913,1195132,869805,780307,826266,988683,126669,1484144,436365,720054,960947,1153478,23973,816944,1078327
442509,443129,Drakesbane,66471.0,1789526,823371,832140,396700,2477161,790599,303913,1195132,869805,780307,826266,988683,126669,1484144,436365,720054,960947,1153478,23973,816944,1078327
443160,443692,Auto,12124.0,1801650,823371,832140,396700,2477161,790599,303913,1195132,869805,780307,826266,988683,126669,1484144,436365,720054,960947,1153478,23973,816944,1078327
437509,445500,Chaotic Spring (dot),6518.0,1801650,823371,838658,396700,2477161,790599,303913,1195132,869805,780307,826266,988683,126669,1484144,436365,720054,960947,1153478,23973,816944,1078327
445009,445629,Raiden Thrust,46240.0,1801650,823371,838658,396700,2477161,790599,303913,1195132,869805,780307,826266,988683,126669,1530384,436365,720054,960947,1153478,23973,816944,1078327
445960,446492,Auto,12124.0,1813774,823371,838658,396700,2477161,790599,303913,1195132,869805,780307,826266,988683,126669,1530384,436365,720054,960947,1153478,23973,816944,1078327
447509,448449,Lance Barrage,38838.0,1813774,823371,838658,396700,2477161,790599,303913,1195132,869805,819145,826266,988683,126669,1530384,436365,720054,960947,1153478,23973,816944,1078327
437509,448500,Chaotic Spring (dot),6518.0,1813774,823371,845176,396700,2477161,790599,303913,1195132,869805,819145,826266,988683,126669,1530384,436365,720054,960947,1153478,23973,816944,1078327
448760,449292,Auto,9584.0,1823358,823371,845176,396700,2477161,790599,303913,1195132,869805,819145,826266,988683,126669,1530384,436365,720054,960947,1153478,23973,816944,1078327
450009,450719,Heavens' Thrust,52546.0,1823358,823371,845176,396700,2477161,790599,303913,1247678,869805,819145,826266,988683,126669,1530384,436365,720054,960947,1153478,23973,816944,1078327
437509,451500,Chaotic Spring (dot),6518.0,1823358,823371,851694,396700,2477161,790599,303913,1247678,869805,819145,826266,988683,126669,1530384,436365,720054,960947,1153478,23973,816944,1078327
451560,452092,Auto,9584.0,1832942,823371,851694,396700,2477161,790599,303913,1247678,869805,819145,826266,988683,126669,1530384,436365,720054,960947,1153478,23973,816944,1078327
452509,453129,Fang and Claw,38838.0,1832942,823371,851694,396700,2477161,829437,303913,1247678,869805,819145,826266,988683,126669,1530384,436365,720054,960947,1153478,23973,816944,1078327
437509,454500,Chaotic Spring (dot),6518.0,1832942,823371,858212,396700,2477161,829437,303913,1247678,869805,819145,826266,988683,126669,1530384,436365,720054,960947,1153478,23973,816944,1078327
454360,454892,Auto,9584.0,1842526,823371,858212,396700,2477161,829437,303913,1247678,869805,819145,826266,988683,126669,1530384,436365,720054,960947,1153478,23973,816944,1078327
455009,455629,Drakesbane,52546.0,1842526,823371,858212,396700,2529707,829437,303913,1247678,869805,819145,826266,988683,126669,1530384,436365,720054,960947,1153478,23973,816944,1078327
437509,457500,Chaotic Spring (dot),6518.0,1842526,823371,864730,396700,2529707,829437,303913,1247678,869805,819145,826266,988683,126669,1530384,436365,720054,960947,1153478,23973,816944,1078327
457160,457692,Auto,9584.0,1852110,823371,864730,396700,2529707,829437,303913,1247678,869805,819145,826266,988683,126669,1530384,436365,720054,960947,1153478,23973,816944,1078327
457509,458129,Raiden Thrust,36553.0,1852110,823371,864730,396700,2529707,829437,303913,1247678,869805,819145,826266,988683,126669,1566937,436365,720054,960947,1153478,23973,816944,1078327
458129,459329,Wyrmwind Thrust,50262.0,1852110,823371,864730,396700,2529707,829437,303913,1247678,869805,819145,826266,988683,126669,1566937,436365,720054,960947,1153478,23973,816944,1128589
459960,460492,Auto,9584.0,1861694,823371,864730,396700,2529707,829437,303913,1247678,869805,819145,826266,988683,126669,1566937,436365,720054,960947,1153478,23973,816944,1128589
437509,460500,Chaotic Spring (dot),6518.0,1861694,823371,871248,396700,2529707,829437,303913,1247678,869805,819145,826266,988683,126669,1566937,436365,720054,960947,1153478,23973,816944,1128589
460629,461119,High Jump,45694.0,1861694,823371,871248,396700,2529707,829437,303913,1247678,915499,819145,826266,988683,126669,1566937,436365,720054,960947,1153478,23973,816944,1128589
460009,461389,Spiral Blow,34268.0,1861694,823371,871248,396700,2529707,829437,303913,1247678,915499,819145,826266,988683,126669,1566937,436365,754322,960947,1153478,23973,816944,1128589
461429,462229,Mirage Dive,43407.0,1861694,823371,871248,396700,2529707,829437,303913,1247678,915499,819145,869673,988683,126669,1566937,436365,754322,960947,1153478,23973,816944,1128589
462509,462959,Chaotic Spring,38838.0,1861694,862209,871248,396700,2529707,829437,303913,1247678,915499,819145,869673,988683,126669,1566937,436365,754322,960947,1153478,23973,816944,1128589
462760,463292,Auto,9584.0,1871278,862209,871248,396700,2529707,829437,303913,1247678,915499,819145,869673,988683,126669,1566937,436365,754322,960947,1153478,23973,816944,1128589
462509,463500,Chaotic Spring (dot),5137.0,1871278,862209,876385,396700,2529707,829437,303913,1247678,915499,819145,869673,988683,126669,1566937,436365,754322,960947,1153478,23973,816944,1128589
465009,465629,Wheeling Thrust,38838.0,1871278,862209,876385,396700,2529707,829437,303913,1247678,915499,819145,869673,988683,126669,1566937,436365,754322,960947,1153478,23973,855782,1128589
465560,466092,Auto,9584.0,1880862,862209,876385,396700,2529707,829437,303913,1247678,915499,819145,869673,988683,126669,1566937,436365,754322,960947,1153478,23973,855782,1128589
462509,466500,Chaotic Spring (dot),5137.0,1880862,862209,881522,396700,2529707,829437,303913,1247678,915499,819145,869673,988683,126669,1566937,436365,754322,960947,1153478,23973,855782,1128589
467509,468129,Drakesbane,52546.0,1880862,862209,881522,396700,2582253,829437,303913,1247678,915499,819145,869673,988683,126669,1566937,436365,754322,960947,1153478,23973,855782,1128589
468360,468892,Auto,9584.0,1890446,862209,881522,396700,2582253,829437,303913,1247678,915499,819145,869673,988683,126669,1566937,436365,754322,960947,1153478,23973,855782,1128589
462509,469500,Chaotic Spring (dot),5137.0,1890446,862209,886659,396700,2582253,829437,303913,1247678,915499,819145,869673,988683,126669,1566937,436365,754322,960947,1153478,23973,855782,1128589
470009,470629,Raiden Thrust,36553.0,1890446,862209,886659,396700,2582253,829437,303913,1247678,915499,819145,869673,988683,126669,1603490,436365,754322,960947,1153478,23973,855782,1128589
471160,471692,Auto,9584.0,1900030,862209,886659,396700,2582253,829437,303913,1247678,915499,819145,869673,988683,126669,1603490,436365,754322,960947,1153478,23973,855782,1128589
462509,472500,Chaotic Spring (dot),5137.0,1900030,862209,891796,396700,2582253,829437,303913,1247678,915499,819145,869673,988683,126669,1603490,436365,754322,960947,1153478,23973,855782,1128589
472509,473449,Lance Barrage,38838.0,1900030,862209,891796,396700,2582253,829437,303913,1247678,915499,857983,869673,988683,126669,1603490,436365,754322,960947,1153478,23973,855782,1128589
473960,474492,Auto,9584.0,1909614,862209,891796,396700,2582253,829437,303913,1247678,915499,857983,869673,988683,126669,1603490,436365,754322,960947,1153478,23973,855782,1128589
462509,475500,Chaotic Spring (dot),5137.0,1909614,862209,896933,396700,2582253,829437,303913,1247678,915499,857983,869673,988683,126669,1603490,436365,754322,960947,1153478,23973,855782,1128589
475010,475720,Heavens' Thrust,52546.0,1909614,862209,896933,396700,2582253,829437,303913,1300224,915499,857983,869673,988683,126669,1603490,436365,754322,960947,1153478,23973,855782,1128589
476760,477292,Auto,9584.0,1919198,862209,896933,396700,2582253,829437,303913,1300224,915499,857983,869673,988683,126669,1603490,436365,754322,960947,1153478,23973,855782,1128589
477510,478130,Fang and Claw,38838.0,1919198,862209,896933,396700,2582253,868275,303913,1300224,915499,857983,869673,988683,126669,1603490,436365,754322,960947,1153478,23973,855782,1128589
462509,478500,Chaotic Spring (dot),5137.0,1919198,862209,902070,396700,2582253,868275,303913,1300224,915499,857983,869673,988683,126669,1603490,436365,754322,960947,1153478,23973,855782,1128589
479560,480092,Auto,9584.0,1928782,862209,902070,396700,2582253,868275,303913,1300224,915499,857983,869673,988683,126669,1603490,436365,754322,960947,1153478,23973,855782,1128589
480010,480630,Drakesbane,52546.0,1928782,862209,902070,396700,2634799,868275,303913,1300224,915499,857983,869673,988683,126669,1603490,436365,754322,960947,1153478,23973,855782,1128589
462509,481500,Chaotic Spring (dot),5137.0,1928782,862209,907207,396700,2634799,868275,303913,1300224,915499,857983,869673,988683,126669,1603490,436365,754322,960947,1153478,23973,855782,1128589
482360,482892,Auto,9619.0,1938401,862209,907207,396700,2634799,868275,303913,1300224,915499,857983,869673,988683,126669,1603490,436365,754322,960947,1153478,23973,855782,1128589
482510,483130,Raiden Thrust,36689.0,1938401,862209,907207,396700,2634799,868275,303913,1300224,915499,857983,869673,988683,126669,1640179,436365,754322,960947,1153478,23973,855782,1128589
462509,484500,Chaotic Spring (dot),5137.0,1938401,862209,912344,396700,2634799,868275,303913,1300224,915499,857983,869673,988683,126669,1640179,436365,754322,960947,1153478,23973,855782,1128589
485160,485692,Auto,9619.0,1948020,862209,912344,396700,2634799,868275,303913,1300224,915499,857983,869673,988683,126669,1640179,436365,754322,960947,1153478,23973,855782,1128589
485010,486390,Spiral Blow,34396.0,1948020,862209,912344,396700,2634799,868275,303913,1300224,915499,857983,869673,988683,126669,1640179,436365,788718,960947,1153478,23973,855782,1128589
486870,487540,Geirskogul,42586.0,1948020,862209,912344,396700,2634799,868275,346499,1300224,915499,857983,869673,988683,126669,1640179,436365,788718,960947,1153478,23973,855782,1128589
487510,487960,Chaotic Spring,65420.0,1948020,927629,912344,396700,2634799,868275,346499,1300224,915499,857983,869673,988683,126669,1640179,436365,788718,960947,1153478,23973,855782,1128589
487960,488492,Auto,16143.0,1964163,927629,912344,396700,2634799,868275,346499,1300224,915499,857983,869673,988683,126669,1640179,436365,788718,960947,1153478,23973,855782,1128589
488130,489330,Wyrmwind Thrust,84663.0,1964163,927629,912344,396700,2634799,868275,346499,1300224,915499,857983,869673,988683,126669,1640179,436365,788718,960947,1153478,23973,855782,1213252
488750,489510,Nastrond,138542.0,1964163,927629,912344,396700,2634799,868275,346499,1300224,915499,857983,869673,1127225,126669,1640179,436365,788718,960947,1153478,23973,855782,1213252
487510,490500,Chaotic Spring (dot),8653.0,1964163,927629,920997,396700,2634799,868275,346499,1300224,915499,857983,869673,1127225,126669,1640179,436365,788718,960947,1153478,23973,855782,1213252
490010,490630,Wheeling Thrust,65420.0,1964163,927629,920997,396700,2634799,868275,346499,1300224,915499,857983,869673,1127225,126669,1640179,436365,788718,960947,1153478,23973,921202,1213252
490630,491120,High Jump,76968.0,1964163,927629,920997,396700,2634799,868275,346499,1300224,992467,857983,869673,1127225,126669,1640179,436365,788718,960947,1153478,23973,921202,1213252
490760,491292,Auto,16143.0,1980306,927629,920997,396700,2634799,868275,346499,1300224,992467,857983,869673,1127225,126669,1640179,436365,788718,960947,1153478,23973,921202,1213252
492510,493130,Drakesbane,124923.0,1980306,927629,920997,396700,2759722,868275,346499,1300224,992467,857983,869673,1127225,126669,1640179,436365,788718,960947,1153478,23973,921202,1213252
487510,493500,Chaotic Spring (dot),8653.0,1980306,927629,929650,396700,2759722,868275,346499,1300224,992467,857983,869673,1127225,126669,1640179,436365,788718,960947,1153478,23973,921202,1213252
493130,493930,Dragonfire Dive,96212.0,1980306,927629,929650,492912,2759722,868275,346499,1300224,992467,857983,869673,1127225,126669,1640179,436365,788718,960947,1153478,23973,921202,1213252
493560,494092,Auto,16143.0,1996449,927629,929650,492912,2759722,868275,346499,1300224,992467,857983,869673,1127225,126669,1640179,436365,788718,960947,1153478,23973,921202,1213252
493930,494730,Mirage Dive,73114.0,1996449,927629,929650,492912,2759722,868275,346499,1300224,992467,857983,942787,1127225,126669,1640179,436365,788718,960947,1153478,23973,921202,1213252
495010,495630,Raiden Thrust,61571.0,1996449,927629,929650,492912,2759722,868275,346499,1300224,992467,857983,942787,1127225,126669,1701750,436365,788718,960947,1153478,23973,921202,1213252
487510,496500,Chaotic Spring (dot),8653.0,1996449,927629,938303,492912,2759722,868275,346499,1300224,992467,857983,942787,1127225,126669,1701750,436365,788718,960947,1153478,23973,921202,1213252
496360,496892,Auto,16143.0,2012592,927629,938303,492912,2759722,868275,346499,1300224,992467,857983,942787,1127225,126669,1701750,436365,788718,960947,1153478,23973,921202,1213252
495630,496920,Stardiver,161634.0,2012592,927629,938303,492912,2759722,868275,346499,1300224,992467,857983,942787,1127225,126669,1701750,436365,788718,960947,1315112,23973,921202,1213252
497510,498450,Lance Barrage,65420.0,2012592,927629,938303,492912,2759722,868275,346499,1300224,992467,923403,942787,1127225,126669,1701750,436365,788718,960947,1315112,23973,921202,1213252
498130,499110,Starcross,134698.0,2012592,927629,938303,492912,2759722,868275,346499,1300224,992467,923403,942787,1127225,126669,1701750,436365,788718,1095645,1315112,23973,921202,1213252
487510,499500,Chaotic Spring (dot),8653.0,2012592,927629,946956,492912,2759722,868275,346499,1300224,992467,923403,942787,1127225,126669,1701750,436365,788718,1095645,1315112,23973,921202,1213252
499160,499692,Auto,16143.0,2028735,927629,946956,492912,2759722,868275,346499,1300224,992467,923403,942787,1127225,126669,1701750,436365,788718,1095645,1315112,23973,921202,1213252
500010,500720,Heavens' Thrust,124923.0,2028735,927629,946956,492912,2759722,868275,346499,1425147,992467,923403,942787,1127225,126669,1701750,436365,788718,1095645,1315112,23973,921202,1213252
500630,501790,Rise of the Dragon,105827.0,2028735,927629,946956,492912,2759722,868275,346499,1425147,992467,923403,942787,1127225,126669,1701750,542192,788718,1095645,1315112,23973,921202,1213252
501960,502492,Auto,16143.0,2044878,927629,946956,492912,2759722,868275,346499,1425147,992467,923403,942787,1127225,126669,1701750,542192,788718,1095645,1315112,23973,921202,1213252
487510,502500,Chaotic Spring (dot),8653.0,2044878,927629,955609,492912,2759722,868275,346499,1425147,992467,923403,942787,1127225,126669,1701750,542192,788718,1095645,1315112,23973,921202,1213252
502510,503130,Fang and Claw,65420.0,2044878,927629,955609,492912,2759722,933695,346499,1425147,992467,923403,942787,1127225,126669,1701750,542192,788718,1095645,1315112,23973,921202,1213252
504760,505292,Auto,16143.0,2061021,927629,955609,492912,2759722,933695,346499,1425147,992467,923403,942787,1127225,126669,1701750,542192,788718,1095645,1315112,23973,921202,1213252
487510,505500,Chaotic Spring (dot),8653.0,2061021,927629,964262,492912,2759722,933695,346499,1425147,992467,923403,942787,1127225,126669,1701750,542192,788718,1095645,1315112,23973,921202,1213252
505010,505630,Drakesbane,88509.0,2061021,927629,964262,492912,2848231,933695,346499,1425147,992467,923403,942787,1127225,126669,1701750,542192,788718,1095645,1315112,23973,921202,1213252
507560,508092,Auto,9619.0,2070640,927629,964262,492912,2848231,933695,346499,1425147,992467,923403,942787,1127225,126669,1701750,542192,788718,1095645,1315112,23973,921202,1213252
507510,508130,Raiden Thrust,36689.0,2070640,927629,964262,492912,2848231,933695,346499,1425147,992467,923403,942787,1127225,126669,1738439,542192,788718,1095645,1315112,23973,921202,1213252
487510,508500,Chaotic Spring (dot),8653.0,2070640,927629,972915,492912,2848231,933695,346499,1425147,992467,923403,942787,1127225,126669,1738439,542192,788718,1095645,1315112,23973,921202,1213252
508130,509330,Wyrmwind Thrust,50449.0,2070640,927629,972915,492912,2848231,933695,346499,1425147,992467,923403,942787,1127225,126669,1738439,542192,788718,1095645,1315112,23973,921202,1263701
510360,510892,Auto,9619.0,2080259,927629,972915,492912,2848231,933695,346499,1425147,992467,923403,942787,1127225,126669,1738439,542192,788718,1095645,1315112,23973,921202,1263701
510010,511390,Spiral Blow,34396.0,2080259,927629,972915,492912,2848231,933695,346499,1425147,992467,923403,942787,1127225,126669,1738439,542192,823114,1095645,1315112,23973,921202,1263701
487510,511500,Chaotic Spring (dot),8653.0,2080259,927629,981568,492912,2848231,933695,346499,1425147,992467,923403,942787,1127225,126669,1738439,542192,823114,1095645,1315112,23973,921202,1263701
512510,512960,Chaotic Spring,38982.0,2080259,966611,981568,492912,2848231,933695,346499,1425147,992467,923403,942787,1127225,126669,1738439,542192,823114,1095645,1315112,23973,921202,1263701
513160,513692,Auto,9619.0,2089878,966611,981568,492912,2848231,933695,346499,1425147,992467,923403,942787,1127225,126669,1738439,542192,823114,1095645,1315112,23973,921202,1263701
512510,514500,Chaotic Spring (dot),5156.0,2089878,966611,986724,492912,2848231,933695,346499,1425147,992467,923403,942787,1127225,126669,1738439,542192,823114,1095645,1315112,23973,921202,1263701
515010,515630,Wheeling Thrust,38982.0,2089878,966611,986724,492912,2848231,933695,346499,1425147,992467,923403,942787,1127225,126669,1738439,542192,823114,1095645,1315112,23973,960184,1263701
515960,516492,Auto,9619.0,2099497,966611,986724,492912,2848231,933695,346499,1425147,992467,923403,942787,1127225,126669,1738439,542192,823114,1095645,1315112,23973,960184,1263701
512510,517500,Chaotic Spring (dot),5156.0,2099497,966611,991880,492912,2848231,933695,346499,1425147,992467,923403,942787,1127225,126669,1738439,542192,823114,1095645,1315112,23973,960184,1263701
517510,518130,Drakesbane,52741.0,2099497,966611,991880,492912,2900972,933695,346499,1425147,992467,923403,942787,1127225,126669,1738439,542192,823114,1095645,1315112,23973,960184,1263701
518760,519292,Auto,9619.0,2109116,966611,991880,492912,2900972,933695,346499,1425147,992467,923403,942787,1127225,126669,1738439,542192,823114,1095645,1315112,23973,960184,1263701
512510,520500,Chaotic Spring (dot),5156.0,2109116,966611,997036,492912,2900972,933695,346499,1425147,992467,923403,942787,1127225,126669,1738439,542192,823114,1095645,1315112,23973,960184,1263701
520010,520630,Raiden Thrust,36689.0,2109116,966611,997036,492912,2900972,933695,346499,1425147,992467,923403,942787,1127225,126669,1775128,542192,823114,1095645,1315112,23973,960184,1263701
520630,521120,High Jump,45864.0,2109116,966611,997036,492912,2900972,933695,346499,1425147,1038331,923403,942787,1127225,126669,1775128,542192,823114,1095645,1315112,23973,960184,1263701
521560,522092,Auto,9619.0,2118735,966611,997036,492912,2900972,933695,346499,1425147,1038331,923403,942787,1127225,126669,1775128,542192,823114,1095645,1315112,23973,960184,1263701
521429,522229,Mirage Dive,43568.0,2118735,966611,997036,492912,2900972,933695,346499,1425147,1038331,923403,986355,1127225,126669,1775128,542192,823114,1095645,1315112,23973,960184,1263701
522510,523450,Lance Barrage,38982.0,2118735,966611,997036,492912,2900972,933695,346499,1425147,1038331,962385,986355,1127225,126669,1775128,542192,823114,1095645,1315112,23973,960184,1263701
512510,523500,Chaotic Spring (dot),5156.0,2118735,966611,1002192,492912,2900972,933695,346499,1425147,1038331,962385,986355,1127225,126669,1775128,542192,823114,1095645,1315112,23973,960184,1263701
524360,524892,Auto,9619.0,2128354,966611,1002192,492912,2900972,933695,346499,1425147,1038331,962385,986355,1127225,126669,1775128,542192,823114,1095645,1315112,23973,960184,1263701
525011,525721,Heavens' Thrust,52704.0,2128354,966611,1002192,492912,2900972,933695,346499,1477851,1038331,962385,986355,1127225,126669,1775128,542192,823114,1095645,1315112,23973,960184,1263701
512510,526500,Chaotic Spring (dot),5156.0,2128354,966611,1007348,492912,2900972,933695,346499,1477851,1038331,962385,986355,1127225,126669,1775128,542192,823114,1095645,1315112,23973,960184,1263701
527160,527692,Auto,9612.0,2137966,966611,1007348,492912,2900972,933695,346499,1477851,1038331,962385,986355,1127225,126669,1775128,542192,823114,1095645,1315112,23973,960184,1263701
527511,528131,Fang and Claw,38955.0,2137966,966611,1007348,492912,2900972,972650,346499,1477851,1038331,962385,986355,1127225,126669,1775128,542192,823114,1095645,1315112,23973,960184,1263701
512510,529500,Chaotic Spring (dot),5156.0,2137966,966611,1012504,492912,2900972,972650,346499,1477851,1038331,962385,986355,1127225,126669,1775128,542192,823114,1095645,1315112,23973,960184,1263701
529960,530492,Auto,9612.0,2147578,966611,1012504,492912,2900972,972650,346499,1477851,1038331,962385,986355,1127225,126669,1775128,542192,823114,1095645,1315112,23973,960184,1263701
530011,530631,Drakesbane,52704.0,2147578,966611,1012504,492912,2953676,972650,346499,1477851,1038331,962385,986355,1127225,126669,1775128,542192,823114,1095645,1315112,23973,960184,1263701
512510,532500,Chaotic Spring (dot),5156.0,2147578,966611,1017660,492912,2953676,972650,346499,1477851,1038331,962385,986355,1127225,126669,1775128,542192,823114,1095645,1315112,23973,960184,1263701
532511,533131,Raiden Thrust,36664.0,2147578,966611,1017660,492912,2953676,972650,346499,1477851,1038331,962385,986355,1127225,126669,1811792,542192,823114,1095645,1315112,23973,960184,1263701
532760,533292,Auto,9612.0,2157190,966611,1017660,492912,2953676,972650,346499,1477851,1038331,962385,986355,1127225,126669,1811792,542192,823114,1095645,1315112,23973,960184,1263701
512510,535500,Chaotic Spring (dot),5156.0,2157190,966611,1022816,492912,2953676,972650,346499,1477851,1038331,962385,986355,1127225,126669,1811792,542192,823114,1095645,1315112,23973,960184,1263701
535560,536092,Auto,9612.0,2166802,966611,1022816,492912,2953676,972650,346499,1477851,1038331,962385,986355,1127225,126669,1811792,542192,823114,1095645,1315112,23973,960184,1263701
535011,536391,Spiral Blow,34372.0,2166802,966611,1022816,492912,2953676,972650,346499,1477851,1038331,962385,986355,1127225,126669,1811792,542192,857486,1095645,1315112,23973,960184,1263701
537511,537961,Chaotic Spring,38955.0,2166802,1005566,1022816,492912,2953676,972650,346499,1477851,1038331,962385,986355,1127225,126669,1811792,542192,857486,1095645,1315112,23973,960184,1263701
537511,538500,Chaotic Spring (dot),5153.0,2166802,1005566,1027969,492912,2953676,972650,346499,1477851,1038331,962385,986355,1127225,126669,1811792,542192,857486,1095645,1315112,23973,960184,1263701
538360,538892,Auto,9612.0,2176414,1005566,1027969,492912,2953676,972650,346499,1477851,1038331,962385,986355,1127225,126669,1811792,542192,857486,1095645,1315112,23973,960184,1263701
540011,540631,Wheeling Thrust,38955.0,2176414,1005566,1027969,492912,2953676,972650,346499,1477851,1038331,962385,986355,1127225,126669,1811792,542192,857486,1095645,1315112,23973,999139,1263701
537511,541500,Chaotic Spring (dot),5153.0,2176414,1005566,1033122,492912,2953676,972650,346499,1477851,1038331,962385,986355,1127225,126669,1811792,542192,857486,1095645,1315112,23973,999139,1263701
541160,541692,Auto,9612.0,2186026,1005566,1033122,492912,2953676,972650,346499,1477851,1038331,962385,986355,1127225,126669,1811792,542192,857486,1095645,1315112,23973,999139,1263701
542511,543131,Drakesbane,52704.0,2186026,1005566,1033122,492912,3006380,972650,346499,1477851,1038331,962385,986355,1127225,126669,1811792,542192,857486,1095645,1315112,23973,999139,1263701
543131,544331,Wyrmwind Thrust,50414.0,2186026,1005566,1033122,492912,3006380,972650,346499,1477851,1038331,962385,986355,1127225,126669,1811792,542192,857486,1095645,1315112,23973,999139,1314115
543960,544492,Auto,9612.0,2195638,1005566,1033122,492912,3006380,972650,346499,1477851,1038331,962385,986355,1127225,126669,1811792,542192,857486,1095645,1315112,23973,999139,1314115
537511,544500,Chaotic Spring (dot),5153.0,2195638,1005566,1038275,492912,3006380,972650,346499,1477851,1038331,962385,986355,1127225,126669,1811792,542192,857486,1095645,1315112,23973,999139,1314115
545011,545631,Raiden Thrust,36664.0,2195638,1005566,1038275,492912,3006380,972650,346499,1477851,1038331,962385,986355,1127225,126669,1848456,542192,857486,1095645,1315112,23973,999139,1314115
546760,547292,Auto,9612.0,2205250,1005566,1038275,492912,3006380,972650,346499,1477851,1038331,962385,986355,1127225,126669,1848456,542192,857486,1095645,1315112,23973,999139,1314115
537511,547500,Chaotic Spring (dot),5153.0,2205250,1005566,1043428,492912,3006380,972650,346499,1477851,1038331,962385,986355,1127225,126669,1848456,542192,857486,1095645,1315112,23973,999139,1314115
546870,547540,Geirskogul,32079.0,2205250,1005566,1043428,492912,3006380,972650,378578,1477851,1038331,962385,986355,1127225,126669,1848456,542192,857486,1095645,1315112,23973,999139,1314115
547511,548451,Lance Barrage,49278.0,2205250,1005566,1043428,492912,3006380,972650,378578,1477851,1038331,1011663,986355,1127225,126669,1848456,542192,857486,1095645,1315112,23973,999139,1314115
548131,548891,Nastrond,104360.0,2205250,1005566,1043428,492912,3006380,972650,378578,1477851,1038331,1011663,986355,1231585,126669,1848456,542192,857486,1095645,1315112,23973,999139,1314115
549560,550092,Auto,12160.0,2217410,1005566,1043428,492912,3006380,972650,378578,1477851,1038331,1011663,986355,1231585,126669,1848456,542192,857486,1095645,1315112,23973,999139,1314115
537511,550500,Chaotic Spring (dot),5153.0,2217410,1005566,1048581,492912,3006380,972650,378578,1477851,1038331,1011663,986355,1231585,126669,1848456,542192,857486,1095645,1315112,23973,999139,1314115
550011,550721,Heavens' Thrust,92393.0,2217410,1005566,1048581,492912,3006380,972650,378578,1570244,1038331,1011663,986355,1231585,126669,1848456,542192,857486,1095645,1315112,23973,999139,1314115
550631,551121,High Jump,57978.0,2217410,1005566,1048581,492912,3006380,972650,378578,1570244,1096309,1011663,986355,1231585,126669,1848456,542192,857486,1095645,1315112,23973,999139,1314115
551431,552231,Mirage Dive,55075.0,2217410,1005566,1048581,492912,3006380,972650,378578,1570244,1096309,1011663,1041430,1231585,126669,1848456,542192,857486,1095645,1315112,23973,999139,1314115
552360,552892,Auto,12160.0,2229570,1005566,1048581,492912,3006380,972650,378578,1570244,1096309,1011663,1041430,1231585,126669,1848456,542192,857486,1095645,1315112,23973,999139,1314115
552511,553131,Fang and Claw,49278.0,2229570,1005566,1048581,492912,3006380,1021928,378578,1570244,1096309,1011663,1041430,1231585,126669,1848456,542192,857486,1095645,1315112,23973,999139,1314115
537511,553500,Chaotic Spring (dot),5153.0,2229570,1005566,1053734,492912,3006380,1021928,378578,1570244,1096309,1011663,1041430,1231585,126669,1848456,542192,857486,1095645,1315112,23973,999139,1314115
553131,554421,Stardiver,121754.0,2229570,1005566,1053734,492912,3006380,1021928,378578,1570244,1096309,1011663,1041430,1231585,126669,1848456,542192,857486,1095645,1436866,23973,999139,1314115
555011,555631,Drakesbane,66671.0,2229570,1005566,1053734,492912,3073051,1021928,378578,1570244,1096309,1011663,1041430,1231585,126669,1848456,542192,857486,1095645,1436866,23973,999139,1314115
555160,555692,Auto,12160.0,2241730,1005566,1053734,492912,3073051,1021928,378578,1570244,1096309,1011663,1041430,1231585,126669,1848456,542192,857486,1095645,1436866,23973,999139,1314115
537511,556500,Chaotic Spring (dot),5153.0,2241730,1005566,1058887,492912,3073051,1021928,378578,1570244,1096309,1011663,1041430,1231585,126669,1848456,542192,857486,1095645,1436866,23973,999139,1314115
555631,556611,Starcross,101464.0,2241730,1005566,1058887,492912,3073051,1021928,378578,1570244,1096309,1011663,1041430,1231585,126669,1848456,542192,857486,1197109,1436866,23973,999139,1314115
557511,558131,Raiden Thrust,46380.0,2241730,1005566,1058887,492912,3073051,1021928,378578,1570244,1096309,1011663,1041430,1231585,126669,1894836,542192,857486,1197109,1436866,23973,999139,1314115
557960,558492,Auto,12160.0,2253890,1005566,1058887,492912,3073051,1021928,378578,1570244,1096309,1011663,1041430,1231585,126669,1894836,542192,857486,1197109,1436866,23973,999139,1314115
558131,559331,Wyrmwind Thrust,63774.0,2253890,1005566,1058887,492912,3073051,1021928,378578,1570244,1096309,1011663,1041430,1231585,126669,1894836,542192,857486,1197109,1436866,23973,999139,1377889
537511,559500,Chaotic Spring (dot),5153.0,2253890,1005566,1064040,492912,3073051,1021928,378578,1570244,1096309,1011663,1041430,1231585,126669,1894836,542192,857486,1197109,1436866,23973,999139,1377889
560760,561292,Auto,12160.0,2266050,1005566,1064040,492912,3073051,1021928,378578,1570244,1096309,1011663,1041430,1231585,126669,1894836,542192,857486,1197109,1436866,23973,999139,1377889
560011,561391,Spiral Blow,43481.0,2266050,1005566,1064040,492912,3073051,1021928,378578,1570244,1096309,1011663,1041430,1231585,126669,1894836,542192,900967,1197109,1436866,23973,999139,1377889
562511,562961,Chaotic Spring,49130.0,2266050,1054696,1064040,492912,3073051,1021928,378578,1570244,1096309,1011663,1041430,1231585,126669,1894836,542192,900967,1197109,1436866,23973,999139,1377889
563560,564092,Auto,12124.0,2278174,1054696,1064040,492912,3073051,1021928,378578,1570244,1096309,1011663,1041430,1231585,126669,1894836,542192,900967,1197109,1436866,23973,999139,1377889
562511,565500,Chaotic Spring (dot),6499.0,2278174,1054696,1070539,492912,3073051,1021928,378578,1570244,1096309,1011663,1041430,1231585,126669,1894836,542192,900967,1197109,1436866,23973,999139,1377889
565011,565631,Wheeling Thrust,49130.0,2278174,1054696,1070539,492912,3073051,1021928,378578,1570244,1096309,1011663,1041430,1231585,126669,1894836,542192,900967,1197109,1436866,23973,1048269,1377889
566360,566892,Auto,12124.0,2290298,1054696,1070539,492912,3073051,1021928,378578,1570244,1096309,1011663,1041430,1231585,126669,1894836,542192,900967,1197109,1436866,23973,1048269,1377889
567511,568131,Drakesbane,52546.0,2290298,1054696,1070539,492912,3125597,1021928,378578,1570244,1096309,1011663,1041430,1231585,126669,1894836,542192,900967,1197109,1436866,23973,1048269,1377889
562511,568500,Chaotic Spring (dot),6499.0,2290298,1054696,1077038,492912,3125597,1021928,378578,1570244,1096309,1011663,1041430,1231585,126669,1894836,542192,900967,1197109,1436866,23973,1048269,1377889
569160,569692,Auto,9584.0,2299882,1054696,1077038,492912,3125597,1021928,378578,1570244,1096309,1011663,1041430,1231585,126669,1894836,542192,900967,1197109,1436866,23973,1048269,1377889
570011,570631,Raiden Thrust,36553.0,2299882,1054696,1077038,492912,3125597,1021928,378578,1570244,1096309,1011663,1041430,1231585,126669,1931389,542192,900967,1197109,1436866,23973,1048269,1377889
562511,571500,Chaotic Spring (dot),6499.0,2299882,1054696,1083537,492912,3125597,1021928,378578,1570244,1096309,1011663,1041430,1231585,126669,1931389,542192,900967,1197109,1436866,23973,1048269,1377889
571960,572492,Auto,9584.0,2309466,1054696,1083537,492912,3125597,1021928,378578,1570244,1096309,1011663,1041430,1231585,126669,1931389,542192,900967,1197109,1436866,23973,1048269,1377889
572511,573451,Lance Barrage,38838.0,2309466,1054696,1083537,492912,3125597,1021928,378578,1570244,1096309,1050501,1041430,1231585,126669,1931389,542192,900967,1197109,1436866,23973,1048269,1377889
562511,574500,Chaotic Spring (dot),6499.0,2309466,1054696,1090036,492912,3125597,1021928,378578,1570244,1096309,1050501,1041430,1231585,126669,1931389,542192,900967,1197109,1436866,23973,1048269,1377889
574760,575292,Auto,9584.0,2319050,1054696,1090036,492912,3125597,1021928,378578,1570244,1096309,1050501,1041430,1231585,126669,1931389,542192,900967,1197109,1436866,23973,1048269,1377889
575012,575722,Heavens' Thrust,52546.0,2319050,1054696,1090036,492912,3125597,1021928,378578,1622790,1096309,1050501,1041430,1231585,126669,1931389,542192,900967,1197109,1436866,23973,1048269,1377889
562511,577500,Chaotic Spring (dot),6499.0,2319050,1054696,1096535,492912,3125597,1021928,378578,1622790,1096309,1050501,1041430,1231585,126669,1931389,542192,900967,1197109,1436866,23973,1048269,1377889
577560,578092,Auto,9584.0,2328634,1054696,1096535,492912,3125597,1021928,378578,1622790,1096309,1050501,1041430,1231585,126669,1931389,542192,900967,1197109,1436866,23973,1048269,1377889
577512,578132,Fang and Claw,38838.0,2328634,1054696,1096535,492912,3125597,1060766,378578,1622790,1096309,1050501,1041430,1231585,126669,1931389,542192,900967,1197109,1436866,23973,1048269,1377889
562511,580500,Chaotic Spring (dot),6499.0,2328634,1054696,1103034,492912,3125597,1060766,378578,1622790,1096309,1050501,1041430,1231585,126669,1931389,542192,900967,1197109,1436866,23973,1048269,1377889
580012,580632,Drakesbane,52546.0,2328634,1054696,1103034,492912,3178143,1060766,378578,1622790,1096309,1050501,1041430,1231585,126669,1931389,542192,900967,1197109,1436866,23973,1048269,1377889
580360,580892,Auto,9584.0,2338218,1054696,1103034,492912,3178143,1060766,378578,1622790,1096309,1050501,1041430,1231585,126669,1931389,542192,900967,1197109,1436866,23973,1048269,1377889
580632,581122,High Jump,45694.0,2338218,1054696,1103034,492912,3178143,1060766,378578,1622790,1142003,1050501,1041430,1231585,126669,1931389,542192,900967,1197109,1436866,23973,1048269,1377889
581432,582232,Mirage Dive,43407.0,2338218,1054696,1103034,492912,3178143,1060766,378578,1622790,1142003,1050501,1084837,1231585,126669,1931389,542192,900967,1197109,1436866,23973,1048269,1377889
582512,583132,Raiden Thrust,36553.0,2338218,1054696,1103034,492912,3178143,1060766,378578,1622790,1142003,1050501,1084837,1231585,126669,1967942,542192,900967,1197109,1436866,23973,1048269,1377889
562511,583500,Chaotic Spring (dot),6499.0,2338218,1054696,1109533,492912,3178143,1060766,378578,1622790,1142003,1050501,1084837,1231585,126669,1967942,542192,900967,1197109,1436866,23973,1048269,1377889
583160,583692,Auto,9584.0,2347802,1054696,1109533,492912,3178143,1060766,378578,1622790,1142003,1050501,1084837,1231585,126669,1967942,542192,900967,1197109,1436866,23973,1048269,1377889
583132,584332,Wyrmwind Thrust,50262.0,2347802,1054696,1109533,492912,3178143,1060766,378578,1622790,1142003,1050501,1084837,1231585,126669,1967942,542192,900967,1197109,1436866,23973,1048269,1428151
585012,586392,Spiral Blow,34268.0,2347802,1054696,1109533,492912,3178143,1060766,378578,1622790,1142003,1050501,1084837,1231585,126669,1967942,542192,935235,1197109,1436866,23973,1048269,1428151
585960,586492,Auto,9584.0,2357386,1054696,1109533,492912,3178143,1060766,378578,1622790,1142003,1050501,1084837,1231585,126669,1967942,542192,935235,1197109,1436866,23973,1048269,1428151
562511,586500,Chaotic Spring (dot),6499.0,2357386,1054696,1116032,492912,3178143,1060766,378578,1622790,1142003,1050501,1084837,1231585,126669,1967942,542192,935235,1197109,1436866,23973,1048269,1428151
587512,587962,Chaotic Spring,38838.0,2357386,1093534,1116032,492912,3178143,1060766,378578,1622790,1142003,1050501,1084837,1231585,126669,1967942,542192,935235,1197109,1436866,23973,1048269,1428151
588760,589292,Auto,9584.0,2366970,1093534,1116032,492912,3178143,1060766,378578,1622790,1142003,1050501,1084837,1231585,126669,1967942,542192,935235,1197109,1436866,23973,1048269,1428151
587512,589500,Chaotic Spring (dot),5137.0,2366970,1093534,1121169,492912,3178143,1060766,378578,1622790,1142003,1050501,1084837,1231585,126669,1967942,542192,935235,1197109,1436866,23973,1048269,1428151
590012,590632,Wheeling Thrust,38838.0,2366970,1093534,1121169,492912,3178143,1060766,378578,1622790,1142003,1050501,1084837,1231585,126669,1967942,542192,935235,1197109,1436866,23973,1087107,1428151
591560,592092,Auto,9584.0,2376554,1093534,1121169,492912,3178143,1060766,378578,1622790,1142003,1050501,1084837,1231585,126669,1967942,542192,935235,1197109,1436866,23973,1087107,1428151
587512,592500,Chaotic Spring (dot),5137.0,2376554,1093534,1126306,492912,3178143,1060766,378578,1622790,1142003,1050501,1084837,1231585,126669,1967942,542192,935235,1197109,1436866,23973,1087107,1428151
592512,593132,Drakesbane,52546.0,2376554,1093534,1126306,492912,3230689,1060766,378578,1622790,1142003,1050501,1084837,1231585,126669,1967942,542192,935235,1197109,1436866,23973,1087107,1428151
594360,594892,Auto,9584.0,2386138,1093534,1126306,492912,3230689,1060766,378578,1622790,1142003,1050501,1084837,1231585,126669,1967942,542192,935235,1197109,1436866,23973,1087107,1428151
587512,595500,Chaotic Spring (dot),5137.0,2386138,1093534,1131443,492912,3230689,1060766,378578,1622790,1142003,1050501,1084837,1231585,126669,1967942,542192,935235,1197109,1436866,23973,1087107,1428151
595012,595632,Raiden Thrust,36553.0,2386138,1093534,1131443,492912,3230689,1060766,378578,1622790,1142003,1050501,1084837,1231585,126669,2004495,542192,935235,1197109,1436866,23973,1087107,1428151
597160,597692,Auto,9584.0,2395722,1093534,1131443,492912,3230689,1060766,378578,1622790,1142003,1050501,1084837,1231585,126669,2004495,542192,935235,1197109,1436866,23973,1087107,1428151
597512,598452,Lance Barrage,38838.0,2395722,1093534,1131443,492912,3230689,1060766,378578,1622790,1142003,1089339,1084837,1231585,126669,2004495,542192,935235,1197109,1436866,23973,1087107,1428151
587512,598500,Chaotic Spring (dot),5137.0,2395722,1093534,1136580,492912,3230689,1060766,378578,1622790,1142003,1089339,1084837,1231585,126669,2004495,542192,935235,1197109,1436866,23973,1087107,1428151
599960,600492,Auto,9584.0,2405306,1093534,1136580,492912,3230689,1060766,378578,1622790,1142003,1089339,1084837,1231585,126669,2004495,542192,935235,1197109,1436866,23973,1087107,1428151
600012,600722,Heavens' Thrust,52546.0,2405306,1093534,1136580,492912,3230689,1060766,378578,1675336,1142003,1089339,1084837,1231585,126669,2004495,542192,935235,1197109,1436866,23973,1087107,1428151
587512,601500,Chaotic Spring (dot),5137.0,2405306,1093534,1141717,492912,3230689,1060766,378578,1675336,1142003,1089339,1084837,1231585,126669,2004495,542192,935235,1197109,1436866,23973,1087107,1428151
602512,603132,Fang and Claw,38982.0,2405306,1093534,1141717,492912,3230689,1099748,378578,1675336,1142003,1089339,1084837,1231585,126669,2004495,542192,935235,1197109,1436866,23973,1087107,1428151
602760,603292,Auto,9619.0,2414925,1093534,1141717,492912,3230689,1099748,378578,1675336,1142003,1089339,1084837,1231585,126669,2004495,542192,935235,1197109,1436866,23973,1087107,1428151
587512,604500,Chaotic Spring (dot),5137.0,2414925,1093534,1146854,492912,3230689,1099748,378578,1675336,1142003,1089339,1084837,1231585,126669,2004495,542192,935235,1197109,1436866,23973,1087107,1428151
605012,605632,Drakesbane,52741.0,2414925,1093534,1146854,492912,3283430,1099748,378578,1675336,1142003,1089339,1084837,1231585,126669,2004495,542192,935235,1197109,1436866,23973,1087107,1428151
605560,606092,Auto,9619.0,2424544,1093534,1146854,492912,3283430,1099748,378578,1675336,1142003,1089339,1084837,1231585,126669,2004495,542192,935235,1197109,1436866,23973,1087107,1428151
587512,607500,Chaotic Spring (dot),5137.0,2424544,1093534,1151991,492912,3283430,1099748,378578,1675336,1142003,1089339,1084837,1231585,126669,2004495,542192,935235,1197109,1436866,23973,1087107,1428151
606872,607542,Geirskogul,40175.0,2424544,1093534,1151991,492912,3283430,1099748,418753,1675336,1142003,1089339,1084837,1231585,126669,2004495,542192,935235,1197109,1436866,23973,1087107,1428151
607512,608132,Raiden Thrust,61571.0,2424544,1093534,1151991,492912,3283430,1099748,418753,1675336,1142003,1089339,1084837,1231585,126669,2066066,542192,935235,1197109,1436866,23973,1087107,1428151
608360,608892,Auto,16143.0,2440687,1093534,1151991,492912,3283430,1099748,418753,1675336,1142003,1089339,1084837,1231585,126669,2066066,542192,935235,1197109,1436866,23973,1087107,1428151
608132,609332,Wyrmwind Thrust,84663.0,2440687,1093534,1151991,492912,3283430,1099748,418753,1675336,1142003,1089339,1084837,1231585,126669,2066066,542192,935235,1197109,1436866,23973,1087107,1512814
608752,609512,Nastrond,138542.0,2440687,1093534,1151991,492912,3283430,1099748,418753,1675336,1142003,1089339,1084837,1370127,126669,2066066,542192,935235,1197109,1436866,23973,1087107,1512814
587512,610500,Chaotic Spring (dot),5137.0,2440687,1093534,1157128,492912,3283430,1099748,418753,1675336,1142003,1089339,1084837,1370127,126669,2066066,542192,935235,1197109,1436866,23973,1087107,1512814
610632,611122,High Jump,76968.0,2440687,1093534,1157128,492912,3283430,1099748,418753,1675336,1218971,1089339,1084837,1370127,126669,2066066,542192,935235,1197109,1436866,23973,1087107,1512814
610012,611392,Spiral Blow,57722.0,2440687,1093534,1157128,492912,3283430,1099748,418753,1675336,1218971,1089339,1084837,1370127,126669,2066066,542192,992957,1197109,1436866,23973,1087107,1512814
611160,611692,Auto,16143.0,2456830,1093534,1157128,492912,3283430,1099748,418753,1675336,1218971,1089339,1084837,1370127,126669,2066066,542192,992957,1197109,1436866,23973,1087107,1512814
611432,612232,Mirage Dive,73114.0,2456830,1093534,1157128,492912,3283430,1099748,418753,1675336,1218971,1089339,1157951,1370127,126669,2066066,542192,992957,1197109,1436866,23973,1087107,1512814
612512,612962,Chaotic Spring,65420.0,2456830,1158954,1157128,492912,3283430,1099748,418753,1675336,1218971,1089339,1157951,1370127,126669,2066066,542192,992957,1197109,1436866,23973,1087107,1512814
612512,613500,Chaotic Spring (dot),8653.0,2456830,1158954,1165781,492912,3283430,1099748,418753,1675336,1218971,1089339,1157951,1370127,126669,2066066,542192,992957,1197109,1436866,23973,1087107,1512814
613132,613932,Dragonfire Dive,96212.0,2456830,1158954,1165781,589124,3283430,1099748,418753,1675336,1218971,1089339,1157951,1370127,126669,2066066,542192,992957,1197109,1436866,23973,1087107,1512814
613960,614492,Auto,16143.0,2472973,1158954,1165781,589124,3283430,1099748,418753,1675336,1218971,1089339,1157951,1370127,126669,2066066,542192,992957,1197109,1436866,23973,1087107,1512814
613932,615092,Rise of the Dragon,105827.0,2472973,1158954,1165781,589124,3283430,1099748,418753,1675336,1218971,1089339,1157951,1370127,126669,2066066,648019,992957,1197109,1436866,23973,1087107,1512814
615012,615632,Wheeling Thrust,65420.0,2472973,1158954,1165781,589124,3283430,1099748,418753,1675336,1218971,1089339,1157951,1370127,126669,2066066,648019,992957,1197109,1436866,23973,1152527,1512814
612512,616500,Chaotic Spring (dot),8653.0,2472973,1158954,1174434,589124,3283430,1099748,418753,1675336,1218971,1089339,1157951,1370127,126669,2066066,648019,992957,1197109,1436866,23973,1152527,1512814
616760,617292,Auto,16143.0,2489116,1158954,1174434,589124,3283430,1099748,418753,1675336,1218971,1089339,1157951,1370127,126669,2066066,648019,992957,1197109,1436866,23973,1152527,1512814
617512,618132,Drakesbane,124923.0,2489116,1158954,1174434,589124,3408353,1099748,418753,1675336,1218971,1089339,1157951,1370127,126669,2066066,648019,992957,1197109,1436866,23973,1152527,1512814
618132,619422,Stardiver,161634.0,2489116,1158954,1174434,589124,3408353,1099748,418753,1675336,1218971,1089339,1157951,1370127,126669,2066066,648019,992957,1197109,1598500,23973,1152527,1512814
612512,619500,Chaotic Spring (dot),8653.0,2489116,1158954,1183087,589124,3408353,1099748,418753,1675336,1218971,1089339,1157951,1370127,126669,2066066,648019,992957,1197109,1598500,23973,1152527,1512814
619560,620092,Auto,16143.0,2505259,1158954,1183087,589124,3408353,1099748,418753,1675336,1218971,1089339,1157951,1370127,126669,2066066,648019,992957,1197109,1598500,23973,1152527,1512814
620012,620632,Raiden Thrust,61571.0,2505259,1158954,1183087,589124,3408353,1099748,418753,1675336,1218971,1089339,1157951,1370127,126669,2127637,648019,992957,1197109,1598500,23973,1152527,1512814
620632,621612,Starcross,134698.0,2505259,1158954,1183087,589124,3408353,1099748,418753,1675336,1218971,1089339,1157951,1370127,126669,2127637,648019,992957,1331807,1598500,23973,1152527,1512814
612512,622500,Chaotic Spring (dot),8653.0,2505259,1158954,1191740,589124,3408353,1099748,418753,1675336,1218971,1089339,1157951,1370127,126669,2127637,648019,992957,1331807,1598500,23973,1152527,1512814
622360,622892,Auto,16143.0,2521402,1158954,1191740,589124,3408353,1099748,418753,1675336,1218971,1089339,1157951,1370127,126669,2127637,648019,992957,1331807,1598500,23973,1152527,1512814
622512,623452,Lance Barrage,65420.0,2521402,1158954,1191740,589124,3408353,1099748,418753,1675336,1218971,1154759,1157951,1370127,126669,2127637,648019,992957,1331807,1598500,23973,1152527,1512814
612512,625500,Chaotic Spring (dot),8653.0,2521402,1158954,1200393,589124,3408353,1099748,418753,1675336,1218971,1154759,1157951,1370127,126669,2127637,648019,992957,1331807,1598500,23973,1152527,1512814
625160,625692,Auto,16143.0,2537545,1158954,1200393,589124,3408353,1099748,418753,1675336,1218971,1154759,1157951,1370127,126669,2127637,648019,992957,1331807,1598500,23973,1152527,1512814
625013,625723,Heavens' Thrust,124923.0,2537545,1158954,1200393,589124,3408353,1099748,418753,1800259,1218971,1154759,1157951,1370127,126669,2127637,648019,992957,1331807,1598500,23973,1152527,1512814
627513,628133,Fang and Claw,38982.0,2537545,1158954,1200393,589124,3408353,1138730,418753,1800259,1218971,1154759,1157951,1370127,126669,2127637,648019,992957,1331807,1598500,23973,1152527,1512814
627960,628492,Auto,9619.0,2547164,1158954,1200393,589124,3408353,1138730,418753,1800259,1218971,1154759,1157951,1370127,126669,2127637,648019,992957,1331807,1598500,23973,1152527,1512814
612512,628500,Chaotic Spring (dot),8653.0,2547164,1158954,1209046,589124,3408353,1138730,418753,1800259,1218971,1154759,1157951,1370127,126669,2127637,648019,992957,1331807,1598500,23973,1152527,1512814
630013,630633,Drakesbane,52741.0,2547164,1158954,1209046,589124,3461094,1138730,418753,1800259,1218971,1154759,1157951,1370127,126669,2127637,648019,992957,1331807,1598500,23973,1152527,1512814
630760,631292,Auto,9619.0,2556783,1158954,1209046,589124,3461094,1138730,418753,1800259,1218971,1154759,1157951,1370127,126669,2127637,648019,992957,1331807,1598500,23973,1152527,1512814
612512,631500,Chaotic Spring (dot),8653.0,2556783,1158954,1217699,589124,3461094,1138730,418753,1800259,1218971,1154759,1157951,1370127,126669,2127637,648019,992957,1331807,1598500,23973,1152527,1512814
632513,633133,Raiden Thrust,36689.0,2556783,1158954,1217699,589124,3461094,1138730,418753,1800259,1218971,1154759,1157951,1370127,126669,2164326,648019,992957,1331807,1598500,23973,1152527,1512814
633560,634092,Auto,9619.0,2566402,1158954,1217699,589124,3461094,1138730,418753,1800259,1218971,1154759,1157951,1370127,126669,2164326,648019,992957,1331807,1598500,23973,1152527,1512814
633133,634333,Wyrmwind Thrust,50449.0,2566402,1158954,1217699,589124,3461094,1138730,418753,1800259,1218971,1154759,1157951,1370127,126669,2164326,648019,992957,1331807,1598500,23973,1152527,1563263
612512,634500,Chaotic Spring (dot),8653.0,2566402,1158954,1226352,589124,3461094,1138730,418753,1800259,1218971,1154759,1157951,1370127,126669,2164326,648019,992957,1331807,1598500,23973,1152527,1563263
635013,636393,Spiral Blow,34396.0,2566402,1158954,1226352,589124,3461094,1138730,418753,1800259,1218971,1154759,1157951,1370127,126669,2164326,648019,1027353,1331807,1598500,23973,1152527,1563263
636360,636892,Auto,9619.0,2576021,1158954,1226352,589124,3461094,1138730,418753,1800259,1218971,1154759,1157951,1370127,126669,2164326,648019,1027353,1331807,1598500,23973,1152527,1563263
637513,637963,Chaotic Spring,38982.0,2576021,1197936,1226352,589124,3461094,1138730,418753,1800259,1218971,1154759,1157951,1370127,126669,2164326,648019,1027353,1331807,1598500,23973,1152527,1563263
639160,639692,Auto,9619.0,2585640,1197936,1226352,589124,3461094,1138730,418753,1800259,1218971,1154759,1157951,1370127,126669,2164326,648019,1027353,1331807,1598500,23973,1152527,1563263
637513,640500,Chaotic Spring (dot),5156.0,2585640,1197936,1231508,589124,3461094,1138730,418753,1800259,1218971,1154759,1157951,1370127,126669,2164326,648019,1027353,1331807,1598500,23973,1152527,1563263
640013,640633,Wheeling Thrust,38982.0,2585640,1197936,1231508,589124,3461094,1138730,418753,1800259,1218971,1154759,1157951,1370127,126669,2164326,648019,1027353,1331807,1598500,23973,1191509,1563263
640633,641123,High Jump,45864.0,2585640,1197936,1231508,589124,3461094,1138730,418753,1800259,1264835,1154759,1157951,1370127,126669,2164326,648019,1027353,1331807,1598500,23973,1191509,1563263
641433,642233,Mirage Dive,43568.0,2585640,1197936,1231508,589124,3461094,1138730,418753,1800259,1264835,1154759,1201519,1370127,126669,2164326,648019,1027353,1331807,1598500,23973,1191509,1563263
641960,642492,Auto,9619.0,2595259,1197936,1231508,589124,3461094,1138730,418753,1800259,1264835,1154759,1201519,1370127,126669,2164326,648019,1027353,1331807,1598500,23973,1191509,1563263
642513,643133,Drakesbane,52741.0,2595259,1197936,1231508,589124,3513835,1138730,418753,1800259,1264835,1154759,1201519,1370127,126669,2164326,648019,1027353,1331807,1598500,23973,1191509,1563263
637513,643500,Chaotic Spring (dot),5156.0,2595259,1197936,1236664,589124,3513835,1138730,418753,1800259,1264835,1154759,1201519,1370127,126669,2164326,648019,1027353,1331807,1598500,23973,1191509,1563263
644760,645292,Auto,9619.0,2604878,1197936,1236664,589124,3513835,1138730,418753,1800259,1264835,1154759,1201519,1370127,126669,2164326,648019,1027353,1331807,1598500,23973,1191509,1563263
645013,645633,Raiden Thrust,36689.0,2604878,1197936,1236664,589124,3513835,1138730,418753,1800259,1264835,1154759,1201519,1370127,126669,2201015,648019,1027353,1331807,1598500,23973,1191509,1563263
637513,646500,Chaotic Spring (dot),5156.0,2604878,1197936,1241820,589124,3513835,1138730,418753,1800259,1264835,1154759,1201519,1370127,126669,2201015,648019,1027353,1331807,1598500,23973,1191509,1563263
647560,648092,Auto,9612.0,2614490,1197936,1241820,589124,3513835,1138730,418753,1800259,1264835,1154759,1201519,1370127,126669,2201015,648019,1027353,1331807,1598500,23973,1191509,1563263
647513,648453,Lance Barrage,38955.0,2614490,1197936,1241820,589124,3513835,1138730,418753,1800259,1264835,1193714,1201519,1370127,126669,2201015,648019,1027353,1331807,1598500,23973,1191509,1563263
637513,649500,Chaotic Spring (dot),5156.0,2614490,1197936,1246976,589124,3513835,1138730,418753,1800259,1264835,1193714,1201519,1370127,126669,2201015,648019,1027353,1331807,1598500,23973,1191509,1563263
650013,650723,Heavens' Thrust,52704.0,2614490,1197936,1246976,589124,3513835,1138730,418753,1852963,1264835,1193714,1201519,1370127,126669,2201015,648019,1027353,1331807,1598500,23973,1191509,1563263
650360,650892,Auto,9612.0,2624102,1197936,1246976,589124,3513835,1138730,418753,1852963,1264835,1193714,1201519,1370127,126669,2201015,648019,1027353,1331807,1598500,23973,1191509,1563263
637513,652500,Chaotic Spring (dot),5156.0,2624102,1197936,1252132,589124,3513835,1138730,418753,1852963,1264835,1193714,1201519,1370127,126669,2201015,648019,1027353,1331807,1598500,23973,1191509,1563263
652513,653133,Fang and Claw,38955.0,2624102,1197936,1252132,589124,3513835,1177685,418753,1852963,1264835,1193714,1201519,1370127,126669,2201015,648019,1027353,1331807,1598500,23973,1191509,1563263
653160,653692,Auto,9612.0,2633714,1197936,1252132,589124,3513835,1177685,418753,1852963,1264835,1193714,1201519,1370127,126669,2201015,648019,1027353,1331807,1598500,23973,1191509,1563263
637513,655500,Chaotic Spring (dot),5156.0,2633714,1197936,1257288,589124,3513835,1177685,418753,1852963,1264835,1193714,1201519,1370127,126669,2201015,648019,1027353,1331807,1598500,23973,1191509,1563263
655013,655633,Drakesbane,52704.0,2633714,1197936,1257288,589124,3566539,1177685,418753,1852963,1264835,1193714,1201519,1370127,126669,2201015,648019,1027353,1331807,1598500,23973,1191509,1563263
655960,656492,Auto,9612.0,2643326,1197936,1257288,589124,3566539,1177685,418753,1852963,1264835,1193714,1201519,1370127,126669,2201015,648019,1027353,1331807,1598500,23973,1191509,1563263
657513,658133,Raiden Thrust,36664.0,2643326,1197936,1257288,589124,3566539,1177685,418753,1852963,1264835,1193714,1201519,1370127,126669,2237679,648019,1027353,1331807,1598500,23973,1191509,1563263
637513,658500,Chaotic Spring (dot),5156.0,2643326,1197936,1262444,589124,3566539,1177685,418753,1852963,1264835,1193714,1201519,1370127,126669,2237679,648019,1027353,1331807,1598500,23973,1191509,1563263
658760,659292,Auto,9612.0,2652938,1197936,1262444,589124,3566539,1177685,418753,1852963,1264835,1193714,1201519,1370127,126669,2237679,648019,1027353,1331807,1598500,23973,1191509,1563263
660013,661393,Spiral Blow,34372.0,2652938,1197936,1262444,589124,3566539,1177685,418753,1852963,1264835,1193714,1201519,1370127,126669,2237679,648019,1061725,1331807,1598500,23973,1191509,1563263
637513,661500,Chaotic Spring (dot),5156.0,2652938,1197936,1267600,589124,3566539,1177685,418753,1852963,1264835,1193714,1201519,1370127,126669,2237679,648019,1061725,1331807,1598500,23973,1191509,1563263
661560,662092,Auto,9612.0,2662550,1197936,1267600,589124,3566539,1177685,418753,1852963,1264835,1193714,1201519,1370127,126669,2237679,648019,1061725,1331807,1598500,23973,1191509,1563263
662513,662963,Chaotic Spring,38955.0,2662550,1236891,1267600,589124,3566539,1177685,418753,1852963,1264835,1193714,1201519,1370127,126669,2237679,648019,1061725,1331807,1598500,23973,1191509,1563263
662513,664500,Chaotic Spring (dot),5153.0,2662550,1236891,1272753,589124,3566539,1177685,418753,1852963,1264835,1193714,1201519,1370127,126669,2237679,648019,1061725,1331807,1598500,23973,1191509,1563263
664360,664892,Auto,9612.0,2672162,1236891,1272753,589124,3566539,1177685,418753,1852963,1264835,1193714,1201519,1370127,126669,2237679,648019,1061725,1331807,1598500,23973,1191509,1563263
665013,665633,Wheeling Thrust,38955.0,2672162,1236891,1272753,589124,3566539,1177685,418753,1852963,1264835,1193714,1201519,1370127,126669,2237679,648019,1061725,1331807,1598500,23973,1230464,1563263
662513,667500,Chaotic Spring (dot),5153.0,2672162,1236891,1277906,589124,3566539,1177685,418753,1852963,1264835,1193714,1201519,1370127,126669,2237679,648019,1061725,1331807,1598500,23973,1230464,1563263
666872,667542,Geirskogul,32079.0,2672162,1236891,1277906,589124,3566539,1177685,450832,1852963,1264835,1193714,1201519,1370127,126669,2237679,648019,1061725,1331807,1598500,23973,1230464,1563263
667160,667692,Auto,12160.0,2684322,1236891,1277906,589124,3566539,1177685,450832,1852963,1264835,1193714,1201519,1370127,126669,2237679,648019,1061725,1331807,1598500,23973,1230464,1563263
667513,668133,Drakesbane,66671.0,2684322,1236891,1277906,589124,3633210,1177685,450832,1852963,1264835,1193714,1201519,1370127,126669,2237679,648019,1061725,1331807,1598500,23973,1230464,1563263
668133,669333,Wyrmwind Thrust,63774.0,2684322,1236891,1277906,589124,3633210,1177685,450832,1852963,1264835,1193714,1201519,1370127,126669,2237679,648019,1061725,1331807,1598500,23973,1230464,1627037
668753,669513,Nastrond,104360.0,2684322,1236891,1277906,589124,3633210,1177685,450832,1852963,1264835,1193714,1201519,1474487,126669,2237679,648019,1061725,1331807,1598500,23973,1230464,1627037
669960,670492,Auto,12160.0,2696482,1236891,1277906,589124,3633210,1177685,450832,1852963,1264835,1193714,1201519,1474487,126669,2237679,648019,1061725,1331807,1598500,23973,1230464,1627037
662513,670500,Chaotic Spring (dot),5153.0,2696482,1236891,1283059,589124,3633210,1177685,450832,1852963,1264835,1193714,1201519,1474487,126669,2237679,648019,1061725,1331807,1598500,23973,1230464,1627037
670013,670633,Raiden Thrust,46380.0,2696482,1236891,1283059,589124,3633210,1177685,450832,1852963,1264835,1193714,1201519,1474487,126669,2284059,648019,1061725,1331807,1598500,23973,1230464,1627037
670633,671123,High Jump,57978.0,2696482,1236891,1283059,589124,3633210,1177685,450832,1852963,1322813,1193714,1201519,1474487,126669,2284059,648019,1061725,1331807,1598500,23973,1230464,1627037
671433,672233,Mirage Dive,55075.0,2696482,1236891,1283059,589124,3633210,1177685,450832,1852963,1322813,1193714,1256594,1474487,126669,2284059,648019,1061725,1331807,1598500,23973,1230464,1627037
672760,673292,Auto,12160.0,2708642,1236891,1283059,589124,3633210,1177685,450832,1852963,1322813,1193714,1256594,1474487,126669,2284059,648019,1061725,1331807,1598500,23973,1230464,1627037
672513,673453,Lance Barrage,49278.0,2708642,1236891,1283059,589124,3633210,1177685,450832,1852963,1322813,1242992,1256594,1474487,126669,2284059,648019,1061725,1331807,1598500,23973,1230464,1627037
662513,673500,Chaotic Spring (dot),5153.0,2708642,1236891,1288212,589124,3633210,1177685,450832,1852963,1322813,1242992,1256594,1474487,126669,2284059,648019,1061725,1331807,1598500,23973,1230464,1627037
675014,675724,Heavens' Thrust,92393.0,2708642,1236891,1288212,589124,3633210,1177685,450832,1945356,1322813,1242992,1256594,1474487,126669,2284059,648019,1061725,1331807,1598500,23973,1230464,1627037
675560,676092,Auto,12160.0,2720802,1236891,1288212,589124,3633210,1177685,450832,1945356,1322813,1242992,1256594,1474487,126669,2284059,648019,1061725,1331807,1598500,23973,1230464,1627037
662513,676500,Chaotic Spring (dot),5153.0,2720802,1236891,1293365,589124,3633210,1177685,450832,1945356,1322813,1242992,1256594,1474487,126669,2284059,648019,1061725,1331807,1598500,23973,1230464,1627037
675634,676924,Stardiver,121754.0,2720802,1236891,1293365,589124,3633210,1177685,450832,1945356,1322813,1242992,1256594,1474487,126669,2284059,648019,1061725,1331807,1720254,23973,1230464,1627037
677514,678134,Fang and Claw,49278.0,2720802,1236891,1293365,589124,3633210,1226963,450832,1945356,1322813,1242992,1256594,1474487,126669,2284059,648019,1061725,1331807,1720254,23973,1230464,1627037
678360,678892,Auto,12160.0,2732962,1236891,1293365,589124,3633210,1226963,450832,1945356,1322813,1242992,1256594,1474487,126669,2284059,648019,1061725,1331807,1720254,23973,1230464,1627037
678134,679114,Starcross,101464.0,2732962,1236891,1293365,589124,3633210,1226963,450832,1945356,1322813,1242992,1256594,1474487,126669,2284059,648019,1061725,1433271,1720254,23973,1230464,1627037
662513,679500,Chaotic Spring (dot),5153.0,2732962,1236891,1298518,589124,3633210,1226963,450832,1945356,1322813,1242992,1256594,1474487,126669,2284059,648019,1061725,1433271,1720254,23973,1230464,1627037
680014,680634,Drakesbane,66671.0,2732962,1236891,1298518,589124,3699881,1226963,450832,1945356,1322813,1242992,1256594,1474487,126669,2284059,648019,1061725,1433271,1720254,23973,1230464,1627037
681160,681692,Auto,12160.0,2745122,1236891,1298518,589124,3699881,1226963,450832,1945356,1322813,1242992,1256594,1474487,126669,2284059,648019,1061725,1433271,1720254,23973,1230464,1627037
662513,682500,Chaotic Spring (dot),5153.0,2745122,1236891,1303671,589124,3699881,1226963,450832,1945356,1322813,1242992,1256594,1474487,126669,2284059,648019,1061725,1433271,1720254,23973,1230464,1627037
682514,683134,Raiden Thrust,46380.0,2745122,1236891,1303671,589124,3699881,1226963,450832,1945356,1322813,1242992,1256594,1474487,126669,2330439,648019,1061725,1433271,1720254,23973,1230464,1627037
683134,684334,Wyrmwind Thrust,63582.0,2745122,1236891,1303671,589124,3699881,1226963,450832,1945356,1322813,1242992,1256594,1474487,126669,2330439,648019,1061725,1433271,1720254,23973,1230464,1690619
683960,684492,Auto,12124.0,2757246,1236891,1303671,589124,3699881,1226963,450832,1945356,1322813,1242992,1256594,1474487,126669,2330439,648019,1061725,1433271,1720254,23973,1230464,1690619
662513,685500,Chaotic Spring (dot),5153.0,2757246,1236891,1308824,589124,3699881,1226963,450832,1945356,1322813,1242992,1256594,1474487,126669,2330439,648019,1061725,1433271,1720254,23973,1230464,1690619
685014,686394,Spiral Blow,43350.0,2757246,1236891,1308824,589124,3699881,1226963,450832,1945356,1322813,1242992,1256594,1474487,126669,2330439,648019,1105075,1433271,1720254,23973,1230464,1690619
686760,687292,Auto,12124.0,2769370,1236891,1308824,589124,3699881,1226963,450832,1945356,1322813,1242992,1256594,1474487,126669,2330439,648019,1105075,1433271,1720254,23973,1230464,1690619
687514,687964,Chaotic Spring,38838.0,2769370,1275729,1308824,589124,3699881,1226963,450832,1945356,1322813,1242992,1256594,1474487,126669,2330439,648019,1105075,1433271,1720254,23973,1230464,1690619
687514,688500,Chaotic Spring (dot),5137.0,2769370,1275729,1313961,589124,3699881,1226963,450832,1945356,1322813,1242992,1256594,1474487,126669,2330439,648019,1105075,1433271,1720254,23973,1230464,1690619
689560,690092,Auto,9584.0,2778954,1275729,1313961,589124,3699881,1226963,450832,1945356,1322813,1242992,1256594,1474487,126669,2330439,648019,1105075,1433271,1720254,23973,1230464,1690619
690014,690634,Wheeling Thrust,38838.0,2778954,1275729,1313961,589124,3699881,1226963,450832,1945356,1322813,1242992,1256594,1474487,126669,2330439,648019,1105075,1433271,1720254,23973,1269302,1690619
687514,691500,Chaotic Spring (dot),5137.0,2778954,1275729,1319098,589124,3699881,1226963,450832,1945356,1322813,1242992,1256594,1474487,126669,2330439,648019,1105075,1433271,1720254,23973,1269302,1690619
692360,692892,Auto,9584.0,2788538,1275729,1319098,589124,3699881,1226963,450832,1945356,1322813,1242992,1256594,1474487,126669,2330439,648019,1105075,1433271,1720254,23973,1269302,1690619
692514,693134,Drakesbane,52546.0,2788538,1275729,1319098,589124,3752427,1226963,450832,1945356,1322813,1242992,1256594,1474487,126669,2330439,648019,1105075,1433271,1720254,23973,1269302,1690619
687514,694500,Chaotic Spring (dot),5137.0,2788538,1275729,1324235,589124,3752427,1226963,450832,1945356,1322813,1242992,1256594,1474487,126669,2330439,648019,1105075,1433271,1720254,23973,1269302,1690619
695014,695634,Raiden Thrust,36553.0,2788538,1275729,1324235,589124,3752427,1226963,450832,1945356,1322813,1242992,1256594,1474487,126669,2366992,648019,1105075,1433271,1720254,23973,1269302,1690619
695160,695692,Auto,9584.0,2798122,1275729,1324235,589124,3752427,1226963,450832,1945356,1322813,1242992,1256594,1474487,126669,2366992,648019,1105075,1433271,1720254,23973,1269302,1690619
687514,697500,Chaotic Spring (dot),5137.0,2798122,1275729,1329372,589124,3752427,1226963,450832,1945356,1322813,1242992,1256594,1474487,126669,2366992,648019,1105075,1433271,1720254,23973,1269302,1690619
697514,698454,Lance Barrage,38838.0,2798122,1275729,1329372,589124,3752427,1226963,450832,1945356,1322813,1281830,1256594,1474487,126669,2366992,648019,1105075,1433271,1720254,23973,1269302,1690619
697960,698492,Auto,9584.0,2807706,1275729,1329372,589124,3752427,1226963,450832,1945356,1322813,1281830,1256594,1474487,126669,2366992,648019,1105075,1433271,1720254,23973,1269302,1690619
687514,700500,Chaotic Spring (dot),5137.0,2807706,1275729,1334509,589124,3752427,1226963,450832,1945356,1322813,1281830,1256594,1474487,126669,2366992,648019,1105075,1433271,1720254,23973,1269302,1690619
700014,700724,Heavens' Thrust,52546.0,2807706,1275729,1334509,589124,3752427,1226963,450832,1997902,1322813,1281830,1256594,1474487,126669,2366992,648019,1105075,1433271,1720254,23973,1269302,1690619
700634,701124,High Jump,45694.0,2807706,1275729,1334509,589124,3752427,1226963,450832,1997902,1368507,1281830,1256594,1474487,126669,2366992,648019,1105075,1433271,1720254,23973,1269302,1690619
700760,701292,Auto,9584.0,2817290,1275729,1334509,589124,3752427,1226963,450832,1997902,1368507,1281830,1256594,1474487,126669,2366992,648019,1105075,1433271,1720254,23973,1269302,1690619
701434,702234,Mirage Dive,43407.0,2817290,1275729,1334509,589124,3752427,1226963,450832,1997902,1368507,1281830,1300001,1474487,126669,2366992,648019,1105075,1433271,1720254,23973,1269302,1690619
702514,703134,Fang and Claw,38838.0,2817290,1275729,1334509,589124,3752427,1265801,450832,1997902,1368507,1281830,1300001,1474487,126669,2366992,648019,1105075,1433271,1720254,23973,1269302,1690619
687514,703500,Chaotic Spring (dot),5137.0,2817290,1275729,1339646,589124,3752427,1265801,450832,1997902,1368507,1281830,1300001,1474487,126669,2366992,648019,1105075,1433271,1720254,23973,1269302,1690619
703560,704092,Auto,9584.0,2826874,1275729,1339646,589124,3752427,1265801,450832,1997902,1368507,1281830,1300001,1474487,126669,2366992,648019,1105075,1433271,1720254,23973,1269302,1690619
705014,705634,Drakesbane,52546.0,2826874,1275729,1339646,589124,3804973,1265801,450832,1997902,1368507,1281830,1300001,1474487,126669,2366992,648019,1105075,1433271,1720254,23973,1269302,1690619
687514,706500,Chaotic Spring (dot),5137.0,2826874,1275729,1344783,589124,3804973,1265801,450832,1997902,1368507,1281830,1300001,1474487,126669,2366992,648019,1105075,1433271,1720254,23973,1269302,1690619
706360,706892,Auto,9584.0,2836458,1275729,1344783,589124,3804973,1265801,450832,1997902,1368507,1281830,1300001,1474487,126669,2366992,648019,1105075,1433271,1720254,23973,1269302,1690619
707514,708134,Raiden Thrust,36553.0,2836458,1275729,1344783,589124,3804973,1265801,450832,1997902,1368507,1281830,1300001,1474487,126669,2403545,648019,1105075,1433271,1720254,23973,1269302,1690619
687514,709500,Chaotic Spring (dot),5137.0,2836458,1275729,1349920,589124,3804973,1265801,450832,1997902,1368507,1281830,1300001,1474487,126669,2403545,648019,1105075,1433271,1720254,23973,1269302,1690619
709160,709692,Auto,9584.0,2846042,1275729,1349920,589124,3804973,1265801,450832,1997902,1368507,1281830,1300001,1474487,126669,2403545,648019,1105075,1433271,1720254,23973,1269302,1690619
710014,710954,Lance Barrage,38838.0,2846042,1275729,1349920,589124,3804973,1265801,450832,1997902,1368507,1320668,1300001,1474487,126669,2403545,648019,1105075,1433271,1720254,23973,1269302,1690619
711960,712492,Auto,9584.0,2855626,1275729,1349920,589124,3804973,1265801,450832,1997902,1368507,1320668,1300001,1474487,126669,2403545,648019,1105075,1433271,1720254,23973,1269302,1690619
712514,713224,Heavens' Thrust,52546.0,2855626,1275729,1349920,589124,3804973,1265801,450832,2050448,1368507,1320668,1300001,1474487,126669,2403545,648019,1105075,1433271,1720254,23973,1269302,1690619
713134,714334,Wyrmwind Thrust,50262.0,2855626,1275729,1349920,589124,3804973,1265801,450832,2050448,1368507,1320668,1300001,1474487,126669,2403545,648019,1105075,1433271,1720254,23973,1269302,1740881
714760,715292,Auto,9584.0,2865210,1275729,1349920,589124,3804973,1265801,450832,2050448,1368507,1320668,1300001,1474487,126669,2403545,648019,1105075,1433271,1720254,23973,1269302,1740881
715014,715634,Fang and Claw,38838.0,2865210,1275729,1349920,589124,3804973,1304639,450832,2050448,1368507,1320668,1300001,1474487,126669,2403545,648019,1105075,1433271,1720254,23973,1269302,1740881
717560,718092,Auto,8713.0,2873923,1275729,1349920,589124,3804973,1304639,450832,2050448,1368507,1320668,1300001,1474487,126669,2403545,648019,1105075,1433271,1720254,23973,1269302,1740881
717514,718134,Drakesbane,47769.0,2873923,1275729,1349920,589124,3852742,1304639,450832,2050448,1368507,1320668,1300001,1474487,126669,2403545,648019,1105075,1433271,1720254,23973,1269302,1740881
720014,720634,Raiden Thrust,33231.0,2873923,1275729,1349920,589124,3852742,1304639,450832,2050448,1368507,1320668,1300001,1474487,126669,2436776,648019,1105075,1433271,1720254,23973,1269302,1740881
720360,720892,Auto,8713.0,2882636,1275729,1349920,589124,3852742,1304639,450832,2050448,1368507,1320668,1300001,1474487,126669,2436776,648019,1105075,1433271,1720254,23973,1269302,1740881
723160,723692,Auto,10412.0,2893048,1275729,1349920,589124,3852742,1304639,450832,2050448,1368507,1320668,1300001,1474487,126669,2436776,648019,1105075,1433271,1720254,23973,1269302,1740881
722514,723894,Spiral Blow,33835.0,2893048,1275729,1349920,589124,3852742,1304639,450832,2050448,1368507,1320668,1300001,1474487,126669,2436776,648019,1138910,1433271,1720254,23973,1269302,1740881
725015,725865,Piercing Talon,43424.0,2893048,1275729,1349920,589124,3852742,1304639,450832,2050448,1368507,1320668,1300001,1474487,170093,2436776,648019,1138910,1433271,1720254,23973,1269302,1740881
725960,726492,Auto,10412.0,2903460,1275729,1349920,589124,3852742,1304639,450832,2050448,1368507,1320668,1300001,1474487,170093,2436776,648019,1138910,1433271,1720254,23973,1269302,1740881
726875,727545,Geirskogul,41404.0,2903460,1275729,1349920,589124,3852742,1304639,492236,2050448,1368507,1320668,1300001,1474487,170093,2436776,648019,1138910,1433271,1720254,23973,1269302,1740881
727515,727965,Chaotic Spring,70790.0,2903460,1346519,1349920,589124,3852742,1304639,492236,2050448,1368507,1320668,1300001,1474487,170093,2436776,648019,1138910,1433271,1720254,23973,1269302,1740881
728135,728895,Nastrond,149908.0,2903460,1346519,1349920,589124,3852742,1304639,492236,2050448,1368507,1320668,1300001,1624395,170093,2436776,648019,1138910,1433271,1720254,23973,1269302,1740881
728760,729292,Auto,17473.0,2920933,1346519,1349920,589124,3852742,1304639,492236,2050448,1368507,1320668,1300001,1624395,170093,2436776,648019,1138910,1433271,1720254,23973,1269302,1740881
727515,730500,Chaotic Spring (dot),9362.0,2920933,1346519,1359282,589124,3852742,1304639,492236,2050448,1368507,1320668,1300001,1624395,170093,2436776,648019,1138910,1433271,1720254,23973,1269302,1740881
730015,730635,Wheeling Thrust,70790.0,2920933,1346519,1359282,589124,3852742,1304639,492236,2050448,1368507,1320668,1300001,1624395,170093,2436776,648019,1138910,1433271,1720254,23973,1340092,1740881
730635,731125,High Jump,83281.0,2920933,1346519,1359282,589124,3852742,1304639,492236,2050448,1451788,1320668,1300001,1624395,170093,2436776,648019,1138910,1433271,1720254,23973,1340092,1740881
731560,732092,Auto,17473.0,2938406,1346519,1359282,589124,3852742,1304639,492236,2050448,1451788,1320668,1300001,1624395,170093,2436776,648019,1138910,1433271,1720254,23973,1340092,1740881
732515,733135,Drakesbane,135176.0,2938406,1346519,1359282,589124,3987918,1304639,492236,2050448,1451788,1320668,1300001,1624395,170093,2436776,648019,1138910,1433271,1720254,23973,1340092,1740881
727515,733500,Chaotic Spring (dot),9362.0,2938406,1346519,1368644,589124,3987918,1304639,492236,2050448,1451788,1320668,1300001,1624395,170093,2436776,648019,1138910,1433271,1720254,23973,1340092,1740881
733135,733935,Dragonfire Dive,104102.0,2938406,1346519,1368644,693226,3987918,1304639,492236,2050448,1451788,1320668,1300001,1624395,170093,2436776,648019,1138910,1433271,1720254,23973,1340092,1740881
733935,734735,Mirage Dive,79115.0,2938406,1346519,1368644,693226,3987918,1304639,492236,2050448,1451788,1320668,1379116,1624395,170093,2436776,648019,1138910,1433271,1720254,23973,1340092,1740881
734360,734892,Auto,17473.0,2955879,1346519,1368644,693226,3987918,1304639,492236,2050448,1451788,1320668,1379116,1624395,170093,2436776,648019,1138910,1433271,1720254,23973,1340092,1740881
735015,735635,Raiden Thrust,66623.0,2955879,1346519,1368644,693226,3987918,1304639,492236,2050448,1451788,1320668,1379116,1624395,170093,2503399,648019,1138910,1433271,1720254,23973,1340092,1740881
727515,736500,Chaotic Spring (dot),9362.0,2955879,1346519,1378006,693226,3987918,1304639,492236,2050448,1451788,1320668,1379116,1624395,170093,2503399,648019,1138910,1433271,1720254,23973,1340092,1740881
735635,736925,Stardiver,174897.0,2955879,1346519,1378006,693226,3987918,1304639,492236,2050448,1451788,1320668,1379116,1624395,170093,2503399,648019,1138910,1433271,1895151,23973,1340092,1740881
737160,737692,Auto,17473.0,2973352,1346519,1378006,693226,3987918,1304639,492236,2050448,1451788,1320668,1379116,1624395,170093,2503399,648019,1138910,1433271,1895151,23973,1340092,1740881
737515,738455,Lance Barrage,70790.0,2973352,1346519,1378006,693226,3987918,1304639,492236,2050448,1451788,1391458,1379116,1624395,170093,2503399,648019,1138910,1433271,1895151,23973,1340092,1740881
738135,739335,Wyrmwind Thrust,91611.0,2973352,1346519,1378006,693226,3987918,1304639,492236,2050448,1451788,1391458,1379116,1624395,170093,2503399,648019,1138910,1433271,1895151,23973,1340092,1832492
727515,739500,Chaotic Spring (dot),9362.0,2973352,1346519,1387368,693226,3987918,1304639,492236,2050448,1451788,1391458,1379116,1624395,170093,2503399,648019,1138910,1433271,1895151,23973,1340092,1832492
739960,740492,Auto,17473.0,2990825,1346519,1387368,693226,3987918,1304639,492236,2050448,1451788,1391458,1379116,1624395,170093,2503399,648019,1138910,1433271,1895151,23973,1340092,1832492
740015,740725,Heavens' Thrust,135176.0,2990825,1346519,1387368,693226,3987918,1304639,492236,2185624,1451788,1391458,1379116,1624395,170093,2503399,648019,1138910,1433271,1895151,23973,1340092,1832492
740635,741615,Starcross,145750.0,2990825,1346519,1387368,693226,3987918,1304639,492236,2185624,1451788,1391458,1379116,1624395,170093,2503399,648019,1138910,1579021,1895151,23973,1340092,1832492
741255,742415,Rise of the Dragon,114516.0,2990825,1346519,1387368,693226,3987918,1304639,492236,2185624,1451788,1391458,1379116,1624395,170093,2503399,762535,1138910,1579021,1895151,23973,1340092,1832492
727515,742500,Chaotic Spring (dot),9362.0,2990825,1346519,1396730,693226,3987918,1304639,492236,2185624,1451788,1391458,1379116,1624395,170093,2503399,762535,1138910,1579021,1895151,23973,1340092,1832492
742515,743135,Fang and Claw,70790.0,2990825,1346519,1396730,693226,3987918,1375429,492236,2185624,1451788,1391458,1379116,1624395,170093,2503399,762535,1138910,1579021,1895151,23973,1340092,1832492
742760,743292,Auto,17473.0,3008298,1346519,1396730,693226,3987918,1375429,492236,2185624,1451788,1391458,1379116,1624395,170093,2503399,762535,1138910,1579021,1895151,23973,1340092,1832492
727515,745500,Chaotic Spring (dot),9362.0,3008298,1346519,1406092,693226,3987918,1375429,492236,2185624,1451788,1391458,1379116,1624395,170093,2503399,762535,1138910,1579021,1895151,23973,1340092,1832492
745015,745635,Drakesbane,95775.0,3008298,1346519,1406092,693226,4083693,1375429,492236,2185624,1451788,1391458,1379116,1624395,170093,2503399,762535,1138910,1579021,1895151,23973,1340092,1832492
745560,746092,Auto,17473.0,3025771,1346519,1406092,693226,4083693,1375429,492236,2185624,1451788,1391458,1379116,1624395,170093,2503399,762535,1138910,1579021,1895151,23973,1340092,1832492
747515,748135,Raiden Thrust,41685.0,3025771,1346519,1406092,693226,4083693,1375429,492236,2185624,1451788,1391458,1379116,1624395,170093,2545084,762535,1138910,1579021,1895151,23973,1340092,1832492
727515,748500,Chaotic Spring (dot),9362.0,3025771,1346519,1415454,693226,4083693,1375429,492236,2185624,1451788,1391458,1379116,1624395,170093,2545084,762535,1138910,1579021,1895151,23973,1340092,1832492
748360,748892,Auto,10412.0,3036183,1346519,1415454,693226,4083693,1375429,492236,2185624,1451788,1391458,1379116,1624395,170093,2545084,762535,1138910,1579021,1895151,23973,1340092,1832492
750015,750865,Piercing Talon,43424.0,3036183,1346519,1415454,693226,4083693,1375429,492236,2185624,1451788,1391458,1379116,1624395,213517,2545084,762535,1138910,1579021,1895151,23973,1340092,1832492
