sim_timestamp,sim_damage_timestamp,sim_name,sim_expected,Auto,Cascade,Dance of the Dawn,Double Standard Finish,Fan Dance,Fan Dance III,Fan Dance IV,Finishing Move,Fountain,Fountainfall,Last Dance,Quadruple Technical Finish,Reverse Cascade,Saber Dance,Starfall Dance,Tillana
-600,-70,Double Standard Finish,105090.0,0,0,0,105090,0,0,0,0,0,0,0,0,0,0,0,0
-70,688,Auto,10937.0,10937,0,0,105090,0,0,0,0,0,0,0,0,0,0,0,0
3050,3808,Auto,10937.0,21874,0,0,105090,0,0,0,0,0,0,0,0,0,0,0,0
6170,6928,Auto,10937.0,32811,0,0,105090,0,0,0,0,0,0,0,0,0,0,0,0
6400,6935,Quadruple Technical Finish,182613.0,32811,0,0,105090,0,0,0,0,0,0,0,182613,0,0,0,0
8525,9145,Fan Dance III,37565.0,32811,0,0,105090,0,37565,0,0,0,0,0,182613,0,0,0,0
7900,9150,Last Dance,92216.0,32811,0,0,105090,0,37565,0,0,0,0,92216,182613,0,0,0,0
9150,9470,Fan Dance IV,78556.0,32811,0,0,105090,0,37565,78556,0,0,0,92216,182613,0,0,0,0
9290,10048,Auto,13297.0,46108,0,0,105090,0,37565,78556,0,0,0,92216,182613,0,0,0,0
10400,11240,Tillana,73707.0,46108,0,0,105090,0,37565,78556,0,0,0,92216,182613,0,0,0,73707
10400,11290,Starfall Dance,28004.0,46108,0,0,105090,0,37565,78556,0,0,0,92216,182613,0,0,28004,73707
10400,12760,Dance of the Dawn,21245.0,46108,0,21245,105090,0,37565,78556,0,0,0,92216,182613,0,0,28004,73707
12410,13168,Auto,13297.0,59405,0,21245,105090,0,37565,78556,0,0,0,92216,182613,0,0,28004,73707
12900,13740,Tillana,11476.0,59405,0,21245,105090,0,37565,78556,0,0,0,92216,182613,0,0,28004,85183
12900,13790,Starfall Dance,2221.0,59405,0,21245,105090,0,37565,78556,0,0,0,92216,182613,0,0,30225,85183
12900,14110,Fountainfall,1828.0,59405,0,21245,105090,0,37565,78556,0,0,1828,92216,182613,0,0,30225,85183
13550,14170,Fan Dance,516.0,59405,0,21245,105090,516,37565,78556,0,0,1828,92216,182613,0,0,30225,85183
14200,14820,Fan Dance III,326.0,59405,0,21245,105090,516,37891,78556,0,0,1828,92216,182613,0,0,30225,85183
12900,15260,Dance of the Dawn,144159.0,59405,0,165404,105090,516,37891,78556,0,0,1828,92216,182613,0,0,30225,85183
15530,16288,Auto,13297.0,72702,0,165404,105090,516,37891,78556,0,0,1828,92216,182613,0,0,30225,85183
15400,17450,Finishing Move,145163.0,72702,0,165404,105090,516,37891,78556,145163,0,1828,92216,182613,0,0,30225,85183
17900,18340,Saber Dance,30219.0,72702,0,165404,105090,516,37891,78556,145163,0,1828,92216,182613,0,30219,30225,85183
17900,18740,Tillana,6250.0,72702,0,165404,105090,516,37891,78556,145163,0,1828,92216,182613,0,30219,30225,91433
17900,18790,Starfall Dance,99261.0,72702,0,165404,105090,516,37891,78556,145163,0,1828,92216,182613,0,30219,129486,91433
17900,19110,Fountainfall,1497.0,72702,0,165404,105090,516,37891,78556,145163,0,3325,92216,182613,0,30219,129486,91433
18550,19170,Fan Dance,402.0,72702,0,165404,105090,918,37891,78556,145163,0,3325,92216,182613,0,30219,129486,91433
18650,19408,Auto,13297.0,85999,0,165404,105090,918,37891,78556,145163,0,3325,92216,182613,0,30219,129486,91433
19200,19820,Fan Dance III,184.0,85999,0,165404,105090,918,38075,78556,145163,0,3325,92216,182613,0,30219,129486,91433
17900,20260,Dance of the Dawn,5379.0,85999,0,170783,105090,918,38075,78556,145163,0,3325,92216,182613,0,30219,129486,91433
20400,20840,Saber Dance,57192.0,85999,0,170783,105090,918,38075,78556,145163,0,3325,92216,182613,0,87411,129486,91433
20400,21020,Reverse Cascade,320.0,85999,0,170783,105090,918,38075,78556,145163,0,3325,92216,182613,320,87411,129486,91433
20400,21240,Tillana,5051.0,85999,0,170783,105090,918,38075,78556,145163,0,3325,92216,182613,320,87411,129486,96484
20400,21290,Starfall Dance,47175.0,85999,0,170783,105090,918,38075,78556,145163,0,3325,92216,182613,320,87411,176661,96484
20400,21610,Fountainfall,3512.0,85999,0,170783,105090,918,38075,78556,145163,0,6837,92216,182613,320,87411,176661,96484
21050,21670,Fan Dance,965.0,85999,0,170783,105090,1883,38075,78556,145163,0,6837,92216,182613,320,87411,176661,96484
21700,22320,Fan Dance III,525.0,85999,0,170783,105090,1883,38600,78556,145163,0,6837,92216,182613,320,87411,176661,96484
21770,22528,Auto,13297.0,99296,0,170783,105090,1883,38600,78556,145163,0,6837,92216,182613,320,87411,176661,96484
22900,23340,Saber Dance,51216.0,99296,0,170783,105090,1883,38600,78556,145163,0,6837,92216,182613,320,138627,176661,96484
22900,23520,Reverse Cascade,592.0,99296,0,170783,105090,1883,38600,78556,145163,0,6837,92216,182613,912,138627,176661,96484
22900,23740,Tillana,3340.0,99296,0,170783,105090,1883,38600,78556,145163,0,6837,92216,182613,912,138627,176661,99824
22900,23790,Starfall Dance,2418.0,99296,0,170783,105090,1883,38600,78556,145163,0,6837,92216,182613,912,138627,179079,99824
22900,24110,Fountainfall,22417.0,99296,0,170783,105090,1883,38600,78556,145163,0,29254,92216,182613,912,138627,179079,99824
23550,24170,Fan Dance,6116.0,99296,0,170783,105090,7999,38600,78556,145163,0,29254,92216,182613,912,138627,179079,99824
24200,24820,Fan Dance III,3557.0,99296,0,170783,105090,7999,42157,78556,145163,0,29254,92216,182613,912,138627,179079,99824
24890,25648,Auto,13297.0,112593,0,170783,105090,7999,42157,78556,145163,0,29254,92216,182613,912,138627,179079,99824
25400,25840,Saber Dance,36231.0,112593,0,170783,105090,7999,42157,78556,145163,0,29254,92216,182613,912,174858,179079,99824
25400,26020,Reverse Cascade,8740.0,112593,0,170783,105090,7999,42157,78556,145163,0,29254,92216,182613,9652,174858,179079,99824
25400,26200,Cascade,7.0,112593,7,170783,105090,7999,42157,78556,145163,0,29254,92216,182613,9652,174858,179079,99824
25400,26240,Tillana,2643.0,112593,7,170783,105090,7999,42157,78556,145163,0,29254,92216,182613,9652,174858,179079,102467
25400,26290,Starfall Dance,89.0,112593,7,170783,105090,7999,42157,78556,145163,0,29254,92216,182613,9652,174858,179168,102467
25400,26610,Fountainfall,23096.0,112593,7,170783,105090,7999,42157,78556,145163,0,52350,92216,182613,9652,174858,179168,102467
26025,26645,Fan Dance,8946.0,112593,7,170783,105090,16945,42157,78556,145163,0,52350,92216,182613,9652,174858,179168,102467
26650,27270,Fan Dance III,5356.0,112593,7,170783,105090,16945,47513,78556,145163,0,52350,92216,182613,9652,174858,179168,102467
27900,28340,Saber Dance,10482.0,112593,7,170783,105090,16945,47513,78556,145163,0,52350,92216,182613,9652,185340,179168,102467
27900,28520,Reverse Cascade,27524.0,112593,7,170783,105090,16945,47513,78556,145163,0,52350,92216,182613,37176,185340,179168,102467
27900,28700,Cascade,1965.0,112593,1972,170783,105090,16945,47513,78556,145163,0,52350,92216,182613,37176,185340,179168,102467
28010,28768,Auto,10937.0,123530,1972,170783,105090,16945,47513,78556,145163,0,52350,92216,182613,37176,185340,179168,102467
27900,29110,Fountainfall,4694.0,123530,1972,170783,105090,16945,47513,78556,145163,0,57044,92216,182613,37176,185340,179168,102467
30400,30840,Saber Dance,24408.0,123530,1972,170783,105090,16945,47513,78556,145163,0,57044,92216,182613,37176,209748,179168,102467
30400,31020,Reverse Cascade,1010.0,123530,1972,170783,105090,16945,47513,78556,145163,0,57044,92216,182613,38186,209748,179168,102467
30400,31200,Cascade,16984.0,123530,18956,170783,105090,16945,47513,78556,145163,0,57044,92216,182613,38186,209748,179168,102467
30400,31380,Fountain,1061.0,123530,18956,170783,105090,16945,47513,78556,145163,1061,57044,92216,182613,38186,209748,179168,102467
31130,31888,Auto,10105.0,133635,18956,170783,105090,16945,47513,78556,145163,1061,57044,92216,182613,38186,209748,179168,102467
32900,33340,Saber Dance,4086.0,133635,18956,170783,105090,16945,47513,78556,145163,1061,57044,92216,182613,38186,213834,179168,102467
32900,33520,Reverse Cascade,10659.0,133635,18956,170783,105090,16945,47513,78556,145163,1061,57044,92216,182613,48845,213834,179168,102467
32900,33700,Cascade,9711.0,133635,28667,170783,105090,16945,47513,78556,145163,1061,57044,92216,182613,48845,213834,179168,102467
32900,33880,Fountain,10681.0,133635,28667,170783,105090,16945,47513,78556,145163,11742,57044,92216,182613,48845,213834,179168,102467
32900,34110,Fountainfall,635.0,133635,28667,170783,105090,16945,47513,78556,145163,11742,57679,92216,182613,48845,213834,179168,102467
34250,35008,Auto,10105.0,143740,28667,170783,105090,16945,47513,78556,145163,11742,57679,92216,182613,48845,213834,179168,102467
35400,35840,Saber Dance,12631.0,143740,28667,170783,105090,16945,47513,78556,145163,11742,57679,92216,182613,48845,226465,179168,102467
35400,36020,Reverse Cascade,6447.0,143740,28667,170783,105090,16945,47513,78556,145163,11742,57679,92216,182613,55292,226465,179168,102467
35400,36200,Cascade,3286.0,143740,31953,170783,105090,16945,47513,78556,145163,11742,57679,92216,182613,55292,226465,179168,102467
35400,36380,Fountain,13930.0,143740,31953,170783,105090,16945,47513,78556,145163,25672,57679,92216,182613,55292,226465,179168,102467
35400,36610,Fountainfall,6354.0,143740,31953,170783,105090,16945,47513,78556,145163,25672,64033,92216,182613,55292,226465,179168,102467
37370,38128,Auto,10105.0,153845,31953,170783,105090,16945,47513,78556,145163,25672,64033,92216,182613,55292,226465,179168,102467
37900,38340,Saber Dance,11930.0,153845,31953,170783,105090,16945,47513,78556,145163,25672,64033,92216,182613,55292,238395,179168,102467
37900,38520,Reverse Cascade,2129.0,153845,31953,170783,105090,16945,47513,78556,145163,25672,64033,92216,182613,57421,238395,179168,102467
37900,38700,Cascade,7215.0,153845,39168,170783,105090,16945,47513,78556,145163,25672,64033,92216,182613,57421,238395,179168,102467
37900,38880,Fountain,11822.0,153845,39168,170783,105090,16945,47513,78556,145163,37494,64033,92216,182613,57421,238395,179168,102467
37900,39110,Fountainfall,8526.0,153845,39168,170783,105090,16945,47513,78556,145163,37494,72559,92216,182613,57421,238395,179168,102467
40400,40840,Saber Dance,9463.0,153845,39168,170783,105090,16945,47513,78556,145163,37494,72559,92216,182613,57421,247858,179168,102467
40400,41020,Reverse Cascade,4717.0,153845,39168,170783,105090,16945,47513,78556,145163,37494,72559,92216,182613,62138,247858,179168,102467
40400,41200,Cascade,10993.0,153845,50161,170783,105090,16945,47513,78556,145163,37494,72559,92216,182613,62138,247858,179168,102467
40490,41248,Auto,10105.0,163950,50161,170783,105090,16945,47513,78556,145163,37494,72559,92216,182613,62138,247858,179168,102467
40400,41380,Fountain,6687.0,163950,50161,170783,105090,16945,47513,78556,145163,44181,72559,92216,182613,62138,247858,179168,102467
40400,41610,Fountainfall,7334.0,163950,50161,170783,105090,16945,47513,78556,145163,44181,79893,92216,182613,62138,247858,179168,102467
42900,43340,Saber Dance,8061.0,163950,50161,170783,105090,16945,47513,78556,145163,44181,79893,92216,182613,62138,255919,179168,102467
42900,43520,Reverse Cascade,7152.0,163950,50161,170783,105090,16945,47513,78556,145163,44181,79893,92216,182613,69290,255919,179168,102467
42900,43700,Cascade,8243.0,163950,58404,170783,105090,16945,47513,78556,145163,44181,79893,92216,182613,69290,255919,179168,102467
42900,43880,Fountain,11066.0,163950,58404,170783,105090,16945,47513,78556,145163,55247,79893,92216,182613,69290,255919,179168,102467
42900,44110,Fountainfall,4192.0,163950,58404,170783,105090,16945,47513,78556,145163,55247,84085,92216,182613,69290,255919,179168,102467
43550,44170,Fan Dance,11.0,163950,58404,170783,105090,16956,47513,78556,145163,55247,84085,92216,182613,69290,255919,179168,102467
43610,44368,Auto,10105.0,174055,58404,170783,105090,16956,47513,78556,145163,55247,84085,92216,182613,69290,255919,179168,102467
44200,44820,Fan Dance III,11.0,174055,58404,170783,105090,16956,47524,78556,145163,55247,84085,92216,182613,69290,255919,179168,102467
46730,47488,Auto,10105.0,184160,58404,170783,105090,16956,47524,78556,145163,55247,84085,92216,182613,69290,255919,179168,102467
48900,49430,Double Standard Finish,110344.0,184160,58404,170783,215434,16956,47524,78556,145163,55247,84085,92216,182613,69290,255919,179168,102467
49850,50608,Auto,10105.0,194265,58404,170783,215434,16956,47524,78556,145163,55247,84085,92216,182613,69290,255919,179168,102467
50400,50840,Saber Dance,9666.0,194265,58404,170783,215434,16956,47524,78556,145163,55247,84085,92216,182613,69290,265585,179168,102467
50400,51020,Reverse Cascade,5175.0,194265,58404,170783,215434,16956,47524,78556,145163,55247,84085,92216,182613,74465,265585,179168,102467
50400,51200,Cascade,6844.0,194265,65248,170783,215434,16956,47524,78556,145163,55247,84085,92216,182613,74465,265585,179168,102467
50400,51380,Fountain,11724.0,194265,65248,170783,215434,16956,47524,78556,145163,66971,84085,92216,182613,74465,265585,179168,102467
50400,51610,Fountainfall,6946.0,194265,65248,170783,215434,16956,47524,78556,145163,66971,91031,92216,182613,74465,265585,179168,102467
51050,51670,Fan Dance,107.0,194265,65248,170783,215434,17063,47524,78556,145163,66971,91031,92216,182613,74465,265585,179168,102467
51700,52320,Fan Dance III,74.0,194265,65248,170783,215434,17063,47598,78556,145163,66971,91031,92216,182613,74465,265585,179168,102467
52900,53340,Saber Dance,13094.0,194265,65248,170783,215434,17063,47598,78556,145163,66971,91031,92216,182613,74465,278679,179168,102467
52900,53520,Reverse Cascade,4248.0,194265,65248,170783,215434,17063,47598,78556,145163,66971,91031,92216,182613,78713,278679,179168,102467
52900,53700,Cascade,7921.0,194265,73169,170783,215434,17063,47598,78556,145163,66971,91031,92216,182613,78713,278679,179168,102467
52970,53728,Auto,10105.0,204370,73169,170783,215434,17063,47598,78556,145163,66971,91031,92216,182613,78713,278679,179168,102467
52900,53880,Fountain,9525.0,204370,73169,170783,215434,17063,47598,78556,145163,76496,91031,92216,182613,78713,278679,179168,102467
52900,54110,Fountainfall,6919.0,204370,73169,170783,215434,17063,47598,78556,145163,76496,97950,92216,182613,78713,278679,179168,102467
53550,54170,Fan Dance,168.0,204370,73169,170783,215434,17231,47598,78556,145163,76496,97950,92216,182613,78713,278679,179168,102467
54200,54820,Fan Dance III,97.0,204370,73169,170783,215434,17231,47695,78556,145163,76496,97950,92216,182613,78713,278679,179168,102467
55400,55840,Saber Dance,10591.0,204370,73169,170783,215434,17231,47695,78556,145163,76496,97950,92216,182613,78713,289270,179168,102467
55400,56020,Reverse Cascade,5200.0,204370,73169,170783,215434,17231,47695,78556,145163,76496,97950,92216,182613,83913,289270,179168,102467
55400,56200,Cascade,8629.0,204370,81798,170783,215434,17231,47695,78556,145163,76496,97950,92216,182613,83913,289270,179168,102467
55400,56380,Fountain,9823.0,204370,81798,170783,215434,17231,47695,78556,145163,86319,97950,92216,182613,83913,289270,179168,102467
55400,56610,Fountainfall,5882.0,204370,81798,170783,215434,17231,47695,78556,145163,86319,103832,92216,182613,83913,289270,179168,102467
56050,56670,Fan Dance,261.0,204370,81798,170783,215434,17492,47695,78556,145163,86319,103832,92216,182613,83913,289270,179168,102467
56090,56848,Auto,10105.0,214475,81798,170783,215434,17492,47695,78556,145163,86319,103832,92216,182613,83913,289270,179168,102467
56700,57320,Fan Dance III,165.0,214475,81798,170783,215434,17492,47860,78556,145163,86319,103832,92216,182613,83913,289270,179168,102467
57900,58340,Saber Dance,10563.0,214475,81798,170783,215434,17492,47860,78556,145163,86319,103832,92216,182613,83913,299833,179168,102467
57900,58520,Reverse Cascade,5389.0,214475,81798,170783,215434,17492,47860,78556,145163,86319,103832,92216,182613,89302,299833,179168,102467
57900,58700,Cascade,7967.0,214475,89765,170783,215434,17492,47860,78556,145163,86319,103832,92216,182613,89302,299833,179168,102467
57900,58880,Fountain,10335.0,214475,89765,170783,215434,17492,47860,78556,145163,96654,103832,92216,182613,89302,299833,179168,102467
57900,59110,Fountainfall,6072.0,214475,89765,170783,215434,17492,47860,78556,145163,96654,109904,92216,182613,89302,299833,179168,102467
58550,59170,Fan Dance,422.0,214475,89765,170783,215434,17914,47860,78556,145163,96654,109904,92216,182613,89302,299833,179168,102467
59200,59820,Fan Dance III,248.0,214475,89765,170783,215434,17914,48108,78556,145163,96654,109904,92216,182613,89302,299833,179168,102467
59210,59968,Auto,10105.0,224580,89765,170783,215434,17914,48108,78556,145163,96654,109904,92216,182613,89302,299833,179168,102467
60400,60840,Saber Dance,8643.0,224580,89765,170783,215434,17914,48108,78556,145163,96654,109904,92216,182613,89302,308476,179168,102467
60400,61020,Reverse Cascade,5255.0,224580,89765,170783,215434,17914,48108,78556,145163,96654,109904,92216,182613,94557,308476,179168,102467
60400,61200,Cascade,8186.0,224580,97951,170783,215434,17914,48108,78556,145163,96654,109904,92216,182613,94557,308476,179168,102467
60400,61380,Fountain,11077.0,224580,97951,170783,215434,17914,48108,78556,145163,107731,109904,92216,182613,94557,308476,179168,102467
60400,61610,Fountainfall,6204.0,224580,97951,170783,215434,17914,48108,78556,145163,107731,116108,92216,182613,94557,308476,179168,102467
61650,62270,Fan Dance III,28555.0,224580,97951,170783,215434,17914,76663,78556,145163,107731,116108,92216,182613,94557,308476,179168,102467
62330,63088,Auto,10105.0,234685,97951,170783,215434,17914,76663,78556,145163,107731,116108,92216,182613,94557,308476,179168,102467
62900,63340,Saber Dance,8201.0,234685,97951,170783,215434,17914,76663,78556,145163,107731,116108,92216,182613,94557,316677,179168,102467
63525,63845,Fan Dance IV,51877.0,234685,97951,170783,215434,17914,76663,130433,145163,107731,116108,92216,182613,94557,316677,179168,102467
62900,64110,Fountainfall,38968.0,234685,97951,170783,215434,17914,76663,130433,145163,107731,155076,92216,182613,94557,316677,179168,102467
63525,64145,Fan Dance,3064.0,234685,97951,170783,215434,20978,76663,130433,145163,107731,155076,92216,182613,94557,316677,179168,102467
64175,64495,Fan Dance IV,3934.0,234685,97951,170783,215434,20978,76663,134367,145163,107731,155076,92216,182613,94557,316677,179168,102467
64175,64795,Fan Dance III,1864.0,234685,97951,170783,215434,20978,78527,134367,145163,107731,155076,92216,182613,94557,316677,179168,102467
65400,65840,Saber Dance,16704.0,234685,97951,170783,215434,20978,78527,134367,145163,107731,155076,92216,182613,94557,333381,179168,102467
65400,66020,Reverse Cascade,20246.0,234685,97951,170783,215434,20978,78527,134367,145163,107731,155076,92216,182613,114803,333381,179168,102467
65450,66208,Auto,10105.0,244790,97951,170783,215434,20978,78527,134367,145163,107731,155076,92216,182613,114803,333381,179168,102467
66050,66370,Fan Dance IV,2466.0,244790,97951,170783,215434,20978,78527,136833,145163,107731,155076,92216,182613,114803,333381,179168,102467
65400,66610,Fountainfall,9029.0,244790,97951,170783,215434,20978,78527,136833,145163,107731,164105,92216,182613,114803,333381,179168,102467
66050,66670,Fan Dance,3725.0,244790,97951,170783,215434,24703,78527,136833,145163,107731,164105,92216,182613,114803,333381,179168,102467
66700,67020,Fan Dance IV,680.0,244790,97951,170783,215434,24703,78527,137513,145163,107731,164105,92216,182613,114803,333381,179168,102467
66700,67320,Fan Dance III,2321.0,244790,97951,170783,215434,24703,80848,137513,145163,107731,164105,92216,182613,114803,333381,179168,102467
67900,68340,Saber Dance,12687.0,244790,97951,170783,215434,24703,80848,137513,145163,107731,164105,92216,182613,114803,346068,179168,102467
68550,68870,Fan Dance IV,752.0,244790,97951,170783,215434,24703,80848,138265,145163,107731,164105,92216,182613,114803,346068,179168,102467
67900,69150,Last Dance,57410.0,244790,97951,170783,215434,24703,80848,138265,145163,107731,164105,149626,182613,114803,346068,179168,102467
68570,69328,Auto,10105.0,254895,97951,170783,215434,24703,80848,138265,145163,107731,164105,149626,182613,114803,346068,179168,102467
70400,70840,Saber Dance,2460.0,254895,97951,170783,215434,24703,80848,138265,145163,107731,164105,149626,182613,114803,348528,179168,102467
70400,71020,Reverse Cascade,15056.0,254895,97951,170783,215434,24703,80848,138265,145163,107731,164105,149626,182613,129859,348528,179168,102467
70400,71200,Cascade,4420.0,254895,102371,170783,215434,24703,80848,138265,145163,107731,164105,149626,182613,129859,348528,179168,102467
70400,71380,Fountain,5531.0,254895,102371,170783,215434,24703,80848,138265,145163,113262,164105,149626,182613,129859,348528,179168,102467
70400,71610,Fountainfall,2762.0,254895,102371,170783,215434,24703,80848,138265,145163,113262,166867,149626,182613,129859,348528,179168,102467
70400,71650,Last Dance,12687.0,254895,102371,170783,215434,24703,80848,138265,145163,113262,166867,162313,182613,129859,348528,179168,102467
71050,71670,Fan Dance,2733.0,254895,102371,170783,215434,27436,80848,138265,145163,113262,166867,162313,182613,129859,348528,179168,102467
71700,72320,Fan Dance III,1661.0,254895,102371,170783,215434,27436,82509,138265,145163,113262,166867,162313,182613,129859,348528,179168,102467
71690,72448,Auto,10105.0,265000,102371,170783,215434,27436,82509,138265,145163,113262,166867,162313,182613,129859,348528,179168,102467
72900,73340,Saber Dance,8299.0,265000,102371,170783,215434,27436,82509,138265,145163,113262,166867,162313,182613,129859,356827,179168,102467
72900,73520,Reverse Cascade,8754.0,265000,102371,170783,215434,27436,82509,138265,145163,113262,166867,162313,182613,138613,356827,179168,102467
72900,73700,Cascade,8306.0,265000,110677,170783,215434,27436,82509,138265,145163,113262,166867,162313,182613,138613,356827,179168,102467
72900,73880,Fountain,10045.0,265000,110677,170783,215434,27436,82509,138265,145163,123307,166867,162313,182613,138613,356827,179168,102467
72900,74110,Fountainfall,3239.0,265000,110677,170783,215434,27436,82509,138265,145163,123307,170106,162313,182613,138613,356827,179168,102467
73550,74170,Fan Dance,2193.0,265000,110677,170783,215434,29629,82509,138265,145163,123307,170106,162313,182613,138613,356827,179168,102467
74200,74820,Fan Dance III,1350.0,265000,110677,170783,215434,29629,83859,138265,145163,123307,170106,162313,182613,138613,356827,179168,102467
74810,75568,Auto,10105.0,275105,110677,170783,215434,29629,83859,138265,145163,123307,170106,162313,182613,138613,356827,179168,102467
75400,77450,Finishing Move,110344.0,275105,110677,170783,215434,29629,83859,138265,255507,123307,170106,162313,182613,138613,356827,179168,102467
77900,78340,Saber Dance,10003.0,275105,110677,170783,215434,29629,83859,138265,255507,123307,170106,162313,182613,138613,366830,179168,102467
77900,78520,Reverse Cascade,5098.0,275105,110677,170783,215434,29629,83859,138265,255507,123307,170106,162313,182613,143711,366830,179168,102467
77930,78688,Auto,10105.0,285210,110677,170783,215434,29629,83859,138265,255507,123307,170106,162313,182613,143711,366830,179168,102467
77900,78700,Cascade,8206.0,285210,118883,170783,215434,29629,83859,138265,255507,123307,170106,162313,182613,143711,366830,179168,102467
77900,78880,Fountain,10651.0,285210,118883,170783,215434,29629,83859,138265,255507,133958,170106,162313,182613,143711,366830,179168,102467
77900,79110,Fountainfall,6023.0,285210,118883,170783,215434,29629,83859,138265,255507,133958,176129,162313,182613,143711,366830,179168,102467
78550,79170,Fan Dance,2041.0,285210,118883,170783,215434,31670,83859,138265,255507,133958,176129,162313,182613,143711,366830,179168,102467
79200,79820,Fan Dance III,1245.0,285210,118883,170783,215434,31670,85104,138265,255507,133958,176129,162313,182613,143711,366830,179168,102467
80400,80840,Saber Dance,10690.0,285210,118883,170783,215434,31670,85104,138265,255507,133958,176129,162313,182613,143711,377520,179168,102467
80400,81020,Reverse Cascade,5182.0,285210,118883,170783,215434,31670,85104,138265,255507,133958,176129,162313,182613,148893,377520,179168,102467
80400,81200,Cascade,7861.0,285210,126744,170783,215434,31670,85104,138265,255507,133958,176129,162313,182613,148893,377520,179168,102467
80400,81380,Fountain,10190.0,285210,126744,170783,215434,31670,85104,138265,255507,144148,176129,162313,182613,148893,377520,179168,102467
80400,81610,Fountainfall,6584.0,285210,126744,170783,215434,31670,85104,138265,255507,144148,182713,162313,182613,148893,377520,179168,102467
81050,81670,Fan Dance,2181.0,285210,126744,170783,215434,33851,85104,138265,255507,144148,182713,162313,182613,148893,377520,179168,102467
81050,81808,Auto,10105.0,295315,126744,170783,215434,33851,85104,138265,255507,144148,182713,162313,182613,148893,377520,179168,102467
81700,82320,Fan Dance III,1373.0,295315,126744,170783,215434,33851,86477,138265,255507,144148,182713,162313,182613,148893,377520,179168,102467
82900,83340,Saber Dance,8797.0,295315,126744,170783,215434,33851,86477,138265,255507,144148,182713,162313,182613,148893,386317,179168,102467
82900,83520,Reverse Cascade,5280.0,295315,126744,170783,215434,33851,86477,138265,255507,144148,182713,162313,182613,154173,386317,179168,102467
82900,83700,Cascade,8438.0,295315,135182,170783,215434,33851,86477,138265,255507,144148,182713,162313,182613,154173,386317,179168,102467
82900,83880,Fountain,10670.0,295315,135182,170783,215434,33851,86477,138265,255507,154818,182713,162313,182613,154173,386317,179168,102467
82900,84110,Fountainfall,6182.0,295315,135182,170783,215434,33851,86477,138265,255507,154818,188895,162313,182613,154173,386317,179168,102467
83550,84170,Fan Dance,2293.0,295315,135182,170783,215434,36144,86477,138265,255507,154818,188895,162313,182613,154173,386317,179168,102467
84200,84820,Fan Dance III,1416.0,295315,135182,170783,215434,36144,87893,138265,255507,154818,188895,162313,182613,154173,386317,179168,102467
84170,84928,Auto,10105.0,305420,135182,170783,215434,36144,87893,138265,255507,154818,188895,162313,182613,154173,386317,179168,102467
85400,85840,Saber Dance,10115.0,305420,135182,170783,215434,36144,87893,138265,255507,154818,188895,162313,182613,154173,396432,179168,102467
85400,86020,Reverse Cascade,4993.0,305420,135182,170783,215434,36144,87893,138265,255507,154818,188895,162313,182613,159166,396432,179168,102467
85400,86200,Cascade,8018.0,305420,143200,170783,215434,36144,87893,138265,255507,154818,188895,162313,182613,159166,396432,179168,102467
85400,86380,Fountain,10379.0,305420,143200,170783,215434,36144,87893,138265,255507,165197,188895,162313,182613,159166,396432,179168,102467
85400,86610,Fountainfall,6703.0,305420,143200,170783,215434,36144,87893,138265,255507,165197,195598,162313,182613,159166,396432,179168,102467
86050,86670,Fan Dance,2434.0,305420,143200,170783,215434,38578,87893,138265,255507,165197,195598,162313,182613,159166,396432,179168,102467
86700,87320,Fan Dance III,1499.0,305420,143200,170783,215434,38578,89392,138265,255507,165197,195598,162313,182613,159166,396432,179168,102467
87290,88048,Auto,10105.0,315525,143200,170783,215434,38578,89392,138265,255507,165197,195598,162313,182613,159166,396432,179168,102467
87900,88340,Saber Dance,10598.0,315525,143200,170783,215434,38578,89392,138265,255507,165197,195598,162313,182613,159166,407030,179168,102467
87900,88520,Reverse Cascade,5135.0,315525,143200,170783,215434,38578,89392,138265,255507,165197,195598,162313,182613,164301,407030,179168,102467
87900,88700,Cascade,8092.0,315525,151292,170783,215434,38578,89392,138265,255507,165197,195598,162313,182613,164301,407030,179168,102467
87900,88880,Fountain,10125.0,315525,151292,170783,215434,38578,89392,138265,255507,175322,195598,162313,182613,164301,407030,179168,102467
87900,89110,Fountainfall,6421.0,315525,151292,170783,215434,38578,89392,138265,255507,175322,202019,162313,182613,164301,407030,179168,102467
88550,89170,Fan Dance,2571.0,315525,151292,170783,215434,41149,89392,138265,255507,175322,202019,162313,182613,164301,407030,179168,102467
89200,89820,Fan Dance III,1610.0,315525,151292,170783,215434,41149,91002,138265,255507,175322,202019,162313,182613,164301,407030,179168,102467
90400,90840,Saber Dance,10809.0,315525,151292,170783,215434,41149,91002,138265,255507,175322,202019,162313,182613,164301,417839,179168,102467
90400,91020,Reverse Cascade,5175.0,315525,151292,170783,215434,41149,91002,138265,255507,175322,202019,162313,182613,169476,417839,179168,102467
90410,91168,Auto,10105.0,325630,151292,170783,215434,41149,91002,138265,255507,175322,202019,162313,182613,169476,417839,179168,102467
90400,91200,Cascade,7947.0,325630,159239,170783,215434,41149,91002,138265,255507,175322,202019,162313,182613,169476,417839,179168,102467
90400,91380,Fountain,10194.0,325630,159239,170783,215434,41149,91002,138265,255507,185516,202019,162313,182613,169476,417839,179168,102467
90400,91610,Fountainfall,6381.0,325630,159239,170783,215434,41149,91002,138265,255507,185516,208400,162313,182613,169476,417839,179168,102467
91050,91670,Fan Dance,2719.0,325630,159239,170783,215434,43868,91002,138265,255507,185516,208400,162313,182613,169476,417839,179168,102467
91700,92320,Fan Dance III,1607.0,325630,159239,170783,215434,43868,92609,138265,255507,185516,208400,162313,182613,169476,417839,179168,102467
92900,93340,Saber Dance,12701.0,325630,159239,170783,215434,43868,92609,138265,255507,185516,208400,162313,182613,169476,430540,179168,102467
92900,93520,Reverse Cascade,4898.0,325630,159239,170783,215434,43868,92609,138265,255507,185516,208400,162313,182613,174374,430540,179168,102467
92900,93700,Cascade,7818.0,325630,167057,170783,215434,43868,92609,138265,255507,185516,208400,162313,182613,174374,430540,179168,102467
92900,93880,Fountain,9881.0,325630,167057,170783,215434,43868,92609,138265,255507,195397,208400,162313,182613,174374,430540,179168,102467
92900,94110,Fountainfall,6103.0,325630,167057,170783,215434,43868,92609,138265,255507,195397,214503,162313,182613,174374,430540,179168,102467
93550,94170,Fan Dance,2600.0,325630,167057,170783,215434,46468,92609,138265,255507,195397,214503,162313,182613,174374,430540,179168,102467
93530,94288,Auto,10105.0,335735,167057,170783,215434,46468,92609,138265,255507,195397,214503,162313,182613,174374,430540,179168,102467
94200,94820,Fan Dance III,1519.0,335735,167057,170783,215434,46468,94128,138265,255507,195397,214503,162313,182613,174374,430540,179168,102467
95400,95840,Saber Dance,10704.0,335735,167057,170783,215434,46468,94128,138265,255507,195397,214503,162313,182613,174374,441244,179168,102467
95400,96020,Reverse Cascade,5240.0,335735,167057,170783,215434,46468,94128,138265,255507,195397,214503,162313,182613,179614,441244,179168,102467
95400,96200,Cascade,8175.0,335735,175232,170783,215434,46468,94128,138265,255507,195397,214503,162313,182613,179614,441244,179168,102467
95400,96380,Fountain,10165.0,335735,175232,170783,215434,46468,94128,138265,255507,205562,214503,162313,182613,179614,441244,179168,102467
95400,96610,Fountainfall,6050.0,335735,175232,170783,215434,46468,94128,138265,255507,205562,220553,162313,182613,179614,441244,179168,102467
96050,96670,Fan Dance,2775.0,335735,175232,170783,215434,49243,94128,138265,255507,205562,220553,162313,182613,179614,441244,179168,102467
96700,97320,Fan Dance III,1784.0,335735,175232,170783,215434,49243,95912,138265,255507,205562,220553,162313,182613,179614,441244,179168,102467
96650,97408,Auto,10105.0,345840,175232,170783,215434,49243,95912,138265,255507,205562,220553,162313,182613,179614,441244,179168,102467
97900,98340,Saber Dance,8474.0,345840,175232,170783,215434,49243,95912,138265,255507,205562,220553,162313,182613,179614,449718,179168,102467
97900,98520,Reverse Cascade,5396.0,345840,175232,170783,215434,49243,95912,138265,255507,205562,220553,162313,182613,185010,449718,179168,102467
97900,98700,Cascade,8346.0,345840,183578,170783,215434,49243,95912,138265,255507,205562,220553,162313,182613,185010,449718,179168,102467
97900,98880,Fountain,10906.0,345840,183578,170783,215434,49243,95912,138265,255507,216468,220553,162313,182613,185010,449718,179168,102467
97900,99110,Fountainfall,6099.0,345840,183578,170783,215434,49243,95912,138265,255507,216468,226652,162313,182613,185010,449718,179168,102467
98550,99170,Fan Dance,2812.0,345840,183578,170783,215434,52055,95912,138265,255507,216468,226652,162313,182613,185010,449718,179168,102467
99200,99820,Fan Dance III,1641.0,345840,183578,170783,215434,52055,97553,138265,255507,216468,226652,162313,182613,185010,449718,179168,102467
99770,100528,Auto,10105.0,355945,183578,170783,215434,52055,97553,138265,255507,216468,226652,162313,182613,185010,449718,179168,102467
100400,100840,Saber Dance,8229.0,355945,183578,170783,215434,52055,97553,138265,255507,216468,226652,162313,182613,185010,457947,179168,102467
100400,101020,Reverse Cascade,5440.0,355945,183578,170783,215434,52055,97553,138265,255507,216468,226652,162313,182613,190450,457947,179168,102467
100400,101200,Cascade,8332.0,355945,191910,170783,215434,52055,97553,138265,255507,216468,226652,162313,182613,190450,457947,179168,102467
100400,101380,Fountain,10528.0,355945,191910,170783,215434,52055,97553,138265,255507,226996,226652,162313,182613,190450,457947,179168,102467
100400,101610,Fountainfall,6681.0,355945,191910,170783,215434,52055,97553,138265,255507,226996,233333,162313,182613,190450,457947,179168,102467
101050,101670,Fan Dance,3165.0,355945,191910,170783,215434,55220,97553,138265,255507,226996,233333,162313,182613,190450,457947,179168,102467
102900,103340,Saber Dance,10535.0,355945,191910,170783,215434,55220,97553,138265,255507,226996,233333,162313,182613,190450,468482,179168,102467
102900,103520,Reverse Cascade,5018.0,355945,191910,170783,215434,55220,97553,138265,255507,226996,233333,162313,182613,195468,468482,179168,102467
102890,103648,Auto,10105.0,366050,191910,170783,215434,55220,97553,138265,255507,226996,233333,162313,182613,195468,468482,179168,102467
102900,103700,Cascade,8012.0,366050,199922,170783,215434,55220,97553,138265,255507,226996,233333,162313,182613,195468,468482,179168,102467
102900,103880,Fountain,10281.0,366050,199922,170783,215434,55220,97553,138265,255507,237277,233333,162313,182613,195468,468482,179168,102467
102900,104110,Fountainfall,6535.0,366050,199922,170783,215434,55220,97553,138265,255507,237277,239868,162313,182613,195468,468482,179168,102467
103550,104170,Fan Dance,3004.0,366050,199922,170783,215434,58224,97553,138265,255507,237277,239868,162313,182613,195468,468482,179168,102467
106010,106768,Auto,10105.0,376155,199922,170783,215434,58224,97553,138265,255507,237277,239868,162313,182613,195468,468482,179168,102467
108900,109430,Double Standard Finish,110344.0,376155,199922,170783,325778,58224,97553,138265,255507,237277,239868,162313,182613,195468,468482,179168,102467
109130,109888,Auto,10105.0,386260,199922,170783,325778,58224,97553,138265,255507,237277,239868,162313,182613,195468,468482,179168,102467
110400,110840,Saber Dance,10577.0,386260,199922,170783,325778,58224,97553,138265,255507,237277,239868,162313,182613,195468,479059,179168,102467
110400,111020,Reverse Cascade,4938.0,386260,199922,170783,325778,58224,97553,138265,255507,237277,239868,162313,182613,200406,479059,179168,102467
110400,111200,Cascade,7981.0,386260,207903,170783,325778,58224,97553,138265,255507,237277,239868,162313,182613,200406,479059,179168,102467
110400,111380,Fountain,10415.0,386260,207903,170783,325778,58224,97553,138265,255507,247692,239868,162313,182613,200406,479059,179168,102467
110400,111610,Fountainfall,6491.0,386260,207903,170783,325778,58224,97553,138265,255507,247692,246359,162313,182613,200406,479059,179168,102467
111025,111645,Fan Dance,2539.0,386260,207903,170783,325778,60763,97553,138265,255507,247692,246359,162313,182613,200406,479059,179168,102467
111025,111645,Fan Dance III,362.0,386260,207903,170783,325778,60763,97915,138265,255507,247692,246359,162313,182613,200406,479059,179168,102467
111675,112295,Fan Dance,296.0,386260,207903,170783,325778,61059,97915,138265,255507,247692,246359,162313,182613,200406,479059,179168,102467
112250,113008,Auto,10105.0,396365,207903,170783,325778,61059,97915,138265,255507,247692,246359,162313,182613,200406,479059,179168,102467
112900,113340,Saber Dance,12582.0,396365,207903,170783,325778,61059,97915,138265,255507,247692,246359,162313,182613,200406,491641,179168,102467
112900,113520,Reverse Cascade,4739.0,396365,207903,170783,325778,61059,97915,138265,255507,247692,246359,162313,182613,205145,491641,179168,102467
112900,113700,Cascade,7827.0,396365,215730,170783,325778,61059,97915,138265,255507,247692,246359,162313,182613,205145,491641,179168,102467
112900,113880,Fountain,9765.0,396365,215730,170783,325778,61059,97915,138265,255507,257457,246359,162313,182613,205145,491641,179168,102467
112900,114110,Fountainfall,6500.0,396365,215730,170783,325778,61059,97915,138265,255507,257457,252859,162313,182613,205145,491641,179168,102467
113550,114170,Fan Dance III,571.0,396365,215730,170783,325778,61059,98486,138265,255507,257457,252859,162313,182613,205145,491641,179168,102467
113550,114170,Fan Dance,2557.0,396365,215730,170783,325778,63616,98486,138265,255507,257457,252859,162313,182613,205145,491641,179168,102467
114200,114820,Fan Dance,467.0,396365,215730,170783,325778,64083,98486,138265,255507,257457,252859,162313,182613,205145,491641,179168,102467
115400,115840,Saber Dance,10914.0,396365,215730,170783,325778,64083,98486,138265,255507,257457,252859,162313,182613,205145,502555,179168,102467
115400,116020,Reverse Cascade,5200.0,396365,215730,170783,325778,64083,98486,138265,255507,257457,252859,162313,182613,210345,502555,179168,102467
115370,116128,Auto,10105.0,406470,215730,170783,325778,64083,98486,138265,255507,257457,252859,162313,182613,210345,502555,179168,102467
115400,116200,Cascade,8321.0,406470,224051,170783,325778,64083,98486,138265,255507,257457,252859,162313,182613,210345,502555,179168,102467
115400,116380,Fountain,9990.0,406470,224051,170783,325778,64083,98486,138265,255507,267447,252859,162313,182613,210345,502555,179168,102467
115400,116610,Fountainfall,5953.0,406470,224051,170783,325778,64083,98486,138265,255507,267447,258812,162313,182613,210345,502555,179168,102467
116050,116670,Fan Dance,2371.0,406470,224051,170783,325778,66454,98486,138265,255507,267447,258812,162313,182613,210345,502555,179168,102467
116050,116670,Fan Dance III,762.0,406470,224051,170783,325778,66454,99248,138265,255507,267447,258812,162313,182613,210345,502555,179168,102467
116700,117320,Fan Dance,623.0,406470,224051,170783,325778,67077,99248,138265,255507,267447,258812,162313,182613,210345,502555,179168,102467
117900,118340,Saber Dance,10472.0,406470,224051,170783,325778,67077,99248,138265,255507,267447,258812,162313,182613,210345,513027,179168,102467
117900,118520,Reverse Cascade,5160.0,406470,224051,170783,325778,67077,99248,138265,255507,267447,258812,162313,182613,215505,513027,179168,102467
117900,118700,Cascade,7949.0,406470,232000,170783,325778,67077,99248,138265,255507,267447,258812,162313,182613,215505,513027,179168,102467
117900,118880,Fountain,10739.0,406470,232000,170783,325778,67077,99248,138265,255507,278186,258812,162313,182613,215505,513027,179168,102467
117900,119110,Fountainfall,5944.0,406470,232000,170783,325778,67077,99248,138265,255507,278186,264756,162313,182613,215505,513027,179168,102467
118550,119170,Fan Dance III,856.0,406470,232000,170783,325778,67077,100104,138265,255507,278186,264756,162313,182613,215505,513027,179168,102467
118550,119170,Fan Dance,2303.0,406470,232000,170783,325778,69380,100104,138265,255507,278186,264756,162313,182613,215505,513027,179168,102467
118490,119248,Auto,10105.0,416575,232000,170783,325778,69380,100104,138265,255507,278186,264756,162313,182613,215505,513027,179168,102467
119200,119820,Fan Dance,700.0,416575,232000,170783,325778,70080,100104,138265,255507,278186,264756,162313,182613,215505,513027,179168,102467
121610,122368,Auto,10105.0,426680,232000,170783,325778,70080,100104,138265,255507,278186,264756,162313,182613,215505,513027,179168,102467
124730,125488,Auto,10105.0,436785,232000,170783,325778,70080,100104,138265,255507,278186,264756,162313,182613,215505,513027,179168,102467
126400,126935,Quadruple Technical Finish,168764.0,436785,232000,170783,325778,70080,100104,138265,255507,278186,264756,162313,351377,215505,513027,179168,102467
127850,128608,Auto,12285.0,449070,232000,170783,325778,70080,100104,138265,255507,278186,264756,162313,351377,215505,513027,179168,102467
127900,128740,Tillana,35805.0,449070,232000,170783,325778,70080,100104,138265,255507,278186,264756,162313,351377,215505,513027,179168,138272
127900,128790,Starfall Dance,42770.0,449070,232000,170783,325778,70080,100104,138265,255507,278186,264756,162313,351377,215505,513027,221938,138272
129150,129770,Fan Dance III,34718.0,449070,232000,170783,325778,70080,134822,138265,255507,278186,264756,162313,351377,215505,513027,221938,138272
127900,130260,Dance of the Dawn,57387.0,449070,232000,228170,325778,70080,134822,138265,255507,278186,264756,162313,351377,215505,513027,221938,138272
131025,131345,Fan Dance IV,50782.0,449070,232000,228170,325778,70080,134822,189047,255507,278186,264756,162313,351377,215505,513027,221938,138272
131025,131645,Fan Dance III,10432.0,449070,232000,228170,325778,70080,145254,189047,255507,278186,264756,162313,351377,215505,513027,221938,138272
130400,131650,Last Dance,85226.0,449070,232000,228170,325778,70080,145254,189047,255507,278186,264756,247539,351377,215505,513027,221938,138272
130970,131728,Auto,12285.0,461355,232000,228170,325778,70080,145254,189047,255507,278186,264756,247539,351377,215505,513027,221938,138272
131650,131970,Fan Dance IV,21815.0,461355,232000,228170,325778,70080,145254,210862,255507,278186,264756,247539,351377,215505,513027,221938,138272
131650,132270,Fan Dance,19841.0,461355,232000,228170,325778,89921,145254,210862,255507,278186,264756,247539,351377,215505,513027,221938,138272
132900,133340,Saber Dance,852.0,461355,232000,228170,325778,89921,145254,210862,255507,278186,264756,247539,351377,215505,513879,221938,138272
132900,133740,Tillana,13125.0,461355,232000,228170,325778,89921,145254,210862,255507,278186,264756,247539,351377,215505,513879,221938,151397
132900,133790,Starfall Dance,35600.0,461355,232000,228170,325778,89921,145254,210862,255507,278186,264756,247539,351377,215505,513879,257538,151397
132900,134110,Fountainfall,1191.0,461355,232000,228170,325778,89921,145254,210862,255507,278186,265947,247539,351377,215505,513879,257538,151397
133525,134145,Fan Dance III,12050.0,461355,232000,228170,325778,89921,157304,210862,255507,278186,265947,247539,351377,215505,513879,257538,151397
133525,134145,Fan Dance,18367.0,461355,232000,228170,325778,108288,157304,210862,255507,278186,265947,247539,351377,215505,513879,257538,151397
134150,134770,Fan Dance III,11307.0,461355,232000,228170,325778,108288,168611,210862,255507,278186,265947,247539,351377,215505,513879,257538,151397
134150,134770,Fan Dance,18480.0,461355,232000,228170,325778,126768,168611,210862,255507,278186,265947,247539,351377,215505,513879,257538,151397
134090,134848,Auto,12285.0,473640,232000,228170,325778,126768,168611,210862,255507,278186,265947,247539,351377,215505,513879,257538,151397
132900,135260,Dance of the Dawn,96939.0,473640,232000,325109,325778,126768,168611,210862,255507,278186,265947,247539,351377,215505,513879,257538,151397
134800,135420,Fan Dance III,11127.0,473640,232000,325109,325778,126768,179738,210862,255507,278186,265947,247539,351377,215505,513879,257538,151397
134800,135420,Fan Dance,15740.0,473640,232000,325109,325778,142508,179738,210862,255507,278186,265947,247539,351377,215505,513879,257538,151397
136025,136645,Fan Dance III,9488.0,473640,232000,325109,325778,142508,189226,210862,255507,278186,265947,247539,351377,215505,513879,257538,151397
136025,136645,Fan Dance,8824.0,473640,232000,325109,325778,151332,189226,210862,255507,278186,265947,247539,351377,215505,513879,257538,151397
136650,137270,Fan Dance III,5339.0,473640,232000,325109,325778,151332,194565,210862,255507,278186,265947,247539,351377,215505,513879,257538,151397
136650,137270,Fan Dance,2232.0,473640,232000,325109,325778,153564,194565,210862,255507,278186,265947,247539,351377,215505,513879,257538,151397
135400,137450,Finishing Move,134157.0,473640,232000,325109,325778,153564,194565,210862,389664,278186,265947,247539,351377,215505,513879,257538,151397
137210,137968,Auto,12285.0,485925,232000,325109,325778,153564,194565,210862,389664,278186,265947,247539,351377,215505,513879,257538,151397
137900,138340,Saber Dance,54775.0,485925,232000,325109,325778,153564,194565,210862,389664,278186,265947,247539,351377,215505,568654,257538,151397
137900,138740,Tillana,3598.0,485925,232000,325109,325778,153564,194565,210862,389664,278186,265947,247539,351377,215505,568654,257538,154995
137900,138790,Starfall Dance,37305.0,485925,232000,325109,325778,153564,194565,210862,389664,278186,265947,247539,351377,215505,568654,294843,154995
137900,139110,Fountainfall,3852.0,485925,232000,325109,325778,153564,194565,210862,389664,278186,269799,247539,351377,215505,568654,294843,154995
138525,139145,Fan Dance III,1357.0,485925,232000,325109,325778,153564,195922,210862,389664,278186,269799,247539,351377,215505,568654,294843,154995
138525,139145,Fan Dance,1096.0,485925,232000,325109,325778,154660,195922,210862,389664,278186,269799,247539,351377,215505,568654,294843,154995
139175,139795,Fan Dance III,736.0,485925,232000,325109,325778,154660,196658,210862,389664,278186,269799,247539,351377,215505,568654,294843,154995
139175,139795,Fan Dance,34.0,485925,232000,325109,325778,154694,196658,210862,389664,278186,269799,247539,351377,215505,568654,294843,154995
137900,140260,Dance of the Dawn,3503.0,485925,232000,328612,325778,154694,196658,210862,389664,278186,269799,247539,351377,215505,568654,294843,154995
140400,140840,Saber Dance,44130.0,485925,232000,328612,325778,154694,196658,210862,389664,278186,269799,247539,351377,215505,612784,294843,154995
140400,141020,Reverse Cascade,455.0,485925,232000,328612,325778,154694,196658,210862,389664,278186,269799,247539,351377,215960,612784,294843,154995
140330,141088,Auto,12285.0,498210,232000,328612,325778,154694,196658,210862,389664,278186,269799,247539,351377,215960,612784,294843,154995
140400,141240,Tillana,10795.0,498210,232000,328612,325778,154694,196658,210862,389664,278186,269799,247539,351377,215960,612784,294843,165790
140400,141290,Starfall Dance,43101.0,498210,232000,328612,325778,154694,196658,210862,389664,278186,269799,247539,351377,215960,612784,337944,165790
140400,141610,Fountainfall,5236.0,498210,232000,328612,325778,154694,196658,210862,389664,278186,275035,247539,351377,215960,612784,337944,165790
141050,141670,Fan Dance III,10.0,498210,232000,328612,325778,154694,196668,210862,389664,278186,275035,247539,351377,215960,612784,337944,165790
141050,141670,Fan Dance,1562.0,498210,232000,328612,325778,156256,196668,210862,389664,278186,275035,247539,351377,215960,612784,337944,165790
141700,142320,Fan Dance III,992.0,498210,232000,328612,325778,156256,197660,210862,389664,278186,275035,247539,351377,215960,612784,337944,165790
142900,143340,Saber Dance,55099.0,498210,232000,328612,325778,156256,197660,210862,389664,278186,275035,247539,351377,215960,667883,337944,165790
142900,143520,Reverse Cascade,1382.0,498210,232000,328612,325778,156256,197660,210862,389664,278186,275035,247539,351377,217342,667883,337944,165790
142900,143740,Tillana,11572.0,498210,232000,328612,325778,156256,197660,210862,389664,278186,275035,247539,351377,217342,667883,337944,177362
142900,143790,Starfall Dance,6507.0,498210,232000,328612,325778,156256,197660,210862,389664,278186,275035,247539,351377,217342,667883,344451,177362
142900,143880,Fountain,22.0,498210,232000,328612,325778,156256,197660,210862,389664,278208,275035,247539,351377,217342,667883,344451,177362
142900,144110,Fountainfall,8595.0,498210,232000,328612,325778,156256,197660,210862,389664,278208,283630,247539,351377,217342,667883,344451,177362
143550,144170,Fan Dance,2664.0,498210,232000,328612,325778,158920,197660,210862,389664,278208,283630,247539,351377,217342,667883,344451,177362
143450,144208,Auto,12285.0,510495,232000,328612,325778,158920,197660,210862,389664,278208,283630,247539,351377,217342,667883,344451,177362
144200,144820,Fan Dance III,1649.0,510495,232000,328612,325778,158920,199309,210862,389664,278208,283630,247539,351377,217342,667883,344451,177362
145400,145840,Saber Dance,29948.0,510495,232000,328612,325778,158920,199309,210862,389664,278208,283630,247539,351377,217342,697831,344451,177362
145400,146020,Reverse Cascade,1966.0,510495,232000,328612,325778,158920,199309,210862,389664,278208,283630,247539,351377,219308,697831,344451,177362
145400,146240,Tillana,19801.0,510495,232000,328612,325778,158920,199309,210862,389664,278208,283630,247539,351377,219308,697831,344451,197163
145400,146290,Starfall Dance,298.0,510495,232000,328612,325778,158920,199309,210862,389664,278208,283630,247539,351377,219308,697831,344749,197163
145400,146610,Fountainfall,21097.0,510495,232000,328612,325778,158920,199309,210862,389664,278208,304727,247539,351377,219308,697831,344749,197163
146050,146670,Fan Dance,6120.0,510495,232000,328612,325778,165040,199309,210862,389664,278208,304727,247539,351377,219308,697831,344749,197163
146700,147320,Fan Dance III,3721.0,510495,232000,328612,325778,165040,203030,210862,389664,278208,304727,247539,351377,219308,697831,344749,197163
146570,147328,Auto,12285.0,522780,232000,328612,325778,165040,203030,210862,389664,278208,304727,247539,351377,219308,697831,344749,197163
147900,148340,Saber Dance,32953.0,522780,232000,328612,325778,165040,203030,210862,389664,278208,304727,247539,351377,219308,730784,344749,197163
147900,148520,Reverse Cascade,9841.0,522780,232000,328612,325778,165040,203030,210862,389664,278208,304727,247539,351377,229149,730784,344749,197163
147900,148700,Cascade,271.0,522780,232271,328612,325778,165040,203030,210862,389664,278208,304727,247539,351377,229149,730784,344749,197163
147900,149110,Fountainfall,11015.0,522780,232271,328612,325778,165040,203030,210862,389664,278208,315742,247539,351377,229149,730784,344749,197163
149690,150448,Auto,10105.0,532885,232271,328612,325778,165040,203030,210862,389664,278208,315742,247539,351377,229149,730784,344749,197163
150400,150840,Saber Dance,18667.0,532885,232271,328612,325778,165040,203030,210862,389664,278208,315742,247539,351377,229149,749451,344749,197163
150400,151020,Reverse Cascade,15979.0,532885,232271,328612,325778,165040,203030,210862,389664,278208,315742,247539,351377,245128,749451,344749,197163
150400,151200,Cascade,5688.0,532885,237959,328612,325778,165040,203030,210862,389664,278208,315742,247539,351377,245128,749451,344749,197163
150400,151380,Fountain,98.0,532885,237959,328612,325778,165040,203030,210862,389664,278306,315742,247539,351377,245128,749451,344749,197163
150400,151610,Fountainfall,4064.0,532885,237959,328612,325778,165040,203030,210862,389664,278306,319806,247539,351377,245128,749451,344749,197163
152900,153340,Saber Dance,10332.0,532885,237959,328612,325778,165040,203030,210862,389664,278306,319806,247539,351377,245128,759783,344749,197163
152900,153520,Reverse Cascade,10332.0,532885,237959,328612,325778,165040,203030,210862,389664,278306,319806,247539,351377,255460,759783,344749,197163
152810,153568,Auto,10105.0,542990,237959,328612,325778,165040,203030,210862,389664,278306,319806,247539,351377,255460,759783,344749,197163
152900,153700,Cascade,13429.0,542990,251388,328612,325778,165040,203030,210862,389664,278306,319806,247539,351377,255460,759783,344749,197163
152900,153880,Fountain,3009.0,542990,251388,328612,325778,165040,203030,210862,389664,281315,319806,247539,351377,255460,759783,344749,197163
152900,154110,Fountainfall,670.0,542990,251388,328612,325778,165040,203030,210862,389664,281315,320476,247539,351377,255460,759783,344749,197163
155400,155840,Saber Dance,10234.0,542990,251388,328612,325778,165040,203030,210862,389664,281315,320476,247539,351377,255460,770017,344749,197163
155400,156020,Reverse Cascade,8776.0,542990,251388,328612,325778,165040,203030,210862,389664,281315,320476,247539,351377,264236,770017,344749,197163
155400,156200,Cascade,8646.0,542990,260034,328612,325778,165040,203030,210862,389664,281315,320476,247539,351377,264236,770017,344749,197163
155400,156380,Fountain,9768.0,542990,260034,328612,325778,165040,203030,210862,389664,291083,320476,247539,351377,264236,770017,344749,197163
155400,156610,Fountainfall,1804.0,542990,260034,328612,325778,165040,203030,210862,389664,291083,322280,247539,351377,264236,770017,344749,197163
155930,156688,Auto,10105.0,553095,260034,328612,325778,165040,203030,210862,389664,291083,322280,247539,351377,264236,770017,344749,197163
157900,158340,Saber Dance,9119.0,553095,260034,328612,325778,165040,203030,210862,389664,291083,322280,247539,351377,264236,779136,344749,197163
157900,158520,Reverse Cascade,6461.0,553095,260034,328612,325778,165040,203030,210862,389664,291083,322280,247539,351377,270697,779136,344749,197163
157900,158700,Cascade,5045.0,553095,265079,328612,325778,165040,203030,210862,389664,291083,322280,247539,351377,270697,779136,344749,197163
157900,158880,Fountain,13791.0,553095,265079,328612,325778,165040,203030,210862,389664,304874,322280,247539,351377,270697,779136,344749,197163
157900,159110,Fountainfall,5997.0,553095,265079,328612,325778,165040,203030,210862,389664,304874,328277,247539,351377,270697,779136,344749,197163
159050,159808,Auto,10105.0,563200,265079,328612,325778,165040,203030,210862,389664,304874,328277,247539,351377,270697,779136,344749,197163
160400,160840,Saber Dance,10234.0,563200,265079,328612,325778,165040,203030,210862,389664,304874,328277,247539,351377,270697,789370,344749,197163
160400,161020,Reverse Cascade,2969.0,563200,265079,328612,325778,165040,203030,210862,389664,304874,328277,247539,351377,273666,789370,344749,197163
160400,161200,Cascade,8286.0,563200,273365,328612,325778,165040,203030,210862,389664,304874,328277,247539,351377,273666,789370,344749,197163
160400,161380,Fountain,10782.0,563200,273365,328612,325778,165040,203030,210862,389664,315656,328277,247539,351377,273666,789370,344749,197163
160400,161610,Fountainfall,8182.0,563200,273365,328612,325778,165040,203030,210862,389664,315656,336459,247539,351377,273666,789370,344749,197163
161050,161670,Fan Dance,25.0,563200,273365,328612,325778,165065,203030,210862,389664,315656,336459,247539,351377,273666,789370,344749,197163
161700,162320,Fan Dance III,8.0,563200,273365,328612,325778,165065,203038,210862,389664,315656,336459,247539,351377,273666,789370,344749,197163
162170,162928,Auto,10105.0,573305,273365,328612,325778,165065,203038,210862,389664,315656,336459,247539,351377,273666,789370,344749,197163
162900,163340,Saber Dance,8636.0,573305,273365,328612,325778,165065,203038,210862,389664,315656,336459,247539,351377,273666,798006,344749,197163
162900,163520,Reverse Cascade,5396.0,573305,273365,328612,325778,165065,203038,210862,389664,315656,336459,247539,351377,279062,798006,344749,197163
162900,163700,Cascade,9871.0,573305,283236,328612,325778,165065,203038,210862,389664,315656,336459,247539,351377,279062,798006,344749,197163
162900,163880,Fountain,8584.0,573305,283236,328612,325778,165065,203038,210862,389664,324240,336459,247539,351377,279062,798006,344749,197163
162900,164110,Fountainfall,6460.0,573305,283236,328612,325778,165065,203038,210862,389664,324240,342919,247539,351377,279062,798006,344749,197163
163550,164170,Fan Dance,100.0,573305,283236,328612,325778,165165,203038,210862,389664,324240,342919,247539,351377,279062,798006,344749,197163
164200,164820,Fan Dance III,71.0,573305,283236,328612,325778,165165,203109,210862,389664,324240,342919,247539,351377,279062,798006,344749,197163
165290,166048,Auto,10105.0,583410,283236,328612,325778,165165,203109,210862,389664,324240,342919,247539,351377,279062,798006,344749,197163
168410,169168,Auto,10105.0,593515,283236,328612,325778,165165,203109,210862,389664,324240,342919,247539,351377,279062,798006,344749,197163
168900,169430,Double Standard Finish,110344.0,593515,283236,328612,436122,165165,203109,210862,389664,324240,342919,247539,351377,279062,798006,344749,197163
170400,170840,Saber Dance,10556.0,593515,283236,328612,436122,165165,203109,210862,389664,324240,342919,247539,351377,279062,808562,344749,197163
170400,171020,Reverse Cascade,6167.0,593515,283236,328612,436122,165165,203109,210862,389664,324240,342919,247539,351377,285229,808562,344749,197163
170400,171200,Cascade,7687.0,593515,290923,328612,436122,165165,203109,210862,389664,324240,342919,247539,351377,285229,808562,344749,197163
170400,171380,Fountain,10513.0,593515,290923,328612,436122,165165,203109,210862,389664,334753,342919,247539,351377,285229,808562,344749,197163
170400,171610,Fountainfall,5348.0,593515,290923,328612,436122,165165,203109,210862,389664,334753,348267,247539,351377,285229,808562,344749,197163
171050,171670,Fan Dance,161.0,593515,290923,328612,436122,165326,203109,210862,389664,334753,348267,247539,351377,285229,808562,344749,197163
171530,172288,Auto,10105.0,603620,290923,328612,436122,165326,203109,210862,389664,334753,348267,247539,351377,285229,808562,344749,197163
171700,172320,Fan Dance III,97.0,603620,290923,328612,436122,165326,203206,210862,389664,334753,348267,247539,351377,285229,808562,344749,197163
172900,173340,Saber Dance,10830.0,603620,290923,328612,436122,165326,203206,210862,389664,334753,348267,247539,351377,285229,819392,344749,197163
172900,173520,Reverse Cascade,4938.0,603620,290923,328612,436122,165326,203206,210862,389664,334753,348267,247539,351377,290167,819392,344749,197163
172900,173700,Cascade,7518.0,603620,298441,328612,436122,165326,203206,210862,389664,334753,348267,247539,351377,290167,819392,344749,197163
172900,173880,Fountain,10979.0,603620,298441,328612,436122,165326,203206,210862,389664,345732,348267,247539,351377,290167,819392,344749,197163
172900,174110,Fountainfall,6363.0,603620,298441,328612,436122,165326,203206,210862,389664,345732,354630,247539,351377,290167,819392,344749,197163
173550,174170,Fan Dance,280.0,603620,298441,328612,436122,165606,203206,210862,389664,345732,354630,247539,351377,290167,819392,344749,197163
174200,174820,Fan Dance III,182.0,603620,298441,328612,436122,165606,203388,210862,389664,345732,354630,247539,351377,290167,819392,344749,197163
174650,175408,Auto,10105.0,613725,298441,328612,436122,165606,203388,210862,389664,345732,354630,247539,351377,290167,819392,344749,197163
175400,175840,Saber Dance,10998.0,613725,298441,328612,436122,165606,203388,210862,389664,345732,354630,247539,351377,290167,830390,344749,197163
175400,176020,Reverse Cascade,4822.0,613725,298441,328612,436122,165606,203388,210862,389664,345732,354630,247539,351377,294989,830390,344749,197163
175400,176200,Cascade,7986.0,613725,306427,328612,436122,165606,203388,210862,389664,345732,354630,247539,351377,294989,830390,344749,197163
175400,176380,Fountain,10143.0,613725,306427,328612,436122,165606,203388,210862,389664,355875,354630,247539,351377,294989,830390,344749,197163
175400,176610,Fountainfall,6690.0,613725,306427,328612,436122,165606,203388,210862,389664,355875,361320,247539,351377,294989,830390,344749,197163
176050,176670,Fan Dance,429.0,613725,306427,328612,436122,166035,203388,210862,389664,355875,361320,247539,351377,294989,830390,344749,197163
176700,177320,Fan Dance III,231.0,613725,306427,328612,436122,166035,203619,210862,389664,355875,361320,247539,351377,294989,830390,344749,197163
177900,178340,Saber Dance,11229.0,613725,306427,328612,436122,166035,203619,210862,389664,355875,361320,247539,351377,294989,841619,344749,197163
177900,178520,Reverse Cascade,5000.0,613725,306427,328612,436122,166035,203619,210862,389664,355875,361320,247539,351377,299989,841619,344749,197163
177770,178528,Auto,10105.0,623830,306427,328612,436122,166035,203619,210862,389664,355875,361320,247539,351377,299989,841619,344749,197163
177900,178700,Cascade,8546.0,623830,314973,328612,436122,166035,203619,210862,389664,355875,361320,247539,351377,299989,841619,344749,197163
177900,178880,Fountain,9652.0,623830,314973,328612,436122,166035,203619,210862,389664,365527,361320,247539,351377,299989,841619,344749,197163
177900,179110,Fountainfall,6059.0,623830,314973,328612,436122,166035,203619,210862,389664,365527,367379,247539,351377,299989,841619,344749,197163
178550,179170,Fan Dance,516.0,623830,314973,328612,436122,166551,203619,210862,389664,365527,367379,247539,351377,299989,841619,344749,197163
179200,179820,Fan Dance III,345.0,623830,314973,328612,436122,166551,203964,210862,389664,365527,367379,247539,351377,299989,841619,344749,197163
180400,180840,Saber Dance,9982.0,623830,314973,328612,436122,166551,203964,210862,389664,365527,367379,247539,351377,299989,851601,344749,197163
180400,181020,Reverse Cascade,5502.0,623830,314973,328612,436122,166551,203964,210862,389664,365527,367379,247539,351377,305491,851601,344749,197163
180400,181200,Cascade,8129.0,623830,323102,328612,436122,166551,203964,210862,389664,365527,367379,247539,351377,305491,851601,344749,197163
180400,181380,Fountain,10604.0,623830,323102,328612,436122,166551,203964,210862,389664,376131,367379,247539,351377,305491,851601,344749,197163
180400,181610,Fountainfall,5723.0,623830,323102,328612,436122,166551,203964,210862,389664,376131,373102,247539,351377,305491,851601,344749,197163
180890,181648,Auto,10105.0,633935,323102,328612,436122,166551,203964,210862,389664,376131,373102,247539,351377,305491,851601,344749,197163
181050,181670,Fan Dance,670.0,633935,323102,328612,436122,167221,203964,210862,389664,376131,373102,247539,351377,305491,851601,344749,197163
181700,182320,Fan Dance III,445.0,633935,323102,328612,436122,167221,204409,210862,389664,376131,373102,247539,351377,305491,851601,344749,197163
182900,183340,Saber Dance,9715.0,633935,323102,328612,436122,167221,204409,210862,389664,376131,373102,247539,351377,305491,861316,344749,197163
182900,183520,Reverse Cascade,5236.0,633935,323102,328612,436122,167221,204409,210862,389664,376131,373102,247539,351377,310727,861316,344749,197163
182900,183700,Cascade,7895.0,633935,330997,328612,436122,167221,204409,210862,389664,376131,373102,247539,351377,310727,861316,344749,197163
182900,183880,Fountain,10761.0,633935,330997,328612,436122,167221,204409,210862,389664,386892,373102,247539,351377,310727,861316,344749,197163
182900,184110,Fountainfall,6385.0,633935,330997,328612,436122,167221,204409,210862,389664,386892,379487,247539,351377,310727,861316,344749,197163
183550,184170,Fan Dance,861.0,633935,330997,328612,436122,168082,204409,210862,389664,386892,379487,247539,351377,310727,861316,344749,197163
184010,184768,Auto,10105.0,644040,330997,328612,436122,168082,204409,210862,389664,386892,379487,247539,351377,310727,861316,344749,197163
184200,184820,Fan Dance III,522.0,644040,330997,328612,436122,168082,204931,210862,389664,386892,379487,247539,351377,310727,861316,344749,197163
185400,185840,Saber Dance,8657.0,644040,330997,328612,436122,168082,204931,210862,389664,386892,379487,247539,351377,310727,869973,344749,197163
185400,186020,Reverse Cascade,5073.0,644040,330997,328612,436122,168082,204931,210862,389664,386892,379487,247539,351377,315800,869973,344749,197163
185400,186200,Cascade,8443.0,644040,339440,328612,436122,168082,204931,210862,389664,386892,379487,247539,351377,315800,869973,344749,197163
185400,186380,Fountain,10619.0,644040,339440,328612,436122,168082,204931,210862,389664,397511,379487,247539,351377,315800,869973,344749,197163
185400,186610,Fountainfall,6575.0,644040,339440,328612,436122,168082,204931,210862,389664,397511,386062,247539,351377,315800,869973,344749,197163
186050,186670,Fan Dance,1055.0,644040,339440,328612,436122,169137,204931,210862,389664,397511,386062,247539,351377,315800,869973,344749,197163
186700,187320,Fan Dance III,585.0,644040,339440,328612,436122,169137,205516,210862,389664,397511,386062,247539,351377,315800,869973,344749,197163
187130,187888,Auto,10105.0,654145,339440,328612,436122,169137,205516,210862,389664,397511,386062,247539,351377,315800,869973,344749,197163
187900,188340,Saber Dance,8439.0,654145,339440,328612,436122,169137,205516,210862,389664,397511,386062,247539,351377,315800,878412,344749,197163
187900,189110,Fountainfall,6478.0,654145,339440,328612,436122,169137,205516,210862,389664,397511,392540,247539,351377,315800,878412,344749,197163
187900,189150,Last Dance,51368.0,654145,339440,328612,436122,169137,205516,210862,389664,397511,392540,298907,351377,315800,878412,344749,197163
189150,189770,Fan Dance III,28555.0,654145,339440,328612,436122,169137,234071,210862,389664,397511,392540,298907,351377,315800,878412,344749,197163
190400,190840,Saber Dance,6203.0,654145,339440,328612,436122,169137,234071,210862,389664,397511,392540,298907,351377,315800,884615,344749,197163
190250,191008,Auto,10105.0,664250,339440,328612,436122,169137,234071,210862,389664,397511,392540,298907,351377,315800,884615,344749,197163
191025,191345,Fan Dance IV,49602.0,664250,339440,328612,436122,169137,234071,260464,389664,397511,392540,298907,351377,315800,884615,344749,197163
190400,191610,Fountainfall,31086.0,664250,339440,328612,436122,169137,234071,260464,389664,397511,423626,298907,351377,315800,884615,344749,197163
191025,191645,Fan Dance,3954.0,664250,339440,328612,436122,173091,234071,260464,389664,397511,423626,298907,351377,315800,884615,344749,197163
190400,191650,Last Dance,14517.0,664250,339440,328612,436122,173091,234071,260464,389664,397511,423626,313424,351377,315800,884615,344749,197163
191675,191995,Fan Dance IV,5099.0,664250,339440,328612,436122,173091,234071,265563,389664,397511,423626,313424,351377,315800,884615,344749,197163
191675,192295,Fan Dance III,2395.0,664250,339440,328612,436122,173091,236466,265563,389664,397511,423626,313424,351377,315800,884615,344749,197163
192900,193340,Saber Dance,12547.0,664250,339440,328612,436122,173091,236466,265563,389664,397511,423626,313424,351377,315800,897162,344749,197163
192900,193520,Reverse Cascade,19283.0,664250,339440,328612,436122,173091,236466,265563,389664,397511,423626,313424,351377,335083,897162,344749,197163
193550,193870,Fan Dance IV,3224.0,664250,339440,328612,436122,173091,236466,268787,389664,397511,423626,313424,351377,335083,897162,344749,197163
192900,194110,Fountainfall,10163.0,664250,339440,328612,436122,173091,236466,268787,389664,397511,433789,313424,351377,335083,897162,344749,197163
193370,194128,Auto,10105.0,674355,339440,328612,436122,173091,236466,268787,389664,397511,433789,313424,351377,335083,897162,344749,197163
192900,194150,Last Dance,4212.0,674355,339440,328612,436122,173091,236466,268787,389664,397511,433789,317636,351377,335083,897162,344749,197163
193550,194170,Fan Dance,4830.0,674355,339440,328612,436122,177921,236466,268787,389664,397511,433789,317636,351377,335083,897162,344749,197163
194200,194520,Fan Dance IV,907.0,674355,339440,328612,436122,177921,236466,269694,389664,397511,433789,317636,351377,335083,897162,344749,197163
194200,194820,Fan Dance III,2921.0,674355,339440,328612,436122,177921,239387,269694,389664,397511,433789,317636,351377,335083,897162,344749,197163
194850,195170,Fan Dance IV,877.0,674355,339440,328612,436122,177921,239387,270571,389664,397511,433789,317636,351377,335083,897162,344749,197163
196490,197248,Auto,10105.0,684460,339440,328612,436122,177921,239387,270571,389664,397511,433789,317636,351377,335083,897162,344749,197163
195400,197450,Finishing Move,110344.0,684460,339440,328612,436122,177921,239387,270571,500008,397511,433789,317636,351377,335083,897162,344749,197163
197900,198340,Saber Dance,15232.0,684460,339440,328612,436122,177921,239387,270571,500008,397511,433789,317636,351377,335083,912394,344749,197163
197900,198520,Reverse Cascade,15990.0,684460,339440,328612,436122,177921,239387,270571,500008,397511,433789,317636,351377,351073,912394,344749,197163
197900,198700,Cascade,4086.0,684460,343526,328612,436122,177921,239387,270571,500008,397511,433789,317636,351377,351073,912394,344749,197163
197900,198880,Fountain,4880.0,684460,343526,328612,436122,177921,239387,270571,500008,402391,433789,317636,351377,351073,912394,344749,197163
197900,199110,Fountainfall,2881.0,684460,343526,328612,436122,177921,239387,270571,500008,402391,436670,317636,351377,351073,912394,344749,197163
198550,199170,Fan Dance,3639.0,684460,343526,328612,436122,181560,239387,270571,500008,402391,436670,317636,351377,351073,912394,344749,197163
199200,199820,Fan Dance III,2215.0,684460,343526,328612,436122,181560,241602,270571,500008,402391,436670,317636,351377,351073,912394,344749,197163
199610,200368,Auto,10105.0,694565,343526,328612,436122,181560,241602,270571,500008,402391,436670,317636,351377,351073,912394,344749,197163
200400,200840,Saber Dance,8601.0,694565,343526,328612,436122,181560,241602,270571,500008,402391,436670,317636,351377,351073,920995,344749,197163
200400,201020,Reverse Cascade,8787.0,694565,343526,328612,436122,181560,241602,270571,500008,402391,436670,317636,351377,359860,920995,344749,197163
200400,201200,Cascade,8092.0,694565,351618,328612,436122,181560,241602,270571,500008,402391,436670,317636,351377,359860,920995,344749,197163
200400,201380,Fountain,10299.0,694565,351618,328612,436122,181560,241602,270571,500008,412690,436670,317636,351377,359860,920995,344749,197163
200400,201610,Fountainfall,3031.0,694565,351618,328612,436122,181560,241602,270571,500008,412690,439701,317636,351377,359860,920995,344749,197163
201050,201670,Fan Dance,2298.0,694565,351618,328612,436122,183858,241602,270571,500008,412690,439701,317636,351377,359860,920995,344749,197163
201700,202320,Fan Dance III,1419.0,694565,351618,328612,436122,183858,243021,270571,500008,412690,439701,317636,351377,359860,920995,344749,197163
202900,203340,Saber Dance,10402.0,694565,351618,328612,436122,183858,243021,270571,500008,412690,439701,317636,351377,359860,931397,344749,197163
202730,203488,Auto,10105.0,704670,351618,328612,436122,183858,243021,270571,500008,412690,439701,317636,351377,359860,931397,344749,197163
202900,203520,Reverse Cascade,5313.0,704670,351618,328612,436122,183858,243021,270571,500008,412690,439701,317636,351377,365173,931397,344749,197163
202900,203700,Cascade,8006.0,704670,359624,328612,436122,183858,243021,270571,500008,412690,439701,317636,351377,365173,931397,344749,197163
202900,203880,Fountain,10263.0,704670,359624,328612,436122,183858,243021,270571,500008,422953,439701,317636,351377,365173,931397,344749,197163
202900,204110,Fountainfall,6293.0,704670,359624,328612,436122,183858,243021,270571,500008,422953,445994,317636,351377,365173,931397,344749,197163
203550,204170,Fan Dance,2459.0,704670,359624,328612,436122,186317,243021,270571,500008,422953,445994,317636,351377,365173,931397,344749,197163
204200,204820,Fan Dance III,1561.0,704670,359624,328612,436122,186317,244582,270571,500008,422953,445994,317636,351377,365173,931397,344749,197163
205400,205840,Saber Dance,8685.0,704670,359624,328612,436122,186317,244582,270571,500008,422953,445994,317636,351377,365173,940082,344749,197163
205400,206020,Reverse Cascade,5360.0,704670,359624,328612,436122,186317,244582,270571,500008,422953,445994,317636,351377,370533,940082,344749,197163
205400,206200,Cascade,8538.0,704670,368162,328612,436122,186317,244582,270571,500008,422953,445994,317636,351377,370533,940082,344749,197163
205400,206380,Fountain,10681.0,704670,368162,328612,436122,186317,244582,270571,500008,433634,445994,317636,351377,370533,940082,344749,197163
205850,206608,Auto,10105.0,714775,368162,328612,436122,186317,244582,270571,500008,433634,445994,317636,351377,370533,940082,344749,197163
205400,206610,Fountainfall,5988.0,714775,368162,328612,436122,186317,244582,270571,500008,433634,451982,317636,351377,370533,940082,344749,197163
206050,206670,Fan Dance,2431.0,714775,368162,328612,436122,188748,244582,270571,500008,433634,451982,317636,351377,370533,940082,344749,197163
206700,207320,Fan Dance III,1510.0,714775,368162,328612,436122,188748,246092,270571,500008,433634,451982,317636,351377,370533,940082,344749,197163
207900,208340,Saber Dance,7970.0,714775,368162,328612,436122,188748,246092,270571,500008,433634,451982,317636,351377,370533,948052,344749,197163
207900,208520,Reverse Cascade,5385.0,714775,368162,328612,436122,188748,246092,270571,500008,433634,451982,317636,351377,375918,948052,344749,197163
207900,208700,Cascade,8338.0,714775,376500,328612,436122,188748,246092,270571,500008,433634,451982,317636,351377,375918,948052,344749,197163
207900,208880,Fountain,10873.0,714775,376500,328612,436122,188748,246092,270571,500008,444507,451982,317636,351377,375918,948052,344749,197163
207900,209110,Fountainfall,6482.0,714775,376500,328612,436122,188748,246092,270571,500008,444507,458464,317636,351377,375918,948052,344749,197163
208550,209170,Fan Dance,2688.0,714775,376500,328612,436122,191436,246092,270571,500008,444507,458464,317636,351377,375918,948052,344749,197163
208970,209728,Auto,10105.0,724880,376500,328612,436122,191436,246092,270571,500008,444507,458464,317636,351377,375918,948052,344749,197163
209200,209820,Fan Dance III,1593.0,724880,376500,328612,436122,191436,247685,270571,500008,444507,458464,317636,351377,375918,948052,344749,197163
210400,210840,Saber Dance,10227.0,724880,376500,328612,436122,191436,247685,270571,500008,444507,458464,317636,351377,375918,958279,344749,197163
210400,211020,Reverse Cascade,5171.0,724880,376500,328612,436122,191436,247685,270571,500008,444507,458464,317636,351377,381089,958279,344749,197163
210400,211200,Cascade,7972.0,724880,384472,328612,436122,191436,247685,270571,500008,444507,458464,317636,351377,381089,958279,344749,197163
210400,211380,Fountain,10179.0,724880,384472,328612,436122,191436,247685,270571,500008,454686,458464,317636,351377,381089,958279,344749,197163
210400,211610,Fountainfall,6730.0,724880,384472,328612,436122,191436,247685,270571,500008,454686,465194,317636,351377,381089,958279,344749,197163
211050,211670,Fan Dance,2777.0,724880,384472,328612,436122,194213,247685,270571,500008,454686,465194,317636,351377,381089,958279,344749,197163
211700,212320,Fan Dance III,1713.0,724880,384472,328612,436122,194213,249398,270571,500008,454686,465194,317636,351377,381089,958279,344749,197163
212090,212848,Auto,10105.0,734985,384472,328612,436122,194213,249398,270571,500008,454686,465194,317636,351377,381089,958279,344749,197163
212900,213340,Saber Dance,10697.0,734985,384472,328612,436122,194213,249398,270571,500008,454686,465194,317636,351377,381089,968976,344749,197163
212900,213520,Reverse Cascade,5000.0,734985,384472,328612,436122,194213,249398,270571,500008,454686,465194,317636,351377,386089,968976,344749,197163
212900,213700,Cascade,8186.0,734985,392658,328612,436122,194213,249398,270571,500008,454686,465194,317636,351377,386089,968976,344749,197163
212900,213880,Fountain,10321.0,734985,392658,328612,436122,194213,249398,270571,500008,465007,465194,317636,351377,386089,968976,344749,197163
212900,214110,Fountainfall,6138.0,734985,392658,328612,436122,194213,249398,270571,500008,465007,471332,317636,351377,386089,968976,344749,197163
213550,214170,Fan Dance,2807.0,734985,392658,328612,436122,197020,249398,270571,500008,465007,471332,317636,351377,386089,968976,344749,197163
214200,214820,Fan Dance III,1604.0,734985,392658,328612,436122,197020,251002,270571,500008,465007,471332,317636,351377,386089,968976,344749,197163
215400,215840,Saber Dance,12547.0,734985,392658,328612,436122,197020,251002,270571,500008,465007,471332,317636,351377,386089,981523,344749,197163
215210,215968,Auto,10105.0,745090,392658,328612,436122,197020,251002,270571,500008,465007,471332,317636,351377,386089,981523,344749,197163
215400,216020,Reverse Cascade,5026.0,745090,392658,328612,436122,197020,251002,270571,500008,465007,471332,317636,351377,391115,981523,344749,197163
215400,216200,Cascade,7650.0,745090,400308,328612,436122,197020,251002,270571,500008,465007,471332,317636,351377,391115,981523,344749,197163
215400,216380,Fountain,9765.0,745090,400308,328612,436122,197020,251002,270571,500008,474772,471332,317636,351377,391115,981523,344749,197163
215400,216610,Fountainfall,6447.0,745090,400308,328612,436122,197020,251002,270571,500008,474772,477779,317636,351377,391115,981523,344749,197163
216050,216670,Fan Dance,2810.0,745090,400308,328612,436122,199830,251002,270571,500008,474772,477779,317636,351377,391115,981523,344749,197163
216700,217320,Fan Dance III,1707.0,745090,400308,328612,436122,199830,252709,270571,500008,474772,477779,317636,351377,391115,981523,344749,197163
217900,218340,Saber Dance,11320.0,745090,400308,328612,436122,199830,252709,270571,500008,474772,477779,317636,351377,391115,992843,344749,197163
217900,218520,Reverse Cascade,4942.0,745090,400308,328612,436122,199830,252709,270571,500008,474772,477779,317636,351377,396057,992843,344749,197163
217900,218700,Cascade,7978.0,745090,408286,328612,436122,199830,252709,270571,500008,474772,477779,317636,351377,396057,992843,344749,197163
217900,218880,Fountain,10473.0,745090,408286,328612,436122,199830,252709,270571,500008,485245,477779,317636,351377,396057,992843,344749,197163
218330,219088,Auto,10105.0,755195,408286,328612,436122,199830,252709,270571,500008,485245,477779,317636,351377,396057,992843,344749,197163
217900,219110,Fountainfall,5953.0,755195,408286,328612,436122,199830,252709,270571,500008,485245,483732,317636,351377,396057,992843,344749,197163
218550,219170,Fan Dance,2639.0,755195,408286,328612,436122,202469,252709,270571,500008,485245,483732,317636,351377,396057,992843,344749,197163
219200,219820,Fan Dance III,1590.0,755195,408286,328612,436122,202469,254299,270571,500008,485245,483732,317636,351377,396057,992843,344749,197163
220400,220840,Saber Dance,10690.0,755195,408286,328612,436122,202469,254299,270571,500008,485245,483732,317636,351377,396057,1003533,344749,197163
220400,221020,Reverse Cascade,4909.0,755195,408286,328612,436122,202469,254299,270571,500008,485245,483732,317636,351377,400966,1003533,344749,197163
220400,221200,Cascade,8218.0,755195,416504,328612,436122,202469,254299,270571,500008,485245,483732,317636,351377,400966,1003533,344749,197163
220400,221380,Fountain,10157.0,755195,416504,328612,436122,202469,254299,270571,500008,495402,483732,317636,351377,400966,1003533,344749,197163
220400,221610,Fountainfall,6403.0,755195,416504,328612,436122,202469,254299,270571,500008,495402,490135,317636,351377,400966,1003533,344749,197163
221050,221670,Fan Dance,2924.0,755195,416504,328612,436122,205393,254299,270571,500008,495402,490135,317636,351377,400966,1003533,344749,197163
221450,222208,Auto,10105.0,765300,416504,328612,436122,205393,254299,270571,500008,495402,490135,317636,351377,400966,1003533,344749,197163
222900,223340,Saber Dance,8811.0,765300,416504,328612,436122,205393,254299,270571,500008,495402,490135,317636,351377,400966,1012344,344749,197163
222900,223520,Reverse Cascade,5651.0,765300,416504,328612,436122,205393,254299,270571,500008,495402,490135,317636,351377,406617,1012344,344749,197163
222900,223700,Cascade,8389.0,765300,424893,328612,436122,205393,254299,270571,500008,495402,490135,317636,351377,406617,1012344,344749,197163
222900,223880,Fountain,10343.0,765300,424893,328612,436122,205393,254299,270571,500008,505745,490135,317636,351377,406617,1012344,344749,197163
222900,224110,Fountainfall,6196.0,765300,424893,328612,436122,205393,254299,270571,500008,505745,496331,317636,351377,406617,1012344,344749,197163
223550,224170,Fan Dance,3141.0,765300,424893,328612,436122,208534,254299,270571,500008,505745,496331,317636,351377,406617,1012344,344749,197163
224570,225328,Auto,10105.0,775405,424893,328612,436122,208534,254299,270571,500008,505745,496331,317636,351377,406617,1012344,344749,197163
227690,228448,Auto,10105.0,785510,424893,328612,436122,208534,254299,270571,500008,505745,496331,317636,351377,406617,1012344,344749,197163
228900,229430,Double Standard Finish,110344.0,785510,424893,328612,546466,208534,254299,270571,500008,505745,496331,317636,351377,406617,1012344,344749,197163
230400,230840,Saber Dance,9778.0,785510,424893,328612,546466,208534,254299,270571,500008,505745,496331,317636,351377,406617,1022122,344749,197163
230400,231020,Reverse Cascade,5247.0,785510,424893,328612,546466,208534,254299,270571,500008,505745,496331,317636,351377,411864,1022122,344749,197163
230400,231200,Cascade,8012.0,785510,432905,328612,546466,208534,254299,270571,500008,505745,496331,317636,351377,411864,1022122,344749,197163
230400,231380,Fountain,10546.0,785510,432905,328612,546466,208534,254299,270571,500008,516291,496331,317636,351377,411864,1022122,344749,197163
230810,231568,Auto,10105.0,795615,432905,328612,546466,208534,254299,270571,500008,516291,496331,317636,351377,411864,1022122,344749,197163
230400,231610,Fountainfall,6412.0,795615,432905,328612,546466,208534,254299,270571,500008,516291,502743,317636,351377,411864,1022122,344749,197163
231025,231645,Fan Dance,2882.0,795615,432905,328612,546466,211416,254299,270571,500008,516291,502743,317636,351377,411864,1022122,344749,197163
231025,231645,Fan Dance III,265.0,795615,432905,328612,546466,211416,254564,270571,500008,516291,502743,317636,351377,411864,1022122,344749,197163
231675,232295,Fan Dance,217.0,795615,432905,328612,546466,211633,254564,270571,500008,516291,502743,317636,351377,411864,1022122,344749,197163
232900,233340,Saber Dance,10641.0,795615,432905,328612,546466,211633,254564,270571,500008,516291,502743,317636,351377,411864,1032763,344749,197163
232900,233520,Reverse Cascade,5178.0,795615,432905,328612,546466,211633,254564,270571,500008,516291,502743,317636,351377,417042,1032763,344749,197163
232900,233700,Cascade,7947.0,795615,440852,328612,546466,211633,254564,270571,500008,516291,502743,317636,351377,417042,1032763,344749,197163
232900,233880,Fountain,10274.0,795615,440852,328612,546466,211633,254564,270571,500008,526565,502743,317636,351377,417042,1032763,344749,197163
232900,234110,Fountainfall,6385.0,795615,440852,328612,546466,211633,254564,270571,500008,526565,509128,317636,351377,417042,1032763,344749,197163
233550,234170,Fan Dance,2520.0,795615,440852,328612,546466,214153,254564,270571,500008,526565,509128,317636,351377,417042,1032763,344749,197163
233550,234170,Fan Dance III,611.0,795615,440852,328612,546466,214153,255175,270571,500008,526565,509128,317636,351377,417042,1032763,344749,197163
233930,234688,Auto,10105.0,805720,440852,328612,546466,214153,255175,270571,500008,526565,509128,317636,351377,417042,1032763,344749,197163
234200,234820,Fan Dance,499.0,805720,440852,328612,546466,214652,255175,270571,500008,526565,509128,317636,351377,417042,1032763,344749,197163
235400,235840,Saber Dance,10353.0,805720,440852,328612,546466,214652,255175,270571,500008,526565,509128,317636,351377,417042,1043116,344749,197163
235400,236020,Reverse Cascade,5062.0,805720,440852,328612,546466,214652,255175,270571,500008,526565,509128,317636,351377,422104,1043116,344749,197163
235400,236200,Cascade,8272.0,805720,449124,328612,546466,214652,255175,270571,500008,526565,509128,317636,351377,422104,1043116,344749,197163
235400,236380,Fountain,10284.0,805720,449124,328612,546466,214652,255175,270571,500008,536849,509128,317636,351377,422104,1043116,344749,197163
235400,236610,Fountainfall,6191.0,805720,449124,328612,546466,214652,255175,270571,500008,536849,515319,317636,351377,422104,1043116,344749,197163
236050,236670,Fan Dance III,773.0,805720,449124,328612,546466,214652,255948,270571,500008,536849,515319,317636,351377,422104,1043116,344749,197163
236050,236670,Fan Dance,2494.0,805720,449124,328612,546466,217146,255948,270571,500008,536849,515319,317636,351377,422104,1043116,344749,197163
236700,237320,Fan Dance,633.0,805720,449124,328612,546466,217779,255948,270571,500008,536849,515319,317636,351377,422104,1043116,344749,197163
237050,237808,Auto,10105.0,815825,449124,328612,546466,217779,255948,270571,500008,536849,515319,317636,351377,422104,1043116,344749,197163
237900,238340,Saber Dance,10669.0,815825,449124,328612,546466,217779,255948,270571,500008,536849,515319,317636,351377,422104,1053785,344749,197163
237900,238520,Reverse Cascade,5178.0,815825,449124,328612,546466,217779,255948,270571,500008,536849,515319,317636,351377,427282,1053785,344749,197163
237900,238700,Cascade,8112.0,815825,457236,328612,546466,217779,255948,270571,500008,536849,515319,317636,351377,427282,1053785,344749,197163
237900,238880,Fountain,10212.0,815825,457236,328612,546466,217779,255948,270571,500008,547061,515319,317636,351377,427282,1053785,344749,197163
237900,239110,Fountainfall,6187.0,815825,457236,328612,546466,217779,255948,270571,500008,547061,521506,317636,351377,427282,1053785,344749,197163
238550,239170,Fan Dance,2361.0,815825,457236,328612,546466,220140,255948,270571,500008,547061,521506,317636,351377,427282,1053785,344749,197163
238550,239170,Fan Dance III,908.0,815825,457236,328612,546466,220140,256856,270571,500008,547061,521506,317636,351377,427282,1053785,344749,197163
239200,239820,Fan Dance,742.0,815825,457236,328612,546466,220882,256856,270571,500008,547061,521506,317636,351377,427282,1053785,344749,197163
240170,240928,Auto,10105.0,825930,457236,328612,546466,220882,256856,270571,500008,547061,521506,317636,351377,427282,1053785,344749,197163
243290,244048,Auto,10105.0,836035,457236,328612,546466,220882,256856,270571,500008,547061,521506,317636,351377,427282,1053785,344749,197163
246400,246935,Quadruple Technical Finish,168764.0,836035,457236,328612,546466,220882,256856,270571,500008,547061,521506,317636,520141,427282,1053785,344749,197163
246410,247168,Auto,10105.0,846140,457236,328612,546466,220882,256856,270571,500008,547061,521506,317636,520141,427282,1053785,344749,197163
247900,248740,Tillana,36448.0,846140,457236,328612,546466,220882,256856,270571,500008,547061,521506,317636,520141,427282,1053785,344749,233611
247900,248790,Starfall Dance,42737.0,846140,457236,328612,546466,220882,256856,270571,500008,547061,521506,317636,520141,427282,1053785,387486,233611
249150,249770,Fan Dance III,34718.0,846140,457236,328612,546466,220882,291574,270571,500008,547061,521506,317636,520141,427282,1053785,387486,233611
247900,250260,Dance of the Dawn,56345.0,846140,457236,384957,546466,220882,291574,270571,500008,547061,521506,317636,520141,427282,1053785,387486,233611
249530,250288,Auto,12285.0,858425,457236,384957,546466,220882,291574,270571,500008,547061,521506,317636,520141,427282,1053785,387486,233611
251025,251345,Fan Dance IV,50237.0,858425,457236,384957,546466,220882,291574,320808,500008,547061,521506,317636,520141,427282,1053785,387486,233611
251025,251645,Fan Dance III,10693.0,858425,457236,384957,546466,220882,302267,320808,500008,547061,521506,317636,520141,427282,1053785,387486,233611
250400,251650,Last Dance,85226.0,858425,457236,384957,546466,220882,302267,320808,500008,547061,521506,402862,520141,427282,1053785,387486,233611
251650,251970,Fan Dance IV,22360.0,858425,457236,384957,546466,220882,302267,343168,500008,547061,521506,402862,520141,427282,1053785,387486,233611
251650,252270,Fan Dance,19614.0,858425,457236,384957,546466,240496,302267,343168,500008,547061,521506,402862,520141,427282,1053785,387486,233611
252900,253340,Saber Dance,2139.0,858425,457236,384957,546466,240496,302267,343168,500008,547061,521506,402862,520141,427282,1055924,387486,233611
252650,253408,Auto,12285.0,870710,457236,384957,546466,240496,302267,343168,500008,547061,521506,402862,520141,427282,1055924,387486,233611
252900,253740,Tillana,9289.0,870710,457236,384957,546466,240496,302267,343168,500008,547061,521506,402862,520141,427282,1055924,387486,242900
252900,253790,Starfall Dance,38713.0,870710,457236,384957,546466,240496,302267,343168,500008,547061,521506,402862,520141,427282,1055924,426199,242900
252900,254110,Fountainfall,708.0,870710,457236,384957,546466,240496,302267,343168,500008,547061,522214,402862,520141,427282,1055924,426199,242900
253525,254145,Fan Dance,18668.0,870710,457236,384957,546466,259164,302267,343168,500008,547061,522214,402862,520141,427282,1055924,426199,242900
253525,254145,Fan Dance III,11689.0,870710,457236,384957,546466,259164,313956,343168,500008,547061,522214,402862,520141,427282,1055924,426199,242900
254150,254770,Fan Dance,18293.0,870710,457236,384957,546466,277457,313956,343168,500008,547061,522214,402862,520141,427282,1055924,426199,242900
254150,254770,Fan Dance III,11613.0,870710,457236,384957,546466,277457,325569,343168,500008,547061,522214,402862,520141,427282,1055924,426199,242900
252900,255260,Dance of the Dawn,99401.0,870710,457236,484358,546466,277457,325569,343168,500008,547061,522214,402862,520141,427282,1055924,426199,242900
254800,255420,Fan Dance,15816.0,870710,457236,484358,546466,293273,325569,343168,500008,547061,522214,402862,520141,427282,1055924,426199,242900
254800,255420,Fan Dance III,11272.0,870710,457236,484358,546466,293273,336841,343168,500008,547061,522214,402862,520141,427282,1055924,426199,242900
255770,256528,Auto,12285.0,882995,457236,484358,546466,293273,336841,343168,500008,547061,522214,402862,520141,427282,1055924,426199,242900
256024,256644,Fan Dance,8918.0,882995,457236,484358,546466,302191,336841,343168,500008,547061,522214,402862,520141,427282,1055924,426199,242900
256024,256644,Fan Dance III,9582.0,882995,457236,484358,546466,302191,346423,343168,500008,547061,522214,402862,520141,427282,1055924,426199,242900
256649,257269,Fan Dance,2303.0,882995,457236,484358,546466,304494,346423,343168,500008,547061,522214,402862,520141,427282,1055924,426199,242900
256649,257269,Fan Dance III,5579.0,882995,457236,484358,546466,304494,352002,343168,500008,547061,522214,402862,520141,427282,1055924,426199,242900
255400,257450,Finishing Move,134157.0,882995,457236,484358,546466,304494,352002,343168,634165,547061,522214,402862,520141,427282,1055924,426199,242900
257899,258339,Saber Dance,50837.0,882995,457236,484358,546466,304494,352002,343168,634165,547061,522214,402862,520141,427282,1106761,426199,242900
257899,258519,Reverse Cascade,8.0,882995,457236,484358,546466,304494,352002,343168,634165,547061,522214,402862,520141,427290,1106761,426199,242900
257899,258739,Tillana,4166.0,882995,457236,484358,546466,304494,352002,343168,634165,547061,522214,402862,520141,427290,1106761,426199,247066
257899,258789,Starfall Dance,44541.0,882995,457236,484358,546466,304494,352002,343168,634165,547061,522214,402862,520141,427290,1106761,470740,247066
257899,259109,Fountainfall,4147.0,882995,457236,484358,546466,304494,352002,343168,634165,547061,526361,402862,520141,427290,1106761,470740,247066
258524,259144,Fan Dance,1079.0,882995,457236,484358,546466,305573,352002,343168,634165,547061,526361,402862,520141,427290,1106761,470740,247066
258524,259144,Fan Dance III,1413.0,882995,457236,484358,546466,305573,353415,343168,634165,547061,526361,402862,520141,427290,1106761,470740,247066
258890,259648,Auto,12285.0,895280,457236,484358,546466,305573,353415,343168,634165,547061,526361,402862,520141,427290,1106761,470740,247066
259149,259769,Fan Dance III,670.0,895280,457236,484358,546466,305573,354085,343168,634165,547061,526361,402862,520141,427290,1106761,470740,247066
259149,259769,Fan Dance,53.0,895280,457236,484358,546466,305626,354085,343168,634165,547061,526361,402862,520141,427290,1106761,470740,247066
257899,260259,Dance of the Dawn,2051.0,895280,457236,486409,546466,305626,354085,343168,634165,547061,526361,402862,520141,427290,1106761,470740,247066
260399,260839,Saber Dance,47846.0,895280,457236,486409,546466,305626,354085,343168,634165,547061,526361,402862,520141,427290,1154607,470740,247066
260399,261019,Reverse Cascade,269.0,895280,457236,486409,546466,305626,354085,343168,634165,547061,526361,402862,520141,427559,1154607,470740,247066
260399,261239,Tillana,12140.0,895280,457236,486409,546466,305626,354085,343168,634165,547061,526361,402862,520141,427559,1154607,470740,259206
260399,261289,Starfall Dance,33679.0,895280,457236,486409,546466,305626,354085,343168,634165,547061,526361,402862,520141,427559,1154607,504419,259206
260399,261609,Fountainfall,5403.0,895280,457236,486409,546466,305626,354085,343168,634165,547061,531764,402862,520141,427559,1154607,504419,259206
261049,261669,Fan Dance,1476.0,895280,457236,486409,546466,307102,354085,343168,634165,547061,531764,402862,520141,427559,1154607,504419,259206
261049,261669,Fan Dance III,34.0,895280,457236,486409,546466,307102,354119,343168,634165,547061,531764,402862,520141,427559,1154607,504419,259206
261699,262319,Fan Dance,2.0,895280,457236,486409,546466,307104,354119,343168,634165,547061,531764,402862,520141,427559,1154607,504419,259206
261699,262319,Fan Dance III,840.0,895280,457236,486409,546466,307104,354959,343168,634165,547061,531764,402862,520141,427559,1154607,504419,259206
260399,262759,Dance of the Dawn,31.0,895280,457236,486440,546466,307104,354959,343168,634165,547061,531764,402862,520141,427559,1154607,504419,259206
262010,262768,Auto,12285.0,907565,457236,486440,546466,307104,354959,343168,634165,547061,531764,402862,520141,427559,1154607,504419,259206
262900,263340,Saber Dance,50675.0,907565,457236,486440,546466,307104,354959,343168,634165,547061,531764,402862,520141,427559,1205282,504419,259206
262900,263520,Reverse Cascade,1462.0,907565,457236,486440,546466,307104,354959,343168,634165,547061,531764,402862,520141,429021,1205282,504419,259206
262900,263740,Tillana,13532.0,907565,457236,486440,546466,307104,354959,343168,634165,547061,531764,402862,520141,429021,1205282,504419,272738
262900,263790,Starfall Dance,5729.0,907565,457236,486440,546466,307104,354959,343168,634165,547061,531764,402862,520141,429021,1205282,510148,272738
262900,264110,Fountainfall,10452.0,907565,457236,486440,546466,307104,354959,343168,634165,547061,542216,402862,520141,429021,1205282,510148,272738
263550,264170,Fan Dance III,3.0,907565,457236,486440,546466,307104,354962,343168,634165,547061,542216,402862,520141,429021,1205282,510148,272738
263550,264170,Fan Dance,3195.0,907565,457236,486440,546466,310299,354962,343168,634165,547061,542216,402862,520141,429021,1205282,510148,272738
264200,264820,Fan Dance III,1909.0,907565,457236,486440,546466,310299,356871,343168,634165,547061,542216,402862,520141,429021,1205282,510148,272738
265400,265840,Saber Dance,33800.0,907565,457236,486440,546466,310299,356871,343168,634165,547061,542216,402862,520141,429021,1239082,510148,272738
265130,265888,Auto,12285.0,919850,457236,486440,546466,310299,356871,343168,634165,547061,542216,402862,520141,429021,1239082,510148,272738
265400,266020,Reverse Cascade,2094.0,919850,457236,486440,546466,310299,356871,343168,634165,547061,542216,402862,520141,431115,1239082,510148,272738
265400,266240,Tillana,19119.0,919850,457236,486440,546466,310299,356871,343168,634165,547061,542216,402862,520141,431115,1239082,510148,291857
265400,266290,Starfall Dance,182.0,919850,457236,486440,546466,310299,356871,343168,634165,547061,542216,402862,520141,431115,1239082,510330,291857
265400,266610,Fountainfall,18940.0,919850,457236,486440,546466,310299,356871,343168,634165,547061,561156,402862,520141,431115,1239082,510330,291857
266050,266670,Fan Dance,5552.0,919850,457236,486440,546466,315851,356871,343168,634165,547061,561156,402862,520141,431115,1239082,510330,291857
266700,267320,Fan Dance III,3454.0,919850,457236,486440,546466,315851,360325,343168,634165,547061,561156,402862,520141,431115,1239082,510330,291857
267900,268340,Saber Dance,34881.0,919850,457236,486440,546466,315851,360325,343168,634165,547061,561156,402862,520141,431115,1273963,510330,291857
267900,268520,Reverse Cascade,9380.0,919850,457236,486440,546466,315851,360325,343168,634165,547061,561156,402862,520141,440495,1273963,510330,291857
267900,268700,Cascade,265.0,919850,457501,486440,546466,315851,360325,343168,634165,547061,561156,402862,520141,440495,1273963,510330,291857
268250,269008,Auto,10105.0,929955,457501,486440,546466,315851,360325,343168,634165,547061,561156,402862,520141,440495,1273963,510330,291857
267900,269110,Fountainfall,10370.0,929955,457501,486440,546466,315851,360325,343168,634165,547061,571526,402862,520141,440495,1273963,510330,291857
270400,270840,Saber Dance,16746.0,929955,457501,486440,546466,315851,360325,343168,634165,547061,571526,402862,520141,440495,1290709,510330,291857
270400,271020,Reverse Cascade,16052.0,929955,457501,486440,546466,315851,360325,343168,634165,547061,571526,402862,520141,456547,1290709,510330,291857
270400,271200,Cascade,5999.0,929955,463500,486440,546466,315851,360325,343168,634165,547061,571526,402862,520141,456547,1290709,510330,291857
270400,271380,Fountain,123.0,929955,463500,486440,546466,315851,360325,343168,634165,547184,571526,402862,520141,456547,1290709,510330,291857
270400,271610,Fountainfall,4673.0,929955,463500,486440,546466,315851,360325,343168,634165,547184,576199,402862,520141,456547,1290709,510330,291857
271370,272128,Auto,10105.0,940060,463500,486440,546466,315851,360325,343168,634165,547184,576199,402862,520141,456547,1290709,510330,291857
272900,273340,Saber Dance,10444.0,940060,463500,486440,546466,315851,360325,343168,634165,547184,576199,402862,520141,456547,1301153,510330,291857
272900,273520,Reverse Cascade,10761.0,940060,463500,486440,546466,315851,360325,343168,634165,547184,576199,402862,520141,467308,1301153,510330,291857
272900,273700,Cascade,12875.0,940060,476375,486440,546466,315851,360325,343168,634165,547184,576199,402862,520141,467308,1301153,510330,291857
272900,273880,Fountain,3183.0,940060,476375,486440,546466,315851,360325,343168,634165,550367,576199,402862,520141,467308,1301153,510330,291857
272900,274110,Fountainfall,723.0,940060,476375,486440,546466,315851,360325,343168,634165,550367,576922,402862,520141,467308,1301153,510330,291857
274490,275248,Auto,10105.0,950165,476375,486440,546466,315851,360325,343168,634165,550367,576922,402862,520141,467308,1301153,510330,291857
275400,275840,Saber Dance,8103.0,950165,476375,486440,546466,315851,360325,343168,634165,550367,576922,402862,520141,467308,1309256,510330,291857
275400,276020,Reverse Cascade,9038.0,950165,476375,486440,546466,315851,360325,343168,634165,550367,576922,402862,520141,476346,1309256,510330,291857
275400,276200,Cascade,9157.0,950165,485532,486440,546466,315851,360325,343168,634165,550367,576922,402862,520141,476346,1309256,510330,291857
275400,276380,Fountain,9906.0,950165,485532,486440,546466,315851,360325,343168,634165,560273,576922,402862,520141,476346,1309256,510330,291857
275400,276610,Fountainfall,1871.0,950165,485532,486440,546466,315851,360325,343168,634165,560273,578793,402862,520141,476346,1309256,510330,291857
277900,278340,Saber Dance,8965.0,950165,485532,486440,546466,315851,360325,343168,634165,560273,578793,402862,520141,476346,1318221,510330,291857
277610,278368,Auto,10105.0,960270,485532,486440,546466,315851,360325,343168,634165,560273,578793,402862,520141,476346,1318221,510330,291857
277900,278520,Reverse Cascade,6170.0,960270,485532,486440,546466,315851,360325,343168,634165,560273,578793,402862,520141,482516,1318221,510330,291857
277900,278700,Cascade,5045.0,960270,490577,486440,546466,315851,360325,343168,634165,560273,578793,402862,520141,482516,1318221,510330,291857
277900,278880,Fountain,14213.0,960270,490577,486440,546466,315851,360325,343168,634165,574486,578793,402862,520141,482516,1318221,510330,291857
277900,279110,Fountainfall,5935.0,960270,490577,486440,546466,315851,360325,343168,634165,574486,584728,402862,520141,482516,1318221,510330,291857
280400,280840,Saber Dance,9631.0,960270,490577,486440,546466,315851,360325,343168,634165,574486,584728,402862,520141,482516,1327852,510330,291857
280400,281020,Reverse Cascade,3034.0,960270,490577,486440,546466,315851,360325,343168,634165,574486,584728,402862,520141,485550,1327852,510330,291857
280400,281200,Cascade,8535.0,960270,499112,486440,546466,315851,360325,343168,634165,574486,584728,402862,520141,485550,1327852,510330,291857
280400,281380,Fountain,10419.0,960270,499112,486440,546466,315851,360325,343168,634165,584905,584728,402862,520141,485550,1327852,510330,291857
280730,281488,Auto,10105.0,970375,499112,486440,546466,315851,360325,343168,634165,584905,584728,402862,520141,485550,1327852,510330,291857
280400,281610,Fountainfall,8539.0,970375,499112,486440,546466,315851,360325,343168,634165,584905,593267,402862,520141,485550,1327852,510330,291857
281050,281670,Fan Dance,11.0,970375,499112,486440,546466,315862,360325,343168,634165,584905,593267,402862,520141,485550,1327852,510330,291857
281700,282320,Fan Dance III,5.0,970375,499112,486440,546466,315862,360330,343168,634165,584905,593267,402862,520141,485550,1327852,510330,291857
282900,283340,Saber Dance,10767.0,970375,499112,486440,546466,315862,360330,343168,634165,584905,593267,402862,520141,485550,1338619,510330,291857
282900,283520,Reverse Cascade,5331.0,970375,499112,486440,546466,315862,360330,343168,634165,584905,593267,402862,520141,490881,1338619,510330,291857
282900,283700,Cascade,9440.0,970375,508552,486440,546466,315862,360330,343168,634165,584905,593267,402862,520141,490881,1338619,510330,291857
282900,283880,Fountain,8296.0,970375,508552,486440,546466,315862,360330,343168,634165,593201,593267,402862,520141,490881,1338619,510330,291857
282900,284110,Fountainfall,6213.0,970375,508552,486440,546466,315862,360330,343168,634165,593201,599480,402862,520141,490881,1338619,510330,291857
283550,284170,Fan Dance,88.0,970375,508552,486440,546466,315950,360330,343168,634165,593201,599480,402862,520141,490881,1338619,510330,291857
283850,284608,Auto,10105.0,980480,508552,486440,546466,315950,360330,343168,634165,593201,599480,402862,520141,490881,1338619,510330,291857
284200,284820,Fan Dance III,65.0,980480,508552,486440,546466,315950,360395,343168,634165,593201,599480,402862,520141,490881,1338619,510330,291857
286970,287728,Auto,10105.0,990585,508552,486440,546466,315950,360395,343168,634165,593201,599480,402862,520141,490881,1338619,510330,291857
288900,289430,Double Standard Finish,110344.0,990585,508552,486440,656810,315950,360395,343168,634165,593201,599480,402862,520141,490881,1338619,510330,291857
290400,290840,Saber Dance,12568.0,990585,508552,486440,656810,315950,360395,343168,634165,593201,599480,402862,520141,490881,1351187,510330,291857
290090,290848,Auto,10105.0,1000690,508552,486440,656810,315950,360395,343168,634165,593201,599480,402862,520141,490881,1351187,510330,291857
290400,291020,Reverse Cascade,5767.0,1000690,508552,486440,656810,315950,360395,343168,634165,593201,599480,402862,520141,496648,1351187,510330,291857
290400,291200,Cascade,7584.0,1000690,516136,486440,656810,315950,360395,343168,634165,593201,599480,402862,520141,496648,1351187,510330,291857
290400,291380,Fountain,10103.0,1000690,516136,486440,656810,315950,360395,343168,634165,603304,599480,402862,520141,496648,1351187,510330,291857
290400,291610,Fountainfall,5225.0,1000690,516136,486440,656810,315950,360395,343168,634165,603304,604705,402862,520141,496648,1351187,510330,291857
291050,291670,Fan Dance,114.0,1000690,516136,486440,656810,316064,360395,343168,634165,603304,604705,402862,520141,496648,1351187,510330,291857
291700,292320,Fan Dance III,79.0,1000690,516136,486440,656810,316064,360474,343168,634165,603304,604705,402862,520141,496648,1351187,510330,291857
292900,293340,Saber Dance,9764.0,1000690,516136,486440,656810,316064,360474,343168,634165,603304,604705,402862,520141,496648,1360951,510330,291857
292900,293520,Reverse Cascade,5360.0,1000690,516136,486440,656810,316064,360474,343168,634165,603304,604705,402862,520141,502008,1360951,510330,291857
292900,293700,Cascade,7481.0,1000690,523617,486440,656810,316064,360474,343168,634165,603304,604705,402862,520141,502008,1360951,510330,291857
292900,293880,Fountain,11357.0,1000690,523617,486440,656810,316064,360474,343168,634165,614661,604705,402862,520141,502008,1360951,510330,291857
293210,293968,Auto,10105.0,1010795,523617,486440,656810,316064,360474,343168,634165,614661,604705,402862,520141,502008,1360951,510330,291857
292900,294110,Fountainfall,6121.0,1010795,523617,486440,656810,316064,360474,343168,634165,614661,610826,402862,520141,502008,1360951,510330,291857
293550,294170,Fan Dance,306.0,1010795,523617,486440,656810,316370,360474,343168,634165,614661,610826,402862,520141,502008,1360951,510330,291857
294200,294820,Fan Dance III,177.0,1010795,523617,486440,656810,316370,360651,343168,634165,614661,610826,402862,520141,502008,1360951,510330,291857
295400,295840,Saber Dance,9470.0,1010795,523617,486440,656810,316370,360651,343168,634165,614661,610826,402862,520141,502008,1370421,510330,291857
295400,296020,Reverse Cascade,4855.0,1010795,523617,486440,656810,316370,360651,343168,634165,614661,610826,402862,520141,506863,1370421,510330,291857
295400,296200,Cascade,8389.0,1010795,532006,486440,656810,316370,360651,343168,634165,614661,610826,402862,520141,506863,1370421,510330,291857
295400,296380,Fountain,10306.0,1010795,532006,486440,656810,316370,360651,343168,634165,624967,610826,402862,520141,506863,1370421,510330,291857
295400,296610,Fountainfall,6791.0,1010795,532006,486440,656810,316370,360651,343168,634165,624967,617617,402862,520141,506863,1370421,510330,291857
296050,296670,Fan Dance,371.0,1010795,532006,486440,656810,316741,360651,343168,634165,624967,617617,402862,520141,506863,1370421,510330,291857
296330,297088,Auto,10105.0,1020900,532006,486440,656810,316741,360651,343168,634165,624967,617617,402862,520141,506863,1370421,510330,291857
296700,297320,Fan Dance III,265.0,1020900,532006,486440,656810,316741,360916,343168,634165,624967,617617,402862,520141,506863,1370421,510330,291857
297900,298340,Saber Dance,10311.0,1020900,532006,486440,656810,316741,360916,343168,634165,624967,617617,402862,520141,506863,1380732,510330,291857
297900,298520,Reverse Cascade,5069.0,1020900,532006,486440,656810,316741,360916,343168,634165,624967,617617,402862,520141,511932,1380732,510330,291857
297900,298700,Cascade,8589.0,1020900,540595,486440,656810,316741,360916,343168,634165,624967,617617,402862,520141,511932,1380732,510330,291857
297900,298880,Fountain,9983.0,1020900,540595,486440,656810,316741,360916,343168,634165,634950,617617,402862,520141,511932,1380732,510330,291857
297900,299110,Fountainfall,6085.0,1020900,540595,486440,656810,316741,360916,343168,634165,634950,623702,402862,520141,511932,1380732,510330,291857
298550,299170,Fan Dance,495.0,1020900,540595,486440,656810,317236,360916,343168,634165,634950,623702,402862,520141,511932,1380732,510330,291857
299200,299820,Fan Dance III,294.0,1020900,540595,486440,656810,317236,361210,343168,634165,634950,623702,402862,520141,511932,1380732,510330,291857
299450,300208,Auto,10105.0,1031005,540595,486440,656810,317236,361210,343168,634165,634950,623702,402862,520141,511932,1380732,510330,291857
300400,300840,Saber Dance,9813.0,1031005,540595,486440,656810,317236,361210,343168,634165,634950,623702,402862,520141,511932,1390545,510330,291857
300400,301020,Reverse Cascade,5433.0,1031005,540595,486440,656810,317236,361210,343168,634165,634950,623702,402862,520141,517365,1390545,510330,291857
300400,301200,Cascade,7932.0,1031005,548527,486440,656810,317236,361210,343168,634165,634950,623702,402862,520141,517365,1390545,510330,291857
300400,301380,Fountain,10564.0,1031005,548527,486440,656810,317236,361210,343168,634165,645514,623702,402862,520141,517365,1390545,510330,291857
300400,301610,Fountainfall,6266.0,1031005,548527,486440,656810,317236,361210,343168,634165,645514,629968,402862,520141,517365,1390545,510330,291857
301050,301670,Fan Dance,756.0,1031005,548527,486440,656810,317992,361210,343168,634165,645514,629968,402862,520141,517365,1390545,510330,291857
301700,302320,Fan Dance III,462.0,1031005,548527,486440,656810,317992,361672,343168,634165,645514,629968,402862,520141,517365,1390545,510330,291857
302570,303328,Auto,10105.0,1041110,548527,486440,656810,317992,361672,343168,634165,645514,629968,402862,520141,517365,1390545,510330,291857
302900,303340,Saber Dance,11881.0,1041110,548527,486440,656810,317992,361672,343168,634165,645514,629968,402862,520141,517365,1402426,510330,291857
302900,303520,Reverse Cascade,4873.0,1041110,548527,486440,656810,317992,361672,343168,634165,645514,629968,402862,520141,522238,1402426,510330,291857
302900,303700,Cascade,7615.0,1041110,556142,486440,656810,317992,361672,343168,634165,645514,629968,402862,520141,522238,1402426,510330,291857
302900,303880,Fountain,10161.0,1041110,556142,486440,656810,317992,361672,343168,634165,655675,629968,402862,520141,522238,1402426,510330,291857
302900,304110,Fountainfall,6624.0,1041110,556142,486440,656810,317992,361672,343168,634165,655675,636592,402862,520141,522238,1402426,510330,291857
303550,304170,Fan Dance,932.0,1041110,556142,486440,656810,318924,361672,343168,634165,655675,636592,402862,520141,522238,1402426,510330,291857
304200,304820,Fan Dance III,536.0,1041110,556142,486440,656810,318924,362208,343168,634165,655675,636592,402862,520141,522238,1402426,510330,291857
305400,305840,Saber Dance,8699.0,1041110,556142,486440,656810,318924,362208,343168,634165,655675,636592,402862,520141,522238,1411125,510330,291857
305400,306020,Reverse Cascade,4971.0,1041110,556142,486440,656810,318924,362208,343168,634165,655675,636592,402862,520141,527209,1411125,510330,291857
305400,306200,Cascade,8586.0,1041110,564728,486440,656810,318924,362208,343168,634165,655675,636592,402862,520141,527209,1411125,510330,291857
305400,306380,Fountain,10819.0,1041110,564728,486440,656810,318924,362208,343168,634165,666494,636592,402862,520141,527209,1411125,510330,291857
305690,306448,Auto,10105.0,1051215,564728,486440,656810,318924,362208,343168,634165,666494,636592,402862,520141,527209,1411125,510330,291857
305400,306610,Fountainfall,6209.0,1051215,564728,486440,656810,318924,362208,343168,634165,666494,642801,402862,520141,527209,1411125,510330,291857
306050,306670,Fan Dance,1006.0,1051215,564728,486440,656810,319930,362208,343168,634165,666494,642801,402862,520141,527209,1411125,510330,291857
306700,307320,Fan Dance III,665.0,1051215,564728,486440,656810,319930,362873,343168,634165,666494,642801,402862,520141,527209,1411125,510330,291857
307900,308340,Saber Dance,8054.0,1051215,564728,486440,656810,319930,362873,343168,634165,666494,642801,402862,520141,527209,1419179,510330,291857
307900,309110,Fountainfall,6522.0,1051215,564728,486440,656810,319930,362873,343168,634165,666494,649323,402862,520141,527209,1419179,510330,291857
307900,309150,Last Dance,51683.0,1051215,564728,486440,656810,319930,362873,343168,634165,666494,649323,454545,520141,527209,1419179,510330,291857
308810,309568,Auto,10105.0,1061320,564728,486440,656810,319930,362873,343168,634165,666494,649323,454545,520141,527209,1419179,510330,291857
309150,309770,Fan Dance III,28555.0,1061320,564728,486440,656810,319930,391428,343168,634165,666494,649323,454545,520141,527209,1419179,510330,291857
310400,310840,Saber Dance,6140.0,1061320,564728,486440,656810,319930,391428,343168,634165,666494,649323,454545,520141,527209,1425319,510330,291857
311025,311345,Fan Dance IV,49811.0,1061320,564728,486440,656810,319930,391428,392979,634165,666494,649323,454545,520141,527209,1425319,510330,291857
310400,311610,Fountainfall,31245.0,1061320,564728,486440,656810,319930,391428,392979,634165,666494,680568,454545,520141,527209,1425319,510330,291857
311025,311645,Fan Dance,3873.0,1061320,564728,486440,656810,323803,391428,392979,634165,666494,680568,454545,520141,527209,1425319,510330,291857
310400,311650,Last Dance,14328.0,1061320,564728,486440,656810,323803,391428,392979,634165,666494,680568,468873,520141,527209,1425319,510330,291857
311675,311995,Fan Dance IV,4860.0,1061320,564728,486440,656810,323803,391428,397839,634165,666494,680568,468873,520141,527209,1425319,510330,291857
311675,312295,Fan Dance III,2410.0,1061320,564728,486440,656810,323803,393838,397839,634165,666494,680568,468873,520141,527209,1425319,510330,291857
311930,312688,Auto,10105.0,1071425,564728,486440,656810,323803,393838,397839,634165,666494,680568,468873,520141,527209,1425319,510330,291857
312900,313340,Saber Dance,13669.0,1071425,564728,486440,656810,323803,393838,397839,634165,666494,680568,468873,520141,527209,1438988,510330,291857
312900,313520,Reverse Cascade,18876.0,1071425,564728,486440,656810,323803,393838,397839,634165,666494,680568,468873,520141,546085,1438988,510330,291857
313550,313870,Fan Dance IV,3385.0,1071425,564728,486440,656810,323803,393838,401224,634165,666494,680568,468873,520141,546085,1438988,510330,291857
312900,314110,Fountainfall,10031.0,1071425,564728,486440,656810,323803,393838,401224,634165,666494,690599,468873,520141,546085,1438988,510330,291857
312900,314150,Last Dance,4086.0,1071425,564728,486440,656810,323803,393838,401224,634165,666494,690599,472959,520141,546085,1438988,510330,291857
313550,314170,Fan Dance,4646.0,1071425,564728,486440,656810,328449,393838,401224,634165,666494,690599,472959,520141,546085,1438988,510330,291857
314200,314520,Fan Dance IV,931.0,1071425,564728,486440,656810,328449,393838,402155,634165,666494,690599,472959,520141,546085,1438988,510330,291857
314200,314820,Fan Dance III,2764.0,1071425,564728,486440,656810,328449,396602,402155,634165,666494,690599,472959,520141,546085,1438988,510330,291857
314850,315170,Fan Dance IV,722.0,1071425,564728,486440,656810,328449,396602,402877,634165,666494,690599,472959,520141,546085,1438988,510330,291857
315050,315808,Auto,10105.0,1081530,564728,486440,656810,328449,396602,402877,634165,666494,690599,472959,520141,546085,1438988,510330,291857
315400,317450,Finishing Move,110344.0,1081530,564728,486440,656810,328449,396602,402877,744509,666494,690599,472959,520141,546085,1438988,510330,291857
317900,318340,Saber Dance,14924.0,1081530,564728,486440,656810,328449,396602,402877,744509,666494,690599,472959,520141,546085,1453912,510330,291857
317900,318520,Reverse Cascade,16325.0,1081530,564728,486440,656810,328449,396602,402877,744509,666494,690599,472959,520141,562410,1453912,510330,291857
317900,318700,Cascade,4034.0,1081530,568762,486440,656810,328449,396602,402877,744509,666494,690599,472959,520141,562410,1453912,510330,291857
317900,318880,Fountain,4793.0,1081530,568762,486440,656810,328449,396602,402877,744509,671287,690599,472959,520141,562410,1453912,510330,291857
318170,318928,Auto,10105.0,1091635,568762,486440,656810,328449,396602,402877,744509,671287,690599,472959,520141,562410,1453912,510330,291857
317900,319110,Fountainfall,2855.0,1091635,568762,486440,656810,328449,396602,402877,744509,671287,693454,472959,520141,562410,1453912,510330,291857
318550,319170,Fan Dance,3786.0,1091635,568762,486440,656810,332235,396602,402877,744509,671287,693454,472959,520141,562410,1453912,510330,291857
319200,319820,Fan Dance III,2278.0,1091635,568762,486440,656810,332235,398880,402877,744509,671287,693454,472959,520141,562410,1453912,510330,291857
320400,320840,Saber Dance,10185.0,1091635,568762,486440,656810,332235,398880,402877,744509,671287,693454,472959,520141,562410,1464097,510330,291857
320400,321020,Reverse Cascade,8674.0,1091635,568762,486440,656810,332235,398880,402877,744509,671287,693454,472959,520141,571084,1464097,510330,291857
320400,321200,Cascade,7804.0,1091635,576566,486440,656810,332235,398880,402877,744509,671287,693454,472959,520141,571084,1464097,510330,291857
320400,321380,Fountain,9863.0,1091635,576566,486440,656810,332235,398880,402877,744509,681150,693454,472959,520141,571084,1464097,510330,291857
320400,321610,Fountainfall,3146.0,1091635,576566,486440,656810,332235,398880,402877,744509,681150,696600,472959,520141,571084,1464097,510330,291857
321050,321670,Fan Dance,2492.0,1091635,576566,486440,656810,334727,398880,402877,744509,681150,696600,472959,520141,571084,1464097,510330,291857
321290,322048,Auto,10105.0,1101740,576566,486440,656810,334727,398880,402877,744509,681150,696600,472959,520141,571084,1464097,510330,291857
321700,322320,Fan Dance III,1507.0,1101740,576566,486440,656810,334727,400387,402877,744509,681150,696600,472959,520141,571084,1464097,510330,291857
322900,323340,Saber Dance,10683.0,1101740,576566,486440,656810,334727,400387,402877,744509,681150,696600,472959,520141,571084,1474780,510330,291857
322900,323520,Reverse Cascade,5222.0,1101740,576566,486440,656810,334727,400387,402877,744509,681150,696600,472959,520141,576306,1474780,510330,291857
322900,323700,Cascade,8038.0,1101740,584604,486440,656810,334727,400387,402877,744509,681150,696600,472959,520141,576306,1474780,510330,291857
322900,323880,Fountain,10463.0,1101740,584604,486440,656810,334727,400387,402877,744509,691613,696600,472959,520141,576306,1474780,510330,291857
322900,324110,Fountainfall,5935.0,1101740,584604,486440,656810,334727,400387,402877,744509,691613,702535,472959,520141,576306,1474780,510330,291857
323550,324170,Fan Dance,2368.0,1101740,584604,486440,656810,337095,400387,402877,744509,691613,702535,472959,520141,576306,1474780,510330,291857
324200,324820,Fan Dance III,1450.0,1101740,584604,486440,656810,337095,401837,402877,744509,691613,702535,472959,520141,576306,1474780,510330,291857
324410,325168,Auto,10105.0,1111845,584604,486440,656810,337095,401837,402877,744509,691613,702535,472959,520141,576306,1474780,510330,291857
325400,325840,Saber Dance,10598.0,1111845,584604,486440,656810,337095,401837,402877,744509,691613,702535,472959,520141,576306,1485378,510330,291857
325400,326020,Reverse Cascade,5066.0,1111845,584604,486440,656810,337095,401837,402877,744509,691613,702535,472959,520141,581372,1485378,510330,291857
325400,326200,Cascade,8078.0,1111845,592682,486440,656810,337095,401837,402877,744509,691613,702535,472959,520141,581372,1485378,510330,291857
325400,326380,Fountain,10259.0,1111845,592682,486440,656810,337095,401837,402877,744509,701872,702535,472959,520141,581372,1485378,510330,291857
325400,326610,Fountainfall,6363.0,1111845,592682,486440,656810,337095,401837,402877,744509,701872,708898,472959,520141,581372,1485378,510330,291857
326050,326670,Fan Dance,2490.0,1111845,592682,486440,656810,339585,401837,402877,744509,701872,708898,472959,520141,581372,1485378,510330,291857
326700,327320,Fan Dance III,1487.0,1111845,592682,486440,656810,339585,403324,402877,744509,701872,708898,472959,520141,581372,1485378,510330,291857
327530,328288,Auto,10105.0,1121950,592682,486440,656810,339585,403324,402877,744509,701872,708898,472959,520141,581372,1485378,510330,291857
327900,328340,Saber Dance,8762.0,1121950,592682,486440,656810,339585,403324,402877,744509,701872,708898,472959,520141,581372,1494140,510330,291857
327900,328520,Reverse Cascade,5222.0,1121950,592682,486440,656810,339585,403324,402877,744509,701872,708898,472959,520141,586594,1494140,510330,291857
327900,328700,Cascade,8455.0,1121950,601137,486440,656810,339585,403324,402877,744509,701872,708898,472959,520141,586594,1494140,510330,291857
327900,328880,Fountain,10699.0,1121950,601137,486440,656810,339585,403324,402877,744509,712571,708898,472959,520141,586594,1494140,510330,291857
327900,329110,Fountainfall,6213.0,1121950,601137,486440,656810,339585,403324,402877,744509,712571,715111,472959,520141,586594,1494140,510330,291857
328550,329170,Fan Dance,2604.0,1121950,601137,486440,656810,342189,403324,402877,744509,712571,715111,472959,520141,586594,1494140,510330,291857
329200,329820,Fan Dance III,1581.0,1121950,601137,486440,656810,342189,404905,402877,744509,712571,715111,472959,520141,586594,1494140,510330,291857
330400,330840,Saber Dance,8292.0,1121950,601137,486440,656810,342189,404905,402877,744509,712571,715111,472959,520141,586594,1502432,510330,291857
330400,331020,Reverse Cascade,5302.0,1121950,601137,486440,656810,342189,404905,402877,744509,712571,715111,472959,520141,591896,1502432,510330,291857
330400,331200,Cascade,8238.0,1121950,609375,486440,656810,342189,404905,402877,744509,712571,715111,472959,520141,591896,1502432,510330,291857
330400,331380,Fountain,10717.0,1121950,609375,486440,656810,342189,404905,402877,744509,723288,715111,472959,520141,591896,1502432,510330,291857
330650,331408,Auto,10105.0,1132055,609375,486440,656810,342189,404905,402877,744509,723288,715111,472959,520141,591896,1502432,510330,291857
330400,331610,Fountainfall,6725.0,1132055,609375,486440,656810,342189,404905,402877,744509,723288,721836,472959,520141,591896,1502432,510330,291857
331050,331670,Fan Dance,2770.0,1132055,609375,486440,656810,344959,404905,402877,744509,723288,721836,472959,520141,591896,1502432,510330,291857
331700,332320,Fan Dance III,1747.0,1132055,609375,486440,656810,344959,406652,402877,744509,723288,721836,472959,520141,591896,1502432,510330,291857
332900,333340,Saber Dance,10549.0,1132055,609375,486440,656810,344959,406652,402877,744509,723288,721836,472959,520141,591896,1512981,510330,291857
332900,333520,Reverse Cascade,5077.0,1132055,609375,486440,656810,344959,406652,402877,744509,723288,721836,472959,520141,596973,1512981,510330,291857
332900,333700,Cascade,8178.0,1132055,617553,486440,656810,344959,406652,402877,744509,723288,721836,472959,520141,596973,1512981,510330,291857
332900,333880,Fountain,10114.0,1132055,617553,486440,656810,344959,406652,402877,744509,733402,721836,472959,520141,596973,1512981,510330,291857
332900,334110,Fountainfall,6403.0,1132055,617553,486440,656810,344959,406652,402877,744509,733402,728239,472959,520141,596973,1512981,510330,291857
333550,334170,Fan Dance,2744.0,1132055,617553,486440,656810,347703,406652,402877,744509,733402,728239,472959,520141,596973,1512981,510330,291857
333770,334528,Auto,10105.0,1142160,617553,486440,656810,347703,406652,402877,744509,733402,728239,472959,520141,596973,1512981,510330,291857
334200,334820,Fan Dance III,1661.0,1142160,617553,486440,656810,347703,408313,402877,744509,733402,728239,472959,520141,596973,1512981,510330,291857
335400,335840,Saber Dance,8916.0,1142160,617553,486440,656810,347703,408313,402877,744509,733402,728239,472959,520141,596973,1521897,510330,291857
335400,336020,Reverse Cascade,5582.0,1142160,617553,486440,656810,347703,408313,402877,744509,733402,728239,472959,520141,602555,1521897,510330,291857
335400,336200,Cascade,8523.0,1142160,626076,486440,656810,347703,408313,402877,744509,733402,728239,472959,520141,602555,1521897,510330,291857
335400,336380,Fountain,10295.0,1142160,626076,486440,656810,347703,408313,402877,744509,743697,728239,472959,520141,602555,1521897,510330,291857
335400,336610,Fountainfall,6063.0,1142160,626076,486440,656810,347703,408313,402877,744509,743697,734302,472959,520141,602555,1521897,510330,291857
336050,336670,Fan Dance,2861.0,1142160,626076,486440,656810,350564,408313,402877,744509,743697,734302,472959,520141,602555,1521897,510330,291857
336700,337320,Fan Dance III,1704.0,1142160,626076,486440,656810,350564,410017,402877,744509,743697,734302,472959,520141,602555,1521897,510330,291857
336890,337648,Auto,10105.0,1152265,626076,486440,656810,350564,410017,402877,744509,743697,734302,472959,520141,602555,1521897,510330,291857
337900,338340,Saber Dance,9820.0,1152265,626076,486440,656810,350564,410017,402877,744509,743697,734302,472959,520141,602555,1531717,510330,291857
337900,338520,Reverse Cascade,5095.0,1152265,626076,486440,656810,350564,410017,402877,744509,743697,734302,472959,520141,607650,1531717,510330,291857
337900,338700,Cascade,7878.0,1152265,633954,486440,656810,350564,410017,402877,744509,743697,734302,472959,520141,607650,1531717,510330,291857
337900,338880,Fountain,10910.0,1152265,633954,486440,656810,350564,410017,402877,744509,754607,734302,472959,520141,607650,1531717,510330,291857
337900,339110,Fountainfall,6337.0,1152265,633954,486440,656810,350564,410017,402877,744509,754607,740639,472959,520141,607650,1531717,510330,291857
338550,339170,Fan Dance,2917.0,1152265,633954,486440,656810,353481,410017,402877,744509,754607,740639,472959,520141,607650,1531717,510330,291857
339200,339820,Fan Dance III,1824.0,1152265,633954,486440,656810,353481,411841,402877,744509,754607,740639,472959,520141,607650,1531717,510330,291857
340010,340768,Auto,10105.0,1162370,633954,486440,656810,353481,411841,402877,744509,754607,740639,472959,520141,607650,1531717,510330,291857
340400,340840,Saber Dance,10332.0,1162370,633954,486440,656810,353481,411841,402877,744509,754607,740639,472959,520141,607650,1542049,510330,291857
340400,341020,Reverse Cascade,4993.0,1162370,633954,486440,656810,353481,411841,402877,744509,754607,740639,472959,520141,612643,1542049,510330,291857
340400,341200,Cascade,8106.0,1162370,642060,486440,656810,353481,411841,402877,744509,754607,740639,472959,520141,612643,1542049,510330,291857
340400,341380,Fountain,10263.0,1162370,642060,486440,656810,353481,411841,402877,744509,764870,740639,472959,520141,612643,1542049,510330,291857
340400,341610,Fountainfall,6571.0,1162370,642060,486440,656810,353481,411841,402877,744509,764870,747210,472959,520141,612643,1542049,510330,291857
341050,341670,Fan Dance,2950.0,1162370,642060,486440,656810,356431,411841,402877,744509,764870,747210,472959,520141,612643,1542049,510330,291857
342900,343340,Saber Dance,10823.0,1162370,642060,486440,656810,356431,411841,402877,744509,764870,747210,472959,520141,612643,1552872,510330,291857
342900,343520,Reverse Cascade,5207.0,1162370,642060,486440,656810,356431,411841,402877,744509,764870,747210,472959,520141,617850,1552872,510330,291857
342900,343700,Cascade,8129.0,1162370,650189,486440,656810,356431,411841,402877,744509,764870,747210,472959,520141,617850,1552872,510330,291857
342900,343880,Fountain,10063.0,1162370,650189,486440,656810,356431,411841,402877,744509,774933,747210,472959,520141,617850,1552872,510330,291857
343130,343888,Auto,10105.0,1172475,650189,486440,656810,356431,411841,402877,744509,774933,747210,472959,520141,617850,1552872,510330,291857
342900,344110,Fountainfall,6209.0,1172475,650189,486440,656810,356431,411841,402877,744509,774933,753419,472959,520141,617850,1552872,510330,291857
343550,344170,Fan Dance,2934.0,1172475,650189,486440,656810,359365,411841,402877,744509,774933,753419,472959,520141,617850,1552872,510330,291857
346250,347008,Auto,10105.0,1182580,650189,486440,656810,359365,411841,402877,744509,774933,753419,472959,520141,617850,1552872,510330,291857
348900,349430,Double Standard Finish,110344.0,1182580,650189,486440,767154,359365,411841,402877,744509,774933,753419,472959,520141,617850,1552872,510330,291857
349370,350128,Auto,10105.0,1192685,650189,486440,767154,359365,411841,402877,744509,774933,753419,472959,520141,617850,1552872,510330,291857
350400,350840,Saber Dance,12554.0,1192685,650189,486440,767154,359365,411841,402877,744509,774933,753419,472959,520141,617850,1565426,510330,291857
350400,351020,Reverse Cascade,4986.0,1192685,650189,486440,767154,359365,411841,402877,744509,774933,753419,472959,520141,622836,1565426,510330,291857
350400,351200,Cascade,7892.0,1192685,658081,486440,767154,359365,411841,402877,744509,774933,753419,472959,520141,622836,1565426,510330,291857
350400,351380,Fountain,9808.0,1192685,658081,486440,767154,359365,411841,402877,744509,784741,753419,472959,520141,622836,1565426,510330,291857
350400,351610,Fountainfall,6063.0,1192685,658081,486440,767154,359365,411841,402877,744509,784741,759482,472959,520141,622836,1565426,510330,291857
351025,351645,Fan Dance III,294.0,1192685,658081,486440,767154,359365,412135,402877,744509,784741,759482,472959,520141,622836,1565426,510330,291857
351025,351645,Fan Dance,2758.0,1192685,658081,486440,767154,362123,412135,402877,744509,784741,759482,472959,520141,622836,1565426,510330,291857
351675,352295,Fan Dance,240.0,1192685,658081,486440,767154,362363,412135,402877,744509,784741,759482,472959,520141,622836,1565426,510330,291857
352490,353248,Auto,10105.0,1202790,658081,486440,767154,362363,412135,402877,744509,784741,759482,472959,520141,622836,1565426,510330,291857
352900,353340,Saber Dance,9182.0,1202790,658081,486440,767154,362363,412135,402877,744509,784741,759482,472959,520141,622836,1574608,510330,291857
352900,353520,Reverse Cascade,5324.0,1202790,658081,486440,767154,362363,412135,402877,744509,784741,759482,472959,520141,628160,1574608,510330,291857
352900,353700,Cascade,8121.0,1202790,666202,486440,767154,362363,412135,402877,744509,784741,759482,472959,520141,628160,1574608,510330,291857
352900,353880,Fountain,10899.0,1202790,666202,486440,767154,362363,412135,402877,744509,795640,759482,472959,520141,628160,1574608,510330,291857
352900,354110,Fountainfall,6099.0,1202790,666202,486440,767154,362363,412135,402877,744509,795640,765581,472959,520141,628160,1574608,510330,291857
353550,354170,Fan Dance,2649.0,1202790,666202,486440,767154,365012,412135,402877,744509,795640,765581,472959,520141,628160,1574608,510330,291857
353550,354170,Fan Dance III,519.0,1202790,666202,486440,767154,365012,412654,402877,744509,795640,765581,472959,520141,628160,1574608,510330,291857
354200,354820,Fan Dance,425.0,1202790,666202,486440,767154,365437,412654,402877,744509,795640,765581,472959,520141,628160,1574608,510330,291857
355400,355840,Saber Dance,8250.0,1202790,666202,486440,767154,365437,412654,402877,744509,795640,765581,472959,520141,628160,1582858,510330,291857
355400,356020,Reverse Cascade,5146.0,1202790,666202,486440,767154,365437,412654,402877,744509,795640,765581,472959,520141,633306,1582858,510330,291857
355400,356200,Cascade,8475.0,1202790,674677,486440,767154,365437,412654,402877,744509,795640,765581,472959,520141,633306,1582858,510330,291857
355610,356368,Auto,10105.0,1212895,674677,486440,767154,365437,412654,402877,744509,795640,765581,472959,520141,633306,1582858,510330,291857
355400,356380,Fountain,10582.0,1212895,674677,486440,767154,365437,412654,402877,744509,806222,765581,472959,520141,633306,1582858,510330,291857
355400,356610,Fountainfall,6738.0,1212895,674677,486440,767154,365437,412654,402877,744509,806222,772319,472959,520141,633306,1582858,510330,291857
356050,356670,Fan Dance,2501.0,1212895,674677,486440,767154,367938,412654,402877,744509,806222,772319,472959,520141,633306,1582858,510330,291857
356050,356670,Fan Dance III,788.0,1212895,674677,486440,767154,367938,413442,402877,744509,806222,772319,472959,520141,633306,1582858,510330,291857
356700,357320,Fan Dance,644.0,1212895,674677,486440,767154,368582,413442,402877,744509,806222,772319,472959,520141,633306,1582858,510330,291857
357900,358340,Saber Dance,10045.0,1212895,674677,486440,767154,368582,413442,402877,744509,806222,772319,472959,520141,633306,1592903,510330,291857
357900,358520,Reverse Cascade,5142.0,1212895,674677,486440,767154,368582,413442,402877,744509,806222,772319,472959,520141,638448,1592903,510330,291857
357900,358700,Cascade,8184.0,1212895,682861,486440,767154,368582,413442,402877,744509,806222,772319,472959,520141,638448,1592903,510330,291857
357900,358880,Fountain,10306.0,1212895,682861,486440,767154,368582,413442,402877,744509,816528,772319,472959,520141,638448,1592903,510330,291857
357900,359110,Fountainfall,6399.0,1212895,682861,486440,767154,368582,413442,402877,744509,816528,778718,472959,520141,638448,1592903,510330,291857
358550,359170,Fan Dance,2326.0,1212895,682861,486440,767154,370908,413442,402877,744509,816528,778718,472959,520141,638448,1592903,510330,291857
358550,359170,Fan Dance III,988.0,1212895,682861,486440,767154,370908,414430,402877,744509,816528,778718,472959,520141,638448,1592903,510330,291857
358730,359488,Auto,10105.0,1223000,682861,486440,767154,370908,414430,402877,744509,816528,778718,472959,520141,638448,1592903,510330,291857
359200,359820,Fan Dance,808.0,1223000,682861,486440,767154,371716,414430,402877,744509,816528,778718,472959,520141,638448,1592903,510330,291857
361850,362608,Auto,10105.0,1233105,682861,486440,767154,371716,414430,402877,744509,816528,778718,472959,520141,638448,1592903,510330,291857
364970,365728,Auto,10937.0,1244042,682861,486440,767154,371716,414430,402877,744509,816528,778718,472959,520141,638448,1592903,510330,291857
366400,366935,Quadruple Technical Finish,182613.0,1244042,682861,486440,767154,371716,414430,402877,744509,816528,778718,472959,702754,638448,1592903,510330,291857
367900,368740,Tillana,37145.0,1244042,682861,486440,767154,371716,414430,402877,744509,816528,778718,472959,702754,638448,1592903,510330,329002
367900,368790,Starfall Dance,45885.0,1244042,682861,486440,767154,371716,414430,402877,744509,816528,778718,472959,702754,638448,1592903,556215,329002
368090,368848,Auto,13297.0,1257339,682861,486440,767154,371716,414430,402877,744509,816528,778718,472959,702754,638448,1592903,556215,329002
369150,369770,Fan Dance III,37565.0,1257339,682861,486440,767154,371716,451995,402877,744509,816528,778718,472959,702754,638448,1592903,556215,329002
367900,370260,Dance of the Dawn,65137.0,1257339,682861,551577,767154,371716,451995,402877,744509,816528,778718,472959,702754,638448,1592903,556215,329002
371025,371345,Fan Dance IV,55492.0,1257339,682861,551577,767154,371716,451995,458369,744509,816528,778718,472959,702754,638448,1592903,556215,329002
371025,371645,Fan Dance III,11029.0,1257339,682861,551577,767154,371716,463024,458369,744509,816528,778718,472959,702754,638448,1592903,556215,329002
370400,371650,Last Dance,92216.0,1257339,682861,551577,767154,371716,463024,458369,744509,816528,778718,565175,702754,638448,1592903,556215,329002
371210,371968,Auto,13297.0,1270636,682861,551577,767154,371716,463024,458369,744509,816528,778718,565175,702754,638448,1592903,556215,329002
371650,371970,Fan Dance IV,23064.0,1270636,682861,551577,767154,371716,463024,481433,744509,816528,778718,565175,702754,638448,1592903,556215,329002
371650,372270,Fan Dance,21673.0,1270636,682861,551577,767154,393389,463024,481433,744509,816528,778718,565175,702754,638448,1592903,556215,329002
372900,373340,Saber Dance,1678.0,1270636,682861,551577,767154,393389,463024,481433,744509,816528,778718,565175,702754,638448,1594581,556215,329002
372900,373740,Tillana,12634.0,1270636,682861,551577,767154,393389,463024,481433,744509,816528,778718,565175,702754,638448,1594581,556215,341636
372900,373790,Starfall Dance,42983.0,1270636,682861,551577,767154,393389,463024,481433,744509,816528,778718,565175,702754,638448,1594581,599198,341636
372900,374110,Fountainfall,1103.0,1270636,682861,551577,767154,393389,463024,481433,744509,816528,779821,565175,702754,638448,1594581,599198,341636
373525,374145,Fan Dance III,13174.0,1270636,682861,551577,767154,393389,476198,481433,744509,816528,779821,565175,702754,638448,1594581,599198,341636
373525,374145,Fan Dance,19777.0,1270636,682861,551577,767154,413166,476198,481433,744509,816528,779821,565175,702754,638448,1594581,599198,341636
374150,374770,Fan Dance III,12114.0,1270636,682861,551577,767154,413166,488312,481433,744509,816528,779821,565175,702754,638448,1594581,599198,341636
374150,374770,Fan Dance,20229.0,1270636,682861,551577,767154,433395,488312,481433,744509,816528,779821,565175,702754,638448,1594581,599198,341636
374330,375088,Auto,13297.0,1283933,682861,551577,767154,433395,488312,481433,744509,816528,779821,565175,702754,638448,1594581,599198,341636
372900,375260,Dance of the Dawn,102402.0,1283933,682861,653979,767154,433395,488312,481433,744509,816528,779821,565175,702754,638448,1594581,599198,341636
374800,375420,Fan Dance,17026.0,1283933,682861,653979,767154,450421,488312,481433,744509,816528,779821,565175,702754,638448,1594581,599198,341636
374800,375420,Fan Dance III,12250.0,1283933,682861,653979,767154,450421,500562,481433,744509,816528,779821,565175,702754,638448,1594581,599198,341636
376025,376645,Fan Dance III,10153.0,1283933,682861,653979,767154,450421,510715,481433,744509,816528,779821,565175,702754,638448,1594581,599198,341636
376025,376645,Fan Dance,9521.0,1283933,682861,653979,767154,459942,510715,481433,744509,816528,779821,565175,702754,638448,1594581,599198,341636
376650,377270,Fan Dance III,5893.0,1283933,682861,653979,767154,459942,516608,481433,744509,816528,779821,565175,702754,638448,1594581,599198,341636
376650,377270,Fan Dance,2381.0,1283933,682861,653979,767154,462323,516608,481433,744509,816528,779821,565175,702754,638448,1594581,599198,341636
375400,377450,Finishing Move,145163.0,1283933,682861,653979,767154,462323,516608,481433,889672,816528,779821,565175,702754,638448,1594581,599198,341636
377450,378208,Auto,13297.0,1297230,682861,653979,767154,462323,516608,481433,889672,816528,779821,565175,702754,638448,1594581,599198,341636
377900,378340,Saber Dance,59341.0,1297230,682861,653979,767154,462323,516608,481433,889672,816528,779821,565175,702754,638448,1653922,599198,341636
377900,378520,Reverse Cascade,9.0,1297230,682861,653979,767154,462323,516608,481433,889672,816528,779821,565175,702754,638457,1653922,599198,341636
377900,378740,Tillana,4088.0,1297230,682861,653979,767154,462323,516608,481433,889672,816528,779821,565175,702754,638457,1653922,599198,345724
377900,378790,Starfall Dance,40958.0,1297230,682861,653979,767154,462323,516608,481433,889672,816528,779821,565175,702754,638457,1653922,640156,345724
377900,379110,Fountainfall,4006.0,1297230,682861,653979,767154,462323,516608,481433,889672,816528,783827,565175,702754,638457,1653922,640156,345724
378525,379145,Fan Dance,1048.0,1297230,682861,653979,767154,463371,516608,481433,889672,816528,783827,565175,702754,638457,1653922,640156,345724
378525,379145,Fan Dance III,1487.0,1297230,682861,653979,767154,463371,518095,481433,889672,816528,783827,565175,702754,638457,1653922,640156,345724
379175,379795,Fan Dance,58.0,1297230,682861,653979,767154,463429,518095,481433,889672,816528,783827,565175,702754,638457,1653922,640156,345724
379175,379795,Fan Dance III,608.0,1297230,682861,653979,767154,463429,518703,481433,889672,816528,783827,565175,702754,638457,1653922,640156,345724
377900,380260,Dance of the Dawn,3210.0,1297230,682861,657189,767154,463429,518703,481433,889672,816528,783827,565175,702754,638457,1653922,640156,345724
380400,380840,Saber Dance,45564.0,1297230,682861,657189,767154,463429,518703,481433,889672,816528,783827,565175,702754,638457,1699486,640156,345724
380400,381020,Reverse Cascade,549.0,1297230,682861,657189,767154,463429,518703,481433,889672,816528,783827,565175,702754,639006,1699486,640156,345724
380400,381240,Tillana,14171.0,1297230,682861,657189,767154,463429,518703,481433,889672,816528,783827,565175,702754,639006,1699486,640156,359895
380400,381290,Starfall Dance,44488.0,1297230,682861,657189,767154,463429,518703,481433,889672,816528,783827,565175,702754,639006,1699486,684644,359895
380570,381328,Auto,13297.0,1310527,682861,657189,767154,463429,518703,481433,889672,816528,783827,565175,702754,639006,1699486,684644,359895
380400,381610,Fountainfall,6247.0,1310527,682861,657189,767154,463429,518703,481433,889672,816528,790074,565175,702754,639006,1699486,684644,359895
381050,381670,Fan Dance III,26.0,1310527,682861,657189,767154,463429,518729,481433,889672,816528,790074,565175,702754,639006,1699486,684644,359895
381050,381670,Fan Dance,1960.0,1310527,682861,657189,767154,465389,518729,481433,889672,816528,790074,565175,702754,639006,1699486,684644,359895
381700,382320,Fan Dance III,1160.0,1310527,682861,657189,767154,465389,519889,481433,889672,816528,790074,565175,702754,639006,1699486,684644,359895
381700,382320,Fan Dance,3.0,1310527,682861,657189,767154,465392,519889,481433,889672,816528,790074,565175,702754,639006,1699486,684644,359895
380400,382760,Dance of the Dawn,34.0,1310527,682861,657223,767154,465392,519889,481433,889672,816528,790074,565175,702754,639006,1699486,684644,359895
382900,383340,Saber Dance,59553.0,1310527,682861,657223,767154,465392,519889,481433,889672,816528,790074,565175,702754,639006,1759039,684644,359895
382900,383520,Reverse Cascade,1405.0,1310527,682861,657223,767154,465392,519889,481433,889672,816528,790074,565175,702754,640411,1759039,684644,359895
382900,383740,Tillana,12829.0,1310527,682861,657223,767154,465392,519889,481433,889672,816528,790074,565175,702754,640411,1759039,684644,372724
382900,383790,Starfall Dance,4586.0,1310527,682861,657223,767154,465392,519889,481433,889672,816528,790074,565175,702754,640411,1759039,689230,372724
382900,383880,Fountain,14.0,1310527,682861,657223,767154,465392,519889,481433,889672,816542,790074,565175,702754,640411,1759039,689230,372724
382900,384110,Fountainfall,10085.0,1310527,682861,657223,767154,465392,519889,481433,889672,816542,800159,565175,702754,640411,1759039,689230,372724
383550,384170,Fan Dance,3141.0,1310527,682861,657223,767154,468533,519889,481433,889672,816542,800159,565175,702754,640411,1759039,689230,372724
383690,384448,Auto,13297.0,1323824,682861,657223,767154,468533,519889,481433,889672,816542,800159,565175,702754,640411,1759039,689230,372724
384200,384820,Fan Dance III,1923.0,1323824,682861,657223,767154,468533,521812,481433,889672,816542,800159,565175,702754,640411,1759039,689230,372724
385400,385840,Saber Dance,39376.0,1323824,682861,657223,767154,468533,521812,481433,889672,816542,800159,565175,702754,640411,1798415,689230,372724
385400,386020,Reverse Cascade,1793.0,1323824,682861,657223,767154,468533,521812,481433,889672,816542,800159,565175,702754,642204,1798415,689230,372724
385400,386240,Tillana,21600.0,1323824,682861,657223,767154,468533,521812,481433,889672,816542,800159,565175,702754,642204,1798415,689230,394324
385400,386290,Starfall Dance,268.0,1323824,682861,657223,767154,468533,521812,481433,889672,816542,800159,565175,702754,642204,1798415,689498,394324
385400,386380,Fountain,4.0,1323824,682861,657223,767154,468533,521812,481433,889672,816546,800159,565175,702754,642204,1798415,689498,394324
385400,386610,Fountainfall,18759.0,1323824,682861,657223,767154,468533,521812,481433,889672,816546,818918,565175,702754,642204,1798415,689498,394324
386050,386670,Fan Dance,5544.0,1323824,682861,657223,767154,474077,521812,481433,889672,816546,818918,565175,702754,642204,1798415,689498,394324
386700,387320,Fan Dance III,3305.0,1323824,682861,657223,767154,474077,525117,481433,889672,816546,818918,565175,702754,642204,1798415,689498,394324
386810,387568,Auto,13297.0,1337121,682861,657223,767154,474077,525117,481433,889672,816546,818918,565175,702754,642204,1798415,689498,394324
387900,388340,Saber Dance,36376.0,1337121,682861,657223,767154,474077,525117,481433,889672,816546,818918,565175,702754,642204,1834791,689498,394324
387900,388520,Reverse Cascade,9332.0,1337121,682861,657223,767154,474077,525117,481433,889672,816546,818918,565175,702754,651536,1834791,689498,394324
387900,388700,Cascade,244.0,1337121,683105,657223,767154,474077,525117,481433,889672,816546,818918,565175,702754,651536,1834791,689498,394324
387900,389110,Fountainfall,13142.0,1337121,683105,657223,767154,474077,525117,481433,889672,816546,832060,565175,702754,651536,1834791,689498,394324
389930,390688,Auto,10937.0,1348058,683105,657223,767154,474077,525117,481433,889672,816546,832060,565175,702754,651536,1834791,689498,394324
390400,390840,Saber Dance,18211.0,1348058,683105,657223,767154,474077,525117,481433,889672,816546,832060,565175,702754,651536,1853002,689498,394324
390400,391020,Reverse Cascade,18239.0,1348058,683105,657223,767154,474077,525117,481433,889672,816546,832060,565175,702754,669775,1853002,689498,394324
390400,391200,Cascade,5709.0,1348058,688814,657223,767154,474077,525117,481433,889672,816546,832060,565175,702754,669775,1853002,689498,394324
390400,391380,Fountain,141.0,1348058,688814,657223,767154,474077,525117,481433,889672,816687,832060,565175,702754,669775,1853002,689498,394324
390400,391610,Fountainfall,5143.0,1348058,688814,657223,767154,474077,525117,481433,889672,816687,837203,565175,702754,669775,1853002,689498,394324
392900,393340,Saber Dance,8306.0,1348058,688814,657223,767154,474077,525117,481433,889672,816687,837203,565175,702754,669775,1861308,689498,394324
392900,393520,Reverse Cascade,10713.0,1348058,688814,657223,767154,474077,525117,481433,889672,816687,837203,565175,702754,680488,1861308,689498,394324
392900,393700,Cascade,13863.0,1348058,702677,657223,767154,474077,525117,481433,889672,816687,837203,565175,702754,680488,1861308,689498,394324
393050,393808,Auto,10105.0,1358163,702677,657223,767154,474077,525117,481433,889672,816687,837203,565175,702754,680488,1861308,689498,394324
392900,393880,Fountain,3070.0,1358163,702677,657223,767154,474077,525117,481433,889672,819757,837203,565175,702754,680488,1861308,689498,394324
392900,394110,Fountainfall,737.0,1358163,702677,657223,767154,474077,525117,481433,889672,819757,837940,565175,702754,680488,1861308,689498,394324
395400,395840,Saber Dance,9947.0,1358163,702677,657223,767154,474077,525117,481433,889672,819757,837940,565175,702754,680488,1871255,689498,394324
395400,396020,Reverse Cascade,9074.0,1358163,702677,657223,767154,474077,525117,481433,889672,819757,837940,565175,702754,689562,1871255,689498,394324
395400,396200,Cascade,8840.0,1358163,711517,657223,767154,474077,525117,481433,889672,819757,837940,565175,702754,689562,1871255,689498,394324
395400,396380,Fountain,9336.0,1358163,711517,657223,767154,474077,525117,481433,889672,829093,837940,565175,702754,689562,1871255,689498,394324
395400,396610,Fountainfall,1849.0,1358163,711517,657223,767154,474077,525117,481433,889672,829093,839789,565175,702754,689562,1871255,689498,394324
396170,396928,Auto,10105.0,1368268,711517,657223,767154,474077,525117,481433,889672,829093,839789,565175,702754,689562,1871255,689498,394324
397900,398340,Saber Dance,7823.0,1368268,711517,657223,767154,474077,525117,481433,889672,829093,839789,565175,702754,689562,1879078,689498,394324
397900,398520,Reverse Cascade,6679.0,1368268,711517,657223,767154,474077,525117,481433,889672,829093,839789,565175,702754,696241,1879078,689498,394324
397900,398700,Cascade,4988.0,1368268,716505,657223,767154,474077,525117,481433,889672,829093,839789,565175,702754,696241,1879078,689498,394324
397900,398880,Fountain,14591.0,1368268,716505,657223,767154,474077,525117,481433,889672,843684,839789,565175,702754,696241,1879078,689498,394324
397900,399110,Fountainfall,5666.0,1368268,716505,657223,767154,474077,525117,481433,889672,843684,845455,565175,702754,696241,1879078,689498,394324
399290,400048,Auto,10105.0,1378373,716505,657223,767154,474077,525117,481433,889672,843684,845455,565175,702754,696241,1879078,689498,394324
400400,400840,Saber Dance,9007.0,1378373,716505,657223,767154,474077,525117,481433,889672,843684,845455,565175,702754,696241,1888085,689498,394324
400400,401020,Reverse Cascade,2914.0,1378373,716505,657223,767154,474077,525117,481433,889672,843684,845455,565175,702754,699155,1888085,689498,394324
400400,401200,Cascade,8495.0,1378373,725000,657223,767154,474077,525117,481433,889672,843684,845455,565175,702754,699155,1888085,689498,394324
400400,401380,Fountain,10768.0,1378373,725000,657223,767154,474077,525117,481433,889672,854452,845455,565175,702754,699155,1888085,689498,394324
400400,401610,Fountainfall,8716.0,1378373,725000,657223,767154,474077,525117,481433,889672,854452,854171,565175,702754,699155,1888085,689498,394324
401050,401670,Fan Dance,18.0,1378373,725000,657223,767154,474095,525117,481433,889672,854452,854171,565175,702754,699155,1888085,689498,394324
401700,402320,Fan Dance III,8.0,1378373,725000,657223,767154,474095,525125,481433,889672,854452,854171,565175,702754,699155,1888085,689498,394324
402410,403168,Auto,10105.0,1388478,725000,657223,767154,474095,525125,481433,889672,854452,854171,565175,702754,699155,1888085,689498,394324
402900,403340,Saber Dance,10087.0,1388478,725000,657223,767154,474095,525125,481433,889672,854452,854171,565175,702754,699155,1898172,689498,394324
402900,403520,Reverse Cascade,5262.0,1388478,725000,657223,767154,474095,525125,481433,889672,854452,854171,565175,702754,704417,1898172,689498,394324
402900,403700,Cascade,9743.0,1388478,734743,657223,767154,474095,525125,481433,889672,854452,854171,565175,702754,704417,1898172,689498,394324
402900,403880,Fountain,8213.0,1388478,734743,657223,767154,474095,525125,481433,889672,862665,854171,565175,702754,704417,1898172,689498,394324
402900,404110,Fountainfall,6359.0,1388478,734743,657223,767154,474095,525125,481433,889672,862665,860530,565175,702754,704417,1898172,689498,394324
403550,404170,Fan Dance,98.0,1388478,734743,657223,767154,474193,525125,481433,889672,862665,860530,565175,702754,704417,1898172,689498,394324
404200,404820,Fan Dance III,59.0,1388478,734743,657223,767154,474193,525184,481433,889672,862665,860530,565175,702754,704417,1898172,689498,394324
405530,406288,Auto,10105.0,1398583,734743,657223,767154,474193,525184,481433,889672,862665,860530,565175,702754,704417,1898172,689498,394324
408650,409408,Auto,10105.0,1408688,734743,657223,767154,474193,525184,481433,889672,862665,860530,565175,702754,704417,1898172,689498,394324
408900,409430,Double Standard Finish,110344.0,1408688,734743,657223,877498,474193,525184,481433,889672,862665,860530,565175,702754,704417,1898172,689498,394324
410400,410840,Saber Dance,13101.0,1408688,734743,657223,877498,474193,525184,481433,889672,862665,860530,565175,702754,704417,1911273,689498,394324
410400,411020,Reverse Cascade,5923.0,1408688,734743,657223,877498,474193,525184,481433,889672,862665,860530,565175,702754,710340,1911273,689498,394324
410400,411200,Cascade,7415.0,1408688,742158,657223,877498,474193,525184,481433,889672,862665,860530,565175,702754,710340,1911273,689498,394324
410400,411380,Fountain,10154.0,1408688,742158,657223,877498,474193,525184,481433,889672,872819,860530,565175,702754,710340,1911273,689498,394324
410400,411610,Fountainfall,4898.0,1408688,742158,657223,877498,474193,525184,481433,889672,872819,865428,565175,702754,710340,1911273,689498,394324
411050,411670,Fan Dance,156.0,1408688,742158,657223,877498,474349,525184,481433,889672,872819,865428,565175,702754,710340,1911273,689498,394324
411700,412320,Fan Dance III,99.0,1408688,742158,657223,877498,474349,525283,481433,889672,872819,865428,565175,702754,710340,1911273,689498,394324
411770,412528,Auto,10105.0,1418793,742158,657223,877498,474349,525283,481433,889672,872819,865428,565175,702754,710340,1911273,689498,394324
412900,413340,Saber Dance,11412.0,1418793,742158,657223,877498,474349,525283,481433,889672,872819,865428,565175,702754,710340,1922685,689498,394324
412900,413520,Reverse Cascade,5193.0,1418793,742158,657223,877498,474349,525283,481433,889672,872819,865428,565175,702754,715533,1922685,689498,394324
412900,413700,Cascade,7390.0,1418793,749548,657223,877498,474349,525283,481433,889672,872819,865428,565175,702754,715533,1922685,689498,394324
412900,413880,Fountain,10782.0,1418793,749548,657223,877498,474349,525283,481433,889672,883601,865428,565175,702754,715533,1922685,689498,394324
412900,414110,Fountainfall,6125.0,1418793,749548,657223,877498,474349,525283,481433,889672,883601,871553,565175,702754,715533,1922685,689498,394324
413550,414170,Fan Dance,329.0,1418793,749548,657223,877498,474678,525283,481433,889672,883601,871553,565175,702754,715533,1922685,689498,394324
414200,414820,Fan Dance III,188.0,1418793,749548,657223,877498,474678,525471,481433,889672,883601,871553,565175,702754,715533,1922685,689498,394324
414890,415648,Auto,10105.0,1428898,749548,657223,877498,474678,525471,481433,889672,883601,871553,565175,702754,715533,1922685,689498,394324
415400,415840,Saber Dance,11615.0,1428898,749548,657223,877498,474678,525471,481433,889672,883601,871553,565175,702754,715533,1934300,689498,394324
415400,416020,Reverse Cascade,4768.0,1428898,749548,657223,877498,474678,525471,481433,889672,883601,871553,565175,702754,720301,1934300,689498,394324
415400,416200,Cascade,7887.0,1428898,757435,657223,877498,474678,525471,481433,889672,883601,871553,565175,702754,720301,1934300,689498,394324
415400,416380,Fountain,10179.0,1428898,757435,657223,877498,474678,525471,481433,889672,893780,871553,565175,702754,720301,1934300,689498,394324
415400,416610,Fountainfall,6478.0,1428898,757435,657223,877498,474678,525471,481433,889672,893780,878031,565175,702754,720301,1934300,689498,394324
416050,416670,Fan Dance,404.0,1428898,757435,657223,877498,475082,525471,481433,889672,893780,878031,565175,702754,720301,1934300,689498,394324
416700,417320,Fan Dance III,265.0,1428898,757435,657223,877498,475082,525736,481433,889672,893780,878031,565175,702754,720301,1934300,689498,394324
417900,418340,Saber Dance,10648.0,1428898,757435,657223,877498,475082,525736,481433,889672,893780,878031,565175,702754,720301,1944948,689498,394324
417900,418520,Reverse Cascade,5015.0,1428898,757435,657223,877498,475082,525736,481433,889672,893780,878031,565175,702754,725316,1944948,689498,394324
417900,418700,Cascade,8552.0,1428898,765987,657223,877498,475082,525736,481433,889672,893780,878031,565175,702754,725316,1944948,689498,394324
418010,418768,Auto,10105.0,1439003,765987,657223,877498,475082,525736,481433,889672,893780,878031,565175,702754,725316,1944948,689498,394324
417900,418880,Fountain,9837.0,1439003,765987,657223,877498,475082,525736,481433,889672,903617,878031,565175,702754,725316,1944948,689498,394324
417900,419110,Fountainfall,6174.0,1439003,765987,657223,877498,475082,525736,481433,889672,903617,884205,565175,702754,725316,1944948,689498,394324
418550,419170,Fan Dance,546.0,1439003,765987,657223,877498,475628,525736,481433,889672,903617,884205,565175,702754,725316,1944948,689498,394324
419200,419820,Fan Dance III,339.0,1439003,765987,657223,877498,475628,526075,481433,889672,903617,884205,565175,702754,725316,1944948,689498,394324
420400,420840,Saber Dance,7963.0,1439003,765987,657223,877498,475628,526075,481433,889672,903617,884205,565175,702754,725316,1952911,689498,394324
420400,421020,Reverse Cascade,5691.0,1439003,765987,657223,877498,475628,526075,481433,889672,903617,884205,565175,702754,731007,1952911,689498,394324
420400,421200,Cascade,8458.0,1439003,774445,657223,877498,475628,526075,481433,889672,903617,884205,565175,702754,731007,1952911,689498,394324
420400,421380,Fountain,10870.0,1439003,774445,657223,877498,475628,526075,481433,889672,914487,884205,565175,702754,731007,1952911,689498,394324
420400,421610,Fountainfall,5935.0,1439003,774445,657223,877498,475628,526075,481433,889672,914487,890140,565175,702754,731007,1952911,689498,394324
421050,421670,Fan Dance,726.0,1439003,774445,657223,877498,476354,526075,481433,889672,914487,890140,565175,702754,731007,1952911,689498,394324
421130,421888,Auto,10105.0,1449108,774445,657223,877498,476354,526075,481433,889672,914487,890140,565175,702754,731007,1952911,689498,394324
421700,422320,Fan Dance III,419.0,1449108,774445,657223,877498,476354,526494,481433,889672,914487,890140,565175,702754,731007,1952911,689498,394324
422900,423340,Saber Dance,9512.0,1449108,774445,657223,877498,476354,526494,481433,889672,914487,890140,565175,702754,731007,1962423,689498,394324
422900,423520,Reverse Cascade,5149.0,1449108,774445,657223,877498,476354,526494,481433,889672,914487,890140,565175,702754,736156,1962423,689498,394324
422900,423700,Cascade,7824.0,1449108,782269,657223,877498,476354,526494,481433,889672,914487,890140,565175,702754,736156,1962423,689498,394324
422900,423880,Fountain,10819.0,1449108,782269,657223,877498,476354,526494,481433,889672,925306,890140,565175,702754,736156,1962423,689498,394324
422900,424110,Fountainfall,6659.0,1449108,782269,657223,877498,476354,526494,481433,889672,925306,896799,565175,702754,736156,1962423,689498,394324
423550,424170,Fan Dance,894.0,1449108,782269,657223,877498,477248,526494,481433,889672,925306,896799,565175,702754,736156,1962423,689498,394324
424200,424820,Fan Dance III,491.0,1449108,782269,657223,877498,477248,526985,481433,889672,925306,896799,565175,702754,736156,1962423,689498,394324
424250,425008,Auto,10105.0,1459213,782269,657223,877498,477248,526985,481433,889672,925306,896799,565175,702754,736156,1962423,689498,394324
425400,425840,Saber Dance,8432.0,1459213,782269,657223,877498,477248,526985,481433,889672,925306,896799,565175,702754,736156,1970855,689498,394324
425400,426020,Reverse Cascade,5262.0,1459213,782269,657223,877498,477248,526985,481433,889672,925306,896799,565175,702754,741418,1970855,689498,394324
425400,426200,Cascade,8483.0,1459213,790752,657223,877498,477248,526985,481433,889672,925306,896799,565175,702754,741418,1970855,689498,394324
425400,426380,Fountain,10444.0,1459213,790752,657223,877498,477248,526985,481433,889672,935750,896799,565175,702754,741418,1970855,689498,394324
425400,426610,Fountainfall,6637.0,1459213,790752,657223,877498,477248,526985,481433,889672,935750,903436,565175,702754,741418,1970855,689498,394324
426050,426670,Fan Dance,1067.0,1459213,790752,657223,877498,478315,526985,481433,889672,935750,903436,565175,702754,741418,1970855,689498,394324
426700,427320,Fan Dance III,631.0,1459213,790752,657223,877498,478315,527616,481433,889672,935750,903436,565175,702754,741418,1970855,689498,394324
427370,428128,Auto,10105.0,1469318,790752,657223,877498,478315,527616,481433,889672,935750,903436,565175,702754,741418,1970855,689498,394324
427900,428340,Saber Dance,8383.0,1469318,790752,657223,877498,478315,527616,481433,889672,935750,903436,565175,702754,741418,1979238,689498,394324
427900,429110,Fountainfall,6262.0,1469318,790752,657223,877498,478315,527616,481433,889672,935750,909698,565175,702754,741418,1979238,689498,394324
427900,429150,Last Dance,51768.0,1469318,790752,657223,877498,478315,527616,481433,889672,935750,909698,616943,702754,741418,1979238,689498,394324
429150,429770,Fan Dance III,28555.0,1469318,790752,657223,877498,478315,556171,481433,889672,935750,909698,616943,702754,741418,1979238,689498,394324
430400,430840,Saber Dance,6238.0,1469318,790752,657223,877498,478315,556171,481433,889672,935750,909698,616943,702754,741418,1985476,689498,394324
430490,431248,Auto,10105.0,1479423,790752,657223,877498,478315,556171,481433,889672,935750,909698,616943,702754,741418,1985476,689498,394324
431025,431345,Fan Dance IV,49423.0,1479423,790752,657223,877498,478315,556171,530856,889672,935750,909698,616943,702754,741418,1985476,689498,394324
430400,431610,Fountainfall,31258.0,1479423,790752,657223,877498,478315,556171,530856,889672,935750,940956,616943,702754,741418,1985476,689498,394324
431025,431645,Fan Dance,4024.0,1479423,790752,657223,877498,482339,556171,530856,889672,935750,940956,616943,702754,741418,1985476,689498,394324
430400,431650,Last Dance,14209.0,1479423,790752,657223,877498,482339,556171,530856,889672,935750,940956,631152,702754,741418,1985476,689498,394324
431675,431995,Fan Dance IV,4997.0,1479423,790752,657223,877498,482339,556171,535853,889672,935750,940956,631152,702754,741418,1985476,689498,394324
431675,432295,Fan Dance III,2530.0,1479423,790752,657223,877498,482339,558701,535853,889672,935750,940956,631152,702754,741418,1985476,689498,394324
432900,433340,Saber Dance,13220.0,1479423,790752,657223,877498,482339,558701,535853,889672,935750,940956,631152,702754,741418,1998696,689498,394324
432900,433520,Reverse Cascade,19050.0,1479423,790752,657223,877498,482339,558701,535853,889672,935750,940956,631152,702754,760468,1998696,689498,394324
433550,433870,Fan Dance IV,3505.0,1479423,790752,657223,877498,482339,558701,539358,889672,935750,940956,631152,702754,760468,1998696,689498,394324
432900,434110,Fountainfall,10079.0,1479423,790752,657223,877498,482339,558701,539358,889672,935750,951035,631152,702754,760468,1998696,689498,394324
432900,434150,Last Dance,4121.0,1479423,790752,657223,877498,482339,558701,539358,889672,935750,951035,635273,702754,760468,1998696,689498,394324
433550,434170,Fan Dance,4676.0,1479423,790752,657223,877498,487015,558701,539358,889672,935750,951035,635273,702754,760468,1998696,689498,394324
433610,434368,Auto,10105.0,1489528,790752,657223,877498,487015,558701,539358,889672,935750,951035,635273,702754,760468,1998696,689498,394324
434200,434520,Fan Dance IV,925.0,1489528,790752,657223,877498,487015,558701,540283,889672,935750,951035,635273,702754,760468,1998696,689498,394324
434200,434820,Fan Dance III,2861.0,1489528,790752,657223,877498,487015,561562,540283,889672,935750,951035,635273,702754,760468,1998696,689498,394324
434850,435170,Fan Dance IV,859.0,1489528,790752,657223,877498,487015,561562,541142,889672,935750,951035,635273,702754,760468,1998696,689498,394324
435400,437450,Finishing Move,110344.0,1489528,790752,657223,877498,487015,561562,541142,1000016,935750,951035,635273,702754,760468,1998696,689498,394324
436730,437488,Auto,10105.0,1499633,790752,657223,877498,487015,561562,541142,1000016,935750,951035,635273,702754,760468,1998696,689498,394324
437900,438340,Saber Dance,15148.0,1499633,790752,657223,877498,487015,561562,541142,1000016,935750,951035,635273,702754,760468,2013844,689498,394324
437900,438520,Reverse Cascade,16194.0,1499633,790752,657223,877498,487015,561562,541142,1000016,935750,951035,635273,702754,776662,2013844,689498,394324
437900,438700,Cascade,4046.0,1499633,794798,657223,877498,487015,561562,541142,1000016,935750,951035,635273,702754,776662,2013844,689498,394324
437900,438880,Fountain,4844.0,1499633,794798,657223,877498,487015,561562,541142,1000016,940594,951035,635273,702754,776662,2013844,689498,394324
437900,439110,Fountainfall,2793.0,1499633,794798,657223,877498,487015,561562,541142,1000016,940594,953828,635273,702754,776662,2013844,689498,394324
438550,439170,Fan Dance,3419.0,1499633,794798,657223,877498,490434,561562,541142,1000016,940594,953828,635273,702754,776662,2013844,689498,394324
439200,439820,Fan Dance III,2118.0,1499633,794798,657223,877498,490434,563680,541142,1000016,940594,953828,635273,702754,776662,2013844,689498,394324
439850,440608,Auto,10105.0,1509738,794798,657223,877498,490434,563680,541142,1000016,940594,953828,635273,702754,776662,2013844,689498,394324
440400,440840,Saber Dance,7886.0,1509738,794798,657223,877498,490434,563680,541142,1000016,940594,953828,635273,702754,776662,2021730,689498,394324
440400,441020,Reverse Cascade,8893.0,1509738,794798,657223,877498,490434,563680,541142,1000016,940594,953828,635273,702754,785555,2021730,689498,394324
440400,441200,Cascade,8272.0,1509738,803070,657223,877498,490434,563680,541142,1000016,940594,953828,635273,702754,785555,2021730,689498,394324
440400,441380,Fountain,10364.0,1509738,803070,657223,877498,490434,563680,541142,1000016,950958,953828,635273,702754,785555,2021730,689498,394324
440400,441610,Fountainfall,2996.0,1509738,803070,657223,877498,490434,563680,541142,1000016,950958,956824,635273,702754,785555,2021730,689498,394324
441050,441670,Fan Dance,2450.0,1509738,803070,657223,877498,492884,563680,541142,1000016,950958,956824,635273,702754,785555,2021730,689498,394324
441700,442320,Fan Dance III,1579.0,1509738,803070,657223,877498,492884,565259,541142,1000016,950958,956824,635273,702754,785555,2021730,689498,394324
442900,443340,Saber Dance,8355.0,1509738,803070,657223,877498,492884,565259,541142,1000016,950958,956824,635273,702754,785555,2030085,689498,394324
442900,443520,Reverse Cascade,5614.0,1509738,803070,657223,877498,492884,565259,541142,1000016,950958,956824,635273,702754,791169,2030085,689498,394324
442900,443700,Cascade,8109.0,1509738,811179,657223,877498,492884,565259,541142,1000016,950958,956824,635273,702754,791169,2030085,689498,394324
442970,443728,Auto,10105.0,1519843,811179,657223,877498,492884,565259,541142,1000016,950958,956824,635273,702754,791169,2030085,689498,394324
442900,443880,Fountain,10844.0,1519843,811179,657223,877498,492884,565259,541142,1000016,961802,956824,635273,702754,791169,2030085,689498,394324
442900,444110,Fountainfall,6350.0,1519843,811179,657223,877498,492884,565259,541142,1000016,961802,963174,635273,702754,791169,2030085,689498,394324
443550,444170,Fan Dance,2527.0,1519843,811179,657223,877498,495411,565259,541142,1000016,961802,963174,635273,702754,791169,2030085,689498,394324
444200,444820,Fan Dance III,1636.0,1519843,811179,657223,877498,495411,566895,541142,1000016,961802,963174,635273,702754,791169,2030085,689498,394324
445400,445840,Saber Dance,10115.0,1519843,811179,657223,877498,495411,566895,541142,1000016,961802,963174,635273,702754,791169,2040200,689498,394324
445400,446020,Reverse Cascade,4819.0,1519843,811179,657223,877498,495411,566895,541142,1000016,961802,963174,635273,702754,795988,2040200,689498,394324
445400,446200,Cascade,8044.0,1519843,819223,657223,877498,495411,566895,541142,1000016,961802,963174,635273,702754,795988,2040200,689498,394324
445400,446380,Fountain,10535.0,1519843,819223,657223,877498,495411,566895,541142,1000016,972337,963174,635273,702754,795988,2040200,689498,394324
445400,446610,Fountainfall,6685.0,1519843,819223,657223,877498,495411,566895,541142,1000016,972337,969859,635273,702754,795988,2040200,689498,394324
446050,446670,Fan Dance,2452.0,1519843,819223,657223,877498,497863,566895,541142,1000016,972337,969859,635273,702754,795988,2040200,689498,394324
446090,446848,Auto,10105.0,1529948,819223,657223,877498,497863,566895,541142,1000016,972337,969859,635273,702754,795988,2040200,689498,394324
446700,447320,Fan Dance III,1430.0,1529948,819223,657223,877498,497863,568325,541142,1000016,972337,969859,635273,702754,795988,2040200,689498,394324
447900,448340,Saber Dance,10823.0,1529948,819223,657223,877498,497863,568325,541142,1000016,972337,969859,635273,702754,795988,2051023,689498,394324
447900,448520,Reverse Cascade,5189.0,1529948,819223,657223,877498,497863,568325,541142,1000016,972337,969859,635273,702754,801177,2051023,689498,394324
447900,448700,Cascade,8249.0,1529948,827472,657223,877498,497863,568325,541142,1000016,972337,969859,635273,702754,801177,2051023,689498,394324
447900,448880,Fountain,9801.0,1529948,827472,657223,877498,497863,568325,541142,1000016,982138,969859,635273,702754,801177,2051023,689498,394324
447900,449110,Fountainfall,6363.0,1529948,827472,657223,877498,497863,568325,541142,1000016,982138,976222,635273,702754,801177,2051023,689498,394324
448550,449170,Fan Dance,2494.0,1529948,827472,657223,877498,500357,568325,541142,1000016,982138,976222,635273,702754,801177,2051023,689498,394324
449200,449820,Fan Dance III,1510.0,1529948,827472,657223,877498,500357,569835,541142,1000016,982138,976222,635273,702754,801177,2051023,689498,394324
449210,449968,Auto,10105.0,1540053,827472,657223,877498,500357,569835,541142,1000016,982138,976222,635273,702754,801177,2051023,689498,394324
450400,450840,Saber Dance,12842.0,1540053,827472,657223,877498,500357,569835,541142,1000016,982138,976222,635273,702754,801177,2063865,689498,394324
450400,451020,Reverse Cascade,5167.0,1540053,827472,657223,877498,500357,569835,541142,1000016,982138,976222,635273,702754,806344,2063865,689498,394324
450400,451200,Cascade,7650.0,1540053,835122,657223,877498,500357,569835,541142,1000016,982138,976222,635273,702754,806344,2063865,689498,394324
450400,451380,Fountain,9892.0,1540053,835122,657223,877498,500357,569835,541142,1000016,992030,976222,635273,702754,806344,2063865,689498,394324
450400,451610,Fountainfall,5935.0,1540053,835122,657223,877498,500357,569835,541142,1000016,992030,982157,635273,702754,806344,2063865,689498,394324
451050,451670,Fan Dance,2653.0,1540053,835122,657223,877498,503010,569835,541142,1000016,992030,982157,635273,702754,806344,2063865,689498,394324
451700,452320,Fan Dance III,1556.0,1540053,835122,657223,877498,503010,571391,541142,1000016,992030,982157,635273,702754,806344,2063865,689498,394324
452330,453088,Auto,10105.0,1550158,835122,657223,877498,503010,571391,541142,1000016,992030,982157,635273,702754,806344,2063865,689498,394324
452900,453340,Saber Dance,10725.0,1550158,835122,657223,877498,503010,571391,541142,1000016,992030,982157,635273,702754,806344,2074590,689498,394324
452900,453520,Reverse Cascade,5211.0,1550158,835122,657223,877498,503010,571391,541142,1000016,992030,982157,635273,702754,811555,2074590,689498,394324
452900,453700,Cascade,8138.0,1550158,843260,657223,877498,503010,571391,541142,1000016,992030,982157,635273,702754,811555,2074590,689498,394324
452900,453880,Fountain,10310.0,1550158,843260,657223,877498,503010,571391,541142,1000016,1002340,982157,635273,702754,811555,2074590,689498,394324
452900,454110,Fountainfall,5953.0,1550158,843260,657223,877498,503010,571391,541142,1000016,1002340,988110,635273,702754,811555,2074590,689498,394324
453550,454170,Fan Dance,2595.0,1550158,843260,657223,877498,505605,571391,541142,1000016,1002340,988110,635273,702754,811555,2074590,689498,394324
454200,454820,Fan Dance III,1681.0,1550158,843260,657223,877498,505605,573072,541142,1000016,1002340,988110,635273,702754,811555,2074590,689498,394324
455400,455840,Saber Dance,10605.0,1550158,843260,657223,877498,505605,573072,541142,1000016,1002340,988110,635273,702754,811555,2085195,689498,394324
455400,456020,Reverse Cascade,5062.0,1550158,843260,657223,877498,505605,573072,541142,1000016,1002340,988110,635273,702754,816617,2085195,689498,394324
455400,456200,Cascade,7912.0,1550158,851172,657223,877498,505605,573072,541142,1000016,1002340,988110,635273,702754,816617,2085195,689498,394324
455450,456208,Auto,10105.0,1560263,851172,657223,877498,505605,573072,541142,1000016,1002340,988110,635273,702754,816617,2085195,689498,394324
455400,456380,Fountain,10502.0,1560263,851172,657223,877498,505605,573072,541142,1000016,1012842,988110,635273,702754,816617,2085195,689498,394324
455400,456610,Fountainfall,6324.0,1560263,851172,657223,877498,505605,573072,541142,1000016,1012842,994434,635273,702754,816617,2085195,689498,394324
456050,456670,Fan Dance,2784.0,1560263,851172,657223,877498,508389,573072,541142,1000016,1012842,994434,635273,702754,816617,2085195,689498,394324
456700,457320,Fan Dance III,1816.0,1560263,851172,657223,877498,508389,574888,541142,1000016,1012842,994434,635273,702754,816617,2085195,689498,394324
457900,458340,Saber Dance,8650.0,1560263,851172,657223,877498,508389,574888,541142,1000016,1012842,994434,635273,702754,816617,2093845,689498,394324
457900,458520,Reverse Cascade,5284.0,1560263,851172,657223,877498,508389,574888,541142,1000016,1012842,994434,635273,702754,821901,2093845,689498,394324
457900,458700,Cascade,8675.0,1560263,859847,657223,877498,508389,574888,541142,1000016,1012842,994434,635273,702754,821901,2093845,689498,394324
457900,458880,Fountain,10346.0,1560263,859847,657223,877498,508389,574888,541142,1000016,1023188,994434,635273,702754,821901,2093845,689498,394324
457900,459110,Fountainfall,6297.0,1560263,859847,657223,877498,508389,574888,541142,1000016,1023188,1000731,635273,702754,821901,2093845,689498,394324
458550,459170,Fan Dance,2868.0,1560263,859847,657223,877498,511257,574888,541142,1000016,1023188,1000731,635273,702754,821901,2093845,689498,394324
458570,459328,Auto,10105.0,1570368,859847,657223,877498,511257,574888,541142,1000016,1023188,1000731,635273,702754,821901,2093845,689498,394324
459200,459820,Fan Dance III,1736.0,1570368,859847,657223,877498,511257,576624,541142,1000016,1023188,1000731,635273,702754,821901,2093845,689498,394324
460400,460840,Saber Dance,8117.0,1570368,859847,657223,877498,511257,576624,541142,1000016,1023188,1000731,635273,702754,821901,2101962,689498,394324
460400,461020,Reverse Cascade,5440.0,1570368,859847,657223,877498,511257,576624,541142,1000016,1023188,1000731,635273,702754,827341,2101962,689498,394324
460400,461200,Cascade,8221.0,1570368,868068,657223,877498,511257,576624,541142,1000016,1023188,1000731,635273,702754,827341,2101962,689498,394324
460400,461380,Fountain,10971.0,1570368,868068,657223,877498,511257,576624,541142,1000016,1034159,1000731,635273,702754,827341,2101962,689498,394324
460400,461610,Fountainfall,6385.0,1570368,868068,657223,877498,511257,576624,541142,1000016,1034159,1007116,635273,702754,827341,2101962,689498,394324
461050,461670,Fan Dance,3015.0,1570368,868068,657223,877498,514272,576624,541142,1000016,1034159,1007116,635273,702754,827341,2101962,689498,394324
461690,462448,Auto,10105.0,1580473,868068,657223,877498,514272,576624,541142,1000016,1034159,1007116,635273,702754,827341,2101962,689498,394324
462900,463340,Saber Dance,10304.0,1580473,868068,657223,877498,514272,576624,541142,1000016,1034159,1007116,635273,702754,827341,2112266,689498,394324
462900,463520,Reverse Cascade,5084.0,1580473,868068,657223,877498,514272,576624,541142,1000016,1034159,1007116,635273,702754,832425,2112266,689498,394324
462900,463700,Cascade,7932.0,1580473,876000,657223,877498,514272,576624,541142,1000016,1034159,1007116,635273,702754,832425,2112266,689498,394324
462900,463880,Fountain,10194.0,1580473,876000,657223,877498,514272,576624,541142,1000016,1044353,1007116,635273,702754,832425,2112266,689498,394324
462900,464110,Fountainfall,6831.0,1580473,876000,657223,877498,514272,576624,541142,1000016,1044353,1013947,635273,702754,832425,2112266,689498,394324
463550,464170,Fan Dance,3053.0,1580473,876000,657223,877498,517325,576624,541142,1000016,1044353,1013947,635273,702754,832425,2112266,689498,394324
464810,465568,Auto,10105.0,1590578,876000,657223,877498,517325,576624,541142,1000016,1044353,1013947,635273,702754,832425,2112266,689498,394324
467930,468688,Auto,10105.0,1600683,876000,657223,877498,517325,576624,541142,1000016,1044353,1013947,635273,702754,832425,2112266,689498,394324
468900,469430,Double Standard Finish,110344.0,1600683,876000,657223,987842,517325,576624,541142,1000016,1044353,1013947,635273,702754,832425,2112266,689498,394324
470400,470840,Saber Dance,12877.0,1600683,876000,657223,987842,517325,576624,541142,1000016,1044353,1013947,635273,702754,832425,2125143,689498,394324
470400,471020,Reverse Cascade,4873.0,1600683,876000,657223,987842,517325,576624,541142,1000016,1044353,1013947,635273,702754,837298,2125143,689498,394324
470400,471200,Cascade,7844.0,1600683,883844,657223,987842,517325,576624,541142,1000016,1044353,1013947,635273,702754,837298,2125143,689498,394324
470400,471380,Fountain,9736.0,1600683,883844,657223,987842,517325,576624,541142,1000016,1054089,1013947,635273,702754,837298,2125143,689498,394324
470400,471610,Fountainfall,6160.0,1600683,883844,657223,987842,517325,576624,541142,1000016,1054089,1020107,635273,702754,837298,2125143,689498,394324
471025,471645,Fan Dance III,274.0,1600683,883844,657223,987842,517325,576898,541142,1000016,1054089,1020107,635273,702754,837298,2125143,689498,394324
471025,471645,Fan Dance,2726.0,1600683,883844,657223,987842,520051,576898,541142,1000016,1054089,1020107,635273,702754,837298,2125143,689498,394324
471050,471808,Auto,10105.0,1610788,883844,657223,987842,520051,576898,541142,1000016,1054089,1020107,635273,702754,837298,2125143,689498,394324
471675,472295,Fan Dance,224.0,1610788,883844,657223,987842,520275,576898,541142,1000016,1054089,1020107,635273,702754,837298,2125143,689498,394324
472900,473340,Saber Dance,11012.0,1610788,883844,657223,987842,520275,576898,541142,1000016,1054089,1020107,635273,702754,837298,2136155,689498,394324
472900,473520,Reverse Cascade,5189.0,1610788,883844,657223,987842,520275,576898,541142,1000016,1054089,1020107,635273,702754,842487,2136155,689498,394324
472900,473700,Cascade,8015.0,1610788,891859,657223,987842,520275,576898,541142,1000016,1054089,1020107,635273,702754,842487,2136155,689498,394324
472900,473880,Fountain,10234.0,1610788,891859,657223,987842,520275,576898,541142,1000016,1064323,1020107,635273,702754,842487,2136155,689498,394324
472900,474110,Fountainfall,6081.0,1610788,891859,657223,987842,520275,576898,541142,1000016,1064323,1026188,635273,702754,842487,2136155,689498,394324
473550,474170,Fan Dance III,559.0,1610788,891859,657223,987842,520275,577457,541142,1000016,1064323,1026188,635273,702754,842487,2136155,689498,394324
473550,474170,Fan Dance,2534.0,1610788,891859,657223,987842,522809,577457,541142,1000016,1064323,1026188,635273,702754,842487,2136155,689498,394324
474200,474820,Fan Dance,457.0,1610788,891859,657223,987842,523266,577457,541142,1000016,1064323,1026188,635273,702754,842487,2136155,689498,394324
474170,474928,Auto,10105.0,1620893,891859,657223,987842,523266,577457,541142,1000016,1064323,1026188,635273,702754,842487,2136155,689498,394324
475400,475840,Saber Dance,10795.0,1620893,891859,657223,987842,523266,577457,541142,1000016,1064323,1026188,635273,702754,842487,2146950,689498,394324
475400,476020,Reverse Cascade,5251.0,1620893,891859,657223,987842,523266,577457,541142,1000016,1064323,1026188,635273,702754,847738,2146950,689498,394324
475400,476200,Cascade,8201.0,1620893,900060,657223,987842,523266,577457,541142,1000016,1064323,1026188,635273,702754,847738,2146950,689498,394324
475400,476380,Fountain,10117.0,1620893,900060,657223,987842,523266,577457,541142,1000016,1074440,1026188,635273,702754,847738,2146950,689498,394324
475400,476610,Fountainfall,5997.0,1620893,900060,657223,987842,523266,577457,541142,1000016,1074440,1032185,635273,702754,847738,2146950,689498,394324
476050,476670,Fan Dance,2387.0,1620893,900060,657223,987842,525653,577457,541142,1000016,1074440,1032185,635273,702754,847738,2146950,689498,394324
476050,476670,Fan Dance III,756.0,1620893,900060,657223,987842,525653,578213,541142,1000016,1074440,1032185,635273,702754,847738,2146950,689498,394324
476700,477320,Fan Dance,619.0,1620893,900060,657223,987842,526272,578213,541142,1000016,1074440,1032185,635273,702754,847738,2146950,689498,394324
477290,478048,Auto,10105.0,1630998,900060,657223,987842,526272,578213,541142,1000016,1074440,1032185,635273,702754,847738,2146950,689498,394324
477900,478340,Saber Dance,10269.0,1630998,900060,657223,987842,526272,578213,541142,1000016,1074440,1032185,635273,702754,847738,2157219,689498,394324
477900,478520,Reverse Cascade,5102.0,1630998,900060,657223,987842,526272,578213,541142,1000016,1074440,1032185,635273,702754,852840,2157219,689498,394324
477900,478700,Cascade,7909.0,1630998,907969,657223,987842,526272,578213,541142,1000016,1074440,1032185,635273,702754,852840,2157219,689498,394324
477900,478880,Fountain,10622.0,1630998,907969,657223,987842,526272,578213,541142,1000016,1085062,1032185,635273,702754,852840,2157219,689498,394324
477900,479110,Fountainfall,6346.0,1630998,907969,657223,987842,526272,578213,541142,1000016,1085062,1038531,635273,702754,852840,2157219,689498,394324
478550,479170,Fan Dance,2345.0,1630998,907969,657223,987842,528617,578213,541142,1000016,1085062,1038531,635273,702754,852840,2157219,689498,394324
478550,479170,Fan Dance III,1002.0,1630998,907969,657223,987842,528617,579215,541142,1000016,1085062,1038531,635273,702754,852840,2157219,689498,394324
479200,479820,Fan Dance,819.0,1630998,907969,657223,987842,529436,579215,541142,1000016,1085062,1038531,635273,702754,852840,2157219,689498,394324
480410,481168,Auto,10105.0,1641103,907969,657223,987842,529436,579215,541142,1000016,1085062,1038531,635273,702754,852840,2157219,689498,394324
483530,484288,Auto,10105.0,1651208,907969,657223,987842,529436,579215,541142,1000016,1085062,1038531,635273,702754,852840,2157219,689498,394324
486400,486935,Quadruple Technical Finish,168764.0,1651208,907969,657223,987842,529436,579215,541142,1000016,1085062,1038531,635273,871518,852840,2157219,689498,394324
486650,487408,Auto,10105.0,1661313,907969,657223,987842,529436,579215,541142,1000016,1085062,1038531,635273,871518,852840,2157219,689498,394324
487900,488740,Tillana,36032.0,1661313,907969,657223,987842,529436,579215,541142,1000016,1085062,1038531,635273,871518,852840,2157219,689498,430356
487900,488790,Starfall Dance,43349.0,1661313,907969,657223,987842,529436,579215,541142,1000016,1085062,1038531,635273,871518,852840,2157219,732847,430356
489150,489770,Fan Dance III,34718.0,1661313,907969,657223,987842,529436,613933,541142,1000016,1085062,1038531,635273,871518,852840,2157219,732847,430356
487900,490260,Dance of the Dawn,56456.0,1661313,907969,713679,987842,529436,613933,541142,1000016,1085062,1038531,635273,871518,852840,2157219,732847,430356
489770,490528,Auto,12285.0,1673598,907969,713679,987842,529436,613933,541142,1000016,1085062,1038531,635273,871518,852840,2157219,732847,430356
491025,491345,Fan Dance IV,50709.0,1673598,907969,713679,987842,529436,613933,591851,1000016,1085062,1038531,635273,871518,852840,2157219,732847,430356
491025,491645,Fan Dance III,10467.0,1673598,907969,713679,987842,529436,624400,591851,1000016,1085062,1038531,635273,871518,852840,2157219,732847,430356
490400,491650,Last Dance,85226.0,1673598,907969,713679,987842,529436,624400,591851,1000016,1085062,1038531,720499,871518,852840,2157219,732847,430356
491650,491970,Fan Dance IV,21888.0,1673598,907969,713679,987842,529436,624400,613739,1000016,1085062,1038531,720499,871518,852840,2157219,732847,430356
491650,492270,Fan Dance,19798.0,1673598,907969,713679,987842,549234,624400,613739,1000016,1085062,1038531,720499,871518,852840,2157219,732847,430356
492900,493340,Saber Dance,1193.0,1673598,907969,713679,987842,549234,624400,613739,1000016,1085062,1038531,720499,871518,852840,2158412,732847,430356
492890,493648,Auto,12285.0,1685883,907969,713679,987842,549234,624400,613739,1000016,1085062,1038531,720499,871518,852840,2158412,732847,430356
492900,493740,Tillana,11429.0,1685883,907969,713679,987842,549234,624400,613739,1000016,1085062,1038531,720499,871518,852840,2158412,732847,441785
492900,493790,Starfall Dance,36925.0,1685883,907969,713679,987842,549234,624400,613739,1000016,1085062,1038531,720499,871518,852840,2158412,769772,441785
492900,494110,Fountainfall,992.0,1685883,907969,713679,987842,549234,624400,613739,1000016,1085062,1039523,720499,871518,852840,2158412,769772,441785
493525,494145,Fan Dance,18032.0,1685883,907969,713679,987842,567266,624400,613739,1000016,1085062,1039523,720499,871518,852840,2158412,769772,441785
493525,494145,Fan Dance III,12456.0,1685883,907969,713679,987842,567266,636856,613739,1000016,1085062,1039523,720499,871518,852840,2158412,769772,441785
494150,494770,Fan Dance III,10877.0,1685883,907969,713679,987842,567266,647733,613739,1000016,1085062,1039523,720499,871518,852840,2158412,769772,441785
494150,494770,Fan Dance,18909.0,1685883,907969,713679,987842,586175,647733,613739,1000016,1085062,1039523,720499,871518,852840,2158412,769772,441785
492900,495260,Dance of the Dawn,98454.0,1685883,907969,812133,987842,586175,647733,613739,1000016,1085062,1039523,720499,871518,852840,2158412,769772,441785
494800,495420,Fan Dance,15623.0,1685883,907969,812133,987842,601798,647733,613739,1000016,1085062,1039523,720499,871518,852840,2158412,769772,441785
494800,495420,Fan Dance III,11540.0,1685883,907969,812133,987842,601798,659273,613739,1000016,1085062,1039523,720499,871518,852840,2158412,769772,441785
496025,496645,Fan Dance III,9554.0,1685883,907969,812133,987842,601798,668827,613739,1000016,1085062,1039523,720499,871518,852840,2158412,769772,441785
496025,496645,Fan Dance,9020.0,1685883,907969,812133,987842,610818,668827,613739,1000016,1085062,1039523,720499,871518,852840,2158412,769772,441785
496010,496768,Auto,12285.0,1698168,907969,812133,987842,610818,668827,613739,1000016,1085062,1039523,720499,871518,852840,2158412,769772,441785
496650,497270,Fan Dance III,5832.0,1698168,907969,812133,987842,610818,674659,613739,1000016,1085062,1039523,720499,871518,852840,2158412,769772,441785
496650,497270,Fan Dance,2178.0,1698168,907969,812133,987842,612996,674659,613739,1000016,1085062,1039523,720499,871518,852840,2158412,769772,441785
495400,497450,Finishing Move,134157.0,1698168,907969,812133,987842,612996,674659,613739,1134173,1085062,1039523,720499,871518,852840,2158412,769772,441785
497900,498340,Saber Dance,51545.0,1698168,907969,812133,987842,612996,674659,613739,1134173,1085062,1039523,720499,871518,852840,2209957,769772,441785
497900,498520,Reverse Cascade,4.0,1698168,907969,812133,987842,612996,674659,613739,1134173,1085062,1039523,720499,871518,852844,2209957,769772,441785
497900,498740,Tillana,4592.0,1698168,907969,812133,987842,612996,674659,613739,1134173,1085062,1039523,720499,871518,852844,2209957,769772,446377
497900,498790,Starfall Dance,41528.0,1698168,907969,812133,987842,612996,674659,613739,1134173,1085062,1039523,720499,871518,852844,2209957,811300,446377
497900,499110,Fountainfall,4152.0,1698168,907969,812133,987842,612996,674659,613739,1134173,1085062,1043675,720499,871518,852844,2209957,811300,446377
498525,499145,Fan Dance,1124.0,1698168,907969,812133,987842,614120,674659,613739,1134173,1085062,1043675,720499,871518,852844,2209957,811300,446377
498525,499145,Fan Dance III,1371.0,1698168,907969,812133,987842,614120,676030,613739,1134173,1085062,1043675,720499,871518,852844,2209957,811300,446377
499150,499770,Fan Dance,22.0,1698168,907969,812133,987842,614142,676030,613739,1134173,1085062,1043675,720499,871518,852844,2209957,811300,446377
499150,499770,Fan Dance III,708.0,1698168,907969,812133,987842,614142,676738,613739,1134173,1085062,1043675,720499,871518,852844,2209957,811300,446377
499130,499888,Auto,12285.0,1710453,907969,812133,987842,614142,676738,613739,1134173,1085062,1043675,720499,871518,852844,2209957,811300,446377
497900,500260,Dance of the Dawn,2904.0,1710453,907969,815037,987842,614142,676738,613739,1134173,1085062,1043675,720499,871518,852844,2209957,811300,446377
500400,500840,Saber Dance,43337.0,1710453,907969,815037,987842,614142,676738,613739,1134173,1085062,1043675,720499,871518,852844,2253294,811300,446377
500400,501020,Reverse Cascade,410.0,1710453,907969,815037,987842,614142,676738,613739,1134173,1085062,1043675,720499,871518,853254,2253294,811300,446377
500400,501240,Tillana,12935.0,1710453,907969,815037,987842,614142,676738,613739,1134173,1085062,1043675,720499,871518,853254,2253294,811300,459312
500400,501290,Starfall Dance,39591.0,1710453,907969,815037,987842,614142,676738,613739,1134173,1085062,1043675,720499,871518,853254,2253294,850891,459312
500400,501610,Fountainfall,5709.0,1710453,907969,815037,987842,614142,676738,613739,1134173,1085062,1049384,720499,871518,853254,2253294,850891,459312
501050,501670,Fan Dance,1667.0,1710453,907969,815037,987842,615809,676738,613739,1134173,1085062,1049384,720499,871518,853254,2253294,850891,459312
501050,501670,Fan Dance III,17.0,1710453,907969,815037,987842,615809,676755,613739,1134173,1085062,1049384,720499,871518,853254,2253294,850891,459312
501700,502320,Fan Dance III,1048.0,1710453,907969,815037,987842,615809,677803,613739,1134173,1085062,1049384,720499,871518,853254,2253294,850891,459312
500400,502760,Dance of the Dawn,15.0,1710453,907969,815052,987842,615809,677803,613739,1134173,1085062,1049384,720499,871518,853254,2253294,850891,459312
502250,503008,Auto,12285.0,1722738,907969,815052,987842,615809,677803,613739,1134173,1085062,1049384,720499,871518,853254,2253294,850891,459312
502900,503340,Saber Dance,54553.0,1722738,907969,815052,987842,615809,677803,613739,1134173,1085062,1049384,720499,871518,853254,2307847,850891,459312
502900,503520,Reverse Cascade,1405.0,1722738,907969,815052,987842,615809,677803,613739,1134173,1085062,1049384,720499,871518,854659,2307847,850891,459312
502900,503740,Tillana,11013.0,1722738,907969,815052,987842,615809,677803,613739,1134173,1085062,1049384,720499,871518,854659,2307847,850891,470325
502900,503790,Starfall Dance,4007.0,1722738,907969,815052,987842,615809,677803,613739,1134173,1085062,1049384,720499,871518,854659,2307847,854898,470325
502900,504110,Fountainfall,10065.0,1722738,907969,815052,987842,615809,677803,613739,1134173,1085062,1059449,720499,871518,854659,2307847,854898,470325
503550,504170,Fan Dance,3109.0,1722738,907969,815052,987842,618918,677803,613739,1134173,1085062,1059449,720499,871518,854659,2307847,854898,470325
504200,504820,Fan Dance III,1857.0,1722738,907969,815052,987842,618918,679660,613739,1134173,1085062,1059449,720499,871518,854659,2307847,854898,470325
505400,505840,Saber Dance,33920.0,1722738,907969,815052,987842,618918,679660,613739,1134173,1085062,1059449,720499,871518,854659,2341767,854898,470325
505400,506020,Reverse Cascade,2019.0,1722738,907969,815052,987842,618918,679660,613739,1134173,1085062,1059449,720499,871518,856678,2341767,854898,470325
505370,506128,Auto,12285.0,1735023,907969,815052,987842,618918,679660,613739,1134173,1085062,1059449,720499,871518,856678,2341767,854898,470325
505400,506240,Tillana,18693.0,1735023,907969,815052,987842,618918,679660,613739,1134173,1085062,1059449,720499,871518,856678,2341767,854898,489018
505400,506290,Starfall Dance,182.0,1735023,907969,815052,987842,618918,679660,613739,1134173,1085062,1059449,720499,871518,856678,2341767,855080,489018
505400,506610,Fountainfall,19198.0,1735023,907969,815052,987842,618918,679660,613739,1134173,1085062,1078647,720499,871518,856678,2341767,855080,489018
506050,506670,Fan Dance,5751.0,1735023,907969,815052,987842,624669,679660,613739,1134173,1085062,1078647,720499,871518,856678,2341767,855080,489018
506700,507320,Fan Dance III,3617.0,1735023,907969,815052,987842,624669,683277,613739,1134173,1085062,1078647,720499,871518,856678,2341767,855080,489018
507900,508340,Saber Dance,34937.0,1735023,907969,815052,987842,624669,683277,613739,1134173,1085062,1078647,720499,871518,856678,2376704,855080,489018
507900,508520,Reverse Cascade,9089.0,1735023,907969,815052,987842,624669,683277,613739,1134173,1085062,1078647,720499,871518,865767,2376704,855080,489018
507900,508700,Cascade,242.0,1735023,908211,815052,987842,624669,683277,613739,1134173,1085062,1078647,720499,871518,865767,2376704,855080,489018
507900,509110,Fountainfall,10724.0,1735023,908211,815052,987842,624669,683277,613739,1134173,1085062,1089371,720499,871518,865767,2376704,855080,489018
508490,509248,Auto,10105.0,1745128,908211,815052,987842,624669,683277,613739,1134173,1085062,1089371,720499,871518,865767,2376704,855080,489018
510400,510840,Saber Dance,20770.0,1745128,908211,815052,987842,624669,683277,613739,1134173,1085062,1089371,720499,871518,865767,2397474,855080,489018
510400,511020,Reverse Cascade,15580.0,1745128,908211,815052,987842,624669,683277,613739,1134173,1085062,1089371,720499,871518,881347,2397474,855080,489018
510400,511200,Cascade,5014.0,1745128,913225,815052,987842,624669,683277,613739,1134173,1085062,1089371,720499,871518,881347,2397474,855080,489018
510400,511380,Fountain,109.0,1745128,913225,815052,987842,624669,683277,613739,1134173,1085171,1089371,720499,871518,881347,2397474,855080,489018
510400,511610,Fountainfall,4254.0,1745128,913225,815052,987842,624669,683277,613739,1134173,1085171,1093625,720499,871518,881347,2397474,855080,489018
511610,512368,Auto,10105.0,1755233,913225,815052,987842,624669,683277,613739,1134173,1085171,1093625,720499,871518,881347,2397474,855080,489018
512900,513340,Saber Dance,8075.0,1755233,913225,815052,987842,624669,683277,613739,1134173,1085171,1093625,720499,871518,881347,2405549,855080,489018
512900,513520,Reverse Cascade,11171.0,1755233,913225,815052,987842,624669,683277,613739,1134173,1085171,1093625,720499,871518,892518,2405549,855080,489018
512900,513700,Cascade,13635.0,1755233,926860,815052,987842,624669,683277,613739,1134173,1085171,1093625,720499,871518,892518,2405549,855080,489018
512900,513880,Fountain,3001.0,1755233,926860,815052,987842,624669,683277,613739,1134173,1088172,1093625,720499,871518,892518,2405549,855080,489018
512900,514110,Fountainfall,763.0,1755233,926860,815052,987842,624669,683277,613739,1134173,1088172,1094388,720499,871518,892518,2405549,855080,489018
514730,515488,Auto,10105.0,1765338,926860,815052,987842,624669,683277,613739,1134173,1088172,1094388,720499,871518,892518,2405549,855080,489018
515400,515840,Saber Dance,9785.0,1765338,926860,815052,987842,624669,683277,613739,1134173,1088172,1094388,720499,871518,892518,2415334,855080,489018
515400,516020,Reverse Cascade,8885.0,1765338,926860,815052,987842,624669,683277,613739,1134173,1088172,1094388,720499,871518,901403,2415334,855080,489018
515400,516200,Cascade,9143.0,1765338,936003,815052,987842,624669,683277,613739,1134173,1088172,1094388,720499,871518,901403,2415334,855080,489018
515400,516380,Fountain,9260.0,1765338,936003,815052,987842,624669,683277,613739,1134173,1097432,1094388,720499,871518,901403,2415334,855080,489018
515400,516610,Fountainfall,1804.0,1765338,936003,815052,987842,624669,683277,613739,1134173,1097432,1096192,720499,871518,901403,2415334,855080,489018
517900,518340,Saber Dance,9631.0,1765338,936003,815052,987842,624669,683277,613739,1134173,1097432,1096192,720499,871518,901403,2424965,855080,489018
517900,518520,Reverse Cascade,6756.0,1765338,936003,815052,987842,624669,683277,613739,1134173,1097432,1096192,720499,871518,908159,2424965,855080,489018
517850,518608,Auto,10105.0,1775443,936003,815052,987842,624669,683277,613739,1134173,1097432,1096192,720499,871518,908159,2424965,855080,489018
517900,518700,Cascade,4728.0,1775443,940731,815052,987842,624669,683277,613739,1134173,1097432,1096192,720499,871518,908159,2424965,855080,489018
517900,518880,Fountain,13806.0,1775443,940731,815052,987842,624669,683277,613739,1134173,1111238,1096192,720499,871518,908159,2424965,855080,489018
517900,519110,Fountainfall,5790.0,1775443,940731,815052,987842,624669,683277,613739,1134173,1111238,1101982,720499,871518,908159,2424965,855080,489018
520400,520840,Saber Dance,9996.0,1775443,940731,815052,987842,624669,683277,613739,1134173,1111238,1101982,720499,871518,908159,2434961,855080,489018
520400,521020,Reverse Cascade,3041.0,1775443,940731,815052,987842,624669,683277,613739,1134173,1111238,1101982,720499,871518,911200,2434961,855080,489018
520400,521200,Cascade,8281.0,1775443,949012,815052,987842,624669,683277,613739,1134173,1111238,1101982,720499,871518,911200,2434961,855080,489018
520400,521380,Fountain,10924.0,1775443,949012,815052,987842,624669,683277,613739,1134173,1122162,1101982,720499,871518,911200,2434961,855080,489018
520400,521610,Fountainfall,8080.0,1775443,949012,815052,987842,624669,683277,613739,1134173,1122162,1110062,720499,871518,911200,2434961,855080,489018
521050,521670,Fan Dance,9.0,1775443,949012,815052,987842,624678,683277,613739,1134173,1122162,1110062,720499,871518,911200,2434961,855080,489018
520970,521728,Auto,10105.0,1785548,949012,815052,987842,624678,683277,613739,1134173,1122162,1110062,720499,871518,911200,2434961,855080,489018
521700,522320,Fan Dance III,2.0,1785548,949012,815052,987842,624678,683279,613739,1134173,1122162,1110062,720499,871518,911200,2434961,855080,489018
522900,523340,Saber Dance,8965.0,1785548,949012,815052,987842,624678,683279,613739,1134173,1122162,1110062,720499,871518,911200,2443926,855080,489018
522900,523520,Reverse Cascade,5342.0,1785548,949012,815052,987842,624678,683279,613739,1134173,1122162,1110062,720499,871518,916542,2443926,855080,489018
522900,523700,Cascade,9723.0,1785548,958735,815052,987842,624678,683279,613739,1134173,1122162,1110062,720499,871518,916542,2443926,855080,489018
522900,523880,Fountain,8456.0,1785548,958735,815052,987842,624678,683279,613739,1134173,1130618,1110062,720499,871518,916542,2443926,855080,489018
522900,524110,Fountainfall,6703.0,1785548,958735,815052,987842,624678,683279,613739,1134173,1130618,1116765,720499,871518,916542,2443926,855080,489018
523550,524170,Fan Dance,98.0,1785548,958735,815052,987842,624776,683279,613739,1134173,1130618,1116765,720499,871518,916542,2443926,855080,489018
524200,524820,Fan Dance III,39.0,1785548,958735,815052,987842,624776,683318,613739,1134173,1130618,1116765,720499,871518,916542,2443926,855080,489018
524090,524848,Auto,10105.0,1795653,958735,815052,987842,624776,683318,613739,1134173,1130618,1116765,720499,871518,916542,2443926,855080,489018
527210,527968,Auto,10105.0,1805758,958735,815052,987842,624776,683318,613739,1134173,1130618,1116765,720499,871518,916542,2443926,855080,489018
528900,529430,Double Standard Finish,110344.0,1805758,958735,815052,1098186,624776,683318,613739,1134173,1130618,1116765,720499,871518,916542,2443926,855080,489018
530400,530840,Saber Dance,10479.0,1805758,958735,815052,1098186,624776,683318,613739,1134173,1130618,1116765,720499,871518,916542,2454405,855080,489018
530400,531020,Reverse Cascade,6025.0,1805758,958735,815052,1098186,624776,683318,613739,1134173,1130618,1116765,720499,871518,922567,2454405,855080,489018
530330,531088,Auto,10105.0,1815863,958735,815052,1098186,624776,683318,613739,1134173,1130618,1116765,720499,871518,922567,2454405,855080,489018
530400,531200,Cascade,7986.0,1815863,966721,815052,1098186,624776,683318,613739,1134173,1130618,1116765,720499,871518,922567,2454405,855080,489018
530400,531380,Fountain,10484.0,1815863,966721,815052,1098186,624776,683318,613739,1134173,1141102,1116765,720499,871518,922567,2454405,855080,489018
530400,531610,Fountainfall,5141.0,1815863,966721,815052,1098186,624776,683318,613739,1134173,1141102,1121906,720499,871518,922567,2454405,855080,489018
531050,531670,Fan Dance,161.0,1815863,966721,815052,1098186,624937,683318,613739,1134173,1141102,1121906,720499,871518,922567,2454405,855080,489018
531700,532320,Fan Dance III,82.0,1815863,966721,815052,1098186,624937,683400,613739,1134173,1141102,1121906,720499,871518,922567,2454405,855080,489018
532900,533340,Saber Dance,10865.0,1815863,966721,815052,1098186,624937,683400,613739,1134173,1141102,1121906,720499,871518,922567,2465270,855080,489018
532900,533520,Reverse Cascade,5309.0,1815863,966721,815052,1098186,624937,683400,613739,1134173,1141102,1121906,720499,871518,927876,2465270,855080,489018
532900,533700,Cascade,7247.0,1815863,973968,815052,1098186,624937,683400,613739,1134173,1141102,1121906,720499,871518,927876,2465270,855080,489018
532900,533880,Fountain,10989.0,1815863,973968,815052,1098186,624937,683400,613739,1134173,1152091,1121906,720499,871518,927876,2465270,855080,489018
532900,534110,Fountainfall,6297.0,1815863,973968,815052,1098186,624937,683400,613739,1134173,1152091,1128203,720499,871518,927876,2465270,855080,489018
533550,534170,Fan Dance,282.0,1815863,973968,815052,1098186,625219,683400,613739,1134173,1152091,1128203,720499,871518,927876,2465270,855080,489018
533450,534208,Auto,10105.0,1825968,973968,815052,1098186,625219,683400,613739,1134173,1152091,1128203,720499,871518,927876,2465270,855080,489018
534200,534820,Fan Dance III,179.0,1825968,973968,815052,1098186,625219,683579,613739,1134173,1152091,1128203,720499,871518,927876,2465270,855080,489018
535400,535840,Saber Dance,11657.0,1825968,973968,815052,1098186,625219,683579,613739,1134173,1152091,1128203,720499,871518,927876,2476927,855080,489018
535400,536020,Reverse Cascade,4600.0,1825968,973968,815052,1098186,625219,683579,613739,1134173,1152091,1128203,720499,871518,932476,2476927,855080,489018
535400,536200,Cascade,8032.0,1825968,982000,815052,1098186,625219,683579,613739,1134173,1152091,1128203,720499,871518,932476,2476927,855080,489018
535400,536380,Fountain,10037.0,1825968,982000,815052,1098186,625219,683579,613739,1134173,1162128,1128203,720499,871518,932476,2476927,855080,489018
535400,536610,Fountainfall,6602.0,1825968,982000,815052,1098186,625219,683579,613739,1134173,1162128,1134805,720499,871518,932476,2476927,855080,489018
536050,536670,Fan Dance,418.0,1825968,982000,815052,1098186,625637,683579,613739,1134173,1162128,1134805,720499,871518,932476,2476927,855080,489018
536700,537320,Fan Dance III,282.0,1825968,982000,815052,1098186,625637,683861,613739,1134173,1162128,1134805,720499,871518,932476,2476927,855080,489018
536570,537328,Auto,10105.0,1836073,982000,815052,1098186,625637,683861,613739,1134173,1162128,1134805,720499,871518,932476,2476927,855080,489018
537900,538340,Saber Dance,10802.0,1836073,982000,815052,1098186,625637,683861,613739,1134173,1162128,1134805,720499,871518,932476,2487729,855080,489018
537900,538520,Reverse Cascade,5138.0,1836073,982000,815052,1098186,625637,683861,613739,1134173,1162128,1134805,720499,871518,937614,2487729,855080,489018
537900,538700,Cascade,8609.0,1836073,990609,815052,1098186,625637,683861,613739,1134173,1162128,1134805,720499,871518,937614,2487729,855080,489018
537900,538880,Fountain,9819.0,1836073,990609,815052,1098186,625637,683861,613739,1134173,1171947,1134805,720499,871518,937614,2487729,855080,489018
537900,539110,Fountainfall,5860.0,1836073,990609,815052,1098186,625637,683861,613739,1134173,1171947,1140665,720499,871518,937614,2487729,855080,489018
538550,539170,Fan Dance,518.0,1836073,990609,815052,1098186,626155,683861,613739,1134173,1171947,1140665,720499,871518,937614,2487729,855080,489018
539200,539820,Fan Dance III,308.0,1836073,990609,815052,1098186,626155,684169,613739,1134173,1171947,1140665,720499,871518,937614,2487729,855080,489018
539690,540448,Auto,10105.0,1846178,990609,815052,1098186,626155,684169,613739,1134173,1171947,1140665,720499,871518,937614,2487729,855080,489018
540400,540840,Saber Dance,11391.0,1846178,990609,815052,1098186,626155,684169,613739,1134173,1171947,1140665,720499,871518,937614,2499120,855080,489018
540400,541020,Reverse Cascade,5345.0,1846178,990609,815052,1098186,626155,684169,613739,1134173,1171947,1140665,720499,871518,942959,2499120,855080,489018
540400,541200,Cascade,7815.0,1846178,998424,815052,1098186,626155,684169,613739,1134173,1171947,1140665,720499,871518,942959,2499120,855080,489018
540400,541380,Fountain,10259.0,1846178,998424,815052,1098186,626155,684169,613739,1134173,1182206,1140665,720499,871518,942959,2499120,855080,489018
540400,541610,Fountainfall,5931.0,1846178,998424,815052,1098186,626155,684169,613739,1134173,1182206,1146596,720499,871518,942959,2499120,855080,489018
541050,541670,Fan Dance,710.0,1846178,998424,815052,1098186,626865,684169,613739,1134173,1182206,1146596,720499,871518,942959,2499120,855080,489018
541700,542320,Fan Dance III,439.0,1846178,998424,815052,1098186,626865,684608,613739,1134173,1182206,1146596,720499,871518,942959,2499120,855080,489018
542900,543340,Saber Dance,8545.0,1846178,998424,815052,1098186,626865,684608,613739,1134173,1182206,1146596,720499,871518,942959,2507665,855080,489018
542900,543520,Reverse Cascade,5534.0,1846178,998424,815052,1098186,626865,684608,613739,1134173,1182206,1146596,720499,871518,948493,2507665,855080,489018
542810,543568,Auto,10105.0,1856283,998424,815052,1098186,626865,684608,613739,1134173,1182206,1146596,720499,871518,948493,2507665,855080,489018
542900,543700,Cascade,8178.0,1856283,1006602,815052,1098186,626865,684608,613739,1134173,1182206,1146596,720499,871518,948493,2507665,855080,489018
542900,543880,Fountain,10779.0,1856283,1006602,815052,1098186,626865,684608,613739,1134173,1192985,1146596,720499,871518,948493,2507665,855080,489018
542900,544110,Fountainfall,6302.0,1856283,1006602,815052,1098186,626865,684608,613739,1134173,1192985,1152898,720499,871518,948493,2507665,855080,489018
543550,544170,Fan Dance,920.0,1856283,1006602,815052,1098186,627785,684608,613739,1134173,1192985,1152898,720499,871518,948493,2507665,855080,489018
544200,544820,Fan Dance III,579.0,1856283,1006602,815052,1098186,627785,685187,613739,1134173,1192985,1152898,720499,871518,948493,2507665,855080,489018
545400,545840,Saber Dance,8082.0,1856283,1006602,815052,1098186,627785,685187,613739,1134173,1192985,1152898,720499,871518,948493,2515747,855080,489018
545400,546020,Reverse Cascade,5233.0,1856283,1006602,815052,1098186,627785,685187,613739,1134173,1192985,1152898,720499,871518,953726,2515747,855080,489018
545400,546200,Cascade,8212.0,1856283,1014814,815052,1098186,627785,685187,613739,1134173,1192985,1152898,720499,871518,953726,2515747,855080,489018
545400,546380,Fountain,10786.0,1856283,1014814,815052,1098186,627785,685187,613739,1134173,1203771,1152898,720499,871518,953726,2515747,855080,489018
545400,546610,Fountainfall,6897.0,1856283,1014814,815052,1098186,627785,685187,613739,1134173,1203771,1159795,720499,871518,953726,2515747,855080,489018
546050,546670,Fan Dance,1135.0,1856283,1014814,815052,1098186,628920,685187,613739,1134173,1203771,1159795,720499,871518,953726,2515747,855080,489018
545930,546688,Auto,10105.0,1866388,1014814,815052,1098186,628920,685187,613739,1134173,1203771,1159795,720499,871518,953726,2515747,855080,489018
546700,547320,Fan Dance III,679.0,1866388,1014814,815052,1098186,628920,685866,613739,1134173,1203771,1159795,720499,871518,953726,2515747,855080,489018
547900,548340,Saber Dance,8418.0,1866388,1014814,815052,1098186,628920,685866,613739,1134173,1203771,1159795,720499,871518,953726,2524165,855080,489018
547900,549110,Fountainfall,6575.0,1866388,1014814,815052,1098186,628920,685866,613739,1134173,1203771,1166370,720499,871518,953726,2524165,855080,489018
547900,549150,Last Dance,51235.0,1866388,1014814,815052,1098186,628920,685866,613739,1134173,1203771,1166370,771734,871518,953726,2524165,855080,489018
549150,549770,Fan Dance III,28555.0,1866388,1014814,815052,1098186,628920,714421,613739,1134173,1203771,1166370,771734,871518,953726,2524165,855080,489018
549050,549808,Auto,10105.0,1876493,1014814,815052,1098186,628920,714421,613739,1134173,1203771,1166370,771734,871518,953726,2524165,855080,489018
550400,550840,Saber Dance,6407.0,1876493,1014814,815052,1098186,628920,714421,613739,1134173,1203771,1166370,771734,871518,953726,2530572,855080,489018
551025,551345,Fan Dance IV,49500.0,1876493,1014814,815052,1098186,628920,714421,663239,1134173,1203771,1166370,771734,871518,953726,2530572,855080,489018
550400,551610,Fountainfall,30715.0,1876493,1014814,815052,1098186,628920,714421,663239,1134173,1203771,1197085,771734,871518,953726,2530572,855080,489018
551025,551645,Fan Dance,3994.0,1876493,1014814,815052,1098186,632914,714421,663239,1134173,1203771,1197085,771734,871518,953726,2530572,855080,489018
550400,551650,Last Dance,14903.0,1876493,1014814,815052,1098186,632914,714421,663239,1134173,1203771,1197085,786637,871518,953726,2530572,855080,489018
551675,551995,Fan Dance IV,5218.0,1876493,1014814,815052,1098186,632914,714421,668457,1134173,1203771,1197085,786637,871518,953726,2530572,855080,489018
551675,552295,Fan Dance III,2387.0,1876493,1014814,815052,1098186,632914,716808,668457,1134173,1203771,1197085,786637,871518,953726,2530572,855080,489018
552170,552928,Auto,10105.0,1886598,1014814,815052,1098186,632914,716808,668457,1134173,1203771,1197085,786637,871518,953726,2530572,855080,489018
552900,553340,Saber Dance,13339.0,1886598,1014814,815052,1098186,632914,716808,668457,1134173,1203771,1197085,786637,871518,953726,2543911,855080,489018
552900,553520,Reverse Cascade,18654.0,1886598,1014814,815052,1098186,632914,716808,668457,1134173,1203771,1197085,786637,871518,972380,2543911,855080,489018
553550,553870,Fan Dance IV,3152.0,1886598,1014814,815052,1098186,632914,716808,671609,1134173,1203771,1197085,786637,871518,972380,2543911,855080,489018
552900,554110,Fountainfall,10587.0,1886598,1014814,815052,1098186,632914,716808,671609,1134173,1203771,1207672,786637,871518,972380,2543911,855080,489018
552900,554150,Last Dance,3960.0,1886598,1014814,815052,1098186,632914,716808,671609,1134173,1203771,1207672,790597,871518,972380,2543911,855080,489018
553550,554170,Fan Dance,4751.0,1886598,1014814,815052,1098186,637665,716808,671609,1134173,1203771,1207672,790597,871518,972380,2543911,855080,489018
554200,554520,Fan Dance IV,859.0,1886598,1014814,815052,1098186,637665,716808,672468,1134173,1203771,1207672,790597,871518,972380,2543911,855080,489018
554200,554820,Fan Dance III,3044.0,1886598,1014814,815052,1098186,637665,719852,672468,1134173,1203771,1207672,790597,871518,972380,2543911,855080,489018
554850,555170,Fan Dance IV,979.0,1886598,1014814,815052,1098186,637665,719852,673447,1134173,1203771,1207672,790597,871518,972380,2543911,855080,489018
555290,556048,Auto,10105.0,1896703,1014814,815052,1098186,637665,719852,673447,1134173,1203771,1207672,790597,871518,972380,2543911,855080,489018
555400,557450,Finishing Move,110344.0,1896703,1014814,815052,1098186,637665,719852,673447,1244517,1203771,1207672,790597,871518,972380,2543911,855080,489018
557900,558340,Saber Dance,16774.0,1896703,1014814,815052,1098186,637665,719852,673447,1244517,1203771,1207672,790597,871518,972380,2560685,855080,489018
557900,558520,Reverse Cascade,16074.0,1896703,1014814,815052,1098186,637665,719852,673447,1244517,1203771,1207672,790597,871518,988454,2560685,855080,489018
557900,558700,Cascade,3703.0,1896703,1018517,815052,1098186,637665,719852,673447,1244517,1203771,1207672,790597,871518,988454,2560685,855080,489018
557900,558880,Fountain,4528.0,1896703,1018517,815052,1098186,637665,719852,673447,1244517,1208299,1207672,790597,871518,988454,2560685,855080,489018
557900,559110,Fountainfall,2828.0,1896703,1018517,815052,1098186,637665,719852,673447,1244517,1208299,1210500,790597,871518,988454,2560685,855080,489018
558410,559168,Auto,10105.0,1906808,1018517,815052,1098186,637665,719852,673447,1244517,1208299,1210500,790597,871518,988454,2560685,855080,489018
558550,559170,Fan Dance,3679.0,1906808,1018517,815052,1098186,641344,719852,673447,1244517,1208299,1210500,790597,871518,988454,2560685,855080,489018
559200,559820,Fan Dance III,2195.0,1906808,1018517,815052,1098186,641344,722047,673447,1244517,1208299,1210500,790597,871518,988454,2560685,855080,489018
560400,560840,Saber Dance,6715.0,1906808,1018517,815052,1098186,641344,722047,673447,1244517,1208299,1210500,790597,871518,988454,2567400,855080,489018
560400,561020,Reverse Cascade,8951.0,1906808,1018517,815052,1098186,641344,722047,673447,1244517,1208299,1210500,790597,871518,997405,2567400,855080,489018
560400,561200,Cascade,8618.0,1906808,1027135,815052,1098186,641344,722047,673447,1244517,1208299,1210500,790597,871518,997405,2567400,855080,489018
560400,561380,Fountain,10713.0,1906808,1027135,815052,1098186,641344,722047,673447,1244517,1219012,1210500,790597,871518,997405,2567400,855080,489018
560400,561610,Fountainfall,2705.0,1906808,1027135,815052,1098186,641344,722047,673447,1244517,1219012,1213205,790597,871518,997405,2567400,855080,489018
561050,561670,Fan Dance,2494.0,1906808,1027135,815052,1098186,643838,722047,673447,1244517,1219012,1213205,790597,871518,997405,2567400,855080,489018
561530,562288,Auto,10105.0,1916913,1027135,815052,1098186,643838,722047,673447,1244517,1219012,1213205,790597,871518,997405,2567400,855080,489018
561700,562320,Fan Dance III,1499.0,1916913,1027135,815052,1098186,643838,723546,673447,1244517,1219012,1213205,790597,871518,997405,2567400,855080,489018
562900,563340,Saber Dance,9652.0,1916913,1027135,815052,1098186,643838,723546,673447,1244517,1219012,1213205,790597,871518,997405,2577052,855080,489018
562900,563520,Reverse Cascade,5407.0,1916913,1027135,815052,1098186,643838,723546,673447,1244517,1219012,1213205,790597,871518,1002812,2577052,855080,489018
562900,563700,Cascade,8001.0,1916913,1035136,815052,1098186,643838,723546,673447,1244517,1219012,1213205,790597,871518,1002812,2577052,855080,489018
562900,563880,Fountain,10165.0,1916913,1035136,815052,1098186,643838,723546,673447,1244517,1229177,1213205,790597,871518,1002812,2577052,855080,489018
562900,564110,Fountainfall,6778.0,1916913,1035136,815052,1098186,643838,723546,673447,1244517,1229177,1219983,790597,871518,1002812,2577052,855080,489018
563550,564170,Fan Dance,2415.0,1916913,1035136,815052,1098186,646253,723546,673447,1244517,1229177,1219983,790597,871518,1002812,2577052,855080,489018
564200,564820,Fan Dance III,1493.0,1916913,1035136,815052,1098186,646253,725039,673447,1244517,1229177,1219983,790597,871518,1002812,2577052,855080,489018
564650,565408,Auto,10105.0,1927018,1035136,815052,1098186,646253,725039,673447,1244517,1229177,1219983,790597,871518,1002812,2577052,855080,489018
565400,565840,Saber Dance,10521.0,1927018,1035136,815052,1098186,646253,725039,673447,1244517,1229177,1219983,790597,871518,1002812,2587573,855080,489018
565400,566020,Reverse Cascade,5142.0,1927018,1035136,815052,1098186,646253,725039,673447,1244517,1229177,1219983,790597,871518,1007954,2587573,855080,489018
565400,566200,Cascade,8218.0,1927018,1043354,815052,1098186,646253,725039,673447,1244517,1229177,1219983,790597,871518,1007954,2587573,855080,489018
565400,566380,Fountain,10332.0,1927018,1043354,815052,1098186,646253,725039,673447,1244517,1239509,1219983,790597,871518,1007954,2587573,855080,489018
565400,566610,Fountainfall,6015.0,1927018,1043354,815052,1098186,646253,725039,673447,1244517,1239509,1225998,790597,871518,1007954,2587573,855080,489018
566050,566670,Fan Dance,2485.0,1927018,1043354,815052,1098186,648738,725039,673447,1244517,1239509,1225998,790597,871518,1007954,2587573,855080,489018
566700,567320,Fan Dance III,1522.0,1927018,1043354,815052,1098186,648738,726561,673447,1244517,1239509,1225998,790597,871518,1007954,2587573,855080,489018
567900,568340,Saber Dance,10634.0,1927018,1043354,815052,1098186,648738,726561,673447,1244517,1239509,1225998,790597,871518,1007954,2598207,855080,489018
567900,568520,Reverse Cascade,5138.0,1927018,1043354,815052,1098186,648738,726561,673447,1244517,1239509,1225998,790597,871518,1013092,2598207,855080,489018
567770,568528,Auto,10105.0,1937123,1043354,815052,1098186,648738,726561,673447,1244517,1239509,1225998,790597,871518,1013092,2598207,855080,489018
567900,568700,Cascade,8004.0,1937123,1051358,815052,1098186,648738,726561,673447,1244517,1239509,1225998,790597,871518,1013092,2598207,855080,489018
567900,568880,Fountain,10350.0,1937123,1051358,815052,1098186,648738,726561,673447,1244517,1249859,1225998,790597,871518,1013092,2598207,855080,489018
567900,569110,Fountainfall,6257.0,1937123,1051358,815052,1098186,648738,726561,673447,1244517,1249859,1232255,790597,871518,1013092,2598207,855080,489018
568550,569170,Fan Dance,2607.0,1937123,1051358,815052,1098186,651345,726561,673447,1244517,1249859,1232255,790597,871518,1013092,2598207,855080,489018
569200,569820,Fan Dance III,1542.0,1937123,1051358,815052,1098186,651345,728103,673447,1244517,1249859,1232255,790597,871518,1013092,2598207,855080,489018
570400,570840,Saber Dance,8622.0,1937123,1051358,815052,1098186,651345,728103,673447,1244517,1249859,1232255,790597,871518,1013092,2606829,855080,489018
570400,571020,Reverse Cascade,5404.0,1937123,1051358,815052,1098186,651345,728103,673447,1244517,1249859,1232255,790597,871518,1018496,2606829,855080,489018
570400,571200,Cascade,8126.0,1937123,1059484,815052,1098186,651345,728103,673447,1244517,1249859,1232255,790597,871518,1018496,2606829,855080,489018
570400,571380,Fountain,10746.0,1937123,1059484,815052,1098186,651345,728103,673447,1244517,1260605,1232255,790597,871518,1018496,2606829,855080,489018
570400,571610,Fountainfall,6531.0,1937123,1059484,815052,1098186,651345,728103,673447,1244517,1260605,1238786,790597,871518,1018496,2606829,855080,489018
570890,571648,Auto,10105.0,1947228,1059484,815052,1098186,651345,728103,673447,1244517,1260605,1238786,790597,871518,1018496,2606829,855080,489018
571050,571670,Fan Dance,2798.0,1947228,1059484,815052,1098186,654143,728103,673447,1244517,1260605,1238786,790597,871518,1018496,2606829,855080,489018
571700,572320,Fan Dance III,1741.0,1947228,1059484,815052,1098186,654143,729844,673447,1244517,1260605,1238786,790597,871518,1018496,2606829,855080,489018
572900,573340,Saber Dance,10830.0,1947228,1059484,815052,1098186,654143,729844,673447,1244517,1260605,1238786,790597,871518,1018496,2617659,855080,489018
572900,573520,Reverse Cascade,4928.0,1947228,1059484,815052,1098186,654143,729844,673447,1244517,1260605,1238786,790597,871518,1023424,2617659,855080,489018
572900,573700,Cascade,8212.0,1947228,1067696,815052,1098186,654143,729844,673447,1244517,1260605,1238786,790597,871518,1023424,2617659,855080,489018
572900,573880,Fountain,10088.0,1947228,1067696,815052,1098186,654143,729844,673447,1244517,1270693,1238786,790597,871518,1023424,2617659,855080,489018
572900,574110,Fountainfall,6385.0,1947228,1067696,815052,1098186,654143,729844,673447,1244517,1270693,1245171,790597,871518,1023424,2617659,855080,489018
573550,574170,Fan Dance,2761.0,1947228,1067696,815052,1098186,656904,729844,673447,1244517,1270693,1245171,790597,871518,1023424,2617659,855080,489018
574010,574768,Auto,10105.0,1957333,1067696,815052,1098186,656904,729844,673447,1244517,1270693,1245171,790597,871518,1023424,2617659,855080,489018
574200,574820,Fan Dance III,1690.0,1957333,1067696,815052,1098186,656904,731534,673447,1244517,1270693,1245171,790597,871518,1023424,2617659,855080,489018
575400,575840,Saber Dance,10395.0,1957333,1067696,815052,1098186,656904,731534,673447,1244517,1270693,1245171,790597,871518,1023424,2628054,855080,489018
575400,576020,Reverse Cascade,5204.0,1957333,1067696,815052,1098186,656904,731534,673447,1244517,1270693,1245171,790597,871518,1028628,2628054,855080,489018
575400,576200,Cascade,8232.0,1957333,1075928,815052,1098186,656904,731534,673447,1244517,1270693,1245171,790597,871518,1028628,2628054,855080,489018
575400,576380,Fountain,10248.0,1957333,1075928,815052,1098186,656904,731534,673447,1244517,1280941,1245171,790597,871518,1028628,2628054,855080,489018
575400,576610,Fountainfall,6099.0,1957333,1075928,815052,1098186,656904,731534,673447,1244517,1280941,1251270,790597,871518,1028628,2628054,855080,489018
576050,576670,Fan Dance,2772.0,1957333,1075928,815052,1098186,659676,731534,673447,1244517,1280941,1251270,790597,871518,1028628,2628054,855080,489018
576700,577320,Fan Dance III,1701.0,1957333,1075928,815052,1098186,659676,733235,673447,1244517,1280941,1251270,790597,871518,1028628,2628054,855080,489018
577130,577888,Auto,10105.0,1967438,1075928,815052,1098186,659676,733235,673447,1244517,1280941,1251270,790597,871518,1028628,2628054,855080,489018
577900,578340,Saber Dance,10388.0,1967438,1075928,815052,1098186,659676,733235,673447,1244517,1280941,1251270,790597,871518,1028628,2638442,855080,489018
577900,578520,Reverse Cascade,5385.0,1967438,1075928,815052,1098186,659676,733235,673447,1244517,1280941,1251270,790597,871518,1034013,2638442,855080,489018
577900,578700,Cascade,8021.0,1967438,1083949,815052,1098186,659676,733235,673447,1244517,1280941,1251270,790597,871518,1034013,2638442,855080,489018
577900,578880,Fountain,10223.0,1967438,1083949,815052,1098186,659676,733235,673447,1244517,1291164,1251270,790597,871518,1034013,2638442,855080,489018
577900,579110,Fountainfall,6240.0,1967438,1083949,815052,1098186,659676,733235,673447,1244517,1291164,1257510,790597,871518,1034013,2638442,855080,489018
578550,579170,Fan Dance,2927.0,1967438,1083949,815052,1098186,662603,733235,673447,1244517,1291164,1257510,790597,871518,1034013,2638442,855080,489018
579200,579820,Fan Dance III,1759.0,1967438,1083949,815052,1098186,662603,734994,673447,1244517,1291164,1257510,790597,871518,1034013,2638442,855080,489018
580400,580840,Saber Dance,10192.0,1967438,1083949,815052,1098186,662603,734994,673447,1244517,1291164,1257510,790597,871518,1034013,2648634,855080,489018
580250,581008,Auto,10105.0,1977543,1083949,815052,1098186,662603,734994,673447,1244517,1291164,1257510,790597,871518,1034013,2648634,855080,489018
580400,581020,Reverse Cascade,5084.0,1977543,1083949,815052,1098186,662603,734994,673447,1244517,1291164,1257510,790597,871518,1039097,2648634,855080,489018
580400,581200,Cascade,8029.0,1977543,1091978,815052,1098186,662603,734994,673447,1244517,1291164,1257510,790597,871518,1039097,2648634,855080,489018
580400,581380,Fountain,10557.0,1977543,1091978,815052,1098186,662603,734994,673447,1244517,1301721,1257510,790597,871518,1039097,2648634,855080,489018
580400,581610,Fountainfall,6310.0,1977543,1091978,815052,1098186,662603,734994,673447,1244517,1301721,1263820,790597,871518,1039097,2648634,855080,489018
581050,581670,Fan Dance,2978.0,1977543,1091978,815052,1098186,665581,734994,673447,1244517,1301721,1263820,790597,871518,1039097,2648634,855080,489018
582900,583340,Saber Dance,8909.0,1977543,1091978,815052,1098186,665581,734994,673447,1244517,1301721,1263820,790597,871518,1039097,2657543,855080,489018
582900,583520,Reverse Cascade,5247.0,1977543,1091978,815052,1098186,665581,734994,673447,1244517,1301721,1263820,790597,871518,1044344,2657543,855080,489018
582900,583700,Cascade,8378.0,1977543,1100356,815052,1098186,665581,734994,673447,1244517,1301721,1263820,790597,871518,1044344,2657543,855080,489018
582900,583880,Fountain,10568.0,1977543,1100356,815052,1098186,665581,734994,673447,1244517,1312289,1263820,790597,871518,1044344,2657543,855080,489018
582900,584110,Fountainfall,6368.0,1977543,1100356,815052,1098186,665581,734994,673447,1244517,1312289,1270188,790597,871518,1044344,2657543,855080,489018
583370,584128,Auto,10105.0,1987648,1100356,815052,1098186,665581,734994,673447,1244517,1312289,1270188,790597,871518,1044344,2657543,855080,489018
583550,584170,Fan Dance,3041.0,1987648,1100356,815052,1098186,668622,734994,673447,1244517,1312289,1270188,790597,871518,1044344,2657543,855080,489018
586490,587248,Auto,10105.0,1997753,1100356,815052,1098186,668622,734994,673447,1244517,1312289,1270188,790597,871518,1044344,2657543,855080,489018
588900,589430,Double Standard Finish,110344.0,1997753,1100356,815052,1208530,668622,734994,673447,1244517,1312289,1270188,790597,871518,1044344,2657543,855080,489018
589610,590368,Auto,10105.0,2007858,1100356,815052,1208530,668622,734994,673447,1244517,1312289,1270188,790597,871518,1044344,2657543,855080,489018
590400,590840,Saber Dance,10662.0,2007858,1100356,815052,1208530,668622,734994,673447,1244517,1312289,1270188,790597,871518,1044344,2668205,855080,489018
590400,591020,Reverse Cascade,5186.0,2007858,1100356,815052,1208530,668622,734994,673447,1244517,1312289,1270188,790597,871518,1049530,2668205,855080,489018
590400,591200,Cascade,8044.0,2007858,1108400,815052,1208530,668622,734994,673447,1244517,1312289,1270188,790597,871518,1049530,2668205,855080,489018
590400,591380,Fountain,10121.0,2007858,1108400,815052,1208530,668622,734994,673447,1244517,1322410,1270188,790597,871518,1049530,2668205,855080,489018
590400,591610,Fountainfall,6399.0,2007858,1108400,815052,1208530,668622,734994,673447,1244517,1322410,1276587,790597,871518,1049530,2668205,855080,489018
591025,591645,Fan Dance,2826.0,2007858,1108400,815052,1208530,671448,734994,673447,1244517,1322410,1276587,790597,871518,1049530,2668205,855080,489018
591025,591645,Fan Dance III,299.0,2007858,1108400,815052,1208530,671448,735293,673447,1244517,1322410,1276587,790597,871518,1049530,2668205,855080,489018
591675,592295,Fan Dance,245.0,2007858,1108400,815052,1208530,671693,735293,673447,1244517,1322410,1276587,790597,871518,1049530,2668205,855080,489018
592900,593340,Saber Dance,10634.0,2007858,1108400,815052,1208530,671693,735293,673447,1244517,1322410,1276587,790597,871518,1049530,2678839,855080,489018
592730,593488,Auto,10105.0,2017963,1108400,815052,1208530,671693,735293,673447,1244517,1322410,1276587,790597,871518,1049530,2678839,855080,489018
592900,593520,Reverse Cascade,5164.0,2017963,1108400,815052,1208530,671693,735293,673447,1244517,1322410,1276587,790597,871518,1054694,2678839,855080,489018
592900,593700,Cascade,8195.0,2017963,1116595,815052,1208530,671693,735293,673447,1244517,1322410,1276587,790597,871518,1054694,2678839,855080,489018
592900,593880,Fountain,10263.0,2017963,1116595,815052,1208530,671693,735293,673447,1244517,1332673,1276587,790597,871518,1054694,2678839,855080,489018
592900,594110,Fountainfall,6037.0,2017963,1116595,815052,1208530,671693,735293,673447,1244517,1332673,1282624,790597,871518,1054694,2678839,855080,489018
593550,594170,Fan Dance III,542.0,2017963,1116595,815052,1208530,671693,735835,673447,1244517,1332673,1282624,790597,871518,1054694,2678839,855080,489018
593550,594170,Fan Dance,2597.0,2017963,1116595,815052,1208530,674290,735835,673447,1244517,1332673,1282624,790597,871518,1054694,2678839,855080,489018
594200,594820,Fan Dance,443.0,2017963,1116595,815052,1208530,674733,735835,673447,1244517,1332673,1282624,790597,871518,1054694,2678839,855080,489018
595400,595840,Saber Dance,10521.0,2017963,1116595,815052,1208530,674733,735835,673447,1244517,1332673,1282624,790597,871518,1054694,2689360,855080,489018
595400,596020,Reverse Cascade,5193.0,2017963,1116595,815052,1208530,674733,735835,673447,1244517,1332673,1282624,790597,871518,1059887,2689360,855080,489018
595400,596200,Cascade,7947.0,2017963,1124542,815052,1208530,674733,735835,673447,1244517,1332673,1282624,790597,871518,1059887,2689360,855080,489018
595400,596380,Fountain,10455.0,2017963,1124542,815052,1208530,674733,735835,673447,1244517,1343128,1282624,790597,871518,1059887,2689360,855080,489018
595850,596608,Auto,10105.0,2028068,1124542,815052,1208530,674733,735835,673447,1244517,1343128,1282624,790597,871518,1059887,2689360,855080,489018
595400,596610,Fountainfall,6222.0,2028068,1124542,815052,1208530,674733,735835,673447,1244517,1343128,1288846,790597,871518,1059887,2689360,855080,489018
596050,596670,Fan Dance,2448.0,2028068,1124542,815052,1208530,677181,735835,673447,1244517,1343128,1288846,790597,871518,1059887,2689360,855080,489018
596050,596670,Fan Dance III,773.0,2028068,1124542,815052,1208530,677181,736608,673447,1244517,1343128,1288846,790597,871518,1059887,2689360,855080,489018
596700,597320,Fan Dance,633.0,2028068,1124542,815052,1208530,677814,736608,673447,1244517,1343128,1288846,790597,871518,1059887,2689360,855080,489018
597900,598340,Saber Dance,10683.0,2028068,1124542,815052,1208530,677814,736608,673447,1244517,1343128,1288846,790597,871518,1059887,2700043,855080,489018
597900,598520,Reverse Cascade,4971.0,2028068,1124542,815052,1208530,677814,736608,673447,1244517,1343128,1288846,790597,871518,1064858,2700043,855080,489018
597900,598700,Cascade,8135.0,2028068,1132677,815052,1208530,677814,736608,673447,1244517,1343128,1288846,790597,871518,1064858,2700043,855080,489018
597900,598880,Fountain,10281.0,2028068,1132677,815052,1208530,677814,736608,673447,1244517,1353409,1288846,790597,871518,1064858,2700043,855080,489018
597900,599110,Fountainfall,6310.0,2028068,1132677,815052,1208530,677814,736608,673447,1244517,1353409,1295156,790597,871518,1064858,2700043,855080,489018
598550,599170,Fan Dance,2270.0,2028068,1132677,815052,1208530,680084,736608,673447,1244517,1353409,1295156,790597,871518,1064858,2700043,855080,489018
598550,599170,Fan Dance III,879.0,2028068,1132677,815052,1208530,680084,737487,673447,1244517,1353409,1295156,790597,871518,1064858,2700043,855080,489018
598970,599728,Auto,10105.0,2038173,1132677,815052,1208530,680084,737487,673447,1244517,1353409,1295156,790597,871518,1064858,2700043,855080,489018
599200,599820,Fan Dance,719.0,2038173,1132677,815052,1208530,680803,737487,673447,1244517,1353409,1295156,790597,871518,1064858,2700043,855080,489018
602090,602848,Auto,10105.0,2048278,1132677,815052,1208530,680803,737487,673447,1244517,1353409,1295156,790597,871518,1064858,2700043,855080,489018
605210,605968,Auto,10105.0,2058383,1132677,815052,1208530,680803,737487,673447,1244517,1353409,1295156,790597,871518,1064858,2700043,855080,489018
606400,606935,Quadruple Technical Finish,168764.0,2058383,1132677,815052,1208530,680803,737487,673447,1244517,1353409,1295156,790597,1040282,1064858,2700043,855080,489018
607900,608740,Tillana,40928.0,2058383,1132677,815052,1208530,680803,737487,673447,1244517,1353409,1295156,790597,1040282,1064858,2700043,855080,529946
607900,608790,Starfall Dance,42952.0,2058383,1132677,815052,1208530,680803,737487,673447,1244517,1353409,1295156,790597,1040282,1064858,2700043,898032,529946
608330,609088,Auto,12285.0,2070668,1132677,815052,1208530,680803,737487,673447,1244517,1353409,1295156,790597,1040282,1064858,2700043,898032,529946
609150,609770,Fan Dance III,34718.0,2070668,1132677,815052,1208530,680803,772205,673447,1244517,1353409,1295156,790597,1040282,1064858,2700043,898032,529946
607900,610260,Dance of the Dawn,48674.0,2070668,1132677,863726,1208530,680803,772205,673447,1244517,1353409,1295156,790597,1040282,1064858,2700043,898032,529946
611025,611345,Fan Dance IV,50491.0,2070668,1132677,863726,1208530,680803,772205,723938,1244517,1353409,1295156,790597,1040282,1064858,2700043,898032,529946
611025,611645,Fan Dance III,10571.0,2070668,1132677,863726,1208530,680803,782776,723938,1244517,1353409,1295156,790597,1040282,1064858,2700043,898032,529946
610400,611650,Last Dance,85226.0,2070668,1132677,863726,1208530,680803,782776,723938,1244517,1353409,1295156,875823,1040282,1064858,2700043,898032,529946
611650,611970,Fan Dance IV,22106.0,2070668,1132677,863726,1208530,680803,782776,746044,1244517,1353409,1295156,875823,1040282,1064858,2700043,898032,529946
611450,612208,Auto,12285.0,2082953,1132677,863726,1208530,680803,782776,746044,1244517,1353409,1295156,875823,1040282,1064858,2700043,898032,529946
611650,612270,Fan Dance,19727.0,2082953,1132677,863726,1208530,700530,782776,746044,1244517,1353409,1295156,875823,1040282,1064858,2700043,898032,529946
612900,613340,Saber Dance,1252.0,2082953,1132677,863726,1208530,700530,782776,746044,1244517,1353409,1295156,875823,1040282,1064858,2701295,898032,529946
612900,613740,Tillana,8787.0,2082953,1132677,863726,1208530,700530,782776,746044,1244517,1353409,1295156,875823,1040282,1064858,2701295,898032,538733
612900,613790,Starfall Dance,33265.0,2082953,1132677,863726,1208530,700530,782776,746044,1244517,1353409,1295156,875823,1040282,1064858,2701295,931297,538733
612900,614110,Fountainfall,579.0,2082953,1132677,863726,1208530,700530,782776,746044,1244517,1353409,1295735,875823,1040282,1064858,2701295,931297,538733
613525,614145,Fan Dance,18316.0,2082953,1132677,863726,1208530,718846,782776,746044,1244517,1353409,1295735,875823,1040282,1064858,2701295,931297,538733
613525,614145,Fan Dance III,12130.0,2082953,1132677,863726,1208530,718846,794906,746044,1244517,1353409,1295735,875823,1040282,1064858,2701295,931297,538733
614150,614770,Fan Dance,18756.0,2082953,1132677,863726,1208530,737602,794906,746044,1244517,1353409,1295735,875823,1040282,1064858,2701295,931297,538733
614150,614770,Fan Dance III,11054.0,2082953,1132677,863726,1208530,737602,805960,746044,1244517,1353409,1295735,875823,1040282,1064858,2701295,931297,538733
612900,615260,Dance of the Dawn,107451.0,2082953,1132677,971177,1208530,737602,805960,746044,1244517,1353409,1295735,875823,1040282,1064858,2701295,931297,538733
614570,615328,Auto,12285.0,2095238,1132677,971177,1208530,737602,805960,746044,1244517,1353409,1295735,875823,1040282,1064858,2701295,931297,538733
614800,615420,Fan Dance III,11536.0,2095238,1132677,971177,1208530,737602,817496,746044,1244517,1353409,1295735,875823,1040282,1064858,2701295,931297,538733
614800,615420,Fan Dance,15481.0,2095238,1132677,971177,1208530,753083,817496,746044,1244517,1353409,1295735,875823,1040282,1064858,2701295,931297,538733
616025,616645,Fan Dance,9114.0,2095238,1132677,971177,1208530,762197,817496,746044,1244517,1353409,1295735,875823,1040282,1064858,2701295,931297,538733
616025,616645,Fan Dance III,9429.0,2095238,1132677,971177,1208530,762197,826925,746044,1244517,1353409,1295735,875823,1040282,1064858,2701295,931297,538733
616650,617270,Fan Dance,2169.0,2095238,1132677,971177,1208530,764366,826925,746044,1244517,1353409,1295735,875823,1040282,1064858,2701295,931297,538733
616650,617270,Fan Dance III,5721.0,2095238,1132677,971177,1208530,764366,832646,746044,1244517,1353409,1295735,875823,1040282,1064858,2701295,931297,538733
615400,617450,Finishing Move,134157.0,2095238,1132677,971177,1208530,764366,832646,746044,1378674,1353409,1295735,875823,1040282,1064858,2701295,931297,538733
617900,618340,Saber Dance,57323.0,2095238,1132677,971177,1208530,764366,832646,746044,1378674,1353409,1295735,875823,1040282,1064858,2758618,931297,538733
617690,618448,Auto,12285.0,2107523,1132677,971177,1208530,764366,832646,746044,1378674,1353409,1295735,875823,1040282,1064858,2758618,931297,538733
617900,618740,Tillana,2291.0,2107523,1132677,971177,1208530,764366,832646,746044,1378674,1353409,1295735,875823,1040282,1064858,2758618,931297,541024
617900,618790,Starfall Dance,38034.0,2107523,1132677,971177,1208530,764366,832646,746044,1378674,1353409,1295735,875823,1040282,1064858,2758618,969331,541024
617900,619110,Fountainfall,3364.0,2107523,1132677,971177,1208530,764366,832646,746044,1378674,1353409,1299099,875823,1040282,1064858,2758618,969331,541024
618525,619145,Fan Dance,860.0,2107523,1132677,971177,1208530,765226,832646,746044,1378674,1353409,1299099,875823,1040282,1064858,2758618,969331,541024
618525,619145,Fan Dance III,1333.0,2107523,1132677,971177,1208530,765226,833979,746044,1378674,1353409,1299099,875823,1040282,1064858,2758618,969331,541024
619150,619770,Fan Dance,39.0,2107523,1132677,971177,1208530,765265,833979,746044,1378674,1353409,1299099,875823,1040282,1064858,2758618,969331,541024
619150,619770,Fan Dance III,517.0,2107523,1132677,971177,1208530,765265,834496,746044,1378674,1353409,1299099,875823,1040282,1064858,2758618,969331,541024
617900,620260,Dance of the Dawn,1704.0,2107523,1132677,972881,1208530,765265,834496,746044,1378674,1353409,1299099,875823,1040282,1064858,2758618,969331,541024
620400,620840,Saber Dance,37158.0,2107523,1132677,972881,1208530,765265,834496,746044,1378674,1353409,1299099,875823,1040282,1064858,2795776,969331,541024
620400,621020,Reverse Cascade,406.0,2107523,1132677,972881,1208530,765265,834496,746044,1378674,1353409,1299099,875823,1040282,1065264,2795776,969331,541024
620400,621240,Tillana,14507.0,2107523,1132677,972881,1208530,765265,834496,746044,1378674,1353409,1299099,875823,1040282,1065264,2795776,969331,555531
620400,621290,Starfall Dance,49178.0,2107523,1132677,972881,1208530,765265,834496,746044,1378674,1353409,1299099,875823,1040282,1065264,2795776,1018509,555531
620810,621568,Auto,12285.0,2119808,1132677,972881,1208530,765265,834496,746044,1378674,1353409,1299099,875823,1040282,1065264,2795776,1018509,555531
620400,621610,Fountainfall,5612.0,2119808,1132677,972881,1208530,765265,834496,746044,1378674,1353409,1304711,875823,1040282,1065264,2795776,1018509,555531
621050,621670,Fan Dance,1638.0,2119808,1132677,972881,1208530,766903,834496,746044,1378674,1353409,1304711,875823,1040282,1065264,2795776,1018509,555531
621050,621670,Fan Dance III,31.0,2119808,1132677,972881,1208530,766903,834527,746044,1378674,1353409,1304711,875823,1040282,1065264,2795776,1018509,555531
621700,622320,Fan Dance III,913.0,2119808,1132677,972881,1208530,766903,835440,746044,1378674,1353409,1304711,875823,1040282,1065264,2795776,1018509,555531
622900,623340,Saber Dance,54204.0,2119808,1132677,972881,1208530,766903,835440,746044,1378674,1353409,1304711,875823,1040282,1065264,2849980,1018509,555531
622900,623520,Reverse Cascade,1131.0,2119808,1132677,972881,1208530,766903,835440,746044,1378674,1353409,1304711,875823,1040282,1066395,2849980,1018509,555531
622900,623700,Cascade,6.0,2119808,1132683,972881,1208530,766903,835440,746044,1378674,1353409,1304711,875823,1040282,1066395,2849980,1018509,555531
622900,623740,Tillana,12073.0,2119808,1132683,972881,1208530,766903,835440,746044,1378674,1353409,1304711,875823,1040282,1066395,2849980,1018509,567604
622900,623790,Starfall Dance,2053.0,2119808,1132683,972881,1208530,766903,835440,746044,1378674,1353409,1304711,875823,1040282,1066395,2849980,1020562,567604
622900,623880,Fountain,8.0,2119808,1132683,972881,1208530,766903,835440,746044,1378674,1353417,1304711,875823,1040282,1066395,2849980,1020562,567604
622900,624110,Fountainfall,10629.0,2119808,1132683,972881,1208530,766903,835440,746044,1378674,1353417,1315340,875823,1040282,1066395,2849980,1020562,567604
623550,624170,Fan Dance,3175.0,2119808,1132683,972881,1208530,770078,835440,746044,1378674,1353417,1315340,875823,1040282,1066395,2849980,1020562,567604
623930,624688,Auto,12285.0,2132093,1132683,972881,1208530,770078,835440,746044,1378674,1353417,1315340,875823,1040282,1066395,2849980,1020562,567604
624200,624820,Fan Dance III,1867.0,2132093,1132683,972881,1208530,770078,837307,746044,1378674,1353417,1315340,875823,1040282,1066395,2849980,1020562,567604
625400,625840,Saber Dance,36042.0,2132093,1132683,972881,1208530,770078,837307,746044,1378674,1353417,1315340,875823,1040282,1066395,2886022,1020562,567604
625400,626020,Reverse Cascade,1979.0,2132093,1132683,972881,1208530,770078,837307,746044,1378674,1353417,1315340,875823,1040282,1068374,2886022,1020562,567604
625400,626240,Tillana,16108.0,2132093,1132683,972881,1208530,770078,837307,746044,1378674,1353417,1315340,875823,1040282,1068374,2886022,1020562,583712
625400,626290,Starfall Dance,99.0,2132093,1132683,972881,1208530,770078,837307,746044,1378674,1353417,1315340,875823,1040282,1068374,2886022,1020661,583712
625400,626610,Fountainfall,19402.0,2132093,1132683,972881,1208530,770078,837307,746044,1378674,1353417,1334742,875823,1040282,1068374,2886022,1020661,583712
626050,626670,Fan Dance,5896.0,2132093,1132683,972881,1208530,775974,837307,746044,1378674,1353417,1334742,875823,1040282,1068374,2886022,1020661,583712
626700,627320,Fan Dance III,3753.0,2132093,1132683,972881,1208530,775974,841060,746044,1378674,1353417,1334742,875823,1040282,1068374,2886022,1020661,583712
627050,627808,Auto,10610.0,2142703,1132683,972881,1208530,775974,841060,746044,1378674,1353417,1334742,875823,1040282,1068374,2886022,1020661,583712
627900,628340,Saber Dance,35659.0,2142703,1132683,972881,1208530,775974,841060,746044,1378674,1353417,1334742,875823,1040282,1068374,2921681,1020661,583712
627900,628520,Reverse Cascade,9049.0,2142703,1132683,972881,1208530,775974,841060,746044,1378674,1353417,1334742,875823,1040282,1077423,2921681,1020661,583712
627900,628700,Cascade,217.0,2142703,1132900,972881,1208530,775974,841060,746044,1378674,1353417,1334742,875823,1040282,1077423,2921681,1020661,583712
627900,629110,Fountainfall,10357.0,2142703,1132900,972881,1208530,775974,841060,746044,1378674,1353417,1345099,875823,1040282,1077423,2921681,1020661,583712
630400,630840,Saber Dance,18702.0,2142703,1132900,972881,1208530,775974,841060,746044,1378674,1353417,1345099,875823,1040282,1077423,2940383,1020661,583712
630170,630928,Auto,10105.0,2152808,1132900,972881,1208530,775974,841060,746044,1378674,1353417,1345099,875823,1040282,1077423,2940383,1020661,583712
630400,631020,Reverse Cascade,15830.0,2152808,1132900,972881,1208530,775974,841060,746044,1378674,1353417,1345099,875823,1040282,1093253,2940383,1020661,583712
630400,631200,Cascade,5171.0,2152808,1138071,972881,1208530,775974,841060,746044,1378674,1353417,1345099,875823,1040282,1093253,2940383,1020661,583712
630400,631380,Fountain,112.0,2152808,1138071,972881,1208530,775974,841060,746044,1378674,1353529,1345099,875823,1040282,1093253,2940383,1020661,583712
630400,631610,Fountainfall,5004.0,2152808,1138071,972881,1208530,775974,841060,746044,1378674,1353529,1350103,875823,1040282,1093253,2940383,1020661,583712
632900,633340,Saber Dance,7717.0,2152808,1138071,972881,1208530,775974,841060,746044,1378674,1353529,1350103,875823,1040282,1093253,2948100,1020661,583712
632900,633520,Reverse Cascade,11386.0,2152808,1138071,972881,1208530,775974,841060,746044,1378674,1353529,1350103,875823,1040282,1104639,2948100,1020661,583712
632900,633700,Cascade,13738.0,2152808,1151809,972881,1208530,775974,841060,746044,1378674,1353529,1350103,875823,1040282,1104639,2948100,1020661,583712
632900,633880,Fountain,2961.0,2152808,1151809,972881,1208530,775974,841060,746044,1378674,1356490,1350103,875823,1040282,1104639,2948100,1020661,583712
633290,634048,Auto,10105.0,2162913,1151809,972881,1208530,775974,841060,746044,1378674,1356490,1350103,875823,1040282,1104639,2948100,1020661,583712
632900,634110,Fountainfall,617.0,2162913,1151809,972881,1208530,775974,841060,746044,1378674,1356490,1350720,875823,1040282,1104639,2948100,1020661,583712
635400,635840,Saber Dance,5720.0,2162913,1151809,972881,1208530,775974,841060,746044,1378674,1356490,1350720,875823,1040282,1104639,2953820,1020661,583712
635400,636020,Reverse Cascade,9278.0,2162913,1151809,972881,1208530,775974,841060,746044,1378674,1356490,1350720,875823,1040282,1113917,2953820,1020661,583712
635400,636200,Cascade,9380.0,2162913,1161189,972881,1208530,775974,841060,746044,1378674,1356490,1350720,875823,1040282,1113917,2953820,1020661,583712
635400,636380,Fountain,10619.0,2162913,1161189,972881,1208530,775974,841060,746044,1378674,1367109,1350720,875823,1040282,1113917,2953820,1020661,583712
635400,636610,Fountainfall,1871.0,2162913,1161189,972881,1208530,775974,841060,746044,1378674,1367109,1352591,875823,1040282,1113917,2953820,1020661,583712
636410,637168,Auto,10105.0,2173018,1161189,972881,1208530,775974,841060,746044,1378674,1367109,1352591,875823,1040282,1113917,2953820,1020661,583712
637900,638340,Saber Dance,8755.0,2173018,1161189,972881,1208530,775974,841060,746044,1378674,1367109,1352591,875823,1040282,1113917,2962575,1020661,583712
637900,638520,Reverse Cascade,6236.0,2173018,1161189,972881,1208530,775974,841060,746044,1378674,1367109,1352591,875823,1040282,1120153,2962575,1020661,583712
637900,638700,Cascade,4960.0,2173018,1166149,972881,1208530,775974,841060,746044,1378674,1367109,1352591,875823,1040282,1120153,2962575,1020661,583712
637900,638880,Fountain,13933.0,2173018,1166149,972881,1208530,775974,841060,746044,1378674,1381042,1352591,875823,1040282,1120153,2962575,1020661,583712
637900,639110,Fountainfall,6460.0,2173018,1166149,972881,1208530,775974,841060,746044,1378674,1381042,1359051,875823,1040282,1120153,2962575,1020661,583712
639530,640288,Auto,10105.0,2183123,1166149,972881,1208530,775974,841060,746044,1378674,1381042,1359051,875823,1040282,1120153,2962575,1020661,583712
640400,640840,Saber Dance,10073.0,2183123,1166149,972881,1208530,775974,841060,746044,1378674,1381042,1359051,875823,1040282,1120153,2972648,1020661,583712
640400,641020,Reverse Cascade,2947.0,2183123,1166149,972881,1208530,775974,841060,746044,1378674,1381042,1359051,875823,1040282,1123100,2972648,1020661,583712
640400,641200,Cascade,8372.0,2183123,1174521,972881,1208530,775974,841060,746044,1378674,1381042,1359051,875823,1040282,1123100,2972648,1020661,583712
640400,641380,Fountain,10550.0,2183123,1174521,972881,1208530,775974,841060,746044,1378674,1391592,1359051,875823,1040282,1123100,2972648,1020661,583712
640400,641610,Fountainfall,8460.0,2183123,1174521,972881,1208530,775974,841060,746044,1378674,1391592,1367511,875823,1040282,1123100,2972648,1020661,583712
641050,641670,Fan Dance,16.0,2183123,1174521,972881,1208530,775990,841060,746044,1378674,1391592,1367511,875823,1040282,1123100,2972648,1020661,583712
641700,642320,Fan Dance III,14.0,2183123,1174521,972881,1208530,775990,841074,746044,1378674,1391592,1367511,875823,1040282,1123100,2972648,1020661,583712
642900,643340,Saber Dance,10830.0,2183123,1174521,972881,1208530,775990,841074,746044,1378674,1391592,1367511,875823,1040282,1123100,2983478,1020661,583712
642650,643408,Auto,10105.0,2193228,1174521,972881,1208530,775990,841074,746044,1378674,1391592,1367511,875823,1040282,1123100,2983478,1020661,583712
642900,643520,Reverse Cascade,5287.0,2193228,1174521,972881,1208530,775990,841074,746044,1378674,1391592,1367511,875823,1040282,1128387,2983478,1020661,583712
642900,643700,Cascade,9663.0,2193228,1184184,972881,1208530,775990,841074,746044,1378674,1391592,1367511,875823,1040282,1128387,2983478,1020661,583712
642900,643880,Fountain,7806.0,2193228,1184184,972881,1208530,775990,841074,746044,1378674,1399398,1367511,875823,1040282,1128387,2983478,1020661,583712
642900,644110,Fountainfall,6478.0,2193228,1184184,972881,1208530,775990,841074,746044,1378674,1399398,1373989,875823,1040282,1128387,2983478,1020661,583712
643550,644170,Fan Dance,93.0,2193228,1184184,972881,1208530,776083,841074,746044,1378674,1399398,1373989,875823,1040282,1128387,2983478,1020661,583712
644200,644820,Fan Dance III,45.0,2193228,1184184,972881,1208530,776083,841119,746044,1378674,1399398,1373989,875823,1040282,1128387,2983478,1020661,583712
645770,646528,Auto,10105.0,2203333,1184184,972881,1208530,776083,841119,746044,1378674,1399398,1373989,875823,1040282,1128387,2983478,1020661,583712
648900,649430,Double Standard Finish,110344.0,2203333,1184184,972881,1318874,776083,841119,746044,1378674,1399398,1373989,875823,1040282,1128387,2983478,1020661,583712
648890,649648,Auto,10105.0,2213438,1184184,972881,1318874,776083,841119,746044,1378674,1399398,1373989,875823,1040282,1128387,2983478,1020661,583712
650400,650840,Saber Dance,13017.0,2213438,1184184,972881,1318874,776083,841119,746044,1378674,1399398,1373989,875823,1040282,1128387,2996495,1020661,583712
650400,651020,Reverse Cascade,5763.0,2213438,1184184,972881,1318874,776083,841119,746044,1378674,1399398,1373989,875823,1040282,1134150,2996495,1020661,583712
650400,651200,Cascade,7318.0,2213438,1191502,972881,1318874,776083,841119,746044,1378674,1399398,1373989,875823,1040282,1134150,2996495,1020661,583712
650400,651380,Fountain,10619.0,2213438,1191502,972881,1318874,776083,841119,746044,1378674,1410017,1373989,875823,1040282,1134150,2996495,1020661,583712
650400,651610,Fountainfall,4730.0,2213438,1191502,972881,1318874,776083,841119,746044,1378674,1410017,1378719,875823,1040282,1134150,2996495,1020661,583712
651050,651670,Fan Dance,158.0,2213438,1191502,972881,1318874,776241,841119,746044,1378674,1410017,1378719,875823,1040282,1134150,2996495,1020661,583712
651700,652320,Fan Dance III,99.0,2213438,1191502,972881,1318874,776241,841218,746044,1378674,1410017,1378719,875823,1040282,1134150,2996495,1020661,583712
652010,652768,Auto,10105.0,2223543,1191502,972881,1318874,776241,841218,746044,1378674,1410017,1378719,875823,1040282,1134150,2996495,1020661,583712
652900,653340,Saber Dance,9379.0,2223543,1191502,972881,1318874,776241,841218,746044,1378674,1410017,1378719,875823,1040282,1134150,3005874,1020661,583712
652900,653520,Reverse Cascade,5320.0,2223543,1191502,972881,1318874,776241,841218,746044,1378674,1410017,1378719,875823,1040282,1139470,3005874,1020661,583712
652900,653700,Cascade,7684.0,2223543,1199186,972881,1318874,776241,841218,746044,1378674,1410017,1378719,875823,1040282,1139470,3005874,1020661,583712
652900,653880,Fountain,11011.0,2223543,1199186,972881,1318874,776241,841218,746044,1378674,1421028,1378719,875823,1040282,1139470,3005874,1020661,583712
652900,654110,Fountainfall,6518.0,2223543,1199186,972881,1318874,776241,841218,746044,1378674,1421028,1385237,875823,1040282,1139470,3005874,1020661,583712
653550,654170,Fan Dance,275.0,2223543,1199186,972881,1318874,776516,841218,746044,1378674,1421028,1385237,875823,1040282,1139470,3005874,1020661,583712
654200,654820,Fan Dance III,174.0,2223543,1199186,972881,1318874,776516,841392,746044,1378674,1421028,1385237,875823,1040282,1139470,3005874,1020661,583712
655400,655840,Saber Dance,9379.0,2223543,1199186,972881,1318874,776516,841392,746044,1378674,1421028,1385237,875823,1040282,1139470,3015253,1020661,583712
655130,655888,Auto,10105.0,2233648,1199186,972881,1318874,776516,841392,746044,1378674,1421028,1385237,875823,1040282,1139470,3015253,1020661,583712
655400,656020,Reverse Cascade,5033.0,2233648,1199186,972881,1318874,776516,841392,746044,1378674,1421028,1385237,875823,1040282,1144503,3015253,1020661,583712
655400,656200,Cascade,8272.0,2233648,1207458,972881,1318874,776516,841392,746044,1378674,1421028,1385237,875823,1040282,1144503,3015253,1020661,583712
655400,656380,Fountain,10390.0,2233648,1207458,972881,1318874,776516,841392,746044,1378674,1431418,1385237,875823,1040282,1144503,3015253,1020661,583712
655400,656610,Fountainfall,6712.0,2233648,1207458,972881,1318874,776516,841392,746044,1378674,1431418,1391949,875823,1040282,1144503,3015253,1020661,583712
656050,656670,Fan Dance,499.0,2233648,1207458,972881,1318874,777015,841392,746044,1378674,1431418,1391949,875823,1040282,1144503,3015253,1020661,583712
656700,657320,Fan Dance III,282.0,2233648,1207458,972881,1318874,777015,841674,746044,1378674,1431418,1391949,875823,1040282,1144503,3015253,1020661,583712
657900,658340,Saber Dance,10185.0,2233648,1207458,972881,1318874,777015,841674,746044,1378674,1431418,1391949,875823,1040282,1144503,3025438,1020661,583712
657900,658520,Reverse Cascade,5106.0,2233648,1207458,972881,1318874,777015,841674,746044,1378674,1431418,1391949,875823,1040282,1149609,3025438,1020661,583712
657900,658700,Cascade,8640.0,2233648,1216098,972881,1318874,777015,841674,746044,1378674,1431418,1391949,875823,1040282,1149609,3025438,1020661,583712
657900,658880,Fountain,9805.0,2233648,1216098,972881,1318874,777015,841674,746044,1378674,1441223,1391949,875823,1040282,1149609,3025438,1020661,583712
658250,659008,Auto,10105.0,2243753,1216098,972881,1318874,777015,841674,746044,1378674,1441223,1391949,875823,1040282,1149609,3025438,1020661,583712
657900,659110,Fountainfall,6257.0,2243753,1216098,972881,1318874,777015,841674,746044,1378674,1441223,1398206,875823,1040282,1149609,3025438,1020661,583712
658550,659170,Fan Dance,537.0,2243753,1216098,972881,1318874,777552,841674,746044,1378674,1441223,1398206,875823,1040282,1149609,3025438,1020661,583712
659200,659820,Fan Dance III,336.0,2243753,1216098,972881,1318874,777552,842010,746044,1378674,1441223,1398206,875823,1040282,1149609,3025438,1020661,583712
660400,660840,Saber Dance,11419.0,2243753,1216098,972881,1318874,777552,842010,746044,1378674,1441223,1398206,875823,1040282,1149609,3036857,1020661,583712
660400,661020,Reverse Cascade,5327.0,2243753,1216098,972881,1318874,777552,842010,746044,1378674,1441223,1398206,875823,1040282,1154936,3036857,1020661,583712
660400,661200,Cascade,7729.0,2243753,1223827,972881,1318874,777552,842010,746044,1378674,1441223,1398206,875823,1040282,1154936,3036857,1020661,583712
660400,661380,Fountain,10393.0,2243753,1223827,972881,1318874,777552,842010,746044,1378674,1451616,1398206,875823,1040282,1154936,3036857,1020661,583712
660400,661610,Fountainfall,5904.0,2243753,1223827,972881,1318874,777552,842010,746044,1378674,1451616,1404110,875823,1040282,1154936,3036857,1020661,583712
661050,661670,Fan Dance,614.0,2243753,1223827,972881,1318874,778166,842010,746044,1378674,1451616,1404110,875823,1040282,1154936,3036857,1020661,583712
661370,662128,Auto,10105.0,2253858,1223827,972881,1318874,778166,842010,746044,1378674,1451616,1404110,875823,1040282,1154936,3036857,1020661,583712
661700,662320,Fan Dance III,405.0,2253858,1223827,972881,1318874,778166,842415,746044,1378674,1451616,1404110,875823,1040282,1154936,3036857,1020661,583712
662900,663340,Saber Dance,10409.0,2253858,1223827,972881,1318874,778166,842415,746044,1378674,1451616,1404110,875823,1040282,1154936,3047266,1020661,583712
662900,663520,Reverse Cascade,5167.0,2253858,1223827,972881,1318874,778166,842415,746044,1378674,1451616,1404110,875823,1040282,1160103,3047266,1020661,583712
662900,663700,Cascade,7789.0,2253858,1231616,972881,1318874,778166,842415,746044,1378674,1451616,1404110,875823,1040282,1160103,3047266,1020661,583712
662900,663880,Fountain,10488.0,2253858,1231616,972881,1318874,778166,842415,746044,1378674,1462104,1404110,875823,1040282,1160103,3047266,1020661,583712
662900,664110,Fountainfall,6527.0,2253858,1231616,972881,1318874,778166,842415,746044,1378674,1462104,1410637,875823,1040282,1160103,3047266,1020661,583712
663550,664170,Fan Dance,918.0,2253858,1231616,972881,1318874,779084,842415,746044,1378674,1462104,1410637,875823,1040282,1160103,3047266,1020661,583712
664200,664820,Fan Dance III,539.0,2253858,1231616,972881,1318874,779084,842954,746044,1378674,1462104,1410637,875823,1040282,1160103,3047266,1020661,583712
664490,665248,Auto,10105.0,2263963,1231616,972881,1318874,779084,842954,746044,1378674,1462104,1410637,875823,1040282,1160103,3047266,1020661,583712
665400,665840,Saber Dance,10430.0,2263963,1231616,972881,1318874,779084,842954,746044,1378674,1462104,1410637,875823,1040282,1160103,3057696,1020661,583712
665400,666020,Reverse Cascade,5000.0,2263963,1231616,972881,1318874,779084,842954,746044,1378674,1462104,1410637,875823,1040282,1165103,3057696,1020661,583712
665400,666200,Cascade,8272.0,2263963,1239888,972881,1318874,779084,842954,746044,1378674,1462104,1410637,875823,1040282,1165103,3057696,1020661,583712
665400,666380,Fountain,10168.0,2263963,1239888,972881,1318874,779084,842954,746044,1378674,1472272,1410637,875823,1040282,1165103,3057696,1020661,583712
665400,666610,Fountainfall,6359.0,2263963,1239888,972881,1318874,779084,842954,746044,1378674,1472272,1416996,875823,1040282,1165103,3057696,1020661,583712
666050,666670,Fan Dance,983.0,2263963,1239888,972881,1318874,780067,842954,746044,1378674,1472272,1416996,875823,1040282,1165103,3057696,1020661,583712
666700,667320,Fan Dance III,602.0,2263963,1239888,972881,1318874,780067,843556,746044,1378674,1472272,1416996,875823,1040282,1165103,3057696,1020661,583712
667900,668340,Saber Dance,8727.0,2263963,1239888,972881,1318874,780067,843556,746044,1378674,1472272,1416996,875823,1040282,1165103,3066423,1020661,583712
667610,668368,Auto,10105.0,2274068,1239888,972881,1318874,780067,843556,746044,1378674,1472272,1416996,875823,1040282,1165103,3066423,1020661,583712
667900,669110,Fountainfall,5975.0,2274068,1239888,972881,1318874,780067,843556,746044,1378674,1472272,1422971,875823,1040282,1165103,3066423,1020661,583712
667900,669150,Last Dance,51880.0,2274068,1239888,972881,1318874,780067,843556,746044,1378674,1472272,1422971,927703,1040282,1165103,3066423,1020661,583712
669150,669770,Fan Dance III,28555.0,2274068,1239888,972881,1318874,780067,872111,746044,1378674,1472272,1422971,927703,1040282,1165103,3066423,1020661,583712
670400,670840,Saber Dance,3582.0,2274068,1239888,972881,1318874,780067,872111,746044,1378674,1472272,1422971,927703,1040282,1165103,3070005,1020661,583712
671025,671345,Fan Dance IV,49351.0,2274068,1239888,972881,1318874,780067,872111,795395,1378674,1472272,1422971,927703,1040282,1165103,3070005,1020661,583712
670730,671488,Auto,10105.0,2284173,1239888,972881,1318874,780067,872111,795395,1378674,1472272,1422971,927703,1040282,1165103,3070005,1020661,583712
670400,671610,Fountainfall,32661.0,2284173,1239888,972881,1318874,780067,872111,795395,1378674,1472272,1455632,927703,1040282,1165103,3070005,1020661,583712
671025,671645,Fan Dance,4053.0,2284173,1239888,972881,1318874,784120,872111,795395,1378674,1472272,1455632,927703,1040282,1165103,3070005,1020661,583712
670400,671650,Last Dance,14636.0,2284173,1239888,972881,1318874,784120,872111,795395,1378674,1472272,1455632,942339,1040282,1165103,3070005,1020661,583712
671675,671995,Fan Dance IV,5123.0,2284173,1239888,972881,1318874,784120,872111,800518,1378674,1472272,1455632,942339,1040282,1165103,3070005,1020661,583712
671675,672295,Fan Dance III,2504.0,2284173,1239888,972881,1318874,784120,874615,800518,1378674,1472272,1455632,942339,1040282,1165103,3070005,1020661,583712
672900,673340,Saber Dance,14131.0,2284173,1239888,972881,1318874,784120,874615,800518,1378674,1472272,1455632,942339,1040282,1165103,3084136,1020661,583712
672900,673520,Reverse Cascade,19770.0,2284173,1239888,972881,1318874,784120,874615,800518,1378674,1472272,1455632,942339,1040282,1184873,3084136,1020661,583712
673550,673870,Fan Dance IV,3409.0,2284173,1239888,972881,1318874,784120,874615,803927,1378674,1472272,1455632,942339,1040282,1184873,3084136,1020661,583712
672900,674110,Fountainfall,8971.0,2284173,1239888,972881,1318874,784120,874615,803927,1378674,1472272,1464603,942339,1040282,1184873,3084136,1020661,583712
672900,674150,Last Dance,3582.0,2284173,1239888,972881,1318874,784120,874615,803927,1378674,1472272,1464603,945921,1040282,1184873,3084136,1020661,583712
673550,674170,Fan Dance,4707.0,2284173,1239888,972881,1318874,788827,874615,803927,1378674,1472272,1464603,945921,1040282,1184873,3084136,1020661,583712
674200,674520,Fan Dance IV,835.0,2284173,1239888,972881,1318874,788827,874615,804762,1378674,1472272,1464603,945921,1040282,1184873,3084136,1020661,583712
673850,674608,Auto,10105.0,2294278,1239888,972881,1318874,788827,874615,804762,1378674,1472272,1464603,945921,1040282,1184873,3084136,1020661,583712
674200,674820,Fan Dance III,3024.0,2294278,1239888,972881,1318874,788827,877639,804762,1378674,1472272,1464603,945921,1040282,1184873,3084136,1020661,583712
674850,675170,Fan Dance IV,991.0,2294278,1239888,972881,1318874,788827,877639,805753,1378674,1472272,1464603,945921,1040282,1184873,3084136,1020661,583712
675400,677450,Finishing Move,110344.0,2294278,1239888,972881,1318874,788827,877639,805753,1489018,1472272,1464603,945921,1040282,1184873,3084136,1020661,583712
676970,677728,Auto,10105.0,2304383,1239888,972881,1318874,788827,877639,805753,1489018,1472272,1464603,945921,1040282,1184873,3084136,1020661,583712
677900,678340,Saber Dance,14363.0,2304383,1239888,972881,1318874,788827,877639,805753,1489018,1472272,1464603,945921,1040282,1184873,3098499,1020661,583712
677900,678520,Reverse Cascade,15947.0,2304383,1239888,972881,1318874,788827,877639,805753,1489018,1472272,1464603,945921,1040282,1200820,3098499,1020661,583712
677900,678700,Cascade,4417.0,2304383,1244305,972881,1318874,788827,877639,805753,1489018,1472272,1464603,945921,1040282,1200820,3098499,1020661,583712
677900,678880,Fountain,5269.0,2304383,1244305,972881,1318874,788827,877639,805753,1489018,1477541,1464603,945921,1040282,1200820,3098499,1020661,583712
677900,679110,Fountainfall,2497.0,2304383,1244305,972881,1318874,788827,877639,805753,1489018,1477541,1467100,945921,1040282,1200820,3098499,1020661,583712
678550,679170,Fan Dance,3464.0,2304383,1244305,972881,1318874,792291,877639,805753,1489018,1477541,1467100,945921,1040282,1200820,3098499,1020661,583712
679200,679820,Fan Dance III,2081.0,2304383,1244305,972881,1318874,792291,879720,805753,1489018,1477541,1467100,945921,1040282,1200820,3098499,1020661,583712
680400,680840,Saber Dance,8383.0,2304383,1244305,972881,1318874,792291,879720,805753,1489018,1477541,1467100,945921,1040282,1200820,3106882,1020661,583712
680090,680848,Auto,10105.0,2314488,1244305,972881,1318874,792291,879720,805753,1489018,1477541,1467100,945921,1040282,1200820,3106882,1020661,583712
680400,681020,Reverse Cascade,8733.0,2314488,1244305,972881,1318874,792291,879720,805753,1489018,1477541,1467100,945921,1040282,1209553,3106882,1020661,583712
680400,681200,Cascade,8001.0,2314488,1252306,972881,1318874,792291,879720,805753,1489018,1477541,1467100,945921,1040282,1209553,3106882,1020661,583712
680400,681380,Fountain,10321.0,2314488,1252306,972881,1318874,792291,879720,805753,1489018,1487862,1467100,945921,1040282,1209553,3106882,1020661,583712
680400,681610,Fountainfall,3349.0,2314488,1252306,972881,1318874,792291,879720,805753,1489018,1487862,1470449,945921,1040282,1209553,3106882,1020661,583712
681050,681670,Fan Dance,2604.0,2314488,1252306,972881,1318874,794895,879720,805753,1489018,1487862,1470449,945921,1040282,1209553,3106882,1020661,583712
681700,682320,Fan Dance III,1681.0,2314488,1252306,972881,1318874,794895,881401,805753,1489018,1487862,1470449,945921,1040282,1209553,3106882,1020661,583712
682900,683340,Saber Dance,10409.0,2314488,1252306,972881,1318874,794895,881401,805753,1489018,1487862,1470449,945921,1040282,1209553,3117291,1020661,583712
682900,683520,Reverse Cascade,4997.0,2314488,1252306,972881,1318874,794895,881401,805753,1489018,1487862,1470449,945921,1040282,1214550,3117291,1020661,583712
682900,683700,Cascade,7947.0,2314488,1260253,972881,1318874,794895,881401,805753,1489018,1487862,1470449,945921,1040282,1214550,3117291,1020661,583712
682900,683880,Fountain,10673.0,2314488,1260253,972881,1318874,794895,881401,805753,1489018,1498535,1470449,945921,1040282,1214550,3117291,1020661,583712
683210,683968,Auto,10105.0,2324593,1260253,972881,1318874,794895,881401,805753,1489018,1498535,1470449,945921,1040282,1214550,3117291,1020661,583712
682900,684110,Fountainfall,6266.0,2324593,1260253,972881,1318874,794895,881401,805753,1489018,1498535,1476715,945921,1040282,1214550,3117291,1020661,583712
683550,684170,Fan Dance,2347.0,2324593,1260253,972881,1318874,797242,881401,805753,1489018,1498535,1476715,945921,1040282,1214550,3117291,1020661,583712
684200,684820,Fan Dance III,1410.0,2324593,1260253,972881,1318874,797242,882811,805753,1489018,1498535,1476715,945921,1040282,1214550,3117291,1020661,583712
685400,685840,Saber Dance,10591.0,2324593,1260253,972881,1318874,797242,882811,805753,1489018,1498535,1476715,945921,1040282,1214550,3127882,1020661,583712
685400,686020,Reverse Cascade,4851.0,2324593,1260253,972881,1318874,797242,882811,805753,1489018,1498535,1476715,945921,1040282,1219401,3127882,1020661,583712
685400,686200,Cascade,8161.0,2324593,1268414,972881,1318874,797242,882811,805753,1489018,1498535,1476715,945921,1040282,1219401,3127882,1020661,583712
685400,686380,Fountain,10219.0,2324593,1268414,972881,1318874,797242,882811,805753,1489018,1508754,1476715,945921,1040282,1219401,3127882,1020661,583712
685400,686610,Fountainfall,6549.0,2324593,1268414,972881,1318874,797242,882811,805753,1489018,1508754,1483264,945921,1040282,1219401,3127882,1020661,583712
686050,686670,Fan Dance,2485.0,2324593,1268414,972881,1318874,799727,882811,805753,1489018,1508754,1483264,945921,1040282,1219401,3127882,1020661,583712
686330,687088,Auto,10105.0,2334698,1268414,972881,1318874,799727,882811,805753,1489018,1508754,1483264,945921,1040282,1219401,3127882,1020661,583712
686700,687320,Fan Dance III,1590.0,2334698,1268414,972881,1318874,799727,884401,805753,1489018,1508754,1483264,945921,1040282,1219401,3127882,1020661,583712
687900,688340,Saber Dance,12316.0,2334698,1268414,972881,1318874,799727,884401,805753,1489018,1508754,1483264,945921,1040282,1219401,3140198,1020661,583712
687900,688520,Reverse Cascade,5073.0,2334698,1268414,972881,1318874,799727,884401,805753,1489018,1508754,1483264,945921,1040282,1224474,3140198,1020661,583712
687900,688700,Cascade,7912.0,2334698,1276326,972881,1318874,799727,884401,805753,1489018,1508754,1483264,945921,1040282,1224474,3140198,1020661,583712
687900,688880,Fountain,9630.0,2334698,1276326,972881,1318874,799727,884401,805753,1489018,1518384,1483264,945921,1040282,1224474,3140198,1020661,583712
687900,689110,Fountainfall,6293.0,2334698,1276326,972881,1318874,799727,884401,805753,1489018,1518384,1489557,945921,1040282,1224474,3140198,1020661,583712
688550,689170,Fan Dance,2656.0,2334698,1276326,972881,1318874,802383,884401,805753,1489018,1518384,1489557,945921,1040282,1224474,3140198,1020661,583712
689200,689820,Fan Dance III,1616.0,2334698,1276326,972881,1318874,802383,886017,805753,1489018,1518384,1489557,945921,1040282,1224474,3140198,1020661,583712
689450,690208,Auto,10105.0,2344803,1276326,972881,1318874,802383,886017,805753,1489018,1518384,1489557,945921,1040282,1224474,3140198,1020661,583712
690400,690840,Saber Dance,11482.0,2344803,1276326,972881,1318874,802383,886017,805753,1489018,1518384,1489557,945921,1040282,1224474,3151680,1020661,583712
690400,691020,Reverse Cascade,5095.0,2344803,1276326,972881,1318874,802383,886017,805753,1489018,1518384,1489557,945921,1040282,1229569,3151680,1020661,583712
690400,691200,Cascade,8041.0,2344803,1284367,972881,1318874,802383,886017,805753,1489018,1518384,1489557,945921,1040282,1229569,3151680,1020661,583712
690400,691380,Fountain,10390.0,2344803,1284367,972881,1318874,802383,886017,805753,1489018,1528774,1489557,945921,1040282,1229569,3151680,1020661,583712
690400,691610,Fountainfall,5670.0,2344803,1284367,972881,1318874,802383,886017,805753,1489018,1528774,1495227,945921,1040282,1229569,3151680,1020661,583712
691050,691670,Fan Dance,2602.0,2344803,1284367,972881,1318874,804985,886017,805753,1489018,1528774,1495227,945921,1040282,1229569,3151680,1020661,583712
691700,692320,Fan Dance III,1619.0,2344803,1284367,972881,1318874,804985,887636,805753,1489018,1528774,1495227,945921,1040282,1229569,3151680,1020661,583712
692570,693328,Auto,10105.0,2354908,1284367,972881,1318874,804985,887636,805753,1489018,1528774,1495227,945921,1040282,1229569,3151680,1020661,583712
692900,693340,Saber Dance,10150.0,2354908,1284367,972881,1318874,804985,887636,805753,1489018,1528774,1495227,945921,1040282,1229569,3161830,1020661,583712
692900,693520,Reverse Cascade,5186.0,2354908,1284367,972881,1318874,804985,887636,805753,1489018,1528774,1495227,945921,1040282,1234755,3161830,1020661,583712
692900,693700,Cascade,8035.0,2354908,1292402,972881,1318874,804985,887636,805753,1489018,1528774,1495227,945921,1040282,1234755,3161830,1020661,583712
692900,693880,Fountain,10386.0,2354908,1292402,972881,1318874,804985,887636,805753,1489018,1539160,1495227,945921,1040282,1234755,3161830,1020661,583712
692900,694110,Fountainfall,6412.0,2354908,1292402,972881,1318874,804985,887636,805753,1489018,1539160,1501639,945921,1040282,1234755,3161830,1020661,583712
693550,694170,Fan Dance,2859.0,2354908,1292402,972881,1318874,807844,887636,805753,1489018,1539160,1501639,945921,1040282,1234755,3161830,1020661,583712
694200,694820,Fan Dance III,1701.0,2354908,1292402,972881,1318874,807844,889337,805753,1489018,1539160,1501639,945921,1040282,1234755,3161830,1020661,583712
695400,695840,Saber Dance,8916.0,2354908,1292402,972881,1318874,807844,889337,805753,1489018,1539160,1501639,945921,1040282,1234755,3170746,1020661,583712
695400,696020,Reverse Cascade,5251.0,2354908,1292402,972881,1318874,807844,889337,805753,1489018,1539160,1501639,945921,1040282,1240006,3170746,1020661,583712
695400,696200,Cascade,8332.0,2354908,1300734,972881,1318874,807844,889337,805753,1489018,1539160,1501639,945921,1040282,1240006,3170746,1020661,583712
695400,696380,Fountain,10586.0,2354908,1300734,972881,1318874,807844,889337,805753,1489018,1549746,1501639,945921,1040282,1240006,3170746,1020661,583712
695690,696448,Auto,10105.0,2365013,1300734,972881,1318874,807844,889337,805753,1489018,1549746,1501639,945921,1040282,1240006,3170746,1020661,583712
695400,696610,Fountainfall,6407.0,2365013,1300734,972881,1318874,807844,889337,805753,1489018,1549746,1508046,945921,1040282,1240006,3170746,1020661,583712
696050,696670,Fan Dance,2859.0,2365013,1300734,972881,1318874,810703,889337,805753,1489018,1549746,1508046,945921,1040282,1240006,3170746,1020661,583712
696700,697320,Fan Dance III,1716.0,2365013,1300734,972881,1318874,810703,891053,805753,1489018,1549746,1508046,945921,1040282,1240006,3170746,1020661,583712
697900,698340,Saber Dance,8545.0,2365013,1300734,972881,1318874,810703,891053,805753,1489018,1549746,1508046,945921,1040282,1240006,3179291,1020661,583712
697900,698520,Reverse Cascade,5284.0,2365013,1300734,972881,1318874,810703,891053,805753,1489018,1549746,1508046,945921,1040282,1245290,3179291,1020661,583712
697900,698700,Cascade,8526.0,2365013,1309260,972881,1318874,810703,891053,805753,1489018,1549746,1508046,945921,1040282,1245290,3179291,1020661,583712
697900,698880,Fountain,10579.0,2365013,1309260,972881,1318874,810703,891053,805753,1489018,1560325,1508046,945921,1040282,1245290,3179291,1020661,583712
697900,699110,Fountainfall,6310.0,2365013,1309260,972881,1318874,810703,891053,805753,1489018,1560325,1514356,945921,1040282,1245290,3179291,1020661,583712
698550,699170,Fan Dance,2885.0,2365013,1309260,972881,1318874,813588,891053,805753,1489018,1560325,1514356,945921,1040282,1245290,3179291,1020661,583712
698810,699568,Auto,10105.0,2375118,1309260,972881,1318874,813588,891053,805753,1489018,1560325,1514356,945921,1040282,1245290,3179291,1020661,583712
699200,699820,Fan Dance III,1816.0,2375118,1309260,972881,1318874,813588,892869,805753,1489018,1560325,1514356,945921,1040282,1245290,3179291,1020661,583712
700400,700840,Saber Dance,10157.0,2375118,1309260,972881,1318874,813588,892869,805753,1489018,1560325,1514356,945921,1040282,1245290,3189448,1020661,583712
700400,701020,Reverse Cascade,5276.0,2375118,1309260,972881,1318874,813588,892869,805753,1489018,1560325,1514356,945921,1040282,1250566,3189448,1020661,583712
700400,701200,Cascade,8075.0,2375118,1317335,972881,1318874,813588,892869,805753,1489018,1560325,1514356,945921,1040282,1250566,3189448,1020661,583712
700400,701380,Fountain,10415.0,2375118,1317335,972881,1318874,813588,892869,805753,1489018,1570740,1514356,945921,1040282,1250566,3189448,1020661,583712
700400,701610,Fountainfall,6200.0,2375118,1317335,972881,1318874,813588,892869,805753,1489018,1570740,1520556,945921,1040282,1250566,3189448,1020661,583712
701050,701670,Fan Dance,2901.0,2375118,1317335,972881,1318874,816489,892869,805753,1489018,1570740,1520556,945921,1040282,1250566,3189448,1020661,583712
701930,702688,Auto,10105.0,2385223,1317335,972881,1318874,816489,892869,805753,1489018,1570740,1520556,945921,1040282,1250566,3189448,1020661,583712
702900,703340,Saber Dance,8047.0,2385223,1317335,972881,1318874,816489,892869,805753,1489018,1570740,1520556,945921,1040282,1250566,3197495,1020661,583712
702900,703520,Reverse Cascade,5494.0,2385223,1317335,972881,1318874,816489,892869,805753,1489018,1570740,1520556,945921,1040282,1256060,3197495,1020661,583712
702900,703700,Cascade,8463.0,2385223,1325798,972881,1318874,816489,892869,805753,1489018,1570740,1520556,945921,1040282,1256060,3197495,1020661,583712
702900,703880,Fountain,10790.0,2385223,1325798,972881,1318874,816489,892869,805753,1489018,1581530,1520556,945921,1040282,1256060,3197495,1020661,583712
702900,704110,Fountainfall,6209.0,2385223,1325798,972881,1318874,816489,892869,805753,1489018,1581530,1526765,945921,1040282,1256060,3197495,1020661,583712
703550,704170,Fan Dance,3041.0,2385223,1325798,972881,1318874,819530,892869,805753,1489018,1581530,1526765,945921,1040282,1256060,3197495,1020661,583712
705050,705808,Auto,10105.0,2395328,1325798,972881,1318874,819530,892869,805753,1489018,1581530,1526765,945921,1040282,1256060,3197495,1020661,583712
708170,708928,Auto,10105.0,2405433,1325798,972881,1318874,819530,892869,805753,1489018,1581530,1526765,945921,1040282,1256060,3197495,1020661,583712
708900,709430,Double Standard Finish,110344.0,2405433,1325798,972881,1429218,819530,892869,805753,1489018,1581530,1526765,945921,1040282,1256060,3197495,1020661,583712
710400,710840,Saber Dance,14300.0,2405433,1325798,972881,1429218,819530,892869,805753,1489018,1581530,1526765,945921,1040282,1256060,3211795,1020661,583712
710400,711020,Reverse Cascade,4877.0,2405433,1325798,972881,1429218,819530,892869,805753,1489018,1581530,1526765,945921,1040282,1260937,3211795,1020661,583712
710400,711200,Cascade,7467.0,2405433,1333265,972881,1429218,819530,892869,805753,1489018,1581530,1526765,945921,1040282,1260937,3211795,1020661,583712
710400,711380,Fountain,9230.0,2405433,1333265,972881,1429218,819530,892869,805753,1489018,1590760,1526765,945921,1040282,1260937,3211795,1020661,583712
710400,711610,Fountainfall,6456.0,2405433,1333265,972881,1429218,819530,892869,805753,1489018,1590760,1533221,945921,1040282,1260937,3211795,1020661,583712
711025,711645,Fan Dance III,296.0,2405433,1333265,972881,1429218,819530,893165,805753,1489018,1590760,1533221,945921,1040282,1260937,3211795,1020661,583712
711025,711645,Fan Dance,2574.0,2405433,1333265,972881,1429218,822104,893165,805753,1489018,1590760,1533221,945921,1040282,1260937,3211795,1020661,583712
711290,712048,Auto,10105.0,2415538,1333265,972881,1429218,822104,893165,805753,1489018,1590760,1533221,945921,1040282,1260937,3211795,1020661,583712
711675,712295,Fan Dance,242.0,2415538,1333265,972881,1429218,822346,893165,805753,1489018,1590760,1533221,945921,1040282,1260937,3211795,1020661,583712
712900,713340,Saber Dance,11510.0,2415538,1333265,972881,1429218,822346,893165,805753,1489018,1590760,1533221,945921,1040282,1260937,3223305,1020661,583712
712900,713520,Reverse Cascade,5193.0,2415538,1333265,972881,1429218,822346,893165,805753,1489018,1590760,1533221,945921,1040282,1266130,3223305,1020661,583712
712900,713700,Cascade,7792.0,2415538,1341057,972881,1429218,822346,893165,805753,1489018,1590760,1533221,945921,1040282,1266130,3223305,1020661,583712
712900,713880,Fountain,10452.0,2415538,1341057,972881,1429218,822346,893165,805753,1489018,1601212,1533221,945921,1040282,1266130,3223305,1020661,583712
712900,714110,Fountainfall,5843.0,2415538,1341057,972881,1429218,822346,893165,805753,1489018,1601212,1539064,945921,1040282,1266130,3223305,1020661,583712
713550,714170,Fan Dance,2499.0,2415538,1341057,972881,1429218,824845,893165,805753,1489018,1601212,1539064,945921,1040282,1266130,3223305,1020661,583712
713550,714170,Fan Dance III,508.0,2415538,1341057,972881,1429218,824845,893673,805753,1489018,1601212,1539064,945921,1040282,1266130,3223305,1020661,583712
714200,714820,Fan Dance,415.0,2415538,1341057,972881,1429218,825260,893673,805753,1489018,1601212,1539064,945921,1040282,1266130,3223305,1020661,583712
714410,715168,Auto,10105.0,2425643,1341057,972881,1429218,825260,893673,805753,1489018,1601212,1539064,945921,1040282,1266130,3223305,1020661,583712
715400,715840,Saber Dance,10921.0,2425643,1341057,972881,1429218,825260,893673,805753,1489018,1601212,1539064,945921,1040282,1266130,3234226,1020661,583712
715400,716020,Reverse Cascade,5182.0,2425643,1341057,972881,1429218,825260,893673,805753,1489018,1601212,1539064,945921,1040282,1271312,3234226,1020661,583712
715400,716200,Cascade,8021.0,2425643,1349078,972881,1429218,825260,893673,805753,1489018,1601212,1539064,945921,1040282,1271312,3234226,1020661,583712
715400,716380,Fountain,10103.0,2425643,1349078,972881,1429218,825260,893673,805753,1489018,1611315,1539064,945921,1040282,1271312,3234226,1020661,583712
715400,716610,Fountainfall,6297.0,2425643,1349078,972881,1429218,825260,893673,805753,1489018,1611315,1545361,945921,1040282,1271312,3234226,1020661,583712
716050,716670,Fan Dance III,839.0,2425643,1349078,972881,1429218,825260,894512,805753,1489018,1611315,1545361,945921,1040282,1271312,3234226,1020661,583712
716050,716670,Fan Dance,2394.0,2425643,1349078,972881,1429218,827654,894512,805753,1489018,1611315,1545361,945921,1040282,1271312,3234226,1020661,583712
716700,717320,Fan Dance,686.0,2425643,1349078,972881,1429218,828340,894512,805753,1489018,1611315,1545361,945921,1040282,1271312,3234226,1020661,583712
717530,718288,Auto,10105.0,2435748,1349078,972881,1429218,828340,894512,805753,1489018,1611315,1545361,945921,1040282,1271312,3234226,1020661,583712
717900,718340,Saber Dance,8495.0,2435748,1349078,972881,1429218,828340,894512,805753,1489018,1611315,1545361,945921,1040282,1271312,3242721,1020661,583712
717900,718520,Reverse Cascade,5284.0,2435748,1349078,972881,1429218,828340,894512,805753,1489018,1611315,1545361,945921,1040282,1276596,3242721,1020661,583712
717900,718700,Cascade,8700.0,2435748,1357778,972881,1429218,828340,894512,805753,1489018,1611315,1545361,945921,1040282,1276596,3242721,1020661,583712
717900,718880,Fountain,10626.0,2435748,1357778,972881,1429218,828340,894512,805753,1489018,1621941,1545361,945921,1040282,1276596,3242721,1020661,583712
717900,719110,Fountainfall,6015.0,2435748,1357778,972881,1429218,828340,894512,805753,1489018,1621941,1551376,945921,1040282,1276596,3242721,1020661,583712
718550,719170,Fan Dance III,902.0,2435748,1357778,972881,1429218,828340,895414,805753,1489018,1621941,1551376,945921,1040282,1276596,3242721,1020661,583712
718550,719170,Fan Dance,2427.0,2435748,1357778,972881,1429218,830767,895414,805753,1489018,1621941,1551376,945921,1040282,1276596,3242721,1020661,583712
719200,719820,Fan Dance,738.0,2435748,1357778,972881,1429218,831505,895414,805753,1489018,1621941,1551376,945921,1040282,1276596,3242721,1020661,583712
720650,721408,Auto,10105.0,2445853,1357778,972881,1429218,831505,895414,805753,1489018,1621941,1551376,945921,1040282,1276596,3242721,1020661,583712
723770,724528,Auto,10937.0,2456790,1357778,972881,1429218,831505,895414,805753,1489018,1621941,1551376,945921,1040282,1276596,3242721,1020661,583712
726400,726935,Quadruple Technical Finish,182613.0,2456790,1357778,972881,1429218,831505,895414,805753,1489018,1621941,1551376,945921,1222895,1276596,3242721,1020661,583712
726890,727648,Auto,10937.0,2467727,1357778,972881,1429218,831505,895414,805753,1489018,1621941,1551376,945921,1222895,1276596,3242721,1020661,583712
727900,728740,Tillana,37401.0,2467727,1357778,972881,1429218,831505,895414,805753,1489018,1621941,1551376,945921,1222895,1276596,3242721,1020661,621113
727900,728790,Starfall Dance,47408.0,2467727,1357778,972881,1429218,831505,895414,805753,1489018,1621941,1551376,945921,1222895,1276596,3242721,1068069,621113
729150,729770,Fan Dance III,37565.0,2467727,1357778,972881,1429218,831505,932979,805753,1489018,1621941,1551376,945921,1222895,1276596,3242721,1068069,621113
727900,730260,Dance of the Dawn,63258.0,2467727,1357778,1036139,1429218,831505,932979,805753,1489018,1621941,1551376,945921,1222895,1276596,3242721,1068069,621113
730010,730768,Auto,13297.0,2481024,1357778,1036139,1429218,831505,932979,805753,1489018,1621941,1551376,945921,1222895,1276596,3242721,1068069,621113
731025,731345,Fan Dance IV,55241.0,2481024,1357778,1036139,1429218,831505,932979,860994,1489018,1621941,1551376,945921,1222895,1276596,3242721,1068069,621113
731025,731645,Fan Dance III,11149.0,2481024,1357778,1036139,1429218,831505,944128,860994,1489018,1621941,1551376,945921,1222895,1276596,3242721,1068069,621113
730400,731650,Last Dance,92216.0,2481024,1357778,1036139,1429218,831505,944128,860994,1489018,1621941,1551376,1038137,1222895,1276596,3242721,1068069,621113
731650,731970,Fan Dance IV,23315.0,2481024,1357778,1036139,1429218,831505,944128,884309,1489018,1621941,1551376,1038137,1222895,1276596,3242721,1068069,621113
731650,732270,Fan Dance,21557.0,2481024,1357778,1036139,1429218,853062,944128,884309,1489018,1621941,1551376,1038137,1222895,1276596,3242721,1068069,621113
732900,733340,Saber Dance,1964.0,2481024,1357778,1036139,1429218,853062,944128,884309,1489018,1621941,1551376,1038137,1222895,1276596,3244685,1068069,621113
732900,733740,Tillana,10667.0,2481024,1357778,1036139,1429218,853062,944128,884309,1489018,1621941,1551376,1038137,1222895,1276596,3244685,1068069,631780
732900,733790,Starfall Dance,43897.0,2481024,1357778,1036139,1429218,853062,944128,884309,1489018,1621941,1551376,1038137,1222895,1276596,3244685,1111966,631780
733130,733888,Auto,13297.0,2494321,1357778,1036139,1429218,853062,944128,884309,1489018,1621941,1551376,1038137,1222895,1276596,3244685,1111966,631780
732900,734110,Fountainfall,894.0,2494321,1357778,1036139,1429218,853062,944128,884309,1489018,1621941,1552270,1038137,1222895,1276596,3244685,1111966,631780
733525,734145,Fan Dance,19722.0,2494321,1357778,1036139,1429218,872784,944128,884309,1489018,1621941,1552270,1038137,1222895,1276596,3244685,1111966,631780
733525,734145,Fan Dance III,13181.0,2494321,1357778,1036139,1429218,872784,957309,884309,1489018,1621941,1552270,1038137,1222895,1276596,3244685,1111966,631780
734150,734770,Fan Dance III,11990.0,2494321,1357778,1036139,1429218,872784,969299,884309,1489018,1621941,1552270,1038137,1222895,1276596,3244685,1111966,631780
734150,734770,Fan Dance,20269.0,2494321,1357778,1036139,1429218,893053,969299,884309,1489018,1621941,1552270,1038137,1222895,1276596,3244685,1111966,631780
732900,735260,Dance of the Dawn,104895.0,2494321,1357778,1141034,1429218,893053,969299,884309,1489018,1621941,1552270,1038137,1222895,1276596,3244685,1111966,631780
734800,735420,Fan Dance III,12321.0,2494321,1357778,1141034,1429218,893053,981620,884309,1489018,1621941,1552270,1038137,1222895,1276596,3244685,1111966,631780
734800,735420,Fan Dance,16784.0,2494321,1357778,1141034,1429218,909837,981620,884309,1489018,1621941,1552270,1038137,1222895,1276596,3244685,1111966,631780
736025,736645,Fan Dance,9678.0,2494321,1357778,1141034,1429218,919515,981620,884309,1489018,1621941,1552270,1038137,1222895,1276596,3244685,1111966,631780
736025,736645,Fan Dance III,10123.0,2494321,1357778,1141034,1429218,919515,991743,884309,1489018,1621941,1552270,1038137,1222895,1276596,3244685,1111966,631780
736250,737008,Auto,13297.0,2507618,1357778,1141034,1429218,919515,991743,884309,1489018,1621941,1552270,1038137,1222895,1276596,3244685,1111966,631780
736650,737270,Fan Dance III,6025.0,2507618,1357778,1141034,1429218,919515,997768,884309,1489018,1621941,1552270,1038137,1222895,1276596,3244685,1111966,631780
736650,737270,Fan Dance,2302.0,2507618,1357778,1141034,1429218,921817,997768,884309,1489018,1621941,1552270,1038137,1222895,1276596,3244685,1111966,631780
735400,737450,Finishing Move,145163.0,2507618,1357778,1141034,1429218,921817,997768,884309,1634181,1621941,1552270,1038137,1222895,1276596,3244685,1111966,631780
737900,738340,Saber Dance,57644.0,2507618,1357778,1141034,1429218,921817,997768,884309,1634181,1621941,1552270,1038137,1222895,1276596,3302329,1111966,631780
737900,738520,Reverse Cascade,4.0,2507618,1357778,1141034,1429218,921817,997768,884309,1634181,1621941,1552270,1038137,1222895,1276600,3302329,1111966,631780
737900,738740,Tillana,4662.0,2507618,1357778,1141034,1429218,921817,997768,884309,1634181,1621941,1552270,1038137,1222895,1276600,3302329,1111966,636442
737900,738790,Starfall Dance,42356.0,2507618,1357778,1141034,1429218,921817,997768,884309,1634181,1621941,1552270,1038137,1222895,1276600,3302329,1154322,636442
737900,739110,Fountainfall,4505.0,2507618,1357778,1141034,1429218,921817,997768,884309,1634181,1621941,1556775,1038137,1222895,1276600,3302329,1154322,636442
738525,739145,Fan Dance,1078.0,2507618,1357778,1141034,1429218,922895,997768,884309,1634181,1621941,1556775,1038137,1222895,1276600,3302329,1154322,636442
738525,739145,Fan Dance III,1397.0,2507618,1357778,1141034,1429218,922895,999165,884309,1634181,1621941,1556775,1038137,1222895,1276600,3302329,1154322,636442
739150,739770,Fan Dance,43.0,2507618,1357778,1141034,1429218,922938,999165,884309,1634181,1621941,1556775,1038137,1222895,1276600,3302329,1154322,636442
739150,739770,Fan Dance III,601.0,2507618,1357778,1141034,1429218,922938,999766,884309,1634181,1621941,1556775,1038137,1222895,1276600,3302329,1154322,636442
739370,740128,Auto,13297.0,2520915,1357778,1141034,1429218,922938,999766,884309,1634181,1621941,1556775,1038137,1222895,1276600,3302329,1154322,636442
737900,740260,Dance of the Dawn,2613.0,2520915,1357778,1143647,1429218,922938,999766,884309,1634181,1621941,1556775,1038137,1222895,1276600,3302329,1154322,636442
740400,740840,Saber Dance,46255.0,2520915,1357778,1143647,1429218,922938,999766,884309,1634181,1621941,1556775,1038137,1222895,1276600,3348584,1154322,636442
740400,741020,Reverse Cascade,449.0,2520915,1357778,1143647,1429218,922938,999766,884309,1634181,1621941,1556775,1038137,1222895,1277049,3348584,1154322,636442
740400,741240,Tillana,14960.0,2520915,1357778,1143647,1429218,922938,999766,884309,1634181,1621941,1556775,1038137,1222895,1277049,3348584,1154322,651402
740400,741290,Starfall Dance,41317.0,2520915,1357778,1143647,1429218,922938,999766,884309,1634181,1621941,1556775,1038137,1222895,1277049,3348584,1195639,651402
740400,741610,Fountainfall,6520.0,2520915,1357778,1143647,1429218,922938,999766,884309,1634181,1621941,1563295,1038137,1222895,1277049,3348584,1195639,651402
741050,741670,Fan Dance III,37.0,2520915,1357778,1143647,1429218,922938,999803,884309,1634181,1621941,1563295,1038137,1222895,1277049,3348584,1195639,651402
741050,741670,Fan Dance,1874.0,2520915,1357778,1143647,1429218,924812,999803,884309,1634181,1621941,1563295,1038137,1222895,1277049,3348584,1195639,651402
741700,742320,Fan Dance III,1183.0,2520915,1357778,1143647,1429218,924812,1000986,884309,1634181,1621941,1563295,1038137,1222895,1277049,3348584,1195639,651402
740400,742760,Dance of the Dawn,17.0,2520915,1357778,1143664,1429218,924812,1000986,884309,1634181,1621941,1563295,1038137,1222895,1277049,3348584,1195639,651402
742490,743248,Auto,13297.0,2534212,1357778,1143664,1429218,924812,1000986,884309,1634181,1621941,1563295,1038137,1222895,1277049,3348584,1195639,651402
742900,743340,Saber Dance,59507.0,2534212,1357778,1143664,1429218,924812,1000986,884309,1634181,1621941,1563295,1038137,1222895,1277049,3408091,1195639,651402
742900,743520,Reverse Cascade,1491.0,2534212,1357778,1143664,1429218,924812,1000986,884309,1634181,1621941,1563295,1038137,1222895,1278540,3408091,1195639,651402
742900,743700,Cascade,3.0,2534212,1357781,1143664,1429218,924812,1000986,884309,1634181,1621941,1563295,1038137,1222895,1278540,3408091,1195639,651402
742900,743740,Tillana,12562.0,2534212,1357781,1143664,1429218,924812,1000986,884309,1634181,1621941,1563295,1038137,1222895,1278540,3408091,1195639,663964
742900,743790,Starfall Dance,3941.0,2534212,1357781,1143664,1429218,924812,1000986,884309,1634181,1621941,1563295,1038137,1222895,1278540,3408091,1199580,663964
742900,743880,Fountain,9.0,2534212,1357781,1143664,1429218,924812,1000986,884309,1634181,1621950,1563295,1038137,1222895,1278540,3408091,1199580,663964
742900,744110,Fountainfall,10369.0,2534212,1357781,1143664,1429218,924812,1000986,884309,1634181,1621950,1573664,1038137,1222895,1278540,3408091,1199580,663964
743550,744170,Fan Dance,3251.0,2534212,1357781,1143664,1429218,928063,1000986,884309,1634181,1621950,1573664,1038137,1222895,1278540,3408091,1199580,663964
744200,744820,Fan Dance III,2036.0,2534212,1357781,1143664,1429218,928063,1003022,884309,1634181,1621950,1573664,1038137,1222895,1278540,3408091,1199580,663964
745400,745840,Saber Dance,36554.0,2534212,1357781,1143664,1429218,928063,1003022,884309,1634181,1621950,1573664,1038137,1222895,1278540,3444645,1199580,663964
745400,746020,Reverse Cascade,2142.0,2534212,1357781,1143664,1429218,928063,1003022,884309,1634181,1621950,1573664,1038137,1222895,1280682,3444645,1199580,663964
745400,746240,Tillana,22215.0,2534212,1357781,1143664,1429218,928063,1003022,884309,1634181,1621950,1573664,1038137,1222895,1280682,3444645,1199580,686179
745400,746290,Starfall Dance,250.0,2534212,1357781,1143664,1429218,928063,1003022,884309,1634181,1621950,1573664,1038137,1222895,1280682,3444645,1199830,686179
745610,746368,Auto,13297.0,2547509,1357781,1143664,1429218,928063,1003022,884309,1634181,1621950,1573664,1038137,1222895,1280682,3444645,1199830,686179
745400,746610,Fountainfall,19775.0,2547509,1357781,1143664,1429218,928063,1003022,884309,1634181,1621950,1593439,1038137,1222895,1280682,3444645,1199830,686179
746050,746670,Fan Dance,5968.0,2547509,1357781,1143664,1429218,934031,1003022,884309,1634181,1621950,1593439,1038137,1222895,1280682,3444645,1199830,686179
746700,747320,Fan Dance III,3538.0,2547509,1357781,1143664,1429218,934031,1006560,884309,1634181,1621950,1593439,1038137,1222895,1280682,3444645,1199830,686179
747900,748340,Saber Dance,36460.0,2547509,1357781,1143664,1429218,934031,1006560,884309,1634181,1621950,1593439,1038137,1222895,1280682,3481105,1199830,686179
747900,748520,Reverse Cascade,9926.0,2547509,1357781,1143664,1429218,934031,1006560,884309,1634181,1621950,1593439,1038137,1222895,1290608,3481105,1199830,686179
747900,748700,Cascade,274.0,2547509,1358055,1143664,1429218,934031,1006560,884309,1634181,1621950,1593439,1038137,1222895,1290608,3481105,1199830,686179
747900,749110,Fountainfall,12320.0,2547509,1358055,1143664,1429218,934031,1006560,884309,1634181,1621950,1605759,1038137,1222895,1290608,3481105,1199830,686179
748525,749145,Fan Dance,6519.0,2547509,1358055,1143664,1429218,940550,1006560,884309,1634181,1621950,1605759,1038137,1222895,1290608,3481105,1199830,686179
748730,749488,Auto,10937.0,2558446,1358055,1143664,1429218,940550,1006560,884309,1634181,1621950,1605759,1038137,1222895,1290608,3481105,1199830,686179
749175,749795,Fan Dance III,4097.0,2558446,1358055,1143664,1429218,940550,1010657,884309,1634181,1621950,1605759,1038137,1222895,1290608,3481105,1199830,686179
750400,750840,Saber Dance,20751.0,2558446,1358055,1143664,1429218,940550,1010657,884309,1634181,1621950,1605759,1038137,1222895,1290608,3501856,1199830,686179
750400,751020,Reverse Cascade,17060.0,2558446,1358055,1143664,1429218,940550,1010657,884309,1634181,1621950,1605759,1038137,1222895,1307668,3501856,1199830,686179
750400,751200,Cascade,5836.0,2558446,1363891,1143664,1429218,940550,1010657,884309,1634181,1621950,1605759,1038137,1222895,1307668,3501856,1199830,686179
750400,751380,Fountain,106.0,2558446,1363891,1143664,1429218,940550,1010657,884309,1634181,1622056,1605759,1038137,1222895,1307668,3501856,1199830,686179
750400,751610,Fountainfall,4823.0,2558446,1363891,1143664,1429218,940550,1010657,884309,1634181,1622056,1610582,1038137,1222895,1307668,3501856,1199830,686179
751050,751670,Fan Dance,6671.0,2558446,1363891,1143664,1429218,947221,1010657,884309,1634181,1622056,1610582,1038137,1222895,1307668,3501856,1199830,686179
751700,752320,Fan Dance III,4053.0,2558446,1363891,1143664,1429218,947221,1014710,884309,1634181,1622056,1610582,1038137,1222895,1307668,3501856,1199830,686179
751850,752608,Auto,10937.0,2569383,1363891,1143664,1429218,947221,1014710,884309,1634181,1622056,1610582,1038137,1222895,1307668,3501856,1199830,686179
752900,753340,Saber Dance,7794.0,2569383,1363891,1143664,1429218,947221,1014710,884309,1634181,1622056,1610582,1038137,1222895,1307668,3509650,1199830,686179
752900,753520,Reverse Cascade,11287.0,2569383,1363891,1143664,1429218,947221,1014710,884309,1634181,1622056,1610582,1038137,1222895,1318955,3509650,1199830,686179
752900,753700,Cascade,13601.0,2569383,1377492,1143664,1429218,947221,1014710,884309,1634181,1622056,1610582,1038137,1222895,1318955,3509650,1199830,686179
752900,753880,Fountain,3023.0,2569383,1377492,1143664,1429218,947221,1014710,884309,1634181,1625079,1610582,1038137,1222895,1318955,3509650,1199830,686179
752900,754110,Fountainfall,825.0,2569383,1377492,1143664,1429218,947221,1014710,884309,1634181,1625079,1611407,1038137,1222895,1318955,3509650,1199830,686179
