sim_timestamp,sim_damage_timestamp,sim_name,sim_expected,Apex Arrow,Blast Arrow,Burst Shot,Caustic Bite,Caustic Bite (dot),Empyreal Arrow,Heartbreak Shot,Iron Jaws,Pitch Perfect,Radiant Encore,Refulgent Arrow,Resonant Arrow,Shot,Sidewinder,Stormbite,Stormbite (dot)
-1650,0,Heartbreak Shot,22196.0,0,0,0,0,0,0,22196,0,0,0,0,0,0,0,0,0
-1030,260,Stormbite,12331.0,0,0,0,0,0,0,22196,0,0,0,0,0,0,0,12331,0
0,758,Shot,8316.0,0,0,0,0,0,0,22196,0,0,0,0,0,8316,0,12331,0
-1030,1500,Stormbite (dot),3085.0,0,0,0,0,0,0,22196,0,0,0,0,0,8316,0,12331,3085
620,1650,Empyreal Arrow,32412.0,0,0,0,0,0,32412,22196,0,0,0,0,0,8316,0,12331,3085
1460,2750,Caustic Bite,18696.0,0,0,0,18696,0,32412,22196,0,0,0,0,0,8316,0,12331,3085
3040,3798,Shot,8405.0,0,0,0,18696,0,32412,22196,0,0,0,0,0,16721,0,12331,3085
1460,4500,Caustic Bite (dot),2493.0,0,0,0,18696,2493,32412,22196,0,0,0,0,0,16721,0,12331,3085
-1030,4500,Stormbite (dot),3085.0,0,0,0,18696,2493,32412,22196,0,0,0,0,0,16721,0,12331,6170
3950,5420,Burst Shot,31164.0,0,0,31164,18696,2493,32412,22196,0,0,0,0,0,16721,0,12331,6170
6080,6838,Shot,11712.0,0,0,31164,18696,2493,32412,22196,0,0,0,0,0,28433,0,12331,6170
-1030,7500,Stormbite (dot),3085.0,0,0,31164,18696,2493,32412,22196,0,0,0,0,0,28433,0,12331,9255
1460,7500,Caustic Bite (dot),2493.0,0,0,31164,18696,4986,32412,22196,0,0,0,0,0,28433,0,12331,9255
6440,7910,Refulgent Arrow,17194.0,0,0,31164,18696,4986,32412,22196,0,0,0,17194,0,28433,0,12331,9255
6440,7910,Burst Shot,25466.0,0,0,56630,18696,4986,32412,22196,0,0,0,17194,0,28433,0,12331,9255
7680,8480,Pitch Perfect,15502.0,0,0,56630,18696,4986,32412,22196,0,15502,0,17194,0,28433,0,12331,9255
7680,8480,Pitch Perfect,48461.0,0,0,56630,18696,4986,32412,22196,0,63963,0,17194,0,28433,0,12331,9255
7680,9330,Heartbreak Shot,1594.0,0,0,56630,18696,4986,32412,23790,0,63963,0,17194,0,28433,0,12331,9255
9120,9878,Shot,14425.0,0,0,56630,18696,4986,32412,23790,0,63963,0,17194,0,42858,0,12331,9255
1460,10500,Caustic Bite (dot),2493.0,0,0,56630,18696,7479,32412,23790,0,63963,0,17194,0,42858,0,12331,9255
-1030,10500,Stormbite (dot),3085.0,0,0,56630,18696,7479,32412,23790,0,63963,0,17194,0,42858,0,12331,12340
10170,10700,Sidewinder,85584.0,0,0,56630,18696,7479,32412,23790,0,63963,0,17194,0,42858,85584,12331,12340
8930,10890,Radiant Encore,149770.0,0,0,56630,18696,7479,32412,23790,0,63963,149770,17194,0,42858,85584,12331,12340
12040,12840,Pitch Perfect,2110.0,0,0,56630,18696,7479,32412,23790,0,66073,149770,17194,0,42858,85584,12331,12340
11420,12890,Refulgent Arrow,59901.0,0,0,56630,18696,7479,32412,23790,0,66073,149770,77095,0,42858,85584,12331,12340
12160,12918,Shot,14425.0,0,0,56630,18696,7479,32412,23790,0,66073,149770,77095,0,57283,85584,12331,12340
11420,13010,Refulgent Arrow,59901.0,0,0,56630,18696,7479,32412,23790,0,66073,149770,136996,0,57283,85584,12331,12340
11420,13130,Refulgent Arrow,59901.0,0,0,56630,18696,7479,32412,23790,0,66073,149770,196897,0,57283,85584,12331,12340
1460,13500,Caustic Bite (dot),2493.0,0,0,56630,18696,9972,32412,23790,0,66073,149770,196897,0,57283,85584,12331,12340
-1030,13500,Stormbite (dot),3085.0,0,0,56630,18696,9972,32412,23790,0,66073,149770,196897,0,57283,85584,12331,15425
12040,13690,Heartbreak Shot,37451.0,0,0,56630,18696,9972,32412,61241,0,66073,149770,196897,0,57283,85584,12331,15425
12660,14310,Heartbreak Shot,37967.0,0,0,56630,18696,9972,32412,99208,0,66073,149770,196897,0,57283,85584,12331,15425
13910,15070,Resonant Arrow,136931.0,0,0,56630,18696,9972,32412,99208,0,66073,149770,196897,136931,57283,85584,12331,15425
15150,15950,Pitch Perfect,37909.0,0,0,56630,18696,9972,32412,99208,0,103982,149770,196897,136931,57283,85584,12331,15425
15200,15958,Shot,14425.0,0,0,56630,18696,9972,32412,99208,0,103982,149770,196897,136931,71708,85584,12331,15425
14530,16180,Heartbreak Shot,38506.0,0,0,56630,18696,9972,32412,137714,0,103982,149770,196897,136931,71708,85584,12331,15425
-1030,16500,Stormbite (dot),3085.0,0,0,56630,18696,9972,32412,137714,0,103982,149770,196897,136931,71708,85584,12331,18510
1460,16500,Caustic Bite (dot),2493.0,0,0,56630,18696,12465,32412,137714,0,103982,149770,196897,136931,71708,85584,12331,18510
16400,17870,Refulgent Arrow,15101.0,0,0,56630,18696,12465,32412,137714,0,103982,149770,211998,136931,71708,85584,12331,18510
16400,17870,Burst Shot,35198.0,0,0,91828,18696,12465,32412,137714,0,103982,149770,211998,136931,71708,85584,12331,18510
17020,18050,Empyreal Arrow,55625.0,0,0,91828,18696,12465,88037,137714,0,103982,149770,211998,136931,71708,85584,12331,18510
17670,18470,Pitch Perfect,29283.0,0,0,91828,18696,12465,88037,137714,0,133265,149770,211998,136931,71708,85584,12331,18510
18240,18998,Shot,14425.0,0,0,91828,18696,12465,88037,137714,0,133265,149770,211998,136931,86133,85584,12331,18510
-1030,19500,Stormbite (dot),3085.0,0,0,91828,18696,12465,88037,137714,0,133265,149770,211998,136931,86133,85584,12331,21595
1460,19500,Caustic Bite (dot),2493.0,0,0,91828,18696,14958,88037,137714,0,133265,149770,211998,136931,86133,85584,12331,21595
19510,20310,Pitch Perfect,7032.0,0,0,91828,18696,14958,88037,137714,0,140297,149770,211998,136931,86133,85584,12331,21595
18890,20360,Burst Shot,34864.0,0,0,126692,18696,14958,88037,137714,0,140297,149770,211998,136931,86133,85584,12331,21595
18890,20360,Refulgent Arrow,15526.0,0,0,126692,18696,14958,88037,137714,0,140297,149770,227524,136931,86133,85584,12331,21595
21280,22038,Shot,14425.0,0,0,126692,18696,14958,88037,137714,0,140297,149770,227524,136931,100558,85584,12331,21595
-1030,22500,Stormbite (dot),3085.0,0,0,126692,18696,14958,88037,137714,0,140297,149770,227524,136931,100558,85584,12331,24680
1460,22500,Caustic Bite (dot),2493.0,0,0,126692,18696,17451,88037,137714,0,140297,149770,227524,136931,100558,85584,12331,24680
22030,22830,Pitch Perfect,26695.0,0,0,126692,18696,17451,88037,137714,0,166992,149770,227524,136931,100558,85584,12331,24680
21380,22850,Burst Shot,35019.0,0,0,161711,18696,17451,88037,137714,0,166992,149770,227524,136931,100558,85584,12331,24680
21380,22850,Refulgent Arrow,15328.0,0,0,161711,18696,17451,88037,137714,0,166992,149770,242852,136931,100558,85584,12331,24680
23870,24540,Iron Jaws,21391.0,0,0,161711,18696,17451,88037,137714,21391,166992,149770,242852,136931,100558,85584,12331,24680
24320,25078,Shot,14425.0,0,0,161711,18696,17451,88037,137714,21391,166992,149770,242852,136931,114983,85584,12331,24680
24520,25320,Pitch Perfect,23935.0,0,0,161711,18696,17451,88037,137714,21391,190927,149770,242852,136931,114983,85584,12331,24680
23870,25500,Stormbite (dot),5351.0,0,0,161711,18696,17451,88037,137714,21391,190927,149770,242852,136931,114983,85584,12331,30031
23870,25500,Caustic Bite (dot),4281.0,0,0,161711,18696,21732,88037,137714,21391,190927,149770,242852,136931,114983,85584,12331,30031
26361,27831,Burst Shot,16940.0,0,0,178651,18696,21732,88037,137714,21391,190927,149770,242852,136931,114983,85584,12331,30031
26361,27831,Refulgent Arrow,24053.0,0,0,178651,18696,21732,88037,137714,21391,190927,149770,266905,136931,114983,85584,12331,30031
27360,28118,Shot,10462.0,0,0,178651,18696,21732,88037,137714,21391,190927,149770,266905,136931,125445,85584,12331,30031
27631,28431,Pitch Perfect,9772.0,0,0,178651,18696,21732,88037,137714,21391,200699,149770,266905,136931,125445,85584,12331,30031
23870,28500,Stormbite (dot),5351.0,0,0,178651,18696,21732,88037,137714,21391,200699,149770,266905,136931,125445,85584,12331,35382
23870,28500,Caustic Bite (dot),4281.0,0,0,178651,18696,26013,88037,137714,21391,200699,149770,266905,136931,125445,85584,12331,35382
28851,30321,Refulgent Arrow,9757.0,0,0,178651,18696,26013,88037,137714,21391,200699,149770,276662,136931,125445,85584,12331,35382
28851,30321,Burst Shot,22014.0,0,0,200665,18696,26013,88037,137714,21391,200699,149770,276662,136931,125445,85584,12331,35382
30121,30921,Pitch Perfect,12993.0,0,0,200665,18696,26013,88037,137714,21391,213692,149770,276662,136931,125445,85584,12331,35382
29471,31121,Heartbreak Shot,24284.0,0,0,200665,18696,26013,88037,161998,21391,213692,149770,276662,136931,125445,85584,12331,35382
30400,31158,Shot,9097.0,0,0,200665,18696,26013,88037,161998,21391,213692,149770,276662,136931,134542,85584,12331,35382
23870,31500,Stormbite (dot),5351.0,0,0,200665,18696,26013,88037,161998,21391,213692,149770,276662,136931,134542,85584,12331,40733
23870,31500,Caustic Bite (dot),4281.0,0,0,200665,18696,30294,88037,161998,21391,213692,149770,276662,136931,134542,85584,12331,40733
31341,32811,Refulgent Arrow,9652.0,0,0,200665,18696,30294,88037,161998,21391,213692,149770,286314,136931,134542,85584,12331,40733
31341,32811,Burst Shot,22097.0,0,0,222762,18696,30294,88037,161998,21391,213692,149770,286314,136931,134542,85584,12331,40733
32020,33050,Empyreal Arrow,35080.0,0,0,222762,18696,30294,123117,161998,21391,213692,149770,286314,136931,134542,85584,12331,40733
32670,33470,Pitch Perfect,17947.0,0,0,222762,18696,30294,123117,161998,21391,231639,149770,286314,136931,134542,85584,12331,40733
33440,34198,Shot,9097.0,0,0,222762,18696,30294,123117,161998,21391,231639,149770,286314,136931,143639,85584,12331,40733
23870,34500,Caustic Bite (dot),4281.0,0,0,222762,18696,34575,123117,161998,21391,231639,149770,286314,136931,143639,85584,12331,40733
23870,34500,Stormbite (dot),5351.0,0,0,222762,18696,34575,123117,161998,21391,231639,149770,286314,136931,143639,85584,12331,46084
34451,35251,Pitch Perfect,10958.0,0,0,222762,18696,34575,123117,161998,21391,242597,149770,286314,136931,143639,85584,12331,46084
33831,35301,Burst Shot,20271.0,0,0,243033,18696,34575,123117,161998,21391,242597,149770,286314,136931,143639,85584,12331,46084
33831,35301,Refulgent Arrow,9102.0,0,0,243033,18696,34575,123117,161998,21391,242597,149770,295416,136931,143639,85584,12331,46084
36480,37238,Shot,8405.0,0,0,243033,18696,34575,123117,161998,21391,242597,149770,295416,136931,152044,85584,12331,46084
23870,37500,Caustic Bite (dot),4281.0,0,0,243033,18696,38856,123117,161998,21391,242597,149770,295416,136931,152044,85584,12331,46084
23870,37500,Stormbite (dot),5351.0,0,0,243033,18696,38856,123117,161998,21391,242597,149770,295416,136931,152044,85584,12331,51435
36971,37771,Pitch Perfect,11434.0,0,0,243033,18696,38856,123117,161998,21391,254031,149770,295416,136931,152044,85584,12331,51435
36321,37791,Burst Shot,20247.0,0,0,263280,18696,38856,123117,161998,21391,254031,149770,295416,136931,152044,85584,12331,51435
36321,37791,Refulgent Arrow,9134.0,0,0,263280,18696,38856,123117,161998,21391,254031,149770,304550,136931,152044,85584,12331,51435
39461,40261,Pitch Perfect,12462.0,0,0,263280,18696,38856,123117,161998,21391,266493,149770,304550,136931,152044,85584,12331,51435
39520,40278,Shot,8405.0,0,0,263280,18696,38856,123117,161998,21391,266493,149770,304550,136931,160449,85584,12331,51435
38811,40281,Refulgent Arrow,8969.0,0,0,263280,18696,38856,123117,161998,21391,266493,149770,313519,136931,160449,85584,12331,51435
38811,40281,Burst Shot,20376.0,0,0,283656,18696,38856,123117,161998,21391,266493,149770,313519,136931,160449,85584,12331,51435
23870,40500,Caustic Bite (dot),4281.0,0,0,283656,18696,43137,123117,161998,21391,266493,149770,313519,136931,160449,85584,12331,51435
23870,40500,Stormbite (dot),5351.0,0,0,283656,18696,43137,123117,161998,21391,266493,149770,313519,136931,160449,85584,12331,56786
41921,42721,Pitch Perfect,9176.0,0,0,283656,18696,43137,123117,161998,21391,275669,149770,313519,136931,160449,85584,12331,56786
41921,42721,Pitch Perfect,4049.0,0,0,283656,18696,43137,123117,161998,21391,279718,149770,313519,136931,160449,85584,12331,56786
41301,42771,Burst Shot,20082.0,0,0,303738,18696,43137,123117,161998,21391,279718,149770,313519,136931,160449,85584,12331,56786
41301,42771,Refulgent Arrow,9343.0,0,0,303738,18696,43137,123117,161998,21391,279718,149770,322862,136931,160449,85584,12331,56786
42560,43318,Shot,8399.0,0,0,303738,18696,43137,123117,161998,21391,279718,149770,322862,136931,168848,85584,12331,56786
23870,43500,Caustic Bite (dot),4281.0,0,0,303738,18696,47418,123117,161998,21391,279718,149770,322862,136931,168848,85584,12331,56786
23870,43500,Stormbite (dot),5351.0,0,0,303738,18696,47418,123117,161998,21391,279718,149770,322862,136931,168848,85584,12331,62137
43791,45261,Refulgent Arrow,8681.0,0,0,303738,18696,47418,123117,161998,21391,279718,149770,331543,136931,168848,85584,12331,62137
43791,45261,Burst Shot,20584.0,0,0,324322,18696,47418,123117,161998,21391,279718,149770,331543,136931,168848,85584,12331,62137
44411,46061,Heartbreak Shot,22418.0,0,0,324322,18696,47418,123117,184416,21391,279718,149770,331543,136931,168848,85584,12331,62137
45600,46358,Shot,8399.0,0,0,324322,18696,47418,123117,184416,21391,279718,149770,331543,136931,177247,85584,12331,62137
23870,46500,Caustic Bite (dot),4281.0,0,0,324322,18696,51699,123117,184416,21391,279718,149770,331543,136931,177247,85584,12331,62137
23870,46500,Stormbite (dot),5351.0,0,0,324322,18696,51699,123117,184416,21391,279718,149770,331543,136931,177247,85584,12331,67488
46281,47751,Refulgent Arrow,8998.0,0,0,324322,18696,51699,123117,184416,21391,279718,149770,340541,136931,177247,85584,12331,67488
46281,47751,Burst Shot,20334.0,0,0,344656,18696,51699,123117,184416,21391,279718,149770,340541,136931,177247,85584,12331,67488
47020,48050,Empyreal Arrow,32390.0,0,0,344656,18696,51699,155507,184416,21391,279718,149770,340541,136931,177247,85584,12331,67488
47640,49290,Heartbreak Shot,17811.0,0,0,344656,18696,51699,155507,202227,21391,279718,149770,340541,136931,177247,85584,12331,67488
48640,49398,Shot,8399.0,0,0,344656,18696,51699,155507,202227,21391,279718,149770,340541,136931,185646,85584,12331,67488
23870,49500,Caustic Bite (dot),4281.0,0,0,344656,18696,55980,155507,202227,21391,279718,149770,340541,136931,185646,85584,12331,67488
23870,49500,Stormbite (dot),5351.0,0,0,344656,18696,55980,155507,202227,21391,279718,149770,340541,136931,185646,85584,12331,72839
48771,50241,Refulgent Arrow,9148.0,0,0,344656,18696,55980,155507,202227,21391,279718,149770,349689,136931,185646,85584,12331,72839
48771,50241,Burst Shot,20216.0,0,0,364872,18696,55980,155507,202227,21391,279718,149770,349689,136931,185646,85584,12331,72839
49421,51071,Heartbreak Shot,3660.0,0,0,364872,18696,55980,155507,205887,21391,279718,149770,349689,136931,185646,85584,12331,72839
51261,52331,Apex Arrow,9569.0,9569,0,364872,18696,55980,155507,205887,21391,279718,149770,349689,136931,185646,85584,12331,72839
51261,52331,Apex Arrow,18042.0,27611,0,364872,18696,55980,155507,205887,21391,279718,149770,349689,136931,185646,85584,12331,72839
51261,52331,Apex Arrow,16176.0,43787,0,364872,18696,55980,155507,205887,21391,279718,149770,349689,136931,185646,85584,12331,72839
51261,52331,Apex Arrow,57.0,43844,0,364872,18696,55980,155507,205887,21391,279718,149770,349689,136931,185646,85584,12331,72839
51261,52331,Apex Arrow,13.0,43857,0,364872,18696,55980,155507,205887,21391,279718,149770,349689,136931,185646,85584,12331,72839
51261,52331,Apex Arrow,2293.0,46150,0,364872,18696,55980,155507,205887,21391,279718,149770,349689,136931,185646,85584,12331,72839
51261,52331,Apex Arrow,13960.0,60110,0,364872,18696,55980,155507,205887,21391,279718,149770,349689,136931,185646,85584,12331,72839
51261,52331,Apex Arrow,7783.0,67893,0,364872,18696,55980,155507,205887,21391,279718,149770,349689,136931,185646,85584,12331,72839
51261,52331,Apex Arrow,3674.0,71567,0,364872,18696,55980,155507,205887,21391,279718,149770,349689,136931,185646,85584,12331,72839
51261,52331,Apex Arrow,1252.0,72819,0,364872,18696,55980,155507,205887,21391,279718,149770,349689,136931,185646,85584,12331,72839
51261,52331,Apex Arrow,303.0,73122,0,364872,18696,55980,155507,205887,21391,279718,149770,349689,136931,185646,85584,12331,72839
51680,52438,Shot,8399.0,73122,0,364872,18696,55980,155507,205887,21391,279718,149770,349689,136931,194045,85584,12331,72839
23870,52500,Stormbite (dot),5351.0,73122,0,364872,18696,55980,155507,205887,21391,279718,149770,349689,136931,194045,85584,12331,78190
23870,52500,Caustic Bite (dot),4281.0,73122,0,364872,18696,60261,155507,205887,21391,279718,149770,349689,136931,194045,85584,12331,78190
51881,53531,Heartbreak Shot,20983.0,73122,0,364872,18696,60261,155507,226870,21391,279718,149770,349689,136931,194045,85584,12331,78190
53751,55221,Burst Shot,4184.0,73122,0,369056,18696,60261,155507,226870,21391,279718,149770,349689,136931,194045,85584,12331,78190
53751,55221,Refulgent Arrow,1949.0,73122,0,369056,18696,60261,155507,226870,21391,279718,149770,351638,136931,194045,85584,12331,78190
53751,55401,Blast Arrow,69018.0,73122,69018,369056,18696,60261,155507,226870,21391,279718,149770,351638,136931,194045,85584,12331,78190
54720,55478,Shot,8399.0,73122,69018,369056,18696,60261,155507,226870,21391,279718,149770,351638,136931,202444,85584,12331,78190
23870,55500,Stormbite (dot),5351.0,73122,69018,369056,18696,60261,155507,226870,21391,279718,149770,351638,136931,202444,85584,12331,83541
23870,55500,Caustic Bite (dot),4281.0,73122,69018,369056,18696,64542,155507,226870,21391,279718,149770,351638,136931,202444,85584,12331,83541
55051,56701,Heartbreak Shot,10855.0,73122,69018,369056,18696,64542,155507,237725,21391,279718,149770,351638,136931,202444,85584,12331,83541
56241,57711,Refulgent Arrow,8852.0,73122,69018,369056,18696,64542,155507,237725,21391,279718,149770,360490,136931,202444,85584,12331,83541
56241,57711,Burst Shot,20449.0,73122,69018,389505,18696,64542,155507,237725,21391,279718,149770,360490,136931,202444,85584,12331,83541
23870,58500,Caustic Bite (dot),4281.0,73122,69018,389505,18696,68823,155507,237725,21391,279718,149770,360490,136931,202444,85584,12331,83541
23870,58500,Stormbite (dot),5351.0,73122,69018,389505,18696,68823,155507,237725,21391,279718,149770,360490,136931,202444,85584,12331,88892
57760,58518,Shot,8399.0,73122,69018,389505,18696,68823,155507,237725,21391,279718,149770,360490,136931,210843,85584,12331,88892
58731,60201,Burst Shot,20230.0,73122,69018,409735,18696,68823,155507,237725,21391,279718,149770,360490,136931,210843,85584,12331,88892
58731,60201,Refulgent Arrow,9131.0,73122,69018,409735,18696,68823,155507,237725,21391,279718,149770,369621,136931,210843,85584,12331,88892
59351,61001,Heartbreak Shot,19752.0,73122,69018,409735,18696,68823,155507,257477,21391,279718,149770,369621,136931,210843,85584,12331,88892
23870,61500,Caustic Bite (dot),4281.0,73122,69018,409735,18696,73104,155507,257477,21391,279718,149770,369621,136931,210843,85584,12331,88892
23870,61500,Stormbite (dot),5351.0,73122,69018,409735,18696,73104,155507,257477,21391,279718,149770,369621,136931,210843,85584,12331,94243
60800,61558,Shot,8399.0,73122,69018,409735,18696,73104,155507,257477,21391,279718,149770,369621,136931,219242,85584,12331,94243
61221,62691,Refulgent Arrow,8922.0,73122,69018,409735,18696,73104,155507,257477,21391,279718,149770,378543,136931,219242,85584,12331,94243
61221,62691,Burst Shot,20395.0,73122,69018,430130,18696,73104,155507,257477,21391,279718,149770,378543,136931,219242,85584,12331,94243
62020,63050,Empyreal Arrow,32390.0,73122,69018,430130,18696,73104,187897,257477,21391,279718,149770,378543,136931,219242,85584,12331,94243
62640,64290,Heartbreak Shot,20134.0,73122,69018,430130,18696,73104,187897,277611,21391,279718,149770,378543,136931,219242,85584,12331,94243
23870,64500,Caustic Bite (dot),4281.0,73122,69018,430130,18696,77385,187897,277611,21391,279718,149770,378543,136931,219242,85584,12331,94243
23870,64500,Stormbite (dot),5351.0,73122,69018,430130,18696,77385,187897,277611,21391,279718,149770,378543,136931,219242,85584,12331,99594
63840,64598,Shot,8399.0,73122,69018,430130,18696,77385,187897,277611,21391,279718,149770,378543,136931,227641,85584,12331,99594
63711,65181,Refulgent Arrow,9030.0,73122,69018,430130,18696,77385,187897,277611,21391,279718,149770,387573,136931,227641,85584,12331,99594
63711,65181,Burst Shot,20310.0,73122,69018,450440,18696,77385,187897,277611,21391,279718,149770,387573,136931,227641,85584,12331,99594
64331,65981,Heartbreak Shot,8588.0,73122,69018,450440,18696,77385,187897,286199,21391,279718,149770,387573,136931,227641,85584,12331,99594
23870,67500,Caustic Bite (dot),4281.0,73122,69018,450440,18696,81666,187897,286199,21391,279718,149770,387573,136931,227641,85584,12331,99594
23870,67500,Stormbite (dot),5351.0,73122,69018,450440,18696,81666,187897,286199,21391,279718,149770,387573,136931,227641,85584,12331,104945
66880,67638,Shot,8399.0,73122,69018,450440,18696,81666,187897,286199,21391,279718,149770,387573,136931,236040,85584,12331,104945
66201,67671,Refulgent Arrow,9026.0,73122,69018,450440,18696,81666,187897,286199,21391,279718,149770,396599,136931,236040,85584,12331,104945
66201,67671,Burst Shot,20312.0,73122,69018,470752,18696,81666,187897,286199,21391,279718,149770,396599,136931,236040,85584,12331,104945
66821,68471,Heartbreak Shot,20246.0,73122,69018,470752,18696,81666,187897,306445,21391,279718,149770,396599,136931,236040,85584,12331,104945
68691,69361,Iron Jaws,12454.0,73122,69018,470752,18696,81666,187897,306445,33845,279718,149770,396599,136931,236040,85584,12331,104945
68691,70500,Caustic Bite (dot),2491.0,73122,69018,470752,18696,84157,187897,306445,33845,279718,149770,396599,136931,236040,85584,12331,104945
68691,70500,Stormbite (dot),3115.0,73122,69018,470752,18696,84157,187897,306445,33845,279718,149770,396599,136931,236040,85584,12331,108060
69920,70678,Shot,8399.0,73122,69018,470752,18696,84157,187897,306445,33845,279718,149770,396599,136931,244439,85584,12331,108060
70170,70700,Sidewinder,49833.0,73122,69018,470752,18696,84157,187897,306445,33845,279718,149770,396599,136931,244439,135417,12331,108060
71181,72651,Refulgent Arrow,17872.0,73122,69018,470752,18696,84157,187897,306445,33845,279718,149770,414471,136931,244439,135417,12331,108060
71181,72651,Burst Shot,13362.0,73122,69018,484114,18696,84157,187897,306445,33845,279718,149770,414471,136931,244439,135417,12331,108060
71831,73481,Heartbreak Shot,9108.0,73122,69018,484114,18696,84157,187897,315553,33845,279718,149770,414471,136931,244439,135417,12331,108060
68691,73500,Stormbite (dot),3115.0,73122,69018,484114,18696,84157,187897,315553,33845,279718,149770,414471,136931,244439,135417,12331,111175
68691,73500,Caustic Bite (dot),2491.0,73122,69018,484114,18696,86648,187897,315553,33845,279718,149770,414471,136931,244439,135417,12331,111175
72960,73718,Shot,8399.0,73122,69018,484114,18696,86648,187897,315553,33845,279718,149770,414471,136931,252838,135417,12331,111175
73671,75141,Burst Shot,20441.0,73122,69018,504555,18696,86648,187897,315553,33845,279718,149770,414471,136931,252838,135417,12331,111175
73671,75141,Refulgent Arrow,8862.0,73122,69018,504555,18696,86648,187897,315553,33845,279718,149770,423333,136931,252838,135417,12331,111175
74321,75971,Heartbreak Shot,20176.0,73122,69018,504555,18696,86648,187897,335729,33845,279718,149770,423333,136931,252838,135417,12331,111175
68691,76500,Caustic Bite (dot),2491.0,73122,69018,504555,18696,89139,187897,335729,33845,279718,149770,423333,136931,252838,135417,12331,111175
68691,76500,Stormbite (dot),3115.0,73122,69018,504555,18696,89139,187897,335729,33845,279718,149770,423333,136931,252838,135417,12331,114290
76000,76758,Shot,8399.0,73122,69018,504555,18696,89139,187897,335729,33845,279718,149770,423333,136931,261237,135417,12331,114290
76162,77632,Refulgent Arrow,9072.0,73122,69018,504555,18696,89139,187897,335729,33845,279718,149770,432405,136931,261237,135417,12331,114290
76162,77632,Burst Shot,20277.0,73122,69018,524832,18696,89139,187897,335729,33845,279718,149770,432405,136931,261237,135417,12331,114290
77020,78050,Empyreal Arrow,32390.0,73122,69018,524832,18696,89139,220287,335729,33845,279718,149770,432405,136931,261237,135417,12331,114290
77640,79290,Heartbreak Shot,20111.0,73122,69018,524832,18696,89139,220287,355840,33845,279718,149770,432405,136931,261237,135417,12331,114290
68691,79500,Caustic Bite (dot),2491.0,73122,69018,524832,18696,91630,220287,355840,33845,279718,149770,432405,136931,261237,135417,12331,114290
68691,79500,Stormbite (dot),3115.0,73122,69018,524832,18696,91630,220287,355840,33845,279718,149770,432405,136931,261237,135417,12331,117405
79040,79798,Shot,8399.0,73122,69018,524832,18696,91630,220287,355840,33845,279718,149770,432405,136931,269636,135417,12331,117405
78652,80122,Refulgent Arrow,9215.0,73122,69018,524832,18696,91630,220287,355840,33845,279718,149770,441620,136931,269636,135417,12331,117405
78652,80122,Burst Shot,20164.0,73122,69018,544996,18696,91630,220287,355840,33845,279718,149770,441620,136931,269636,135417,12331,117405
79272,80922,Heartbreak Shot,8998.0,73122,69018,544996,18696,91630,220287,364838,33845,279718,149770,441620,136931,269636,135417,12331,117405
68691,82500,Stormbite (dot),3115.0,73122,69018,544996,18696,91630,220287,364838,33845,279718,149770,441620,136931,269636,135417,12331,120520
68691,82500,Caustic Bite (dot),2491.0,73122,69018,544996,18696,94121,220287,364838,33845,279718,149770,441620,136931,269636,135417,12331,120520
81142,82612,Refulgent Arrow,9054.0,73122,69018,544996,18696,94121,220287,364838,33845,279718,149770,450674,136931,269636,135417,12331,120520
81142,82612,Burst Shot,20290.0,73122,69018,565286,18696,94121,220287,364838,33845,279718,149770,450674,136931,269636,135417,12331,120520
82080,82838,Shot,8374.0,73122,69018,565286,18696,94121,220287,364838,33845,279718,149770,450674,136931,278010,135417,12331,120520
82382,84032,Heartbreak Shot,20022.0,73122,69018,565286,18696,94121,220287,384860,33845,279718,149770,450674,136931,278010,135417,12331,120520
83632,85102,Refulgent Arrow,9013.0,73122,69018,565286,18696,94121,220287,384860,33845,279718,149770,459687,136931,278010,135417,12331,120520
83632,85102,Burst Shot,20241.0,73122,69018,585527,18696,94121,220287,384860,33845,279718,149770,459687,136931,278010,135417,12331,120520
68691,85500,Stormbite (dot),3115.0,73122,69018,585527,18696,94121,220287,384860,33845,279718,149770,459687,136931,278010,135417,12331,123635
68691,85500,Caustic Bite (dot),2491.0,73122,69018,585527,18696,96612,220287,384860,33845,279718,149770,459687,136931,278010,135417,12331,123635
85120,85878,Shot,8374.0,73122,69018,585527,18696,96612,220287,384860,33845,279718,149770,459687,136931,286384,135417,12331,123635
86122,87592,Burst Shot,20274.0,73122,69018,605801,18696,96612,220287,384860,33845,279718,149770,459687,136931,286384,135417,12331,123635
86122,87592,Refulgent Arrow,8971.0,73122,69018,605801,18696,96612,220287,384860,33845,279718,149770,468658,136931,286384,135417,12331,123635
68691,88500,Caustic Bite (dot),2491.0,73122,69018,605801,18696,99103,220287,384860,33845,279718,149770,468658,136931,286384,135417,12331,123635
68691,88500,Stormbite (dot),3115.0,73122,69018,605801,18696,99103,220287,384860,33845,279718,149770,468658,136931,286384,135417,12331,126750
88160,88918,Shot,8374.0,73122,69018,605801,18696,99103,220287,384860,33845,279718,149770,468658,136931,294758,135417,12331,126750
88512,89982,Burst Shot,20227.0,73122,69018,626028,18696,99103,220287,384860,33845,279718,149770,468658,136931,294758,135417,12331,126750
88512,89982,Refulgent Arrow,9031.0,73122,69018,626028,18696,99103,220287,384860,33845,279718,149770,477689,136931,294758,135417,12331,126750
89162,90812,Heartbreak Shot,11338.0,73122,69018,626028,18696,99103,220287,396198,33845,279718,149770,477689,136931,294758,135417,12331,126750
68691,91500,Caustic Bite (dot),2491.0,73122,69018,626028,18696,101594,220287,396198,33845,279718,149770,477689,136931,294758,135417,12331,126750
68691,91500,Stormbite (dot),3115.0,73122,69018,626028,18696,101594,220287,396198,33845,279718,149770,477689,136931,294758,135417,12331,129865
91200,91958,Shot,8374.0,73122,69018,626028,18696,101594,220287,396198,33845,279718,149770,477689,136931,303132,135417,12331,129865
90802,92272,Refulgent Arrow,9034.0,73122,69018,626028,18696,101594,220287,396198,33845,279718,149770,486723,136931,303132,135417,12331,129865
90802,92272,Burst Shot,20224.0,73122,69018,646252,18696,101594,220287,396198,33845,279718,149770,486723,136931,303132,135417,12331,129865
92020,93050,Empyreal Arrow,32293.0,73122,69018,646252,18696,101594,252580,396198,33845,279718,149770,486723,136931,303132,135417,12331,129865
92992,94462,Burst Shot,20342.0,73122,69018,666594,18696,101594,252580,396198,33845,279718,149770,486723,136931,303132,135417,12331,129865
92992,94462,Refulgent Arrow,8884.0,73122,69018,666594,18696,101594,252580,396198,33845,279718,149770,495607,136931,303132,135417,12331,129865
68691,94500,Stormbite (dot),3115.0,73122,69018,666594,18696,101594,252580,396198,33845,279718,149770,495607,136931,303132,135417,12331,132980
68691,94500,Caustic Bite (dot),2491.0,73122,69018,666594,18696,104085,252580,396198,33845,279718,149770,495607,136931,303132,135417,12331,132980
94240,94998,Shot,8374.0,73122,69018,666594,18696,104085,252580,396198,33845,279718,149770,495607,136931,311506,135417,12331,132980
95082,96552,Burst Shot,20014.0,73122,69018,686608,18696,104085,252580,396198,33845,279718,149770,495607,136931,311506,135417,12331,132980
95082,96552,Refulgent Arrow,9302.0,73122,69018,686608,18696,104085,252580,396198,33845,279718,149770,504909,136931,311506,135417,12331,132980
68691,97500,Caustic Bite (dot),2491.0,73122,69018,686608,18696,106576,252580,396198,33845,279718,149770,504909,136931,311506,135417,12331,132980
68691,97500,Stormbite (dot),3115.0,73122,69018,686608,18696,106576,252580,396198,33845,279718,149770,504909,136931,311506,135417,12331,136095
96382,98032,Heartbreak Shot,11012.0,73122,69018,686608,18696,106576,252580,407210,33845,279718,149770,504909,136931,311506,135417,12331,136095
97280,98038,Shot,8374.0,73122,69018,686608,18696,106576,252580,407210,33845,279718,149770,504909,136931,319880,135417,12331,136095
97172,98642,Refulgent Arrow,8888.0,73122,69018,686608,18696,106576,252580,407210,33845,279718,149770,513797,136931,319880,135417,12331,136095
97172,98642,Burst Shot,20339.0,73122,69018,706947,18696,106576,252580,407210,33845,279718,149770,513797,136931,319880,135417,12331,136095
68691,100500,Caustic Bite (dot),2491.0,73122,69018,706947,18696,109067,252580,407210,33845,279718,149770,513797,136931,319880,135417,12331,136095
68691,100500,Stormbite (dot),3115.0,73122,69018,706947,18696,109067,252580,407210,33845,279718,149770,513797,136931,319880,135417,12331,139210
99262,100732,Refulgent Arrow,8996.0,73122,69018,706947,18696,109067,252580,407210,33845,279718,149770,522793,136931,319880,135417,12331,139210
99262,100732,Burst Shot,20254.0,73122,69018,727201,18696,109067,252580,407210,33845,279718,149770,522793,136931,319880,135417,12331,139210
100320,101078,Shot,8374.0,73122,69018,727201,18696,109067,252580,407210,33845,279718,149770,522793,136931,328254,135417,12331,139210
101352,102822,Refulgent Arrow,9048.0,73122,69018,727201,18696,109067,252580,407210,33845,279718,149770,531841,136931,328254,135417,12331,139210
101352,102822,Burst Shot,20213.0,73122,69018,747414,18696,109067,252580,407210,33845,279718,149770,531841,136931,328254,135417,12331,139210
68691,103500,Stormbite (dot),3115.0,73122,69018,747414,18696,109067,252580,407210,33845,279718,149770,531841,136931,328254,135417,12331,142325
68691,103500,Caustic Bite (dot),2491.0,73122,69018,747414,18696,111558,252580,407210,33845,279718,149770,531841,136931,328254,135417,12331,142325
103360,104118,Shot,8374.0,73122,69018,747414,18696,111558,252580,407210,33845,279718,149770,531841,136931,336628,135417,12331,142325
103442,104912,Refulgent Arrow,8818.0,73122,69018,747414,18696,111558,252580,407210,33845,279718,149770,540659,136931,336628,135417,12331,142325
103442,104912,Burst Shot,20394.0,73122,69018,767808,18696,111558,252580,407210,33845,279718,149770,540659,136931,336628,135417,12331,142325
105532,106202,Iron Jaws,12417.0,73122,69018,767808,18696,111558,252580,407210,46262,279718,149770,540659,136931,336628,135417,12331,142325
105532,106500,Stormbite (dot),3106.0,73122,69018,767808,18696,111558,252580,407210,46262,279718,149770,540659,136931,336628,135417,12331,145431
105532,106500,Caustic Bite (dot),2484.0,73122,69018,767808,18696,114042,252580,407210,46262,279718,149770,540659,136931,336628,135417,12331,145431
106400,107158,Shot,8374.0,73122,69018,767808,18696,114042,252580,407210,46262,279718,149770,540659,136931,345002,135417,12331,145431
107622,109092,Burst Shot,12989.0,73122,69018,780797,18696,114042,252580,407210,46262,279718,149770,540659,136931,345002,135417,12331,145431
107622,109092,Refulgent Arrow,18242.0,73122,69018,780797,18696,114042,252580,407210,46262,279718,149770,558901,136931,345002,135417,12331,145431
108242,109272,Empyreal Arrow,32293.0,73122,69018,780797,18696,114042,284873,407210,46262,279718,149770,558901,136931,345002,135417,12331,145431
105532,109500,Caustic Bite (dot),2484.0,73122,69018,780797,18696,116526,284873,407210,46262,279718,149770,558901,136931,345002,135417,12331,145431
105532,109500,Stormbite (dot),3106.0,73122,69018,780797,18696,116526,284873,407210,46262,279718,149770,558901,136931,345002,135417,12331,148537
109440,110198,Shot,8374.0,73122,69018,780797,18696,116526,284873,407210,46262,279718,149770,558901,136931,353376,135417,12331,148537
109712,111182,Burst Shot,20396.0,73122,69018,801193,18696,116526,284873,407210,46262,279718,149770,558901,136931,353376,135417,12331,148537
109712,111182,Refulgent Arrow,8815.0,73122,69018,801193,18696,116526,284873,407210,46262,279718,149770,567716,136931,353376,135417,12331,148537
105532,112500,Stormbite (dot),3106.0,73122,69018,801193,18696,116526,284873,407210,46262,279718,149770,567716,136931,353376,135417,12331,151643
105532,112500,Caustic Bite (dot),2484.0,73122,69018,801193,18696,119010,284873,407210,46262,279718,149770,567716,136931,353376,135417,12331,151643
112480,113238,Shot,8374.0,73122,69018,801193,18696,119010,284873,407210,46262,279718,149770,567716,136931,361750,135417,12331,151643
111802,113272,Refulgent Arrow,8912.0,73122,69018,801193,18696,119010,284873,407210,46262,279718,149770,576628,136931,361750,135417,12331,151643
111802,113272,Burst Shot,20320.0,73122,69018,821513,18696,119010,284873,407210,46262,279718,149770,576628,136931,361750,135417,12331,151643
113892,115362,Refulgent Arrow,9051.0,73122,69018,821513,18696,119010,284873,407210,46262,279718,149770,585679,136931,361750,135417,12331,151643
113892,115362,Burst Shot,20211.0,73122,69018,841724,18696,119010,284873,407210,46262,279718,149770,585679,136931,361750,135417,12331,151643
105532,115500,Caustic Bite (dot),2484.0,73122,69018,841724,18696,121494,284873,407210,46262,279718,149770,585679,136931,361750,135417,12331,151643
105532,115500,Stormbite (dot),3106.0,73122,69018,841724,18696,121494,284873,407210,46262,279718,149770,585679,136931,361750,135417,12331,154749
115520,116278,Shot,8374.0,73122,69018,841724,18696,121494,284873,407210,46262,279718,149770,585679,136931,370124,135417,12331,154749
115982,117452,Burst Shot,20519.0,73122,69018,862243,18696,121494,284873,407210,46262,279718,149770,585679,136931,370124,135417,12331,154749
115982,117452,Refulgent Arrow,8658.0,73122,69018,862243,18696,121494,284873,407210,46262,279718,149770,594337,136931,370124,135417,12331,154749
105532,118500,Stormbite (dot),3106.0,73122,69018,862243,18696,121494,284873,407210,46262,279718,149770,594337,136931,370124,135417,12331,157855
105532,118500,Caustic Bite (dot),2484.0,73122,69018,862243,18696,123978,284873,407210,46262,279718,149770,594337,136931,370124,135417,12331,157855
118560,119318,Shot,8374.0,73122,69018,862243,18696,123978,284873,407210,46262,279718,149770,594337,136931,378498,135417,12331,157855
118072,119542,Refulgent Arrow,9302.0,73122,69018,862243,18696,123978,284873,407210,46262,279718,149770,603639,136931,378498,135417,12331,157855
118072,119542,Burst Shot,20014.0,73122,69018,882257,18696,123978,284873,407210,46262,279718,149770,603639,136931,378498,135417,12331,157855
105532,121500,Caustic Bite (dot),2484.0,73122,69018,882257,18696,126462,284873,407210,46262,279718,149770,603639,136931,378498,135417,12331,157855
105532,121500,Stormbite (dot),3106.0,73122,69018,882257,18696,126462,284873,407210,46262,279718,149770,603639,136931,378498,135417,12331,160961
120162,121632,Refulgent Arrow,8989.0,73122,69018,882257,18696,126462,284873,407210,46262,279718,149770,612628,136931,378498,135417,12331,160961
120162,121632,Burst Shot,20260.0,73122,69018,902517,18696,126462,284873,407210,46262,279718,149770,612628,136931,378498,135417,12331,160961
121600,122358,Shot,8405.0,73122,69018,902517,18696,126462,284873,407210,46262,279718,149770,612628,136931,386903,135417,12331,160961
122252,123722,Refulgent Arrow,9305.0,73122,69018,902517,18696,126462,284873,407210,46262,279718,149770,621933,136931,386903,135417,12331,160961
122252,123722,Burst Shot,20112.0,73122,69018,922629,18696,126462,284873,407210,46262,279718,149770,621933,136931,386903,135417,12331,160961
123242,124272,Empyreal Arrow,32412.0,73122,69018,922629,18696,126462,317285,407210,46262,279718,149770,621933,136931,386903,135417,12331,160961
105532,124500,Caustic Bite (dot),2484.0,73122,69018,922629,18696,128946,317285,407210,46262,279718,149770,621933,136931,386903,135417,12331,160961
105532,124500,Stormbite (dot),3106.0,73122,69018,922629,18696,128946,317285,407210,46262,279718,149770,621933,136931,386903,135417,12331,164067
124640,125398,Shot,8405.0,73122,69018,922629,18696,128946,317285,407210,46262,279718,149770,621933,136931,395308,135417,12331,164067
124442,125912,Refulgent Arrow,8788.0,73122,69018,922629,18696,128946,317285,407210,46262,279718,149770,630721,136931,395308,135417,12331,164067
124442,125912,Burst Shot,20518.0,73122,69018,943147,18696,128946,317285,407210,46262,279718,149770,630721,136931,395308,135417,12331,164067
105532,127500,Caustic Bite (dot),2484.0,73122,69018,943147,18696,131430,317285,407210,46262,279718,149770,630721,136931,395308,135417,12331,164067
105532,127500,Stormbite (dot),3106.0,73122,69018,943147,18696,131430,317285,407210,46262,279718,149770,630721,136931,395308,135417,12331,167173
126632,128102,Refulgent Arrow,12293.0,73122,69018,943147,18696,131430,317285,407210,46262,279718,149770,643014,136931,395308,135417,12331,167173
126632,128102,Burst Shot,27765.0,73122,69018,970912,18696,131430,317285,407210,46262,279718,149770,643014,136931,395308,135417,12331,167173
127680,128438,Shot,12043.0,73122,69018,970912,18696,131430,317285,407210,46262,279718,149770,643014,136931,407351,135417,12331,167173
127872,128672,Pitch Perfect,47106.0,73122,69018,970912,18696,131430,317285,407210,46262,326824,149770,643014,136931,407351,135417,12331,167173
127872,129522,Heartbreak Shot,13419.0,73122,69018,970912,18696,131430,317285,420629,46262,326824,149770,643014,136931,407351,135417,12331,167173
128822,129892,Apex Arrow,38.0,73160,69018,970912,18696,131430,317285,420629,46262,326824,149770,643014,136931,407351,135417,12331,167173
128822,129892,Apex Arrow,314.0,73474,69018,970912,18696,131430,317285,420629,46262,326824,149770,643014,136931,407351,135417,12331,167173
128822,129892,Apex Arrow,143432.0,216906,69018,970912,18696,131430,317285,420629,46262,326824,149770,643014,136931,407351,135417,12331,167173
105532,130500,Stormbite (dot),3106.0,216906,69018,970912,18696,131430,317285,420629,46262,326824,149770,643014,136931,407351,135417,12331,170279
105532,130500,Caustic Bite (dot),2484.0,216906,69018,970912,18696,133914,317285,420629,46262,326824,149770,643014,136931,407351,135417,12331,170279
130062,130862,Pitch Perfect,19056.0,216906,69018,970912,18696,133914,317285,420629,46262,345880,149770,643014,136931,407351,135417,12331,170279
129442,131092,Heartbreak Shot,36967.0,216906,69018,970912,18696,133914,317285,457596,46262,345880,149770,643014,136931,407351,135417,12331,170279
130720,131478,Shot,13849.0,216906,69018,970912,18696,133914,317285,457596,46262,345880,149770,643014,136931,421200,135417,12331,170279
130062,131712,Heartbreak Shot,23548.0,216906,69018,970912,18696,133914,317285,481144,46262,345880,149770,643014,136931,421200,135417,12331,170279
131632,132162,Sidewinder,82172.0,216906,69018,970912,18696,133914,317285,481144,46262,345880,149770,643014,136931,421200,217589,12331,170279
131012,132662,Blast Arrow,143806.0,216906,212824,970912,18696,133914,317285,481144,46262,345880,149770,643014,136931,421200,217589,12331,170279
105532,133500,Caustic Bite (dot),2484.0,216906,212824,970912,18696,136398,317285,481144,46262,345880,149770,643014,136931,421200,217589,12331,170279
105532,133500,Stormbite (dot),3106.0,216906,212824,970912,18696,136398,317285,481144,46262,345880,149770,643014,136931,421200,217589,12331,173385
133760,134518,Shot,13849.0,216906,212824,970912,18696,136398,317285,481144,46262,345880,149770,643014,136931,435049,217589,12331,173385
134122,134922,Pitch Perfect,5627.0,216906,212824,970912,18696,136398,317285,481144,46262,351507,149770,643014,136931,435049,217589,12331,173385
133502,135462,Radiant Encore,225982.0,216906,212824,970912,18696,136398,317285,481144,46262,351507,375752,643014,136931,435049,217589,12331,173385
134122,135772,Heartbreak Shot,17389.0,216906,212824,970912,18696,136398,317285,498533,46262,351507,375752,643014,136931,435049,217589,12331,173385
134772,136422,Heartbreak Shot,1364.0,216906,212824,970912,18696,136398,317285,499897,46262,351507,375752,643014,136931,435049,217589,12331,173385
105532,136500,Caustic Bite (dot),2484.0,216906,212824,970912,18696,138882,317285,499897,46262,351507,375752,643014,136931,435049,217589,12331,173385
105532,136500,Stormbite (dot),3106.0,216906,212824,970912,18696,138882,317285,499897,46262,351507,375752,643014,136931,435049,217589,12331,176491
136642,137442,Pitch Perfect,25690.0,216906,212824,970912,18696,138882,317285,499897,46262,377197,375752,643014,136931,435049,217589,12331,176491
135992,137462,Refulgent Arrow,57513.0,216906,212824,970912,18696,138882,317285,499897,46262,377197,375752,700527,136931,435049,217589,12331,176491
136800,137558,Shot,13849.0,216906,212824,970912,18696,138882,317285,499897,46262,377197,375752,700527,136931,448898,217589,12331,176491
135992,137582,Refulgent Arrow,57513.0,216906,212824,970912,18696,138882,317285,499897,46262,377197,375752,758040,136931,448898,217589,12331,176491
135992,137702,Refulgent Arrow,57513.0,216906,212824,970912,18696,138882,317285,499897,46262,377197,375752,815553,136931,448898,217589,12331,176491
138242,139272,Empyreal Arrow,53410.0,216906,212824,970912,18696,138882,370695,499897,46262,377197,375752,815553,136931,448898,217589,12331,176491
105532,139500,Stormbite (dot),3106.0,216906,212824,970912,18696,138882,370695,499897,46262,377197,375752,815553,136931,448898,217589,12331,179597
105532,139500,Caustic Bite (dot),2484.0,216906,212824,970912,18696,141366,370695,499897,46262,377197,375752,815553,136931,448898,217589,12331,179597
138862,140022,Resonant Arrow,131472.0,216906,212824,970912,18696,141366,370695,499897,46262,377197,375752,815553,268403,448898,217589,12331,179597
139482,140282,Pitch Perfect,43068.0,216906,212824,970912,18696,141366,370695,499897,46262,420265,375752,815553,268403,448898,217589,12331,179597
139840,140598,Shot,13849.0,216906,212824,970912,18696,141366,370695,499897,46262,420265,375752,815553,268403,462747,217589,12331,179597
105532,142500,Stormbite (dot),3106.0,216906,212824,970912,18696,141366,370695,499897,46262,420265,375752,815553,268403,462747,217589,12331,182703
105532,142500,Caustic Bite (dot),2484.0,216906,212824,970912,18696,143850,370695,499897,46262,420265,375752,815553,268403,462747,217589,12331,182703
142002,142802,Pitch Perfect,20240.0,216906,212824,970912,18696,143850,370695,499897,46262,440505,375752,815553,268403,462747,217589,12331,182703
141352,142822,Burst Shot,33368.0,216906,212824,1004280,18696,143850,370695,499897,46262,440505,375752,815553,268403,462747,217589,12331,182703
141352,142822,Refulgent Arrow,15045.0,216906,212824,1004280,18696,143850,370695,499897,46262,440505,375752,830598,268403,462747,217589,12331,182703
142880,143638,Shot,13849.0,216906,212824,1004280,18696,143850,370695,499897,46262,440505,375752,830598,268403,476596,217589,12331,182703
142002,143652,Heartbreak Shot,13326.0,216906,212824,1004280,18696,143850,370695,513223,46262,440505,375752,830598,268403,476596,217589,12331,182703
142652,144302,Heartbreak Shot,4887.0,216906,212824,1004280,18696,143850,370695,518110,46262,440505,375752,830598,268403,476596,217589,12331,182703
143842,144512,Iron Jaws,20536.0,216906,212824,1004280,18696,143850,370695,518110,66798,440505,375752,830598,268403,476596,217589,12331,182703
143842,145500,Caustic Bite (dot),4108.0,216906,212824,1004280,18696,147958,370695,518110,66798,440505,375752,830598,268403,476596,217589,12331,182703
143842,145500,Stormbite (dot),5137.0,216906,212824,1004280,18696,147958,370695,518110,66798,440505,375752,830598,268403,476596,217589,12331,187840
145112,145912,Pitch Perfect,7454.0,216906,212824,1004280,18696,147958,370695,518110,66798,447959,375752,830598,268403,476596,217589,12331,187840
145920,146678,Shot,13235.0,216906,212824,1004280,18696,147958,370695,518110,66798,447959,375752,830598,268403,489831,217589,12331,187840
146332,147802,Burst Shot,16776.0,216906,212824,1021056,18696,147958,370695,518110,66798,447959,375752,830598,268403,489831,217589,12331,187840
146332,147802,Refulgent Arrow,22900.0,216906,212824,1021056,18696,147958,370695,518110,66798,447959,375752,853498,268403,489831,217589,12331,187840
143842,148500,Stormbite (dot),5137.0,216906,212824,1021056,18696,147958,370695,518110,66798,447959,375752,853498,268403,489831,217589,12331,192977
143842,148500,Caustic Bite (dot),4108.0,216906,212824,1021056,18696,152066,370695,518110,66798,447959,375752,853498,268403,489831,217589,12331,192977
148960,149718,Shot,8405.0,216906,212824,1021056,18696,152066,370695,518110,66798,447959,375752,853498,268403,498236,217589,12331,192977
149472,150272,Pitch Perfect,15020.0,216906,212824,1021056,18696,152066,370695,518110,66798,462979,375752,853498,268403,498236,217589,12331,192977
148822,150292,Refulgent Arrow,9357.0,216906,212824,1021056,18696,152066,370695,518110,66798,462979,375752,862855,268403,498236,217589,12331,192977
148822,150292,Burst Shot,20071.0,216906,212824,1041127,18696,152066,370695,518110,66798,462979,375752,862855,268403,498236,217589,12331,192977
149472,151122,Heartbreak Shot,7622.0,216906,212824,1041127,18696,152066,370695,525732,66798,462979,375752,862855,268403,498236,217589,12331,192977
143842,151500,Stormbite (dot),5137.0,216906,212824,1041127,18696,152066,370695,525732,66798,462979,375752,862855,268403,498236,217589,12331,198114
143842,151500,Caustic Bite (dot),4108.0,216906,212824,1041127,18696,156174,370695,525732,66798,462979,375752,862855,268403,498236,217589,12331,198114
150122,151772,Heartbreak Shot,3757.0,216906,212824,1041127,18696,156174,370695,529489,66798,462979,375752,862855,268403,498236,217589,12331,198114
152000,152758,Shot,8405.0,216906,212824,1041127,18696,156174,370695,529489,66798,462979,375752,862855,268403,506641,217589,12331,198114
151962,152762,Pitch Perfect,14558.0,216906,212824,1041127,18696,156174,370695,529489,66798,477537,375752,862855,268403,506641,217589,12331,198114
151312,152782,Burst Shot,20343.0,216906,212824,1061470,18696,156174,370695,529489,66798,477537,375752,862855,268403,506641,217589,12331,198114
151312,152782,Refulgent Arrow,9011.0,216906,212824,1061470,18696,156174,370695,529489,66798,477537,375752,871866,268403,506641,217589,12331,198114
143842,154500,Stormbite (dot),5137.0,216906,212824,1061470,18696,156174,370695,529489,66798,477537,375752,871866,268403,506641,217589,12331,203251
143842,154500,Caustic Bite (dot),4108.0,216906,212824,1061470,18696,160282,370695,529489,66798,477537,375752,871866,268403,506641,217589,12331,203251
153802,155272,Refulgent Arrow,9113.0,216906,212824,1061470,18696,160282,370695,529489,66798,477537,375752,880979,268403,506641,217589,12331,203251
153802,155272,Burst Shot,20263.0,216906,212824,1081733,18696,160282,370695,529489,66798,477537,375752,880979,268403,506641,217589,12331,203251
154422,155452,Empyreal Arrow,32412.0,216906,212824,1081733,18696,160282,403107,529489,66798,477537,375752,880979,268403,506641,217589,12331,203251
155040,155798,Shot,8405.0,216906,212824,1081733,18696,160282,403107,529489,66798,477537,375752,880979,268403,515046,217589,12331,203251
155042,155842,Pitch Perfect,23870.0,216906,212824,1081733,18696,160282,403107,529489,66798,501407,375752,880979,268403,515046,217589,12331,203251
143842,157500,Caustic Bite (dot),4108.0,216906,212824,1081733,18696,164390,403107,529489,66798,501407,375752,880979,268403,515046,217589,12331,203251
143842,157500,Stormbite (dot),5137.0,216906,212824,1081733,18696,164390,403107,529489,66798,501407,375752,880979,268403,515046,217589,12331,208388
156942,157742,Pitch Perfect,13974.0,216906,212824,1081733,18696,164390,403107,529489,66798,515381,375752,880979,268403,515046,217589,12331,208388
156292,157762,Burst Shot,20238.0,216906,212824,1101971,18696,164390,403107,529489,66798,515381,375752,880979,268403,515046,217589,12331,208388
156292,157762,Refulgent Arrow,9144.0,216906,212824,1101971,18696,164390,403107,529489,66798,515381,375752,890123,268403,515046,217589,12331,208388
156942,158592,Heartbreak Shot,7578.0,216906,212824,1101971,18696,164390,403107,537067,66798,515381,375752,890123,268403,515046,217589,12331,208388
158080,158838,Shot,8405.0,216906,212824,1101971,18696,164390,403107,537067,66798,515381,375752,890123,268403,523451,217589,12331,208388
157592,159242,Heartbreak Shot,3474.0,216906,212824,1101971,18696,164390,403107,540541,66798,515381,375752,890123,268403,523451,217589,12331,208388
158782,160252,Burst Shot,20293.0,216906,212824,1122264,18696,164390,403107,540541,66798,515381,375752,890123,268403,523451,217589,12331,208388
158782,160252,Refulgent Arrow,9074.0,216906,212824,1122264,18696,164390,403107,540541,66798,515381,375752,899197,268403,523451,217589,12331,208388
143842,160500,Stormbite (dot),5137.0,216906,212824,1122264,18696,164390,403107,540541,66798,515381,375752,899197,268403,523451,217589,12331,213525
143842,160500,Caustic Bite (dot),4108.0,216906,212824,1122264,18696,168498,403107,540541,66798,515381,375752,899197,268403,523451,217589,12331,213525
160082,160882,Pitch Perfect,4945.0,216906,212824,1122264,18696,168498,403107,540541,66798,520326,375752,899197,268403,523451,217589,12331,213525
161120,161878,Shot,8405.0,216906,212824,1122264,18696,168498,403107,540541,66798,520326,375752,899197,268403,531856,217589,12331,213525
161272,162742,Burst Shot,20293.0,216906,212824,1142557,18696,168498,403107,540541,66798,520326,375752,899197,268403,531856,217589,12331,213525
161272,162742,Refulgent Arrow,9074.0,216906,212824,1142557,18696,168498,403107,540541,66798,520326,375752,908271,268403,531856,217589,12331,213525
143842,163500,Stormbite (dot),5137.0,216906,212824,1142557,18696,168498,403107,540541,66798,520326,375752,908271,268403,531856,217589,12331,218662
143842,163500,Caustic Bite (dot),4108.0,216906,212824,1142557,18696,172606,403107,540541,66798,520326,375752,908271,268403,531856,217589,12331,218662
164160,164918,Shot,8405.0,216906,212824,1142557,18696,172606,403107,540541,66798,520326,375752,908271,268403,540261,217589,12331,218662
164382,165182,Pitch Perfect,2989.0,216906,212824,1142557,18696,172606,403107,540541,66798,523315,375752,908271,268403,540261,217589,12331,218662
164382,165182,Pitch Perfect,11328.0,216906,212824,1142557,18696,172606,403107,540541,66798,534643,375752,908271,268403,540261,217589,12331,218662
164382,165182,Pitch Perfect,13777.0,216906,212824,1142557,18696,172606,403107,540541,66798,548420,375752,908271,268403,540261,217589,12331,218662
163762,165232,Refulgent Arrow,9078.0,216906,212824,1142557,18696,172606,403107,540541,66798,548420,375752,917349,268403,540261,217589,12331,218662
163762,165232,Burst Shot,20290.0,216906,212824,1162847,18696,172606,403107,540541,66798,548420,375752,917349,268403,540261,217589,12331,218662
164382,166032,Heartbreak Shot,507.0,216906,212824,1162847,18696,172606,403107,541048,66798,548420,375752,917349,268403,540261,217589,12331,218662
143842,166500,Caustic Bite (dot),4108.0,216906,212824,1162847,18696,176714,403107,541048,66798,548420,375752,917349,268403,540261,217589,12331,218662
143842,166500,Stormbite (dot),5137.0,216906,212824,1162847,18696,176714,403107,541048,66798,548420,375752,917349,268403,540261,217589,12331,223799
165032,166682,Heartbreak Shot,10866.0,216906,212824,1162847,18696,176714,403107,551914,66798,548420,375752,917349,268403,540261,217589,12331,223799
166252,167722,Refulgent Arrow,9291.0,216906,212824,1162847,18696,176714,403107,551914,66798,548420,375752,926640,268403,540261,217589,12331,223799
166252,167722,Burst Shot,20104.0,216906,212824,1182951,18696,176714,403107,551914,66798,548420,375752,926640,268403,540261,217589,12331,223799
167200,167958,Shot,8399.0,216906,212824,1182951,18696,176714,403107,551914,66798,548420,375752,926640,268403,548660,217589,12331,223799
143842,169500,Stormbite (dot),5137.0,216906,212824,1182951,18696,176714,403107,551914,66798,548420,375752,926640,268403,548660,217589,12331,228936
143842,169500,Caustic Bite (dot),4108.0,216906,212824,1182951,18696,180822,403107,551914,66798,548420,375752,926640,268403,548660,217589,12331,228936
168742,170212,Refulgent Arrow,9194.0,216906,212824,1182951,18696,180822,403107,551914,66798,548420,375752,935834,268403,548660,217589,12331,228936
168742,170212,Burst Shot,20181.0,216906,212824,1203132,18696,180822,403107,551914,66798,548420,375752,935834,268403,548660,217589,12331,228936
169422,170452,Empyreal Arrow,32390.0,216906,212824,1203132,18696,180822,435497,551914,66798,548420,375752,935834,268403,548660,217589,12331,228936
170240,170998,Shot,8399.0,216906,212824,1203132,18696,180822,435497,551914,66798,548420,375752,935834,268403,557059,217589,12331,228936
170042,171692,Heartbreak Shot,20167.0,216906,212824,1203132,18696,180822,435497,572081,66798,548420,375752,935834,268403,557059,217589,12331,228936
143842,172500,Caustic Bite (dot),4108.0,216906,212824,1203132,18696,184930,435497,572081,66798,548420,375752,935834,268403,557059,217589,12331,228936
143842,172500,Stormbite (dot),5137.0,216906,212824,1203132,18696,184930,435497,572081,66798,548420,375752,935834,268403,557059,217589,12331,234073
171233,172703,Refulgent Arrow,8845.0,216906,212824,1203132,18696,184930,435497,572081,66798,548420,375752,944679,268403,557059,217589,12331,234073
171233,172703,Burst Shot,20455.0,216906,212824,1223587,18696,184930,435497,572081,66798,548420,375752,944679,268403,557059,217589,12331,234073
171853,173503,Heartbreak Shot,20208.0,216906,212824,1223587,18696,184930,435497,592289,66798,548420,375752,944679,268403,557059,217589,12331,234073
173280,174038,Shot,8399.0,216906,212824,1223587,18696,184930,435497,592289,66798,548420,375752,944679,268403,565458,217589,12331,234073
173723,175193,Refulgent Arrow,9089.0,216906,212824,1223587,18696,184930,435497,592289,66798,548420,375752,953768,268403,565458,217589,12331,234073
173723,175193,Burst Shot,20263.0,216906,212824,1243850,18696,184930,435497,592289,66798,548420,375752,953768,268403,565458,217589,12331,234073
143842,175500,Caustic Bite (dot),4108.0,216906,212824,1243850,18696,189038,435497,592289,66798,548420,375752,953768,268403,565458,217589,12331,234073
143842,175500,Stormbite (dot),5137.0,216906,212824,1243850,18696,189038,435497,592289,66798,548420,375752,953768,268403,565458,217589,12331,239210
174343,175993,Heartbreak Shot,8931.0,216906,212824,1243850,18696,189038,435497,601220,66798,548420,375752,953768,268403,565458,217589,12331,239210
176320,177078,Shot,8399.0,216906,212824,1243850,18696,189038,435497,601220,66798,548420,375752,953768,268403,573857,217589,12331,239210
176213,177683,Refulgent Arrow,9040.0,216906,212824,1243850,18696,189038,435497,601220,66798,548420,375752,962808,268403,573857,217589,12331,239210
176213,177683,Burst Shot,20301.0,216906,212824,1264151,18696,189038,435497,601220,66798,548420,375752,962808,268403,573857,217589,12331,239210
143842,178500,Caustic Bite (dot),4108.0,216906,212824,1264151,18696,193146,435497,601220,66798,548420,375752,962808,268403,573857,217589,12331,239210
143842,178500,Stormbite (dot),5137.0,216906,212824,1264151,18696,193146,435497,601220,66798,548420,375752,962808,268403,573857,217589,12331,244347
177513,179163,Heartbreak Shot,8940.0,216906,212824,1264151,18696,193146,435497,610160,66798,548420,375752,962808,268403,573857,217589,12331,244347
179360,180118,Shot,8399.0,216906,212824,1264151,18696,193146,435497,610160,66798,548420,375752,962808,268403,582256,217589,12331,244347
178703,180173,Refulgent Arrow,9106.0,216906,212824,1264151,18696,193146,435497,610160,66798,548420,375752,971914,268403,582256,217589,12331,244347
178703,180173,Burst Shot,20249.0,216906,212824,1284400,18696,193146,435497,610160,66798,548420,375752,971914,268403,582256,217589,12331,244347
179353,181003,Heartbreak Shot,11166.0,216906,212824,1284400,18696,193146,435497,621326,66798,548420,375752,971914,268403,582256,217589,12331,244347
143842,181500,Stormbite (dot),5137.0,216906,212824,1284400,18696,193146,435497,621326,66798,548420,375752,971914,268403,582256,217589,12331,249484
143842,181500,Caustic Bite (dot),4108.0,216906,212824,1284400,18696,197254,435497,621326,66798,548420,375752,971914,268403,582256,217589,12331,249484
180003,181653,Heartbreak Shot,8906.0,216906,212824,1284400,18696,197254,435497,630232,66798,548420,375752,971914,268403,582256,217589,12331,249484
181193,182663,Refulgent Arrow,9222.0,216906,212824,1284400,18696,197254,435497,630232,66798,548420,375752,981136,268403,582256,217589,12331,249484
181193,182663,Burst Shot,20159.0,216906,212824,1304559,18696,197254,435497,630232,66798,548420,375752,981136,268403,582256,217589,12331,249484
182400,183158,Shot,8399.0,216906,212824,1304559,18696,197254,435497,630232,66798,548420,375752,981136,268403,590655,217589,12331,249484
143842,184500,Caustic Bite (dot),4108.0,216906,212824,1304559,18696,201362,435497,630232,66798,548420,375752,981136,268403,590655,217589,12331,249484
143842,184500,Stormbite (dot),5137.0,216906,212824,1304559,18696,201362,435497,630232,66798,548420,375752,981136,268403,590655,217589,12331,254621
183683,185153,Burst Shot,20359.0,216906,212824,1324918,18696,201362,435497,630232,66798,548420,375752,981136,268403,590655,217589,12331,254621
183683,185153,Refulgent Arrow,8967.0,216906,212824,1324918,18696,201362,435497,630232,66798,548420,375752,990103,268403,590655,217589,12331,254621
184422,185452,Empyreal Arrow,32390.0,216906,212824,1324918,18696,201362,467887,630232,66798,548420,375752,990103,268403,590655,217589,12331,254621
185440,186198,Shot,8399.0,216906,212824,1324918,18696,201362,467887,630232,66798,548420,375752,990103,268403,599054,217589,12331,254621
185072,186722,Heartbreak Shot,20217.0,216906,212824,1324918,18696,201362,467887,650449,66798,548420,375752,990103,268403,599054,217589,12331,254621
143842,187500,Caustic Bite (dot),4108.0,216906,212824,1324918,18696,205470,467887,650449,66798,548420,375752,990103,268403,599054,217589,12331,254621
143842,187500,Stormbite (dot),5137.0,216906,212824,1324918,18696,205470,467887,650449,66798,548420,375752,990103,268403,599054,217589,12331,259758
186173,187643,Refulgent Arrow,9354.0,216906,212824,1324918,18696,205470,467887,650449,66798,548420,375752,999457,268403,599054,217589,12331,259758
186173,187643,Burst Shot,20055.0,216906,212824,1344973,18696,205470,467887,650449,66798,548420,375752,999457,268403,599054,217589,12331,259758
186793,188443,Heartbreak Shot,20176.0,216906,212824,1344973,18696,205470,467887,670625,66798,548420,375752,999457,268403,599054,217589,12331,259758
188480,189238,Shot,8399.0,216906,212824,1344973,18696,205470,467887,670625,66798,548420,375752,999457,268403,607453,217589,12331,259758
188663,189333,Iron Jaws,12454.0,216906,212824,1344973,18696,205470,467887,670625,79252,548420,375752,999457,268403,607453,217589,12331,259758
188663,190500,Caustic Bite (dot),2491.0,216906,212824,1344973,18696,207961,467887,670625,79252,548420,375752,999457,268403,607453,217589,12331,259758
188663,190500,Stormbite (dot),3115.0,216906,212824,1344973,18696,207961,467887,670625,79252,548420,375752,999457,268403,607453,217589,12331,262873
189283,190933,Heartbreak Shot,9007.0,216906,212824,1344973,18696,207961,467887,679632,79252,548420,375752,999457,268403,607453,217589,12331,262873
191520,192278,Shot,8399.0,216906,212824,1344973,18696,207961,467887,679632,79252,548420,375752,999457,268403,615852,217589,12331,262873
191773,192303,Sidewinder,49833.0,216906,212824,1344973,18696,207961,467887,679632,79252,548420,375752,999457,268403,615852,267422,12331,262873
191153,192623,Refulgent Arrow,17826.0,216906,212824,1344973,18696,207961,467887,679632,79252,548420,375752,1017283,268403,615852,267422,12331,262873
191153,192623,Burst Shot,13398.0,216906,212824,1358371,18696,207961,467887,679632,79252,548420,375752,1017283,268403,615852,267422,12331,262873
188663,193500,Caustic Bite (dot),2491.0,216906,212824,1358371,18696,210452,467887,679632,79252,548420,375752,1017283,268403,615852,267422,12331,262873
188663,193500,Stormbite (dot),3115.0,216906,212824,1358371,18696,210452,467887,679632,79252,548420,375752,1017283,268403,615852,267422,12331,265988
192423,194073,Heartbreak Shot,8915.0,216906,212824,1358371,18696,210452,467887,688547,79252,548420,375752,1017283,268403,615852,267422,12331,265988
193643,195113,Refulgent Arrow,8796.0,216906,212824,1358371,18696,210452,467887,688547,79252,548420,375752,1026079,268403,615852,267422,12331,265988
193643,195113,Burst Shot,20493.0,216906,212824,1378864,18696,210452,467887,688547,79252,548420,375752,1026079,268403,615852,267422,12331,265988
194560,195318,Shot,8399.0,216906,212824,1378864,18696,210452,467887,688547,79252,548420,375752,1026079,268403,624251,267422,12331,265988
194293,195943,Heartbreak Shot,11213.0,216906,212824,1378864,18696,210452,467887,699760,79252,548420,375752,1026079,268403,624251,267422,12331,265988
188663,196500,Stormbite (dot),3115.0,216906,212824,1378864,18696,210452,467887,699760,79252,548420,375752,1026079,268403,624251,267422,12331,269103
188663,196500,Caustic Bite (dot),2491.0,216906,212824,1378864,18696,212943,467887,699760,79252,548420,375752,1026079,268403,624251,267422,12331,269103
196133,197203,Apex Arrow,115.0,217021,212824,1378864,18696,212943,467887,699760,79252,548420,375752,1026079,268403,624251,267422,12331,269103
196133,197203,Apex Arrow,86975.0,303996,212824,1378864,18696,212943,467887,699760,79252,548420,375752,1026079,268403,624251,267422,12331,269103
196133,197203,Apex Arrow,54.0,304050,212824,1378864,18696,212943,467887,699760,79252,548420,375752,1026079,268403,624251,267422,12331,269103
196133,197203,Apex Arrow,6.0,304056,212824,1378864,18696,212943,467887,699760,79252,548420,375752,1026079,268403,624251,267422,12331,269103
196133,197203,Apex Arrow,37.0,304093,212824,1378864,18696,212943,467887,699760,79252,548420,375752,1026079,268403,624251,267422,12331,269103
197600,198358,Shot,8399.0,304093,212824,1378864,18696,212943,467887,699760,79252,548420,375752,1026079,268403,632650,267422,12331,269103
196783,198433,Heartbreak Shot,8962.0,304093,212824,1378864,18696,212943,467887,708722,79252,548420,375752,1026079,268403,632650,267422,12331,269103
188663,199500,Caustic Bite (dot),2491.0,304093,212824,1378864,18696,215434,467887,708722,79252,548420,375752,1026079,268403,632650,267422,12331,269103
188663,199500,Stormbite (dot),3115.0,304093,212824,1378864,18696,215434,467887,708722,79252,548420,375752,1026079,268403,632650,267422,12331,272218
198623,200273,Blast Arrow,87210.0,304093,300034,1378864,18696,215434,467887,708722,79252,548420,375752,1026079,268403,632650,267422,12331,272218
199422,200452,Empyreal Arrow,32390.0,304093,300034,1378864,18696,215434,500277,708722,79252,548420,375752,1026079,268403,632650,267422,12331,272218
200640,201398,Shot,8399.0,304093,300034,1378864,18696,215434,500277,708722,79252,548420,375752,1026079,268403,641049,267422,12331,272218
200042,201692,Heartbreak Shot,20295.0,304093,300034,1378864,18696,215434,500277,729017,79252,548420,375752,1026079,268403,641049,267422,12331,272218
188663,202500,Caustic Bite (dot),2491.0,304093,300034,1378864,18696,217925,500277,729017,79252,548420,375752,1026079,268403,641049,267422,12331,272218
188663,202500,Stormbite (dot),3115.0,304093,300034,1378864,18696,217925,500277,729017,79252,548420,375752,1026079,268403,641049,267422,12331,275333
201113,202583,Refulgent Arrow,9263.0,304093,300034,1378864,18696,217925,500277,729017,79252,548420,375752,1035342,268403,641049,267422,12331,275333
201113,202583,Burst Shot,20126.0,304093,300034,1398990,18696,217925,500277,729017,79252,548420,375752,1035342,268403,641049,267422,12331,275333
201733,203383,Heartbreak Shot,20194.0,304093,300034,1398990,18696,217925,500277,749211,79252,548420,375752,1035342,268403,641049,267422,12331,275333
203680,204438,Shot,8374.0,304093,300034,1398990,18696,217925,500277,749211,79252,548420,375752,1035342,268403,649423,267422,12331,275333
203603,205073,Refulgent Arrow,9138.0,304093,300034,1398990,18696,217925,500277,749211,79252,548420,375752,1044480,268403,649423,267422,12331,275333
203603,205073,Burst Shot,20142.0,304093,300034,1419132,18696,217925,500277,749211,79252,548420,375752,1044480,268403,649423,267422,12331,275333
188663,205500,Caustic Bite (dot),2491.0,304093,300034,1419132,18696,220416,500277,749211,79252,548420,375752,1044480,268403,649423,267422,12331,275333
188663,205500,Stormbite (dot),3115.0,304093,300034,1419132,18696,220416,500277,749211,79252,548420,375752,1044480,268403,649423,267422,12331,278448
206720,207478,Shot,8374.0,304093,300034,1419132,18696,220416,500277,749211,79252,548420,375752,1044480,268403,657797,267422,12331,278448
206093,207563,Refulgent Arrow,9006.0,304093,300034,1419132,18696,220416,500277,749211,79252,548420,375752,1053486,268403,657797,267422,12331,278448
206093,207563,Burst Shot,20246.0,304093,300034,1439378,18696,220416,500277,749211,79252,548420,375752,1053486,268403,657797,267422,12331,278448
188663,208500,Stormbite (dot),3115.0,304093,300034,1439378,18696,220416,500277,749211,79252,548420,375752,1053486,268403,657797,267422,12331,281563
188663,208500,Caustic Bite (dot),2491.0,304093,300034,1439378,18696,222907,500277,749211,79252,548420,375752,1053486,268403,657797,267422,12331,281563
208483,209953,Burst Shot,20317.0,304093,300034,1459695,18696,222907,500277,749211,79252,548420,375752,1053486,268403,657797,267422,12331,281563
208483,209953,Refulgent Arrow,8916.0,304093,300034,1459695,18696,222907,500277,749211,79252,548420,375752,1062402,268403,657797,267422,12331,281563
209760,210518,Shot,8374.0,304093,300034,1459695,18696,222907,500277,749211,79252,548420,375752,1062402,268403,666171,267422,12331,281563
209133,210783,Heartbreak Shot,11169.0,304093,300034,1459695,18696,222907,500277,760380,79252,548420,375752,1062402,268403,666171,267422,12331,281563
188663,211500,Stormbite (dot),3115.0,304093,300034,1459695,18696,222907,500277,760380,79252,548420,375752,1062402,268403,666171,267422,12331,284678
188663,211500,Caustic Bite (dot),2491.0,304093,300034,1459695,18696,225398,500277,760380,79252,548420,375752,1062402,268403,666171,267422,12331,284678
210773,212243,Refulgent Arrow,8919.0,304093,300034,1459695,18696,225398,500277,760380,79252,548420,375752,1071321,268403,666171,267422,12331,284678
210773,212243,Burst Shot,20315.0,304093,300034,1480010,18696,225398,500277,760380,79252,548420,375752,1071321,268403,666171,267422,12331,284678
212800,213558,Shot,8374.0,304093,300034,1480010,18696,225398,500277,760380,79252,548420,375752,1071321,268403,674545,267422,12331,284678
188663,214500,Stormbite (dot),3115.0,304093,300034,1480010,18696,225398,500277,760380,79252,548420,375752,1071321,268403,674545,267422,12331,287793
188663,214500,Caustic Bite (dot),2491.0,304093,300034,1480010,18696,227889,500277,760380,79252,548420,375752,1071321,268403,674545,267422,12331,287793
213063,214533,Burst Shot,20323.0,304093,300034,1500333,18696,227889,500277,760380,79252,548420,375752,1071321,268403,674545,267422,12331,287793
213063,214533,Refulgent Arrow,8909.0,304093,300034,1500333,18696,227889,500277,760380,79252,548420,375752,1080230,268403,674545,267422,12331,287793
214422,215452,Empyreal Arrow,32293.0,304093,300034,1500333,18696,227889,532570,760380,79252,548420,375752,1080230,268403,674545,267422,12331,287793
215840,216598,Shot,8374.0,304093,300034,1500333,18696,227889,532570,760380,79252,548420,375752,1080230,268403,682919,267422,12331,287793
215253,216723,Refulgent Arrow,9107.0,304093,300034,1500333,18696,227889,532570,760380,79252,548420,375752,1089337,268403,682919,267422,12331,287793
215253,216723,Burst Shot,20167.0,304093,300034,1520500,18696,227889,532570,760380,79252,548420,375752,1089337,268403,682919,267422,12331,287793
188663,217500,Caustic Bite (dot),2491.0,304093,300034,1520500,18696,230380,532570,760380,79252,548420,375752,1089337,268403,682919,267422,12331,287793
188663,217500,Stormbite (dot),3115.0,304093,300034,1520500,18696,230380,532570,760380,79252,548420,375752,1089337,268403,682919,267422,12331,290908
215903,217553,Heartbreak Shot,11182.0,304093,300034,1520500,18696,230380,532570,771562,79252,548420,375752,1089337,268403,682919,267422,12331,290908
217343,218813,Refulgent Arrow,8996.0,304093,300034,1520500,18696,230380,532570,771562,79252,548420,375752,1098333,268403,682919,267422,12331,290908
217343,218813,Burst Shot,20254.0,304093,300034,1540754,18696,230380,532570,771562,79252,548420,375752,1098333,268403,682919,267422,12331,290908
218880,219638,Shot,8374.0,304093,300034,1540754,18696,230380,532570,771562,79252,548420,375752,1098333,268403,691293,267422,12331,290908
188663,220500,Caustic Bite (dot),2491.0,304093,300034,1540754,18696,232871,532570,771562,79252,548420,375752,1098333,268403,691293,267422,12331,290908
188663,220500,Stormbite (dot),3115.0,304093,300034,1540754,18696,232871,532570,771562,79252,548420,375752,1098333,268403,691293,267422,12331,294023
219433,220903,Refulgent Arrow,8989.0,304093,300034,1540754,18696,232871,532570,771562,79252,548420,375752,1107322,268403,691293,267422,12331,294023
219433,220903,Burst Shot,20260.0,304093,300034,1561014,18696,232871,532570,771562,79252,548420,375752,1107322,268403,691293,267422,12331,294023
221920,222678,Shot,8374.0,304093,300034,1561014,18696,232871,532570,771562,79252,548420,375752,1107322,268403,699667,267422,12331,294023
221523,222993,Burst Shot,20197.0,304093,300034,1581211,18696,232871,532570,771562,79252,548420,375752,1107322,268403,699667,267422,12331,294023
221523,222993,Refulgent Arrow,9069.0,304093,300034,1581211,18696,232871,532570,771562,79252,548420,375752,1116391,268403,699667,267422,12331,294023
188663,223500,Caustic Bite (dot),2491.0,304093,300034,1581211,18696,235362,532570,771562,79252,548420,375752,1116391,268403,699667,267422,12331,294023
188663,223500,Stormbite (dot),3115.0,304093,300034,1581211,18696,235362,532570,771562,79252,548420,375752,1116391,268403,699667,267422,12331,297138
223613,225083,Refulgent Arrow,8909.0,304093,300034,1581211,18696,235362,532570,771562,79252,548420,375752,1125300,268403,699667,267422,12331,297138
223613,225083,Burst Shot,20323.0,304093,300034,1601534,18696,235362,532570,771562,79252,548420,375752,1125300,268403,699667,267422,12331,297138
224960,225718,Shot,8374.0,304093,300034,1601534,18696,235362,532570,771562,79252,548420,375752,1125300,268403,708041,267422,12331,297138
225703,226373,Iron Jaws,12417.0,304093,300034,1601534,18696,235362,532570,771562,91669,548420,375752,1125300,268403,708041,267422,12331,297138
225703,226500,Stormbite (dot),3106.0,304093,300034,1601534,18696,235362,532570,771562,91669,548420,375752,1125300,268403,708041,267422,12331,300244
225703,226500,Caustic Bite (dot),2484.0,304093,300034,1601534,18696,237846,532570,771562,91669,548420,375752,1125300,268403,708041,267422,12331,300244
228000,228758,Shot,8374.0,304093,300034,1601534,18696,237846,532570,771562,91669,548420,375752,1125300,268403,716415,267422,12331,300244
227793,229263,Refulgent Arrow,18065.0,304093,300034,1601534,18696,237846,532570,771562,91669,548420,375752,1143365,268403,716415,267422,12331,300244
227793,229263,Burst Shot,13128.0,304093,300034,1614662,18696,237846,532570,771562,91669,548420,375752,1143365,268403,716415,267422,12331,300244
225703,229500,Stormbite (dot),3106.0,304093,300034,1614662,18696,237846,532570,771562,91669,548420,375752,1143365,268403,716415,267422,12331,303350
225703,229500,Caustic Bite (dot),2484.0,304093,300034,1614662,18696,240330,532570,771562,91669,548420,375752,1143365,268403,716415,267422,12331,303350
229883,231353,Refulgent Arrow,8996.0,304093,300034,1614662,18696,240330,532570,771562,91669,548420,375752,1152361,268403,716415,267422,12331,303350
229883,231353,Burst Shot,20254.0,304093,300034,1634916,18696,240330,532570,771562,91669,548420,375752,1152361,268403,716415,267422,12331,303350
230503,231533,Empyreal Arrow,32293.0,304093,300034,1634916,18696,240330,564863,771562,91669,548420,375752,1152361,268403,716415,267422,12331,303350
231040,231798,Shot,8374.0,304093,300034,1634916,18696,240330,564863,771562,91669,548420,375752,1152361,268403,724789,267422,12331,303350
225703,232500,Caustic Bite (dot),2484.0,304093,300034,1634916,18696,242814,564863,771562,91669,548420,375752,1152361,268403,724789,267422,12331,303350
225703,232500,Stormbite (dot),3106.0,304093,300034,1634916,18696,242814,564863,771562,91669,548420,375752,1152361,268403,724789,267422,12331,306456
231973,233443,Refulgent Arrow,9055.0,304093,300034,1634916,18696,242814,564863,771562,91669,548420,375752,1161416,268403,724789,267422,12331,306456
231973,233443,Burst Shot,20208.0,304093,300034,1655124,18696,242814,564863,771562,91669,548420,375752,1161416,268403,724789,267422,12331,306456
234080,234838,Shot,8374.0,304093,300034,1655124,18696,242814,564863,771562,91669,548420,375752,1161416,268403,733163,267422,12331,306456
225703,235500,Caustic Bite (dot),2484.0,304093,300034,1655124,18696,245298,564863,771562,91669,548420,375752,1161416,268403,733163,267422,12331,306456
225703,235500,Stormbite (dot),3106.0,304093,300034,1655124,18696,245298,564863,771562,91669,548420,375752,1161416,268403,733163,267422,12331,309562
234063,235533,Refulgent Arrow,9041.0,304093,300034,1655124,18696,245298,564863,771562,91669,548420,375752,1170457,268403,733163,267422,12331,309562
234063,235533,Burst Shot,20219.0,304093,300034,1675343,18696,245298,564863,771562,91669,548420,375752,1170457,268403,733163,267422,12331,309562
236153,237623,Refulgent Arrow,8853.0,304093,300034,1675343,18696,245298,564863,771562,91669,548420,375752,1179310,268403,733163,267422,12331,309562
236153,237623,Burst Shot,20366.0,304093,300034,1695709,18696,245298,564863,771562,91669,548420,375752,1179310,268403,733163,267422,12331,309562
237120,237878,Shot,8374.0,304093,300034,1695709,18696,245298,564863,771562,91669,548420,375752,1179310,268403,741537,267422,12331,309562
225703,238500,Caustic Bite (dot),2484.0,304093,300034,1695709,18696,247782,564863,771562,91669,548420,375752,1179310,268403,741537,267422,12331,309562
225703,238500,Stormbite (dot),3106.0,304093,300034,1695709,18696,247782,564863,771562,91669,548420,375752,1179310,268403,741537,267422,12331,312668
238243,239713,Burst Shot,20186.0,304093,300034,1715895,18696,247782,564863,771562,91669,548420,375752,1179310,268403,741537,267422,12331,312668
238243,239713,Refulgent Arrow,9083.0,304093,300034,1715895,18696,247782,564863,771562,91669,548420,375752,1188393,268403,741537,267422,12331,312668
240160,240918,Shot,8374.0,304093,300034,1715895,18696,247782,564863,771562,91669,548420,375752,1188393,268403,749911,267422,12331,312668
225703,241500,Stormbite (dot),3106.0,304093,300034,1715895,18696,247782,564863,771562,91669,548420,375752,1188393,268403,749911,267422,12331,315774
225703,241500,Caustic Bite (dot),2484.0,304093,300034,1715895,18696,250266,564863,771562,91669,548420,375752,1188393,268403,749911,267422,12331,315774
240333,241803,Refulgent Arrow,8930.0,304093,300034,1715895,18696,250266,564863,771562,91669,548420,375752,1197323,268403,749911,267422,12331,315774
240333,241803,Burst Shot,20306.0,304093,300034,1736201,18696,250266,564863,771562,91669,548420,375752,1197323,268403,749911,267422,12331,315774
242423,243893,Burst Shot,20164.0,304093,300034,1756365,18696,250266,564863,771562,91669,548420,375752,1197323,268403,749911,267422,12331,315774
242423,243893,Refulgent Arrow,9238.0,304093,300034,1756365,18696,250266,564863,771562,91669,548420,375752,1206561,268403,749911,267422,12331,315774
243200,243958,Shot,8405.0,304093,300034,1756365,18696,250266,564863,771562,91669,548420,375752,1206561,268403,758316,267422,12331,315774
225703,244500,Stormbite (dot),3106.0,304093,300034,1756365,18696,250266,564863,771562,91669,548420,375752,1206561,268403,758316,267422,12331,318880
225703,244500,Caustic Bite (dot),2484.0,304093,300034,1756365,18696,252750,564863,771562,91669,548420,375752,1206561,268403,758316,267422,12331,318880
244613,246083,Refulgent Arrow,9154.0,304093,300034,1756365,18696,252750,564863,771562,91669,548420,375752,1215715,268403,758316,267422,12331,318880
244613,246083,Burst Shot,20230.0,304093,300034,1776595,18696,252750,564863,771562,91669,548420,375752,1215715,268403,758316,267422,12331,318880
246240,246998,Shot,10305.0,304093,300034,1776595,18696,252750,564863,771562,91669,548420,375752,1215715,268403,768621,267422,12331,318880
225703,247500,Caustic Bite (dot),2484.0,304093,300034,1776595,18696,255234,564863,771562,91669,548420,375752,1215715,268403,768621,267422,12331,318880
225703,247500,Stormbite (dot),3106.0,304093,300034,1776595,18696,255234,564863,771562,91669,548420,375752,1215715,268403,768621,267422,12331,321986
246803,248273,Refulgent Arrow,12407.0,304093,300034,1776595,18696,255234,564863,771562,91669,548420,375752,1228122,268403,768621,267422,12331,321986
246803,248273,Burst Shot,27675.0,304093,300034,1804270,18696,255234,564863,771562,91669,548420,375752,1228122,268403,768621,267422,12331,321986
248043,249073,Empyreal Arrow,53410.0,304093,300034,1804270,18696,255234,618273,771562,91669,548420,375752,1228122,268403,768621,267422,12331,321986
249280,250038,Shot,13849.0,304093,300034,1804270,18696,255234,618273,771562,91669,548420,375752,1228122,268403,782470,267422,12331,321986
248993,250063,Apex Arrow,110.0,304203,300034,1804270,18696,255234,618273,771562,91669,548420,375752,1228122,268403,782470,267422,12331,321986
248993,250063,Apex Arrow,37.0,304240,300034,1804270,18696,255234,618273,771562,91669,548420,375752,1228122,268403,782470,267422,12331,321986
248993,250063,Apex Arrow,15.0,304255,300034,1804270,18696,255234,618273,771562,91669,548420,375752,1228122,268403,782470,267422,12331,321986
248993,250063,Apex Arrow,667.0,304922,300034,1804270,18696,255234,618273,771562,91669,548420,375752,1228122,268403,782470,267422,12331,321986
248993,250063,Apex Arrow,2614.0,307536,300034,1804270,18696,255234,618273,771562,91669,548420,375752,1228122,268403,782470,267422,12331,321986
248993,250063,Apex Arrow,161.0,307697,300034,1804270,18696,255234,618273,771562,91669,548420,375752,1228122,268403,782470,267422,12331,321986
248993,250063,Apex Arrow,4521.0,312218,300034,1804270,18696,255234,618273,771562,91669,548420,375752,1228122,268403,782470,267422,12331,321986
248993,250063,Apex Arrow,1075.0,313293,300034,1804270,18696,255234,618273,771562,91669,548420,375752,1228122,268403,782470,267422,12331,321986
248993,250063,Apex Arrow,133581.0,446874,300034,1804270,18696,255234,618273,771562,91669,548420,375752,1228122,268403,782470,267422,12331,321986
249613,250413,Pitch Perfect,47668.0,446874,300034,1804270,18696,255234,618273,771562,91669,596088,375752,1228122,268403,782470,267422,12331,321986
225703,250500,Caustic Bite (dot),2484.0,446874,300034,1804270,18696,257718,618273,771562,91669,596088,375752,1228122,268403,782470,267422,12331,321986
225703,250500,Stormbite (dot),3106.0,446874,300034,1804270,18696,257718,618273,771562,91669,596088,375752,1228122,268403,782470,267422,12331,325092
250233,251033,Pitch Perfect,18872.0,446874,300034,1804270,18696,257718,618273,771562,91669,614960,375752,1228122,268403,782470,267422,12331,325092
249613,251263,Heartbreak Shot,13138.0,446874,300034,1804270,18696,257718,618273,784700,91669,614960,375752,1228122,268403,782470,267422,12331,325092
250233,251883,Heartbreak Shot,27533.0,446874,300034,1804270,18696,257718,618273,812233,91669,614960,375752,1228122,268403,782470,267422,12331,325092
251183,252653,Burst Shot,103.0,446874,300034,1804373,18696,257718,618273,812233,91669,614960,375752,1228122,268403,782470,267422,12331,325092
251183,252653,Refulgent Arrow,51.0,446874,300034,1804373,18696,257718,618273,812233,91669,614960,375752,1228173,268403,782470,267422,12331,325092
251183,252833,Blast Arrow,143345.0,446874,443379,1804373,18696,257718,618273,812233,91669,614960,375752,1228173,268403,782470,267422,12331,325092
252423,252953,Sidewinder,82172.0,446874,443379,1804373,18696,257718,618273,812233,91669,614960,375752,1228173,268403,782470,349594,12331,325092
252320,253078,Shot,13849.0,446874,443379,1804373,18696,257718,618273,812233,91669,614960,375752,1228173,268403,796319,349594,12331,325092
251803,253453,Heartbreak Shot,33262.0,446874,443379,1804373,18696,257718,618273,845495,91669,614960,375752,1228173,268403,796319,349594,12331,325092
225703,253500,Caustic Bite (dot),2484.0,446874,443379,1804373,18696,260202,618273,845495,91669,614960,375752,1228173,268403,796319,349594,12331,325092
225703,253500,Stormbite (dot),3106.0,446874,443379,1804373,18696,260202,618273,845495,91669,614960,375752,1228173,268403,796319,349594,12331,328198
253674,255634,Radiant Encore,225982.0,446874,443379,1804373,18696,260202,618273,845495,91669,614960,601734,1228173,268403,796319,349594,12331,328198
254914,255714,Pitch Perfect,5442.0,446874,443379,1804373,18696,260202,618273,845495,91669,620402,601734,1228173,268403,796319,349594,12331,328198
255360,256118,Shot,13849.0,446874,443379,1804373,18696,260202,618273,845495,91669,620402,601734,1228173,268403,810168,349594,12331,328198
225703,256500,Stormbite (dot),3106.0,446874,443379,1804373,18696,260202,618273,845495,91669,620402,601734,1228173,268403,810168,349594,12331,331304
225703,256500,Caustic Bite (dot),2484.0,446874,443379,1804373,18696,262686,618273,845495,91669,620402,601734,1228173,268403,810168,349594,12331,331304
254914,256564,Heartbreak Shot,17097.0,446874,443379,1804373,18696,262686,618273,862592,91669,620402,601734,1228173,268403,810168,349594,12331,331304
256784,257584,Pitch Perfect,26259.0,446874,443379,1804373,18696,262686,618273,862592,91669,646661,601734,1228173,268403,810168,349594,12331,331304
256164,257634,Refulgent Arrow,57513.0,446874,443379,1804373,18696,262686,618273,862592,91669,646661,601734,1285686,268403,810168,349594,12331,331304
256164,257754,Refulgent Arrow,57513.0,446874,443379,1804373,18696,262686,618273,862592,91669,646661,601734,1343199,268403,810168,349594,12331,331304
256164,257874,Refulgent Arrow,57513.0,446874,443379,1804373,18696,262686,618273,862592,91669,646661,601734,1400712,268403,810168,349594,12331,331304
256784,258434,Heartbreak Shot,1375.0,446874,443379,1804373,18696,262686,618273,863967,91669,646661,601734,1400712,268403,810168,349594,12331,331304
258400,259158,Shot,13849.0,446874,443379,1804373,18696,262686,618273,863967,91669,646661,601734,1400712,268403,824017,349594,12331,331304
225703,259500,Stormbite (dot),3106.0,446874,443379,1804373,18696,262686,618273,863967,91669,646661,601734,1400712,268403,824017,349594,12331,334410
225703,259500,Caustic Bite (dot),2484.0,446874,443379,1804373,18696,265170,618273,863967,91669,646661,601734,1400712,268403,824017,349594,12331,334410
259304,260104,Pitch Perfect,24381.0,446874,443379,1804373,18696,265170,618273,863967,91669,671042,601734,1400712,268403,824017,349594,12331,334410
258654,260124,Burst Shot,33499.0,446874,443379,1837872,18696,265170,618273,863967,91669,671042,601734,1400712,268403,824017,349594,12331,334410
258654,260124,Refulgent Arrow,14878.0,446874,443379,1837872,18696,265170,618273,863967,91669,671042,601734,1415590,268403,824017,349594,12331,334410
261440,262198,Shot,13849.0,446874,443379,1837872,18696,265170,618273,863967,91669,671042,601734,1415590,268403,837866,349594,12331,334410
261144,262304,Resonant Arrow,131472.0,446874,443379,1837872,18696,265170,618273,863967,91669,671042,601734,1415590,399875,837866,349594,12331,334410
225703,262500,Caustic Bite (dot),2484.0,446874,443379,1837872,18696,267654,618273,863967,91669,671042,601734,1415590,399875,837866,349594,12331,334410
225703,262500,Stormbite (dot),3106.0,446874,443379,1837872,18696,267654,618273,863967,91669,671042,601734,1415590,399875,837866,349594,12331,337516
262444,263244,Pitch Perfect,14797.0,446874,443379,1837872,18696,267654,618273,863967,91669,685839,601734,1415590,399875,837866,349594,12331,337516
261794,263444,Heartbreak Shot,18494.0,446874,443379,1837872,18696,267654,618273,882461,91669,685839,601734,1415590,399875,837866,349594,12331,337516
263634,264304,Iron Jaws,20536.0,446874,443379,1837872,18696,267654,618273,882461,112205,685839,601734,1415590,399875,837866,349594,12331,337516
264480,265238,Shot,13849.0,446874,443379,1837872,18696,267654,618273,882461,112205,685839,601734,1415590,399875,851715,349594,12331,337516
264254,265284,Empyreal Arrow,53410.0,446874,443379,1837872,18696,267654,671683,882461,112205,685839,601734,1415590,399875,851715,349594,12331,337516
263634,265500,Stormbite (dot),5137.0,446874,443379,1837872,18696,267654,671683,882461,112205,685839,601734,1415590,399875,851715,349594,12331,342653
263634,265500,Caustic Bite (dot),4108.0,446874,443379,1837872,18696,271762,671683,882461,112205,685839,601734,1415590,399875,851715,349594,12331,342653
264874,265674,Pitch Perfect,23826.0,446874,443379,1837872,18696,271762,671683,882461,112205,709665,601734,1415590,399875,851715,349594,12331,342653
265494,266294,Pitch Perfect,23508.0,446874,443379,1837872,18696,271762,671683,882461,112205,733173,601734,1415590,399875,851715,349594,12331,342653
266124,267594,Refulgent Arrow,25394.0,446874,443379,1837872,18696,271762,671683,882461,112205,733173,601734,1440984,399875,851715,349594,12331,342653
266124,267594,Burst Shot,18745.0,446874,443379,1856617,18696,271762,671683,882461,112205,733173,601734,1440984,399875,851715,349594,12331,342653
267520,268278,Shot,9665.0,446874,443379,1856617,18696,271762,671683,882461,112205,733173,601734,1440984,399875,861380,349594,12331,342653
263634,268500,Caustic Bite (dot),4108.0,446874,443379,1856617,18696,275870,671683,882461,112205,733173,601734,1440984,399875,861380,349594,12331,342653
263634,268500,Stormbite (dot),5137.0,446874,443379,1856617,18696,275870,671683,882461,112205,733173,601734,1440984,399875,861380,349594,12331,347790
269264,270064,Pitch Perfect,11183.0,446874,443379,1856617,18696,275870,671683,882461,112205,744356,601734,1440984,399875,861380,349594,12331,347790
268614,270084,Burst Shot,20236.0,446874,443379,1876853,18696,275870,671683,882461,112205,744356,601734,1440984,399875,861380,349594,12331,347790
268614,270084,Refulgent Arrow,9147.0,446874,443379,1876853,18696,275870,671683,882461,112205,744356,601734,1450131,399875,861380,349594,12331,347790
269264,270914,Heartbreak Shot,8439.0,446874,443379,1876853,18696,275870,671683,890900,112205,744356,601734,1450131,399875,861380,349594,12331,347790
270560,271318,Shot,8405.0,446874,443379,1876853,18696,275870,671683,890900,112205,744356,601734,1450131,399875,869785,349594,12331,347790
263634,271500,Stormbite (dot),5137.0,446874,443379,1876853,18696,275870,671683,890900,112205,744356,601734,1450131,399875,869785,349594,12331,352927
263634,271500,Caustic Bite (dot),4108.0,446874,443379,1876853,18696,279978,671683,890900,112205,744356,601734,1450131,399875,869785,349594,12331,352927
269914,271564,Heartbreak Shot,2770.0,446874,443379,1876853,18696,279978,671683,893670,112205,744356,601734,1450131,399875,869785,349594,12331,352927
271754,272554,Pitch Perfect,11129.0,446874,443379,1876853,18696,279978,671683,893670,112205,755485,601734,1450131,399875,869785,349594,12331,352927
271104,272574,Burst Shot,20381.0,446874,443379,1897234,18696,279978,671683,893670,112205,755485,601734,1450131,399875,869785,349594,12331,352927
271104,272574,Refulgent Arrow,8962.0,446874,443379,1897234,18696,279978,671683,893670,112205,755485,601734,1459093,399875,869785,349594,12331,352927
273600,274358,Shot,8405.0,446874,443379,1897234,18696,279978,671683,893670,112205,755485,601734,1459093,399875,878190,349594,12331,352927
263634,274500,Caustic Bite (dot),4108.0,446874,443379,1897234,18696,284086,671683,893670,112205,755485,601734,1459093,399875,878190,349594,12331,352927
263634,274500,Stormbite (dot),5137.0,446874,443379,1897234,18696,284086,671683,893670,112205,755485,601734,1459093,399875,878190,349594,12331,358064
274214,275014,Pitch Perfect,12686.0,446874,443379,1897234,18696,284086,671683,893670,112205,768171,601734,1459093,399875,878190,349594,12331,358064
273594,275064,Refulgent Arrow,8931.0,446874,443379,1897234,18696,284086,671683,893670,112205,768171,601734,1468024,399875,878190,349594,12331,358064
273594,275064,Burst Shot,20406.0,446874,443379,1917640,18696,284086,671683,893670,112205,768171,601734,1468024,399875,878190,349594,12331,358064
276640,277398,Shot,8405.0,446874,443379,1917640,18696,284086,671683,893670,112205,768171,601734,1468024,399875,886595,349594,12331,358064
263634,277500,Caustic Bite (dot),4108.0,446874,443379,1917640,18696,288194,671683,893670,112205,768171,601734,1468024,399875,886595,349594,12331,358064
263634,277500,Stormbite (dot),5137.0,446874,443379,1917640,18696,288194,671683,893670,112205,768171,601734,1468024,399875,886595,349594,12331,363201
276084,277554,Refulgent Arrow,9088.0,446874,443379,1917640,18696,288194,671683,893670,112205,768171,601734,1477112,399875,886595,349594,12331,363201
276084,277554,Burst Shot,20282.0,446874,443379,1937922,18696,288194,671683,893670,112205,768171,601734,1477112,399875,886595,349594,12331,363201
277384,278184,Pitch Perfect,12224.0,446874,443379,1937922,18696,288194,671683,893670,112205,780395,601734,1477112,399875,886595,349594,12331,363201
276734,278384,Heartbreak Shot,11223.0,446874,443379,1937922,18696,288194,671683,904893,112205,780395,601734,1477112,399875,886595,349594,12331,363201
278574,280044,Burst Shot,20225.0,446874,443379,1958147,18696,288194,671683,904893,112205,780395,601734,1477112,399875,886595,349594,12331,363201
278574,280044,Refulgent Arrow,9161.0,446874,443379,1958147,18696,288194,671683,904893,112205,780395,601734,1486273,399875,886595,349594,12331,363201
279254,280284,Empyreal Arrow,32412.0,446874,443379,1958147,18696,288194,704095,904893,112205,780395,601734,1486273,399875,886595,349594,12331,363201
279680,280438,Shot,8405.0,446874,443379,1958147,18696,288194,704095,904893,112205,780395,601734,1486273,399875,895000,349594,12331,363201
263634,280500,Stormbite (dot),5137.0,446874,443379,1958147,18696,288194,704095,904893,112205,780395,601734,1486273,399875,895000,349594,12331,368338
263634,280500,Caustic Bite (dot),4108.0,446874,443379,1958147,18696,292302,704095,904893,112205,780395,601734,1486273,399875,895000,349594,12331,368338
279904,280704,Pitch Perfect,14418.0,446874,443379,1958147,18696,292302,704095,904893,112205,794813,601734,1486273,399875,895000,349594,12331,368338
281714,282514,Pitch Perfect,12000.0,446874,443379,1958147,18696,292302,704095,904893,112205,806813,601734,1486273,399875,895000,349594,12331,368338
281064,282534,Refulgent Arrow,8931.0,446874,443379,1958147,18696,292302,704095,904893,112205,806813,601734,1495204,399875,895000,349594,12331,368338
281064,282534,Burst Shot,20406.0,446874,443379,1978553,18696,292302,704095,904893,112205,806813,601734,1495204,399875,895000,349594,12331,368338
282720,283478,Shot,8405.0,446874,443379,1978553,18696,292302,704095,904893,112205,806813,601734,1495204,399875,903405,349594,12331,368338
263634,283500,Stormbite (dot),5137.0,446874,443379,1978553,18696,292302,704095,904893,112205,806813,601734,1495204,399875,903405,349594,12331,373475
263634,283500,Caustic Bite (dot),4108.0,446874,443379,1978553,18696,296410,704095,904893,112205,806813,601734,1495204,399875,903405,349594,12331,373475
284174,284974,Pitch Perfect,12547.0,446874,443379,1978553,18696,296410,704095,904893,112205,819360,601734,1495204,399875,903405,349594,12331,373475
283554,285024,Burst Shot,20351.0,446874,443379,1998904,18696,296410,704095,904893,112205,819360,601734,1495204,399875,903405,349594,12331,373475
283554,285024,Refulgent Arrow,9001.0,446874,443379,1998904,18696,296410,704095,904893,112205,819360,601734,1504205,399875,903405,349594,12331,373475
284824,285624,Pitch Perfect,9017.0,446874,443379,1998904,18696,296410,704095,904893,112205,828377,601734,1504205,399875,903405,349594,12331,373475
284824,285624,Pitch Perfect,4033.0,446874,443379,1998904,18696,296410,704095,904893,112205,832410,601734,1504205,399875,903405,349594,12331,373475
284174,285824,Heartbreak Shot,8100.0,446874,443379,1998904,18696,296410,704095,912993,112205,832410,601734,1504205,399875,903405,349594,12331,373475
284824,286474,Heartbreak Shot,3109.0,446874,443379,1998904,18696,296410,704095,916102,112205,832410,601734,1504205,399875,903405,349594,12331,373475
263634,286500,Caustic Bite (dot),4108.0,446874,443379,1998904,18696,300518,704095,916102,112205,832410,601734,1504205,399875,903405,349594,12331,373475
263634,286500,Stormbite (dot),5137.0,446874,443379,1998904,18696,300518,704095,916102,112205,832410,601734,1504205,399875,903405,349594,12331,378612
285760,286518,Shot,8399.0,446874,443379,1998904,18696,300518,704095,916102,112205,832410,601734,1504205,399875,911804,349594,12331,378612
286044,287514,Refulgent Arrow,9358.0,446874,443379,1998904,18696,300518,704095,916102,112205,832410,601734,1513563,399875,911804,349594,12331,378612
286044,287514,Burst Shot,20052.0,446874,443379,2018956,18696,300518,704095,916102,112205,832410,601734,1513563,399875,911804,349594,12331,378612
263634,289500,Caustic Bite (dot),4108.0,446874,443379,2018956,18696,304626,704095,916102,112205,832410,601734,1513563,399875,911804,349594,12331,378612
263634,289500,Stormbite (dot),5137.0,446874,443379,2018956,18696,304626,704095,916102,112205,832410,601734,1513563,399875,911804,349594,12331,383749
288800,289558,Shot,8399.0,446874,443379,2018956,18696,304626,704095,916102,112205,832410,601734,1513563,399875,920203,349594,12331,383749
288534,290004,Refulgent Arrow,8782.0,446874,443379,2018956,18696,304626,704095,916102,112205,832410,601734,1522345,399875,920203,349594,12331,383749
288534,290004,Burst Shot,20504.0,446874,443379,2039460,18696,304626,704095,916102,112205,832410,601734,1522345,399875,920203,349594,12331,383749
289184,290834,Heartbreak Shot,8936.0,446874,443379,2039460,18696,304626,704095,925038,112205,832410,601734,1522345,399875,920203,349594,12331,383749
291024,292494,Refulgent Arrow,9176.0,446874,443379,2039460,18696,304626,704095,925038,112205,832410,601734,1531521,399875,920203,349594,12331,383749
291024,292494,Burst Shot,20195.0,446874,443379,2059655,18696,304626,704095,925038,112205,832410,601734,1531521,399875,920203,349594,12331,383749
263634,292500,Caustic Bite (dot),4108.0,446874,443379,2059655,18696,308734,704095,925038,112205,832410,601734,1531521,399875,920203,349594,12331,383749
263634,292500,Stormbite (dot),5137.0,446874,443379,2059655,18696,308734,704095,925038,112205,832410,601734,1531521,399875,920203,349594,12331,388886
291840,292598,Shot,8399.0,446874,443379,2059655,18696,308734,704095,925038,112205,832410,601734,1531521,399875,928602,349594,12331,388886
291674,293324,Heartbreak Shot,20169.0,446874,443379,2059655,18696,308734,704095,945207,112205,832410,601734,1531521,399875,928602,349594,12331,388886
293514,294984,Burst Shot,20395.0,446874,443379,2080050,18696,308734,704095,945207,112205,832410,601734,1531521,399875,928602,349594,12331,388886
293514,294984,Refulgent Arrow,8922.0,446874,443379,2080050,18696,308734,704095,945207,112205,832410,601734,1540443,399875,928602,349594,12331,388886
294254,295284,Empyreal Arrow,32390.0,446874,443379,2080050,18696,308734,736485,945207,112205,832410,601734,1540443,399875,928602,349594,12331,388886
263634,295500,Stormbite (dot),5137.0,446874,443379,2080050,18696,308734,736485,945207,112205,832410,601734,1540443,399875,928602,349594,12331,394023
263634,295500,Caustic Bite (dot),4108.0,446874,443379,2080050,18696,312842,736485,945207,112205,832410,601734,1540443,399875,928602,349594,12331,394023
294880,295638,Shot,8399.0,446874,443379,2080050,18696,312842,736485,945207,112205,832410,601734,1540443,399875,937001,349594,12331,394023
294874,296524,Heartbreak Shot,20165.0,446874,443379,2080050,18696,312842,736485,965372,112205,832410,601734,1540443,399875,937001,349594,12331,394023
296004,297474,Burst Shot,20351.0,446874,443379,2100401,18696,312842,736485,965372,112205,832410,601734,1540443,399875,937001,349594,12331,394023
296004,297474,Refulgent Arrow,8977.0,446874,443379,2100401,18696,312842,736485,965372,112205,832410,601734,1549420,399875,937001,349594,12331,394023
263634,298500,Stormbite (dot),5137.0,446874,443379,2100401,18696,312842,736485,965372,112205,832410,601734,1549420,399875,937001,349594,12331,399160
263634,298500,Caustic Bite (dot),4108.0,446874,443379,2100401,18696,316950,736485,965372,112205,832410,601734,1549420,399875,937001,349594,12331,399160
297920,298678,Shot,8399.0,446874,443379,2100401,18696,316950,736485,965372,112205,832410,601734,1549420,399875,945400,349594,12331,399160
297244,298894,Heartbreak Shot,8983.0,446874,443379,2100401,18696,316950,736485,974355,112205,832410,601734,1549420,399875,945400,349594,12331,399160
298494,299964,Refulgent Arrow,9103.0,446874,443379,2100401,18696,316950,736485,974355,112205,832410,601734,1558523,399875,945400,349594,12331,399160
298494,299964,Burst Shot,20252.0,446874,443379,2120653,18696,316950,736485,974355,112205,832410,601734,1558523,399875,945400,349594,12331,399160
299144,300794,Heartbreak Shot,11148.0,446874,443379,2120653,18696,316950,736485,985503,112205,832410,601734,1558523,399875,945400,349594,12331,399160
263634,301500,Stormbite (dot),5137.0,446874,443379,2120653,18696,316950,736485,985503,112205,832410,601734,1558523,399875,945400,349594,12331,404297
263634,301500,Caustic Bite (dot),4108.0,446874,443379,2120653,18696,321058,736485,985503,112205,832410,601734,1558523,399875,945400,349594,12331,404297
300960,301718,Shot,8399.0,446874,443379,2120653,18696,321058,736485,985503,112205,832410,601734,1558523,399875,953799,349594,12331,404297
300984,302454,Refulgent Arrow,8869.0,446874,443379,2120653,18696,321058,736485,985503,112205,832410,601734,1567392,399875,953799,349594,12331,404297
300984,302454,Burst Shot,20436.0,446874,443379,2141089,18696,321058,736485,985503,112205,832410,601734,1567392,399875,953799,349594,12331,404297
301604,303254,Heartbreak Shot,9070.0,446874,443379,2141089,18696,321058,736485,994573,112205,832410,601734,1567392,399875,953799,349594,12331,404297
263634,304500,Stormbite (dot),5137.0,446874,443379,2141089,18696,321058,736485,994573,112205,832410,601734,1567392,399875,953799,349594,12331,409434
263634,304500,Caustic Bite (dot),4108.0,446874,443379,2141089,18696,325166,736485,994573,112205,832410,601734,1567392,399875,953799,349594,12331,409434
304000,304758,Shot,8399.0,446874,443379,2141089,18696,325166,736485,994573,112205,832410,601734,1567392,399875,962198,349594,12331,409434
303475,304945,Burst Shot,20260.0,446874,443379,2161349,18696,325166,736485,994573,112205,832410,601734,1567392,399875,962198,349594,12331,409434
303475,304945,Refulgent Arrow,9092.0,446874,443379,2161349,18696,325166,736485,994573,112205,832410,601734,1576484,399875,962198,349594,12331,409434
304125,305775,Heartbreak Shot,8819.0,446874,443379,2161349,18696,325166,736485,1003392,112205,832410,601734,1576484,399875,962198,349594,12331,409434
305965,307435,Burst Shot,20211.0,446874,443379,2181560,18696,325166,736485,1003392,112205,832410,601734,1576484,399875,962198,349594,12331,409434
305965,307435,Refulgent Arrow,9155.0,446874,443379,2181560,18696,325166,736485,1003392,112205,832410,601734,1585639,399875,962198,349594,12331,409434
263634,307500,Caustic Bite (dot),4108.0,446874,443379,2181560,18696,329274,736485,1003392,112205,832410,601734,1585639,399875,962198,349594,12331,409434
263634,307500,Stormbite (dot),5137.0,446874,443379,2181560,18696,329274,736485,1003392,112205,832410,601734,1585639,399875,962198,349594,12331,414571
307040,307798,Shot,8399.0,446874,443379,2181560,18696,329274,736485,1003392,112205,832410,601734,1585639,399875,970597,349594,12331,414571
306615,308265,Heartbreak Shot,20246.0,446874,443379,2181560,18696,329274,736485,1023638,112205,832410,601734,1585639,399875,970597,349594,12331,414571
308455,309125,Iron Jaws,12454.0,446874,443379,2181560,18696,329274,736485,1023638,124659,832410,601734,1585639,399875,970597,349594,12331,414571
309254,310284,Empyreal Arrow,32390.0,446874,443379,2181560,18696,329274,768875,1023638,124659,832410,601734,1585639,399875,970597,349594,12331,414571
308455,310500,Stormbite (dot),3115.0,446874,443379,2181560,18696,329274,768875,1023638,124659,832410,601734,1585639,399875,970597,349594,12331,417686
308455,310500,Caustic Bite (dot),2491.0,446874,443379,2181560,18696,331765,768875,1023638,124659,832410,601734,1585639,399875,970597,349594,12331,417686
310080,310838,Shot,8399.0,446874,443379,2181560,18696,331765,768875,1023638,124659,832410,601734,1585639,399875,978996,349594,12331,417686
309874,311524,Heartbreak Shot,20190.0,446874,443379,2181560,18696,331765,768875,1043828,124659,832410,601734,1585639,399875,978996,349594,12331,417686
310945,312015,Apex Arrow,153.0,447027,443379,2181560,18696,331765,768875,1043828,124659,832410,601734,1585639,399875,978996,349594,12331,417686
310945,312015,Apex Arrow,6.0,447033,443379,2181560,18696,331765,768875,1043828,124659,832410,601734,1585639,399875,978996,349594,12331,417686
310945,312015,Apex Arrow,52.0,447085,443379,2181560,18696,331765,768875,1043828,124659,832410,601734,1585639,399875,978996,349594,12331,417686
310945,312015,Apex Arrow,3098.0,450183,443379,2181560,18696,331765,768875,1043828,124659,832410,601734,1585639,399875,978996,349594,12331,417686
310945,312015,Apex Arrow,81236.0,531419,443379,2181560,18696,331765,768875,1043828,124659,832410,601734,1585639,399875,978996,349594,12331,417686
310945,312015,Apex Arrow,1436.0,532855,443379,2181560,18696,331765,768875,1043828,124659,832410,601734,1585639,399875,978996,349594,12331,417686
310945,312015,Apex Arrow,4.0,532859,443379,2181560,18696,331765,768875,1043828,124659,832410,601734,1585639,399875,978996,349594,12331,417686
310945,312015,Apex Arrow,711.0,533570,443379,2181560,18696,331765,768875,1043828,124659,832410,601734,1585639,399875,978996,349594,12331,417686
312423,312953,Sidewinder,49833.0,533570,443379,2181560,18696,331765,768875,1043828,124659,832410,601734,1585639,399875,978996,399427,12331,417686
308455,313500,Stormbite (dot),3115.0,533570,443379,2181560,18696,331765,768875,1043828,124659,832410,601734,1585639,399875,978996,399427,12331,420801
308455,313500,Caustic Bite (dot),2491.0,533570,443379,2181560,18696,334256,768875,1043828,124659,832410,601734,1585639,399875,978996,399427,12331,420801
313120,313878,Shot,8399.0,533570,443379,2181560,18696,334256,768875,1043828,124659,832410,601734,1585639,399875,987395,399427,12331,420801
313435,314905,Refulgent Arrow,31.0,533570,443379,2181560,18696,334256,768875,1043828,124659,832410,601734,1585670,399875,987395,399427,12331,420801
313435,314905,Burst Shot,2.0,533570,443379,2181562,18696,334256,768875,1043828,124659,832410,601734,1585670,399875,987395,399427,12331,420801
313435,315085,Blast Arrow,87123.0,533570,530502,2181562,18696,334256,768875,1043828,124659,832410,601734,1585670,399875,987395,399427,12331,420801
314055,315705,Heartbreak Shot,20255.0,533570,530502,2181562,18696,334256,768875,1064083,124659,832410,601734,1585670,399875,987395,399427,12331,420801
308455,316500,Caustic Bite (dot),2491.0,533570,530502,2181562,18696,336747,768875,1064083,124659,832410,601734,1585670,399875,987395,399427,12331,420801
308455,316500,Stormbite (dot),3115.0,533570,530502,2181562,18696,336747,768875,1064083,124659,832410,601734,1585670,399875,987395,399427,12331,423916
316160,316918,Shot,8399.0,533570,530502,2181562,18696,336747,768875,1064083,124659,832410,601734,1585670,399875,995794,399427,12331,423916
315925,317395,Refulgent Arrow,18123.0,533570,530502,2181562,18696,336747,768875,1064083,124659,832410,601734,1603793,399875,995794,399427,12331,423916
315925,317395,Burst Shot,13165.0,533570,530502,2194727,18696,336747,768875,1064083,124659,832410,601734,1603793,399875,995794,399427,12331,423916
316575,318225,Heartbreak Shot,8922.0,533570,530502,2194727,18696,336747,768875,1073005,124659,832410,601734,1603793,399875,995794,399427,12331,423916
308455,319500,Stormbite (dot),3115.0,533570,530502,2194727,18696,336747,768875,1073005,124659,832410,601734,1603793,399875,995794,399427,12331,427031
308455,319500,Caustic Bite (dot),2491.0,533570,530502,2194727,18696,339238,768875,1073005,124659,832410,601734,1603793,399875,995794,399427,12331,427031
318415,319885,Burst Shot,20384.0,533570,530502,2215111,18696,339238,768875,1073005,124659,832410,601734,1603793,399875,995794,399427,12331,427031
318415,319885,Refulgent Arrow,8936.0,533570,530502,2215111,18696,339238,768875,1073005,124659,832410,601734,1612729,399875,995794,399427,12331,427031
319200,319958,Shot,8399.0,533570,530502,2215111,18696,339238,768875,1073005,124659,832410,601734,1612729,399875,1004193,399427,12331,427031
319035,320685,Heartbreak Shot,8951.0,533570,530502,2215111,18696,339238,768875,1081956,124659,832410,601734,1612729,399875,1004193,399427,12331,427031
320905,322375,Refulgent Arrow,9399.0,533570,530502,2215111,18696,339238,768875,1081956,124659,832410,601734,1622128,399875,1004193,399427,12331,427031
320905,322375,Burst Shot,20019.0,533570,530502,2235130,18696,339238,768875,1081956,124659,832410,601734,1622128,399875,1004193,399427,12331,427031
308455,322500,Caustic Bite (dot),2491.0,533570,530502,2235130,18696,341729,768875,1081956,124659,832410,601734,1622128,399875,1004193,399427,12331,427031
308455,322500,Stormbite (dot),3115.0,533570,530502,2235130,18696,341729,768875,1081956,124659,832410,601734,1622128,399875,1004193,399427,12331,430146
322240,322998,Shot,8399.0,533570,530502,2235130,18696,341729,768875,1081956,124659,832410,601734,1622128,399875,1012592,399427,12331,430146
321555,323205,Heartbreak Shot,20120.0,533570,530502,2235130,18696,341729,768875,1102076,124659,832410,601734,1622128,399875,1012592,399427,12331,430146
323395,324865,Burst Shot,20246.0,533570,530502,2255376,18696,341729,768875,1102076,124659,832410,601734,1622128,399875,1012592,399427,12331,430146
323395,324865,Refulgent Arrow,9006.0,533570,530502,2255376,18696,341729,768875,1102076,124659,832410,601734,1631134,399875,1012592,399427,12331,430146
324254,325284,Empyreal Arrow,32293.0,533570,530502,2255376,18696,341729,801168,1102076,124659,832410,601734,1631134,399875,1012592,399427,12331,430146
308455,325500,Stormbite (dot),3115.0,533570,530502,2255376,18696,341729,801168,1102076,124659,832410,601734,1631134,399875,1012592,399427,12331,433261
308455,325500,Caustic Bite (dot),2491.0,533570,530502,2255376,18696,344220,801168,1102076,124659,832410,601734,1631134,399875,1012592,399427,12331,433261
325280,326038,Shot,8374.0,533570,530502,2255376,18696,344220,801168,1102076,124659,832410,601734,1631134,399875,1020966,399427,12331,433261
325885,327355,Burst Shot,20263.0,533570,530502,2275639,18696,344220,801168,1102076,124659,832410,601734,1631134,399875,1020966,399427,12331,433261
325885,327355,Refulgent Arrow,8985.0,533570,530502,2275639,18696,344220,801168,1102076,124659,832410,601734,1640119,399875,1020966,399427,12331,433261
308455,328500,Caustic Bite (dot),2491.0,533570,530502,2275639,18696,346711,801168,1102076,124659,832410,601734,1640119,399875,1020966,399427,12331,433261
308455,328500,Stormbite (dot),3115.0,533570,530502,2275639,18696,346711,801168,1102076,124659,832410,601734,1640119,399875,1020966,399427,12331,436376
328320,329078,Shot,8374.0,533570,530502,2275639,18696,346711,801168,1102076,124659,832410,601734,1640119,399875,1029340,399427,12331,436376
328275,329745,Refulgent Arrow,8877.0,533570,530502,2275639,18696,346711,801168,1102076,124659,832410,601734,1648996,399875,1029340,399427,12331,436376
328275,329745,Burst Shot,20347.0,533570,530502,2295986,18696,346711,801168,1102076,124659,832410,601734,1648996,399875,1029340,399427,12331,436376
328925,330575,Heartbreak Shot,11211.0,533570,530502,2295986,18696,346711,801168,1113287,124659,832410,601734,1648996,399875,1029340,399427,12331,436376
308455,331500,Stormbite (dot),3115.0,533570,530502,2295986,18696,346711,801168,1113287,124659,832410,601734,1648996,399875,1029340,399427,12331,439491
308455,331500,Caustic Bite (dot),2491.0,533570,530502,2295986,18696,349202,801168,1113287,124659,832410,601734,1648996,399875,1029340,399427,12331,439491
331360,332118,Shot,8374.0,533570,530502,2295986,18696,349202,801168,1113287,124659,832410,601734,1648996,399875,1037714,399427,12331,439491
330665,332135,Refulgent Arrow,9131.0,533570,530502,2295986,18696,349202,801168,1113287,124659,832410,601734,1658127,399875,1037714,399427,12331,439491
330665,332135,Burst Shot,20148.0,533570,530502,2316134,18696,349202,801168,1113287,124659,832410,601734,1658127,399875,1037714,399427,12331,439491
332955,334425,Refulgent Arrow,9170.0,533570,530502,2316134,18696,349202,801168,1113287,124659,832410,601734,1667297,399875,1037714,399427,12331,439491
332955,334425,Burst Shot,20118.0,533570,530502,2336252,18696,349202,801168,1113287,124659,832410,601734,1667297,399875,1037714,399427,12331,439491
308455,334500,Caustic Bite (dot),2491.0,533570,530502,2336252,18696,351693,801168,1113287,124659,832410,601734,1667297,399875,1037714,399427,12331,439491
308455,334500,Stormbite (dot),3115.0,533570,530502,2336252,18696,351693,801168,1113287,124659,832410,601734,1667297,399875,1037714,399427,12331,442606
334400,335158,Shot,8374.0,533570,530502,2336252,18696,351693,801168,1113287,124659,832410,601734,1667297,399875,1046088,399427,12331,442606
335145,336615,Refulgent Arrow,8839.0,533570,530502,2336252,18696,351693,801168,1113287,124659,832410,601734,1676136,399875,1046088,399427,12331,442606
335145,336615,Burst Shot,20377.0,533570,530502,2356629,18696,351693,801168,1113287,124659,832410,601734,1676136,399875,1046088,399427,12331,442606
308455,337500,Caustic Bite (dot),2491.0,533570,530502,2356629,18696,354184,801168,1113287,124659,832410,601734,1676136,399875,1046088,399427,12331,442606
308455,337500,Stormbite (dot),3115.0,533570,530502,2356629,18696,354184,801168,1113287,124659,832410,601734,1676136,399875,1046088,399427,12331,445721
336445,338095,Heartbreak Shot,11140.0,533570,530502,2356629,18696,354184,801168,1124427,124659,832410,601734,1676136,399875,1046088,399427,12331,445721
337440,338198,Shot,8374.0,533570,530502,2356629,18696,354184,801168,1124427,124659,832410,601734,1676136,399875,1054462,399427,12331,445721
337235,338705,Burst Shot,20137.0,533570,530502,2376766,18696,354184,801168,1124427,124659,832410,601734,1676136,399875,1054462,399427,12331,445721
337235,338705,Refulgent Arrow,9145.0,533570,530502,2376766,18696,354184,801168,1124427,124659,832410,601734,1685281,399875,1054462,399427,12331,445721
308455,340500,Caustic Bite (dot),2491.0,533570,530502,2376766,18696,356675,801168,1124427,124659,832410,601734,1685281,399875,1054462,399427,12331,445721
308455,340500,Stormbite (dot),3115.0,533570,530502,2376766,18696,356675,801168,1124427,124659,832410,601734,1685281,399875,1054462,399427,12331,448836
339325,340795,Refulgent Arrow,8888.0,533570,530502,2376766,18696,356675,801168,1124427,124659,832410,601734,1694169,399875,1054462,399427,12331,448836
339325,340795,Burst Shot,20339.0,533570,530502,2397105,18696,356675,801168,1124427,124659,832410,601734,1694169,399875,1054462,399427,12331,448836
339945,340975,Empyreal Arrow,32293.0,533570,530502,2397105,18696,356675,833461,1124427,124659,832410,601734,1694169,399875,1054462,399427,12331,448836
340480,341238,Shot,8374.0,533570,530502,2397105,18696,356675,833461,1124427,124659,832410,601734,1694169,399875,1062836,399427,12331,448836
341415,342885,Refulgent Arrow,9152.0,533570,530502,2397105,18696,356675,833461,1124427,124659,832410,601734,1703321,399875,1062836,399427,12331,448836
341415,342885,Burst Shot,20131.0,533570,530502,2417236,18696,356675,833461,1124427,124659,832410,601734,1703321,399875,1062836,399427,12331,448836
308455,343500,Stormbite (dot),3115.0,533570,530502,2417236,18696,356675,833461,1124427,124659,832410,601734,1703321,399875,1062836,399427,12331,451951
308455,343500,Caustic Bite (dot),2491.0,533570,530502,2417236,18696,359166,833461,1124427,124659,832410,601734,1703321,399875,1062836,399427,12331,451951
343520,344278,Shot,8374.0,533570,530502,2417236,18696,359166,833461,1124427,124659,832410,601734,1703321,399875,1071210,399427,12331,451951
343505,344975,Burst Shot,20325.0,533570,530502,2437561,18696,359166,833461,1124427,124659,832410,601734,1703321,399875,1071210,399427,12331,451951
343505,344975,Refulgent Arrow,8905.0,533570,530502,2437561,18696,359166,833461,1124427,124659,832410,601734,1712226,399875,1071210,399427,12331,451951
345595,346265,Iron Jaws,12417.0,533570,530502,2437561,18696,359166,833461,1124427,137076,832410,601734,1712226,399875,1071210,399427,12331,451951
345595,346500,Caustic Bite (dot),2484.0,533570,530502,2437561,18696,361650,833461,1124427,137076,832410,601734,1712226,399875,1071210,399427,12331,451951
345595,346500,Stormbite (dot),3106.0,533570,530502,2437561,18696,361650,833461,1124427,137076,832410,601734,1712226,399875,1071210,399427,12331,455057
346560,347318,Shot,8374.0,533570,530502,2437561,18696,361650,833461,1124427,137076,832410,601734,1712226,399875,1079584,399427,12331,455057
347685,349155,Burst Shot,13243.0,533570,530502,2450804,18696,361650,833461,1124427,137076,832410,601734,1712226,399875,1079584,399427,12331,455057
347685,349155,Refulgent Arrow,17919.0,533570,530502,2450804,18696,361650,833461,1124427,137076,832410,601734,1730145,399875,1079584,399427,12331,455057
345595,349500,Stormbite (dot),3106.0,533570,530502,2450804,18696,361650,833461,1124427,137076,832410,601734,1730145,399875,1079584,399427,12331,458163
345595,349500,Caustic Bite (dot),2484.0,533570,530502,2450804,18696,364134,833461,1124427,137076,832410,601734,1730145,399875,1079584,399427,12331,458163
349600,350358,Shot,8374.0,533570,530502,2450804,18696,364134,833461,1124427,137076,832410,601734,1730145,399875,1087958,399427,12331,458163
349775,351245,Refulgent Arrow,8804.0,533570,530502,2450804,18696,364134,833461,1124427,137076,832410,601734,1738949,399875,1087958,399427,12331,458163
349775,351245,Burst Shot,20405.0,533570,530502,2471209,18696,364134,833461,1124427,137076,832410,601734,1738949,399875,1087958,399427,12331,458163
345595,352500,Caustic Bite (dot),2484.0,533570,530502,2471209,18696,366618,833461,1124427,137076,832410,601734,1738949,399875,1087958,399427,12331,458163
345595,352500,Stormbite (dot),3106.0,533570,530502,2471209,18696,366618,833461,1124427,137076,832410,601734,1738949,399875,1087958,399427,12331,461269
351865,353335,Burst Shot,20274.0,533570,530502,2491483,18696,366618,833461,1124427,137076,832410,601734,1738949,399875,1087958,399427,12331,461269
351865,353335,Refulgent Arrow,8971.0,533570,530502,2491483,18696,366618,833461,1124427,137076,832410,601734,1747920,399875,1087958,399427,12331,461269
352640,353398,Shot,8374.0,533570,530502,2491483,18696,366618,833461,1124427,137076,832410,601734,1747920,399875,1096332,399427,12331,461269
353955,355425,Burst Shot,20153.0,533570,530502,2511636,18696,366618,833461,1124427,137076,832410,601734,1747920,399875,1096332,399427,12331,461269
353955,355425,Refulgent Arrow,9124.0,533570,530502,2511636,18696,366618,833461,1124427,137076,832410,601734,1757044,399875,1096332,399427,12331,461269
345595,355500,Stormbite (dot),3106.0,533570,530502,2511636,18696,366618,833461,1124427,137076,832410,601734,1757044,399875,1096332,399427,12331,464375
345595,355500,Caustic Bite (dot),2484.0,533570,530502,2511636,18696,369102,833461,1124427,137076,832410,601734,1757044,399875,1096332,399427,12331,464375
354945,355975,Empyreal Arrow,32293.0,533570,530502,2511636,18696,369102,865754,1124427,137076,832410,601734,1757044,399875,1096332,399427,12331,464375
355680,356438,Shot,8374.0,533570,530502,2511636,18696,369102,865754,1124427,137076,832410,601734,1757044,399875,1104706,399427,12331,464375
356045,357515,Refulgent Arrow,8964.0,533570,530502,2511636,18696,369102,865754,1124427,137076,832410,601734,1766008,399875,1104706,399427,12331,464375
356045,357515,Burst Shot,20279.0,533570,530502,2531915,18696,369102,865754,1124427,137076,832410,601734,1766008,399875,1104706,399427,12331,464375
345595,358500,Stormbite (dot),3106.0,533570,530502,2531915,18696,369102,865754,1124427,137076,832410,601734,1766008,399875,1104706,399427,12331,467481
345595,358500,Caustic Bite (dot),2484.0,533570,530502,2531915,18696,371586,865754,1124427,137076,832410,601734,1766008,399875,1104706,399427,12331,467481
358720,359478,Shot,8374.0,533570,530502,2531915,18696,371586,865754,1124427,137076,832410,601734,1766008,399875,1113080,399427,12331,467481
358135,359605,Burst Shot,20243.0,533570,530502,2552158,18696,371586,865754,1124427,137076,832410,601734,1766008,399875,1113080,399427,12331,467481
358135,359605,Refulgent Arrow,9010.0,533570,530502,2552158,18696,371586,865754,1124427,137076,832410,601734,1775018,399875,1113080,399427,12331,467481
345595,361500,Caustic Bite (dot),2484.0,533570,530502,2552158,18696,374070,865754,1124427,137076,832410,601734,1775018,399875,1113080,399427,12331,467481
345595,361500,Stormbite (dot),3106.0,533570,530502,2552158,18696,374070,865754,1124427,137076,832410,601734,1775018,399875,1113080,399427,12331,470587
360225,361695,Refulgent Arrow,9006.0,533570,530502,2552158,18696,374070,865754,1124427,137076,832410,601734,1784024,399875,1113080,399427,12331,470587
360225,361695,Burst Shot,20246.0,533570,530502,2572404,18696,374070,865754,1124427,137076,832410,601734,1784024,399875,1113080,399427,12331,470587
361760,362518,Shot,8405.0,533570,530502,2572404,18696,374070,865754,1124427,137076,832410,601734,1784024,399875,1121485,399427,12331,470587
362315,363785,Refulgent Arrow,9256.0,533570,530502,2572404,18696,374070,865754,1124427,137076,832410,601734,1793280,399875,1121485,399427,12331,470587
362315,363785,Burst Shot,20151.0,533570,530502,2592555,18696,374070,865754,1124427,137076,832410,601734,1793280,399875,1121485,399427,12331,470587
345595,364500,Stormbite (dot),3106.0,533570,530502,2592555,18696,374070,865754,1124427,137076,832410,601734,1793280,399875,1121485,399427,12331,473693
345595,364500,Caustic Bite (dot),2484.0,533570,530502,2592555,18696,376554,865754,1124427,137076,832410,601734,1793280,399875,1121485,399427,12331,473693
364800,365558,Shot,9097.0,533570,530502,2592555,18696,376554,865754,1124427,137076,832410,601734,1793280,399875,1130582,399427,12331,473693
364505,365975,Burst Shot,21924.0,533570,530502,2614479,18696,376554,865754,1124427,137076,832410,601734,1793280,399875,1130582,399427,12331,473693
364505,365975,Refulgent Arrow,9871.0,533570,530502,2614479,18696,376554,865754,1124427,137076,832410,601734,1803151,399875,1130582,399427,12331,473693
345595,367500,Stormbite (dot),3106.0,533570,530502,2614479,18696,376554,865754,1124427,137076,832410,601734,1803151,399875,1130582,399427,12331,476799
345595,367500,Caustic Bite (dot),2484.0,533570,530502,2614479,18696,379038,865754,1124427,137076,832410,601734,1803151,399875,1130582,399427,12331,476799
366695,368165,Burst Shot,28557.0,533570,530502,2643036,18696,379038,865754,1124427,137076,832410,601734,1803151,399875,1130582,399427,12331,476799
366695,368165,Refulgent Arrow,12750.0,533570,530502,2643036,18696,379038,865754,1124427,137076,832410,601734,1815901,399875,1130582,399427,12331,476799
367840,368598,Shot,13035.0,533570,530502,2643036,18696,379038,865754,1124427,137076,832410,601734,1815901,399875,1143617,399427,12331,476799
368043,369693,Heartbreak Shot,40016.0,533570,530502,2643036,18696,379038,865754,1164443,137076,832410,601734,1815901,399875,1143617,399427,12331,476799
345595,370500,Caustic Bite (dot),2484.0,533570,530502,2643036,18696,381522,865754,1164443,137076,832410,601734,1815901,399875,1143617,399427,12331,476799
345595,370500,Stormbite (dot),3106.0,533570,530502,2643036,18696,381522,865754,1164443,137076,832410,601734,1815901,399875,1143617,399427,12331,479905
368885,370845,Radiant Encore,244587.0,533570,530502,2643036,18696,381522,865754,1164443,137076,832410,846321,1815901,399875,1143617,399427,12331,479905
369945,370975,Empyreal Arrow,57807.0,533570,530502,2643036,18696,381522,923561,1164443,137076,832410,846321,1815901,399875,1143617,399427,12331,479905
370565,371365,Pitch Perfect,71733.0,533570,530502,2643036,18696,381522,923561,1164443,137076,904143,846321,1815901,399875,1143617,399427,12331,479905
370880,371638,Shot,14991.0,533570,530502,2643036,18696,381522,923561,1164443,137076,904143,846321,1815901,399875,1158608,399427,12331,479905
370565,372215,Heartbreak Shot,4153.0,533570,530502,2643036,18696,381522,923561,1168596,137076,904143,846321,1815901,399875,1158608,399427,12331,479905
371185,372655,Burst Shot,36226.0,533570,530502,2679262,18696,381522,923561,1168596,137076,904143,846321,1815901,399875,1158608,399427,12331,479905
371185,372655,Refulgent Arrow,16141.0,533570,530502,2679262,18696,381522,923561,1168596,137076,904143,846321,1832042,399875,1158608,399427,12331,479905
372423,372953,Sidewinder,88940.0,533570,530502,2679262,18696,381522,923561,1168596,137076,904143,846321,1832042,399875,1158608,488367,12331,479905
345595,373500,Stormbite (dot),3106.0,533570,530502,2679262,18696,381522,923561,1168596,137076,904143,846321,1832042,399875,1158608,488367,12331,483011
345595,373500,Caustic Bite (dot),2484.0,533570,530502,2679262,18696,384006,923561,1168596,137076,904143,846321,1832042,399875,1158608,488367,12331,483011
373043,373843,Pitch Perfect,6083.0,533570,530502,2679262,18696,384006,923561,1168596,137076,910226,846321,1832042,399875,1158608,488367,12331,483011
373920,374678,Shot,14991.0,533570,530502,2679262,18696,384006,923561,1168596,137076,910226,846321,1832042,399875,1173599,488367,12331,483011
373043,374693,Heartbreak Shot,35863.0,533570,530502,2679262,18696,384006,923561,1204459,137076,910226,846321,1832042,399875,1173599,488367,12331,483011
373675,374745,Apex Arrow,1124.0,534694,530502,2679262,18696,384006,923561,1204459,137076,910226,846321,1832042,399875,1173599,488367,12331,483011
373675,374745,Apex Arrow,5944.0,540638,530502,2679262,18696,384006,923561,1204459,137076,910226,846321,1832042,399875,1173599,488367,12331,483011
373675,374745,Apex Arrow,143861.0,684499,530502,2679262,18696,384006,923561,1204459,137076,910226,846321,1832042,399875,1173599,488367,12331,483011
373675,374745,Apex Arrow,361.0,684860,530502,2679262,18696,384006,923561,1204459,137076,910226,846321,1832042,399875,1173599,488367,12331,483011
373675,374745,Apex Arrow,128.0,684988,530502,2679262,18696,384006,923561,1204459,137076,910226,846321,1832042,399875,1173599,488367,12331,483011
373675,374745,Apex Arrow,43.0,685031,530502,2679262,18696,384006,923561,1204459,137076,910226,846321,1832042,399875,1173599,488367,12331,483011
373675,374745,Apex Arrow,3165.0,688196,530502,2679262,18696,384006,923561,1204459,137076,910226,846321,1832042,399875,1173599,488367,12331,483011
345595,376500,Stormbite (dot),3106.0,688196,530502,2679262,18696,384006,923561,1204459,137076,910226,846321,1832042,399875,1173599,488367,12331,486117
345595,376500,Caustic Bite (dot),2484.0,688196,530502,2679262,18696,386490,923561,1204459,137076,910226,846321,1832042,399875,1173599,488367,12331,486117
374915,376565,Heartbreak Shot,20072.0,688196,530502,2679262,18696,386490,923561,1224531,137076,910226,846321,1832042,399875,1173599,488367,12331,486117
376815,377615,Pitch Perfect,1656.0,688196,530502,2679262,18696,386490,923561,1224531,137076,911882,846321,1832042,399875,1173599,488367,12331,486117
376165,377635,Refulgent Arrow,12.0,688196,530502,2679262,18696,386490,923561,1224531,137076,911882,846321,1832054,399875,1173599,488367,12331,486117
376165,377635,Burst Shot,63.0,688196,530502,2679325,18696,386490,923561,1224531,137076,911882,846321,1832054,399875,1173599,488367,12331,486117
376960,377718,Shot,14991.0,688196,530502,2679325,18696,386490,923561,1224531,137076,911882,846321,1832054,399875,1188590,488367,12331,486117
376165,377815,Blast Arrow,155410.0,688196,685912,2679325,18696,386490,923561,1224531,137076,911882,846321,1832054,399875,1188590,488367,12331,486117
345595,379500,Stormbite (dot),3106.0,688196,685912,2679325,18696,386490,923561,1224531,137076,911882,846321,1832054,399875,1188590,488367,12331,489223
345595,379500,Caustic Bite (dot),2484.0,688196,685912,2679325,18696,388974,923561,1224531,137076,911882,846321,1832054,399875,1188590,488367,12331,489223
378655,379815,Resonant Arrow,142301.0,688196,685912,2679325,18696,388974,923561,1224531,137076,911882,846321,1832054,542176,1188590,488367,12331,489223
379305,380105,Pitch Perfect,37091.0,688196,685912,2679325,18696,388974,923561,1224531,137076,948973,846321,1832054,542176,1188590,488367,12331,489223
380000,380758,Shot,14991.0,688196,685912,2679325,18696,388974,923561,1224531,137076,948973,846321,1832054,542176,1203581,488367,12331,489223
345595,382500,Stormbite (dot),3106.0,688196,685912,2679325,18696,388974,923561,1224531,137076,948973,846321,1832054,542176,1203581,488367,12331,492329
345595,382500,Caustic Bite (dot),2484.0,688196,685912,2679325,18696,391458,923561,1224531,137076,948973,846321,1832054,542176,1203581,488367,12331,492329
381145,382615,Refulgent Arrow,62250.0,688196,685912,2679325,18696,391458,923561,1224531,137076,948973,846321,1894304,542176,1203581,488367,12331,492329
381145,382735,Refulgent Arrow,62250.0,688196,685912,2679325,18696,391458,923561,1224531,137076,948973,846321,1956554,542176,1203581,488367,12331,492329
381145,382855,Refulgent Arrow,62250.0,688196,685912,2679325,18696,391458,923561,1224531,137076,948973,846321,2018804,542176,1203581,488367,12331,492329
382445,383245,Pitch Perfect,24844.0,688196,685912,2679325,18696,391458,923561,1224531,137076,973817,846321,2018804,542176,1203581,488367,12331,492329
381795,383445,Heartbreak Shot,19944.0,688196,685912,2679325,18696,391458,923561,1244475,137076,973817,846321,2018804,542176,1203581,488367,12331,492329
383040,383798,Shot,14991.0,688196,685912,2679325,18696,391458,923561,1244475,137076,973817,846321,2018804,542176,1218572,488367,12331,492329
383635,384305,Iron Jaws,22230.0,688196,685912,2679325,18696,391458,923561,1244475,159306,973817,846321,2018804,542176,1218572,488367,12331,492329
383635,385500,Stormbite (dot),5561.0,688196,685912,2679325,18696,391458,923561,1244475,159306,973817,846321,2018804,542176,1218572,488367,12331,497890
383635,385500,Caustic Bite (dot),4449.0,688196,685912,2679325,18696,395907,923561,1244475,159306,973817,846321,2018804,542176,1218572,488367,12331,497890
384945,385975,Empyreal Arrow,57807.0,688196,685912,2679325,18696,395907,981368,1244475,159306,973817,846321,2018804,542176,1218572,488367,12331,497890
386080,386838,Shot,12837.0,688196,685912,2679325,18696,395907,981368,1244475,159306,973817,846321,2018804,542176,1231409,488367,12331,497890
386745,387545,Pitch Perfect,31346.0,688196,685912,2679325,18696,395907,981368,1244475,159306,1005163,846321,2018804,542176,1231409,488367,12331,497890
386125,387595,Refulgent Arrow,27613.0,688196,685912,2679325,18696,395907,981368,1244475,159306,1005163,846321,2046417,542176,1231409,488367,12331,497890
386125,387595,Burst Shot,20187.0,688196,685912,2699512,18696,395907,981368,1244475,159306,1005163,846321,2046417,542176,1231409,488367,12331,497890
383635,388500,Caustic Bite (dot),4449.0,688196,685912,2699512,18696,400356,981368,1244475,159306,1005163,846321,2046417,542176,1231409,488367,12331,497890
383635,388500,Stormbite (dot),5561.0,688196,685912,2699512,18696,400356,981368,1244475,159306,1005163,846321,2046417,542176,1231409,488367,12331,503451
389120,389878,Shot,9097.0,688196,685912,2699512,18696,400356,981368,1244475,159306,1005163,846321,2046417,542176,1240506,488367,12331,503451
389235,390035,Pitch Perfect,15966.0,688196,685912,2699512,18696,400356,981368,1244475,159306,1021129,846321,2046417,542176,1240506,488367,12331,503451
388615,390085,Refulgent Arrow,9689.0,688196,685912,2699512,18696,400356,981368,1244475,159306,1021129,846321,2056106,542176,1240506,488367,12331,503451
388615,390085,Burst Shot,22067.0,688196,685912,2721579,18696,400356,981368,1244475,159306,1021129,846321,2056106,542176,1240506,488367,12331,503451
389235,390885,Heartbreak Shot,8188.0,688196,685912,2721579,18696,400356,981368,1252663,159306,1021129,846321,2056106,542176,1240506,488367,12331,503451
383635,391500,Stormbite (dot),5561.0,688196,685912,2721579,18696,400356,981368,1252663,159306,1021129,846321,2056106,542176,1240506,488367,12331,509012
383635,391500,Caustic Bite (dot),4449.0,688196,685912,2721579,18696,404805,981368,1252663,159306,1021129,846321,2056106,542176,1240506,488367,12331,509012
389885,391535,Heartbreak Shot,3992.0,688196,685912,2721579,18696,404805,981368,1256655,159306,1021129,846321,2056106,542176,1240506,488367,12331,509012
391756,392556,Pitch Perfect,5561.0,688196,685912,2721579,18696,404805,981368,1256655,159306,1026690,846321,2056106,542176,1240506,488367,12331,509012
391106,392576,Refulgent Arrow,9897.0,688196,685912,2721579,18696,404805,981368,1256655,159306,1026690,846321,2066003,542176,1240506,488367,12331,509012
391106,392576,Burst Shot,21904.0,688196,685912,2743483,18696,404805,981368,1256655,159306,1026690,846321,2066003,542176,1240506,488367,12331,509012
392160,392918,Shot,9097.0,688196,685912,2743483,18696,404805,981368,1256655,159306,1026690,846321,2066003,542176,1249603,488367,12331,509012
383635,394500,Caustic Bite (dot),4449.0,688196,685912,2743483,18696,409254,981368,1256655,159306,1026690,846321,2066003,542176,1249603,488367,12331,509012
383635,394500,Stormbite (dot),5561.0,688196,685912,2743483,18696,409254,981368,1256655,159306,1026690,846321,2066003,542176,1249603,488367,12331,514573
394246,395046,Pitch Perfect,13225.0,688196,685912,2743483,18696,409254,981368,1256655,159306,1039915,846321,2066003,542176,1249603,488367,12331,514573
393596,395066,Refulgent Arrow,9032.0,688196,685912,2743483,18696,409254,981368,1256655,159306,1039915,846321,2075035,542176,1249603,488367,12331,514573
393596,395066,Burst Shot,20326.0,688196,685912,2763809,18696,409254,981368,1256655,159306,1039915,846321,2075035,542176,1249603,488367,12331,514573
395200,395958,Shot,8405.0,688196,685912,2763809,18696,409254,981368,1256655,159306,1039915,846321,2075035,542176,1258008,488367,12331,514573
383635,397500,Caustic Bite (dot),4449.0,688196,685912,2763809,18696,413703,981368,1256655,159306,1039915,846321,2075035,542176,1258008,488367,12331,514573
383635,397500,Stormbite (dot),5561.0,688196,685912,2763809,18696,413703,981368,1256655,159306,1039915,846321,2075035,542176,1258008,488367,12331,520134
396086,397556,Refulgent Arrow,9305.0,688196,685912,2763809,18696,413703,981368,1256655,159306,1039915,846321,2084340,542176,1258008,488367,12331,520134
396086,397556,Burst Shot,20112.0,688196,685912,2783921,18696,413703,981368,1256655,159306,1039915,846321,2084340,542176,1258008,488367,12331,520134
397386,398186,Pitch Perfect,15074.0,688196,685912,2783921,18696,413703,981368,1256655,159306,1054989,846321,2084340,542176,1258008,488367,12331,520134
396736,398386,Heartbreak Shot,11180.0,688196,685912,2783921,18696,413703,981368,1267835,159306,1054989,846321,2084340,542176,1258008,488367,12331,520134
398240,398998,Shot,8405.0,688196,685912,2783921,18696,413703,981368,1267835,159306,1054989,846321,2084340,542176,1266413,488367,12331,520134
398576,400046,Refulgent Arrow,8896.0,688196,685912,2783921,18696,413703,981368,1267835,159306,1054989,846321,2093236,542176,1266413,488367,12331,520134
398576,400046,Burst Shot,20433.0,688196,685912,2804354,18696,413703,981368,1267835,159306,1054989,846321,2093236,542176,1266413,488367,12331,520134
383635,400500,Caustic Bite (dot),4449.0,688196,685912,2804354,18696,418152,981368,1267835,159306,1054989,846321,2093236,542176,1266413,488367,12331,520134
383635,400500,Stormbite (dot),5561.0,688196,685912,2804354,18696,418152,981368,1267835,159306,1054989,846321,2093236,542176,1266413,488367,12331,525695
401280,402038,Shot,8405.0,688196,685912,2804354,18696,418152,981368,1267835,159306,1054989,846321,2093236,542176,1274818,488367,12331,525695
401686,402486,Pitch Perfect,10245.0,688196,685912,2804354,18696,418152,981368,1267835,159306,1065234,846321,2093236,542176,1274818,488367,12331,525695
401066,402536,Burst Shot,20159.0,688196,685912,2824513,18696,418152,981368,1267835,159306,1065234,846321,2093236,542176,1274818,488367,12331,525695
401066,402536,Refulgent Arrow,9245.0,688196,685912,2824513,18696,418152,981368,1267835,159306,1065234,846321,2102481,542176,1274818,488367,12331,525695
402306,403336,Empyreal Arrow,32412.0,688196,685912,2824513,18696,418152,1013780,1267835,159306,1065234,846321,2102481,542176,1274818,488367,12331,525695
383635,403500,Stormbite (dot),5561.0,688196,685912,2824513,18696,418152,1013780,1267835,159306,1065234,846321,2102481,542176,1274818,488367,12331,531256
383635,403500,Caustic Bite (dot),4449.0,688196,685912,2824513,18696,422601,1013780,1267835,159306,1065234,846321,2102481,542176,1274818,488367,12331,531256
404176,404976,Pitch Perfect,27733.0,688196,685912,2824513,18696,422601,1013780,1267835,159306,1092967,846321,2102481,542176,1274818,488367,12331,531256
403556,405026,Refulgent Arrow,8907.0,688196,685912,2824513,18696,422601,1013780,1267835,159306,1092967,846321,2111388,542176,1274818,488367,12331,531256
403556,405026,Burst Shot,20425.0,688196,685912,2844938,18696,422601,1013780,1267835,159306,1092967,846321,2111388,542176,1274818,488367,12331,531256
404320,405078,Shot,8405.0,688196,685912,2844938,18696,422601,1013780,1267835,159306,1092967,846321,2111388,542176,1283223,488367,12331,531256
404826,405626,Pitch Perfect,746.0,688196,685912,2844938,18696,422601,1013780,1267835,159306,1093713,846321,2111388,542176,1283223,488367,12331,531256
404826,405626,Pitch Perfect,8833.0,688196,685912,2844938,18696,422601,1013780,1267835,159306,1102546,846321,2111388,542176,1283223,488367,12331,531256
404176,405826,Heartbreak Shot,4314.0,688196,685912,2844938,18696,422601,1013780,1272149,159306,1102546,846321,2111388,542176,1283223,488367,12331,531256
404826,406476,Heartbreak Shot,6938.0,688196,685912,2844938,18696,422601,1013780,1279087,159306,1102546,846321,2111388,542176,1283223,488367,12331,531256
383635,406500,Caustic Bite (dot),4449.0,688196,685912,2844938,18696,427050,1013780,1279087,159306,1102546,846321,2111388,542176,1283223,488367,12331,531256
383635,406500,Stormbite (dot),5561.0,688196,685912,2844938,18696,427050,1013780,1279087,159306,1102546,846321,2111388,542176,1283223,488367,12331,536817
406046,407516,Refulgent Arrow,9037.0,688196,685912,2844938,18696,427050,1013780,1279087,159306,1102546,846321,2120425,542176,1283223,488367,12331,536817
406046,407516,Burst Shot,20304.0,688196,685912,2865242,18696,427050,1013780,1279087,159306,1102546,846321,2120425,542176,1283223,488367,12331,536817
407360,408118,Shot,8399.0,688196,685912,2865242,18696,427050,1013780,1279087,159306,1102546,846321,2120425,542176,1291622,488367,12331,536817
383635,409500,Stormbite (dot),5561.0,688196,685912,2865242,18696,427050,1013780,1279087,159306,1102546,846321,2120425,542176,1291622,488367,12331,542378
383635,409500,Caustic Bite (dot),4449.0,688196,685912,2865242,18696,431499,1013780,1279087,159306,1102546,846321,2120425,542176,1291622,488367,12331,542378
408536,410006,Refulgent Arrow,8876.0,688196,685912,2865242,18696,431499,1013780,1279087,159306,1102546,846321,2129301,542176,1291622,488367,12331,542378
408536,410006,Burst Shot,20430.0,688196,685912,2885672,18696,431499,1013780,1279087,159306,1102546,846321,2129301,542176,1291622,488367,12331,542378
409186,410836,Heartbreak Shot,8790.0,688196,685912,2885672,18696,431499,1013780,1287877,159306,1102546,846321,2129301,542176,1291622,488367,12331,542378
410400,411158,Shot,8399.0,688196,685912,2885672,18696,431499,1013780,1287877,159306,1102546,846321,2129301,542176,1300021,488367,12331,542378
411026,412496,Refulgent Arrow,9005.0,688196,685912,2885672,18696,431499,1013780,1287877,159306,1102546,846321,2138306,542176,1300021,488367,12331,542378
411026,412496,Burst Shot,20329.0,688196,685912,2906001,18696,431499,1013780,1287877,159306,1102546,846321,2138306,542176,1300021,488367,12331,542378
383635,412500,Caustic Bite (dot),4449.0,688196,685912,2906001,18696,435948,1013780,1287877,159306,1102546,846321,2138306,542176,1300021,488367,12331,542378
383635,412500,Stormbite (dot),5561.0,688196,685912,2906001,18696,435948,1013780,1287877,159306,1102546,846321,2138306,542176,1300021,488367,12331,547939
411646,413296,Heartbreak Shot,20284.0,688196,685912,2906001,18696,435948,1013780,1308161,159306,1102546,846321,2138306,542176,1300021,488367,12331,547939
413440,414198,Shot,8399.0,688196,685912,2906001,18696,435948,1013780,1308161,159306,1102546,846321,2138306,542176,1308420,488367,12331,547939
413516,414986,Burst Shot,20353.0,688196,685912,2926354,18696,435948,1013780,1308161,159306,1102546,846321,2138306,542176,1308420,488367,12331,547939
413516,414986,Refulgent Arrow,8974.0,688196,685912,2926354,18696,435948,1013780,1308161,159306,1102546,846321,2147280,542176,1308420,488367,12331,547939
383635,415500,Caustic Bite (dot),4449.0,688196,685912,2926354,18696,440397,1013780,1308161,159306,1102546,846321,2147280,542176,1308420,488367,12331,547939
383635,415500,Stormbite (dot),5561.0,688196,685912,2926354,18696,440397,1013780,1308161,159306,1102546,846321,2147280,542176,1308420,488367,12331,553500
414136,415786,Heartbreak Shot,9113.0,688196,685912,2926354,18696,440397,1013780,1317274,159306,1102546,846321,2147280,542176,1308420,488367,12331,553500
416480,417238,Shot,8399.0,688196,685912,2926354,18696,440397,1013780,1317274,159306,1102546,846321,2147280,542176,1316819,488367,12331,553500
416006,417476,Refulgent Arrow,9134.0,688196,685912,2926354,18696,440397,1013780,1317274,159306,1102546,846321,2156414,542176,1316819,488367,12331,553500
416006,417476,Burst Shot,20227.0,688196,685912,2946581,18696,440397,1013780,1317274,159306,1102546,846321,2156414,542176,1316819,488367,12331,553500
417306,418336,Empyreal Arrow,32390.0,688196,685912,2946581,18696,440397,1046170,1317274,159306,1102546,846321,2156414,542176,1316819,488367,12331,553500
383635,418500,Caustic Bite (dot),4449.0,688196,685912,2946581,18696,444846,1046170,1317274,159306,1102546,846321,2156414,542176,1316819,488367,12331,553500
383635,418500,Stormbite (dot),5561.0,688196,685912,2946581,18696,444846,1046170,1317274,159306,1102546,846321,2156414,542176,1316819,488367,12331,559061
418496,419966,Refulgent Arrow,9110.0,688196,685912,2946581,18696,444846,1046170,1317274,159306,1102546,846321,2165524,542176,1316819,488367,12331,559061
418496,419966,Burst Shot,20247.0,688196,685912,2966828,18696,444846,1046170,1317274,159306,1102546,846321,2165524,542176,1316819,488367,12331,559061
419520,420278,Shot,8399.0,688196,685912,2966828,18696,444846,1046170,1317274,159306,1102546,846321,2165524,542176,1325218,488367,12331,559061
419116,420766,Heartbreak Shot,22418.0,688196,685912,2966828,18696,444846,1046170,1339692,159306,1102546,846321,2165524,542176,1325218,488367,12331,559061
419766,421416,Heartbreak Shot,8924.0,688196,685912,2966828,18696,444846,1046170,1348616,159306,1102546,846321,2165524,542176,1325218,488367,12331,559061
383635,421500,Caustic Bite (dot),4449.0,688196,685912,2966828,18696,449295,1046170,1348616,159306,1102546,846321,2165524,542176,1325218,488367,12331,559061
383635,421500,Stormbite (dot),5561.0,688196,685912,2966828,18696,449295,1046170,1348616,159306,1102546,846321,2165524,542176,1325218,488367,12331,564622
420986,422456,Burst Shot,20090.0,688196,685912,2986918,18696,449295,1046170,1348616,159306,1102546,846321,2165524,542176,1325218,488367,12331,564622
420986,422456,Refulgent Arrow,9309.0,688196,685912,2986918,18696,449295,1046170,1348616,159306,1102546,846321,2174833,542176,1325218,488367,12331,564622
421606,423256,Heartbreak Shot,8958.0,688196,685912,2986918,18696,449295,1046170,1357574,159306,1102546,846321,2174833,542176,1325218,488367,12331,564622
422560,423318,Shot,8399.0,688196,685912,2986918,18696,449295,1046170,1357574,159306,1102546,846321,2174833,542176,1333617,488367,12331,564622
383635,424500,Caustic Bite (dot),4449.0,688196,685912,2986918,18696,453744,1046170,1357574,159306,1102546,846321,2174833,542176,1333617,488367,12331,564622
383635,424500,Stormbite (dot),5561.0,688196,685912,2986918,18696,453744,1046170,1357574,159306,1102546,846321,2174833,542176,1333617,488367,12331,570183
423476,424946,Refulgent Arrow,8719.0,688196,685912,2986918,18696,453744,1046170,1357574,159306,1102546,846321,2183552,542176,1333617,488367,12331,570183
423476,424946,Burst Shot,20554.0,688196,685912,3007472,18696,453744,1046170,1357574,159306,1102546,846321,2183552,542176,1333617,488367,12331,570183
424096,425746,Heartbreak Shot,8927.0,688196,685912,3007472,18696,453744,1046170,1366501,159306,1102546,846321,2183552,542176,1333617,488367,12331,570183
425600,426358,Shot,8399.0,688196,685912,3007472,18696,453744,1046170,1366501,159306,1102546,846321,2183552,542176,1342016,488367,12331,570183
425966,427436,Refulgent Arrow,9215.0,688196,685912,3007472,18696,453744,1046170,1366501,159306,1102546,846321,2192767,542176,1342016,488367,12331,570183
425966,427436,Burst Shot,20164.0,688196,685912,3027636,18696,453744,1046170,1366501,159306,1102546,846321,2192767,542176,1342016,488367,12331,570183
383635,427500,Caustic Bite (dot),4449.0,688196,685912,3027636,18696,458193,1046170,1366501,159306,1102546,846321,2192767,542176,1342016,488367,12331,570183
383635,427500,Stormbite (dot),5561.0,688196,685912,3027636,18696,458193,1046170,1366501,159306,1102546,846321,2192767,542176,1342016,488367,12331,575744
426616,428266,Heartbreak Shot,20120.0,688196,685912,3027636,18696,458193,1046170,1386621,159306,1102546,846321,2192767,542176,1342016,488367,12331,575744
428456,429126,Iron Jaws,12454.0,688196,685912,3027636,18696,458193,1046170,1386621,171760,1102546,846321,2192767,542176,1342016,488367,12331,575744
428640,429398,Shot,8399.0,688196,685912,3027636,18696,458193,1046170,1386621,171760,1102546,846321,2192767,542176,1350415,488367,12331,575744
428456,430500,Caustic Bite (dot),2491.0,688196,685912,3027636,18696,460684,1046170,1386621,171760,1102546,846321,2192767,542176,1350415,488367,12331,575744
428456,430500,Stormbite (dot),3115.0,688196,685912,3027636,18696,460684,1046170,1386621,171760,1102546,846321,2192767,542176,1350415,488367,12331,578859
429076,430726,Heartbreak Shot,9153.0,688196,685912,3027636,18696,460684,1046170,1395774,171760,1102546,846321,2192767,542176,1350415,488367,12331,578859
430946,432416,Refulgent Arrow,18074.0,688196,685912,3027636,18696,460684,1046170,1395774,171760,1102546,846321,2210841,542176,1350415,488367,12331,578859
430946,432416,Burst Shot,13203.0,688196,685912,3040839,18696,460684,1046170,1395774,171760,1102546,846321,2210841,542176,1350415,488367,12331,578859
431680,432438,Shot,8399.0,688196,685912,3040839,18696,460684,1046170,1395774,171760,1102546,846321,2210841,542176,1358814,488367,12331,578859
432423,432953,Sidewinder,49833.0,688196,685912,3040839,18696,460684,1046170,1395774,171760,1102546,846321,2210841,542176,1358814,538200,12331,578859
428456,433500,Stormbite (dot),3115.0,688196,685912,3040839,18696,460684,1046170,1395774,171760,1102546,846321,2210841,542176,1358814,538200,12331,581974
428456,433500,Caustic Bite (dot),2491.0,688196,685912,3040839,18696,463175,1046170,1395774,171760,1102546,846321,2210841,542176,1358814,538200,12331,581974
433436,434506,Apex Arrow,195.0,688391,685912,3040839,18696,463175,1046170,1395774,171760,1102546,846321,2210841,542176,1358814,538200,12331,581974
433436,434506,Apex Arrow,2787.0,691178,685912,3040839,18696,463175,1046170,1395774,171760,1102546,846321,2210841,542176,1358814,538200,12331,581974
433436,434506,Apex Arrow,39.0,691217,685912,3040839,18696,463175,1046170,1395774,171760,1102546,846321,2210841,542176,1358814,538200,12331,581974
433436,434506,Apex Arrow,457.0,691674,685912,3040839,18696,463175,1046170,1395774,171760,1102546,846321,2210841,542176,1358814,538200,12331,581974
433436,434506,Apex Arrow,69498.0,761172,685912,3040839,18696,463175,1046170,1395774,171760,1102546,846321,2210841,542176,1358814,538200,12331,581974
433436,434506,Apex Arrow,6603.0,767775,685912,3040839,18696,463175,1046170,1395774,171760,1102546,846321,2210841,542176,1358814,538200,12331,581974
433436,434506,Apex Arrow,1199.0,768974,685912,3040839,18696,463175,1046170,1395774,171760,1102546,846321,2210841,542176,1358814,538200,12331,581974
433436,434506,Apex Arrow,4520.0,773494,685912,3040839,18696,463175,1046170,1395774,171760,1102546,846321,2210841,542176,1358814,538200,12331,581974
433436,434506,Apex Arrow,5.0,773499,685912,3040839,18696,463175,1046170,1395774,171760,1102546,846321,2210841,542176,1358814,538200,12331,581974
434056,435086,Empyreal Arrow,32390.0,773499,685912,3040839,18696,463175,1078560,1395774,171760,1102546,846321,2210841,542176,1358814,538200,12331,581974
434720,435478,Shot,8399.0,773499,685912,3040839,18696,463175,1078560,1395774,171760,1102546,846321,2210841,542176,1367213,538200,12331,581974
434676,436326,Heartbreak Shot,22418.0,773499,685912,3040839,18696,463175,1078560,1418192,171760,1102546,846321,2210841,542176,1367213,538200,12331,581974
428456,436500,Stormbite (dot),3115.0,773499,685912,3040839,18696,463175,1078560,1418192,171760,1102546,846321,2210841,542176,1367213,538200,12331,585089
428456,436500,Caustic Bite (dot),2491.0,773499,685912,3040839,18696,465666,1078560,1418192,171760,1102546,846321,2210841,542176,1367213,538200,12331,585089
435926,437396,Burst Shot,241.0,773499,685912,3041080,18696,465666,1078560,1418192,171760,1102546,846321,2210841,542176,1367213,538200,12331,585089
435926,437396,Refulgent Arrow,76.0,773499,685912,3041080,18696,465666,1078560,1418192,171760,1102546,846321,2210917,542176,1367213,538200,12331,585089
435926,437576,Blast Arrow,86251.0,773499,772163,3041080,18696,465666,1078560,1418192,171760,1102546,846321,2210917,542176,1367213,538200,12331,585089
436576,438226,Heartbreak Shot,17822.0,773499,772163,3041080,18696,465666,1078560,1436014,171760,1102546,846321,2210917,542176,1367213,538200,12331,585089
437760,438518,Shot,8399.0,773499,772163,3041080,18696,465666,1078560,1436014,171760,1102546,846321,2210917,542176,1375612,538200,12331,585089
428456,439500,Caustic Bite (dot),2491.0,773499,772163,3041080,18696,468157,1078560,1436014,171760,1102546,846321,2210917,542176,1375612,538200,12331,585089
428456,439500,Stormbite (dot),3115.0,773499,772163,3041080,18696,468157,1078560,1436014,171760,1102546,846321,2210917,542176,1375612,538200,12331,588204
438416,439886,Refulgent Arrow,9065.0,773499,772163,3041080,18696,468157,1078560,1436014,171760,1102546,846321,2219982,542176,1375612,538200,12331,588204
438416,439886,Burst Shot,20282.0,773499,772163,3061362,18696,468157,1078560,1436014,171760,1102546,846321,2219982,542176,1375612,538200,12331,588204
439036,440686,Heartbreak Shot,8909.0,773499,772163,3061362,18696,468157,1078560,1444923,171760,1102546,846321,2219982,542176,1375612,538200,12331,588204
440800,441558,Shot,8399.0,773499,772163,3061362,18696,468157,1078560,1444923,171760,1102546,846321,2219982,542176,1384011,538200,12331,588204
440906,442376,Burst Shot,20332.0,773499,772163,3081694,18696,468157,1078560,1444923,171760,1102546,846321,2219982,542176,1384011,538200,12331,588204
440906,442376,Refulgent Arrow,9002.0,773499,772163,3081694,18696,468157,1078560,1444923,171760,1102546,846321,2228984,542176,1384011,538200,12331,588204
428456,442500,Stormbite (dot),3115.0,773499,772163,3081694,18696,468157,1078560,1444923,171760,1102546,846321,2228984,542176,1384011,538200,12331,591319
428456,442500,Caustic Bite (dot),2491.0,773499,772163,3081694,18696,470648,1078560,1444923,171760,1102546,846321,2228984,542176,1384011,538200,12331,591319
441556,443206,Heartbreak Shot,20169.0,773499,772163,3081694,18696,470648,1078560,1465092,171760,1102546,846321,2228984,542176,1384011,538200,12331,591319
443840,444598,Shot,8374.0,773499,772163,3081694,18696,470648,1078560,1465092,171760,1102546,846321,2228984,542176,1392385,538200,12331,591319
443397,444867,Burst Shot,20194.0,773499,772163,3101888,18696,470648,1078560,1465092,171760,1102546,846321,2228984,542176,1392385,538200,12331,591319
443397,444867,Refulgent Arrow,9072.0,773499,772163,3101888,18696,470648,1078560,1465092,171760,1102546,846321,2238056,542176,1392385,538200,12331,591319
428456,445500,Caustic Bite (dot),2491.0,773499,772163,3101888,18696,473139,1078560,1465092,171760,1102546,846321,2238056,542176,1392385,538200,12331,591319
428456,445500,Stormbite (dot),3115.0,773499,772163,3101888,18696,473139,1078560,1465092,171760,1102546,846321,2238056,542176,1392385,538200,12331,594434
445887,447357,Refulgent Arrow,9274.0,773499,772163,3101888,18696,473139,1078560,1465092,171760,1102546,846321,2247330,542176,1392385,538200,12331,594434
445887,447357,Burst Shot,20036.0,773499,772163,3121924,18696,473139,1078560,1465092,171760,1102546,846321,2247330,542176,1392385,538200,12331,594434
446880,447638,Shot,8374.0,773499,772163,3121924,18696,473139,1078560,1465092,171760,1102546,846321,2247330,542176,1400759,538200,12331,594434
428456,448500,Caustic Bite (dot),2491.0,773499,772163,3121924,18696,475630,1078560,1465092,171760,1102546,846321,2247330,542176,1400759,538200,12331,594434
428456,448500,Stormbite (dot),3115.0,773499,772163,3121924,18696,475630,1078560,1465092,171760,1102546,846321,2247330,542176,1400759,538200,12331,597549
448277,449747,Refulgent Arrow,8829.0,773499,772163,3121924,18696,475630,1078560,1465092,171760,1102546,846321,2256159,542176,1400759,538200,12331,597549
448277,449747,Burst Shot,20386.0,773499,772163,3142310,18696,475630,1078560,1465092,171760,1102546,846321,2256159,542176,1400759,538200,12331,597549
449056,450086,Empyreal Arrow,32293.0,773499,772163,3142310,18696,475630,1110853,1465092,171760,1102546,846321,2256159,542176,1400759,538200,12331,597549
449920,450678,Shot,8374.0,773499,772163,3142310,18696,475630,1110853,1465092,171760,1102546,846321,2256159,542176,1409133,538200,12331,597549
449706,451356,Heartbreak Shot,11030.0,773499,772163,3142310,18696,475630,1110853,1476122,171760,1102546,846321,2256159,542176,1409133,538200,12331,597549
428456,451500,Caustic Bite (dot),2491.0,773499,772163,3142310,18696,478121,1110853,1476122,171760,1102546,846321,2256159,542176,1409133,538200,12331,597549
428456,451500,Stormbite (dot),3115.0,773499,772163,3142310,18696,478121,1110853,1476122,171760,1102546,846321,2256159,542176,1409133,538200,12331,600664
450667,452137,Burst Shot,20260.0,773499,772163,3162570,18696,478121,1110853,1476122,171760,1102546,846321,2256159,542176,1409133,538200,12331,600664
450667,452137,Refulgent Arrow,8989.0,773499,772163,3162570,18696,478121,1110853,1476122,171760,1102546,846321,2265148,542176,1409133,538200,12331,600664
452960,453718,Shot,8374.0,773499,772163,3162570,18696,478121,1110853,1476122,171760,1102546,846321,2265148,542176,1417507,538200,12331,600664
452857,454327,Burst Shot,20353.0,773499,772163,3182923,18696,478121,1110853,1476122,171760,1102546,846321,2265148,542176,1417507,538200,12331,600664
452857,454327,Refulgent Arrow,8871.0,773499,772163,3182923,18696,478121,1110853,1476122,171760,1102546,846321,2274019,542176,1417507,538200,12331,600664
428456,454500,Caustic Bite (dot),2491.0,773499,772163,3182923,18696,480612,1110853,1476122,171760,1102546,846321,2274019,542176,1417507,538200,12331,600664
428456,454500,Stormbite (dot),3115.0,773499,772163,3182923,18696,480612,1110853,1476122,171760,1102546,846321,2274019,542176,1417507,538200,12331,603779
455047,456517,Refulgent Arrow,8947.0,773499,772163,3182923,18696,480612,1110853,1476122,171760,1102546,846321,2282966,542176,1417507,538200,12331,603779
455047,456517,Burst Shot,20293.0,773499,772163,3203216,18696,480612,1110853,1476122,171760,1102546,846321,2282966,542176,1417507,538200,12331,603779
456000,456758,Shot,8374.0,773499,772163,3203216,18696,480612,1110853,1476122,171760,1102546,846321,2282966,542176,1425881,538200,12331,603779
428456,457500,Stormbite (dot),3115.0,773499,772163,3203216,18696,480612,1110853,1476122,171760,1102546,846321,2282966,542176,1425881,538200,12331,606894
428456,457500,Caustic Bite (dot),2491.0,773499,772163,3203216,18696,483103,1110853,1476122,171760,1102546,846321,2282966,542176,1425881,538200,12331,606894
456347,457997,Heartbreak Shot,11321.0,773499,772163,3203216,18696,483103,1110853,1487443,171760,1102546,846321,2282966,542176,1425881,538200,12331,606894
457137,458607,Refulgent Arrow,8989.0,773499,772163,3203216,18696,483103,1110853,1487443,171760,1102546,846321,2291955,542176,1425881,538200,12331,606894
457137,458607,Burst Shot,20260.0,773499,772163,3223476,18696,483103,1110853,1487443,171760,1102546,846321,2291955,542176,1425881,538200,12331,606894
459040,459798,Shot,8374.0,773499,772163,3223476,18696,483103,1110853,1487443,171760,1102546,846321,2291955,542176,1434255,538200,12331,606894
428456,460500,Stormbite (dot),3115.0,773499,772163,3223476,18696,483103,1110853,1487443,171760,1102546,846321,2291955,542176,1434255,538200,12331,610009
428456,460500,Caustic Bite (dot),2491.0,773499,772163,3223476,18696,485594,1110853,1487443,171760,1102546,846321,2291955,542176,1434255,538200,12331,610009
459227,460697,Burst Shot,20110.0,773499,772163,3243586,18696,485594,1110853,1487443,171760,1102546,846321,2291955,542176,1434255,538200,12331,610009
459227,460697,Refulgent Arrow,9180.0,773499,772163,3243586,18696,485594,1110853,1487443,171760,1102546,846321,2301135,542176,1434255,538200,12331,610009
461317,462787,Refulgent Arrow,8923.0,773499,772163,3243586,18696,485594,1110853,1487443,171760,1102546,846321,2310058,542176,1434255,538200,12331,610009
461317,462787,Burst Shot,20312.0,773499,772163,3263898,18696,485594,1110853,1487443,171760,1102546,846321,2310058,542176,1434255,538200,12331,610009
462080,462838,Shot,8374.0,773499,772163,3263898,18696,485594,1110853,1487443,171760,1102546,846321,2310058,542176,1442629,538200,12331,610009
428456,463500,Caustic Bite (dot),2491.0,773499,772163,3263898,18696,488085,1110853,1487443,171760,1102546,846321,2310058,542176,1442629,538200,12331,610009
428456,463500,Stormbite (dot),3115.0,773499,772163,3263898,18696,488085,1110853,1487443,171760,1102546,846321,2310058,542176,1442629,538200,12331,613124
463407,464877,Burst Shot,20391.0,773499,772163,3284289,18696,488085,1110853,1487443,171760,1102546,846321,2310058,542176,1442629,538200,12331,613124
463407,464877,Refulgent Arrow,8822.0,773499,772163,3284289,18696,488085,1110853,1487443,171760,1102546,846321,2318880,542176,1442629,538200,12331,613124
464056,465086,Empyreal Arrow,32293.0,773499,772163,3284289,18696,488085,1143146,1487443,171760,1102546,846321,2318880,542176,1442629,538200,12331,613124
465120,465878,Shot,8374.0,773499,772163,3284289,18696,488085,1143146,1487443,171760,1102546,846321,2318880,542176,1451003,538200,12331,613124
465497,466167,Iron Jaws,12417.0,773499,772163,3284289,18696,488085,1143146,1487443,184177,1102546,846321,2318880,542176,1451003,538200,12331,613124
465497,466500,Stormbite (dot),3106.0,773499,772163,3284289,18696,488085,1143146,1487443,184177,1102546,846321,2318880,542176,1451003,538200,12331,616230
465497,466500,Caustic Bite (dot),2484.0,773499,772163,3284289,18696,490569,1143146,1487443,184177,1102546,846321,2318880,542176,1451003,538200,12331,616230
468160,468918,Shot,8374.0,773499,772163,3284289,18696,490569,1143146,1487443,184177,1102546,846321,2318880,542176,1459377,538200,12331,616230
467587,469057,Refulgent Arrow,18107.0,773499,772163,3284289,18696,490569,1143146,1487443,184177,1102546,846321,2336987,542176,1459377,538200,12331,616230
467587,469057,Burst Shot,13096.0,773499,772163,3297385,18696,490569,1143146,1487443,184177,1102546,846321,2336987,542176,1459377,538200,12331,616230
465497,469500,Caustic Bite (dot),2484.0,773499,772163,3297385,18696,493053,1143146,1487443,184177,1102546,846321,2336987,542176,1459377,538200,12331,616230
465497,469500,Stormbite (dot),3106.0,773499,772163,3297385,18696,493053,1143146,1487443,184177,1102546,846321,2336987,542176,1459377,538200,12331,619336
469677,471147,Refulgent Arrow,9083.0,773499,772163,3297385,18696,493053,1143146,1487443,184177,1102546,846321,2346070,542176,1459377,538200,12331,619336
469677,471147,Burst Shot,20186.0,773499,772163,3317571,18696,493053,1143146,1487443,184177,1102546,846321,2346070,542176,1459377,538200,12331,619336
471200,471958,Shot,8374.0,773499,772163,3317571,18696,493053,1143146,1487443,184177,1102546,846321,2346070,542176,1467751,538200,12331,619336
465497,472500,Caustic Bite (dot),2484.0,773499,772163,3317571,18696,495537,1143146,1487443,184177,1102546,846321,2346070,542176,1467751,538200,12331,619336
465497,472500,Stormbite (dot),3106.0,773499,772163,3317571,18696,495537,1143146,1487443,184177,1102546,846321,2346070,542176,1467751,538200,12331,622442
471767,473237,Refulgent Arrow,8999.0,773499,772163,3317571,18696,495537,1143146,1487443,184177,1102546,846321,2355069,542176,1467751,538200,12331,622442
471767,473237,Burst Shot,20252.0,773499,772163,3337823,18696,495537,1143146,1487443,184177,1102546,846321,2355069,542176,1467751,538200,12331,622442
474240,474998,Shot,8374.0,773499,772163,3337823,18696,495537,1143146,1487443,184177,1102546,846321,2355069,542176,1476125,538200,12331,622442
473857,475327,Burst Shot,20284.0,773499,772163,3358107,18696,495537,1143146,1487443,184177,1102546,846321,2355069,542176,1476125,538200,12331,622442
473857,475327,Refulgent Arrow,8957.0,773499,772163,3358107,18696,495537,1143146,1487443,184177,1102546,846321,2364026,542176,1476125,538200,12331,622442
465497,475500,Stormbite (dot),3106.0,773499,772163,3358107,18696,495537,1143146,1487443,184177,1102546,846321,2364026,542176,1476125,538200,12331,625548
465497,475500,Caustic Bite (dot),2484.0,773499,772163,3358107,18696,498021,1143146,1487443,184177,1102546,846321,2364026,542176,1476125,538200,12331,625548
475947,477417,Refulgent Arrow,9051.0,773499,772163,3358107,18696,498021,1143146,1487443,184177,1102546,846321,2373077,542176,1476125,538200,12331,625548
475947,477417,Burst Shot,20211.0,773499,772163,3378318,18696,498021,1143146,1487443,184177,1102546,846321,2373077,542176,1476125,538200,12331,625548
477280,478038,Shot,8374.0,773499,772163,3378318,18696,498021,1143146,1487443,184177,1102546,846321,2373077,542176,1484499,538200,12331,625548
465497,478500,Caustic Bite (dot),2484.0,773499,772163,3378318,18696,500505,1143146,1487443,184177,1102546,846321,2373077,542176,1484499,538200,12331,625548
465497,478500,Stormbite (dot),3106.0,773499,772163,3378318,18696,500505,1143146,1487443,184177,1102546,846321,2373077,542176,1484499,538200,12331,628654
478037,479507,Refulgent Arrow,9496.0,773499,772163,3378318,18696,500505,1143146,1487443,184177,1102546,846321,2382573,542176,1484499,538200,12331,628654
478037,479507,Burst Shot,19861.0,773499,772163,3398179,18696,500505,1143146,1487443,184177,1102546,846321,2382573,542176,1484499,538200,12331,628654
479056,480086,Empyreal Arrow,32293.0,773499,772163,3398179,18696,500505,1175439,1487443,184177,1102546,846321,2382573,542176,1484499,538200,12331,628654
480320,481078,Shot,8374.0,773499,772163,3398179,18696,500505,1175439,1487443,184177,1102546,846321,2382573,542176,1492873,538200,12331,628654
465497,481500,Caustic Bite (dot),2484.0,773499,772163,3398179,18696,502989,1175439,1487443,184177,1102546,846321,2382573,542176,1492873,538200,12331,628654
465497,481500,Stormbite (dot),3106.0,773499,772163,3398179,18696,502989,1175439,1487443,184177,1102546,846321,2382573,542176,1492873,538200,12331,631760
480127,481597,Burst Shot,20394.0,773499,772163,3418573,18696,502989,1175439,1487443,184177,1102546,846321,2382573,542176,1492873,538200,12331,631760
480127,481597,Refulgent Arrow,8818.0,773499,772163,3418573,18696,502989,1175439,1487443,184177,1102546,846321,2391391,542176,1492873,538200,12331,631760
482217,483687,Burst Shot,20225.0,773499,772163,3438798,18696,502989,1175439,1487443,184177,1102546,846321,2391391,542176,1492873,538200,12331,631760
482217,483687,Refulgent Arrow,9161.0,773499,772163,3438798,18696,502989,1175439,1487443,184177,1102546,846321,2400552,542176,1492873,538200,12331,631760
483360,484118,Shot,8405.0,773499,772163,3438798,18696,502989,1175439,1487443,184177,1102546,846321,2400552,542176,1501278,538200,12331,631760
465497,484500,Stormbite (dot),3106.0,773499,772163,3438798,18696,502989,1175439,1487443,184177,1102546,846321,2400552,542176,1501278,538200,12331,634866
465497,484500,Caustic Bite (dot),2484.0,773499,772163,3438798,18696,505473,1175439,1487443,184177,1102546,846321,2400552,542176,1501278,538200,12331,634866
484407,485877,Burst Shot,20378.0,773499,772163,3459176,18696,505473,1175439,1487443,184177,1102546,846321,2400552,542176,1501278,538200,12331,634866
484407,485877,Refulgent Arrow,8966.0,773499,772163,3459176,18696,505473,1175439,1487443,184177,1102546,846321,2409518,542176,1501278,538200,12331,634866
486400,487158,Shot,10305.0,773499,772163,3459176,18696,505473,1175439,1487443,184177,1102546,846321,2409518,542176,1511583,538200,12331,634866
465497,487500,Caustic Bite (dot),2484.0,773499,772163,3459176,18696,507957,1175439,1487443,184177,1102546,846321,2409518,542176,1511583,538200,12331,634866
465497,487500,Stormbite (dot),3106.0,773499,772163,3459176,18696,507957,1175439,1487443,184177,1102546,846321,2409518,542176,1511583,538200,12331,637972
486597,488067,Burst Shot,26592.0,773499,772163,3485768,18696,507957,1175439,1487443,184177,1102546,846321,2409518,542176,1511583,538200,12331,637972
486597,488067,Refulgent Arrow,11517.0,773499,772163,3485768,18696,507957,1175439,1487443,184177,1102546,846321,2421035,542176,1511583,538200,12331,637972
488043,489693,Heartbreak Shot,36967.0,773499,772163,3485768,18696,507957,1175439,1524410,184177,1102546,846321,2421035,542176,1511583,538200,12331,637972
489440,490198,Shot,13849.0,773499,772163,3485768,18696,507957,1175439,1524410,184177,1102546,846321,2421035,542176,1525432,538200,12331,637972
465497,490500,Caustic Bite (dot),2484.0,773499,772163,3485768,18696,510441,1175439,1524410,184177,1102546,846321,2421035,542176,1525432,538200,12331,637972
465497,490500,Stormbite (dot),3106.0,773499,772163,3485768,18696,510441,1175439,1524410,184177,1102546,846321,2421035,542176,1525432,538200,12331,641078
488787,490747,Radiant Encore,225982.0,773499,772163,3485768,18696,510441,1175439,1524410,184177,1102546,1072303,2421035,542176,1525432,538200,12331,641078
490027,490827,Pitch Perfect,37759.0,773499,772163,3485768,18696,510441,1175439,1524410,184177,1140305,1072303,2421035,542176,1525432,538200,12331,641078
489407,491057,Heartbreak Shot,36967.0,773499,772163,3485768,18696,510441,1175439,1561377,184177,1140305,1072303,2421035,542176,1525432,538200,12331,641078
490977,492447,Refulgent Arrow,15011.0,773499,772163,3485768,18696,510441,1175439,1561377,184177,1140305,1072303,2436046,542176,1525432,538200,12331,641078
490977,492447,Burst Shot,33395.0,773499,772163,3519163,18696,510441,1175439,1561377,184177,1140305,1072303,2436046,542176,1525432,538200,12331,641078
492423,492953,Sidewinder,82172.0,773499,772163,3519163,18696,510441,1175439,1561377,184177,1140305,1072303,2436046,542176,1525432,620372,12331,641078
492480,493238,Shot,13849.0,773499,772163,3519163,18696,510441,1175439,1561377,184177,1140305,1072303,2436046,542176,1539281,620372,12331,641078
465497,493500,Stormbite (dot),3106.0,773499,772163,3519163,18696,510441,1175439,1561377,184177,1140305,1072303,2436046,542176,1539281,620372,12331,644184
465497,493500,Caustic Bite (dot),2484.0,773499,772163,3519163,18696,512925,1175439,1561377,184177,1140305,1072303,2436046,542176,1539281,620372,12331,644184
494087,494887,Pitch Perfect,22843.0,773499,772163,3519163,18696,512925,1175439,1561377,184177,1163148,1072303,2436046,542176,1539281,620372,12331,644184
493467,494937,Refulgent Arrow,14706.0,773499,772163,3519163,18696,512925,1175439,1561377,184177,1163148,1072303,2450752,542176,1539281,620372,12331,644184
493467,494937,Burst Shot,33634.0,773499,772163,3552797,18696,512925,1175439,1561377,184177,1163148,1072303,2450752,542176,1539281,620372,12331,644184
494087,495737,Heartbreak Shot,12554.0,773499,772163,3552797,18696,512925,1175439,1573931,184177,1163148,1072303,2450752,542176,1539281,620372,12331,644184
494707,495737,Empyreal Arrow,53410.0,773499,772163,3552797,18696,512925,1228849,1573931,184177,1163148,1072303,2450752,542176,1539281,620372,12331,644184
495520,496278,Shot,13849.0,773499,772163,3552797,18696,512925,1228849,1573931,184177,1163148,1072303,2450752,542176,1553130,620372,12331,644184
465497,496500,Caustic Bite (dot),2484.0,773499,772163,3552797,18696,515409,1228849,1573931,184177,1163148,1072303,2450752,542176,1553130,620372,12331,644184
465497,496500,Stormbite (dot),3106.0,773499,772163,3552797,18696,515409,1228849,1573931,184177,1163148,1072303,2450752,542176,1553130,620372,12331,647290
495957,497027,Apex Arrow,770.0,774269,772163,3552797,18696,515409,1228849,1573931,184177,1163148,1072303,2450752,542176,1553130,620372,12331,647290
495957,497027,Apex Arrow,2523.0,776792,772163,3552797,18696,515409,1228849,1573931,184177,1163148,1072303,2450752,542176,1553130,620372,12331,647290
495957,497027,Apex Arrow,133682.0,910474,772163,3552797,18696,515409,1228849,1573931,184177,1163148,1072303,2450752,542176,1553130,620372,12331,647290
495957,497027,Apex Arrow,5792.0,916266,772163,3552797,18696,515409,1228849,1573931,184177,1163148,1072303,2450752,542176,1553130,620372,12331,647290
495957,497027,Apex Arrow,21.0,916287,772163,3552797,18696,515409,1228849,1573931,184177,1163148,1072303,2450752,542176,1553130,620372,12331,647290
495957,497027,Apex Arrow,218.0,916505,772163,3552797,18696,515409,1228849,1573931,184177,1163148,1072303,2450752,542176,1553130,620372,12331,647290
495957,497027,Apex Arrow,10.0,916515,772163,3552797,18696,515409,1228849,1573931,184177,1163148,1072303,2450752,542176,1553130,620372,12331,647290
497227,498027,Pitch Perfect,37189.0,916515,772163,3552797,18696,515409,1228849,1573931,184177,1200337,1072303,2450752,542176,1553130,620372,12331,647290
497227,498877,Heartbreak Shot,5689.0,916515,772163,3552797,18696,515409,1228849,1579620,184177,1200337,1072303,2450752,542176,1553130,620372,12331,647290
498560,499318,Shot,13849.0,916515,772163,3552797,18696,515409,1228849,1579620,184177,1200337,1072303,2450752,542176,1566979,620372,12331,647290
465497,499500,Stormbite (dot),3106.0,916515,772163,3552797,18696,515409,1228849,1579620,184177,1200337,1072303,2450752,542176,1566979,620372,12331,650396
465497,499500,Caustic Bite (dot),2484.0,916515,772163,3552797,18696,517893,1228849,1579620,184177,1200337,1072303,2450752,542176,1566979,620372,12331,650396
499097,499897,Pitch Perfect,25061.0,916515,772163,3552797,18696,517893,1228849,1579620,184177,1225398,1072303,2450752,542176,1566979,620372,12331,650396
498447,499917,Burst Shot,13.0,916515,772163,3552810,18696,517893,1228849,1579620,184177,1225398,1072303,2450752,542176,1566979,620372,12331,650396
498447,500097,Blast Arrow,143762.0,916515,915925,3552810,18696,517893,1228849,1579620,184177,1225398,1072303,2450752,542176,1566979,620372,12331,650396
500937,502097,Resonant Arrow,131472.0,916515,915925,3552810,18696,517893,1228849,1579620,184177,1225398,1072303,2450752,673648,1566979,620372,12331,650396
501600,502358,Shot,13849.0,916515,915925,3552810,18696,517893,1228849,1579620,184177,1225398,1072303,2450752,673648,1580828,620372,12331,650396
465497,502500,Caustic Bite (dot),2484.0,916515,915925,3552810,18696,520377,1228849,1579620,184177,1225398,1072303,2450752,673648,1580828,620372,12331,650396
465497,502500,Stormbite (dot),3106.0,916515,915925,3552810,18696,520377,1228849,1579620,184177,1225398,1072303,2450752,673648,1580828,620372,12331,653502
502207,503007,Pitch Perfect,8053.0,916515,915925,3552810,18696,520377,1228849,1579620,184177,1233451,1072303,2450752,673648,1580828,620372,12331,653502
501557,503207,Heartbreak Shot,18723.0,916515,915925,3552810,18696,520377,1228849,1598343,184177,1233451,1072303,2450752,673648,1580828,620372,12331,653502
503427,504897,Refulgent Arrow,57513.0,916515,915925,3552810,18696,520377,1228849,1598343,184177,1233451,1072303,2508265,673648,1580828,620372,12331,653502
503427,505017,Refulgent Arrow,57513.0,916515,915925,3552810,18696,520377,1228849,1598343,184177,1233451,1072303,2565778,673648,1580828,620372,12331,653502
503427,505137,Refulgent Arrow,57513.0,916515,915925,3552810,18696,520377,1228849,1598343,184177,1233451,1072303,2623291,673648,1580828,620372,12331,653502
504640,505398,Shot,13849.0,916515,915925,3552810,18696,520377,1228849,1598343,184177,1233451,1072303,2623291,673648,1594677,620372,12331,653502
465497,505500,Caustic Bite (dot),2484.0,916515,915925,3552810,18696,522861,1228849,1598343,184177,1233451,1072303,2623291,673648,1594677,620372,12331,653502
465497,505500,Stormbite (dot),3106.0,916515,915925,3552810,18696,522861,1228849,1598343,184177,1233451,1072303,2623291,673648,1594677,620372,12331,656608
505917,506587,Iron Jaws,19625.0,916515,915925,3552810,18696,522861,1228849,1598343,203802,1233451,1072303,2623291,673648,1594677,620372,12331,656608
506537,507337,Pitch Perfect,18054.0,916515,915925,3552810,18696,522861,1228849,1598343,203802,1251505,1072303,2623291,673648,1594677,620372,12331,656608
507680,508438,Shot,10148.0,916515,915925,3552810,18696,522861,1228849,1598343,203802,1251505,1072303,2623291,673648,1604825,620372,12331,656608
505917,508500,Caustic Bite (dot),3926.0,916515,915925,3552810,18696,526787,1228849,1598343,203802,1251505,1072303,2623291,673648,1604825,620372,12331,656608
505917,508500,Stormbite (dot),4909.0,916515,915925,3552810,18696,526787,1228849,1598343,203802,1251505,1072303,2623291,673648,1604825,620372,12331,661517
509057,509857,Pitch Perfect,14849.0,916515,915925,3552810,18696,526787,1228849,1598343,203802,1266354,1072303,2623291,673648,1604825,620372,12331,661517
508407,509877,Burst Shot,13221.0,916515,915925,3566031,18696,526787,1228849,1598343,203802,1266354,1072303,2623291,673648,1604825,620372,12331,661517
508407,509877,Refulgent Arrow,18076.0,916515,915925,3566031,18696,526787,1228849,1598343,203802,1266354,1072303,2641367,673648,1604825,620372,12331,661517
509057,510707,Heartbreak Shot,7400.0,916515,915925,3566031,18696,526787,1228849,1605743,203802,1266354,1072303,2641367,673648,1604825,620372,12331,661517
509707,510737,Empyreal Arrow,32412.0,916515,915925,3566031,18696,526787,1261261,1605743,203802,1266354,1072303,2641367,673648,1604825,620372,12331,661517
510720,511478,Shot,8405.0,916515,915925,3566031,18696,526787,1261261,1605743,203802,1266354,1072303,2641367,673648,1613230,620372,12331,661517
505917,511500,Caustic Bite (dot),3926.0,916515,915925,3566031,18696,530713,1261261,1605743,203802,1266354,1072303,2641367,673648,1613230,620372,12331,661517
505917,511500,Stormbite (dot),4909.0,916515,915925,3566031,18696,530713,1261261,1605743,203802,1266354,1072303,2641367,673648,1613230,620372,12331,666426
511547,512347,Pitch Perfect,24264.0,916515,915925,3566031,18696,530713,1261261,1605743,203802,1290618,1072303,2641367,673648,1613230,620372,12331,666426
510897,512367,Refulgent Arrow,9043.0,916515,915925,3566031,18696,530713,1261261,1605743,203802,1290618,1072303,2650410,673648,1613230,620372,12331,666426
510897,512367,Burst Shot,20318.0,916515,915925,3586349,18696,530713,1261261,1605743,203802,1290618,1072303,2650410,673648,1613230,620372,12331,666426
511547,513197,Heartbreak Shot,3670.0,916515,915925,3586349,18696,530713,1261261,1609413,203802,1290618,1072303,2650410,673648,1613230,620372,12331,666426
505917,514500,Stormbite (dot),4909.0,916515,915925,3586349,18696,530713,1261261,1609413,203802,1290618,1072303,2650410,673648,1613230,620372,12331,671335
505917,514500,Caustic Bite (dot),3926.0,916515,915925,3586349,18696,534639,1261261,1609413,203802,1290618,1072303,2650410,673648,1613230,620372,12331,671335
513760,514518,Shot,8405.0,916515,915925,3586349,18696,534639,1261261,1609413,203802,1290618,1072303,2650410,673648,1621635,620372,12331,671335
514036,514836,Pitch Perfect,13404.0,916515,915925,3586349,18696,534639,1261261,1609413,203802,1304022,1072303,2650410,673648,1621635,620372,12331,671335
513386,514856,Refulgent Arrow,8882.0,916515,915925,3586349,18696,534639,1261261,1609413,203802,1304022,1072303,2659292,673648,1621635,620372,12331,671335
513386,514856,Burst Shot,20444.0,916515,915925,3606793,18696,534639,1261261,1609413,203802,1304022,1072303,2659292,673648,1621635,620372,12331,671335
515876,517346,Burst Shot,20334.0,916515,915925,3627127,18696,534639,1261261,1609413,203802,1304022,1072303,2659292,673648,1621635,620372,12331,671335
515876,517346,Refulgent Arrow,9022.0,916515,915925,3627127,18696,534639,1261261,1609413,203802,1304022,1072303,2668314,673648,1621635,620372,12331,671335
505917,517500,Stormbite (dot),4909.0,916515,915925,3627127,18696,534639,1261261,1609413,203802,1304022,1072303,2668314,673648,1621635,620372,12331,676244
505917,517500,Caustic Bite (dot),3926.0,916515,915925,3627127,18696,538565,1261261,1609413,203802,1304022,1072303,2668314,673648,1621635,620372,12331,676244
516800,517558,Shot,8405.0,916515,915925,3627127,18696,538565,1261261,1609413,203802,1304022,1072303,2668314,673648,1630040,620372,12331,676244
517176,517976,Pitch Perfect,5129.0,916515,915925,3627127,18696,538565,1261261,1609413,203802,1309151,1072303,2668314,673648,1630040,620372,12331,676244
516526,518176,Heartbreak Shot,11362.0,916515,915925,3627127,18696,538565,1261261,1620775,203802,1309151,1072303,2668314,673648,1630040,620372,12331,676244
518366,519836,Burst Shot,20285.0,916515,915925,3647412,18696,538565,1261261,1620775,203802,1309151,1072303,2668314,673648,1630040,620372,12331,676244
518366,519836,Refulgent Arrow,9085.0,916515,915925,3647412,18696,538565,1261261,1620775,203802,1309151,1072303,2677399,673648,1630040,620372,12331,676244
505917,520500,Stormbite (dot),4909.0,916515,915925,3647412,18696,538565,1261261,1620775,203802,1309151,1072303,2677399,673648,1630040,620372,12331,681153
505917,520500,Caustic Bite (dot),3926.0,916515,915925,3647412,18696,542491,1261261,1620775,203802,1309151,1072303,2677399,673648,1630040,620372,12331,681153
519840,520598,Shot,8405.0,916515,915925,3647412,18696,542491,1261261,1620775,203802,1309151,1072303,2677399,673648,1638445,620372,12331,681153
521507,522307,Pitch Perfect,13673.0,916515,915925,3647412,18696,542491,1261261,1620775,203802,1322824,1072303,2677399,673648,1638445,620372,12331,681153
520857,522327,Burst Shot,20400.0,916515,915925,3667812,18696,542491,1261261,1620775,203802,1322824,1072303,2677399,673648,1638445,620372,12331,681153
520857,522327,Refulgent Arrow,8938.0,916515,915925,3667812,18696,542491,1261261,1620775,203802,1322824,1072303,2686337,673648,1638445,620372,12331,681153
505917,523500,Caustic Bite (dot),3926.0,916515,915925,3667812,18696,546417,1261261,1620775,203802,1322824,1072303,2686337,673648,1638445,620372,12331,681153
505917,523500,Stormbite (dot),4909.0,916515,915925,3667812,18696,546417,1261261,1620775,203802,1322824,1072303,2686337,673648,1638445,620372,12331,686062
522880,523638,Shot,8405.0,916515,915925,3667812,18696,546417,1261261,1620775,203802,1322824,1072303,2686337,673648,1646850,620372,12331,686062
523967,524767,Pitch Perfect,14840.0,916515,915925,3667812,18696,546417,1261261,1620775,203802,1337664,1072303,2686337,673648,1646850,620372,12331,686062
523347,524817,Refulgent Arrow,9123.0,916515,915925,3667812,18696,546417,1261261,1620775,203802,1337664,1072303,2695460,673648,1646850,620372,12331,686062
523347,524817,Burst Shot,20255.0,916515,915925,3688067,18696,546417,1261261,1620775,203802,1337664,1072303,2695460,673648,1646850,620372,12331,686062
524617,525417,Pitch Perfect,3958.0,916515,915925,3688067,18696,546417,1261261,1620775,203802,1341622,1072303,2695460,673648,1646850,620372,12331,686062
524617,525417,Pitch Perfect,7678.0,916515,915925,3688067,18696,546417,1261261,1620775,203802,1349300,1072303,2695460,673648,1646850,620372,12331,686062
523967,525617,Heartbreak Shot,7391.0,916515,915925,3688067,18696,546417,1261261,1628166,203802,1349300,1072303,2695460,673648,1646850,620372,12331,686062
524617,526267,Heartbreak Shot,3679.0,916515,915925,3688067,18696,546417,1261261,1631845,203802,1349300,1072303,2695460,673648,1646850,620372,12331,686062
505917,526500,Caustic Bite (dot),3926.0,916515,915925,3688067,18696,550343,1261261,1631845,203802,1349300,1072303,2695460,673648,1646850,620372,12331,686062
505917,526500,Stormbite (dot),4909.0,916515,915925,3688067,18696,550343,1261261,1631845,203802,1349300,1072303,2695460,673648,1646850,620372,12331,690971
525920,526678,Shot,8399.0,916515,915925,3688067,18696,550343,1261261,1631845,203802,1349300,1072303,2695460,673648,1655249,620372,12331,690971
525838,527308,Burst Shot,20299.0,916515,915925,3708366,18696,550343,1261261,1631845,203802,1349300,1072303,2695460,673648,1655249,620372,12331,690971
525838,527308,Refulgent Arrow,9044.0,916515,915925,3708366,18696,550343,1261261,1631845,203802,1349300,1072303,2704504,673648,1655249,620372,12331,690971
526458,527488,Empyreal Arrow,32390.0,916515,915925,3708366,18696,550343,1293651,1631845,203802,1349300,1072303,2704504,673648,1655249,620372,12331,690971
527078,528728,Heartbreak Shot,11354.0,916515,915925,3708366,18696,550343,1293651,1643199,203802,1349300,1072303,2704504,673648,1655249,620372,12331,690971
505917,529500,Stormbite (dot),4909.0,916515,915925,3708366,18696,550343,1293651,1643199,203802,1349300,1072303,2704504,673648,1655249,620372,12331,695880
505917,529500,Caustic Bite (dot),3926.0,916515,915925,3708366,18696,554269,1293651,1643199,203802,1349300,1072303,2704504,673648,1655249,620372,12331,695880
528960,529718,Shot,8399.0,916515,915925,3708366,18696,554269,1293651,1643199,203802,1349300,1072303,2704504,673648,1663648,620372,12331,695880
528328,529798,Refulgent Arrow,8970.0,916515,915925,3708366,18696,554269,1293651,1643199,203802,1349300,1072303,2713474,673648,1663648,620372,12331,695880
528328,529798,Burst Shot,20356.0,916515,915925,3728722,18696,554269,1293651,1643199,203802,1349300,1072303,2713474,673648,1663648,620372,12331,695880
528978,530628,Heartbreak Shot,8772.0,916515,915925,3728722,18696,554269,1293651,1651971,203802,1349300,1072303,2713474,673648,1663648,620372,12331,695880
530818,532288,Refulgent Arrow,9082.0,916515,915925,3728722,18696,554269,1293651,1651971,203802,1349300,1072303,2722556,673648,1663648,620372,12331,695880
530818,532288,Burst Shot,20269.0,916515,915925,3748991,18696,554269,1293651,1651971,203802,1349300,1072303,2722556,673648,1663648,620372,12331,695880
505917,532500,Caustic Bite (dot),3926.0,916515,915925,3748991,18696,558195,1293651,1651971,203802,1349300,1072303,2722556,673648,1663648,620372,12331,695880
505917,532500,Stormbite (dot),4909.0,916515,915925,3748991,18696,558195,1293651,1651971,203802,1349300,1072303,2722556,673648,1663648,620372,12331,700789
532000,532758,Shot,8399.0,916515,915925,3748991,18696,558195,1293651,1651971,203802,1349300,1072303,2722556,673648,1672047,620372,12331,700789
531468,533118,Heartbreak Shot,20232.0,916515,915925,3748991,18696,558195,1293651,1672203,203802,1349300,1072303,2722556,673648,1672047,620372,12331,700789
533308,534778,Burst Shot,20241.0,916515,915925,3769232,18696,558195,1293651,1672203,203802,1349300,1072303,2722556,673648,1672047,620372,12331,700789
533308,534778,Refulgent Arrow,9117.0,916515,915925,3769232,18696,558195,1293651,1672203,203802,1349300,1072303,2731673,673648,1672047,620372,12331,700789
505917,535500,Caustic Bite (dot),3926.0,916515,915925,3769232,18696,562121,1293651,1672203,203802,1349300,1072303,2731673,673648,1672047,620372,12331,700789
505917,535500,Stormbite (dot),4909.0,916515,915925,3769232,18696,562121,1293651,1672203,203802,1349300,1072303,2731673,673648,1672047,620372,12331,705698
535040,535798,Shot,8399.0,916515,915925,3769232,18696,562121,1293651,1672203,203802,1349300,1072303,2731673,673648,1680446,620372,12331,705698
534608,536258,Heartbreak Shot,9097.0,916515,915925,3769232,18696,562121,1293651,1681300,203802,1349300,1072303,2731673,673648,1680446,620372,12331,705698
535798,537268,Burst Shot,20263.0,916515,915925,3789495,18696,562121,1293651,1681300,203802,1349300,1072303,2731673,673648,1680446,620372,12331,705698
535798,537268,Refulgent Arrow,9089.0,916515,915925,3789495,18696,562121,1293651,1681300,203802,1349300,1072303,2740762,673648,1680446,620372,12331,705698
505917,538500,Stormbite (dot),4909.0,916515,915925,3789495,18696,562121,1293651,1681300,203802,1349300,1072303,2740762,673648,1680446,620372,12331,710607
505917,538500,Caustic Bite (dot),3926.0,916515,915925,3789495,18696,566047,1293651,1681300,203802,1349300,1072303,2740762,673648,1680446,620372,12331,710607
537068,538718,Heartbreak Shot,8848.0,916515,915925,3789495,18696,566047,1293651,1690148,203802,1349300,1072303,2740762,673648,1680446,620372,12331,710607
538080,538838,Shot,8399.0,916515,915925,3789495,18696,566047,1293651,1690148,203802,1349300,1072303,2740762,673648,1688845,620372,12331,710607
538288,539758,Burst Shot,20397.0,916515,915925,3809892,18696,566047,1293651,1690148,203802,1349300,1072303,2740762,673648,1688845,620372,12331,710607
538288,539758,Refulgent Arrow,8918.0,916515,915925,3809892,18696,566047,1293651,1690148,203802,1349300,1072303,2749680,673648,1688845,620372,12331,710607
538908,540558,Heartbreak Shot,11289.0,916515,915925,3809892,18696,566047,1293651,1701437,203802,1349300,1072303,2749680,673648,1688845,620372,12331,710607
505917,541500,Caustic Bite (dot),3926.0,916515,915925,3809892,18696,569973,1293651,1701437,203802,1349300,1072303,2749680,673648,1688845,620372,12331,710607
505917,541500,Stormbite (dot),4909.0,916515,915925,3809892,18696,569973,1293651,1701437,203802,1349300,1072303,2749680,673648,1688845,620372,12331,715516
541120,541878,Shot,8399.0,916515,915925,3809892,18696,569973,1293651,1701437,203802,1349300,1072303,2749680,673648,1697244,620372,12331,715516
540778,542248,Refulgent Arrow,8922.0,916515,915925,3809892,18696,569973,1293651,1701437,203802,1349300,1072303,2758602,673648,1697244,620372,12331,715516
540778,542248,Burst Shot,20395.0,916515,915925,3830287,18696,569973,1293651,1701437,203802,1349300,1072303,2758602,673648,1697244,620372,12331,715516
541458,542488,Empyreal Arrow,32390.0,916515,915925,3830287,18696,569973,1326041,1701437,203802,1349300,1072303,2758602,673648,1697244,620372,12331,715516
542078,543728,Heartbreak Shot,20046.0,916515,915925,3830287,18696,569973,1326041,1721483,203802,1349300,1072303,2758602,673648,1697244,620372,12331,715516
505917,544500,Caustic Bite (dot),3926.0,916515,915925,3830287,18696,573899,1326041,1721483,203802,1349300,1072303,2758602,673648,1697244,620372,12331,715516
505917,544500,Stormbite (dot),4909.0,916515,915925,3830287,18696,573899,1326041,1721483,203802,1349300,1072303,2758602,673648,1697244,620372,12331,720425
543268,544738,Refulgent Arrow,9197.0,916515,915925,3830287,18696,573899,1326041,1721483,203802,1349300,1072303,2767799,673648,1697244,620372,12331,720425
543268,544738,Burst Shot,20178.0,916515,915925,3850465,18696,573899,1326041,1721483,203802,1349300,1072303,2767799,673648,1697244,620372,12331,720425
544160,544918,Shot,8399.0,916515,915925,3850465,18696,573899,1326041,1721483,203802,1349300,1072303,2767799,673648,1705643,620372,12331,720425
543918,545568,Heartbreak Shot,8947.0,916515,915925,3850465,18696,573899,1326041,1730430,203802,1349300,1072303,2767799,673648,1705643,620372,12331,720425
545758,547228,Burst Shot,20356.0,916515,915925,3870821,18696,573899,1326041,1730430,203802,1349300,1072303,2767799,673648,1705643,620372,12331,720425
545758,547228,Refulgent Arrow,8970.0,916515,915925,3870821,18696,573899,1326041,1730430,203802,1349300,1072303,2776769,673648,1705643,620372,12331,720425
505917,547500,Stormbite (dot),4909.0,916515,915925,3870821,18696,573899,1326041,1730430,203802,1349300,1072303,2776769,673648,1705643,620372,12331,725334
505917,547500,Caustic Bite (dot),3926.0,916515,915925,3870821,18696,577825,1326041,1730430,203802,1349300,1072303,2776769,673648,1705643,620372,12331,725334
547200,547958,Shot,8399.0,916515,915925,3870821,18696,577825,1326041,1730430,203802,1349300,1072303,2776769,673648,1714042,620372,12331,725334
546408,548058,Heartbreak Shot,20295.0,916515,915925,3870821,18696,577825,1326041,1750725,203802,1349300,1072303,2776769,673648,1714042,620372,12331,725334
548248,549718,Refulgent Arrow,8936.0,916515,915925,3870821,18696,577825,1326041,1750725,203802,1349300,1072303,2785705,673648,1714042,620372,12331,725334
548248,549718,Burst Shot,20384.0,916515,915925,3891205,18696,577825,1326041,1750725,203802,1349300,1072303,2785705,673648,1714042,620372,12331,725334
505917,550500,Stormbite (dot),4909.0,916515,915925,3891205,18696,577825,1326041,1750725,203802,1349300,1072303,2785705,673648,1714042,620372,12331,730243
505917,550500,Caustic Bite (dot),3926.0,916515,915925,3891205,18696,581751,1326041,1750725,203802,1349300,1072303,2785705,673648,1714042,620372,12331,730243
550240,550998,Shot,8399.0,916515,915925,3891205,18696,581751,1326041,1750725,203802,1349300,1072303,2785705,673648,1722441,620372,12331,730243
549518,551168,Heartbreak Shot,8817.0,916515,915925,3891205,18696,581751,1326041,1759542,203802,1349300,1072303,2785705,673648,1722441,620372,12331,730243
550738,551408,Iron Jaws,12454.0,916515,915925,3891205,18696,581751,1326041,1759542,216256,1349300,1072303,2785705,673648,1722441,620372,12331,730243
552423,552953,Sidewinder,49833.0,916515,915925,3891205,18696,581751,1326041,1759542,216256,1349300,1072303,2785705,673648,1722441,670205,12331,730243
550738,553500,Caustic Bite (dot),2491.0,916515,915925,3891205,18696,584242,1326041,1759542,216256,1349300,1072303,2785705,673648,1722441,670205,12331,730243
550738,553500,Stormbite (dot),3115.0,916515,915925,3891205,18696,584242,1326041,1759542,216256,1349300,1072303,2785705,673648,1722441,670205,12331,733358
553280,554038,Shot,8399.0,916515,915925,3891205,18696,584242,1326041,1759542,216256,1349300,1072303,2785705,673648,1730840,670205,12331,733358
553228,554698,Refulgent Arrow,18028.0,916515,915925,3891205,18696,584242,1326041,1759542,216256,1349300,1072303,2803733,673648,1730840,670205,12331,733358
553228,554698,Burst Shot,13239.0,916515,915925,3904444,18696,584242,1326041,1759542,216256,1349300,1072303,2803733,673648,1730840,670205,12331,733358
553878,555528,Heartbreak Shot,20255.0,916515,915925,3904444,18696,584242,1326041,1779797,216256,1349300,1072303,2803733,673648,1730840,670205,12331,733358
550738,556500,Caustic Bite (dot),2491.0,916515,915925,3904444,18696,586733,1326041,1779797,216256,1349300,1072303,2803733,673648,1730840,670205,12331,733358
550738,556500,Stormbite (dot),3115.0,916515,915925,3904444,18696,586733,1326041,1779797,216256,1349300,1072303,2803733,673648,1730840,670205,12331,736473
556320,557078,Shot,8399.0,916515,915925,3904444,18696,586733,1326041,1779797,216256,1349300,1072303,2803733,673648,1739239,670205,12331,736473
555718,557188,Burst Shot,20343.0,916515,915925,3924787,18696,586733,1326041,1779797,216256,1349300,1072303,2803733,673648,1739239,670205,12331,736473
555718,557188,Refulgent Arrow,8988.0,916515,915925,3924787,18696,586733,1326041,1779797,216256,1349300,1072303,2812721,673648,1739239,670205,12331,736473
556338,557988,Heartbreak Shot,8879.0,916515,915925,3924787,18696,586733,1326041,1788676,216256,1349300,1072303,2812721,673648,1739239,670205,12331,736473
556958,557988,Empyreal Arrow,32390.0,916515,915925,3924787,18696,586733,1358431,1788676,216256,1349300,1072303,2812721,673648,1739239,670205,12331,736473
558208,559278,Apex Arrow,1985.0,918500,915925,3924787,18696,586733,1358431,1788676,216256,1349300,1072303,2812721,673648,1739239,670205,12331,736473
558208,559278,Apex Arrow,926.0,919426,915925,3924787,18696,586733,1358431,1788676,216256,1349300,1072303,2812721,673648,1739239,670205,12331,736473
558208,559278,Apex Arrow,18.0,919444,915925,3924787,18696,586733,1358431,1788676,216256,1349300,1072303,2812721,673648,1739239,670205,12331,736473
558208,559278,Apex Arrow,17.0,919461,915925,3924787,18696,586733,1358431,1788676,216256,1349300,1072303,2812721,673648,1739239,670205,12331,736473
558208,559278,Apex Arrow,3802.0,923263,915925,3924787,18696,586733,1358431,1788676,216256,1349300,1072303,2812721,673648,1739239,670205,12331,736473
558208,559278,Apex Arrow,79291.0,1002554,915925,3924787,18696,586733,1358431,1788676,216256,1349300,1072303,2812721,673648,1739239,670205,12331,736473
558208,559278,Apex Arrow,341.0,1002895,915925,3924787,18696,586733,1358431,1788676,216256,1349300,1072303,2812721,673648,1739239,670205,12331,736473
558208,559278,Apex Arrow,104.0,1002999,915925,3924787,18696,586733,1358431,1788676,216256,1349300,1072303,2812721,673648,1739239,670205,12331,736473
550738,559500,Caustic Bite (dot),2491.0,1002999,915925,3924787,18696,589224,1358431,1788676,216256,1349300,1072303,2812721,673648,1739239,670205,12331,736473
550738,559500,Stormbite (dot),3115.0,1002999,915925,3924787,18696,589224,1358431,1788676,216256,1349300,1072303,2812721,673648,1739239,670205,12331,739588
559360,560118,Shot,8399.0,1002999,915925,3924787,18696,589224,1358431,1788676,216256,1349300,1072303,2812721,673648,1747638,670205,12331,739588
558828,560478,Heartbreak Shot,20208.0,1002999,915925,3924787,18696,589224,1358431,1808884,216256,1349300,1072303,2812721,673648,1747638,670205,12331,739588
560698,562168,Refulgent Arrow,13.0,1002999,915925,3924787,18696,589224,1358431,1808884,216256,1349300,1072303,2812734,673648,1747638,670205,12331,739588
560698,562168,Burst Shot,49.0,1002999,915925,3924836,18696,589224,1358431,1808884,216256,1349300,1072303,2812734,673648,1747638,670205,12331,739588
560698,562348,Blast Arrow,87018.0,1002999,1002943,3924836,18696,589224,1358431,1808884,216256,1349300,1072303,2812734,673648,1747638,670205,12331,739588
550738,562500,Stormbite (dot),3115.0,1002999,1002943,3924836,18696,589224,1358431,1808884,216256,1349300,1072303,2812734,673648,1747638,670205,12331,742703
550738,562500,Caustic Bite (dot),2491.0,1002999,1002943,3924836,18696,591715,1358431,1808884,216256,1349300,1072303,2812734,673648,1747638,670205,12331,742703
561318,562968,Heartbreak Shot,20266.0,1002999,1002943,3924836,18696,591715,1358431,1829150,216256,1349300,1072303,2812734,673648,1747638,670205,12331,742703
562400,563158,Shot,8374.0,1002999,1002943,3924836,18696,591715,1358431,1829150,216256,1349300,1072303,2812734,673648,1756012,670205,12331,742703
563188,564658,Refulgent Arrow,8968.0,1002999,1002943,3924836,18696,591715,1358431,1829150,216256,1349300,1072303,2821702,673648,1756012,670205,12331,742703
563188,564658,Burst Shot,20276.0,1002999,1002943,3945112,18696,591715,1358431,1829150,216256,1349300,1072303,2821702,673648,1756012,670205,12331,742703
550738,565500,Caustic Bite (dot),2491.0,1002999,1002943,3945112,18696,594206,1358431,1829150,216256,1349300,1072303,2821702,673648,1756012,670205,12331,742703
550738,565500,Stormbite (dot),3115.0,1002999,1002943,3945112,18696,594206,1358431,1829150,216256,1349300,1072303,2821702,673648,1756012,670205,12331,745818
565440,566198,Shot,8374.0,1002999,1002943,3945112,18696,594206,1358431,1829150,216256,1349300,1072303,2821702,673648,1764386,670205,12331,745818
565678,567148,Refulgent Arrow,9048.0,1002999,1002943,3945112,18696,594206,1358431,1829150,216256,1349300,1072303,2830750,673648,1764386,670205,12331,745818
565678,567148,Burst Shot,20213.0,1002999,1002943,3965325,18696,594206,1358431,1829150,216256,1349300,1072303,2830750,673648,1764386,670205,12331,745818
550738,568500,Caustic Bite (dot),2491.0,1002999,1002943,3965325,18696,596697,1358431,1829150,216256,1349300,1072303,2830750,673648,1764386,670205,12331,745818
550738,568500,Stormbite (dot),3115.0,1002999,1002943,3965325,18696,596697,1358431,1829150,216256,1349300,1072303,2830750,673648,1764386,670205,12331,748933
568480,569238,Shot,8374.0,1002999,1002943,3965325,18696,596697,1358431,1829150,216256,1349300,1072303,2830750,673648,1772760,670205,12331,748933
568168,569638,Refulgent Arrow,9302.0,1002999,1002943,3965325,18696,596697,1358431,1829150,216256,1349300,1072303,2840052,673648,1772760,670205,12331,748933
568168,569638,Burst Shot,20014.0,1002999,1002943,3985339,18696,596697,1358431,1829150,216256,1349300,1072303,2840052,673648,1772760,670205,12331,748933
568818,570468,Heartbreak Shot,11155.0,1002999,1002943,3985339,18696,596697,1358431,1840305,216256,1349300,1072303,2840052,673648,1772760,670205,12331,748933
550738,571500,Caustic Bite (dot),2491.0,1002999,1002943,3985339,18696,599188,1358431,1840305,216256,1349300,1072303,2840052,673648,1772760,670205,12331,748933
550738,571500,Stormbite (dot),3115.0,1002999,1002943,3985339,18696,599188,1358431,1840305,216256,1349300,1072303,2840052,673648,1772760,670205,12331,752048
570658,572128,Refulgent Arrow,8923.0,1002999,1002943,3985339,18696,599188,1358431,1840305,216256,1349300,1072303,2848975,673648,1772760,670205,12331,752048
570658,572128,Burst Shot,20312.0,1002999,1002943,4005651,18696,599188,1358431,1840305,216256,1349300,1072303,2848975,673648,1772760,670205,12331,752048
571520,572278,Shot,8374.0,1002999,1002943,4005651,18696,599188,1358431,1840305,216256,1349300,1072303,2848975,673648,1781134,670205,12331,752048
571958,572988,Empyreal Arrow,32293.0,1002999,1002943,4005651,18696,599188,1390724,1840305,216256,1349300,1072303,2848975,673648,1781134,670205,12331,752048
550738,574500,Caustic Bite (dot),2491.0,1002999,1002943,4005651,18696,601679,1390724,1840305,216256,1349300,1072303,2848975,673648,1781134,670205,12331,752048
550738,574500,Stormbite (dot),3115.0,1002999,1002943,4005651,18696,601679,1390724,1840305,216256,1349300,1072303,2848975,673648,1781134,670205,12331,755163
573149,574619,Refulgent Arrow,8808.0,1002999,1002943,4005651,18696,601679,1390724,1840305,216256,1349300,1072303,2857783,673648,1781134,670205,12331,755163
573149,574619,Burst Shot,20402.0,1002999,1002943,4026053,18696,601679,1390724,1840305,216256,1349300,1072303,2857783,673648,1781134,670205,12331,755163
574560,575318,Shot,8374.0,1002999,1002943,4026053,18696,601679,1390724,1840305,216256,1349300,1072303,2857783,673648,1789508,670205,12331,755163
575539,577009,Refulgent Arrow,8933.0,1002999,1002943,4026053,18696,601679,1390724,1840305,216256,1349300,1072303,2866716,673648,1789508,670205,12331,755163
575539,577009,Burst Shot,20304.0,1002999,1002943,4046357,18696,601679,1390724,1840305,216256,1349300,1072303,2866716,673648,1789508,670205,12331,755163
550738,577500,Caustic Bite (dot),2491.0,1002999,1002943,4046357,18696,604170,1390724,1840305,216256,1349300,1072303,2866716,673648,1789508,670205,12331,755163
550738,577500,Stormbite (dot),3115.0,1002999,1002943,4046357,18696,604170,1390724,1840305,216256,1349300,1072303,2866716,673648,1789508,670205,12331,758278
576189,577839,Heartbreak Shot,11195.0,1002999,1002943,4046357,18696,604170,1390724,1851500,216256,1349300,1072303,2866716,673648,1789508,670205,12331,758278
577600,578358,Shot,8374.0,1002999,1002943,4046357,18696,604170,1390724,1851500,216256,1349300,1072303,2866716,673648,1797882,670205,12331,758278
577829,579299,Refulgent Arrow,8933.0,1002999,1002943,4046357,18696,604170,1390724,1851500,216256,1349300,1072303,2875649,673648,1797882,670205,12331,758278
577829,579299,Burst Shot,20304.0,1002999,1002943,4066661,18696,604170,1390724,1851500,216256,1349300,1072303,2875649,673648,1797882,670205,12331,758278
550738,580500,Caustic Bite (dot),2491.0,1002999,1002943,4066661,18696,606661,1390724,1851500,216256,1349300,1072303,2875649,673648,1797882,670205,12331,758278
550738,580500,Stormbite (dot),3115.0,1002999,1002943,4066661,18696,606661,1390724,1851500,216256,1349300,1072303,2875649,673648,1797882,670205,12331,761393
580640,581398,Shot,8374.0,1002999,1002943,4066661,18696,606661,1390724,1851500,216256,1349300,1072303,2875649,673648,1806256,670205,12331,761393
580019,581489,Burst Shot,20306.0,1002999,1002943,4086967,18696,606661,1390724,1851500,216256,1349300,1072303,2875649,673648,1806256,670205,12331,761393
580019,581489,Refulgent Arrow,8930.0,1002999,1002943,4086967,18696,606661,1390724,1851500,216256,1349300,1072303,2884579,673648,1806256,670205,12331,761393
550738,583500,Stormbite (dot),3115.0,1002999,1002943,4086967,18696,606661,1390724,1851500,216256,1349300,1072303,2884579,673648,1806256,670205,12331,764508
550738,583500,Caustic Bite (dot),2491.0,1002999,1002943,4086967,18696,609152,1390724,1851500,216256,1349300,1072303,2884579,673648,1806256,670205,12331,764508
582209,583679,Refulgent Arrow,8971.0,1002999,1002943,4086967,18696,609152,1390724,1851500,216256,1349300,1072303,2893550,673648,1806256,670205,12331,764508
582209,583679,Burst Shot,20274.0,1002999,1002943,4107241,18696,609152,1390724,1851500,216256,1349300,1072303,2893550,673648,1806256,670205,12331,764508
583680,584438,Shot,8374.0,1002999,1002943,4107241,18696,609152,1390724,1851500,216256,1349300,1072303,2893550,673648,1814630,670205,12331,764508
584399,585869,Refulgent Arrow,9048.0,1002999,1002943,4107241,18696,609152,1390724,1851500,216256,1349300,1072303,2902598,673648,1814630,670205,12331,764508
584399,585869,Burst Shot,20213.0,1002999,1002943,4127454,18696,609152,1390724,1851500,216256,1349300,1072303,2902598,673648,1814630,670205,12331,764508
550738,586500,Caustic Bite (dot),2491.0,1002999,1002943,4127454,18696,611643,1390724,1851500,216256,1349300,1072303,2902598,673648,1814630,670205,12331,764508
550738,586500,Stormbite (dot),3115.0,1002999,1002943,4127454,18696,611643,1390724,1851500,216256,1349300,1072303,2902598,673648,1814630,670205,12331,767623
586720,587478,Shot,8374.0,1002999,1002943,4127454,18696,611643,1390724,1851500,216256,1349300,1072303,2902598,673648,1823004,670205,12331,767623
586489,587959,Refulgent Arrow,9048.0,1002999,1002943,4127454,18696,611643,1390724,1851500,216256,1349300,1072303,2911646,673648,1823004,670205,12331,767623
586489,587959,Burst Shot,20213.0,1002999,1002943,4147667,18696,611643,1390724,1851500,216256,1349300,1072303,2911646,673648,1823004,670205,12331,767623
587109,588139,Empyreal Arrow,32293.0,1002999,1002943,4147667,18696,611643,1423017,1851500,216256,1349300,1072303,2911646,673648,1823004,670205,12331,767623
588579,589249,Iron Jaws,12417.0,1002999,1002943,4147667,18696,611643,1423017,1851500,228673,1349300,1072303,2911646,673648,1823004,670205,12331,767623
588579,589500,Stormbite (dot),3106.0,1002999,1002943,4147667,18696,611643,1423017,1851500,228673,1349300,1072303,2911646,673648,1823004,670205,12331,770729
588579,589500,Caustic Bite (dot),2484.0,1002999,1002943,4147667,18696,614127,1423017,1851500,228673,1349300,1072303,2911646,673648,1823004,670205,12331,770729
589760,590518,Shot,8374.0,1002999,1002943,4147667,18696,614127,1423017,1851500,228673,1349300,1072303,2911646,673648,1831378,670205,12331,770729
590669,592139,Burst Shot,13243.0,1002999,1002943,4160910,18696,614127,1423017,1851500,228673,1349300,1072303,2911646,673648,1831378,670205,12331,770729
590669,592139,Refulgent Arrow,17919.0,1002999,1002943,4160910,18696,614127,1423017,1851500,228673,1349300,1072303,2929565,673648,1831378,670205,12331,770729
588579,592500,Stormbite (dot),3106.0,1002999,1002943,4160910,18696,614127,1423017,1851500,228673,1349300,1072303,2929565,673648,1831378,670205,12331,773835
588579,592500,Caustic Bite (dot),2484.0,1002999,1002943,4160910,18696,616611,1423017,1851500,228673,1349300,1072303,2929565,673648,1831378,670205,12331,773835
592800,593558,Shot,8374.0,1002999,1002943,4160910,18696,616611,1423017,1851500,228673,1349300,1072303,2929565,673648,1839752,670205,12331,773835
592759,594229,Burst Shot,20276.0,1002999,1002943,4181186,18696,616611,1423017,1851500,228673,1349300,1072303,2929565,673648,1839752,670205,12331,773835
592759,594229,Refulgent Arrow,8968.0,1002999,1002943,4181186,18696,616611,1423017,1851500,228673,1349300,1072303,2938533,673648,1839752,670205,12331,773835
588579,595500,Stormbite (dot),3106.0,1002999,1002943,4181186,18696,616611,1423017,1851500,228673,1349300,1072303,2938533,673648,1839752,670205,12331,776941
588579,595500,Caustic Bite (dot),2484.0,1002999,1002943,4181186,18696,619095,1423017,1851500,228673,1349300,1072303,2938533,673648,1839752,670205,12331,776941
594849,596319,Refulgent Arrow,8860.0,1002999,1002943,4181186,18696,619095,1423017,1851500,228673,1349300,1072303,2947393,673648,1839752,670205,12331,776941
594849,596319,Burst Shot,20361.0,1002999,1002943,4201547,18696,619095,1423017,1851500,228673,1349300,1072303,2947393,673648,1839752,670205,12331,776941
595840,596598,Shot,8374.0,1002999,1002943,4201547,18696,619095,1423017,1851500,228673,1349300,1072303,2947393,673648,1848126,670205,12331,776941
596939,598409,Burst Shot,20121.0,1002999,1002943,4221668,18696,619095,1423017,1851500,228673,1349300,1072303,2947393,673648,1848126,670205,12331,776941
596939,598409,Refulgent Arrow,9166.0,1002999,1002943,4221668,18696,619095,1423017,1851500,228673,1349300,1072303,2956559,673648,1848126,670205,12331,776941
588579,598500,Caustic Bite (dot),2484.0,1002999,1002943,4221668,18696,621579,1423017,1851500,228673,1349300,1072303,2956559,673648,1848126,670205,12331,776941
588579,598500,Stormbite (dot),3106.0,1002999,1002943,4221668,18696,621579,1423017,1851500,228673,1349300,1072303,2956559,673648,1848126,670205,12331,780047
598880,599638,Shot,8374.0,1002999,1002943,4221668,18696,621579,1423017,1851500,228673,1349300,1072303,2956559,673648,1856500,670205,12331,780047
599029,600499,Refulgent Arrow,8804.0,1002999,1002943,4221668,18696,621579,1423017,1851500,228673,1349300,1072303,2965363,673648,1856500,670205,12331,780047
599029,600499,Burst Shot,20405.0,1002999,1002943,4242073,18696,621579,1423017,1851500,228673,1349300,1072303,2965363,673648,1856500,670205,12331,780047
588579,601500,Stormbite (dot),3106.0,1002999,1002943,4242073,18696,621579,1423017,1851500,228673,1349300,1072303,2965363,673648,1856500,670205,12331,783153
588579,601500,Caustic Bite (dot),2484.0,1002999,1002943,4242073,18696,624063,1423017,1851500,228673,1349300,1072303,2965363,673648,1856500,670205,12331,783153
601119,602589,Burst Shot,20123.0,1002999,1002943,4262196,18696,624063,1423017,1851500,228673,1349300,1072303,2965363,673648,1856500,670205,12331,783153
601119,602589,Refulgent Arrow,9163.0,1002999,1002943,4262196,18696,624063,1423017,1851500,228673,1349300,1072303,2974526,673648,1856500,670205,12331,783153
601920,602678,Shot,8405.0,1002999,1002943,4262196,18696,624063,1423017,1851500,228673,1349300,1072303,2974526,673648,1864905,670205,12331,783153
602359,603389,Empyreal Arrow,32412.0,1002999,1002943,4262196,18696,624063,1455429,1851500,228673,1349300,1072303,2974526,673648,1864905,670205,12331,783153
588579,604500,Stormbite (dot),3106.0,1002999,1002943,4262196,18696,624063,1455429,1851500,228673,1349300,1072303,2974526,673648,1864905,670205,12331,786259
588579,604500,Caustic Bite (dot),2484.0,1002999,1002943,4262196,18696,626547,1455429,1851500,228673,1349300,1072303,2974526,673648,1864905,670205,12331,786259
603209,604679,Burst Shot,20345.0,1002999,1002943,4282541,18696,626547,1455429,1851500,228673,1349300,1072303,2974526,673648,1864905,670205,12331,786259
603209,604679,Refulgent Arrow,9008.0,1002999,1002943,4282541,18696,626547,1455429,1851500,228673,1349300,1072303,2983534,673648,1864905,670205,12331,786259
604960,605718,Shot,8405.0,1002999,1002943,4282541,18696,626547,1455429,1851500,228673,1349300,1072303,2983534,673648,1873310,670205,12331,786259
605399,606869,Burst Shot,20255.0,1002999,1002943,4302796,18696,626547,1455429,1851500,228673,1349300,1072303,2983534,673648,1873310,670205,12331,786259
605399,606869,Refulgent Arrow,9123.0,1002999,1002943,4302796,18696,626547,1455429,1851500,228673,1349300,1072303,2992657,673648,1873310,670205,12331,786259
588579,607500,Stormbite (dot),3106.0,1002999,1002943,4302796,18696,626547,1455429,1851500,228673,1349300,1072303,2992657,673648,1873310,670205,12331,789365
588579,607500,Caustic Bite (dot),2484.0,1002999,1002943,4302796,18696,629031,1455429,1851500,228673,1349300,1072303,2992657,673648,1873310,670205,12331,789365
608000,608758,Shot,11469.0,1002999,1002943,4302796,18696,629031,1455429,1851500,228673,1349300,1072303,2992657,673648,1884779,670205,12331,789365
607589,609059,Refulgent Arrow,12160.0,1002999,1002943,4302796,18696,629031,1455429,1851500,228673,1349300,1072303,3004817,673648,1884779,670205,12331,789365
607589,609059,Burst Shot,27869.0,1002999,1002943,4330665,18696,629031,1455429,1851500,228673,1349300,1072303,3004817,673648,1884779,670205,12331,789365
608829,609629,Pitch Perfect,47232.0,1002999,1002943,4330665,18696,629031,1455429,1851500,228673,1396532,1072303,3004817,673648,1884779,670205,12331,789365
608829,610479,Heartbreak Shot,13356.0,1002999,1002943,4330665,18696,629031,1455429,1864856,228673,1396532,1072303,3004817,673648,1884779,670205,12331,789365
588579,610500,Stormbite (dot),3106.0,1002999,1002943,4330665,18696,629031,1455429,1864856,228673,1396532,1072303,3004817,673648,1884779,670205,12331,792471
588579,610500,Caustic Bite (dot),2484.0,1002999,1002943,4330665,18696,631515,1455429,1864856,228673,1396532,1072303,3004817,673648,1884779,670205,12331,792471
609779,611739,Radiant Encore,225982.0,1002999,1002943,4330665,18696,631515,1455429,1864856,228673,1396532,1298285,3004817,673648,1884779,670205,12331,792471
611040,611798,Shot,13849.0,1002999,1002943,4330665,18696,631515,1455429,1864856,228673,1396532,1298285,3004817,673648,1898628,670205,12331,792471
611019,611819,Pitch Perfect,19049.0,1002999,1002943,4330665,18696,631515,1455429,1864856,228673,1415581,1298285,3004817,673648,1898628,670205,12331,792471
610399,612049,Heartbreak Shot,36967.0,1002999,1002943,4330665,18696,631515,1455429,1901823,228673,1415581,1298285,3004817,673648,1898628,670205,12331,792471
611019,612669,Heartbreak Shot,23610.0,1002999,1002943,4330665,18696,631515,1455429,1925433,228673,1415581,1298285,3004817,673648,1898628,670205,12331,792471
612589,613119,Sidewinder,82172.0,1002999,1002943,4330665,18696,631515,1455429,1925433,228673,1415581,1298285,3004817,673648,1898628,752377,12331,792471
611969,613439,Refulgent Arrow,14608.0,1002999,1002943,4330665,18696,631515,1455429,1925433,228673,1415581,1298285,3019425,673648,1898628,752377,12331,792471
611969,613439,Burst Shot,33711.0,1002999,1002943,4364376,18696,631515,1455429,1925433,228673,1415581,1298285,3019425,673648,1898628,752377,12331,792471
588579,613500,Stormbite (dot),3106.0,1002999,1002943,4364376,18696,631515,1455429,1925433,228673,1415581,1298285,3019425,673648,1898628,752377,12331,795577
588579,613500,Caustic Bite (dot),2484.0,1002999,1002943,4364376,18696,633999,1455429,1925433,228673,1415581,1298285,3019425,673648,1898628,752377,12331,795577
614080,614838,Shot,13849.0,1002999,1002943,4364376,18696,633999,1455429,1925433,228673,1415581,1298285,3019425,673648,1912477,752377,12331,795577
615109,615909,Pitch Perfect,5664.0,1002999,1002943,4364376,18696,633999,1455429,1925433,228673,1421245,1298285,3019425,673648,1912477,752377,12331,795577
614459,615929,Refulgent Arrow,14959.0,1002999,1002943,4364376,18696,633999,1455429,1925433,228673,1421245,1298285,3034384,673648,1912477,752377,12331,795577
614459,615929,Burst Shot,33436.0,1002999,1002943,4397812,18696,633999,1455429,1925433,228673,1421245,1298285,3034384,673648,1912477,752377,12331,795577
588579,616500,Caustic Bite (dot),2484.0,1002999,1002943,4397812,18696,636483,1455429,1925433,228673,1421245,1298285,3034384,673648,1912477,752377,12331,795577
588579,616500,Stormbite (dot),3106.0,1002999,1002943,4397812,18696,636483,1455429,1925433,228673,1421245,1298285,3034384,673648,1912477,752377,12331,798683
615759,616559,Pitch Perfect,19553.0,1002999,1002943,4397812,18696,636483,1455429,1925433,228673,1440798,1298285,3034384,673648,1912477,752377,12331,798683
615109,616759,Heartbreak Shot,17030.0,1002999,1002943,4397812,18696,636483,1455429,1942463,228673,1440798,1298285,3034384,673648,1912477,752377,12331,798683
615759,617409,Heartbreak Shot,1419.0,1002999,1002943,4397812,18696,636483,1455429,1943882,228673,1440798,1298285,3034384,673648,1912477,752377,12331,798683
617120,617878,Shot,13849.0,1002999,1002943,4397812,18696,636483,1455429,1943882,228673,1440798,1298285,3034384,673648,1926326,752377,12331,798683
616949,618419,Refulgent Arrow,14953.0,1002999,1002943,4397812,18696,636483,1455429,1943882,228673,1440798,1298285,3049337,673648,1926326,752377,12331,798683
616949,618419,Burst Shot,33440.0,1002999,1002943,4431252,18696,636483,1455429,1943882,228673,1440798,1298285,3049337,673648,1926326,752377,12331,798683
617569,618599,Empyreal Arrow,53410.0,1002999,1002943,4431252,18696,636483,1508839,1943882,228673,1440798,1298285,3049337,673648,1926326,752377,12331,798683
588579,619500,Stormbite (dot),3106.0,1002999,1002943,4431252,18696,636483,1508839,1943882,228673,1440798,1298285,3049337,673648,1926326,752377,12331,801789
588579,619500,Caustic Bite (dot),2484.0,1002999,1002943,4431252,18696,638967,1508839,1943882,228673,1440798,1298285,3049337,673648,1926326,752377,12331,801789
619439,620509,Apex Arrow,2371.0,1005370,1002943,4431252,18696,638967,1508839,1943882,228673,1440798,1298285,3049337,673648,1926326,752377,12331,801789
619439,620509,Apex Arrow,123371.0,1128741,1002943,4431252,18696,638967,1508839,1943882,228673,1440798,1298285,3049337,673648,1926326,752377,12331,801789
619439,620509,Apex Arrow,9166.0,1137907,1002943,4431252,18696,638967,1508839,1943882,228673,1440798,1298285,3049337,673648,1926326,752377,12331,801789
619439,620509,Apex Arrow,989.0,1138896,1002943,4431252,18696,638967,1508839,1943882,228673,1440798,1298285,3049337,673648,1926326,752377,12331,801789
619439,620509,Apex Arrow,5526.0,1144422,1002943,4431252,18696,638967,1508839,1943882,228673,1440798,1298285,3049337,673648,1926326,752377,12331,801789
619439,620509,Apex Arrow,334.0,1144756,1002943,4431252,18696,638967,1508839,1943882,228673,1440798,1298285,3049337,673648,1926326,752377,12331,801789
619439,620509,Apex Arrow,90.0,1144846,1002943,4431252,18696,638967,1508839,1943882,228673,1440798,1298285,3049337,673648,1926326,752377,12331,801789
619439,620509,Apex Arrow,8.0,1144854,1002943,4431252,18696,638967,1508839,1943882,228673,1440798,1298285,3049337,673648,1926326,752377,12331,801789
619439,620509,Apex Arrow,18.0,1144872,1002943,4431252,18696,638967,1508839,1943882,228673,1440798,1298285,3049337,673648,1926326,752377,12331,801789
620059,620859,Pitch Perfect,57622.0,1144872,1002943,4431252,18696,638967,1508839,1943882,228673,1498420,1298285,3049337,673648,1926326,752377,12331,801789
620160,620918,Shot,13849.0,1144872,1002943,4431252,18696,638967,1508839,1943882,228673,1498420,1298285,3049337,673648,1940175,752377,12331,801789
588579,622500,Caustic Bite (dot),2484.0,1144872,1002943,4431252,18696,641451,1508839,1943882,228673,1498420,1298285,3049337,673648,1940175,752377,12331,801789
588579,622500,Stormbite (dot),3106.0,1144872,1002943,4431252,18696,641451,1508839,1943882,228673,1498420,1298285,3049337,673648,1940175,752377,12331,804895
621929,623399,Refulgent Arrow,57.0,1144872,1002943,4431252,18696,641451,1508839,1943882,228673,1498420,1298285,3049394,673648,1940175,752377,12331,804895
621929,623399,Burst Shot,149.0,1144872,1002943,4431401,18696,641451,1508839,1943882,228673,1498420,1298285,3049394,673648,1940175,752377,12331,804895
621929,623579,Blast Arrow,143187.0,1144872,1146130,4431401,18696,641451,1508839,1943882,228673,1498420,1298285,3049394,673648,1940175,752377,12331,804895
623200,623958,Shot,13849.0,1144872,1146130,4431401,18696,641451,1508839,1943882,228673,1498420,1298285,3049394,673648,1954024,752377,12331,804895
623229,624029,Pitch Perfect,11913.0,1144872,1146130,4431401,18696,641451,1508839,1943882,228673,1510333,1298285,3049394,673648,1954024,752377,12331,804895
622579,624229,Heartbreak Shot,18516.0,1144872,1146130,4431401,18696,641451,1508839,1962398,228673,1510333,1298285,3049394,673648,1954024,752377,12331,804895
588579,625500,Stormbite (dot),3106.0,1144872,1146130,4431401,18696,641451,1508839,1962398,228673,1510333,1298285,3049394,673648,1954024,752377,12331,808001
588579,625500,Caustic Bite (dot),2484.0,1144872,1146130,4431401,18696,643935,1508839,1962398,228673,1510333,1298285,3049394,673648,1954024,752377,12331,808001
624419,625579,Resonant Arrow,131472.0,1144872,1146130,4431401,18696,643935,1508839,1962398,228673,1510333,1298285,3049394,805120,1954024,752377,12331,808001
626240,626998,Shot,12410.0,1144872,1146130,4431401,18696,643935,1508839,1962398,228673,1510333,1298285,3049394,805120,1966434,752377,12331,808001
627559,628359,Pitch Perfect,2368.0,1144872,1146130,4431401,18696,643935,1508839,1962398,228673,1512701,1298285,3049394,805120,1966434,752377,12331,808001
626909,628379,Refulgent Arrow,49252.0,1144872,1146130,4431401,18696,643935,1508839,1962398,228673,1512701,1298285,3098646,805120,1966434,752377,12331,808001
626909,628499,Refulgent Arrow,49252.0,1144872,1146130,4431401,18696,643935,1508839,1962398,228673,1512701,1298285,3147898,805120,1966434,752377,12331,808001
588579,628500,Caustic Bite (dot),2484.0,1144872,1146130,4431401,18696,646419,1508839,1962398,228673,1512701,1298285,3147898,805120,1966434,752377,12331,808001
588579,628500,Stormbite (dot),3106.0,1144872,1146130,4431401,18696,646419,1508839,1962398,228673,1512701,1298285,3147898,805120,1966434,752377,12331,811107
626909,628619,Refulgent Arrow,49252.0,1144872,1146130,4431401,18696,646419,1508839,1962398,228673,1512701,1298285,3197150,805120,1966434,752377,12331,811107
629280,630038,Shot,8405.0,1144872,1146130,4431401,18696,646419,1508839,1962398,228673,1512701,1298285,3197150,805120,1974839,752377,12331,811107
629399,630069,Iron Jaws,12462.0,1144872,1146130,4431401,18696,646419,1508839,1962398,241135,1512701,1298285,3197150,805120,1974839,752377,12331,811107
630019,630819,Pitch Perfect,18435.0,1144872,1146130,4431401,18696,646419,1508839,1962398,241135,1531136,1298285,3197150,805120,1974839,752377,12331,811107
629399,631500,Caustic Bite (dot),2493.0,1144872,1146130,4431401,18696,648912,1508839,1962398,241135,1531136,1298285,3197150,805120,1974839,752377,12331,811107
629399,631500,Stormbite (dot),3118.0,1144872,1146130,4431401,18696,648912,1508839,1962398,241135,1531136,1298285,3197150,805120,1974839,752377,12331,814225
630019,631669,Heartbreak Shot,6631.0,1144872,1146130,4431401,18696,648912,1508839,1969029,241135,1531136,1298285,3197150,805120,1974839,752377,12331,814225
630639,632289,Heartbreak Shot,4565.0,1144872,1146130,4431401,18696,648912,1508839,1973594,241135,1531136,1298285,3197150,805120,1974839,752377,12331,814225
632320,633078,Shot,8405.0,1144872,1146130,4431401,18696,648912,1508839,1973594,241135,1531136,1298285,3197150,805120,1983244,752377,12331,814225
631889,633359,Refulgent Arrow,18055.0,1144872,1146130,4431401,18696,648912,1508839,1973594,241135,1531136,1298285,3215205,805120,1983244,752377,12331,814225
631889,633359,Burst Shot,13237.0,1144872,1146130,4444638,18696,648912,1508839,1973594,241135,1531136,1298285,3215205,805120,1983244,752377,12331,814225
632569,633599,Empyreal Arrow,32412.0,1144872,1146130,4444638,18696,648912,1541251,1973594,241135,1531136,1298285,3215205,805120,1983244,752377,12331,814225
633219,634019,Pitch Perfect,24071.0,1144872,1146130,4444638,18696,648912,1541251,1973594,241135,1555207,1298285,3215205,805120,1983244,752377,12331,814225
629399,634500,Stormbite (dot),3118.0,1144872,1146130,4444638,18696,648912,1541251,1973594,241135,1555207,1298285,3215205,805120,1983244,752377,12331,817343
629399,634500,Caustic Bite (dot),2493.0,1144872,1146130,4444638,18696,651405,1541251,1973594,241135,1555207,1298285,3215205,805120,1983244,752377,12331,817343
634999,635799,Pitch Perfect,13624.0,1144872,1146130,4444638,18696,651405,1541251,1973594,241135,1568831,1298285,3215205,805120,1983244,752377,12331,817343
634379,635849,Burst Shot,20129.0,1144872,1146130,4464767,18696,651405,1541251,1973594,241135,1568831,1298285,3215205,805120,1983244,752377,12331,817343
634379,635849,Refulgent Arrow,9284.0,1144872,1146130,4464767,18696,651405,1541251,1973594,241135,1568831,1298285,3224489,805120,1983244,752377,12331,817343
635360,636118,Shot,8405.0,1144872,1146130,4464767,18696,651405,1541251,1973594,241135,1568831,1298285,3224489,805120,1991649,752377,12331,817343
629399,637500,Stormbite (dot),3118.0,1144872,1146130,4464767,18696,651405,1541251,1973594,241135,1568831,1298285,3224489,805120,1991649,752377,12331,820461
629399,637500,Caustic Bite (dot),2493.0,1144872,1146130,4464767,18696,653898,1541251,1973594,241135,1568831,1298285,3224489,805120,1991649,752377,12331,820461
636869,638339,Burst Shot,20537.0,1144872,1146130,4485304,18696,653898,1541251,1973594,241135,1568831,1298285,3224489,805120,1991649,752377,12331,820461
636869,638339,Refulgent Arrow,8764.0,1144872,1146130,4485304,18696,653898,1541251,1973594,241135,1568831,1298285,3233253,805120,1991649,752377,12331,820461
638169,638969,Pitch Perfect,5053.0,1144872,1146130,4485304,18696,653898,1541251,1973594,241135,1573884,1298285,3233253,805120,1991649,752377,12331,820461
638400,639158,Shot,8405.0,1144872,1146130,4485304,18696,653898,1541251,1973594,241135,1573884,1298285,3233253,805120,2000054,752377,12331,820461
637519,639169,Heartbreak Shot,11237.0,1144872,1146130,4485304,18696,653898,1541251,1984831,241135,1573884,1298285,3233253,805120,2000054,752377,12331,820461
629399,640500,Caustic Bite (dot),2493.0,1144872,1146130,4485304,18696,656391,1541251,1984831,241135,1573884,1298285,3233253,805120,2000054,752377,12331,820461
629399,640500,Stormbite (dot),3118.0,1144872,1146130,4485304,18696,656391,1541251,1984831,241135,1573884,1298285,3233253,805120,2000054,752377,12331,823579
639359,640829,Refulgent Arrow,9308.0,1144872,1146130,4485304,18696,656391,1541251,1984831,241135,1573884,1298285,3242561,805120,2000054,752377,12331,823579
639359,640829,Burst Shot,20109.0,1144872,1146130,4505413,18696,656391,1541251,1984831,241135,1573884,1298285,3242561,805120,2000054,752377,12331,823579
641440,642198,Shot,8405.0,1144872,1146130,4505413,18696,656391,1541251,1984831,241135,1573884,1298285,3242561,805120,2008459,752377,12331,823579
642499,643299,Pitch Perfect,13902.0,1144872,1146130,4505413,18696,656391,1541251,1984831,241135,1587786,1298285,3242561,805120,2008459,752377,12331,823579
641849,643319,Burst Shot,20323.0,1144872,1146130,4525736,18696,656391,1541251,1984831,241135,1587786,1298285,3242561,805120,2008459,752377,12331,823579
641849,643319,Refulgent Arrow,9036.0,1144872,1146130,4525736,18696,656391,1541251,1984831,241135,1587786,1298285,3251597,805120,2008459,752377,12331,823579
629399,643500,Stormbite (dot),3118.0,1144872,1146130,4525736,18696,656391,1541251,1984831,241135,1587786,1298285,3251597,805120,2008459,752377,12331,826697
629399,643500,Caustic Bite (dot),2493.0,1144872,1146130,4525736,18696,658884,1541251,1984831,241135,1587786,1298285,3251597,805120,2008459,752377,12331,826697
644480,645238,Shot,8405.0,1144872,1146130,4525736,18696,658884,1541251,1984831,241135,1587786,1298285,3251597,805120,2016864,752377,12331,826697
644959,645759,Pitch Perfect,4070.0,1144872,1146130,4525736,18696,658884,1541251,1984831,241135,1591856,1298285,3251597,805120,2016864,752377,12331,826697
644959,645759,Pitch Perfect,7634.0,1144872,1146130,4525736,18696,658884,1541251,1984831,241135,1599490,1298285,3251597,805120,2016864,752377,12331,826697
644959,645759,Pitch Perfect,14733.0,1144872,1146130,4525736,18696,658884,1541251,1984831,241135,1614223,1298285,3251597,805120,2016864,752377,12331,826697
644339,645809,Burst Shot,20524.0,1144872,1146130,4546260,18696,658884,1541251,1984831,241135,1614223,1298285,3251597,805120,2016864,752377,12331,826697
644339,645809,Refulgent Arrow,8781.0,1144872,1146130,4546260,18696,658884,1541251,1984831,241135,1614223,1298285,3260378,805120,2016864,752377,12331,826697
629399,646500,Stormbite (dot),3118.0,1144872,1146130,4546260,18696,658884,1541251,1984831,241135,1614223,1298285,3260378,805120,2016864,752377,12331,829815
629399,646500,Caustic Bite (dot),2493.0,1144872,1146130,4546260,18696,661377,1541251,1984831,241135,1614223,1298285,3260378,805120,2016864,752377,12331,829815
644959,646609,Heartbreak Shot,767.0,1144872,1146130,4546260,18696,661377,1541251,1985598,241135,1614223,1298285,3260378,805120,2016864,752377,12331,829815
645609,647259,Heartbreak Shot,10422.0,1144872,1146130,4546260,18696,661377,1541251,1996020,241135,1614223,1298285,3260378,805120,2016864,752377,12331,829815
647520,648278,Shot,8399.0,1144872,1146130,4546260,18696,661377,1541251,1996020,241135,1614223,1298285,3260378,805120,2025263,752377,12331,829815
646829,648299,Refulgent Arrow,9277.0,1144872,1146130,4546260,18696,661377,1541251,1996020,241135,1614223,1298285,3269655,805120,2025263,752377,12331,829815
646829,648299,Burst Shot,20115.0,1144872,1146130,4566375,18696,661377,1541251,1996020,241135,1614223,1298285,3269655,805120,2025263,752377,12331,829815
647569,648599,Empyreal Arrow,32390.0,1144872,1146130,4566375,18696,661377,1573641,1996020,241135,1614223,1298285,3269655,805120,2025263,752377,12331,829815
629399,649500,Caustic Bite (dot),2493.0,1144872,1146130,4566375,18696,663870,1573641,1996020,241135,1614223,1298285,3269655,805120,2025263,752377,12331,829815
629399,649500,Stormbite (dot),3118.0,1144872,1146130,4566375,18696,663870,1573641,1996020,241135,1614223,1298285,3269655,805120,2025263,752377,12331,832933
648189,649839,Heartbreak Shot,11229.0,1144872,1146130,4566375,18696,663870,1573641,2007249,241135,1614223,1298285,3269655,805120,2025263,752377,12331,832933
649320,650790,Refulgent Arrow,9215.0,1144872,1146130,4566375,18696,663870,1573641,2007249,241135,1614223,1298285,3278870,805120,2025263,752377,12331,832933
649320,650790,Burst Shot,20164.0,1144872,1146130,4586539,18696,663870,1573641,2007249,241135,1614223,1298285,3278870,805120,2025263,752377,12331,832933
650560,651318,Shot,8399.0,1144872,1146130,4586539,18696,663870,1573641,2007249,241135,1614223,1298285,3278870,805120,2033662,752377,12331,832933
649940,651590,Heartbreak Shot,8985.0,1144872,1146130,4586539,18696,663870,1573641,2016234,241135,1614223,1298285,3278870,805120,2033662,752377,12331,832933
629399,652500,Stormbite (dot),3118.0,1144872,1146130,4586539,18696,663870,1573641,2016234,241135,1614223,1298285,3278870,805120,2033662,752377,12331,836051
629399,652500,Caustic Bite (dot),2493.0,1144872,1146130,4586539,18696,666363,1573641,2016234,241135,1614223,1298285,3278870,805120,2033662,752377,12331,836051
651810,653280,Burst Shot,20184.0,1144872,1146130,4606723,18696,666363,1573641,2016234,241135,1614223,1298285,3278870,805120,2033662,752377,12331,836051
651810,653280,Refulgent Arrow,9190.0,1144872,1146130,4606723,18696,666363,1573641,2016234,241135,1614223,1298285,3288060,805120,2033662,752377,12331,836051
652460,654110,Heartbreak Shot,20026.0,1144872,1146130,4606723,18696,666363,1573641,2036260,241135,1614223,1298285,3288060,805120,2033662,752377,12331,836051
653600,654358,Shot,8399.0,1144872,1146130,4606723,18696,666363,1573641,2036260,241135,1614223,1298285,3288060,805120,2042061,752377,12331,836051
629399,655500,Stormbite (dot),3118.0,1144872,1146130,4606723,18696,666363,1573641,2036260,241135,1614223,1298285,3288060,805120,2042061,752377,12331,839169
629399,655500,Caustic Bite (dot),2493.0,1144872,1146130,4606723,18696,668856,1573641,2036260,241135,1614223,1298285,3288060,805120,2042061,752377,12331,839169
654300,655770,Burst Shot,20452.0,1144872,1146130,4627175,18696,668856,1573641,2036260,241135,1614223,1298285,3288060,805120,2042061,752377,12331,839169
654300,655770,Refulgent Arrow,8848.0,1144872,1146130,4627175,18696,668856,1573641,2036260,241135,1614223,1298285,3296908,805120,2042061,752377,12331,839169
654950,656600,Heartbreak Shot,8902.0,1144872,1146130,4627175,18696,668856,1573641,2045162,241135,1614223,1298285,3296908,805120,2042061,752377,12331,839169
656640,657398,Shot,8399.0,1144872,1146130,4627175,18696,668856,1573641,2045162,241135,1614223,1298285,3296908,805120,2050460,752377,12331,839169
656790,658260,Burst Shot,20227.0,1144872,1146130,4647402,18696,668856,1573641,2045162,241135,1614223,1298285,3296908,805120,2050460,752377,12331,839169
656790,658260,Refulgent Arrow,9134.0,1144872,1146130,4647402,18696,668856,1573641,2045162,241135,1614223,1298285,3306042,805120,2050460,752377,12331,839169
629399,658500,Stormbite (dot),3118.0,1144872,1146130,4647402,18696,668856,1573641,2045162,241135,1614223,1298285,3306042,805120,2050460,752377,12331,842287
629399,658500,Caustic Bite (dot),2493.0,1144872,1146130,4647402,18696,671349,1573641,2045162,241135,1614223,1298285,3306042,805120,2050460,752377,12331,842287
658090,659740,Heartbreak Shot,9059.0,1144872,1146130,4647402,18696,671349,1573641,2054221,241135,1614223,1298285,3306042,805120,2050460,752377,12331,842287
659680,660438,Shot,8399.0,1144872,1146130,4647402,18696,671349,1573641,2054221,241135,1614223,1298285,3306042,805120,2058859,752377,12331,842287
659280,660750,Refulgent Arrow,8915.0,1144872,1146130,4647402,18696,671349,1573641,2054221,241135,1614223,1298285,3314957,805120,2058859,752377,12331,842287
659280,660750,Burst Shot,20400.0,1144872,1146130,4667802,18696,671349,1573641,2054221,241135,1614223,1298285,3314957,805120,2058859,752377,12331,842287
629399,661500,Caustic Bite (dot),2493.0,1144872,1146130,4667802,18696,673842,1573641,2054221,241135,1614223,1298285,3314957,805120,2058859,752377,12331,842287
629399,661500,Stormbite (dot),3118.0,1144872,1146130,4667802,18696,673842,1573641,2054221,241135,1614223,1298285,3314957,805120,2058859,752377,12331,845405
659900,661550,Heartbreak Shot,11177.0,1144872,1146130,4667802,18696,673842,1573641,2065398,241135,1614223,1298285,3314957,805120,2058859,752377,12331,845405
661770,663240,Refulgent Arrow,8977.0,1144872,1146130,4667802,18696,673842,1573641,2065398,241135,1614223,1298285,3323934,805120,2058859,752377,12331,845405
661770,663240,Burst Shot,20351.0,1144872,1146130,4688153,18696,673842,1573641,2065398,241135,1614223,1298285,3323934,805120,2058859,752377,12331,845405
662720,663478,Shot,8399.0,1144872,1146130,4688153,18696,673842,1573641,2065398,241135,1614223,1298285,3323934,805120,2067258,752377,12331,845405
662569,663599,Empyreal Arrow,32390.0,1144872,1146130,4688153,18696,673842,1606031,2065398,241135,1614223,1298285,3323934,805120,2067258,752377,12331,845405
629399,664500,Stormbite (dot),3118.0,1144872,1146130,4688153,18696,673842,1606031,2065398,241135,1614223,1298285,3323934,805120,2067258,752377,12331,848523
629399,664500,Caustic Bite (dot),2493.0,1144872,1146130,4688153,18696,676335,1606031,2065398,241135,1614223,1298285,3323934,805120,2067258,752377,12331,848523
663189,664839,Heartbreak Shot,20284.0,1144872,1146130,4688153,18696,676335,1606031,2085682,241135,1614223,1298285,3323934,805120,2067258,752377,12331,848523
664260,665730,Refulgent Arrow,9162.0,1144872,1146130,4688153,18696,676335,1606031,2085682,241135,1614223,1298285,3333096,805120,2067258,752377,12331,848523
664260,665730,Burst Shot,20205.0,1144872,1146130,4708358,18696,676335,1606031,2085682,241135,1614223,1298285,3333096,805120,2067258,752377,12331,848523
665760,666518,Shot,8399.0,1144872,1146130,4708358,18696,676335,1606031,2085682,241135,1614223,1298285,3333096,805120,2075657,752377,12331,848523
664910,666560,Heartbreak Shot,8810.0,1144872,1146130,4708358,18696,676335,1606031,2094492,241135,1614223,1298285,3333096,805120,2075657,752377,12331,848523
629399,667500,Stormbite (dot),3118.0,1144872,1146130,4708358,18696,676335,1606031,2094492,241135,1614223,1298285,3333096,805120,2075657,752377,12331,851641
629399,667500,Caustic Bite (dot),2493.0,1144872,1146130,4708358,18696,678828,1606031,2094492,241135,1614223,1298285,3333096,805120,2075657,752377,12331,851641
666750,668220,Burst Shot,20373.0,1144872,1146130,4728731,18696,678828,1606031,2094492,241135,1614223,1298285,3333096,805120,2075657,752377,12331,851641
666750,668220,Refulgent Arrow,8949.0,1144872,1146130,4728731,18696,678828,1606031,2094492,241135,1614223,1298285,3342045,805120,2075657,752377,12331,851641
667370,669020,Heartbreak Shot,20181.0,1144872,1146130,4728731,18696,678828,1606031,2114673,241135,1614223,1298285,3342045,805120,2075657,752377,12331,851641
668800,669558,Shot,8399.0,1144872,1146130,4728731,18696,678828,1606031,2114673,241135,1614223,1298285,3342045,805120,2084056,752377,12331,851641
669240,670310,Apex Arrow,2020.0,1146892,1146130,4728731,18696,678828,1606031,2114673,241135,1614223,1298285,3342045,805120,2084056,752377,12331,851641
669240,670310,Apex Arrow,7004.0,1153896,1146130,4728731,18696,678828,1606031,2114673,241135,1614223,1298285,3342045,805120,2084056,752377,12331,851641
669240,670310,Apex Arrow,319.0,1154215,1146130,4728731,18696,678828,1606031,2114673,241135,1614223,1298285,3342045,805120,2084056,752377,12331,851641
669240,670310,Apex Arrow,7555.0,1161770,1146130,4728731,18696,678828,1606031,2114673,241135,1614223,1298285,3342045,805120,2084056,752377,12331,851641
669240,670310,Apex Arrow,13.0,1161783,1146130,4728731,18696,678828,1606031,2114673,241135,1614223,1298285,3342045,805120,2084056,752377,12331,851641
669240,670310,Apex Arrow,952.0,1162735,1146130,4728731,18696,678828,1606031,2114673,241135,1614223,1298285,3342045,805120,2084056,752377,12331,851641
669240,670310,Apex Arrow,8094.0,1170829,1146130,4728731,18696,678828,1606031,2114673,241135,1614223,1298285,3342045,805120,2084056,752377,12331,851641
669240,670310,Apex Arrow,62.0,1170891,1146130,4728731,18696,678828,1606031,2114673,241135,1614223,1298285,3342045,805120,2084056,752377,12331,851641
669240,670310,Apex Arrow,8241.0,1179132,1146130,4728731,18696,678828,1606031,2114673,241135,1614223,1298285,3342045,805120,2084056,752377,12331,851641
669240,670310,Apex Arrow,4179.0,1183311,1146130,4728731,18696,678828,1606031,2114673,241135,1614223,1298285,3342045,805120,2084056,752377,12331,851641
669240,670310,Apex Arrow,41224.0,1224535,1146130,4728731,18696,678828,1606031,2114673,241135,1614223,1298285,3342045,805120,2084056,752377,12331,851641
629399,670500,Caustic Bite (dot),2493.0,1224535,1146130,4728731,18696,681321,1606031,2114673,241135,1614223,1298285,3342045,805120,2084056,752377,12331,851641
629399,670500,Stormbite (dot),3118.0,1224535,1146130,4728731,18696,681321,1606031,2114673,241135,1614223,1298285,3342045,805120,2084056,752377,12331,854759
669890,671540,Heartbreak Shot,8846.0,1224535,1146130,4728731,18696,681321,1606031,2123519,241135,1614223,1298285,3342045,805120,2084056,752377,12331,854759
671840,672598,Shot,8399.0,1224535,1146130,4728731,18696,681321,1606031,2123519,241135,1614223,1298285,3342045,805120,2092455,752377,12331,854759
672589,673119,Sidewinder,49833.0,1224535,1146130,4728731,18696,681321,1606031,2123519,241135,1614223,1298285,3342045,805120,2092455,802210,12331,854759
671730,673200,Burst Shot,2441.0,1224535,1146130,4731172,18696,681321,1606031,2123519,241135,1614223,1298285,3342045,805120,2092455,802210,12331,854759
671730,673200,Refulgent Arrow,1130.0,1224535,1146130,4731172,18696,681321,1606031,2123519,241135,1614223,1298285,3343175,805120,2092455,802210,12331,854759
671730,673380,Blast Arrow,76614.0,1224535,1222744,4731172,18696,681321,1606031,2123519,241135,1614223,1298285,3343175,805120,2092455,802210,12331,854759
629399,673500,Caustic Bite (dot),2493.0,1224535,1222744,4731172,18696,683814,1606031,2123519,241135,1614223,1298285,3343175,805120,2092455,802210,12331,854759
629399,673500,Stormbite (dot),3118.0,1224535,1222744,4731172,18696,683814,1606031,2123519,241135,1614223,1298285,3343175,805120,2092455,802210,12331,857877
673209,674859,Heartbreak Shot,8989.0,1224535,1222744,4731172,18696,683814,1606031,2132508,241135,1614223,1298285,3343175,805120,2092455,802210,12331,857877
674220,674890,Iron Jaws,12454.0,1224535,1222744,4731172,18696,683814,1606031,2132508,253589,1614223,1298285,3343175,805120,2092455,802210,12331,857877
674880,675638,Shot,8399.0,1224535,1222744,4731172,18696,683814,1606031,2132508,253589,1614223,1298285,3343175,805120,2100854,802210,12331,857877
674220,676500,Stormbite (dot),3115.0,1224535,1222744,4731172,18696,683814,1606031,2132508,253589,1614223,1298285,3343175,805120,2100854,802210,12331,860992
674220,676500,Caustic Bite (dot),2491.0,1224535,1222744,4731172,18696,686305,1606031,2132508,253589,1614223,1298285,3343175,805120,2100854,802210,12331,860992
674870,676520,Heartbreak Shot,11189.0,1224535,1222744,4731172,18696,686305,1606031,2143697,253589,1614223,1298285,3343175,805120,2100854,802210,12331,860992
676710,678180,Refulgent Arrow,17983.0,1224535,1222744,4731172,18696,686305,1606031,2143697,253589,1614223,1298285,3361158,805120,2100854,802210,12331,860992
676710,678180,Burst Shot,13275.0,1224535,1222744,4744447,18696,686305,1606031,2143697,253589,1614223,1298285,3361158,805120,2100854,802210,12331,860992
677569,678599,Empyreal Arrow,32390.0,1224535,1222744,4744447,18696,686305,1638421,2143697,253589,1614223,1298285,3361158,805120,2100854,802210,12331,860992
677920,678678,Shot,8399.0,1224535,1222744,4744447,18696,686305,1638421,2143697,253589,1614223,1298285,3361158,805120,2109253,802210,12331,860992
674220,679500,Caustic Bite (dot),2491.0,1224535,1222744,4744447,18696,688796,1638421,2143697,253589,1614223,1298285,3361158,805120,2109253,802210,12331,860992
674220,679500,Stormbite (dot),3115.0,1224535,1222744,4744447,18696,688796,1638421,2143697,253589,1614223,1298285,3361158,805120,2109253,802210,12331,864107
678189,679839,Heartbreak Shot,20100.0,1224535,1222744,4744447,18696,688796,1638421,2163797,253589,1614223,1298285,3361158,805120,2109253,802210,12331,864107
679200,680670,Refulgent Arrow,8970.0,1224535,1222744,4744447,18696,688796,1638421,2163797,253589,1614223,1298285,3370128,805120,2109253,802210,12331,864107
679200,680670,Burst Shot,20356.0,1224535,1222744,4764803,18696,688796,1638421,2163797,253589,1614223,1298285,3370128,805120,2109253,802210,12331,864107
679820,681470,Heartbreak Shot,9063.0,1224535,1222744,4764803,18696,688796,1638421,2172860,253589,1614223,1298285,3370128,805120,2109253,802210,12331,864107
680960,681718,Shot,8399.0,1224535,1222744,4764803,18696,688796,1638421,2172860,253589,1614223,1298285,3370128,805120,2117652,802210,12331,864107
674220,682500,Stormbite (dot),3115.0,1224535,1222744,4764803,18696,688796,1638421,2172860,253589,1614223,1298285,3370128,805120,2117652,802210,12331,867222
674220,682500,Caustic Bite (dot),2491.0,1224535,1222744,4764803,18696,691287,1638421,2172860,253589,1614223,1298285,3370128,805120,2117652,802210,12331,867222
681690,683160,Burst Shot,20208.0,1224535,1222744,4785011,18696,691287,1638421,2172860,253589,1614223,1298285,3370128,805120,2117652,802210,12331,867222
681690,683160,Refulgent Arrow,9159.0,1224535,1222744,4785011,18696,691287,1638421,2172860,253589,1614223,1298285,3379287,805120,2117652,802210,12331,867222
682310,683960,Heartbreak Shot,20172.0,1224535,1222744,4785011,18696,691287,1638421,2193032,253589,1614223,1298285,3379287,805120,2117652,802210,12331,867222
684000,684758,Shot,8374.0,1224535,1222744,4785011,18696,691287,1638421,2193032,253589,1614223,1298285,3379287,805120,2126026,802210,12331,867222
674220,685500,Caustic Bite (dot),2491.0,1224535,1222744,4785011,18696,693778,1638421,2193032,253589,1614223,1298285,3379287,805120,2126026,802210,12331,867222
674220,685500,Stormbite (dot),3115.0,1224535,1222744,4785011,18696,693778,1638421,2193032,253589,1614223,1298285,3379287,805120,2126026,802210,12331,870337
684180,685650,Refulgent Arrow,9079.0,1224535,1222744,4785011,18696,693778,1638421,2193032,253589,1614223,1298285,3388366,805120,2126026,802210,12331,870337
684180,685650,Burst Shot,20189.0,1224535,1222744,4805200,18696,693778,1638421,2193032,253589,1614223,1298285,3388366,805120,2126026,802210,12331,870337
687040,687798,Shot,8374.0,1224535,1222744,4805200,18696,693778,1638421,2193032,253589,1614223,1298285,3388366,805120,2134400,802210,12331,870337
686670,688140,Burst Shot,20287.0,1224535,1222744,4825487,18696,693778,1638421,2193032,253589,1614223,1298285,3388366,805120,2134400,802210,12331,870337
686670,688140,Refulgent Arrow,8954.0,1224535,1222744,4825487,18696,693778,1638421,2193032,253589,1614223,1298285,3397320,805120,2134400,802210,12331,870337
674220,688500,Caustic Bite (dot),2491.0,1224535,1222744,4825487,18696,696269,1638421,2193032,253589,1614223,1298285,3397320,805120,2134400,802210,12331,870337
674220,688500,Stormbite (dot),3115.0,1224535,1222744,4825487,18696,696269,1638421,2193032,253589,1614223,1298285,3397320,805120,2134400,802210,12331,873452
689060,690530,Burst Shot,19924.0,1224535,1222744,4845411,18696,696269,1638421,2193032,253589,1614223,1298285,3397320,805120,2134400,802210,12331,873452
689060,690530,Refulgent Arrow,9416.0,1224535,1222744,4845411,18696,696269,1638421,2193032,253589,1614223,1298285,3406736,805120,2134400,802210,12331,873452
690080,690838,Shot,8374.0,1224535,1222744,4845411,18696,696269,1638421,2193032,253589,1614223,1298285,3406736,805120,2142774,802210,12331,873452
689710,691360,Heartbreak Shot,11039.0,1224535,1222744,4845411,18696,696269,1638421,2204071,253589,1614223,1298285,3406736,805120,2142774,802210,12331,873452
674220,691500,Caustic Bite (dot),2491.0,1224535,1222744,4845411,18696,698760,1638421,2204071,253589,1614223,1298285,3406736,805120,2142774,802210,12331,873452
674220,691500,Stormbite (dot),3115.0,1224535,1222744,4845411,18696,698760,1638421,2204071,253589,1614223,1298285,3406736,805120,2142774,802210,12331,876567
691450,692920,Refulgent Arrow,8912.0,1224535,1222744,4845411,18696,698760,1638421,2204071,253589,1614223,1298285,3415648,805120,2142774,802210,12331,876567
691450,692920,Burst Shot,20320.0,1224535,1222744,4865731,18696,698760,1638421,2204071,253589,1614223,1298285,3415648,805120,2142774,802210,12331,876567
692569,693599,Empyreal Arrow,32293.0,1224535,1222744,4865731,18696,698760,1670714,2204071,253589,1614223,1298285,3415648,805120,2142774,802210,12331,876567
693120,693878,Shot,8374.0,1224535,1222744,4865731,18696,698760,1670714,2204071,253589,1614223,1298285,3415648,805120,2151148,802210,12331,876567
674220,694500,Stormbite (dot),3115.0,1224535,1222744,4865731,18696,698760,1670714,2204071,253589,1614223,1298285,3415648,805120,2151148,802210,12331,879682
674220,694500,Caustic Bite (dot),2491.0,1224535,1222744,4865731,18696,701251,1670714,2204071,253589,1614223,1298285,3415648,805120,2151148,802210,12331,879682
693840,695310,Refulgent Arrow,9104.0,1224535,1222744,4865731,18696,701251,1670714,2204071,253589,1614223,1298285,3424752,805120,2151148,802210,12331,879682
693840,695310,Burst Shot,20170.0,1224535,1222744,4885901,18696,701251,1670714,2204071,253589,1614223,1298285,3424752,805120,2151148,802210,12331,879682
696160,696918,Shot,8374.0,1224535,1222744,4885901,18696,701251,1670714,2204071,253589,1614223,1298285,3424752,805120,2159522,802210,12331,879682
674220,697500,Caustic Bite (dot),2491.0,1224535,1222744,4885901,18696,703742,1670714,2204071,253589,1614223,1298285,3424752,805120,2159522,802210,12331,879682
696030,697500,Burst Shot,20159.0,1224535,1222744,4906060,18696,703742,1670714,2204071,253589,1614223,1298285,3424752,805120,2159522,802210,12331,879682
696030,697500,Refulgent Arrow,9117.0,1224535,1222744,4906060,18696,703742,1670714,2204071,253589,1614223,1298285,3433869,805120,2159522,802210,12331,879682
674220,697500,Stormbite (dot),3115.0,1224535,1222744,4906060,18696,703742,1670714,2204071,253589,1614223,1298285,3433869,805120,2159522,802210,12331,882797
696680,698330,Heartbreak Shot,11312.0,1224535,1222744,4906060,18696,703742,1670714,2215383,253589,1614223,1298285,3433869,805120,2159522,802210,12331,882797
698120,699590,Refulgent Arrow,8982.0,1224535,1222744,4906060,18696,703742,1670714,2215383,253589,1614223,1298285,3442851,805120,2159522,802210,12331,882797
698120,699590,Burst Shot,20265.0,1224535,1222744,4926325,18696,703742,1670714,2215383,253589,1614223,1298285,3442851,805120,2159522,802210,12331,882797
699200,699958,Shot,8374.0,1224535,1222744,4926325,18696,703742,1670714,2215383,253589,1614223,1298285,3442851,805120,2167896,802210,12331,882797
674220,700500,Caustic Bite (dot),2491.0,1224535,1222744,4926325,18696,706233,1670714,2215383,253589,1614223,1298285,3442851,805120,2167896,802210,12331,882797
674220,700500,Stormbite (dot),3115.0,1224535,1222744,4926325,18696,706233,1670714,2215383,253589,1614223,1298285,3442851,805120,2167896,802210,12331,885912
700210,701680,Burst Shot,20088.0,1224535,1222744,4946413,18696,706233,1670714,2215383,253589,1614223,1298285,3442851,805120,2167896,802210,12331,885912
700210,701680,Refulgent Arrow,9208.0,1224535,1222744,4946413,18696,706233,1670714,2215383,253589,1614223,1298285,3452059,805120,2167896,802210,12331,885912
702240,702998,Shot,8374.0,1224535,1222744,4946413,18696,706233,1670714,2215383,253589,1614223,1298285,3452059,805120,2176270,802210,12331,885912
674220,703500,Stormbite (dot),3115.0,1224535,1222744,4946413,18696,706233,1670714,2215383,253589,1614223,1298285,3452059,805120,2176270,802210,12331,889027
674220,703500,Caustic Bite (dot),2491.0,1224535,1222744,4946413,18696,708724,1670714,2215383,253589,1614223,1298285,3452059,805120,2176270,802210,12331,889027
702300,703770,Burst Shot,20224.0,1224535,1222744,4966637,18696,708724,1670714,2215383,253589,1614223,1298285,3452059,805120,2176270,802210,12331,889027
702300,703770,Refulgent Arrow,9034.0,1224535,1222744,4966637,18696,708724,1670714,2215383,253589,1614223,1298285,3461093,805120,2176270,802210,12331,889027
704390,705860,Refulgent Arrow,9010.0,1224535,1222744,4966637,18696,708724,1670714,2215383,253589,1614223,1298285,3470103,805120,2176270,802210,12331,889027
704390,705860,Burst Shot,20243.0,1224535,1222744,4986880,18696,708724,1670714,2215383,253589,1614223,1298285,3470103,805120,2176270,802210,12331,889027
705280,706038,Shot,8374.0,1224535,1222744,4986880,18696,708724,1670714,2215383,253589,1614223,1298285,3470103,805120,2184644,802210,12331,889027
674220,706500,Stormbite (dot),3115.0,1224535,1222744,4986880,18696,708724,1670714,2215383,253589,1614223,1298285,3470103,805120,2184644,802210,12331,892142
674220,706500,Caustic Bite (dot),2491.0,1224535,1222744,4986880,18696,711215,1670714,2215383,253589,1614223,1298285,3470103,805120,2184644,802210,12331,892142
706480,707950,Refulgent Arrow,9100.0,1224535,1222744,4986880,18696,711215,1670714,2215383,253589,1614223,1298285,3479203,805120,2184644,802210,12331,892142
706480,707950,Burst Shot,20172.0,1224535,1222744,5007052,18696,711215,1670714,2215383,253589,1614223,1298285,3479203,805120,2184644,802210,12331,892142
707569,708599,Empyreal Arrow,32293.0,1224535,1222744,5007052,18696,711215,1703007,2215383,253589,1614223,1298285,3479203,805120,2184644,802210,12331,892142
708320,709078,Shot,8374.0,1224535,1222744,5007052,18696,711215,1703007,2215383,253589,1614223,1298285,3479203,805120,2193018,802210,12331,892142
708570,709240,Iron Jaws,12417.0,1224535,1222744,5007052,18696,711215,1703007,2215383,266006,1614223,1298285,3479203,805120,2193018,802210,12331,892142
708570,709500,Caustic Bite (dot),2484.0,1224535,1222744,5007052,18696,713699,1703007,2215383,266006,1614223,1298285,3479203,805120,2193018,802210,12331,892142
708570,709500,Stormbite (dot),3106.0,1224535,1222744,5007052,18696,713699,1703007,2215383,266006,1614223,1298285,3479203,805120,2193018,802210,12331,895248
711360,712118,Shot,8374.0,1224535,1222744,5007052,18696,713699,1703007,2215383,266006,1614223,1298285,3479203,805120,2201392,802210,12331,895248
710660,712130,Burst Shot,13317.0,1224535,1222744,5020369,18696,713699,1703007,2215383,266006,1614223,1298285,3479203,805120,2201392,802210,12331,895248
710660,712130,Refulgent Arrow,17825.0,1224535,1222744,5020369,18696,713699,1703007,2215383,266006,1614223,1298285,3497028,805120,2201392,802210,12331,895248
708570,712500,Stormbite (dot),3106.0,1224535,1222744,5020369,18696,713699,1703007,2215383,266006,1614223,1298285,3497028,805120,2201392,802210,12331,898354
708570,712500,Caustic Bite (dot),2484.0,1224535,1222744,5020369,18696,716183,1703007,2215383,266006,1614223,1298285,3497028,805120,2201392,802210,12331,898354
712750,714220,Burst Shot,20287.0,1224535,1222744,5040656,18696,716183,1703007,2215383,266006,1614223,1298285,3497028,805120,2201392,802210,12331,898354
712750,714220,Refulgent Arrow,8954.0,1224535,1222744,5040656,18696,716183,1703007,2215383,266006,1614223,1298285,3505982,805120,2201392,802210,12331,898354
714400,715158,Shot,8374.0,1224535,1222744,5040656,18696,716183,1703007,2215383,266006,1614223,1298285,3505982,805120,2209766,802210,12331,898354
708570,715500,Stormbite (dot),3106.0,1224535,1222744,5040656,18696,716183,1703007,2215383,266006,1614223,1298285,3505982,805120,2209766,802210,12331,901460
708570,715500,Caustic Bite (dot),2484.0,1224535,1222744,5040656,18696,718667,1703007,2215383,266006,1614223,1298285,3505982,805120,2209766,802210,12331,901460
714840,716310,Burst Shot,20129.0,1224535,1222744,5060785,18696,718667,1703007,2215383,266006,1614223,1298285,3505982,805120,2209766,802210,12331,901460
714840,716310,Refulgent Arrow,9156.0,1224535,1222744,5060785,18696,718667,1703007,2215383,266006,1614223,1298285,3515138,805120,2209766,802210,12331,901460
717440,718198,Shot,8374.0,1224535,1222744,5060785,18696,718667,1703007,2215383,266006,1614223,1298285,3515138,805120,2218140,802210,12331,901460
716930,718400,Burst Shot,20271.0,1224535,1222744,5081056,18696,718667,1703007,2215383,266006,1614223,1298285,3515138,805120,2218140,802210,12331,901460
716930,718400,Refulgent Arrow,8975.0,1224535,1222744,5081056,18696,718667,1703007,2215383,266006,1614223,1298285,3524113,805120,2218140,802210,12331,901460
708570,718500,Caustic Bite (dot),2484.0,1224535,1222744,5081056,18696,721151,1703007,2215383,266006,1614223,1298285,3524113,805120,2218140,802210,12331,901460
708570,718500,Stormbite (dot),3106.0,1224535,1222744,5081056,18696,721151,1703007,2215383,266006,1614223,1298285,3524113,805120,2218140,802210,12331,904566
719020,720490,Refulgent Arrow,9121.0,1224535,1222744,5081056,18696,721151,1703007,2215383,266006,1614223,1298285,3533234,805120,2218140,802210,12331,904566
719020,720490,Burst Shot,20156.0,1224535,1222744,5101212,18696,721151,1703007,2215383,266006,1614223,1298285,3533234,805120,2218140,802210,12331,904566
720480,721238,Shot,8374.0,1224535,1222744,5101212,18696,721151,1703007,2215383,266006,1614223,1298285,3533234,805120,2226514,802210,12331,904566
708570,721500,Caustic Bite (dot),2484.0,1224535,1222744,5101212,18696,723635,1703007,2215383,266006,1614223,1298285,3533234,805120,2226514,802210,12331,904566
708570,721500,Stormbite (dot),3106.0,1224535,1222744,5101212,18696,723635,1703007,2215383,266006,1614223,1298285,3533234,805120,2226514,802210,12331,907672
721111,722581,Refulgent Arrow,8874.0,1224535,1222744,5101212,18696,723635,1703007,2215383,266006,1614223,1298285,3542108,805120,2226514,802210,12331,907672
721111,722581,Burst Shot,20350.0,1224535,1222744,5121562,18696,723635,1703007,2215383,266006,1614223,1298285,3542108,805120,2226514,802210,12331,907672
723520,724278,Shot,9097.0,1224535,1222744,5121562,18696,723635,1703007,2215383,266006,1614223,1298285,3542108,805120,2235611,802210,12331,907672
708570,724500,Stormbite (dot),3106.0,1224535,1222744,5121562,18696,723635,1703007,2215383,266006,1614223,1298285,3542108,805120,2235611,802210,12331,910778
708570,724500,Caustic Bite (dot),2484.0,1224535,1222744,5121562,18696,726119,1703007,2215383,266006,1614223,1298285,3542108,805120,2235611,802210,12331,910778
723201,724671,Burst Shot,21850.0,1224535,1222744,5143412,18696,726119,1703007,2215383,266006,1614223,1298285,3542108,805120,2235611,802210,12331,910778
723201,724671,Refulgent Arrow,9965.0,1224535,1222744,5143412,18696,726119,1703007,2215383,266006,1614223,1298285,3552073,805120,2235611,802210,12331,910778
723821,724851,Empyreal Arrow,35080.0,1224535,1222744,5143412,18696,726119,1738087,2215383,266006,1614223,1298285,3552073,805120,2235611,802210,12331,910778
725391,726861,Refulgent Arrow,9735.0,1224535,1222744,5143412,18696,726119,1738087,2215383,266006,1614223,1298285,3561808,805120,2235611,802210,12331,910778
725391,726861,Burst Shot,22031.0,1224535,1222744,5165443,18696,726119,1738087,2215383,266006,1614223,1298285,3561808,805120,2235611,802210,12331,910778
726560,727318,Shot,10659.0,1224535,1222744,5165443,18696,726119,1738087,2215383,266006,1614223,1298285,3561808,805120,2246270,802210,12331,910778
708570,727500,Caustic Bite (dot),2484.0,1224535,1222744,5165443,18696,728603,1738087,2215383,266006,1614223,1298285,3561808,805120,2246270,802210,12331,910778
708570,727500,Stormbite (dot),3106.0,1224535,1222744,5165443,18696,728603,1738087,2215383,266006,1614223,1298285,3561808,805120,2246270,802210,12331,913884
727581,729051,Refulgent Arrow,12726.0,1224535,1222744,5165443,18696,728603,1738087,2215383,266006,1614223,1298285,3574534,805120,2246270,802210,12331,913884
727581,729051,Burst Shot,28576.0,1224535,1222744,5194019,18696,728603,1738087,2215383,266006,1614223,1298285,3574534,805120,2246270,802210,12331,913884
728829,729629,Pitch Perfect,51114.0,1224535,1222744,5194019,18696,728603,1738087,2215383,266006,1665337,1298285,3574534,805120,2246270,802210,12331,913884
729600,730358,Shot,14991.0,1224535,1222744,5194019,18696,728603,1738087,2215383,266006,1665337,1298285,3574534,805120,2261261,802210,12331,913884
728829,730479,Heartbreak Shot,14462.0,1224535,1222744,5194019,18696,728603,1738087,2229845,266006,1665337,1298285,3574534,805120,2261261,802210,12331,913884
708570,730500,Stormbite (dot),3106.0,1224535,1222744,5194019,18696,728603,1738087,2229845,266006,1665337,1298285,3574534,805120,2261261,802210,12331,916990
708570,730500,Caustic Bite (dot),2484.0,1224535,1222744,5194019,18696,731087,1738087,2229845,266006,1665337,1298285,3574534,805120,2261261,802210,12331,916990
729771,731731,Radiant Encore,244587.0,1224535,1222744,5194019,18696,731087,1738087,2229845,266006,1665337,1542872,3574534,805120,2261261,802210,12331,916990
731041,731841,Pitch Perfect,20698.0,1224535,1222744,5194019,18696,731087,1738087,2229845,266006,1686035,1542872,3574534,805120,2261261,802210,12331,916990
730391,732041,Heartbreak Shot,40016.0,1224535,1222744,5194019,18696,731087,1738087,2269861,266006,1686035,1542872,3574534,805120,2261261,802210,12331,916990
731041,732691,Heartbreak Shot,25554.0,1224535,1222744,5194019,18696,731087,1738087,2295415,266006,1686035,1542872,3574534,805120,2261261,802210,12331,916990
732589,733119,Sidewinder,88940.0,1224535,1222744,5194019,18696,731087,1738087,2295415,266006,1686035,1542872,3574534,805120,2261261,891150,12331,916990
732640,733398,Shot,14991.0,1224535,1222744,5194019,18696,731087,1738087,2295415,266006,1686035,1542872,3574534,805120,2276252,891150,12331,916990
731961,733431,Refulgent Arrow,15936.0,1224535,1222744,5194019,18696,731087,1738087,2295415,266006,1686035,1542872,3590470,805120,2276252,891150,12331,916990
731961,733431,Burst Shot,36387.0,1224535,1222744,5230406,18696,731087,1738087,2295415,266006,1686035,1542872,3590470,805120,2276252,891150,12331,916990
708570,733500,Caustic Bite (dot),2484.0,1224535,1222744,5230406,18696,733571,1738087,2295415,266006,1686035,1542872,3590470,805120,2276252,891150,12331,916990
708570,733500,Stormbite (dot),3106.0,1224535,1222744,5230406,18696,733571,1738087,2295415,266006,1686035,1542872,3590470,805120,2276252,891150,12331,920096
735101,735901,Pitch Perfect,6179.0,1224535,1222744,5230406,18696,733571,1738087,2295415,266006,1692214,1542872,3590470,805120,2276252,891150,12331,920096
734451,735921,Burst Shot,36167.0,1224535,1222744,5266573,18696,733571,1738087,2295415,266006,1692214,1542872,3590470,805120,2276252,891150,12331,920096
734451,735921,Refulgent Arrow,16216.0,1224535,1222744,5266573,18696,733571,1738087,2295415,266006,1692214,1542872,3606686,805120,2276252,891150,12331,920096
735680,736438,Shot,14991.0,1224535,1222744,5266573,18696,733571,1738087,2295415,266006,1692214,1542872,3606686,805120,2291243,891150,12331,920096
708570,736500,Caustic Bite (dot),2484.0,1224535,1222744,5266573,18696,736055,1738087,2295415,266006,1692214,1542872,3606686,805120,2291243,891150,12331,920096
708570,736500,Stormbite (dot),3106.0,1224535,1222744,5266573,18696,736055,1738087,2295415,266006,1692214,1542872,3606686,805120,2291243,891150,12331,923202
735101,736751,Heartbreak Shot,18219.0,1224535,1222744,5266573,18696,736055,1738087,2313634,266006,1692214,1542872,3606686,805120,2291243,891150,12331,923202
735751,737401,Heartbreak Shot,1544.0,1224535,1222744,5266573,18696,736055,1738087,2315178,266006,1692214,1542872,3606686,805120,2291243,891150,12331,923202
737561,738361,Pitch Perfect,27142.0,1224535,1222744,5266573,18696,736055,1738087,2315178,266006,1719356,1542872,3606686,805120,2291243,891150,12331,923202
736941,738411,Refulgent Arrow,16602.0,1224535,1222744,5266573,18696,736055,1738087,2315178,266006,1719356,1542872,3623288,805120,2291243,891150,12331,923202
736941,738411,Burst Shot,35864.0,1224535,1222744,5302437,18696,736055,1738087,2315178,266006,1719356,1542872,3623288,805120,2291243,891150,12331,923202
738720,739478,Shot,14991.0,1224535,1222744,5302437,18696,736055,1738087,2315178,266006,1719356,1542872,3623288,805120,2306234,891150,12331,923202
708570,739500,Caustic Bite (dot),2484.0,1224535,1222744,5302437,18696,738539,1738087,2315178,266006,1719356,1542872,3623288,805120,2306234,891150,12331,923202
708570,739500,Stormbite (dot),3106.0,1224535,1222744,5302437,18696,738539,1738087,2315178,266006,1719356,1542872,3623288,805120,2306234,891150,12331,926308
738821,739851,Empyreal Arrow,57807.0,1224535,1222744,5302437,18696,738539,1795894,2315178,266006,1719356,1542872,3623288,805120,2306234,891150,12331,926308
739441,740511,Apex Arrow,3238.0,1227773,1222744,5302437,18696,738539,1795894,2315178,266006,1719356,1542872,3623288,805120,2306234,891150,12331,926308
739441,740511,Apex Arrow,124.0,1227897,1222744,5302437,18696,738539,1795894,2315178,266006,1719356,1542872,3623288,805120,2306234,891150,12331,926308
739441,740511,Apex Arrow,370.0,1228267,1222744,5302437,18696,738539,1795894,2315178,266006,1719356,1542872,3623288,805120,2306234,891150,12331,926308
739441,740511,Apex Arrow,1176.0,1229443,1222744,5302437,18696,738539,1795894,2315178,266006,1719356,1542872,3623288,805120,2306234,891150,12331,926308
739441,740511,Apex Arrow,11.0,1229454,1222744,5302437,18696,738539,1795894,2315178,266006,1719356,1542872,3623288,805120,2306234,891150,12331,926308
739441,740511,Apex Arrow,150321.0,1379775,1222744,5302437,18696,738539,1795894,2315178,266006,1719356,1542872,3623288,805120,2306234,891150,12331,926308
740681,741481,Pitch Perfect,46872.0,1379775,1222744,5302437,18696,738539,1795894,2315178,266006,1766228,1542872,3623288,805120,2306234,891150,12331,926308
708570,742500,Caustic Bite (dot),2484.0,1379775,1222744,5302437,18696,741023,1795894,2315178,266006,1766228,1542872,3623288,805120,2306234,891150,12331,926308
708570,742500,Stormbite (dot),3106.0,1379775,1222744,5302437,18696,741023,1795894,2315178,266006,1766228,1542872,3623288,805120,2306234,891150,12331,929414
741760,742518,Shot,14991.0,1379775,1222744,5302437,18696,741023,1795894,2315178,266006,1766228,1542872,3623288,805120,2321225,891150,12331,929414
741931,743401,Burst Shot,4.0,1379775,1222744,5302441,18696,741023,1795894,2315178,266006,1766228,1542872,3623288,805120,2321225,891150,12331,929414
741931,743581,Blast Arrow,155628.0,1379775,1378372,5302441,18696,741023,1795894,2315178,266006,1766228,1542872,3623288,805120,2321225,891150,12331,929414
743231,744031,Pitch Perfect,21931.0,1379775,1378372,5302441,18696,741023,1795894,2315178,266006,1788159,1542872,3623288,805120,2321225,891150,12331,929414
742581,744231,Heartbreak Shot,20252.0,1379775,1378372,5302441,18696,741023,1795894,2335430,266006,1788159,1542872,3623288,805120,2321225,891150,12331,929414
708570,745500,Caustic Bite (dot),2484.0,1379775,1378372,5302441,18696,743507,1795894,2335430,266006,1788159,1542872,3623288,805120,2321225,891150,12331,929414
708570,745500,Stormbite (dot),3106.0,1379775,1378372,5302441,18696,743507,1795894,2335430,266006,1788159,1542872,3623288,805120,2321225,891150,12331,932520
744800,745558,Shot,14991.0,1379775,1378372,5302441,18696,743507,1795894,2335430,266006,1788159,1542872,3623288,805120,2336216,891150,12331,932520
744421,745581,Resonant Arrow,142301.0,1379775,1378372,5302441,18696,743507,1795894,2335430,266006,1788159,1542872,3623288,947421,2336216,891150,12331,932520
747561,748361,Pitch Perfect,6287.0,1379775,1378372,5302441,18696,743507,1795894,2335430,266006,1794446,1542872,3623288,947421,2336216,891150,12331,932520
746911,748381,Refulgent Arrow,53308.0,1379775,1378372,5302441,18696,743507,1795894,2335430,266006,1794446,1542872,3676596,947421,2336216,891150,12331,932520
708570,748500,Stormbite (dot),3106.0,1379775,1378372,5302441,18696,743507,1795894,2335430,266006,1794446,1542872,3676596,947421,2336216,891150,12331,935626
708570,748500,Caustic Bite (dot),2484.0,1379775,1378372,5302441,18696,745991,1795894,2335430,266006,1794446,1542872,3676596,947421,2336216,891150,12331,935626
746911,748501,Refulgent Arrow,53308.0,1379775,1378372,5302441,18696,745991,1795894,2335430,266006,1794446,1542872,3729904,947421,2336216,891150,12331,935626
747840,748598,Shot,10985.0,1379775,1378372,5302441,18696,745991,1795894,2335430,266006,1794446,1542872,3729904,947421,2347201,891150,12331,935626
746911,748621,Refulgent Arrow,53308.0,1379775,1378372,5302441,18696,745991,1795894,2335430,266006,1794446,1542872,3783212,947421,2347201,891150,12331,935626
750021,750821,Pitch Perfect,15980.0,1379775,1378372,5302441,18696,745991,1795894,2335430,266006,1810426,1542872,3783212,947421,2347201,891150,12331,935626
749401,750871,Burst Shot,22046.0,1379775,1378372,5324487,18696,745991,1795894,2335430,266006,1810426,1542872,3783212,947421,2347201,891150,12331,935626
749401,750871,Refulgent Arrow,9716.0,1379775,1378372,5324487,18696,745991,1795894,2335430,266006,1810426,1542872,3792928,947421,2347201,891150,12331,935626
708570,751500,Caustic Bite (dot),2484.0,1379775,1378372,5324487,18696,748475,1795894,2335430,266006,1810426,1542872,3792928,947421,2347201,891150,12331,935626
708570,751500,Stormbite (dot),3106.0,1379775,1378372,5324487,18696,748475,1795894,2335430,266006,1810426,1542872,3792928,947421,2347201,891150,12331,938732
750880,751638,Shot,9097.0,1379775,1378372,5324487,18696,748475,1795894,2335430,266006,1810426,1542872,3792928,947421,2356298,891150,12331,938732
750021,751671,Heartbreak Shot,7858.0,1379775,1378372,5324487,18696,748475,1795894,2343288,266006,1810426,1542872,3792928,947421,2356298,891150,12331,938732
750671,752321,Heartbreak Shot,4135.0,1379775,1378372,5324487,18696,748475,1795894,2347423,266006,1810426,1542872,3792928,947421,2356298,891150,12331,938732
752511,753311,Pitch Perfect,15830.0,1379775,1378372,5324487,18696,748475,1795894,2347423,266006,1826256,1542872,3792928,947421,2356298,891150,12331,938732
752511,753311,Pitch Perfect,7770.0,1379775,1378372,5324487,18696,748475,1795894,2347423,266006,1834026,1542872,3792928,947421,2356298,891150,12331,938732
752511,753311,Pitch Perfect,4549.0,1379775,1378372,5324487,18696,748475,1795894,2347423,266006,1838575,1542872,3792928,947421,2356298,891150,12331,938732
751891,753361,Refulgent Arrow,9954.0,1379775,1378372,5324487,18696,748475,1795894,2347423,266006,1838575,1542872,3802882,947421,2356298,891150,12331,938732
751891,753361,Burst Shot,21859.0,1379775,1378372,5346346,18696,748475,1795894,2347423,266006,1838575,1542872,3802882,947421,2356298,891150,12331,938732
