sim_timestamp,sim_damage_timestamp,sim_name,sim_expected,Auto,Cascade,Dance of the Dawn,Double Standard Finish,Fan Dance,Fan Dance III,Fan Dance IV,Finishing Move,Fountain,Fountainfall,Last Dance,Quadruple Technical Finish,Reverse Cascade,Saber Dance,Starfall Dance,Tillana
-600,-70,Double Standard Finish,105090.0,0,0,0,105090,0,0,0,0,0,0,0,0,0,0,0,0
-70,688,Auto,10937.0,10937,0,0,105090,0,0,0,0,0,0,0,0,0,0,0,0
3050,3808,Auto,10937.0,21874,0,0,105090,0,0,0,0,0,0,0,0,0,0,0,0
6170,6928,Auto,13463.0,35337,0,0,105090,0,0,0,0,0,0,0,0,0,0,0,0
6400,6935,Quadruple Technical Finish,224792.0,35337,0,0,105090,0,0,0,0,0,0,0,224792,0,0,0,0
8525,9145,Fan Dance III,46016.0,35337,0,0,105090,0,46016,0,0,0,0,0,224792,0,0,0,0
7900,9150,Last Dance,112962.0,35337,0,0,105090,0,46016,0,0,0,0,112962,224792,0,0,0,0
9150,9470,Fan Dance IV,96229.0,35337,0,0,105090,0,46016,96229,0,0,0,112962,224792,0,0,0,0
9290,10048,Auto,16288.0,51625,0,0,105090,0,46016,96229,0,0,0,112962,224792,0,0,0,0
10400,11240,Tillana,106469.0,51625,0,0,105090,0,46016,96229,0,0,0,112962,224792,0,0,0,106469
10400,11290,Starfall Dance,23530.0,51625,0,0,105090,0,46016,96229,0,0,0,112962,224792,0,0,23530,106469
10400,12760,Dance of the Dawn,9435.0,51625,0,9435,105090,0,46016,96229,0,0,0,112962,224792,0,0,23530,106469
12410,13168,Auto,16288.0,67913,0,9435,105090,0,46016,96229,0,0,0,112962,224792,0,0,23530,106469
12900,13740,Tillana,5485.0,67913,0,9435,105090,0,46016,96229,0,0,0,112962,224792,0,0,23530,111954
12900,13790,Starfall Dance,308.0,67913,0,9435,105090,0,46016,96229,0,0,0,112962,224792,0,0,23838,111954
12900,14110,Fountainfall,2496.0,67913,0,9435,105090,0,46016,96229,0,0,2496,112962,224792,0,0,23838,111954
13550,14170,Fan Dance,666.0,67913,0,9435,105090,666,46016,96229,0,0,2496,112962,224792,0,0,23838,111954
14200,14820,Fan Dance III,377.0,67913,0,9435,105090,666,46393,96229,0,0,2496,112962,224792,0,0,23838,111954
12900,15260,Dance of the Dawn,192428.0,67913,0,201863,105090,666,46393,96229,0,0,2496,112962,224792,0,0,23838,111954
15530,16288,Auto,16288.0,84201,0,201863,105090,666,46393,96229,0,0,2496,112962,224792,0,0,23838,111954
15400,17450,Finishing Move,177821.0,84201,0,201863,105090,666,46393,96229,177821,0,2496,112962,224792,0,0,23838,111954
17900,18340,Saber Dance,17656.0,84201,0,201863,105090,666,46393,96229,177821,0,2496,112962,224792,0,17656,23838,111954
17900,18740,Tillana,5786.0,84201,0,201863,105090,666,46393,96229,177821,0,2496,112962,224792,0,17656,23838,117740
17900,18790,Starfall Dance,165352.0,84201,0,201863,105090,666,46393,96229,177821,0,2496,112962,224792,0,17656,189190,117740
17900,19110,Fountainfall,903.0,84201,0,201863,105090,666,46393,96229,177821,0,3399,112962,224792,0,17656,189190,117740
18550,19170,Fan Dance,233.0,84201,0,201863,105090,899,46393,96229,177821,0,3399,112962,224792,0,17656,189190,117740
18650,19408,Auto,16288.0,100489,0,201863,105090,899,46393,96229,177821,0,3399,112962,224792,0,17656,189190,117740
19200,19820,Fan Dance III,151.0,100489,0,201863,105090,899,46544,96229,177821,0,3399,112962,224792,0,17656,189190,117740
17900,20260,Dance of the Dawn,7343.0,100489,0,209206,105090,899,46544,96229,177821,0,3399,112962,224792,0,17656,189190,117740
20400,20840,Saber Dance,75752.0,100489,0,209206,105090,899,46544,96229,177821,0,3399,112962,224792,0,93408,189190,117740
20400,21020,Reverse Cascade,398.0,100489,0,209206,105090,899,46544,96229,177821,0,3399,112962,224792,398,93408,189190,117740
20400,21240,Tillana,3728.0,100489,0,209206,105090,899,46544,96229,177821,0,3399,112962,224792,398,93408,189190,121468
20400,21290,Starfall Dance,30675.0,100489,0,209206,105090,899,46544,96229,177821,0,3399,112962,224792,398,93408,219865,121468
20400,21610,Fountainfall,10938.0,100489,0,209206,105090,899,46544,96229,177821,0,14337,112962,224792,398,93408,219865,121468
21050,21670,Fan Dance,3154.0,100489,0,209206,105090,4053,46544,96229,177821,0,14337,112962,224792,398,93408,219865,121468
21700,22320,Fan Dance III,1859.0,100489,0,209206,105090,4053,48403,96229,177821,0,14337,112962,224792,398,93408,219865,121468
21770,22528,Auto,16288.0,116777,0,209206,105090,4053,48403,96229,177821,0,14337,112962,224792,398,93408,219865,121468
22900,23340,Saber Dance,44925.0,116777,0,209206,105090,4053,48403,96229,177821,0,14337,112962,224792,398,138333,219865,121468
22900,23520,Reverse Cascade,1704.0,116777,0,209206,105090,4053,48403,96229,177821,0,14337,112962,224792,2102,138333,219865,121468
22900,23740,Tillana,2560.0,116777,0,209206,105090,4053,48403,96229,177821,0,14337,112962,224792,2102,138333,219865,124028
22900,23790,Starfall Dance,661.0,116777,0,209206,105090,4053,48403,96229,177821,0,14337,112962,224792,2102,138333,220526,124028
22900,24110,Fountainfall,39102.0,116777,0,209206,105090,4053,48403,96229,177821,0,53439,112962,224792,2102,138333,220526,124028
23550,24170,Fan Dance,10684.0,116777,0,209206,105090,14737,48403,96229,177821,0,53439,112962,224792,2102,138333,220526,124028
24200,24820,Fan Dance III,6414.0,116777,0,209206,105090,14737,54817,96229,177821,0,53439,112962,224792,2102,138333,220526,124028
24890,25648,Auto,15513.0,132290,0,209206,105090,14737,54817,96229,177821,0,53439,112962,224792,2102,138333,220526,124028
25400,25840,Saber Dance,44851.0,132290,0,209206,105090,14737,54817,96229,177821,0,53439,112962,224792,2102,183184,220526,124028
25400,26020,Reverse Cascade,19490.0,132290,0,209206,105090,14737,54817,96229,177821,0,53439,112962,224792,21592,183184,220526,124028
25400,26200,Cascade,83.0,132290,83,209206,105090,14737,54817,96229,177821,0,53439,112962,224792,21592,183184,220526,124028
25400,26240,Tillana,1422.0,132290,83,209206,105090,14737,54817,96229,177821,0,53439,112962,224792,21592,183184,220526,125450
25400,26610,Fountainfall,14894.0,132290,83,209206,105090,14737,54817,96229,177821,0,68333,112962,224792,21592,183184,220526,125450
26025,26645,Fan Dance,9385.0,132290,83,209206,105090,24122,54817,96229,177821,0,68333,112962,224792,21592,183184,220526,125450
26650,27270,Fan Dance III,5383.0,132290,83,209206,105090,24122,60200,96229,177821,0,68333,112962,224792,21592,183184,220526,125450
27900,28340,Saber Dance,15336.0,132290,83,209206,105090,24122,60200,96229,177821,0,68333,112962,224792,21592,198520,220526,125450
27900,28520,Reverse Cascade,23065.0,132290,83,209206,105090,24122,60200,96229,177821,0,68333,112962,224792,44657,198520,220526,125450
27900,28700,Cascade,5611.0,132290,5694,209206,105090,24122,60200,96229,177821,0,68333,112962,224792,44657,198520,220526,125450
28010,28768,Auto,10937.0,143227,5694,209206,105090,24122,60200,96229,177821,0,68333,112962,224792,44657,198520,220526,125450
27900,28880,Fountain,39.0,143227,5694,209206,105090,24122,60200,96229,177821,39,68333,112962,224792,44657,198520,220526,125450
27900,29110,Fountainfall,1370.0,143227,5694,209206,105090,24122,60200,96229,177821,39,69703,112962,224792,44657,198520,220526,125450
30400,30840,Saber Dance,13774.0,143227,5694,209206,105090,24122,60200,96229,177821,39,69703,112962,224792,44657,212294,220526,125450
30400,31020,Reverse Cascade,3129.0,143227,5694,209206,105090,24122,60200,96229,177821,39,69703,112962,224792,47786,212294,220526,125450
30400,31200,Cascade,18181.0,143227,23875,209206,105090,24122,60200,96229,177821,39,69703,112962,224792,47786,212294,220526,125450
30400,31380,Fountain,2918.0,143227,23875,209206,105090,24122,60200,96229,177821,2957,69703,112962,224792,47786,212294,220526,125450
30400,31610,Fountainfall,17.0,143227,23875,209206,105090,24122,60200,96229,177821,2957,69720,112962,224792,47786,212294,220526,125450
31130,31888,Auto,10105.0,153332,23875,209206,105090,24122,60200,96229,177821,2957,69720,112962,224792,47786,212294,220526,125450
32900,33340,Saber Dance,6407.0,153332,23875,209206,105090,24122,60200,96229,177821,2957,69720,112962,224792,47786,218701,220526,125450
32900,33520,Reverse Cascade,11531.0,153332,23875,209206,105090,24122,60200,96229,177821,2957,69720,112962,224792,59317,218701,220526,125450
32900,33700,Cascade,5642.0,153332,29517,209206,105090,24122,60200,96229,177821,2957,69720,112962,224792,59317,218701,220526,125450
32900,33880,Fountain,12879.0,153332,29517,209206,105090,24122,60200,96229,177821,15836,69720,112962,224792,59317,218701,220526,125450
32900,34110,Fountainfall,1734.0,153332,29517,209206,105090,24122,60200,96229,177821,15836,71454,112962,224792,59317,218701,220526,125450
34250,35008,Auto,10105.0,163437,29517,209206,105090,24122,60200,96229,177821,15836,71454,112962,224792,59317,218701,220526,125450
35400,35840,Saber Dance,12477.0,163437,29517,209206,105090,24122,60200,96229,177821,15836,71454,112962,224792,59317,231178,220526,125450
35400,36020,Reverse Cascade,4030.0,163437,29517,209206,105090,24122,60200,96229,177821,15836,71454,112962,224792,63347,231178,220526,125450
35400,36200,Cascade,4166.0,163437,33683,209206,105090,24122,60200,96229,177821,15836,71454,112962,224792,63347,231178,220526,125450
35400,36380,Fountain,13901.0,163437,33683,209206,105090,24122,60200,96229,177821,29737,71454,112962,224792,63347,231178,220526,125450
35400,36610,Fountainfall,8062.0,163437,33683,209206,105090,24122,60200,96229,177821,29737,79516,112962,224792,63347,231178,220526,125450
37370,38128,Auto,10105.0,173542,33683,209206,105090,24122,60200,96229,177821,29737,79516,112962,224792,63347,231178,220526,125450
37900,38340,Saber Dance,11923.0,173542,33683,209206,105090,24122,60200,96229,177821,29737,79516,112962,224792,63347,243101,220526,125450
37900,38520,Reverse Cascade,2631.0,173542,33683,209206,105090,24122,60200,96229,177821,29737,79516,112962,224792,65978,243101,220526,125450
37900,38700,Cascade,8852.0,173542,42535,209206,105090,24122,60200,96229,177821,29737,79516,112962,224792,65978,243101,220526,125450
37900,38880,Fountain,9260.0,173542,42535,209206,105090,24122,60200,96229,177821,38997,79516,112962,224792,65978,243101,220526,125450
37900,39110,Fountainfall,8504.0,173542,42535,209206,105090,24122,60200,96229,177821,38997,88020,112962,224792,65978,243101,220526,125450
40400,40840,Saber Dance,8937.0,173542,42535,209206,105090,24122,60200,96229,177821,38997,88020,112962,224792,65978,252038,220526,125450
40400,41020,Reverse Cascade,5825.0,173542,42535,209206,105090,24122,60200,96229,177821,38997,88020,112962,224792,71803,252038,220526,125450
40400,41200,Cascade,10408.0,173542,52943,209206,105090,24122,60200,96229,177821,38997,88020,112962,224792,71803,252038,220526,125450
40490,41248,Auto,10105.0,183647,52943,209206,105090,24122,60200,96229,177821,38997,88020,112962,224792,71803,252038,220526,125450
40400,41380,Fountain,7980.0,183647,52943,209206,105090,24122,60200,96229,177821,46977,88020,112962,224792,71803,252038,220526,125450
40400,41610,Fountainfall,5653.0,183647,52943,209206,105090,24122,60200,96229,177821,46977,93673,112962,224792,71803,252038,220526,125450
42900,43340,Saber Dance,7535.0,183647,52943,209206,105090,24122,60200,96229,177821,46977,93673,112962,224792,71803,259573,220526,125450
42900,43520,Reverse Cascade,6399.0,183647,52943,209206,105090,24122,60200,96229,177821,46977,93673,112962,224792,78202,259573,220526,125450
42900,43700,Cascade,7949.0,183647,60892,209206,105090,24122,60200,96229,177821,46977,93673,112962,224792,78202,259573,220526,125450
42900,43880,Fountain,11971.0,183647,60892,209206,105090,24122,60200,96229,177821,58948,93673,112962,224792,78202,259573,220526,125450
42900,44110,Fountainfall,4792.0,183647,60892,209206,105090,24122,60200,96229,177821,58948,98465,112962,224792,78202,259573,220526,125450
43550,44170,Fan Dance,2.0,183647,60892,209206,105090,24124,60200,96229,177821,58948,98465,112962,224792,78202,259573,220526,125450
43610,44368,Auto,10105.0,193752,60892,209206,105090,24124,60200,96229,177821,58948,98465,112962,224792,78202,259573,220526,125450
46730,47488,Auto,10105.0,203857,60892,209206,105090,24124,60200,96229,177821,58948,98465,112962,224792,78202,259573,220526,125450
48900,49430,Double Standard Finish,110344.0,203857,60892,209206,215434,24124,60200,96229,177821,58948,98465,112962,224792,78202,259573,220526,125450
49850,50608,Auto,10105.0,213962,60892,209206,215434,24124,60200,96229,177821,58948,98465,112962,224792,78202,259573,220526,125450
50400,50840,Saber Dance,10339.0,213962,60892,209206,215434,24124,60200,96229,177821,58948,98465,112962,224792,78202,269912,220526,125450
50400,51020,Reverse Cascade,4840.0,213962,60892,209206,215434,24124,60200,96229,177821,58948,98465,112962,224792,83042,269912,220526,125450
50400,51200,Cascade,6921.0,213962,67813,209206,215434,24124,60200,96229,177821,58948,98465,112962,224792,83042,269912,220526,125450
50400,51380,Fountain,11415.0,213962,67813,209206,215434,24124,60200,96229,177821,70363,98465,112962,224792,83042,269912,220526,125450
50400,51610,Fountainfall,7184.0,213962,67813,209206,215434,24124,60200,96229,177821,70363,105649,112962,224792,83042,269912,220526,125450
51050,51670,Fan Dance,114.0,213962,67813,209206,215434,24238,60200,96229,177821,70363,105649,112962,224792,83042,269912,220526,125450
51700,52320,Fan Dance III,65.0,213962,67813,209206,215434,24238,60265,96229,177821,70363,105649,112962,224792,83042,269912,220526,125450
52900,53340,Saber Dance,13178.0,213962,67813,209206,215434,24238,60265,96229,177821,70363,105649,112962,224792,83042,283090,220526,125450
52900,53520,Reverse Cascade,4313.0,213962,67813,209206,215434,24238,60265,96229,177821,70363,105649,112962,224792,87355,283090,220526,125450
52900,53700,Cascade,8209.0,213962,76022,209206,215434,24238,60265,96229,177821,70363,105649,112962,224792,87355,283090,220526,125450
52970,53728,Auto,10105.0,224067,76022,209206,215434,24238,60265,96229,177821,70363,105649,112962,224792,87355,283090,220526,125450
52900,53880,Fountain,8987.0,224067,76022,209206,215434,24238,60265,96229,177821,79350,105649,112962,224792,87355,283090,220526,125450
52900,54110,Fountainfall,6994.0,224067,76022,209206,215434,24238,60265,96229,177821,79350,112643,112962,224792,87355,283090,220526,125450
53550,54170,Fan Dance,186.0,224067,76022,209206,215434,24424,60265,96229,177821,79350,112643,112962,224792,87355,283090,220526,125450
54200,54820,Fan Dance III,97.0,224067,76022,209206,215434,24424,60362,96229,177821,79350,112643,112962,224792,87355,283090,220526,125450
55400,55840,Saber Dance,11040.0,224067,76022,209206,215434,24424,60362,96229,177821,79350,112643,112962,224792,87355,294130,220526,125450
55400,56020,Reverse Cascade,5276.0,224067,76022,209206,215434,24424,60362,96229,177821,79350,112643,112962,224792,92631,294130,220526,125450
55400,56200,Cascade,8526.0,224067,84548,209206,215434,24424,60362,96229,177821,79350,112643,112962,224792,92631,294130,220526,125450
55400,56380,Fountain,10045.0,224067,84548,209206,215434,24424,60362,96229,177821,89395,112643,112962,224792,92631,294130,220526,125450
55400,56610,Fountainfall,5397.0,224067,84548,209206,215434,24424,60362,96229,177821,89395,118040,112962,224792,92631,294130,220526,125450
56050,56670,Fan Dance,287.0,224067,84548,209206,215434,24711,60362,96229,177821,89395,118040,112962,224792,92631,294130,220526,125450
56090,56848,Auto,10105.0,234172,84548,209206,215434,24711,60362,96229,177821,89395,118040,112962,224792,92631,294130,220526,125450
56700,57320,Fan Dance III,154.0,234172,84548,209206,215434,24711,60516,96229,177821,89395,118040,112962,224792,92631,294130,220526,125450
57900,58340,Saber Dance,9975.0,234172,84548,209206,215434,24711,60516,96229,177821,89395,118040,112962,224792,92631,304105,220526,125450
57900,58520,Reverse Cascade,5513.0,234172,84548,209206,215434,24711,60516,96229,177821,89395,118040,112962,224792,98144,304105,220526,125450
57900,58700,Cascade,8112.0,234172,92660,209206,215434,24711,60516,96229,177821,89395,118040,112962,224792,98144,304105,220526,125450
57900,58880,Fountain,10317.0,234172,92660,209206,215434,24711,60516,96229,177821,99712,118040,112962,224792,98144,304105,220526,125450
57900,59110,Fountainfall,6090.0,234172,92660,209206,215434,24711,60516,96229,177821,99712,124130,112962,224792,98144,304105,220526,125450
58550,59170,Fan Dance,401.0,234172,92660,209206,215434,25112,60516,96229,177821,99712,124130,112962,224792,98144,304105,220526,125450
59200,59820,Fan Dance III,225.0,234172,92660,209206,215434,25112,60741,96229,177821,99712,124130,112962,224792,98144,304105,220526,125450
59210,59968,Auto,10105.0,244277,92660,209206,215434,25112,60741,96229,177821,99712,124130,112962,224792,98144,304105,220526,125450
60400,60840,Saber Dance,8685.0,244277,92660,209206,215434,25112,60741,96229,177821,99712,124130,112962,224792,98144,312790,220526,125450
60400,61020,Reverse Cascade,5385.0,244277,92660,209206,215434,25112,60741,96229,177821,99712,124130,112962,224792,103529,312790,220526,125450
60400,61200,Cascade,8024.0,244277,100684,209206,215434,25112,60741,96229,177821,99712,124130,112962,224792,103529,312790,220526,125450
60400,61380,Fountain,11175.0,244277,100684,209206,215434,25112,60741,96229,177821,110887,124130,112962,224792,103529,312790,220526,125450
60400,61610,Fountainfall,6151.0,244277,100684,209206,215434,25112,60741,96229,177821,110887,130281,112962,224792,103529,312790,220526,125450
61650,62270,Fan Dance III,28555.0,244277,100684,209206,215434,25112,89296,96229,177821,110887,130281,112962,224792,103529,312790,220526,125450
62330,63088,Auto,10105.0,254382,100684,209206,215434,25112,89296,96229,177821,110887,130281,112962,224792,103529,312790,220526,125450
62900,63340,Saber Dance,8404.0,254382,100684,209206,215434,25112,89296,96229,177821,110887,130281,112962,224792,103529,321194,220526,125450
63525,63845,Fan Dance IV,52677.0,254382,100684,209206,215434,25112,89296,148906,177821,110887,130281,112962,224792,103529,321194,220526,125450
62900,64110,Fountainfall,38840.0,254382,100684,209206,215434,25112,89296,148906,177821,110887,169121,112962,224792,103529,321194,220526,125450
63525,64145,Fan Dance,2751.0,254382,100684,209206,215434,27863,89296,148906,177821,110887,169121,112962,224792,103529,321194,220526,125450
64175,64495,Fan Dance IV,3451.0,254382,100684,209206,215434,27863,89296,152357,177821,110887,169121,112962,224792,103529,321194,220526,125450
64175,64795,Fan Dance III,1713.0,254382,100684,209206,215434,27863,91009,152357,177821,110887,169121,112962,224792,103529,321194,220526,125450
65400,65840,Saber Dance,16837.0,254382,100684,209206,215434,27863,91009,152357,177821,110887,169121,112962,224792,103529,338031,220526,125450
65400,66020,Reverse Cascade,20046.0,254382,100684,209206,215434,27863,91009,152357,177821,110887,169121,112962,224792,123575,338031,220526,125450
65450,66208,Auto,10105.0,264487,100684,209206,215434,27863,91009,152357,177821,110887,169121,112962,224792,123575,338031,220526,125450
66050,66370,Fan Dance IV,2257.0,264487,100684,209206,215434,27863,91009,154614,177821,110887,169121,112962,224792,123575,338031,220526,125450
65400,66610,Fountainfall,9188.0,264487,100684,209206,215434,27863,91009,154614,177821,110887,178309,112962,224792,123575,338031,220526,125450
66050,66670,Fan Dance,3340.0,264487,100684,209206,215434,31203,91009,154614,177821,110887,178309,112962,224792,123575,338031,220526,125450
66700,67020,Fan Dance IV,644.0,264487,100684,209206,215434,31203,91009,155258,177821,110887,178309,112962,224792,123575,338031,220526,125450
66700,67320,Fan Dance III,2061.0,264487,100684,209206,215434,31203,93070,155258,177821,110887,178309,112962,224792,123575,338031,220526,125450
67900,68340,Saber Dance,12722.0,264487,100684,209206,215434,31203,93070,155258,177821,110887,178309,112962,224792,123575,350753,220526,125450
68550,68870,Fan Dance IV,680.0,264487,100684,209206,215434,31203,93070,155938,177821,110887,178309,112962,224792,123575,350753,220526,125450
67900,69150,Last Dance,57375.0,264487,100684,209206,215434,31203,93070,155938,177821,110887,178309,170337,224792,123575,350753,220526,125450
68570,69328,Auto,10105.0,274592,100684,209206,215434,31203,93070,155938,177821,110887,178309,170337,224792,123575,350753,220526,125450
70400,70840,Saber Dance,2383.0,274592,100684,209206,215434,31203,93070,155938,177821,110887,178309,170337,224792,123575,353136,220526,125450
70400,71020,Reverse Cascade,15274.0,274592,100684,209206,215434,31203,93070,155938,177821,110887,178309,170337,224792,138849,353136,220526,125450
70400,71200,Cascade,4457.0,274592,105141,209206,215434,31203,93070,155938,177821,110887,178309,170337,224792,138849,353136,220526,125450
70400,71380,Fountain,5309.0,274592,105141,209206,215434,31203,93070,155938,177821,116196,178309,170337,224792,138849,353136,220526,125450
70400,71610,Fountainfall,2736.0,274592,105141,209206,215434,31203,93070,155938,177821,116196,181045,170337,224792,138849,353136,220526,125450
70400,71650,Last Dance,12722.0,274592,105141,209206,215434,31203,93070,155938,177821,116196,181045,183059,224792,138849,353136,220526,125450
71050,71670,Fan Dance,2541.0,274592,105141,209206,215434,33744,93070,155938,177821,116196,181045,183059,224792,138849,353136,220526,125450
71700,72320,Fan Dance III,1561.0,274592,105141,209206,215434,33744,94631,155938,177821,116196,181045,183059,224792,138849,353136,220526,125450
71690,72448,Auto,10105.0,284697,105141,209206,215434,33744,94631,155938,177821,116196,181045,183059,224792,138849,353136,220526,125450
72900,73340,Saber Dance,8089.0,284697,105141,209206,215434,33744,94631,155938,177821,116196,181045,183059,224792,138849,361225,220526,125450
72900,73520,Reverse Cascade,8834.0,284697,105141,209206,215434,33744,94631,155938,177821,116196,181045,183059,224792,147683,361225,220526,125450
72900,73700,Cascade,8232.0,284697,113373,209206,215434,33744,94631,155938,177821,116196,181045,183059,224792,147683,361225,220526,125450
72900,73880,Fountain,10161.0,284697,113373,209206,215434,33744,94631,155938,177821,126357,181045,183059,224792,147683,361225,220526,125450
72900,74110,Fountainfall,3248.0,284697,113373,209206,215434,33744,94631,155938,177821,126357,184293,183059,224792,147683,361225,220526,125450
73550,74170,Fan Dance,1994.0,284697,113373,209206,215434,35738,94631,155938,177821,126357,184293,183059,224792,147683,361225,220526,125450
74200,74820,Fan Dance III,1199.0,284697,113373,209206,215434,35738,95830,155938,177821,126357,184293,183059,224792,147683,361225,220526,125450
74810,75568,Auto,10105.0,294802,113373,209206,215434,35738,95830,155938,177821,126357,184293,183059,224792,147683,361225,220526,125450
75400,77450,Finishing Move,110344.0,294802,113373,209206,215434,35738,95830,155938,288165,126357,184293,183059,224792,147683,361225,220526,125450
77900,78340,Saber Dance,10220.0,294802,113373,209206,215434,35738,95830,155938,288165,126357,184293,183059,224792,147683,371445,220526,125450
77900,78520,Reverse Cascade,5306.0,294802,113373,209206,215434,35738,95830,155938,288165,126357,184293,183059,224792,152989,371445,220526,125450
77930,78688,Auto,10105.0,304907,113373,209206,215434,35738,95830,155938,288165,126357,184293,183059,224792,152989,371445,220526,125450
77900,78700,Cascade,7978.0,304907,121351,209206,215434,35738,95830,155938,288165,126357,184293,183059,224792,152989,371445,220526,125450
77900,78880,Fountain,10433.0,304907,121351,209206,215434,35738,95830,155938,288165,136790,184293,183059,224792,152989,371445,220526,125450
77900,79110,Fountainfall,6253.0,304907,121351,209206,215434,35738,95830,155938,288165,136790,190546,183059,224792,152989,371445,220526,125450
78550,79170,Fan Dance,2109.0,304907,121351,209206,215434,37847,95830,155938,288165,136790,190546,183059,224792,152989,371445,220526,125450
79200,79820,Fan Dance III,1267.0,304907,121351,209206,215434,37847,97097,155938,288165,136790,190546,183059,224792,152989,371445,220526,125450
80400,80840,Saber Dance,10528.0,304907,121351,209206,215434,37847,97097,155938,288165,136790,190546,183059,224792,152989,381973,220526,125450
80400,81020,Reverse Cascade,5117.0,304907,121351,209206,215434,37847,97097,155938,288165,136790,190546,183059,224792,158106,381973,220526,125450
80400,81200,Cascade,7949.0,304907,129300,209206,215434,37847,97097,155938,288165,136790,190546,183059,224792,158106,381973,220526,125450
80400,81380,Fountain,10364.0,304907,129300,209206,215434,37847,97097,155938,288165,147154,190546,183059,224792,158106,381973,220526,125450
80400,81610,Fountainfall,6416.0,304907,129300,209206,215434,37847,97097,155938,288165,147154,196962,183059,224792,158106,381973,220526,125450
81050,81670,Fan Dance,2174.0,304907,129300,209206,215434,40021,97097,155938,288165,147154,196962,183059,224792,158106,381973,220526,125450
81050,81808,Auto,10105.0,315012,129300,209206,215434,40021,97097,155938,288165,147154,196962,183059,224792,158106,381973,220526,125450
81700,82320,Fan Dance III,1344.0,315012,129300,209206,215434,40021,98441,155938,288165,147154,196962,183059,224792,158106,381973,220526,125450
82900,83340,Saber Dance,8930.0,315012,129300,209206,215434,40021,98441,155938,288165,147154,196962,183059,224792,158106,390903,220526,125450
82900,83520,Reverse Cascade,5295.0,315012,129300,209206,215434,40021,98441,155938,288165,147154,196962,183059,224792,163401,390903,220526,125450
82900,83700,Cascade,8512.0,315012,137812,209206,215434,40021,98441,155938,288165,147154,196962,183059,224792,163401,390903,220526,125450
82900,83880,Fountain,10542.0,315012,137812,209206,215434,40021,98441,155938,288165,157696,196962,183059,224792,163401,390903,220526,125450
82900,84110,Fountainfall,6121.0,315012,137812,209206,215434,40021,98441,155938,288165,157696,203083,183059,224792,163401,390903,220526,125450
83550,84170,Fan Dance,2249.0,315012,137812,209206,215434,42270,98441,155938,288165,157696,203083,183059,224792,163401,390903,220526,125450
84200,84820,Fan Dance III,1384.0,315012,137812,209206,215434,42270,99825,155938,288165,157696,203083,183059,224792,163401,390903,220526,125450
84170,84928,Auto,10105.0,325117,137812,209206,215434,42270,99825,155938,288165,157696,203083,183059,224792,163401,390903,220526,125450
85400,85840,Saber Dance,9596.0,325117,137812,209206,215434,42270,99825,155938,288165,157696,203083,183059,224792,163401,400499,220526,125450
85400,86020,Reverse Cascade,5331.0,325117,137812,209206,215434,42270,99825,155938,288165,157696,203083,183059,224792,168732,400499,220526,125450
85400,86200,Cascade,8372.0,325117,146184,209206,215434,42270,99825,155938,288165,157696,203083,183059,224792,168732,400499,220526,125450
85400,86380,Fountain,10197.0,325117,146184,209206,215434,42270,99825,155938,288165,167893,203083,183059,224792,168732,400499,220526,125450
85400,86610,Fountainfall,6293.0,325117,146184,209206,215434,42270,99825,155938,288165,167893,209376,183059,224792,168732,400499,220526,125450
86050,86670,Fan Dance,2354.0,325117,146184,209206,215434,44624,99825,155938,288165,167893,209376,183059,224792,168732,400499,220526,125450
86700,87320,Fan Dance III,1342.0,325117,146184,209206,215434,44624,101167,155938,288165,167893,209376,183059,224792,168732,400499,220526,125450
87290,88048,Auto,10105.0,335222,146184,209206,215434,44624,101167,155938,288165,167893,209376,183059,224792,168732,400499,220526,125450
87900,88340,Saber Dance,10816.0,335222,146184,209206,215434,44624,101167,155938,288165,167893,209376,183059,224792,168732,411315,220526,125450
87900,88520,Reverse Cascade,5364.0,335222,146184,209206,215434,44624,101167,155938,288165,167893,209376,183059,224792,174096,411315,220526,125450
87900,88700,Cascade,7635.0,335222,153819,209206,215434,44624,101167,155938,288165,167893,209376,183059,224792,174096,411315,220526,125450
87900,88880,Fountain,10455.0,335222,153819,209206,215434,44624,101167,155938,288165,178348,209376,183059,224792,174096,411315,220526,125450
87900,89110,Fountainfall,6310.0,335222,153819,209206,215434,44624,101167,155938,288165,178348,215686,183059,224792,174096,411315,220526,125450
88550,89170,Fan Dance,2525.0,335222,153819,209206,215434,47149,101167,155938,288165,178348,215686,183059,224792,174096,411315,220526,125450
89200,89820,Fan Dance III,1516.0,335222,153819,209206,215434,47149,102683,155938,288165,178348,215686,183059,224792,174096,411315,220526,125450
90400,90840,Saber Dance,11180.0,335222,153819,209206,215434,47149,102683,155938,288165,178348,215686,183059,224792,174096,422495,220526,125450
90400,91020,Reverse Cascade,5011.0,335222,153819,209206,215434,47149,102683,155938,288165,178348,215686,183059,224792,179107,422495,220526,125450
90410,91168,Auto,10105.0,345327,153819,209206,215434,47149,102683,155938,288165,178348,215686,183059,224792,179107,422495,220526,125450
90400,91200,Cascade,8015.0,345327,161834,209206,215434,47149,102683,155938,288165,178348,215686,183059,224792,179107,422495,220526,125450
90400,91380,Fountain,10055.0,345327,161834,209206,215434,47149,102683,155938,288165,188403,215686,183059,224792,179107,422495,220526,125450
90400,91610,Fountainfall,6407.0,345327,161834,209206,215434,47149,102683,155938,288165,188403,222093,183059,224792,179107,422495,220526,125450
91050,91670,Fan Dance,2630.0,345327,161834,209206,215434,49779,102683,155938,288165,188403,222093,183059,224792,179107,422495,220526,125450
91700,92320,Fan Dance III,1499.0,345327,161834,209206,215434,49779,104182,155938,288165,188403,222093,183059,224792,179107,422495,220526,125450
92900,93340,Saber Dance,12344.0,345327,161834,209206,215434,49779,104182,155938,288165,188403,222093,183059,224792,179107,434839,220526,125450
92900,93520,Reverse Cascade,4971.0,345327,161834,209206,215434,49779,104182,155938,288165,188403,222093,183059,224792,184078,434839,220526,125450
92900,93700,Cascade,7975.0,345327,169809,209206,215434,49779,104182,155938,288165,188403,222093,183059,224792,184078,434839,220526,125450
92900,93880,Fountain,9787.0,345327,169809,209206,215434,49779,104182,155938,288165,198190,222093,183059,224792,184078,434839,220526,125450
92900,94110,Fountainfall,6112.0,345327,169809,209206,215434,49779,104182,155938,288165,198190,228205,183059,224792,184078,434839,220526,125450
93550,94170,Fan Dance,2583.0,345327,169809,209206,215434,52362,104182,155938,288165,198190,228205,183059,224792,184078,434839,220526,125450
93530,94288,Auto,10105.0,355432,169809,209206,215434,52362,104182,155938,288165,198190,228205,183059,224792,184078,434839,220526,125450
94200,94820,Fan Dance III,1607.0,355432,169809,209206,215434,52362,105789,155938,288165,198190,228205,183059,224792,184078,434839,220526,125450
95400,95840,Saber Dance,10739.0,355432,169809,209206,215434,52362,105789,155938,288165,198190,228205,183059,224792,184078,445578,220526,125450
95400,96020,Reverse Cascade,5069.0,355432,169809,209206,215434,52362,105789,155938,288165,198190,228205,183059,224792,189147,445578,220526,125450
95400,96200,Cascade,7941.0,355432,177750,209206,215434,52362,105789,155938,288165,198190,228205,183059,224792,189147,445578,220526,125450
95400,96380,Fountain,10612.0,355432,177750,209206,215434,52362,105789,155938,288165,208802,228205,183059,224792,189147,445578,220526,125450
95400,96610,Fountainfall,6054.0,355432,177750,209206,215434,52362,105789,155938,288165,208802,234259,183059,224792,189147,445578,220526,125450
96050,96670,Fan Dance,2646.0,355432,177750,209206,215434,55008,105789,155938,288165,208802,234259,183059,224792,189147,445578,220526,125450
96700,97320,Fan Dance III,1573.0,355432,177750,209206,215434,55008,107362,155938,288165,208802,234259,183059,224792,189147,445578,220526,125450
96650,97408,Auto,10105.0,365537,177750,209206,215434,55008,107362,155938,288165,208802,234259,183059,224792,189147,445578,220526,125450
97900,98340,Saber Dance,8488.0,365537,177750,209206,215434,55008,107362,155938,288165,208802,234259,183059,224792,189147,454066,220526,125450
97900,98520,Reverse Cascade,5175.0,365537,177750,209206,215434,55008,107362,155938,288165,208802,234259,183059,224792,194322,454066,220526,125450
97900,98700,Cascade,8543.0,365537,186293,209206,215434,55008,107362,155938,288165,208802,234259,183059,224792,194322,454066,220526,125450
97900,98880,Fountain,10612.0,365537,186293,209206,215434,55008,107362,155938,288165,219414,234259,183059,224792,194322,454066,220526,125450
97900,99110,Fountainfall,6412.0,365537,186293,209206,215434,55008,107362,155938,288165,219414,240671,183059,224792,194322,454066,220526,125450
98550,99170,Fan Dance,2772.0,365537,186293,209206,215434,57780,107362,155938,288165,219414,240671,183059,224792,194322,454066,220526,125450
99200,99820,Fan Dance III,1727.0,365537,186293,209206,215434,57780,109089,155938,288165,219414,240671,183059,224792,194322,454066,220526,125450
99770,100528,Auto,10105.0,375642,186293,209206,215434,57780,109089,155938,288165,219414,240671,183059,224792,194322,454066,220526,125450
100400,100840,Saber Dance,8229.0,375642,186293,209206,215434,57780,109089,155938,288165,219414,240671,183059,224792,194322,462295,220526,125450
100400,101020,Reverse Cascade,5534.0,375642,186293,209206,215434,57780,109089,155938,288165,219414,240671,183059,224792,199856,462295,220526,125450
100400,101200,Cascade,8421.0,375642,194714,209206,215434,57780,109089,155938,288165,219414,240671,183059,224792,199856,462295,220526,125450
100400,101380,Fountain,10521.0,375642,194714,209206,215434,57780,109089,155938,288165,229935,240671,183059,224792,199856,462295,220526,125450
100400,101610,Fountainfall,6438.0,375642,194714,209206,215434,57780,109089,155938,288165,229935,247109,183059,224792,199856,462295,220526,125450
101050,101670,Fan Dance,3069.0,375642,194714,209206,215434,60849,109089,155938,288165,229935,247109,183059,224792,199856,462295,220526,125450
102900,103340,Saber Dance,10136.0,375642,194714,209206,215434,60849,109089,155938,288165,229935,247109,183059,224792,199856,472431,220526,125450
102900,103520,Reverse Cascade,5291.0,375642,194714,209206,215434,60849,109089,155938,288165,229935,247109,183059,224792,205147,472431,220526,125450
102890,103648,Auto,10105.0,385747,194714,209206,215434,60849,109089,155938,288165,229935,247109,183059,224792,205147,472431,220526,125450
102900,103700,Cascade,7975.0,385747,202689,209206,215434,60849,109089,155938,288165,229935,247109,183059,224792,205147,472431,220526,125450
102900,103880,Fountain,10346.0,385747,202689,209206,215434,60849,109089,155938,288165,240281,247109,183059,224792,205147,472431,220526,125450
102900,104110,Fountainfall,6434.0,385747,202689,209206,215434,60849,109089,155938,288165,240281,253543,183059,224792,205147,472431,220526,125450
103550,104170,Fan Dance,3018.0,385747,202689,209206,215434,63867,109089,155938,288165,240281,253543,183059,224792,205147,472431,220526,125450
106010,106768,Auto,10105.0,395852,202689,209206,215434,63867,109089,155938,288165,240281,253543,183059,224792,205147,472431,220526,125450
108900,109430,Double Standard Finish,110344.0,395852,202689,209206,325778,63867,109089,155938,288165,240281,253543,183059,224792,205147,472431,220526,125450
109130,109888,Auto,10105.0,405957,202689,209206,325778,63867,109089,155938,288165,240281,253543,183059,224792,205147,472431,220526,125450
110400,110840,Saber Dance,11054.0,405957,202689,209206,325778,63867,109089,155938,288165,240281,253543,183059,224792,205147,483485,220526,125450
110400,111020,Reverse Cascade,5291.0,405957,202689,209206,325778,63867,109089,155938,288165,240281,253543,183059,224792,210438,483485,220526,125450
110400,111200,Cascade,8018.0,405957,210707,209206,325778,63867,109089,155938,288165,240281,253543,183059,224792,210438,483485,220526,125450
110400,111380,Fountain,10106.0,405957,210707,209206,325778,63867,109089,155938,288165,250387,253543,183059,224792,210438,483485,220526,125450
110400,111610,Fountainfall,6081.0,405957,210707,209206,325778,63867,109089,155938,288165,250387,259624,183059,224792,210438,483485,220526,125450
111025,111645,Fan Dance III,316.0,405957,210707,209206,325778,63867,109405,155938,288165,250387,259624,183059,224792,210438,483485,220526,125450
111025,111645,Fan Dance,2742.0,405957,210707,209206,325778,66609,109405,155938,288165,250387,259624,183059,224792,210438,483485,220526,125450
111675,112295,Fan Dance,259.0,405957,210707,209206,325778,66868,109405,155938,288165,250387,259624,183059,224792,210438,483485,220526,125450
112250,113008,Auto,10105.0,416062,210707,209206,325778,66868,109405,155938,288165,250387,259624,183059,224792,210438,483485,220526,125450
112900,113340,Saber Dance,12842.0,416062,210707,209206,325778,66868,109405,155938,288165,250387,259624,183059,224792,210438,496327,220526,125450
112900,113520,Reverse Cascade,4815.0,416062,210707,209206,325778,66868,109405,155938,288165,250387,259624,183059,224792,215253,496327,220526,125450
112900,113700,Cascade,7752.0,416062,218459,209206,325778,66868,109405,155938,288165,250387,259624,183059,224792,215253,496327,220526,125450
112900,113880,Fountain,9990.0,416062,218459,209206,325778,66868,109405,155938,288165,260377,259624,183059,224792,215253,496327,220526,125450
112900,114110,Fountainfall,6085.0,416062,218459,209206,325778,66868,109405,155938,288165,260377,265709,183059,224792,215253,496327,220526,125450
113550,114170,Fan Dance III,502.0,416062,218459,209206,325778,66868,109907,155938,288165,260377,265709,183059,224792,215253,496327,220526,125450
113550,114170,Fan Dance,2490.0,416062,218459,209206,325778,69358,109907,155938,288165,260377,265709,183059,224792,215253,496327,220526,125450
114200,114820,Fan Dance,411.0,416062,218459,209206,325778,69769,109907,155938,288165,260377,265709,183059,224792,215253,496327,220526,125450
115400,115840,Saber Dance,10963.0,416062,218459,209206,325778,69769,109907,155938,288165,260377,265709,183059,224792,215253,507290,220526,125450
115400,116020,Reverse Cascade,5215.0,416062,218459,209206,325778,69769,109907,155938,288165,260377,265709,183059,224792,220468,507290,220526,125450
115370,116128,Auto,10105.0,426167,218459,209206,325778,69769,109907,155938,288165,260377,265709,183059,224792,220468,507290,220526,125450
115400,116200,Cascade,8141.0,426167,226600,209206,325778,69769,109907,155938,288165,260377,265709,183059,224792,220468,507290,220526,125450
115400,116380,Fountain,10139.0,426167,226600,209206,325778,69769,109907,155938,288165,270516,265709,183059,224792,220468,507290,220526,125450
115400,116610,Fountainfall,6001.0,426167,226600,209206,325778,69769,109907,155938,288165,270516,271710,183059,224792,220468,507290,220526,125450
116050,116670,Fan Dance,2436.0,426167,226600,209206,325778,72205,109907,155938,288165,270516,271710,183059,224792,220468,507290,220526,125450
116050,116670,Fan Dance III,805.0,426167,226600,209206,325778,72205,110712,155938,288165,270516,271710,183059,224792,220468,507290,220526,125450
116700,117320,Fan Dance,658.0,426167,226600,209206,325778,72863,110712,155938,288165,270516,271710,183059,224792,220468,507290,220526,125450
117900,118340,Saber Dance,10297.0,426167,226600,209206,325778,72863,110712,155938,288165,270516,271710,183059,224792,220468,517587,220526,125450
117900,118520,Reverse Cascade,5324.0,426167,226600,209206,325778,72863,110712,155938,288165,270516,271710,183059,224792,225792,517587,220526,125450
117900,118700,Cascade,8001.0,426167,234601,209206,325778,72863,110712,155938,288165,270516,271710,183059,224792,225792,517587,220526,125450
117900,118880,Fountain,10324.0,426167,234601,209206,325778,72863,110712,155938,288165,280840,271710,183059,224792,225792,517587,220526,125450
117900,119110,Fountainfall,6279.0,426167,234601,209206,325778,72863,110712,155938,288165,280840,277989,183059,224792,225792,517587,220526,125450
118550,119170,Fan Dance,2265.0,426167,234601,209206,325778,75128,110712,155938,288165,280840,277989,183059,224792,225792,517587,220526,125450
118550,119170,Fan Dance III,862.0,426167,234601,209206,325778,75128,111574,155938,288165,280840,277989,183059,224792,225792,517587,220526,125450
118490,119248,Auto,10105.0,436272,234601,209206,325778,75128,111574,155938,288165,280840,277989,183059,224792,225792,517587,220526,125450
119200,119820,Fan Dance,705.0,436272,234601,209206,325778,75833,111574,155938,288165,280840,277989,183059,224792,225792,517587,220526,125450
121610,122368,Auto,10105.0,446377,234601,209206,325778,75833,111574,155938,288165,280840,277989,183059,224792,225792,517587,220526,125450
124730,125488,Auto,10105.0,456482,234601,209206,325778,75833,111574,155938,288165,280840,277989,183059,224792,225792,517587,220526,125450
126400,126935,Quadruple Technical Finish,207745.0,456482,234601,209206,325778,75833,111574,155938,288165,280840,277989,183059,432537,225792,517587,220526,125450
127850,128608,Auto,15049.0,471531,234601,209206,325778,75833,111574,155938,288165,280840,277989,183059,432537,225792,517587,220526,125450
127900,128740,Tillana,59021.0,471531,234601,209206,325778,75833,111574,155938,288165,280840,277989,183059,432537,225792,517587,220526,184471
127900,128790,Starfall Dance,54985.0,471531,234601,209206,325778,75833,111574,155938,288165,280840,277989,183059,432537,225792,517587,275511,184471
129150,129770,Fan Dance III,42528.0,471531,234601,209206,325778,75833,154102,155938,288165,280840,277989,183059,432537,225792,517587,275511,184471
127900,130260,Dance of the Dawn,42805.0,471531,234601,252011,325778,75833,154102,155938,288165,280840,277989,183059,432537,225792,517587,275511,184471
131025,131345,Fan Dance IV,62446.0,471531,234601,252011,325778,75833,154102,218384,288165,280840,277989,183059,432537,225792,517587,275511,184471
131025,131645,Fan Dance III,12665.0,471531,234601,252011,325778,75833,166767,218384,288165,280840,277989,183059,432537,225792,517587,275511,184471
130400,131650,Last Dance,104400.0,471531,234601,252011,325778,75833,166767,218384,288165,280840,277989,287459,432537,225792,517587,275511,184471
130970,131728,Auto,15049.0,486580,234601,252011,325778,75833,166767,218384,288165,280840,277989,287459,432537,225792,517587,275511,184471
131650,131970,Fan Dance IV,26483.0,486580,234601,252011,325778,75833,166767,244867,288165,280840,277989,287459,432537,225792,517587,275511,184471
131650,132270,Fan Dance,24395.0,486580,234601,252011,325778,100228,166767,244867,288165,280840,277989,287459,432537,225792,517587,275511,184471
132900,133340,Saber Dance,156.0,486580,234601,252011,325778,100228,166767,244867,288165,280840,277989,287459,432537,225792,517743,275511,184471
132900,133740,Tillana,15637.0,486580,234601,252011,325778,100228,166767,244867,288165,280840,277989,287459,432537,225792,517743,275511,200108
132900,133790,Starfall Dance,17343.0,486580,234601,252011,325778,100228,166767,244867,288165,280840,277989,287459,432537,225792,517743,292854,200108
132900,134110,Fountainfall,2517.0,486580,234601,252011,325778,100228,166767,244867,288165,280840,280506,287459,432537,225792,517743,292854,200108
133525,134145,Fan Dance,22280.0,486580,234601,252011,325778,122508,166767,244867,288165,280840,280506,287459,432537,225792,517743,292854,200108
133525,134145,Fan Dance III,15008.0,486580,234601,252011,325778,122508,181775,244867,288165,280840,280506,287459,432537,225792,517743,292854,200108
134150,134770,Fan Dance,22875.0,486580,234601,252011,325778,145383,181775,244867,288165,280840,280506,287459,432537,225792,517743,292854,200108
134150,134770,Fan Dance III,13507.0,486580,234601,252011,325778,145383,195282,244867,288165,280840,280506,287459,432537,225792,517743,292854,200108
134090,134848,Auto,15049.0,501629,234601,252011,325778,145383,195282,244867,288165,280840,280506,287459,432537,225792,517743,292854,200108
132900,135260,Dance of the Dawn,143128.0,501629,234601,395139,325778,145383,195282,244867,288165,280840,280506,287459,432537,225792,517743,292854,200108
134800,135420,Fan Dance,18964.0,501629,234601,395139,325778,164347,195282,244867,288165,280840,280506,287459,432537,225792,517743,292854,200108
134800,135420,Fan Dance III,13906.0,501629,234601,395139,325778,164347,209188,244867,288165,280840,280506,287459,432537,225792,517743,292854,200108
136025,136645,Fan Dance,10872.0,501629,234601,395139,325778,175219,209188,244867,288165,280840,280506,287459,432537,225792,517743,292854,200108
136025,136645,Fan Dance III,11678.0,501629,234601,395139,325778,175219,220866,244867,288165,280840,280506,287459,432537,225792,517743,292854,200108
136650,137270,Fan Dance,2859.0,501629,234601,395139,325778,178078,220866,244867,288165,280840,280506,287459,432537,225792,517743,292854,200108
136650,137270,Fan Dance III,6723.0,501629,234601,395139,325778,178078,227589,244867,288165,280840,280506,287459,432537,225792,517743,292854,200108
135400,137450,Finishing Move,164339.0,501629,234601,395139,325778,178078,227589,244867,452504,280840,280506,287459,432537,225792,517743,292854,200108
137210,137968,Auto,15049.0,516678,234601,395139,325778,178078,227589,244867,452504,280840,280506,287459,432537,225792,517743,292854,200108
137900,138340,Saber Dance,36728.0,516678,234601,395139,325778,178078,227589,244867,452504,280840,280506,287459,432537,225792,554471,292854,200108
137900,138520,Reverse Cascade,43.0,516678,234601,395139,325778,178078,227589,244867,452504,280840,280506,287459,432537,225835,554471,292854,200108
137900,138740,Tillana,9825.0,516678,234601,395139,325778,178078,227589,244867,452504,280840,280506,287459,432537,225835,554471,292854,209933
137900,138790,Starfall Dance,89488.0,516678,234601,395139,325778,178078,227589,244867,452504,280840,280506,287459,432537,225835,554471,382342,209933
137900,139110,Fountainfall,5659.0,516678,234601,395139,325778,178078,227589,244867,452504,280840,286165,287459,432537,225835,554471,382342,209933
138525,139145,Fan Dance,1499.0,516678,234601,395139,325778,179577,227589,244867,452504,280840,286165,287459,432537,225835,554471,382342,209933
138525,139145,Fan Dance III,1794.0,516678,234601,395139,325778,179577,229383,244867,452504,280840,286165,287459,432537,225835,554471,382342,209933
139175,139795,Fan Dance,114.0,516678,234601,395139,325778,179691,229383,244867,452504,280840,286165,287459,432537,225835,554471,382342,209933
139175,139795,Fan Dance III,837.0,516678,234601,395139,325778,179691,230220,244867,452504,280840,286165,287459,432537,225835,554471,382342,209933
137900,140260,Dance of the Dawn,7250.0,516678,234601,402389,325778,179691,230220,244867,452504,280840,286165,287459,432537,225835,554471,382342,209933
140400,140840,Saber Dance,65960.0,516678,234601,402389,325778,179691,230220,244867,452504,280840,286165,287459,432537,225835,620431,382342,209933
140400,141020,Reverse Cascade,958.0,516678,234601,402389,325778,179691,230220,244867,452504,280840,286165,287459,432537,226793,620431,382342,209933
140330,141088,Auto,15049.0,531727,234601,402389,325778,179691,230220,244867,452504,280840,286165,287459,432537,226793,620431,382342,209933
140400,141240,Tillana,10219.0,531727,234601,402389,325778,179691,230220,244867,452504,280840,286165,287459,432537,226793,620431,382342,220152
140400,141290,Starfall Dance,36887.0,531727,234601,402389,325778,179691,230220,244867,452504,280840,286165,287459,432537,226793,620431,419229,220152
140400,141610,Fountainfall,5297.0,531727,234601,402389,325778,179691,230220,244867,452504,280840,291462,287459,432537,226793,620431,419229,220152
141050,141670,Fan Dance III,68.0,531727,234601,402389,325778,179691,230288,244867,452504,280840,291462,287459,432537,226793,620431,419229,220152
141050,141670,Fan Dance,1774.0,531727,234601,402389,325778,181465,230288,244867,452504,280840,291462,287459,432537,226793,620431,419229,220152
141700,142320,Fan Dance III,1131.0,531727,234601,402389,325778,181465,231419,244867,452504,280840,291462,287459,432537,226793,620431,419229,220152
141700,142320,Fan Dance,3.0,531727,234601,402389,325778,181468,231419,244867,452504,280840,291462,287459,432537,226793,620431,419229,220152
140400,142760,Dance of the Dawn,154.0,531727,234601,402543,325778,181468,231419,244867,452504,280840,291462,287459,432537,226793,620431,419229,220152
142900,143340,Saber Dance,56741.0,531727,234601,402543,325778,181468,231419,244867,452504,280840,291462,287459,432537,226793,677172,419229,220152
142900,143520,Reverse Cascade,2035.0,531727,234601,402543,325778,181468,231419,244867,452504,280840,291462,287459,432537,228828,677172,419229,220152
142900,143740,Tillana,8734.0,531727,234601,402543,325778,181468,231419,244867,452504,280840,291462,287459,432537,228828,677172,419229,228886
142900,143790,Starfall Dance,4993.0,531727,234601,402543,325778,181468,231419,244867,452504,280840,291462,287459,432537,228828,677172,424222,228886
142900,143880,Fountain,64.0,531727,234601,402543,325778,181468,231419,244867,452504,280904,291462,287459,432537,228828,677172,424222,228886
142900,144110,Fountainfall,20894.0,531727,234601,402543,325778,181468,231419,244867,452504,280904,312356,287459,432537,228828,677172,424222,228886
143550,144170,Fan Dance,6102.0,531727,234601,402543,325778,187570,231419,244867,452504,280904,312356,287459,432537,228828,677172,424222,228886
143450,144208,Auto,15049.0,546776,234601,402543,325778,187570,231419,244867,452504,280904,312356,287459,432537,228828,677172,424222,228886
144200,144820,Fan Dance III,3631.0,546776,234601,402543,325778,187570,235050,244867,452504,280904,312356,287459,432537,228828,677172,424222,228886
145400,145840,Saber Dance,37218.0,546776,234601,402543,325778,187570,235050,244867,452504,280904,312356,287459,432537,228828,714390,424222,228886
145400,146020,Reverse Cascade,8016.0,546776,234601,402543,325778,187570,235050,244867,452504,280904,312356,287459,432537,236844,714390,424222,228886
145400,146200,Cascade,17.0,546776,234618,402543,325778,187570,235050,244867,452504,280904,312356,287459,432537,236844,714390,424222,228886
145400,146240,Tillana,12562.0,546776,234618,402543,325778,187570,235050,244867,452504,280904,312356,287459,432537,236844,714390,424222,241448
145400,146290,Starfall Dance,101.0,546776,234618,402543,325778,187570,235050,244867,452504,280904,312356,287459,432537,236844,714390,424323,241448
145400,146610,Fountainfall,25383.0,546776,234618,402543,325778,187570,235050,244867,452504,280904,337739,287459,432537,236844,714390,424323,241448
146050,146670,Fan Dance,8875.0,546776,234618,402543,325778,196445,235050,244867,452504,280904,337739,287459,432537,236844,714390,424323,241448
146700,147320,Fan Dance III,4826.0,546776,234618,402543,325778,196445,239876,244867,452504,280904,337739,287459,432537,236844,714390,424323,241448
146570,147328,Auto,13545.0,560321,234618,402543,325778,196445,239876,244867,452504,280904,337739,287459,432537,236844,714390,424323,241448
147900,148340,Saber Dance,23693.0,560321,234618,402543,325778,196445,239876,244867,452504,280904,337739,287459,432537,236844,738083,424323,241448
147900,148520,Reverse Cascade,15714.0,560321,234618,402543,325778,196445,239876,244867,452504,280904,337739,287459,432537,252558,738083,424323,241448
147900,148700,Cascade,1516.0,560321,236134,402543,325778,196445,239876,244867,452504,280904,337739,287459,432537,252558,738083,424323,241448
147900,149110,Fountainfall,7789.0,560321,236134,402543,325778,196445,239876,244867,452504,280904,345528,287459,432537,252558,738083,424323,241448
149690,150448,Auto,10105.0,570426,236134,402543,325778,196445,239876,244867,452504,280904,345528,287459,432537,252558,738083,424323,241448
150400,150840,Saber Dance,15176.0,570426,236134,402543,325778,196445,239876,244867,452504,280904,345528,287459,432537,252558,753259,424323,241448
150400,151020,Reverse Cascade,12033.0,570426,236134,402543,325778,196445,239876,244867,452504,280904,345528,287459,432537,264591,753259,424323,241448
150400,151200,Cascade,11316.0,570426,247450,402543,325778,196445,239876,244867,452504,280904,345528,287459,432537,264591,753259,424323,241448
150400,151380,Fountain,690.0,570426,247450,402543,325778,196445,239876,244867,452504,281594,345528,287459,432537,264591,753259,424323,241448
150400,151610,Fountainfall,1637.0,570426,247450,402543,325778,196445,239876,244867,452504,281594,347165,287459,432537,264591,753259,424323,241448
152900,153340,Saber Dance,9379.0,570426,247450,402543,325778,196445,239876,244867,452504,281594,347165,287459,432537,264591,762638,424323,241448
152900,153520,Reverse Cascade,9630.0,570426,247450,402543,325778,196445,239876,244867,452504,281594,347165,287459,432537,274221,762638,424323,241448
152810,153568,Auto,10105.0,580531,247450,402543,325778,196445,239876,244867,452504,281594,347165,287459,432537,274221,762638,424323,241448
152900,153700,Cascade,11722.0,580531,259172,402543,325778,196445,239876,244867,452504,281594,347165,287459,432537,274221,762638,424323,241448
152900,153880,Fountain,6559.0,580531,259172,402543,325778,196445,239876,244867,452504,288153,347165,287459,432537,274221,762638,424323,241448
152900,154110,Fountainfall,450.0,580531,259172,402543,325778,196445,239876,244867,452504,288153,347615,287459,432537,274221,762638,424323,241448
155400,155840,Saber Dance,10262.0,580531,259172,402543,325778,196445,239876,244867,452504,288153,347615,287459,432537,274221,772900,424323,241448
155400,156020,Reverse Cascade,7937.0,580531,259172,402543,325778,196445,239876,244867,452504,288153,347615,287459,432537,282158,772900,424323,241448
155400,156200,Cascade,5822.0,580531,264994,402543,325778,196445,239876,244867,452504,288153,347615,287459,432537,282158,772900,424323,241448
155400,156380,Fountain,12269.0,580531,264994,402543,325778,196445,239876,244867,452504,300422,347615,287459,432537,282158,772900,424323,241448
155400,156610,Fountainfall,4135.0,580531,264994,402543,325778,196445,239876,244867,452504,300422,351750,287459,432537,282158,772900,424323,241448
155930,156688,Auto,10105.0,590636,264994,402543,325778,196445,239876,244867,452504,300422,351750,287459,432537,282158,772900,424323,241448
157900,158340,Saber Dance,10493.0,590636,264994,402543,325778,196445,239876,244867,452504,300422,351750,287459,432537,282158,783393,424323,241448
157900,158520,Reverse Cascade,4117.0,590636,264994,402543,325778,196445,239876,244867,452504,300422,351750,287459,432537,286275,783393,424323,241448
157900,158700,Cascade,6130.0,590636,271124,402543,325778,196445,239876,244867,452504,300422,351750,287459,432537,286275,783393,424323,241448
157900,158880,Fountain,12854.0,590636,271124,402543,325778,196445,239876,244867,452504,313276,351750,287459,432537,286275,783393,424323,241448
157900,159110,Fountainfall,7440.0,590636,271124,402543,325778,196445,239876,244867,452504,313276,359190,287459,432537,286275,783393,424323,241448
159050,159808,Auto,10105.0,600741,271124,402543,325778,196445,239876,244867,452504,313276,359190,287459,432537,286275,783393,424323,241448
160400,160840,Saber Dance,11363.0,600741,271124,402543,325778,196445,239876,244867,452504,313276,359190,287459,432537,286275,794756,424323,241448
160400,161020,Reverse Cascade,3572.0,600741,271124,402543,325778,196445,239876,244867,452504,313276,359190,287459,432537,289847,794756,424323,241448
160400,161200,Cascade,9517.0,600741,280641,402543,325778,196445,239876,244867,452504,313276,359190,287459,432537,289847,794756,424323,241448
160400,161380,Fountain,8511.0,600741,280641,402543,325778,196445,239876,244867,452504,321787,359190,287459,432537,289847,794756,424323,241448
160400,161610,Fountainfall,7595.0,600741,280641,402543,325778,196445,239876,244867,452504,321787,366785,287459,432537,289847,794756,424323,241448
161050,161670,Fan Dance,23.0,600741,280641,402543,325778,196468,239876,244867,452504,321787,366785,287459,432537,289847,794756,424323,241448
161700,162320,Fan Dance III,14.0,600741,280641,402543,325778,196468,239890,244867,452504,321787,366785,287459,432537,289847,794756,424323,241448
162170,162928,Auto,10105.0,610846,280641,402543,325778,196468,239890,244867,452504,321787,366785,287459,432537,289847,794756,424323,241448
162900,163340,Saber Dance,8327.0,610846,280641,402543,325778,196468,239890,244867,452504,321787,366785,287459,432537,289847,803083,424323,241448
162900,163520,Reverse Cascade,6185.0,610846,280641,402543,325778,196468,239890,244867,452504,321787,366785,287459,432537,296032,803083,424323,241448
162900,163700,Cascade,9192.0,610846,289833,402543,325778,196468,239890,244867,452504,321787,366785,287459,432537,296032,803083,424323,241448
162900,163880,Fountain,9794.0,610846,289833,402543,325778,196468,239890,244867,452504,331581,366785,287459,432537,296032,803083,424323,241448
162900,164110,Fountainfall,5278.0,610846,289833,402543,325778,196468,239890,244867,452504,331581,372063,287459,432537,296032,803083,424323,241448
163550,164170,Fan Dance,49.0,610846,289833,402543,325778,196517,239890,244867,452504,331581,372063,287459,432537,296032,803083,424323,241448
164200,164820,Fan Dance III,34.0,610846,289833,402543,325778,196517,239924,244867,452504,331581,372063,287459,432537,296032,803083,424323,241448
165290,166048,Auto,10105.0,620951,289833,402543,325778,196517,239924,244867,452504,331581,372063,287459,432537,296032,803083,424323,241448
168410,169168,Auto,10105.0,631056,289833,402543,325778,196517,239924,244867,452504,331581,372063,287459,432537,296032,803083,424323,241448
168900,169430,Double Standard Finish,110344.0,631056,289833,402543,436122,196517,239924,244867,452504,331581,372063,287459,432537,296032,803083,424323,241448
170400,170840,Saber Dance,9855.0,631056,289833,402543,436122,196517,239924,244867,452504,331581,372063,287459,432537,296032,812938,424323,241448
170400,171020,Reverse Cascade,5738.0,631056,289833,402543,436122,196517,239924,244867,452504,331581,372063,287459,432537,301770,812938,424323,241448
170400,171200,Cascade,7315.0,631056,297148,402543,436122,196517,239924,244867,452504,331581,372063,287459,432537,301770,812938,424323,241448
170400,171380,Fountain,11298.0,631056,297148,402543,436122,196517,239924,244867,452504,342879,372063,287459,432537,301770,812938,424323,241448
170400,171610,Fountainfall,5931.0,631056,297148,402543,436122,196517,239924,244867,452504,342879,377994,287459,432537,301770,812938,424323,241448
171050,171670,Fan Dance,114.0,631056,297148,402543,436122,196631,239924,244867,452504,342879,377994,287459,432537,301770,812938,424323,241448
171530,172288,Auto,10105.0,641161,297148,402543,436122,196631,239924,244867,452504,342879,377994,287459,432537,301770,812938,424323,241448
171700,172320,Fan Dance III,71.0,641161,297148,402543,436122,196631,239995,244867,452504,342879,377994,287459,432537,301770,812938,424323,241448
172900,173340,Saber Dance,10472.0,641161,297148,402543,436122,196631,239995,244867,452504,342879,377994,287459,432537,301770,823410,424323,241448
172900,173520,Reverse Cascade,4640.0,641161,297148,402543,436122,196631,239995,244867,452504,342879,377994,287459,432537,306410,823410,424323,241448
172900,173700,Cascade,8035.0,641161,305183,402543,436122,196631,239995,244867,452504,342879,377994,287459,432537,306410,823410,424323,241448
172900,173880,Fountain,10630.0,641161,305183,402543,436122,196631,239995,244867,452504,353509,377994,287459,432537,306410,823410,424323,241448
172900,174110,Fountainfall,6575.0,641161,305183,402543,436122,196631,239995,244867,452504,353509,384569,287459,432537,306410,823410,424323,241448
173550,174170,Fan Dance,280.0,641161,305183,402543,436122,196911,239995,244867,452504,353509,384569,287459,432537,306410,823410,424323,241448
174200,174820,Fan Dance III,168.0,641161,305183,402543,436122,196911,240163,244867,452504,353509,384569,287459,432537,306410,823410,424323,241448
174650,175408,Auto,10105.0,651266,305183,402543,436122,196911,240163,244867,452504,353509,384569,287459,432537,306410,823410,424323,241448
175400,175840,Saber Dance,11012.0,651266,305183,402543,436122,196911,240163,244867,452504,353509,384569,287459,432537,306410,834422,424323,241448
175400,176020,Reverse Cascade,4997.0,651266,305183,402543,436122,196911,240163,244867,452504,353509,384569,287459,432537,311407,834422,424323,241448
175400,176200,Cascade,8363.0,651266,313546,402543,436122,196911,240163,244867,452504,353509,384569,287459,432537,311407,834422,424323,241448
175400,176380,Fountain,9863.0,651266,313546,402543,436122,196911,240163,244867,452504,363372,384569,287459,432537,311407,834422,424323,241448
175400,176610,Fountainfall,6226.0,651266,313546,402543,436122,196911,240163,244867,452504,363372,390795,287459,432537,311407,834422,424323,241448
176050,176670,Fan Dance,378.0,651266,313546,402543,436122,197289,240163,244867,452504,363372,390795,287459,432537,311407,834422,424323,241448
176700,177320,Fan Dance III,228.0,651266,313546,402543,436122,197289,240391,244867,452504,363372,390795,287459,432537,311407,834422,424323,241448
177900,178340,Saber Dance,10809.0,651266,313546,402543,436122,197289,240391,244867,452504,363372,390795,287459,432537,311407,845231,424323,241448
177900,178520,Reverse Cascade,5455.0,651266,313546,402543,436122,197289,240391,244867,452504,363372,390795,287459,432537,316862,845231,424323,241448
177770,178528,Auto,10105.0,661371,313546,402543,436122,197289,240391,244867,452504,363372,390795,287459,432537,316862,845231,424323,241448
177900,178700,Cascade,8035.0,661371,321581,402543,436122,197289,240391,244867,452504,363372,390795,287459,432537,316862,845231,424323,241448
177900,178880,Fountain,10026.0,661371,321581,402543,436122,197289,240391,244867,452504,373398,390795,287459,432537,316862,845231,424323,241448
177900,179110,Fountainfall,6107.0,661371,321581,402543,436122,197289,240391,244867,452504,373398,396902,287459,432537,316862,845231,424323,241448
178550,179170,Fan Dance,539.0,661371,321581,402543,436122,197828,240391,244867,452504,373398,396902,287459,432537,316862,845231,424323,241448
179200,179820,Fan Dance III,339.0,661371,321581,402543,436122,197828,240730,244867,452504,373398,396902,287459,432537,316862,845231,424323,241448
180400,180840,Saber Dance,10367.0,661371,321581,402543,436122,197828,240730,244867,452504,373398,396902,287459,432537,316862,855598,424323,241448
180400,181020,Reverse Cascade,5236.0,661371,321581,402543,436122,197828,240730,244867,452504,373398,396902,287459,432537,322098,855598,424323,241448
180400,181200,Cascade,7815.0,661371,329396,402543,436122,197828,240730,244867,452504,373398,396902,287459,432537,322098,855598,424323,241448
180400,181380,Fountain,10561.0,661371,329396,402543,436122,197828,240730,244867,452504,383959,396902,287459,432537,322098,855598,424323,241448
180400,181610,Fountainfall,6341.0,661371,329396,402543,436122,197828,240730,244867,452504,383959,403243,287459,432537,322098,855598,424323,241448
180890,181648,Auto,10105.0,671476,329396,402543,436122,197828,240730,244867,452504,383959,403243,287459,432537,322098,855598,424323,241448
181050,181670,Fan Dance,626.0,671476,329396,402543,436122,198454,240730,244867,452504,383959,403243,287459,432537,322098,855598,424323,241448
181700,182320,Fan Dance III,388.0,671476,329396,402543,436122,198454,241118,244867,452504,383959,403243,287459,432537,322098,855598,424323,241448
182900,183340,Saber Dance,10767.0,671476,329396,402543,436122,198454,241118,244867,452504,383959,403243,287459,432537,322098,866365,424323,241448
182900,183520,Reverse Cascade,4895.0,671476,329396,402543,436122,198454,241118,244867,452504,383959,403243,287459,432537,326993,866365,424323,241448
182900,183700,Cascade,8035.0,671476,337431,402543,436122,198454,241118,244867,452504,383959,403243,287459,432537,326993,866365,424323,241448
182900,183880,Fountain,10343.0,671476,337431,402543,436122,198454,241118,244867,452504,394302,403243,287459,432537,326993,866365,424323,241448
182900,184110,Fountainfall,6429.0,671476,337431,402543,436122,198454,241118,244867,452504,394302,409672,287459,432537,326993,866365,424323,241448
183550,184170,Fan Dance,803.0,671476,337431,402543,436122,199257,241118,244867,452504,394302,409672,287459,432537,326993,866365,424323,241448
184010,184768,Auto,10105.0,681581,337431,402543,436122,199257,241118,244867,452504,394302,409672,287459,432537,326993,866365,424323,241448
184200,184820,Fan Dance III,502.0,681581,337431,402543,436122,199257,241620,244867,452504,394302,409672,287459,432537,326993,866365,424323,241448
185400,185840,Saber Dance,8089.0,681581,337431,402543,436122,199257,241620,244867,452504,394302,409672,287459,432537,326993,874454,424323,241448
185400,186020,Reverse Cascade,5647.0,681581,337431,402543,436122,199257,241620,244867,452504,394302,409672,287459,432537,332640,874454,424323,241448
185400,186200,Cascade,8720.0,681581,346151,402543,436122,199257,241620,244867,452504,394302,409672,287459,432537,332640,874454,424323,241448
185400,186380,Fountain,10248.0,681581,346151,402543,436122,199257,241620,244867,452504,404550,409672,287459,432537,332640,874454,424323,241448
185400,186610,Fountainfall,6257.0,681581,346151,402543,436122,199257,241620,244867,452504,404550,415929,287459,432537,332640,874454,424323,241448
186050,186670,Fan Dance,950.0,681581,346151,402543,436122,200207,241620,244867,452504,404550,415929,287459,432537,332640,874454,424323,241448
186700,187320,Fan Dance III,579.0,681581,346151,402543,436122,200207,242199,244867,452504,404550,415929,287459,432537,332640,874454,424323,241448
187130,187888,Auto,10105.0,691686,346151,402543,436122,200207,242199,244867,452504,404550,415929,287459,432537,332640,874454,424323,241448
187900,188340,Saber Dance,8594.0,691686,346151,402543,436122,200207,242199,244867,452504,404550,415929,287459,432537,332640,883048,424323,241448
187900,189110,Fountainfall,6218.0,691686,346151,402543,436122,200207,242199,244867,452504,404550,422147,287459,432537,332640,883048,424323,241448
187900,189150,Last Dance,51627.0,691686,346151,402543,436122,200207,242199,244867,452504,404550,422147,339086,432537,332640,883048,424323,241448
189150,189770,Fan Dance III,28555.0,691686,346151,402543,436122,200207,270754,244867,452504,404550,422147,339086,432537,332640,883048,424323,241448
190400,190840,Saber Dance,5348.0,691686,346151,402543,436122,200207,270754,244867,452504,404550,422147,339086,432537,332640,888396,424323,241448
190250,191008,Auto,10105.0,701791,346151,402543,436122,200207,270754,244867,452504,404550,422147,339086,432537,332640,888396,424323,241448
191025,191345,Fan Dance IV,49954.0,701791,346151,402543,436122,200207,270754,294821,452504,404550,422147,339086,432537,332640,888396,424323,241448
190400,191610,Fountainfall,31377.0,701791,346151,402543,436122,200207,270754,294821,452504,404550,453524,339086,432537,332640,888396,424323,241448
191025,191645,Fan Dance,3817.0,701791,346151,402543,436122,204024,270754,294821,452504,404550,453524,339086,432537,332640,888396,424323,241448
190400,191650,Last Dance,14910.0,701791,346151,402543,436122,204024,270754,294821,452504,404550,453524,353996,432537,332640,888396,424323,241448
191675,191995,Fan Dance IV,4830.0,701791,346151,402543,436122,204024,270754,299651,452504,404550,453524,353996,432537,332640,888396,424323,241448
191675,192295,Fan Dance III,2355.0,701791,346151,402543,436122,204024,273109,299651,452504,404550,453524,353996,432537,332640,888396,424323,241448
192900,193340,Saber Dance,12793.0,701791,346151,402543,436122,204024,273109,299651,452504,404550,453524,353996,432537,332640,901189,424323,241448
192900,193520,Reverse Cascade,19385.0,701791,346151,402543,436122,204024,273109,299651,452504,404550,453524,353996,432537,352025,901189,424323,241448
193550,193870,Fan Dance IV,3176.0,701791,346151,402543,436122,204024,273109,302827,452504,404550,453524,353996,432537,352025,901189,424323,241448
192900,194110,Fountainfall,10295.0,701791,346151,402543,436122,204024,273109,302827,452504,404550,463819,353996,432537,352025,901189,424323,241448
193370,194128,Auto,10105.0,711896,346151,402543,436122,204024,273109,302827,452504,404550,463819,353996,432537,352025,901189,424323,241448
192900,194150,Last Dance,3561.0,711896,346151,402543,436122,204024,273109,302827,452504,404550,463819,357557,432537,352025,901189,424323,241448
193550,194170,Fan Dance,4634.0,711896,346151,402543,436122,208658,273109,302827,452504,404550,463819,357557,432537,352025,901189,424323,241448
194200,194520,Fan Dance IV,913.0,711896,346151,402543,436122,208658,273109,303740,452504,404550,463819,357557,432537,352025,901189,424323,241448
194200,194820,Fan Dance III,2895.0,711896,346151,402543,436122,208658,276004,303740,452504,404550,463819,357557,432537,352025,901189,424323,241448
194850,195170,Fan Dance IV,835.0,711896,346151,402543,436122,208658,276004,304575,452504,404550,463819,357557,432537,352025,901189,424323,241448
196490,197248,Auto,10105.0,722001,346151,402543,436122,208658,276004,304575,452504,404550,463819,357557,432537,352025,901189,424323,241448
195400,197450,Finishing Move,110344.0,722001,346151,402543,436122,208658,276004,304575,562848,404550,463819,357557,432537,352025,901189,424323,241448
197900,198340,Saber Dance,14903.0,722001,346151,402543,436122,208658,276004,304575,562848,404550,463819,357557,432537,352025,916092,424323,241448
197900,198520,Reverse Cascade,16394.0,722001,346151,402543,436122,208658,276004,304575,562848,404550,463819,357557,432537,368419,916092,424323,241448
197900,198700,Cascade,3949.0,722001,350100,402543,436122,208658,276004,304575,562848,404550,463819,357557,432537,368419,916092,424323,241448
197900,198880,Fountain,5171.0,722001,350100,402543,436122,208658,276004,304575,562848,409721,463819,357557,432537,368419,916092,424323,241448
197900,199110,Fountainfall,2458.0,722001,350100,402543,436122,208658,276004,304575,562848,409721,466277,357557,432537,368419,916092,424323,241448
198550,199170,Fan Dance,3497.0,722001,350100,402543,436122,212155,276004,304575,562848,409721,466277,357557,432537,368419,916092,424323,241448
199200,199820,Fan Dance III,2150.0,722001,350100,402543,436122,212155,278154,304575,562848,409721,466277,357557,432537,368419,916092,424323,241448
199610,200368,Auto,10105.0,732106,350100,402543,436122,212155,278154,304575,562848,409721,466277,357557,432537,368419,916092,424323,241448
200400,200840,Saber Dance,9154.0,732106,350100,402543,436122,212155,278154,304575,562848,409721,466277,357557,432537,368419,925246,424323,241448
200400,201020,Reverse Cascade,8467.0,732106,350100,402543,436122,212155,278154,304575,562848,409721,466277,357557,432537,376886,925246,424323,241448
200400,201200,Cascade,7892.0,732106,357992,402543,436122,212155,278154,304575,562848,409721,466277,357557,432537,376886,925246,424323,241448
200400,201380,Fountain,10415.0,732106,357992,402543,436122,212155,278154,304575,562848,420136,466277,357557,432537,376886,925246,424323,241448
200400,201610,Fountainfall,3239.0,732106,357992,402543,436122,212155,278154,304575,562848,420136,469516,357557,432537,376886,925246,424323,241448
201050,201670,Fan Dance,2476.0,732106,357992,402543,436122,214631,278154,304575,562848,420136,469516,357557,432537,376886,925246,424323,241448
201700,202320,Fan Dance III,1453.0,732106,357992,402543,436122,214631,279607,304575,562848,420136,469516,357557,432537,376886,925246,424323,241448
202900,203340,Saber Dance,10655.0,732106,357992,402543,436122,214631,279607,304575,562848,420136,469516,357557,432537,376886,935901,424323,241448
202730,203488,Auto,10105.0,742211,357992,402543,436122,214631,279607,304575,562848,420136,469516,357557,432537,376886,935901,424323,241448
202900,203520,Reverse Cascade,5091.0,742211,357992,402543,436122,214631,279607,304575,562848,420136,469516,357557,432537,381977,935901,424323,241448
202900,203700,Cascade,7972.0,742211,365964,402543,436122,214631,279607,304575,562848,420136,469516,357557,432537,381977,935901,424323,241448
202900,203880,Fountain,10353.0,742211,365964,402543,436122,214631,279607,304575,562848,430489,469516,357557,432537,381977,935901,424323,241448
202900,204110,Fountainfall,6346.0,742211,365964,402543,436122,214631,279607,304575,562848,430489,475862,357557,432537,381977,935901,424323,241448
203550,204170,Fan Dance,2357.0,742211,365964,402543,436122,216988,279607,304575,562848,430489,475862,357557,432537,381977,935901,424323,241448
204200,204820,Fan Dance III,1424.0,742211,365964,402543,436122,216988,281031,304575,562848,430489,475862,357557,432537,381977,935901,424323,241448
205400,205840,Saber Dance,8425.0,742211,365964,402543,436122,216988,281031,304575,562848,430489,475862,357557,432537,381977,944326,424323,241448
205400,206020,Reverse Cascade,5269.0,742211,365964,402543,436122,216988,281031,304575,562848,430489,475862,357557,432537,387246,944326,424323,241448
205400,206200,Cascade,8523.0,742211,374487,402543,436122,216988,281031,304575,562848,430489,475862,357557,432537,387246,944326,424323,241448
205400,206380,Fountain,10684.0,742211,374487,402543,436122,216988,281031,304575,562848,441173,475862,357557,432537,387246,944326,424323,241448
205850,206608,Auto,10105.0,752316,374487,402543,436122,216988,281031,304575,562848,441173,475862,357557,432537,387246,944326,424323,241448
205400,206610,Fountainfall,6279.0,752316,374487,402543,436122,216988,281031,304575,562848,441173,482141,357557,432537,387246,944326,424323,241448
206050,206670,Fan Dance,2450.0,752316,374487,402543,436122,219438,281031,304575,562848,441173,482141,357557,432537,387246,944326,424323,241448
206700,207320,Fan Dance III,1467.0,752316,374487,402543,436122,219438,282498,304575,562848,441173,482141,357557,432537,387246,944326,424323,241448
207900,208340,Saber Dance,7872.0,752316,374487,402543,436122,219438,282498,304575,562848,441173,482141,357557,432537,387246,952198,424323,241448
207900,208520,Reverse Cascade,5585.0,752316,374487,402543,436122,219438,282498,304575,562848,441173,482141,357557,432537,392831,952198,424323,241448
207900,208700,Cascade,8663.0,752316,383150,402543,436122,219438,282498,304575,562848,441173,482141,357557,432537,392831,952198,424323,241448
207900,208880,Fountain,10492.0,752316,383150,402543,436122,219438,282498,304575,562848,451665,482141,357557,432537,392831,952198,424323,241448
207900,209110,Fountainfall,6262.0,752316,383150,402543,436122,219438,282498,304575,562848,451665,488403,357557,432537,392831,952198,424323,241448
208550,209170,Fan Dance,2660.0,752316,383150,402543,436122,222098,282498,304575,562848,451665,488403,357557,432537,392831,952198,424323,241448
208970,209728,Auto,10105.0,762421,383150,402543,436122,222098,282498,304575,562848,451665,488403,357557,432537,392831,952198,424323,241448
209200,209820,Fan Dance III,1636.0,762421,383150,402543,436122,222098,284134,304575,562848,451665,488403,357557,432537,392831,952198,424323,241448
210400,210840,Saber Dance,10423.0,762421,383150,402543,436122,222098,284134,304575,562848,451665,488403,357557,432537,392831,962621,424323,241448
210400,211020,Reverse Cascade,5215.0,762421,383150,402543,436122,222098,284134,304575,562848,451665,488403,357557,432537,398046,962621,424323,241448
210400,211200,Cascade,7818.0,762421,390968,402543,436122,222098,284134,304575,562848,451665,488403,357557,432537,398046,962621,424323,241448
210400,211380,Fountain,10477.0,762421,390968,402543,436122,222098,284134,304575,562848,462142,488403,357557,432537,398046,962621,424323,241448
210400,211610,Fountainfall,6429.0,762421,390968,402543,436122,222098,284134,304575,562848,462142,494832,357557,432537,398046,962621,424323,241448
211050,211670,Fan Dance,2660.0,762421,390968,402543,436122,224758,284134,304575,562848,462142,494832,357557,432537,398046,962621,424323,241448
211700,212320,Fan Dance III,1513.0,762421,390968,402543,436122,224758,285647,304575,562848,462142,494832,357557,432537,398046,962621,424323,241448
212090,212848,Auto,10105.0,772526,390968,402543,436122,224758,285647,304575,562848,462142,494832,357557,432537,398046,962621,424323,241448
212900,213340,Saber Dance,10830.0,772526,390968,402543,436122,224758,285647,304575,562848,462142,494832,357557,432537,398046,973451,424323,241448
212900,213520,Reverse Cascade,4866.0,772526,390968,402543,436122,224758,285647,304575,562848,462142,494832,357557,432537,402912,973451,424323,241448
212900,213700,Cascade,8138.0,772526,399106,402543,436122,224758,285647,304575,562848,462142,494832,357557,432537,402912,973451,424323,241448
212900,213880,Fountain,10357.0,772526,399106,402543,436122,224758,285647,304575,562848,472499,494832,357557,432537,402912,973451,424323,241448
212900,214110,Fountainfall,6249.0,772526,399106,402543,436122,224758,285647,304575,562848,472499,501081,357557,432537,402912,973451,424323,241448
213550,214170,Fan Dance,2595.0,772526,399106,402543,436122,227353,285647,304575,562848,472499,501081,357557,432537,402912,973451,424323,241448
214200,214820,Fan Dance III,1599.0,772526,399106,402543,436122,227353,287246,304575,562848,472499,501081,357557,432537,402912,973451,424323,241448
215400,215840,Saber Dance,12631.0,772526,399106,402543,436122,227353,287246,304575,562848,472499,501081,357557,432537,402912,986082,424323,241448
215210,215968,Auto,10105.0,782631,399106,402543,436122,227353,287246,304575,562848,472499,501081,357557,432537,402912,986082,424323,241448
215400,216020,Reverse Cascade,4971.0,782631,399106,402543,436122,227353,287246,304575,562848,472499,501081,357557,432537,407883,986082,424323,241448
215400,216200,Cascade,7738.0,782631,406844,402543,436122,227353,287246,304575,562848,472499,501081,357557,432537,407883,986082,424323,241448
215400,216380,Fountain,9696.0,782631,406844,402543,436122,227353,287246,304575,562848,482195,501081,357557,432537,407883,986082,424323,241448
215400,216610,Fountainfall,6407.0,782631,406844,402543,436122,227353,287246,304575,562848,482195,507488,357557,432537,407883,986082,424323,241448
216050,216670,Fan Dance,2770.0,782631,406844,402543,436122,230123,287246,304575,562848,482195,507488,357557,432537,407883,986082,424323,241448
216700,217320,Fan Dance III,1690.0,782631,406844,402543,436122,230123,288936,304575,562848,482195,507488,357557,432537,407883,986082,424323,241448
217900,218340,Saber Dance,10844.0,782631,406844,402543,436122,230123,288936,304575,562848,482195,507488,357557,432537,407883,996926,424323,241448
217900,218520,Reverse Cascade,5396.0,782631,406844,402543,436122,230123,288936,304575,562848,482195,507488,357557,432537,413279,996926,424323,241448
217900,218700,Cascade,8078.0,782631,414922,402543,436122,230123,288936,304575,562848,482195,507488,357557,432537,413279,996926,424323,241448
217900,218880,Fountain,10146.0,782631,414922,402543,436122,230123,288936,304575,562848,492341,507488,357557,432537,413279,996926,424323,241448
218330,219088,Auto,10105.0,792736,414922,402543,436122,230123,288936,304575,562848,492341,507488,357557,432537,413279,996926,424323,241448
217900,219110,Fountainfall,5944.0,792736,414922,402543,436122,230123,288936,304575,562848,492341,513432,357557,432537,413279,996926,424323,241448
218550,219170,Fan Dance,2782.0,792736,414922,402543,436122,232905,288936,304575,562848,492341,513432,357557,432537,413279,996926,424323,241448
219200,219820,Fan Dance III,1756.0,792736,414922,402543,436122,232905,290692,304575,562848,492341,513432,357557,432537,413279,996926,424323,241448
220400,220840,Saber Dance,10360.0,792736,414922,402543,436122,232905,290692,304575,562848,492341,513432,357557,432537,413279,1007286,424323,241448
220400,221020,Reverse Cascade,5004.0,792736,414922,402543,436122,232905,290692,304575,562848,492341,513432,357557,432537,418283,1007286,424323,241448
220400,221200,Cascade,8052.0,792736,422974,402543,436122,232905,290692,304575,562848,492341,513432,357557,432537,418283,1007286,424323,241448
220400,221380,Fountain,10622.0,792736,422974,402543,436122,232905,290692,304575,562848,502963,513432,357557,432537,418283,1007286,424323,241448
220400,221610,Fountainfall,6187.0,792736,422974,402543,436122,232905,290692,304575,562848,502963,519619,357557,432537,418283,1007286,424323,241448
221050,221670,Fan Dance,2831.0,792736,422974,402543,436122,235736,290692,304575,562848,502963,519619,357557,432537,418283,1007286,424323,241448
221450,222208,Auto,10105.0,802841,422974,402543,436122,235736,290692,304575,562848,502963,519619,357557,432537,418283,1007286,424323,241448
222900,223340,Saber Dance,8692.0,802841,422974,402543,436122,235736,290692,304575,562848,502963,519619,357557,432537,418283,1015978,424323,241448
222900,223520,Reverse Cascade,5331.0,802841,422974,402543,436122,235736,290692,304575,562848,502963,519619,357557,432537,423614,1015978,424323,241448
222900,223700,Cascade,8292.0,802841,431266,402543,436122,235736,290692,304575,562848,502963,519619,357557,432537,423614,1015978,424323,241448
222900,223880,Fountain,10568.0,802841,431266,402543,436122,235736,290692,304575,562848,513531,519619,357557,432537,423614,1015978,424323,241448
222900,224110,Fountainfall,6535.0,802841,431266,402543,436122,235736,290692,304575,562848,513531,526154,357557,432537,423614,1015978,424323,241448
223550,224170,Fan Dance,3036.0,802841,431266,402543,436122,238772,290692,304575,562848,513531,526154,357557,432537,423614,1015978,424323,241448
224570,225328,Auto,10105.0,812946,431266,402543,436122,238772,290692,304575,562848,513531,526154,357557,432537,423614,1015978,424323,241448
227690,228448,Auto,10105.0,823051,431266,402543,436122,238772,290692,304575,562848,513531,526154,357557,432537,423614,1015978,424323,241448
228900,229430,Double Standard Finish,110344.0,823051,431266,402543,546466,238772,290692,304575,562848,513531,526154,357557,432537,423614,1015978,424323,241448
230400,230840,Saber Dance,10353.0,823051,431266,402543,546466,238772,290692,304575,562848,513531,526154,357557,432537,423614,1026331,424323,241448
230400,231020,Reverse Cascade,5269.0,823051,431266,402543,546466,238772,290692,304575,562848,513531,526154,357557,432537,428883,1026331,424323,241448
230400,231200,Cascade,8146.0,823051,439412,402543,546466,238772,290692,304575,562848,513531,526154,357557,432537,428883,1026331,424323,241448
230400,231380,Fountain,9983.0,823051,439412,402543,546466,238772,290692,304575,562848,523514,526154,357557,432537,428883,1026331,424323,241448
230810,231568,Auto,10105.0,833156,439412,402543,546466,238772,290692,304575,562848,523514,526154,357557,432537,428883,1026331,424323,241448
230400,231610,Fountainfall,6500.0,833156,439412,402543,546466,238772,290692,304575,562848,523514,532654,357557,432537,428883,1026331,424323,241448
231025,231645,Fan Dance,2791.0,833156,439412,402543,546466,241563,290692,304575,562848,523514,532654,357557,432537,428883,1026331,424323,241448
231025,231645,Fan Dance III,268.0,833156,439412,402543,546466,241563,290960,304575,562848,523514,532654,357557,432537,428883,1026331,424323,241448
231675,232295,Fan Dance,219.0,833156,439412,402543,546466,241782,290960,304575,562848,523514,532654,357557,432537,428883,1026331,424323,241448
232900,233340,Saber Dance,10570.0,833156,439412,402543,546466,241782,290960,304575,562848,523514,532654,357557,432537,428883,1036901,424323,241448
232900,233520,Reverse Cascade,5295.0,833156,439412,402543,546466,241782,290960,304575,562848,523514,532654,357557,432537,434178,1036901,424323,241448
232900,233700,Cascade,8038.0,833156,447450,402543,546466,241782,290960,304575,562848,523514,532654,357557,432537,434178,1036901,424323,241448
232900,233880,Fountain,10230.0,833156,447450,402543,546466,241782,290960,304575,562848,533744,532654,357557,432537,434178,1036901,424323,241448
232900,234110,Fountainfall,6200.0,833156,447450,402543,546466,241782,290960,304575,562848,533744,538854,357557,432537,434178,1036901,424323,241448
233550,234170,Fan Dance,2670.0,833156,447450,402543,546466,244452,290960,304575,562848,533744,538854,357557,432537,434178,1036901,424323,241448
233550,234170,Fan Dance III,542.0,833156,447450,402543,546466,244452,291502,304575,562848,533744,538854,357557,432537,434178,1036901,424323,241448
233930,234688,Auto,10105.0,843261,447450,402543,546466,244452,291502,304575,562848,533744,538854,357557,432537,434178,1036901,424323,241448
234200,234820,Fan Dance,443.0,843261,447450,402543,546466,244895,291502,304575,562848,533744,538854,357557,432537,434178,1036901,424323,241448
235400,235840,Saber Dance,10963.0,843261,447450,402543,546466,244895,291502,304575,562848,533744,538854,357557,432537,434178,1047864,424323,241448
235400,236020,Reverse Cascade,5091.0,843261,447450,402543,546466,244895,291502,304575,562848,533744,538854,357557,432537,439269,1047864,424323,241448
235400,236200,Cascade,7818.0,843261,455268,402543,546466,244895,291502,304575,562848,533744,538854,357557,432537,439269,1047864,424323,241448
235400,236380,Fountain,10488.0,843261,455268,402543,546466,244895,291502,304575,562848,544232,538854,357557,432537,439269,1047864,424323,241448
235400,236610,Fountainfall,6226.0,843261,455268,402543,546466,244895,291502,304575,562848,544232,545080,357557,432537,439269,1047864,424323,241448
236050,236670,Fan Dance,2427.0,843261,455268,402543,546466,247322,291502,304575,562848,544232,545080,357557,432537,439269,1047864,424323,241448
236050,236670,Fan Dance III,748.0,843261,455268,402543,546466,247322,292250,304575,562848,544232,545080,357557,432537,439269,1047864,424323,241448
236700,237320,Fan Dance,612.0,843261,455268,402543,546466,247934,292250,304575,562848,544232,545080,357557,432537,439269,1047864,424323,241448
237050,237808,Auto,10105.0,853366,455268,402543,546466,247934,292250,304575,562848,544232,545080,357557,432537,439269,1047864,424323,241448
237900,238340,Saber Dance,10241.0,853366,455268,402543,546466,247934,292250,304575,562848,544232,545080,357557,432537,439269,1058105,424323,241448
237900,238520,Reverse Cascade,5007.0,853366,455268,402543,546466,247934,292250,304575,562848,544232,545080,357557,432537,444276,1058105,424323,241448
237900,238700,Cascade,8386.0,853366,463654,402543,546466,247934,292250,304575,562848,544232,545080,357557,432537,444276,1058105,424323,241448
237900,238880,Fountain,10230.0,853366,463654,402543,546466,247934,292250,304575,562848,554462,545080,357557,432537,444276,1058105,424323,241448
237900,239110,Fountainfall,6218.0,853366,463654,402543,546466,247934,292250,304575,562848,554462,551298,357557,432537,444276,1058105,424323,241448
238550,239170,Fan Dance III,1047.0,853366,463654,402543,546466,247934,293297,304575,562848,554462,551298,357557,432537,444276,1058105,424323,241448
238550,239170,Fan Dance,2289.0,853366,463654,402543,546466,250223,293297,304575,562848,554462,551298,357557,432537,444276,1058105,424323,241448
239200,239820,Fan Dance,857.0,853366,463654,402543,546466,251080,293297,304575,562848,554462,551298,357557,432537,444276,1058105,424323,241448
240170,240928,Auto,10105.0,863471,463654,402543,546466,251080,293297,304575,562848,554462,551298,357557,432537,444276,1058105,424323,241448
243290,244048,Auto,10105.0,873576,463654,402543,546466,251080,293297,304575,562848,554462,551298,357557,432537,444276,1058105,424323,241448
246400,246935,Quadruple Technical Finish,207745.0,873576,463654,402543,546466,251080,293297,304575,562848,554462,551298,357557,640282,444276,1058105,424323,241448
246410,247168,Auto,12439.0,886015,463654,402543,546466,251080,293297,304575,562848,554462,551298,357557,640282,444276,1058105,424323,241448
247900,248740,Tillana,57072.0,886015,463654,402543,546466,251080,293297,304575,562848,554462,551298,357557,640282,444276,1058105,424323,298520
247900,248790,Starfall Dance,53640.0,886015,463654,402543,546466,251080,293297,304575,562848,554462,551298,357557,640282,444276,1058105,477963,298520
249150,249770,Fan Dance III,42528.0,886015,463654,402543,546466,251080,335825,304575,562848,554462,551298,357557,640282,444276,1058105,477963,298520
247900,250260,Dance of the Dawn,47329.0,886015,463654,449872,546466,251080,335825,304575,562848,554462,551298,357557,640282,444276,1058105,477963,298520
249530,250288,Auto,15049.0,901064,463654,449872,546466,251080,335825,304575,562848,554462,551298,357557,640282,444276,1058105,477963,298520
251025,251345,Fan Dance IV,62615.0,901064,463654,449872,546466,251080,335825,367190,562848,554462,551298,357557,640282,444276,1058105,477963,298520
251025,251645,Fan Dance III,12584.0,901064,463654,449872,546466,251080,348409,367190,562848,554462,551298,357557,640282,444276,1058105,477963,298520
250400,251650,Last Dance,104400.0,901064,463654,449872,546466,251080,348409,367190,562848,554462,551298,461957,640282,444276,1058105,477963,298520
251650,251970,Fan Dance IV,26314.0,901064,463654,449872,546466,251080,348409,393504,562848,554462,551298,461957,640282,444276,1058105,477963,298520
251650,252270,Fan Dance,24447.0,901064,463654,449872,546466,275527,348409,393504,562848,554462,551298,461957,640282,444276,1058105,477963,298520
252900,253340,Saber Dance,114.0,901064,463654,449872,546466,275527,348409,393504,562848,554462,551298,461957,640282,444276,1058219,477963,298520
252650,253408,Auto,15049.0,916113,463654,449872,546466,275527,348409,393504,562848,554462,551298,461957,640282,444276,1058219,477963,298520
252900,253740,Tillana,17133.0,916113,463654,449872,546466,275527,348409,393504,562848,554462,551298,461957,640282,444276,1058219,477963,315653
252900,253790,Starfall Dance,19564.0,916113,463654,449872,546466,275527,348409,393504,562848,554462,551298,461957,640282,444276,1058219,497527,315653
252900,254110,Fountainfall,2530.0,916113,463654,449872,546466,275527,348409,393504,562848,554462,553828,461957,640282,444276,1058219,497527,315653
253525,254145,Fan Dance III,14753.0,916113,463654,449872,546466,275527,363162,393504,562848,554462,553828,461957,640282,444276,1058219,497527,315653
253525,254145,Fan Dance,22471.0,916113,463654,449872,546466,297998,363162,393504,562848,554462,553828,461957,640282,444276,1058219,497527,315653
254150,254770,Fan Dance,22701.0,916113,463654,449872,546466,320699,363162,393504,562848,554462,553828,461957,640282,444276,1058219,497527,315653
254150,254770,Fan Dance III,13830.0,916113,463654,449872,546466,320699,376992,393504,562848,554462,553828,461957,640282,444276,1058219,497527,315653
252900,255260,Dance of the Dawn,138565.0,916113,463654,588437,546466,320699,376992,393504,562848,554462,553828,461957,640282,444276,1058219,497527,315653
254800,255420,Fan Dance,19034.0,916113,463654,588437,546466,339733,376992,393504,562848,554462,553828,461957,640282,444276,1058219,497527,315653
254800,255420,Fan Dance III,13983.0,916113,463654,588437,546466,339733,390975,393504,562848,554462,553828,461957,640282,444276,1058219,497527,315653
255770,256528,Auto,15049.0,931162,463654,588437,546466,339733,390975,393504,562848,554462,553828,461957,640282,444276,1058219,497527,315653
256024,256644,Fan Dance III,11737.0,931162,463654,588437,546466,339733,402712,393504,562848,554462,553828,461957,640282,444276,1058219,497527,315653
256024,256644,Fan Dance,11014.0,931162,463654,588437,546466,350747,402712,393504,562848,554462,553828,461957,640282,444276,1058219,497527,315653
256649,257269,Fan Dance,2776.0,931162,463654,588437,546466,353523,402712,393504,562848,554462,553828,461957,640282,444276,1058219,497527,315653
256649,257269,Fan Dance III,6825.0,931162,463654,588437,546466,353523,409537,393504,562848,554462,553828,461957,640282,444276,1058219,497527,315653
255400,257450,Finishing Move,164339.0,931162,463654,588437,546466,353523,409537,393504,727187,554462,553828,461957,640282,444276,1058219,497527,315653
257899,258339,Saber Dance,38586.0,931162,463654,588437,546466,353523,409537,393504,727187,554462,553828,461957,640282,444276,1096805,497527,315653
257899,258519,Reverse Cascade,10.0,931162,463654,588437,546466,353523,409537,393504,727187,554462,553828,461957,640282,444286,1096805,497527,315653
257899,258739,Tillana,9442.0,931162,463654,588437,546466,353523,409537,393504,727187,554462,553828,461957,640282,444286,1096805,497527,325095
257899,258789,Starfall Dance,86635.0,931162,463654,588437,546466,353523,409537,393504,727187,554462,553828,461957,640282,444286,1096805,584162,325095
257899,259109,Fountainfall,5619.0,931162,463654,588437,546466,353523,409537,393504,727187,554462,559447,461957,640282,444286,1096805,584162,325095
258524,259144,Fan Dance III,1616.0,931162,463654,588437,546466,353523,411153,393504,727187,554462,559447,461957,640282,444286,1096805,584162,325095
258524,259144,Fan Dance,1562.0,931162,463654,588437,546466,355085,411153,393504,727187,554462,559447,461957,640282,444286,1096805,584162,325095
258890,259648,Auto,15049.0,946211,463654,588437,546466,355085,411153,393504,727187,554462,559447,461957,640282,444286,1096805,584162,325095
259149,259769,Fan Dance,73.0,946211,463654,588437,546466,355158,411153,393504,727187,554462,559447,461957,640282,444286,1096805,584162,325095
259149,259769,Fan Dance III,973.0,946211,463654,588437,546466,355158,412126,393504,727187,554462,559447,461957,640282,444286,1096805,584162,325095
257899,260259,Dance of the Dawn,7385.0,946211,463654,595822,546466,355158,412126,393504,727187,554462,559447,461957,640282,444286,1096805,584162,325095
260399,260839,Saber Dance,66189.0,946211,463654,595822,546466,355158,412126,393504,727187,554462,559447,461957,640282,444286,1162994,584162,325095
260399,261019,Reverse Cascade,920.0,946211,463654,595822,546466,355158,412126,393504,727187,554462,559447,461957,640282,445206,1162994,584162,325095
260399,261239,Tillana,9639.0,946211,463654,595822,546466,355158,412126,393504,727187,554462,559447,461957,640282,445206,1162994,584162,334734
260399,261289,Starfall Dance,37662.0,946211,463654,595822,546466,355158,412126,393504,727187,554462,559447,461957,640282,445206,1162994,621824,334734
260399,261609,Fountainfall,5310.0,946211,463654,595822,546466,355158,412126,393504,727187,554462,564757,461957,640282,445206,1162994,621824,334734
261049,261669,Fan Dance,1704.0,946211,463654,595822,546466,356862,412126,393504,727187,554462,564757,461957,640282,445206,1162994,621824,334734
261049,261669,Fan Dance III,59.0,946211,463654,595822,546466,356862,412185,393504,727187,554462,564757,461957,640282,445206,1162994,621824,334734
261699,262319,Fan Dance III,1041.0,946211,463654,595822,546466,356862,413226,393504,727187,554462,564757,461957,640282,445206,1162994,621824,334734
260399,262759,Dance of the Dawn,58.0,946211,463654,595880,546466,356862,413226,393504,727187,554462,564757,461957,640282,445206,1162994,621824,334734
262010,262768,Auto,15049.0,961260,463654,595880,546466,356862,413226,393504,727187,554462,564757,461957,640282,445206,1162994,621824,334734
262900,263340,Saber Dance,55697.0,961260,463654,595880,546466,356862,413226,393504,727187,554462,564757,461957,640282,445206,1218691,621824,334734
262900,263520,Reverse Cascade,2018.0,961260,463654,595880,546466,356862,413226,393504,727187,554462,564757,461957,640282,447224,1218691,621824,334734
262900,263700,Cascade,12.0,961260,463666,595880,546466,356862,413226,393504,727187,554462,564757,461957,640282,447224,1218691,621824,334734
262900,263740,Tillana,9686.0,961260,463666,595880,546466,356862,413226,393504,727187,554462,564757,461957,640282,447224,1218691,621824,344420
262900,263790,Starfall Dance,6195.0,961260,463666,595880,546466,356862,413226,393504,727187,554462,564757,461957,640282,447224,1218691,628019,344420
262900,263880,Fountain,27.0,961260,463666,595880,546466,356862,413226,393504,727187,554489,564757,461957,640282,447224,1218691,628019,344420
262900,264110,Fountainfall,20671.0,961260,463666,595880,546466,356862,413226,393504,727187,554489,585428,461957,640282,447224,1218691,628019,344420
263550,264170,Fan Dance,6251.0,961260,463666,595880,546466,363113,413226,393504,727187,554489,585428,461957,640282,447224,1218691,628019,344420
264200,264820,Fan Dance III,3755.0,961260,463666,595880,546466,363113,416981,393504,727187,554489,585428,461957,640282,447224,1218691,628019,344420
265400,265840,Saber Dance,37375.0,961260,463666,595880,546466,363113,416981,393504,727187,554489,585428,461957,640282,447224,1256066,628019,344420
265130,265888,Auto,15049.0,976309,463666,595880,546466,363113,416981,393504,727187,554489,585428,461957,640282,447224,1256066,628019,344420
265400,266020,Reverse Cascade,7653.0,976309,463666,595880,546466,363113,416981,393504,727187,554489,585428,461957,640282,454877,1256066,628019,344420
265400,266240,Tillana,13026.0,976309,463666,595880,546466,363113,416981,393504,727187,554489,585428,461957,640282,454877,1256066,628019,357446
265400,266290,Starfall Dance,101.0,976309,463666,595880,546466,363113,416981,393504,727187,554489,585428,461957,640282,454877,1256066,628120,357446
265400,266380,Fountain,5.0,976309,463666,595880,546466,363113,416981,393504,727187,554494,585428,461957,640282,454877,1256066,628120,357446
265400,266610,Fountainfall,25482.0,976309,463666,595880,546466,363113,416981,393504,727187,554494,610910,461957,640282,454877,1256066,628120,357446
266050,266670,Fan Dance,8653.0,976309,463666,595880,546466,371766,416981,393504,727187,554494,610910,461957,640282,454877,1256066,628120,357446
266700,267320,Fan Dance III,4713.0,976309,463666,595880,546466,371766,421694,393504,727187,554494,610910,461957,640282,454877,1256066,628120,357446
267900,268340,Saber Dance,26027.0,976309,463666,595880,546466,371766,421694,393504,727187,554494,610910,461957,640282,454877,1282093,628120,357446
267900,268520,Reverse Cascade,14765.0,976309,463666,595880,546466,371766,421694,393504,727187,554494,610910,461957,640282,469642,1282093,628120,357446
267900,268700,Cascade,1330.0,976309,464996,595880,546466,371766,421694,393504,727187,554494,610910,461957,640282,469642,1282093,628120,357446
268250,269008,Auto,10105.0,986414,464996,595880,546466,371766,421694,393504,727187,554494,610910,461957,640282,469642,1282093,628120,357446
267900,269110,Fountainfall,7758.0,986414,464996,595880,546466,371766,421694,393504,727187,554494,618668,461957,640282,469642,1282093,628120,357446
270400,270840,Saber Dance,12687.0,986414,464996,595880,546466,371766,421694,393504,727187,554494,618668,461957,640282,469642,1294780,628120,357446
270400,271020,Reverse Cascade,13319.0,986414,464996,595880,546466,371766,421694,393504,727187,554494,618668,461957,640282,482961,1294780,628120,357446
270400,271200,Cascade,11290.0,986414,476286,595880,546466,371766,421694,393504,727187,554494,618668,461957,640282,482961,1294780,628120,357446
270400,271380,Fountain,614.0,986414,476286,595880,546466,371766,421694,393504,727187,555108,618668,461957,640282,482961,1294780,628120,357446
270400,271610,Fountainfall,1774.0,986414,476286,595880,546466,371766,421694,393504,727187,555108,620442,461957,640282,482961,1294780,628120,357446
271370,272128,Auto,10105.0,996519,476286,595880,546466,371766,421694,393504,727187,555108,620442,461957,640282,482961,1294780,628120,357446
272900,273340,Saber Dance,9351.0,996519,476286,595880,546466,371766,421694,393504,727187,555108,620442,461957,640282,482961,1304131,628120,357446
272900,273520,Reverse Cascade,9568.0,996519,476286,595880,546466,371766,421694,393504,727187,555108,620442,461957,640282,492529,1304131,628120,357446
272900,273700,Cascade,11970.0,996519,488256,595880,546466,371766,421694,393504,727187,555108,620442,461957,640282,492529,1304131,628120,357446
272900,273880,Fountain,6349.0,996519,488256,595880,546466,371766,421694,393504,727187,561457,620442,461957,640282,492529,1304131,628120,357446
272900,274110,Fountainfall,414.0,996519,488256,595880,546466,371766,421694,393504,727187,561457,620856,461957,640282,492529,1304131,628120,357446
274490,275248,Auto,10105.0,1006624,488256,595880,546466,371766,421694,393504,727187,561457,620856,461957,640282,492529,1304131,628120,357446
275400,275840,Saber Dance,9035.0,1006624,488256,595880,546466,371766,421694,393504,727187,561457,620856,461957,640282,492529,1313166,628120,357446
275400,276020,Reverse Cascade,8384.0,1006624,488256,595880,546466,371766,421694,393504,727187,561457,620856,461957,640282,500913,1313166,628120,357446
275400,276200,Cascade,5945.0,1006624,494201,595880,546466,371766,421694,393504,727187,561457,620856,461957,640282,500913,1313166,628120,357446
275400,276380,Fountain,12589.0,1006624,494201,595880,546466,371766,421694,393504,727187,574046,620856,461957,640282,500913,1313166,628120,357446
275400,276610,Fountainfall,3786.0,1006624,494201,595880,546466,371766,421694,393504,727187,574046,624642,461957,640282,500913,1313166,628120,357446
277900,278340,Saber Dance,10017.0,1006624,494201,595880,546466,371766,421694,393504,727187,574046,624642,461957,640282,500913,1323183,628120,357446
277610,278368,Auto,10105.0,1016729,494201,595880,546466,371766,421694,393504,727187,574046,624642,461957,640282,500913,1323183,628120,357446
277900,278520,Reverse Cascade,4077.0,1016729,494201,595880,546466,371766,421694,393504,727187,574046,624642,461957,640282,504990,1323183,628120,357446
277900,278700,Cascade,6016.0,1016729,500217,595880,546466,371766,421694,393504,727187,574046,624642,461957,640282,504990,1323183,628120,357446
277900,278880,Fountain,13097.0,1016729,500217,595880,546466,371766,421694,393504,727187,587143,624642,461957,640282,504990,1323183,628120,357446
277900,279110,Fountainfall,7670.0,1016729,500217,595880,546466,371766,421694,393504,727187,587143,632312,461957,640282,504990,1323183,628120,357446
280400,280840,Saber Dance,10697.0,1016729,500217,595880,546466,371766,421694,393504,727187,587143,632312,461957,640282,504990,1333880,628120,357446
280400,281020,Reverse Cascade,3623.0,1016729,500217,595880,546466,371766,421694,393504,727187,587143,632312,461957,640282,508613,1333880,628120,357446
280400,281200,Cascade,9483.0,1016729,509700,595880,546466,371766,421694,393504,727187,587143,632312,461957,640282,508613,1333880,628120,357446
280400,281380,Fountain,8482.0,1016729,509700,595880,546466,371766,421694,393504,727187,595625,632312,461957,640282,508613,1333880,628120,357446
280730,281488,Auto,10105.0,1026834,509700,595880,546466,371766,421694,393504,727187,595625,632312,461957,640282,508613,1333880,628120,357446
280400,281610,Fountainfall,8040.0,1026834,509700,595880,546466,371766,421694,393504,727187,595625,640352,461957,640282,508613,1333880,628120,357446
281050,281670,Fan Dance,18.0,1026834,509700,595880,546466,371784,421694,393504,727187,595625,640352,461957,640282,508613,1333880,628120,357446
281700,282320,Fan Dance III,5.0,1026834,509700,595880,546466,371784,421699,393504,727187,595625,640352,461957,640282,508613,1333880,628120,357446
282900,283340,Saber Dance,10465.0,1026834,509700,595880,546466,371784,421699,393504,727187,595625,640352,461957,640282,508613,1344345,628120,357446
282900,283520,Reverse Cascade,5996.0,1026834,509700,595880,546466,371784,421699,393504,727187,595625,640352,461957,640282,514609,1344345,628120,357446
282900,283700,Cascade,9063.0,1026834,518763,595880,546466,371784,421699,393504,727187,595625,640352,461957,640282,514609,1344345,628120,357446
282900,283880,Fountain,9212.0,1026834,518763,595880,546466,371784,421699,393504,727187,604837,640352,461957,640282,514609,1344345,628120,357446
282900,284110,Fountainfall,5066.0,1026834,518763,595880,546466,371784,421699,393504,727187,604837,645418,461957,640282,514609,1344345,628120,357446
283550,284170,Fan Dance,56.0,1026834,518763,595880,546466,371840,421699,393504,727187,604837,645418,461957,640282,514609,1344345,628120,357446
283850,284608,Auto,10105.0,1036939,518763,595880,546466,371840,421699,393504,727187,604837,645418,461957,640282,514609,1344345,628120,357446
284200,284820,Fan Dance III,25.0,1036939,518763,595880,546466,371840,421724,393504,727187,604837,645418,461957,640282,514609,1344345,628120,357446
286970,287728,Auto,10105.0,1047044,518763,595880,546466,371840,421724,393504,727187,604837,645418,461957,640282,514609,1344345,628120,357446
288900,289430,Double Standard Finish,110344.0,1047044,518763,595880,656810,371840,421724,393504,727187,604837,645418,461957,640282,514609,1344345,628120,357446
290400,290840,Saber Dance,11832.0,1047044,518763,595880,656810,371840,421724,393504,727187,604837,645418,461957,640282,514609,1356177,628120,357446
290090,290848,Auto,10105.0,1057149,518763,595880,656810,371840,421724,393504,727187,604837,645418,461957,640282,514609,1356177,628120,357446
290400,291020,Reverse Cascade,5553.0,1057149,518763,595880,656810,371840,421724,393504,727187,604837,645418,461957,640282,520162,1356177,628120,357446
290400,291200,Cascade,7110.0,1057149,525873,595880,656810,371840,421724,393504,727187,604837,645418,461957,640282,520162,1356177,628120,357446
290400,291380,Fountain,10866.0,1057149,525873,595880,656810,371840,421724,393504,727187,615703,645418,461957,640282,520162,1356177,628120,357446
290400,291610,Fountainfall,5754.0,1057149,525873,595880,656810,371840,421724,393504,727187,615703,651172,461957,640282,520162,1356177,628120,357446
291050,291670,Fan Dance,105.0,1057149,525873,595880,656810,371945,421724,393504,727187,615703,651172,461957,640282,520162,1356177,628120,357446
291700,292320,Fan Dance III,62.0,1057149,525873,595880,656810,371945,421786,393504,727187,615703,651172,461957,640282,520162,1356177,628120,357446
292900,293340,Saber Dance,9603.0,1057149,525873,595880,656810,371945,421786,393504,727187,615703,651172,461957,640282,520162,1365780,628120,357446
292900,293520,Reverse Cascade,5000.0,1057149,525873,595880,656810,371945,421786,393504,727187,615703,651172,461957,640282,525162,1365780,628120,357446
292900,293700,Cascade,7695.0,1057149,533568,595880,656810,371945,421786,393504,727187,615703,651172,461957,640282,525162,1365780,628120,357446
292900,293880,Fountain,11226.0,1057149,533568,595880,656810,371945,421786,393504,727187,626929,651172,461957,640282,525162,1365780,628120,357446
293210,293968,Auto,10105.0,1067254,533568,595880,656810,371945,421786,393504,727187,626929,651172,461957,640282,525162,1365780,628120,357446
292900,294110,Fountainfall,6487.0,1067254,533568,595880,656810,371945,421786,393504,727187,626929,657659,461957,640282,525162,1365780,628120,357446
293550,294170,Fan Dance,299.0,1067254,533568,595880,656810,372244,421786,393504,727187,626929,657659,461957,640282,525162,1365780,628120,357446
294200,294820,Fan Dance III,179.0,1067254,533568,595880,656810,372244,421965,393504,727187,626929,657659,461957,640282,525162,1365780,628120,357446
295400,295840,Saber Dance,8937.0,1067254,533568,595880,656810,372244,421965,393504,727187,626929,657659,461957,640282,525162,1374717,628120,357446
295400,296020,Reverse Cascade,4920.0,1067254,533568,595880,656810,372244,421965,393504,727187,626929,657659,461957,640282,530082,1374717,628120,357446
295400,296200,Cascade,8897.0,1067254,542465,595880,656810,372244,421965,393504,727187,626929,657659,461957,640282,530082,1374717,628120,357446
295400,296380,Fountain,9870.0,1067254,542465,595880,656810,372244,421965,393504,727187,636799,657659,461957,640282,530082,1374717,628120,357446
295400,296610,Fountainfall,6791.0,1067254,542465,595880,656810,372244,421965,393504,727187,636799,664450,461957,640282,530082,1374717,628120,357446
296050,296670,Fan Dance,329.0,1067254,542465,595880,656810,372573,421965,393504,727187,636799,664450,461957,640282,530082,1374717,628120,357446
296330,297088,Auto,10105.0,1077359,542465,595880,656810,372573,421965,393504,727187,636799,664450,461957,640282,530082,1374717,628120,357446
296700,297320,Fan Dance III,245.0,1077359,542465,595880,656810,372573,422210,393504,727187,636799,664450,461957,640282,530082,1374717,628120,357446
297900,298340,Saber Dance,10269.0,1077359,542465,595880,656810,372573,422210,393504,727187,636799,664450,461957,640282,530082,1384986,628120,357446
297900,298520,Reverse Cascade,5433.0,1077359,542465,595880,656810,372573,422210,393504,727187,636799,664450,461957,640282,535515,1384986,628120,357446
297900,298700,Cascade,8332.0,1077359,550797,595880,656810,372573,422210,393504,727187,636799,664450,461957,640282,535515,1384986,628120,357446
297900,298880,Fountain,10092.0,1077359,550797,595880,656810,372573,422210,393504,727187,646891,664450,461957,640282,535515,1384986,628120,357446
297900,299110,Fountainfall,5935.0,1077359,550797,595880,656810,372573,422210,393504,727187,646891,670385,461957,640282,535515,1384986,628120,357446
298550,299170,Fan Dance,541.0,1077359,550797,595880,656810,373114,422210,393504,727187,646891,670385,461957,640282,535515,1384986,628120,357446
299200,299820,Fan Dance III,339.0,1077359,550797,595880,656810,373114,422549,393504,727187,646891,670385,461957,640282,535515,1384986,628120,357446
299450,300208,Auto,10105.0,1087464,550797,595880,656810,373114,422549,393504,727187,646891,670385,461957,640282,535515,1384986,628120,357446
300400,300840,Saber Dance,10283.0,1087464,550797,595880,656810,373114,422549,393504,727187,646891,670385,461957,640282,535515,1395269,628120,357446
300400,301020,Reverse Cascade,5251.0,1087464,550797,595880,656810,373114,422549,393504,727187,646891,670385,461957,640282,540766,1395269,628120,357446
300400,301200,Cascade,7718.0,1087464,558515,595880,656810,373114,422549,393504,727187,646891,670385,461957,640282,540766,1395269,628120,357446
300400,301380,Fountain,10724.0,1087464,558515,595880,656810,373114,422549,393504,727187,657615,670385,461957,640282,540766,1395269,628120,357446
300400,301610,Fountainfall,6328.0,1087464,558515,595880,656810,373114,422549,393504,727187,657615,676713,461957,640282,540766,1395269,628120,357446
301050,301670,Fan Dance,630.0,1087464,558515,595880,656810,373744,422549,393504,727187,657615,676713,461957,640282,540766,1395269,628120,357446
301700,302320,Fan Dance III,416.0,1087464,558515,595880,656810,373744,422965,393504,727187,657615,676713,461957,640282,540766,1395269,628120,357446
302570,303328,Auto,10105.0,1097569,558515,595880,656810,373744,422965,393504,727187,657615,676713,461957,640282,540766,1395269,628120,357446
302900,303340,Saber Dance,12323.0,1097569,558515,595880,656810,373744,422965,393504,727187,657615,676713,461957,640282,540766,1407592,628120,357446
302900,303520,Reverse Cascade,4771.0,1097569,558515,595880,656810,373744,422965,393504,727187,657615,676713,461957,640282,545537,1407592,628120,357446
302900,303700,Cascade,7687.0,1097569,566202,595880,656810,373744,422965,393504,727187,657615,676713,461957,640282,545537,1407592,628120,357446
302900,303880,Fountain,9921.0,1097569,566202,595880,656810,373744,422965,393504,727187,667536,676713,461957,640282,545537,1407592,628120,357446
302900,304110,Fountainfall,6650.0,1097569,566202,595880,656810,373744,422965,393504,727187,667536,683363,461957,640282,545537,1407592,628120,357446
303550,304170,Fan Dance,801.0,1097569,566202,595880,656810,374545,422965,393504,727187,667536,683363,461957,640282,545537,1407592,628120,357446
304200,304820,Fan Dance III,494.0,1097569,566202,595880,656810,374545,423459,393504,727187,667536,683363,461957,640282,545537,1407592,628120,357446
305400,305840,Saber Dance,9133.0,1097569,566202,595880,656810,374545,423459,393504,727187,667536,683363,461957,640282,545537,1416725,628120,357446
305400,306020,Reverse Cascade,5142.0,1097569,566202,595880,656810,374545,423459,393504,727187,667536,683363,461957,640282,550679,1416725,628120,357446
305400,306200,Cascade,8626.0,1097569,574828,595880,656810,374545,423459,393504,727187,667536,683363,461957,640282,550679,1416725,628120,357446
305400,306380,Fountain,10593.0,1097569,574828,595880,656810,374545,423459,393504,727187,678129,683363,461957,640282,550679,1416725,628120,357446
305690,306448,Auto,10105.0,1107674,574828,595880,656810,374545,423459,393504,727187,678129,683363,461957,640282,550679,1416725,628120,357446
305400,306610,Fountainfall,5940.0,1107674,574828,595880,656810,374545,423459,393504,727187,678129,689303,461957,640282,550679,1416725,628120,357446
306050,306670,Fan Dance,899.0,1107674,574828,595880,656810,375444,423459,393504,727187,678129,689303,461957,640282,550679,1416725,628120,357446
306700,307320,Fan Dance III,571.0,1107674,574828,595880,656810,375444,424030,393504,727187,678129,689303,461957,640282,550679,1416725,628120,357446
307900,308340,Saber Dance,7977.0,1107674,574828,595880,656810,375444,424030,393504,727187,678129,689303,461957,640282,550679,1424702,628120,357446
307900,309110,Fountainfall,6310.0,1107674,574828,595880,656810,375444,424030,393504,727187,678129,695613,461957,640282,550679,1424702,628120,357446
307900,309150,Last Dance,52097.0,1107674,574828,595880,656810,375444,424030,393504,727187,678129,695613,514054,640282,550679,1424702,628120,357446
308810,309568,Auto,10105.0,1117779,574828,595880,656810,375444,424030,393504,727187,678129,695613,514054,640282,550679,1424702,628120,357446
309150,309770,Fan Dance III,28555.0,1117779,574828,595880,656810,375444,452585,393504,727187,678129,695613,514054,640282,550679,1424702,628120,357446
310400,310840,Saber Dance,5755.0,1117779,574828,595880,656810,375444,452585,393504,727187,678129,695613,514054,640282,550679,1430457,628120,357446
311025,311345,Fan Dance IV,49889.0,1117779,574828,595880,656810,375444,452585,443393,727187,678129,695613,514054,640282,550679,1430457,628120,357446
310400,311610,Fountainfall,31536.0,1117779,574828,595880,656810,375444,452585,443393,727187,678129,727149,514054,640282,550679,1430457,628120,357446
311025,311645,Fan Dance,3842.0,1117779,574828,595880,656810,379286,452585,443393,727187,678129,727149,514054,640282,550679,1430457,628120,357446
310400,311650,Last Dance,14251.0,1117779,574828,595880,656810,379286,452585,443393,727187,678129,727149,528305,640282,550679,1430457,628120,357446
311675,311995,Fan Dance IV,4985.0,1117779,574828,595880,656810,379286,452585,448378,727187,678129,727149,528305,640282,550679,1430457,628120,357446
311675,312295,Fan Dance III,2313.0,1117779,574828,595880,656810,379286,454898,448378,727187,678129,727149,528305,640282,550679,1430457,628120,357446
311930,312688,Auto,10105.0,1127884,574828,595880,656810,379286,454898,448378,727187,678129,727149,528305,640282,550679,1430457,628120,357446
312900,313340,Saber Dance,13024.0,1127884,574828,595880,656810,379286,454898,448378,727187,678129,727149,528305,640282,550679,1443481,628120,357446
312900,313520,Reverse Cascade,19443.0,1127884,574828,595880,656810,379286,454898,448378,727187,678129,727149,528305,640282,570122,1443481,628120,357446
313550,313870,Fan Dance IV,3009.0,1127884,574828,595880,656810,379286,454898,451387,727187,678129,727149,528305,640282,570122,1443481,628120,357446
312900,314110,Fountainfall,9960.0,1127884,574828,595880,656810,379286,454898,451387,727187,678129,737109,528305,640282,570122,1443481,628120,357446
312900,314150,Last Dance,3750.0,1127884,574828,595880,656810,379286,454898,451387,727187,678129,737109,532055,640282,570122,1443481,628120,357446
313550,314170,Fan Dance,4833.0,1127884,574828,595880,656810,384119,454898,451387,727187,678129,737109,532055,640282,570122,1443481,628120,357446
314200,314520,Fan Dance IV,961.0,1127884,574828,595880,656810,384119,454898,452348,727187,678129,737109,532055,640282,570122,1443481,628120,357446
314200,314820,Fan Dance III,2866.0,1127884,574828,595880,656810,384119,457764,452348,727187,678129,737109,532055,640282,570122,1443481,628120,357446
314850,315170,Fan Dance IV,865.0,1127884,574828,595880,656810,384119,457764,453213,727187,678129,737109,532055,640282,570122,1443481,628120,357446
315050,315808,Auto,10105.0,1137989,574828,595880,656810,384119,457764,453213,727187,678129,737109,532055,640282,570122,1443481,628120,357446
315400,317450,Finishing Move,110344.0,1137989,574828,595880,656810,384119,457764,453213,837531,678129,737109,532055,640282,570122,1443481,628120,357446
317900,318340,Saber Dance,14790.0,1137989,574828,595880,656810,384119,457764,453213,837531,678129,737109,532055,640282,570122,1458271,628120,357446
317900,318520,Reverse Cascade,16219.0,1137989,574828,595880,656810,384119,457764,453213,837531,678129,737109,532055,640282,586341,1458271,628120,357446
317900,318700,Cascade,4123.0,1137989,578951,595880,656810,384119,457764,453213,837531,678129,737109,532055,640282,586341,1458271,628120,357446
317900,318880,Fountain,5037.0,1137989,578951,595880,656810,384119,457764,453213,837531,683166,737109,532055,640282,586341,1458271,628120,357446
318170,318928,Auto,10105.0,1148094,578951,595880,656810,384119,457764,453213,837531,683166,737109,532055,640282,586341,1458271,628120,357446
317900,319110,Fountainfall,2634.0,1148094,578951,595880,656810,384119,457764,453213,837531,683166,739743,532055,640282,586341,1458271,628120,357446
318550,319170,Fan Dance,3508.0,1148094,578951,595880,656810,387627,457764,453213,837531,683166,739743,532055,640282,586341,1458271,628120,357446
319200,319820,Fan Dance III,2187.0,1148094,578951,595880,656810,387627,459951,453213,837531,683166,739743,532055,640282,586341,1458271,628120,357446
320400,320840,Saber Dance,10683.0,1148094,578951,595880,656810,387627,459951,453213,837531,683166,739743,532055,640282,586341,1468954,628120,357446
320400,321020,Reverse Cascade,8413.0,1148094,578951,595880,656810,387627,459951,453213,837531,683166,739743,532055,640282,594754,1468954,628120,357446
320400,321200,Cascade,7741.0,1148094,586692,595880,656810,387627,459951,453213,837531,683166,739743,532055,640282,594754,1468954,628120,357446
320400,321380,Fountain,9932.0,1148094,586692,595880,656810,387627,459951,453213,837531,693098,739743,532055,640282,594754,1468954,628120,357446
320400,321610,Fountainfall,3164.0,1148094,586692,595880,656810,387627,459951,453213,837531,693098,742907,532055,640282,594754,1468954,628120,357446
321050,321670,Fan Dance,2476.0,1148094,586692,595880,656810,390103,459951,453213,837531,693098,742907,532055,640282,594754,1468954,628120,357446
321290,322048,Auto,10105.0,1158199,586692,595880,656810,390103,459951,453213,837531,693098,742907,532055,640282,594754,1468954,628120,357446
321700,322320,Fan Dance III,1490.0,1158199,586692,595880,656810,390103,461441,453213,837531,693098,742907,532055,640282,594754,1468954,628120,357446
322900,323340,Saber Dance,10907.0,1158199,586692,595880,656810,390103,461441,453213,837531,693098,742907,532055,640282,594754,1479861,628120,357446
322900,323520,Reverse Cascade,5316.0,1158199,586692,595880,656810,390103,461441,453213,837531,693098,742907,532055,640282,600070,1479861,628120,357446
322900,323700,Cascade,7918.0,1158199,594610,595880,656810,390103,461441,453213,837531,693098,742907,532055,640282,600070,1479861,628120,357446
322900,323880,Fountain,10335.0,1158199,594610,595880,656810,390103,461441,453213,837531,703433,742907,532055,640282,600070,1479861,628120,357446
322900,324110,Fountainfall,6019.0,1158199,594610,595880,656810,390103,461441,453213,837531,703433,748926,532055,640282,600070,1479861,628120,357446
323550,324170,Fan Dance,2322.0,1158199,594610,595880,656810,392425,461441,453213,837531,703433,748926,532055,640282,600070,1479861,628120,357446
324200,324820,Fan Dance III,1399.0,1158199,594610,595880,656810,392425,462840,453213,837531,703433,748926,532055,640282,600070,1479861,628120,357446
324410,325168,Auto,10105.0,1168304,594610,595880,656810,392425,462840,453213,837531,703433,748926,532055,640282,600070,1479861,628120,357446
325400,325840,Saber Dance,10206.0,1168304,594610,595880,656810,392425,462840,453213,837531,703433,748926,532055,640282,600070,1490067,628120,357446
325400,326020,Reverse Cascade,5026.0,1168304,594610,595880,656810,392425,462840,453213,837531,703433,748926,532055,640282,605096,1490067,628120,357446
325400,326200,Cascade,8169.0,1168304,602779,595880,656810,392425,462840,453213,837531,703433,748926,532055,640282,605096,1490067,628120,357446
325400,326380,Fountain,10415.0,1168304,602779,595880,656810,392425,462840,453213,837531,713848,748926,532055,640282,605096,1490067,628120,357446
325400,326610,Fountainfall,6328.0,1168304,602779,595880,656810,392425,462840,453213,837531,713848,755254,532055,640282,605096,1490067,628120,357446
326050,326670,Fan Dance,2581.0,1168304,602779,595880,656810,395006,462840,453213,837531,713848,755254,532055,640282,605096,1490067,628120,357446
326700,327320,Fan Dance III,1604.0,1168304,602779,595880,656810,395006,464444,453213,837531,713848,755254,532055,640282,605096,1490067,628120,357446
327530,328288,Auto,10105.0,1178409,602779,595880,656810,395006,464444,453213,837531,713848,755254,532055,640282,605096,1490067,628120,357446
327900,328340,Saber Dance,8860.0,1178409,602779,595880,656810,395006,464444,453213,837531,713848,755254,532055,640282,605096,1498927,628120,357446
327900,328520,Reverse Cascade,5484.0,1178409,602779,595880,656810,395006,464444,453213,837531,713848,755254,532055,640282,610580,1498927,628120,357446
327900,328700,Cascade,8515.0,1178409,611294,595880,656810,395006,464444,453213,837531,713848,755254,532055,640282,610580,1498927,628120,357446
327900,328880,Fountain,10288.0,1178409,611294,595880,656810,395006,464444,453213,837531,724136,755254,532055,640282,610580,1498927,628120,357446
327900,329110,Fountainfall,6240.0,1178409,611294,595880,656810,395006,464444,453213,837531,724136,761494,532055,640282,610580,1498927,628120,357446
328550,329170,Fan Dance,2705.0,1178409,611294,595880,656810,397711,464444,453213,837531,724136,761494,532055,640282,610580,1498927,628120,357446
329200,329820,Fan Dance III,1684.0,1178409,611294,595880,656810,397711,466128,453213,837531,724136,761494,532055,640282,610580,1498927,628120,357446
330400,330840,Saber Dance,8313.0,1178409,611294,595880,656810,397711,466128,453213,837531,724136,761494,532055,640282,610580,1507240,628120,357446
330400,331020,Reverse Cascade,5549.0,1178409,611294,595880,656810,397711,466128,453213,837531,724136,761494,532055,640282,616129,1507240,628120,357446
330400,331200,Cascade,8186.0,1178409,619480,595880,656810,397711,466128,453213,837531,724136,761494,532055,640282,616129,1507240,628120,357446
330400,331380,Fountain,10964.0,1178409,619480,595880,656810,397711,466128,453213,837531,735100,761494,532055,640282,616129,1507240,628120,357446
330650,331408,Auto,10105.0,1188514,619480,595880,656810,397711,466128,453213,837531,735100,761494,532055,640282,616129,1507240,628120,357446
330400,331610,Fountainfall,6191.0,1188514,619480,595880,656810,397711,466128,453213,837531,735100,767685,532055,640282,616129,1507240,628120,357446
331050,331670,Fan Dance,2770.0,1188514,619480,595880,656810,400481,466128,453213,837531,735100,767685,532055,640282,616129,1507240,628120,357446
331700,332320,Fan Dance III,1650.0,1188514,619480,595880,656810,400481,467778,453213,837531,735100,767685,532055,640282,616129,1507240,628120,357446
332900,333340,Saber Dance,10297.0,1188514,619480,595880,656810,400481,467778,453213,837531,735100,767685,532055,640282,616129,1517537,628120,357446
332900,333520,Reverse Cascade,5055.0,1188514,619480,595880,656810,400481,467778,453213,837531,735100,767685,532055,640282,621184,1517537,628120,357446
332900,333700,Cascade,8101.0,1188514,627581,595880,656810,400481,467778,453213,837531,735100,767685,532055,640282,621184,1517537,628120,357446
332900,333880,Fountain,10117.0,1188514,627581,595880,656810,400481,467778,453213,837531,745217,767685,532055,640282,621184,1517537,628120,357446
332900,334110,Fountainfall,6703.0,1188514,627581,595880,656810,400481,467778,453213,837531,745217,774388,532055,640282,621184,1517537,628120,357446
333550,334170,Fan Dance,2751.0,1188514,627581,595880,656810,403232,467778,453213,837531,745217,774388,532055,640282,621184,1517537,628120,357446
333770,334528,Auto,10105.0,1198619,627581,595880,656810,403232,467778,453213,837531,745217,774388,532055,640282,621184,1517537,628120,357446
334200,334820,Fan Dance III,1587.0,1198619,627581,595880,656810,403232,469365,453213,837531,745217,774388,532055,640282,621184,1517537,628120,357446
335400,335840,Saber Dance,8678.0,1198619,627581,595880,656810,403232,469365,453213,837531,745217,774388,532055,640282,621184,1526215,628120,357446
335400,336020,Reverse Cascade,5375.0,1198619,627581,595880,656810,403232,469365,453213,837531,745217,774388,532055,640282,626559,1526215,628120,357446
335400,336200,Cascade,8189.0,1198619,635770,595880,656810,403232,469365,453213,837531,745217,774388,532055,640282,626559,1526215,628120,357446
335400,336380,Fountain,10840.0,1198619,635770,595880,656810,403232,469365,453213,837531,756057,774388,532055,640282,626559,1526215,628120,357446
335400,336610,Fountainfall,6319.0,1198619,635770,595880,656810,403232,469365,453213,837531,756057,780707,532055,640282,626559,1526215,628120,357446
336050,336670,Fan Dance,2807.0,1198619,635770,595880,656810,406039,469365,453213,837531,756057,780707,532055,640282,626559,1526215,628120,357446
336700,337320,Fan Dance III,1699.0,1198619,635770,595880,656810,406039,471064,453213,837531,756057,780707,532055,640282,626559,1526215,628120,357446
336890,337648,Auto,10105.0,1208724,635770,595880,656810,406039,471064,453213,837531,756057,780707,532055,640282,626559,1526215,628120,357446
337900,338340,Saber Dance,10115.0,1208724,635770,595880,656810,406039,471064,453213,837531,756057,780707,532055,640282,626559,1536330,628120,357446
337900,338520,Reverse Cascade,4946.0,1208724,635770,595880,656810,406039,471064,453213,837531,756057,780707,532055,640282,631505,1536330,628120,357446
337900,338700,Cascade,8283.0,1208724,644053,595880,656810,406039,471064,453213,837531,756057,780707,532055,640282,631505,1536330,628120,357446
337900,338880,Fountain,10230.0,1208724,644053,595880,656810,406039,471064,453213,837531,766287,780707,532055,640282,631505,1536330,628120,357446
337900,339110,Fountainfall,6531.0,1208724,644053,595880,656810,406039,471064,453213,837531,766287,787238,532055,640282,631505,1536330,628120,357446
338550,339170,Fan Dance,2899.0,1208724,644053,595880,656810,408938,471064,453213,837531,766287,787238,532055,640282,631505,1536330,628120,357446
339200,339820,Fan Dance III,1704.0,1208724,644053,595880,656810,408938,472768,453213,837531,766287,787238,532055,640282,631505,1536330,628120,357446
340010,340768,Auto,10105.0,1218829,644053,595880,656810,408938,472768,453213,837531,766287,787238,532055,640282,631505,1536330,628120,357446
340400,340840,Saber Dance,10669.0,1218829,644053,595880,656810,408938,472768,453213,837531,766287,787238,532055,640282,631505,1546999,628120,357446
340400,341020,Reverse Cascade,5491.0,1218829,644053,595880,656810,408938,472768,453213,837531,766287,787238,532055,640282,636996,1546999,628120,357446
340400,341200,Cascade,7972.0,1218829,652025,595880,656810,408938,472768,453213,837531,766287,787238,532055,640282,636996,1546999,628120,357446
340400,341380,Fountain,10019.0,1218829,652025,595880,656810,408938,472768,453213,837531,776306,787238,532055,640282,636996,1546999,628120,357446
340400,341610,Fountainfall,6257.0,1218829,652025,595880,656810,408938,472768,453213,837531,776306,793495,532055,640282,636996,1546999,628120,357446
341050,341670,Fan Dance,2985.0,1218829,652025,595880,656810,411923,472768,453213,837531,776306,793495,532055,640282,636996,1546999,628120,357446
342900,343340,Saber Dance,10767.0,1218829,652025,595880,656810,411923,472768,453213,837531,776306,793495,532055,640282,636996,1557766,628120,357446
342900,343520,Reverse Cascade,5077.0,1218829,652025,595880,656810,411923,472768,453213,837531,776306,793495,532055,640282,642073,1557766,628120,357446
342900,343700,Cascade,8092.0,1218829,660117,595880,656810,411923,472768,453213,837531,776306,793495,532055,640282,642073,1557766,628120,357446
342900,343880,Fountain,10390.0,1218829,660117,595880,656810,411923,472768,453213,837531,786696,793495,532055,640282,642073,1557766,628120,357446
343130,343888,Auto,10105.0,1228934,660117,595880,656810,411923,472768,453213,837531,786696,793495,532055,640282,642073,1557766,628120,357446
342900,344110,Fountainfall,6063.0,1228934,660117,595880,656810,411923,472768,453213,837531,786696,799558,532055,640282,642073,1557766,628120,357446
343550,344170,Fan Dance,2889.0,1228934,660117,595880,656810,414812,472768,453213,837531,786696,799558,532055,640282,642073,1557766,628120,357446
346250,347008,Auto,10105.0,1239039,660117,595880,656810,414812,472768,453213,837531,786696,799558,532055,640282,642073,1557766,628120,357446
348900,349430,Double Standard Finish,110344.0,1239039,660117,595880,767154,414812,472768,453213,837531,786696,799558,532055,640282,642073,1557766,628120,357446
349370,350128,Auto,10105.0,1249144,660117,595880,767154,414812,472768,453213,837531,786696,799558,532055,640282,642073,1557766,628120,357446
350400,350840,Saber Dance,12575.0,1249144,660117,595880,767154,414812,472768,453213,837531,786696,799558,532055,640282,642073,1570341,628120,357446
350400,351020,Reverse Cascade,4931.0,1249144,660117,595880,767154,414812,472768,453213,837531,786696,799558,532055,640282,647004,1570341,628120,357446
350400,351200,Cascade,7758.0,1249144,667875,595880,767154,414812,472768,453213,837531,786696,799558,532055,640282,647004,1570341,628120,357446
350400,351380,Fountain,9921.0,1249144,667875,595880,767154,414812,472768,453213,837531,796617,799558,532055,640282,647004,1570341,628120,357446
350400,351610,Fountainfall,6187.0,1249144,667875,595880,767154,414812,472768,453213,837531,796617,805745,532055,640282,647004,1570341,628120,357446
351025,351645,Fan Dance III,274.0,1249144,667875,595880,767154,414812,473042,453213,837531,796617,805745,532055,640282,647004,1570341,628120,357446
351025,351645,Fan Dance,2688.0,1249144,667875,595880,767154,417500,473042,453213,837531,796617,805745,532055,640282,647004,1570341,628120,357446
351675,352295,Fan Dance,224.0,1249144,667875,595880,767154,417724,473042,453213,837531,796617,805745,532055,640282,647004,1570341,628120,357446
352490,353248,Auto,10105.0,1259249,667875,595880,767154,417724,473042,453213,837531,796617,805745,532055,640282,647004,1570341,628120,357446
352900,353340,Saber Dance,8601.0,1259249,667875,595880,767154,417724,473042,453213,837531,796617,805745,532055,640282,647004,1578942,628120,357446
352900,353520,Reverse Cascade,5393.0,1259249,667875,595880,767154,417724,473042,453213,837531,796617,805745,532055,640282,652397,1578942,628120,357446
352900,353700,Cascade,8378.0,1259249,676253,595880,767154,417724,473042,453213,837531,796617,805745,532055,640282,652397,1578942,628120,357446
352900,353880,Fountain,10684.0,1259249,676253,595880,767154,417724,473042,453213,837531,807301,805745,532055,640282,652397,1578942,628120,357446
352900,354110,Fountainfall,6244.0,1259249,676253,595880,767154,417724,473042,453213,837531,807301,811989,532055,640282,652397,1578942,628120,357446
353550,354170,Fan Dance III,608.0,1259249,676253,595880,767154,417724,473650,453213,837531,807301,811989,532055,640282,652397,1578942,628120,357446
353550,354170,Fan Dance,2567.0,1259249,676253,595880,767154,420291,473650,453213,837531,807301,811989,532055,640282,652397,1578942,628120,357446
354200,354820,Fan Dance,497.0,1259249,676253,595880,767154,420788,473650,453213,837531,807301,811989,532055,640282,652397,1578942,628120,357446
355400,355840,Saber Dance,8573.0,1259249,676253,595880,767154,420788,473650,453213,837531,807301,811989,532055,640282,652397,1587515,628120,357446
355400,356020,Reverse Cascade,5066.0,1259249,676253,595880,767154,420788,473650,453213,837531,807301,811989,532055,640282,657463,1587515,628120,357446
355400,356200,Cascade,8329.0,1259249,684582,595880,767154,420788,473650,453213,837531,807301,811989,532055,640282,657463,1587515,628120,357446
355610,356368,Auto,10105.0,1269354,684582,595880,767154,420788,473650,453213,837531,807301,811989,532055,640282,657463,1587515,628120,357446
355400,356380,Fountain,10826.0,1269354,684582,595880,767154,420788,473650,453213,837531,818127,811989,532055,640282,657463,1587515,628120,357446
355400,356610,Fountainfall,6562.0,1269354,684582,595880,767154,420788,473650,453213,837531,818127,818551,532055,640282,657463,1587515,628120,357446
356050,356670,Fan Dance,2532.0,1269354,684582,595880,767154,423320,473650,453213,837531,818127,818551,532055,640282,657463,1587515,628120,357446
356050,356670,Fan Dance III,748.0,1269354,684582,595880,767154,423320,474398,453213,837531,818127,818551,532055,640282,657463,1587515,628120,357446
356700,357320,Fan Dance,612.0,1269354,684582,595880,767154,423932,474398,453213,837531,818127,818551,532055,640282,657463,1587515,628120,357446
357900,358340,Saber Dance,10500.0,1269354,684582,595880,767154,423932,474398,453213,837531,818127,818551,532055,640282,657463,1598015,628120,357446
357900,358520,Reverse Cascade,4953.0,1269354,684582,595880,767154,423932,474398,453213,837531,818127,818551,532055,640282,662416,1598015,628120,357446
357900,358700,Cascade,8129.0,1269354,692711,595880,767154,423932,474398,453213,837531,818127,818551,532055,640282,662416,1598015,628120,357446
357900,358880,Fountain,10208.0,1269354,692711,595880,767154,423932,474398,453213,837531,828335,818551,532055,640282,662416,1598015,628120,357446
357900,359110,Fountainfall,6544.0,1269354,692711,595880,767154,423932,474398,453213,837531,828335,825095,532055,640282,662416,1598015,628120,357446
358550,359170,Fan Dance III,945.0,1269354,692711,595880,767154,423932,475343,453213,837531,828335,825095,532055,640282,662416,1598015,628120,357446
358550,359170,Fan Dance,2298.0,1269354,692711,595880,767154,426230,475343,453213,837531,828335,825095,532055,640282,662416,1598015,628120,357446
358730,359488,Auto,10105.0,1279459,692711,595880,767154,426230,475343,453213,837531,828335,825095,532055,640282,662416,1598015,628120,357446
359200,359820,Fan Dance,773.0,1279459,692711,595880,767154,427003,475343,453213,837531,828335,825095,532055,640282,662416,1598015,628120,357446
361850,362608,Auto,10105.0,1289564,692711,595880,767154,427003,475343,453213,837531,828335,825095,532055,640282,662416,1598015,628120,357446
364970,365728,Auto,10937.0,1300501,692711,595880,767154,427003,475343,453213,837531,828335,825095,532055,640282,662416,1598015,628120,357446
366400,366935,Quadruple Technical Finish,224792.0,1300501,692711,595880,767154,427003,475343,453213,837531,828335,825095,532055,865074,662416,1598015,628120,357446
367900,368740,Tillana,54389.0,1300501,692711,595880,767154,427003,475343,453213,837531,828335,825095,532055,865074,662416,1598015,628120,411835
367900,368790,Starfall Dance,58219.0,1300501,692711,595880,767154,427003,475343,453213,837531,828335,825095,532055,865074,662416,1598015,686339,411835
368090,368848,Auto,16288.0,1316789,692711,595880,767154,427003,475343,453213,837531,828335,825095,532055,865074,662416,1598015,686339,411835
369150,369770,Fan Dance III,46016.0,1316789,692711,595880,767154,427003,521359,453213,837531,828335,825095,532055,865074,662416,1598015,686339,411835
367900,370260,Dance of the Dawn,63326.0,1316789,692711,659206,767154,427003,521359,453213,837531,828335,825095,532055,865074,662416,1598015,686339,411835
371025,371345,Fan Dance IV,67880.0,1316789,692711,659206,767154,427003,521359,521093,837531,828335,825095,532055,865074,662416,1598015,686339,411835
371025,371645,Fan Dance III,13556.0,1316789,692711,659206,767154,427003,534915,521093,837531,828335,825095,532055,865074,662416,1598015,686339,411835
370400,371650,Last Dance,112962.0,1316789,692711,659206,767154,427003,534915,521093,837531,828335,825095,645017,865074,662416,1598015,686339,411835
371210,371968,Auto,16288.0,1333077,692711,659206,767154,427003,534915,521093,837531,828335,825095,645017,865074,662416,1598015,686339,411835
371650,371970,Fan Dance IV,28349.0,1333077,692711,659206,767154,427003,534915,549442,837531,828335,825095,645017,865074,662416,1598015,686339,411835
371650,372270,Fan Dance,26512.0,1333077,692711,659206,767154,453515,534915,549442,837531,828335,825095,645017,865074,662416,1598015,686339,411835
372900,373340,Saber Dance,327.0,1333077,692711,659206,767154,453515,534915,549442,837531,828335,825095,645017,865074,662416,1598342,686339,411835
372900,373740,Tillana,20071.0,1333077,692711,659206,767154,453515,534915,549442,837531,828335,825095,645017,865074,662416,1598342,686339,431906
372900,373790,Starfall Dance,30851.0,1333077,692711,659206,767154,453515,534915,549442,837531,828335,825095,645017,865074,662416,1598342,717190,431906
372900,374110,Fountainfall,2723.0,1333077,692711,659206,767154,453515,534915,549442,837531,828335,827818,645017,865074,662416,1598342,717190,431906
373525,374145,Fan Dance III,16101.0,1333077,692711,659206,767154,453515,551016,549442,837531,828335,827818,645017,865074,662416,1598342,717190,431906
373525,374145,Fan Dance,24238.0,1333077,692711,659206,767154,477753,551016,549442,837531,828335,827818,645017,865074,662416,1598342,717190,431906
374150,374770,Fan Dance III,14808.0,1333077,692711,659206,767154,477753,565824,549442,837531,828335,827818,645017,865074,662416,1598342,717190,431906
374150,374770,Fan Dance,24825.0,1333077,692711,659206,767154,502578,565824,549442,837531,828335,827818,645017,865074,662416,1598342,717190,431906
374330,375088,Auto,16288.0,1349365,692711,659206,767154,502578,565824,549442,837531,828335,827818,645017,865074,662416,1598342,717190,431906
372900,375260,Dance of the Dawn,137867.0,1349365,692711,797073,767154,502578,565824,549442,837531,828335,827818,645017,865074,662416,1598342,717190,431906
374800,375420,Fan Dance,20827.0,1349365,692711,797073,767154,523405,565824,549442,837531,828335,827818,645017,865074,662416,1598342,717190,431906
374800,375420,Fan Dance III,14909.0,1349365,692711,797073,767154,523405,580733,549442,837531,828335,827818,645017,865074,662416,1598342,717190,431906
376025,376645,Fan Dance,11836.0,1349365,692711,797073,767154,535241,580733,549442,837531,828335,827818,645017,865074,662416,1598342,717190,431906
376025,376645,Fan Dance III,12732.0,1349365,692711,797073,767154,535241,593465,549442,837531,828335,827818,645017,865074,662416,1598342,717190,431906
376650,377270,Fan Dance,3064.0,1349365,692711,797073,767154,538305,593465,549442,837531,828335,827818,645017,865074,662416,1598342,717190,431906
376650,377270,Fan Dance III,7459.0,1349365,692711,797073,767154,538305,600924,549442,837531,828335,827818,645017,865074,662416,1598342,717190,431906
375400,377450,Finishing Move,177821.0,1349365,692711,797073,767154,538305,600924,549442,1015352,828335,827818,645017,865074,662416,1598342,717190,431906
377450,378208,Auto,16288.0,1365653,692711,797073,767154,538305,600924,549442,1015352,828335,827818,645017,865074,662416,1598342,717190,431906
377900,378340,Saber Dance,49951.0,1365653,692711,797073,767154,538305,600924,549442,1015352,828335,827818,645017,865074,662416,1648293,717190,431906
377900,378520,Reverse Cascade,17.0,1365653,692711,797073,767154,538305,600924,549442,1015352,828335,827818,645017,865074,662433,1648293,717190,431906
377900,378740,Tillana,9188.0,1365653,692711,797073,767154,538305,600924,549442,1015352,828335,827818,645017,865074,662433,1648293,717190,441094
377900,378790,Starfall Dance,78508.0,1365653,692711,797073,767154,538305,600924,549442,1015352,828335,827818,645017,865074,662433,1648293,795698,441094
377900,379110,Fountainfall,6422.0,1365653,692711,797073,767154,538305,600924,549442,1015352,828335,834240,645017,865074,662433,1648293,795698,441094
378525,379145,Fan Dance,1837.0,1365653,692711,797073,767154,540142,600924,549442,1015352,828335,834240,645017,865074,662433,1648293,795698,441094
378525,379145,Fan Dance III,1877.0,1365653,692711,797073,767154,540142,602801,549442,1015352,828335,834240,645017,865074,662433,1648293,795698,441094
379175,379795,Fan Dance,90.0,1365653,692711,797073,767154,540232,602801,549442,1015352,828335,834240,645017,865074,662433,1648293,795698,441094
379175,379795,Fan Dance III,1205.0,1365653,692711,797073,767154,540232,604006,549442,1015352,828335,834240,645017,865074,662433,1648293,795698,441094
377900,380260,Dance of the Dawn,7949.0,1365653,692711,805022,767154,540232,604006,549442,1015352,828335,834240,645017,865074,662433,1648293,795698,441094
380400,380840,Saber Dance,62942.0,1365653,692711,805022,767154,540232,604006,549442,1015352,828335,834240,645017,865074,662433,1711235,795698,441094
380400,381020,Reverse Cascade,1048.0,1365653,692711,805022,767154,540232,604006,549442,1015352,828335,834240,645017,865074,663481,1711235,795698,441094
380400,381240,Tillana,13882.0,1365653,692711,805022,767154,540232,604006,549442,1015352,828335,834240,645017,865074,663481,1711235,795698,454976
380400,381290,Starfall Dance,49067.0,1365653,692711,805022,767154,540232,604006,549442,1015352,828335,834240,645017,865074,663481,1711235,844765,454976
380570,381328,Auto,16288.0,1381941,692711,805022,767154,540232,604006,549442,1015352,828335,834240,645017,865074,663481,1711235,844765,454976
380400,381610,Fountainfall,6507.0,1381941,692711,805022,767154,540232,604006,549442,1015352,828335,840747,645017,865074,663481,1711235,844765,454976
381050,381670,Fan Dance,2017.0,1381941,692711,805022,767154,542249,604006,549442,1015352,828335,840747,645017,865074,663481,1711235,844765,454976
381050,381670,Fan Dance III,46.0,1381941,692711,805022,767154,542249,604052,549442,1015352,828335,840747,645017,865074,663481,1711235,844765,454976
381700,382320,Fan Dance,3.0,1381941,692711,805022,767154,542252,604052,549442,1015352,828335,840747,645017,865074,663481,1711235,844765,454976
381700,382320,Fan Dance III,1270.0,1381941,692711,805022,767154,542252,605322,549442,1015352,828335,840747,645017,865074,663481,1711235,844765,454976
380400,382760,Dance of the Dawn,62.0,1381941,692711,805084,767154,542252,605322,549442,1015352,828335,840747,645017,865074,663481,1711235,844765,454976
382900,383340,Saber Dance,65021.0,1381941,692711,805084,767154,542252,605322,549442,1015352,828335,840747,645017,865074,663481,1776256,844765,454976
382900,383520,Reverse Cascade,2167.0,1381941,692711,805084,767154,542252,605322,549442,1015352,828335,840747,645017,865074,665648,1776256,844765,454976
382900,383700,Cascade,4.0,1381941,692715,805084,767154,542252,605322,549442,1015352,828335,840747,645017,865074,665648,1776256,844765,454976
382900,383740,Tillana,11297.0,1381941,692715,805084,767154,542252,605322,549442,1015352,828335,840747,645017,865074,665648,1776256,844765,466273
382900,383790,Starfall Dance,3771.0,1381941,692715,805084,767154,542252,605322,549442,1015352,828335,840747,645017,865074,665648,1776256,848536,466273
382900,383880,Fountain,35.0,1381941,692715,805084,767154,542252,605322,549442,1015352,828370,840747,645017,865074,665648,1776256,848536,466273
382900,384110,Fountainfall,19885.0,1381941,692715,805084,767154,542252,605322,549442,1015352,828370,860632,645017,865074,665648,1776256,848536,466273
383550,384170,Fan Dance,6012.0,1381941,692715,805084,767154,548264,605322,549442,1015352,828370,860632,645017,865074,665648,1776256,848536,466273
383550,384170,Fan Dance III,4.0,1381941,692715,805084,767154,548264,605326,549442,1015352,828370,860632,645017,865074,665648,1776256,848536,466273
383690,384448,Auto,16288.0,1398229,692715,805084,767154,548264,605326,549442,1015352,828370,860632,645017,865074,665648,1776256,848536,466273
384200,384820,Fan Dance III,3520.0,1398229,692715,805084,767154,548264,608846,549442,1015352,828370,860632,645017,865074,665648,1776256,848536,466273
385400,385840,Saber Dance,46111.0,1398229,692715,805084,767154,548264,608846,549442,1015352,828370,860632,645017,865074,665648,1822367,848536,466273
385400,386020,Reverse Cascade,5611.0,1398229,692715,805084,767154,548264,608846,549442,1015352,828370,860632,645017,865074,671259,1822367,848536,466273
385400,386200,Cascade,4.0,1398229,692719,805084,767154,548264,608846,549442,1015352,828370,860632,645017,865074,671259,1822367,848536,466273
385400,386240,Tillana,16694.0,1398229,692719,805084,767154,548264,608846,549442,1015352,828370,860632,645017,865074,671259,1822367,848536,482967
385400,386290,Starfall Dance,110.0,1398229,692719,805084,767154,548264,608846,549442,1015352,828370,860632,645017,865074,671259,1822367,848646,482967
385400,386610,Fountainfall,25774.0,1398229,692719,805084,767154,548264,608846,549442,1015352,828370,886406,645017,865074,671259,1822367,848646,482967
386050,386670,Fan Dance,7797.0,1398229,692719,805084,767154,556061,608846,549442,1015352,828370,886406,645017,865074,671259,1822367,848646,482967
386700,387320,Fan Dance III,4485.0,1398229,692719,805084,767154,556061,613331,549442,1015352,828370,886406,645017,865074,671259,1822367,848646,482967
386810,387568,Auto,13962.0,1412191,692719,805084,767154,556061,613331,549442,1015352,828370,886406,645017,865074,671259,1822367,848646,482967
387900,388340,Saber Dance,27525.0,1412191,692719,805084,767154,556061,613331,549442,1015352,828370,886406,645017,865074,671259,1849892,848646,482967
387900,388520,Reverse Cascade,15534.0,1412191,692719,805084,767154,556061,613331,549442,1015352,828370,886406,645017,865074,686793,1849892,848646,482967
387900,388700,Cascade,1065.0,1412191,693784,805084,767154,556061,613331,549442,1015352,828370,886406,645017,865074,686793,1849892,848646,482967
387900,389110,Fountainfall,9913.0,1412191,693784,805084,767154,556061,613331,549442,1015352,828370,896319,645017,865074,686793,1849892,848646,482967
389930,390688,Auto,10937.0,1423128,693784,805084,767154,556061,613331,549442,1015352,828370,896319,645017,865074,686793,1849892,848646,482967
390400,390840,Saber Dance,14949.0,1423128,693784,805084,767154,556061,613331,549442,1015352,828370,896319,645017,865074,686793,1864841,848646,482967
390400,391020,Reverse Cascade,15376.0,1423128,693784,805084,767154,556061,613331,549442,1015352,828370,896319,645017,865074,702169,1864841,848646,482967
390400,391200,Cascade,10996.0,1423128,704780,805084,767154,556061,613331,549442,1015352,828370,896319,645017,865074,702169,1864841,848646,482967
390400,391380,Fountain,448.0,1423128,704780,805084,767154,556061,613331,549442,1015352,828818,896319,645017,865074,702169,1864841,848646,482967
390400,391610,Fountainfall,2129.0,1423128,704780,805084,767154,556061,613331,549442,1015352,828818,898448,645017,865074,702169,1864841,848646,482967
392900,393340,Saber Dance,7297.0,1423128,704780,805084,767154,556061,613331,549442,1015352,828818,898448,645017,865074,702169,1872138,848646,482967
392900,393520,Reverse Cascade,9412.0,1423128,704780,805084,767154,556061,613331,549442,1015352,828818,898448,645017,865074,711581,1872138,848646,482967
392900,393700,Cascade,13101.0,1423128,717881,805084,767154,556061,613331,549442,1015352,828818,898448,645017,865074,711581,1872138,848646,482967
393050,393808,Auto,10105.0,1433233,717881,805084,767154,556061,613331,549442,1015352,828818,898448,645017,865074,711581,1872138,848646,482967
392900,393880,Fountain,6189.0,1433233,717881,805084,767154,556061,613331,549442,1015352,835007,898448,645017,865074,711581,1872138,848646,482967
392900,394110,Fountainfall,344.0,1433233,717881,805084,767154,556061,613331,549442,1015352,835007,898792,645017,865074,711581,1872138,848646,482967
395400,395840,Saber Dance,10781.0,1433233,717881,805084,767154,556061,613331,549442,1015352,835007,898792,645017,865074,711581,1882919,848646,482967
395400,396020,Reverse Cascade,8151.0,1433233,717881,805084,767154,556061,613331,549442,1015352,835007,898792,645017,865074,719732,1882919,848646,482967
395400,396200,Cascade,5925.0,1433233,723806,805084,767154,556061,613331,549442,1015352,835007,898792,645017,865074,719732,1882919,848646,482967
395400,396380,Fountain,12040.0,1433233,723806,805084,767154,556061,613331,549442,1015352,847047,898792,645017,865074,719732,1882919,848646,482967
395400,396610,Fountainfall,3667.0,1433233,723806,805084,767154,556061,613331,549442,1015352,847047,902459,645017,865074,719732,1882919,848646,482967
396170,396928,Auto,10105.0,1443338,723806,805084,767154,556061,613331,549442,1015352,847047,902459,645017,865074,719732,1882919,848646,482967
397900,398340,Saber Dance,8334.0,1443338,723806,805084,767154,556061,613331,549442,1015352,847047,902459,645017,865074,719732,1891253,848646,482967
397900,398520,Reverse Cascade,4586.0,1443338,723806,805084,767154,556061,613331,549442,1015352,847047,902459,645017,865074,724318,1891253,848646,482967
397900,398700,Cascade,6230.0,1443338,730036,805084,767154,556061,613331,549442,1015352,847047,902459,645017,865074,724318,1891253,848646,482967
397900,398880,Fountain,13461.0,1443338,730036,805084,767154,556061,613331,549442,1015352,860508,902459,645017,865074,724318,1891253,848646,482967
397900,399110,Fountainfall,7339.0,1443338,730036,805084,767154,556061,613331,549442,1015352,860508,909798,645017,865074,724318,1891253,848646,482967
399290,400048,Auto,10105.0,1453443,730036,805084,767154,556061,613331,549442,1015352,860508,909798,645017,865074,724318,1891253,848646,482967
400400,400840,Saber Dance,9736.0,1453443,730036,805084,767154,556061,613331,549442,1015352,860508,909798,645017,865074,724318,1900989,848646,482967
400400,401020,Reverse Cascade,3648.0,1453443,730036,805084,767154,556061,613331,549442,1015352,860508,909798,645017,865074,727966,1900989,848646,482967
400400,401200,Cascade,9526.0,1453443,739562,805084,767154,556061,613331,549442,1015352,860508,909798,645017,865074,727966,1900989,848646,482967
400400,401380,Fountain,8780.0,1453443,739562,805084,767154,556061,613331,549442,1015352,869288,909798,645017,865074,727966,1900989,848646,482967
400400,401610,Fountainfall,8186.0,1453443,739562,805084,767154,556061,613331,549442,1015352,869288,917984,645017,865074,727966,1900989,848646,482967
401050,401670,Fan Dance,32.0,1453443,739562,805084,767154,556093,613331,549442,1015352,869288,917984,645017,865074,727966,1900989,848646,482967
401700,402320,Fan Dance III,22.0,1453443,739562,805084,767154,556093,613353,549442,1015352,869288,917984,645017,865074,727966,1900989,848646,482967
402410,403168,Auto,10105.0,1463548,739562,805084,767154,556093,613353,549442,1015352,869288,917984,645017,865074,727966,1900989,848646,482967
402900,403340,Saber Dance,10381.0,1463548,739562,805084,767154,556093,613353,549442,1015352,869288,917984,645017,865074,727966,1911370,848646,482967
402900,403520,Reverse Cascade,6116.0,1463548,739562,805084,767154,556093,613353,549442,1015352,869288,917984,645017,865074,734082,1911370,848646,482967
402900,403700,Cascade,8975.0,1463548,748537,805084,767154,556093,613353,549442,1015352,869288,917984,645017,865074,734082,1911370,848646,482967
402900,403880,Fountain,9125.0,1463548,748537,805084,767154,556093,613353,549442,1015352,878413,917984,645017,865074,734082,1911370,848646,482967
402900,404110,Fountainfall,5216.0,1463548,748537,805084,767154,556093,613353,549442,1015352,878413,923200,645017,865074,734082,1911370,848646,482967
403550,404170,Fan Dance,63.0,1463548,748537,805084,767154,556156,613353,549442,1015352,878413,923200,645017,865074,734082,1911370,848646,482967
404200,404820,Fan Dance III,51.0,1463548,748537,805084,767154,556156,613404,549442,1015352,878413,923200,645017,865074,734082,1911370,848646,482967
405530,406288,Auto,10105.0,1473653,748537,805084,767154,556156,613404,549442,1015352,878413,923200,645017,865074,734082,1911370,848646,482967
408650,409408,Auto,10105.0,1483758,748537,805084,767154,556156,613404,549442,1015352,878413,923200,645017,865074,734082,1911370,848646,482967
408900,409430,Double Standard Finish,110344.0,1483758,748537,805084,877498,556156,613404,549442,1015352,878413,923200,645017,865074,734082,1911370,848646,482967
410400,410840,Saber Dance,12463.0,1483758,748537,805084,877498,556156,613404,549442,1015352,878413,923200,645017,865074,734082,1923833,848646,482967
410400,411020,Reverse Cascade,5498.0,1483758,748537,805084,877498,556156,613404,549442,1015352,878413,923200,645017,865074,739580,1923833,848646,482967
410400,411200,Cascade,6904.0,1483758,755441,805084,877498,556156,613404,549442,1015352,878413,923200,645017,865074,739580,1923833,848646,482967
410400,411380,Fountain,11095.0,1483758,755441,805084,877498,556156,613404,549442,1015352,889508,923200,645017,865074,739580,1923833,848646,482967
410400,411610,Fountainfall,5463.0,1483758,755441,805084,877498,556156,613404,549442,1015352,889508,928663,645017,865074,739580,1923833,848646,482967
411050,411670,Fan Dance,109.0,1483758,755441,805084,877498,556265,613404,549442,1015352,889508,928663,645017,865074,739580,1923833,848646,482967
411700,412320,Fan Dance III,65.0,1483758,755441,805084,877498,556265,613469,549442,1015352,889508,928663,645017,865074,739580,1923833,848646,482967
411770,412528,Auto,10105.0,1493863,755441,805084,877498,556265,613469,549442,1015352,889508,928663,645017,865074,739580,1923833,848646,482967
412900,413340,Saber Dance,10907.0,1493863,755441,805084,877498,556265,613469,549442,1015352,889508,928663,645017,865074,739580,1934740,848646,482967
412900,413520,Reverse Cascade,4808.0,1493863,755441,805084,877498,556265,613469,549442,1015352,889508,928663,645017,865074,744388,1934740,848646,482967
412900,413700,Cascade,7772.0,1493863,763213,805084,877498,556265,613469,549442,1015352,889508,928663,645017,865074,744388,1934740,848646,482967
412900,413880,Fountain,10470.0,1493863,763213,805084,877498,556265,613469,549442,1015352,899978,928663,645017,865074,744388,1934740,848646,482967
412900,414110,Fountainfall,6699.0,1493863,763213,805084,877498,556265,613469,549442,1015352,899978,935362,645017,865074,744388,1934740,848646,482967
413550,414170,Fan Dance,277.0,1493863,763213,805084,877498,556542,613469,549442,1015352,899978,935362,645017,865074,744388,1934740,848646,482967
414200,414820,Fan Dance III,154.0,1493863,763213,805084,877498,556542,613623,549442,1015352,899978,935362,645017,865074,744388,1934740,848646,482967
414890,415648,Auto,10105.0,1503968,763213,805084,877498,556542,613623,549442,1015352,899978,935362,645017,865074,744388,1934740,848646,482967
415400,415840,Saber Dance,11482.0,1503968,763213,805084,877498,556542,613623,549442,1015352,899978,935362,645017,865074,744388,1946222,848646,482967
415400,416020,Reverse Cascade,4829.0,1503968,763213,805084,877498,556542,613623,549442,1015352,899978,935362,645017,865074,749217,1946222,848646,482967
415400,416200,Cascade,8249.0,1503968,771462,805084,877498,556542,613623,549442,1015352,899978,935362,645017,865074,749217,1946222,848646,482967
415400,416380,Fountain,9801.0,1503968,771462,805084,877498,556542,613623,549442,1015352,909779,935362,645017,865074,749217,1946222,848646,482967
415400,416610,Fountainfall,6385.0,1503968,771462,805084,877498,556542,613623,549442,1015352,909779,941747,645017,865074,749217,1946222,848646,482967
416050,416670,Fan Dance,392.0,1503968,771462,805084,877498,556934,613623,549442,1015352,909779,941747,645017,865074,749217,1946222,848646,482967
416700,417320,Fan Dance III,248.0,1503968,771462,805084,877498,556934,613871,549442,1015352,909779,941747,645017,865074,749217,1946222,848646,482967
417900,418340,Saber Dance,10858.0,1503968,771462,805084,877498,556934,613871,549442,1015352,909779,941747,645017,865074,749217,1957080,848646,482967
417900,418520,Reverse Cascade,5338.0,1503968,771462,805084,877498,556934,613871,549442,1015352,909779,941747,645017,865074,754555,1957080,848646,482967
417900,418700,Cascade,8378.0,1503968,779840,805084,877498,556934,613871,549442,1015352,909779,941747,645017,865074,754555,1957080,848646,482967
418010,418768,Auto,10105.0,1514073,779840,805084,877498,556934,613871,549442,1015352,909779,941747,645017,865074,754555,1957080,848646,482967
417900,418880,Fountain,9837.0,1514073,779840,805084,877498,556934,613871,549442,1015352,919616,941747,645017,865074,754555,1957080,848646,482967
417900,419110,Fountainfall,5918.0,1514073,779840,805084,877498,556934,613871,549442,1015352,919616,947665,645017,865074,754555,1957080,848646,482967
418550,419170,Fan Dance,553.0,1514073,779840,805084,877498,557487,613871,549442,1015352,919616,947665,645017,865074,754555,1957080,848646,482967
419200,419820,Fan Dance III,365.0,1514073,779840,805084,877498,557487,614236,549442,1015352,919616,947665,645017,865074,754555,1957080,848646,482967
420400,420840,Saber Dance,8432.0,1514073,779840,805084,877498,557487,614236,549442,1015352,919616,947665,645017,865074,754555,1965512,848646,482967
420400,421020,Reverse Cascade,5455.0,1514073,779840,805084,877498,557487,614236,549442,1015352,919616,947665,645017,865074,760010,1965512,848646,482967
420400,421200,Cascade,8152.0,1514073,787992,805084,877498,557487,614236,549442,1015352,919616,947665,645017,865074,760010,1965512,848646,482967
420400,421380,Fountain,11200.0,1514073,787992,805084,877498,557487,614236,549442,1015352,930816,947665,645017,865074,760010,1965512,848646,482967
420400,421610,Fountainfall,5997.0,1514073,787992,805084,877498,557487,614236,549442,1015352,930816,953662,645017,865074,760010,1965512,848646,482967
421050,421670,Fan Dance,654.0,1514073,787992,805084,877498,558141,614236,549442,1015352,930816,953662,645017,865074,760010,1965512,848646,482967
421130,421888,Auto,10105.0,1524178,787992,805084,877498,558141,614236,549442,1015352,930816,953662,645017,865074,760010,1965512,848646,482967
421700,422320,Fan Dance III,388.0,1524178,787992,805084,877498,558141,614624,549442,1015352,930816,953662,645017,865074,760010,1965512,848646,482967
422900,423340,Saber Dance,9414.0,1524178,787992,805084,877498,558141,614624,549442,1015352,930816,953662,645017,865074,760010,1974926,848646,482967
422900,423520,Reverse Cascade,5087.0,1524178,787992,805084,877498,558141,614624,549442,1015352,930816,953662,645017,865074,765097,1974926,848646,482967
422900,423700,Cascade,8055.0,1524178,796047,805084,877498,558141,614624,549442,1015352,930816,953662,645017,865074,765097,1974926,848646,482967
422900,423880,Fountain,10499.0,1524178,796047,805084,877498,558141,614624,549442,1015352,941315,953662,645017,865074,765097,1974926,848646,482967
422900,424110,Fountainfall,6827.0,1524178,796047,805084,877498,558141,614624,549442,1015352,941315,960489,645017,865074,765097,1974926,848646,482967
423550,424170,Fan Dance,854.0,1524178,796047,805084,877498,558995,614624,549442,1015352,941315,960489,645017,865074,765097,1974926,848646,482967
424200,424820,Fan Dance III,565.0,1524178,796047,805084,877498,558995,615189,549442,1015352,941315,960489,645017,865074,765097,1974926,848646,482967
424250,425008,Auto,10105.0,1534283,796047,805084,877498,558995,615189,549442,1015352,941315,960489,645017,865074,765097,1974926,848646,482967
425400,425840,Saber Dance,8538.0,1534283,796047,805084,877498,558995,615189,549442,1015352,941315,960489,645017,865074,765097,1983464,848646,482967
425400,426020,Reverse Cascade,5189.0,1534283,796047,805084,877498,558995,615189,549442,1015352,941315,960489,645017,865074,770286,1983464,848646,482967
425400,426200,Cascade,8600.0,1534283,804647,805084,877498,558995,615189,549442,1015352,941315,960489,645017,865074,770286,1983464,848646,482967
425400,426380,Fountain,10586.0,1534283,804647,805084,877498,558995,615189,549442,1015352,951901,960489,645017,865074,770286,1983464,848646,482967
425400,426610,Fountainfall,6306.0,1534283,804647,805084,877498,558995,615189,549442,1015352,951901,966795,645017,865074,770286,1983464,848646,482967
426050,426670,Fan Dance,1069.0,1534283,804647,805084,877498,560064,615189,549442,1015352,951901,966795,645017,865074,770286,1983464,848646,482967
426700,427320,Fan Dance III,622.0,1534283,804647,805084,877498,560064,615811,549442,1015352,951901,966795,645017,865074,770286,1983464,848646,482967
427370,428128,Auto,10105.0,1544388,804647,805084,877498,560064,615811,549442,1015352,951901,966795,645017,865074,770286,1983464,848646,482967
427900,428340,Saber Dance,8075.0,1544388,804647,805084,877498,560064,615811,549442,1015352,951901,966795,645017,865074,770286,1991539,848646,482967
427900,429110,Fountainfall,6535.0,1544388,804647,805084,877498,560064,615811,549442,1015352,951901,973330,645017,865074,770286,1991539,848646,482967
427900,429150,Last Dance,51641.0,1544388,804647,805084,877498,560064,615811,549442,1015352,951901,973330,696658,865074,770286,1991539,848646,482967
429150,429770,Fan Dance III,28555.0,1544388,804647,805084,877498,560064,644366,549442,1015352,951901,973330,696658,865074,770286,1991539,848646,482967
430400,430840,Saber Dance,6042.0,1544388,804647,805084,877498,560064,644366,549442,1015352,951901,973330,696658,865074,770286,1997581,848646,482967
430490,431248,Auto,10105.0,1554493,804647,805084,877498,560064,644366,549442,1015352,951901,973330,696658,865074,770286,1997581,848646,482967
431025,431345,Fan Dance IV,49614.0,1554493,804647,805084,877498,560064,644366,599056,1015352,951901,973330,696658,865074,770286,1997581,848646,482967
430400,431610,Fountainfall,31258.0,1554493,804647,805084,877498,560064,644366,599056,1015352,951901,1004588,696658,865074,770286,1997581,848646,482967
431025,431645,Fan Dance,3950.0,1554493,804647,805084,877498,564014,644366,599056,1015352,951901,1004588,696658,865074,770286,1997581,848646,482967
430400,431650,Last Dance,14405.0,1554493,804647,805084,877498,564014,644366,599056,1015352,951901,1004588,711063,865074,770286,1997581,848646,482967
431675,431995,Fan Dance IV,4938.0,1554493,804647,805084,877498,564014,644366,603994,1015352,951901,1004588,711063,865074,770286,1997581,848646,482967
431675,432295,Fan Dance III,2467.0,1554493,804647,805084,877498,564014,646833,603994,1015352,951901,1004588,711063,865074,770286,1997581,848646,482967
432900,433340,Saber Dance,13129.0,1554493,804647,805084,877498,564014,646833,603994,1015352,951901,1004588,711063,865074,770286,2010710,848646,482967
432900,433520,Reverse Cascade,19108.0,1554493,804647,805084,877498,564014,646833,603994,1015352,951901,1004588,711063,865074,789394,2010710,848646,482967
433550,433870,Fan Dance IV,3278.0,1554493,804647,805084,877498,564014,646833,607272,1015352,951901,1004588,711063,865074,789394,2010710,848646,482967
432900,434110,Fountainfall,10110.0,1554493,804647,805084,877498,564014,646833,607272,1015352,951901,1014698,711063,865074,789394,2010710,848646,482967
432900,434150,Last Dance,4051.0,1554493,804647,805084,877498,564014,646833,607272,1015352,951901,1014698,715114,865074,789394,2010710,848646,482967
433550,434170,Fan Dance,4681.0,1554493,804647,805084,877498,568695,646833,607272,1015352,951901,1014698,715114,865074,789394,2010710,848646,482967
433610,434368,Auto,10105.0,1564598,804647,805084,877498,568695,646833,607272,1015352,951901,1014698,715114,865074,789394,2010710,848646,482967
434200,434520,Fan Dance IV,949.0,1564598,804647,805084,877498,568695,646833,608221,1015352,951901,1014698,715114,865074,789394,2010710,848646,482967
434200,434820,Fan Dance III,2804.0,1564598,804647,805084,877498,568695,649637,608221,1015352,951901,1014698,715114,865074,789394,2010710,848646,482967
434850,435170,Fan Dance IV,931.0,1564598,804647,805084,877498,568695,649637,609152,1015352,951901,1014698,715114,865074,789394,2010710,848646,482967
435400,437450,Finishing Move,110344.0,1564598,804647,805084,877498,568695,649637,609152,1125696,951901,1014698,715114,865074,789394,2010710,848646,482967
436730,437488,Auto,10105.0,1574703,804647,805084,877498,568695,649637,609152,1125696,951901,1014698,715114,865074,789394,2010710,848646,482967
437900,438340,Saber Dance,15015.0,1574703,804647,805084,877498,568695,649637,609152,1125696,951901,1014698,715114,865074,789394,2025725,848646,482967
437900,438520,Reverse Cascade,16125.0,1574703,804647,805084,877498,568695,649637,609152,1125696,951901,1014698,715114,865074,805519,2025725,848646,482967
437900,438700,Cascade,4112.0,1574703,808759,805084,877498,568695,649637,609152,1125696,951901,1014698,715114,865074,805519,2025725,848646,482967
437900,438880,Fountain,4924.0,1574703,808759,805084,877498,568695,649637,609152,1125696,956825,1014698,715114,865074,805519,2025725,848646,482967
437900,439110,Fountainfall,2762.0,1574703,808759,805084,877498,568695,649637,609152,1125696,956825,1017460,715114,865074,805519,2025725,848646,482967
438550,439170,Fan Dance,3527.0,1574703,808759,805084,877498,572222,649637,609152,1125696,956825,1017460,715114,865074,805519,2025725,848646,482967
439200,439820,Fan Dance III,2201.0,1574703,808759,805084,877498,572222,651838,609152,1125696,956825,1017460,715114,865074,805519,2025725,848646,482967
439850,440608,Auto,10105.0,1584808,808759,805084,877498,572222,651838,609152,1125696,956825,1017460,715114,865074,805519,2025725,848646,482967
440400,440840,Saber Dance,9042.0,1584808,808759,805084,877498,572222,651838,609152,1125696,956825,1017460,715114,865074,805519,2034767,848646,482967
440400,441020,Reverse Cascade,8765.0,1584808,808759,805084,877498,572222,651838,609152,1125696,956825,1017460,715114,865074,814284,2034767,848646,482967
440400,441200,Cascade,7984.0,1584808,816743,805084,877498,572222,651838,609152,1125696,956825,1017460,715114,865074,814284,2034767,848646,482967
440400,441380,Fountain,10379.0,1584808,816743,805084,877498,572222,651838,609152,1125696,967204,1017460,715114,865074,814284,2034767,848646,482967
440400,441610,Fountainfall,2850.0,1584808,816743,805084,877498,572222,651838,609152,1125696,967204,1020310,715114,865074,814284,2034767,848646,482967
441050,441670,Fan Dance,2448.0,1584808,816743,805084,877498,574670,651838,609152,1125696,967204,1020310,715114,865074,814284,2034767,848646,482967
441700,442320,Fan Dance III,1430.0,1584808,816743,805084,877498,574670,653268,609152,1125696,967204,1020310,715114,865074,814284,2034767,848646,482967
442900,443340,Saber Dance,8096.0,1584808,816743,805084,877498,574670,653268,609152,1125696,967204,1020310,715114,865074,814284,2042863,848646,482967
442900,443520,Reverse Cascade,5175.0,1584808,816743,805084,877498,574670,653268,609152,1125696,967204,1020310,715114,865074,819459,2042863,848646,482967
442900,443700,Cascade,8406.0,1584808,825149,805084,877498,574670,653268,609152,1125696,967204,1020310,715114,865074,819459,2042863,848646,482967
442970,443728,Auto,10105.0,1594913,825149,805084,877498,574670,653268,609152,1125696,967204,1020310,715114,865074,819459,2042863,848646,482967
442900,443880,Fountain,11044.0,1594913,825149,805084,877498,574670,653268,609152,1125696,978248,1020310,715114,865074,819459,2042863,848646,482967
442900,444110,Fountainfall,6346.0,1594913,825149,805084,877498,574670,653268,609152,1125696,978248,1026656,715114,865074,819459,2042863,848646,482967
443550,444170,Fan Dance,2336.0,1594913,825149,805084,877498,577006,653268,609152,1125696,978248,1026656,715114,865074,819459,2042863,848646,482967
444200,444820,Fan Dance III,1459.0,1594913,825149,805084,877498,577006,654727,609152,1125696,978248,1026656,715114,865074,819459,2042863,848646,482967
445400,445840,Saber Dance,9926.0,1594913,825149,805084,877498,577006,654727,609152,1125696,978248,1026656,715114,865074,819459,2052789,848646,482967
445400,446020,Reverse Cascade,5080.0,1594913,825149,805084,877498,577006,654727,609152,1125696,978248,1026656,715114,865074,824539,2052789,848646,482967
445400,446200,Cascade,8135.0,1594913,833284,805084,877498,577006,654727,609152,1125696,978248,1026656,715114,865074,824539,2052789,848646,482967
445400,446380,Fountain,10204.0,1594913,833284,805084,877498,577006,654727,609152,1125696,988452,1026656,715114,865074,824539,2052789,848646,482967
445400,446610,Fountainfall,6747.0,1594913,833284,805084,877498,577006,654727,609152,1125696,988452,1033403,715114,865074,824539,2052789,848646,482967
446050,446670,Fan Dance,2611.0,1594913,833284,805084,877498,579617,654727,609152,1125696,988452,1033403,715114,865074,824539,2052789,848646,482967
446090,446848,Auto,10105.0,1605018,833284,805084,877498,579617,654727,609152,1125696,988452,1033403,715114,865074,824539,2052789,848646,482967
446700,447320,Fan Dance III,1619.0,1605018,833284,805084,877498,579617,656346,609152,1125696,988452,1033403,715114,865074,824539,2052789,848646,482967
447900,448340,Saber Dance,10676.0,1605018,833284,805084,877498,579617,656346,609152,1125696,988452,1033403,715114,865074,824539,2063465,848646,482967
447900,448520,Reverse Cascade,4855.0,1605018,833284,805084,877498,579617,656346,609152,1125696,988452,1033403,715114,865074,829394,2063465,848646,482967
447900,448700,Cascade,8238.0,1605018,841522,805084,877498,579617,656346,609152,1125696,988452,1033403,715114,865074,829394,2063465,848646,482967
447900,448880,Fountain,10401.0,1605018,841522,805084,877498,579617,656346,609152,1125696,998853,1033403,715114,865074,829394,2063465,848646,482967
447900,449110,Fountainfall,6151.0,1605018,841522,805084,877498,579617,656346,609152,1125696,998853,1039554,715114,865074,829394,2063465,848646,482967
448550,449170,Fan Dance,2508.0,1605018,841522,805084,877498,582125,656346,609152,1125696,998853,1039554,715114,865074,829394,2063465,848646,482967
449200,449820,Fan Dance III,1459.0,1605018,841522,805084,877498,582125,657805,609152,1125696,998853,1039554,715114,865074,829394,2063465,848646,482967
449210,449968,Auto,10105.0,1615123,841522,805084,877498,582125,657805,609152,1125696,998853,1039554,715114,865074,829394,2063465,848646,482967
450400,450840,Saber Dance,12477.0,1615123,841522,805084,877498,582125,657805,609152,1125696,998853,1039554,715114,865074,829394,2075942,848646,482967
450400,451020,Reverse Cascade,5186.0,1615123,841522,805084,877498,582125,657805,609152,1125696,998853,1039554,715114,865074,834580,2075942,848646,482967
450400,451200,Cascade,7590.0,1615123,849112,805084,877498,582125,657805,609152,1125696,998853,1039554,715114,865074,834580,2075942,848646,482967
450400,451380,Fountain,9601.0,1615123,849112,805084,877498,582125,657805,609152,1125696,1008454,1039554,715114,865074,834580,2075942,848646,482967
450400,451610,Fountainfall,6588.0,1615123,849112,805084,877498,582125,657805,609152,1125696,1008454,1046142,715114,865074,834580,2075942,848646,482967
451050,451670,Fan Dance,2772.0,1615123,849112,805084,877498,584897,657805,609152,1125696,1008454,1046142,715114,865074,834580,2075942,848646,482967
451700,452320,Fan Dance III,1790.0,1615123,849112,805084,877498,584897,659595,609152,1125696,1008454,1046142,715114,865074,834580,2075942,848646,482967
452330,453088,Auto,10105.0,1625228,849112,805084,877498,584897,659595,609152,1125696,1008454,1046142,715114,865074,834580,2075942,848646,482967
452900,453340,Saber Dance,11475.0,1625228,849112,805084,877498,584897,659595,609152,1125696,1008454,1046142,715114,865074,834580,2087417,848646,482967
452900,453520,Reverse Cascade,4989.0,1625228,849112,805084,877498,584897,659595,609152,1125696,1008454,1046142,715114,865074,839569,2087417,848646,482967
452900,453700,Cascade,8004.0,1625228,857116,805084,877498,584897,659595,609152,1125696,1008454,1046142,715114,865074,839569,2087417,848646,482967
452900,453880,Fountain,10346.0,1625228,857116,805084,877498,584897,659595,609152,1125696,1018800,1046142,715114,865074,839569,2087417,848646,482967
452900,454110,Fountainfall,5913.0,1625228,857116,805084,877498,584897,659595,609152,1125696,1018800,1052055,715114,865074,839569,2087417,848646,482967
453550,454170,Fan Dance,2607.0,1625228,857116,805084,877498,587504,659595,609152,1125696,1018800,1052055,715114,865074,839569,2087417,848646,482967
454200,454820,Fan Dance III,1567.0,1625228,857116,805084,877498,587504,661162,609152,1125696,1018800,1052055,715114,865074,839569,2087417,848646,482967
455400,455840,Saber Dance,10549.0,1625228,857116,805084,877498,587504,661162,609152,1125696,1018800,1052055,715114,865074,839569,2097966,848646,482967
455400,456020,Reverse Cascade,5226.0,1625228,857116,805084,877498,587504,661162,609152,1125696,1018800,1052055,715114,865074,844795,2097966,848646,482967
455400,456200,Cascade,8064.0,1625228,865180,805084,877498,587504,661162,609152,1125696,1018800,1052055,715114,865074,844795,2097966,848646,482967
455450,456208,Auto,10105.0,1635333,865180,805084,877498,587504,661162,609152,1125696,1018800,1052055,715114,865074,844795,2097966,848646,482967
455400,456380,Fountain,10139.0,1635333,865180,805084,877498,587504,661162,609152,1125696,1028939,1052055,715114,865074,844795,2097966,848646,482967
455400,456610,Fountainfall,6368.0,1635333,865180,805084,877498,587504,661162,609152,1125696,1028939,1058423,715114,865074,844795,2097966,848646,482967
456050,456670,Fan Dance,2845.0,1635333,865180,805084,877498,590349,661162,609152,1125696,1028939,1058423,715114,865074,844795,2097966,848646,482967
456700,457320,Fan Dance III,1653.0,1635333,865180,805084,877498,590349,662815,609152,1125696,1028939,1058423,715114,865074,844795,2097966,848646,482967
457900,458340,Saber Dance,8699.0,1635333,865180,805084,877498,590349,662815,609152,1125696,1028939,1058423,715114,865074,844795,2106665,848646,482967
457900,458520,Reverse Cascade,5338.0,1635333,865180,805084,877498,590349,662815,609152,1125696,1028939,1058423,715114,865074,850133,2106665,848646,482967
457900,458700,Cascade,8600.0,1635333,873780,805084,877498,590349,662815,609152,1125696,1028939,1058423,715114,865074,850133,2106665,848646,482967
457900,458880,Fountain,10557.0,1635333,873780,805084,877498,590349,662815,609152,1125696,1039496,1058423,715114,865074,850133,2106665,848646,482967
457900,459110,Fountainfall,6059.0,1635333,873780,805084,877498,590349,662815,609152,1125696,1039496,1064482,715114,865074,850133,2106665,848646,482967
458550,459170,Fan Dance,2885.0,1635333,873780,805084,877498,593234,662815,609152,1125696,1039496,1064482,715114,865074,850133,2106665,848646,482967
458570,459328,Auto,10105.0,1645438,873780,805084,877498,593234,662815,609152,1125696,1039496,1064482,715114,865074,850133,2106665,848646,482967
459200,459820,Fan Dance III,1838.0,1645438,873780,805084,877498,593234,664653,609152,1125696,1039496,1064482,715114,865074,850133,2106665,848646,482967
460400,460840,Saber Dance,7928.0,1645438,873780,805084,877498,593234,664653,609152,1125696,1039496,1064482,715114,865074,850133,2114593,848646,482967
460400,461020,Reverse Cascade,5505.0,1645438,873780,805084,877498,593234,664653,609152,1125696,1039496,1064482,715114,865074,855638,2114593,848646,482967
460400,461200,Cascade,8198.0,1645438,881978,805084,877498,593234,664653,609152,1125696,1039496,1064482,715114,865074,855638,2114593,848646,482967
460400,461380,Fountain,11000.0,1645438,881978,805084,877498,593234,664653,609152,1125696,1050496,1064482,715114,865074,855638,2114593,848646,482967
460400,461610,Fountainfall,6425.0,1645438,881978,805084,877498,593234,664653,609152,1125696,1050496,1070907,715114,865074,855638,2114593,848646,482967
461050,461670,Fan Dance,3057.0,1645438,881978,805084,877498,596291,664653,609152,1125696,1050496,1070907,715114,865074,855638,2114593,848646,482967
461690,462448,Auto,10105.0,1655543,881978,805084,877498,596291,664653,609152,1125696,1050496,1070907,715114,865074,855638,2114593,848646,482967
462900,463340,Saber Dance,10269.0,1655543,881978,805084,877498,596291,664653,609152,1125696,1050496,1070907,715114,865074,855638,2124862,848646,482967
462900,463520,Reverse Cascade,4844.0,1655543,881978,805084,877498,596291,664653,609152,1125696,1050496,1070907,715114,865074,860482,2124862,848646,482967
462900,463700,Cascade,8098.0,1655543,890076,805084,877498,596291,664653,609152,1125696,1050496,1070907,715114,865074,860482,2124862,848646,482967
462900,463880,Fountain,10393.0,1655543,890076,805084,877498,596291,664653,609152,1125696,1060889,1070907,715114,865074,860482,2124862,848646,482967
462900,464110,Fountainfall,6646.0,1655543,890076,805084,877498,596291,664653,609152,1125696,1060889,1077553,715114,865074,860482,2124862,848646,482967
463550,464170,Fan Dance,3099.0,1655543,890076,805084,877498,599390,664653,609152,1125696,1060889,1077553,715114,865074,860482,2124862,848646,482967
464810,465568,Auto,10105.0,1665648,890076,805084,877498,599390,664653,609152,1125696,1060889,1077553,715114,865074,860482,2124862,848646,482967
467930,468688,Auto,10105.0,1675753,890076,805084,877498,599390,664653,609152,1125696,1060889,1077553,715114,865074,860482,2124862,848646,482967
468900,469430,Double Standard Finish,110344.0,1675753,890076,805084,987842,599390,664653,609152,1125696,1060889,1077553,715114,865074,860482,2124862,848646,482967
470400,470840,Saber Dance,12505.0,1675753,890076,805084,987842,599390,664653,609152,1125696,1060889,1077553,715114,865074,860482,2137367,848646,482967
470400,471020,Reverse Cascade,5018.0,1675753,890076,805084,987842,599390,664653,609152,1125696,1060889,1077553,715114,865074,865500,2137367,848646,482967
470400,471200,Cascade,7829.0,1675753,897905,805084,987842,599390,664653,609152,1125696,1060889,1077553,715114,865074,865500,2137367,848646,482967
470400,471380,Fountain,9692.0,1675753,897905,805084,987842,599390,664653,609152,1125696,1070581,1077553,715114,865074,865500,2137367,848646,482967
470400,471610,Fountainfall,6293.0,1675753,897905,805084,987842,599390,664653,609152,1125696,1070581,1083846,715114,865074,865500,2137367,848646,482967
471025,471645,Fan Dance III,302.0,1675753,897905,805084,987842,599390,664955,609152,1125696,1070581,1083846,715114,865074,865500,2137367,848646,482967
471025,471645,Fan Dance,2775.0,1675753,897905,805084,987842,602165,664955,609152,1125696,1070581,1083846,715114,865074,865500,2137367,848646,482967
471050,471808,Auto,10105.0,1685858,897905,805084,987842,602165,664955,609152,1125696,1070581,1083846,715114,865074,865500,2137367,848646,482967
471675,472295,Fan Dance,247.0,1685858,897905,805084,987842,602412,664955,609152,1125696,1070581,1083846,715114,865074,865500,2137367,848646,482967
472900,473340,Saber Dance,10914.0,1685858,897905,805084,987842,602412,664955,609152,1125696,1070581,1083846,715114,865074,865500,2148281,848646,482967
472900,473520,Reverse Cascade,5051.0,1685858,897905,805084,987842,602412,664955,609152,1125696,1070581,1083846,715114,865074,870551,2148281,848646,482967
472900,473700,Cascade,8298.0,1685858,906203,805084,987842,602412,664955,609152,1125696,1070581,1083846,715114,865074,870551,2148281,848646,482967
472900,473880,Fountain,10357.0,1685858,906203,805084,987842,602412,664955,609152,1125696,1080938,1083846,715114,865074,870551,2148281,848646,482967
472900,474110,Fountainfall,5723.0,1685858,906203,805084,987842,602412,664955,609152,1125696,1080938,1089569,715114,865074,870551,2148281,848646,482967
473550,474170,Fan Dance,2483.0,1685858,906203,805084,987842,604895,664955,609152,1125696,1080938,1089569,715114,865074,870551,2148281,848646,482967
473550,474170,Fan Dance III,591.0,1685858,906203,805084,987842,604895,665546,609152,1125696,1080938,1089569,715114,865074,870551,2148281,848646,482967
474200,474820,Fan Dance,483.0,1685858,906203,805084,987842,605378,665546,609152,1125696,1080938,1089569,715114,865074,870551,2148281,848646,482967
474170,474928,Auto,10105.0,1695963,906203,805084,987842,605378,665546,609152,1125696,1080938,1089569,715114,865074,870551,2148281,848646,482967
475400,475840,Saber Dance,10206.0,1695963,906203,805084,987842,605378,665546,609152,1125696,1080938,1089569,715114,865074,870551,2158487,848646,482967
475400,476020,Reverse Cascade,5266.0,1695963,906203,805084,987842,605378,665546,609152,1125696,1080938,1089569,715114,865074,875817,2158487,848646,482967
475400,476200,Cascade,8092.0,1695963,914295,805084,987842,605378,665546,609152,1125696,1080938,1089569,715114,865074,875817,2158487,848646,482967
475400,476380,Fountain,10353.0,1695963,914295,805084,987842,605378,665546,609152,1125696,1091291,1089569,715114,865074,875817,2158487,848646,482967
475400,476610,Fountainfall,6231.0,1695963,914295,805084,987842,605378,665546,609152,1125696,1091291,1095800,715114,865074,875817,2158487,848646,482967
476050,476670,Fan Dance III,753.0,1695963,914295,805084,987842,605378,666299,609152,1125696,1091291,1095800,715114,865074,875817,2158487,848646,482967
476050,476670,Fan Dance,2487.0,1695963,914295,805084,987842,607865,666299,609152,1125696,1091291,1095800,715114,865074,875817,2158487,848646,482967
476700,477320,Fan Dance,616.0,1695963,914295,805084,987842,608481,666299,609152,1125696,1091291,1095800,715114,865074,875817,2158487,848646,482967
477290,478048,Auto,10105.0,1706068,914295,805084,987842,608481,666299,609152,1125696,1091291,1095800,715114,865074,875817,2158487,848646,482967
477900,478340,Saber Dance,11194.0,1706068,914295,805084,987842,608481,666299,609152,1125696,1091291,1095800,715114,865074,875817,2169681,848646,482967
477900,478520,Reverse Cascade,5084.0,1706068,914295,805084,987842,608481,666299,609152,1125696,1091291,1095800,715114,865074,880901,2169681,848646,482967
477900,478700,Cascade,7795.0,1706068,922090,805084,987842,608481,666299,609152,1125696,1091291,1095800,715114,865074,880901,2169681,848646,482967
477900,478880,Fountain,10350.0,1706068,922090,805084,987842,608481,666299,609152,1125696,1101641,1095800,715114,865074,880901,2169681,848646,482967
477900,479110,Fountainfall,6293.0,1706068,922090,805084,987842,608481,666299,609152,1125696,1101641,1102093,715114,865074,880901,2169681,848646,482967
478550,479170,Fan Dance,2251.0,1706068,922090,805084,987842,610732,666299,609152,1125696,1101641,1102093,715114,865074,880901,2169681,848646,482967
478550,479170,Fan Dance III,919.0,1706068,922090,805084,987842,610732,667218,609152,1125696,1101641,1102093,715114,865074,880901,2169681,848646,482967
479200,479820,Fan Dance,752.0,1706068,922090,805084,987842,611484,667218,609152,1125696,1101641,1102093,715114,865074,880901,2169681,848646,482967
480410,481168,Auto,10105.0,1716173,922090,805084,987842,611484,667218,609152,1125696,1101641,1102093,715114,865074,880901,2169681,848646,482967
483530,484288,Auto,10105.0,1726278,922090,805084,987842,611484,667218,609152,1125696,1101641,1102093,715114,865074,880901,2169681,848646,482967
486400,486935,Quadruple Technical Finish,207745.0,1726278,922090,805084,987842,611484,667218,609152,1125696,1101641,1102093,715114,1072819,880901,2169681,848646,482967
486650,487408,Auto,12439.0,1738717,922090,805084,987842,611484,667218,609152,1125696,1101641,1102093,715114,1072819,880901,2169681,848646,482967
487900,488740,Tillana,62014.0,1738717,922090,805084,987842,611484,667218,609152,1125696,1101641,1102093,715114,1072819,880901,2169681,848646,544981
487900,488790,Starfall Dance,52682.0,1738717,922090,805084,987842,611484,667218,609152,1125696,1101641,1102093,715114,1072819,880901,2169681,901328,544981
489150,489770,Fan Dance III,42528.0,1738717,922090,805084,987842,611484,709746,609152,1125696,1101641,1102093,715114,1072819,880901,2169681,901328,544981
487900,490260,Dance of the Dawn,40001.0,1738717,922090,845085,987842,611484,709746,609152,1125696,1101641,1102093,715114,1072819,880901,2169681,901328,544981
489770,490528,Auto,15049.0,1753766,922090,845085,987842,611484,709746,609152,1125696,1101641,1102093,715114,1072819,880901,2169681,901328,544981
491025,491345,Fan Dance IV,61913.0,1753766,922090,845085,987842,611484,709746,671065,1125696,1101641,1102093,715114,1072819,880901,2169681,901328,544981
491025,491645,Fan Dance III,12920.0,1753766,922090,845085,987842,611484,722666,671065,1125696,1101641,1102093,715114,1072819,880901,2169681,901328,544981
490400,491650,Last Dance,104400.0,1753766,922090,845085,987842,611484,722666,671065,1125696,1101641,1102093,819514,1072819,880901,2169681,901328,544981
491650,491970,Fan Dance IV,27017.0,1753766,922090,845085,987842,611484,722666,698082,1125696,1101641,1102093,819514,1072819,880901,2169681,901328,544981
491650,492270,Fan Dance,24186.0,1753766,922090,845085,987842,635670,722666,698082,1125696,1101641,1102093,819514,1072819,880901,2169681,901328,544981
492900,493340,Saber Dance,62.0,1753766,922090,845085,987842,635670,722666,698082,1125696,1101641,1102093,819514,1072819,880901,2169743,901328,544981
492890,493648,Auto,15049.0,1768815,922090,845085,987842,635670,722666,698082,1125696,1101641,1102093,819514,1072819,880901,2169743,901328,544981
492900,493740,Tillana,15114.0,1768815,922090,845085,987842,635670,722666,698082,1125696,1101641,1102093,819514,1072819,880901,2169743,901328,560095
492900,493790,Starfall Dance,15488.0,1768815,922090,845085,987842,635670,722666,698082,1125696,1101641,1102093,819514,1072819,880901,2169743,916816,560095
492900,494110,Fountainfall,2142.0,1768815,922090,845085,987842,635670,722666,698082,1125696,1101641,1104235,819514,1072819,880901,2169743,916816,560095
493525,494145,Fan Dance,22708.0,1768815,922090,845085,987842,658378,722666,698082,1125696,1101641,1104235,819514,1072819,880901,2169743,916816,560095
493525,494145,Fan Dance III,14493.0,1768815,922090,845085,987842,658378,737159,698082,1125696,1101641,1104235,819514,1072819,880901,2169743,916816,560095
494150,494770,Fan Dance III,14162.0,1768815,922090,845085,987842,658378,751321,698082,1125696,1101641,1104235,819514,1072819,880901,2169743,916816,560095
494150,494770,Fan Dance,22482.0,1768815,922090,845085,987842,680860,751321,698082,1125696,1101641,1104235,819514,1072819,880901,2169743,916816,560095
492900,495260,Dance of the Dawn,147033.0,1768815,922090,992118,987842,680860,751321,698082,1125696,1101641,1104235,819514,1072819,880901,2169743,916816,560095
494800,495420,Fan Dance III,13736.0,1768815,922090,992118,987842,680860,765057,698082,1125696,1101641,1104235,819514,1072819,880901,2169743,916816,560095
494800,495420,Fan Dance,19350.0,1768815,922090,992118,987842,700210,765057,698082,1125696,1101641,1104235,819514,1072819,880901,2169743,916816,560095
496025,496645,Fan Dance III,11750.0,1768815,922090,992118,987842,700210,776807,698082,1125696,1101641,1104235,819514,1072819,880901,2169743,916816,560095
496025,496645,Fan Dance,10952.0,1768815,922090,992118,987842,711162,776807,698082,1125696,1101641,1104235,819514,1072819,880901,2169743,916816,560095
496010,496768,Auto,15049.0,1783864,922090,992118,987842,711162,776807,698082,1125696,1101641,1104235,819514,1072819,880901,2169743,916816,560095
496650,497270,Fan Dance III,6702.0,1783864,922090,992118,987842,711162,783509,698082,1125696,1101641,1104235,819514,1072819,880901,2169743,916816,560095
496650,497270,Fan Dance,2912.0,1783864,922090,992118,987842,714074,783509,698082,1125696,1101641,1104235,819514,1072819,880901,2169743,916816,560095
495400,497450,Finishing Move,164339.0,1783864,922090,992118,987842,714074,783509,698082,1290035,1101641,1104235,819514,1072819,880901,2169743,916816,560095
497900,498340,Saber Dance,35663.0,1783864,922090,992118,987842,714074,783509,698082,1290035,1101641,1104235,819514,1072819,880901,2205406,916816,560095
497900,498520,Reverse Cascade,10.0,1783864,922090,992118,987842,714074,783509,698082,1290035,1101641,1104235,819514,1072819,880911,2205406,916816,560095
497900,498740,Tillana,10010.0,1783864,922090,992118,987842,714074,783509,698082,1290035,1101641,1104235,819514,1072819,880911,2205406,916816,570105
497900,498790,Starfall Dance,93156.0,1783864,922090,992118,987842,714074,783509,698082,1290035,1101641,1104235,819514,1072819,880911,2205406,1009972,570105
497900,499110,Fountainfall,5415.0,1783864,922090,992118,987842,714074,783509,698082,1290035,1101641,1109650,819514,1072819,880911,2205406,1009972,570105
498525,499145,Fan Dance,1475.0,1783864,922090,992118,987842,715549,783509,698082,1290035,1101641,1109650,819514,1072819,880911,2205406,1009972,570105
498525,499145,Fan Dance III,1760.0,1783864,922090,992118,987842,715549,785269,698082,1290035,1101641,1109650,819514,1072819,880911,2205406,1009972,570105
499150,499770,Fan Dance III,880.0,1783864,922090,992118,987842,715549,786149,698082,1290035,1101641,1109650,819514,1072819,880911,2205406,1009972,570105
499150,499770,Fan Dance,97.0,1783864,922090,992118,987842,715646,786149,698082,1290035,1101641,1109650,819514,1072819,880911,2205406,1009972,570105
499130,499888,Auto,15049.0,1798913,922090,992118,987842,715646,786149,698082,1290035,1101641,1109650,819514,1072819,880911,2205406,1009972,570105
497900,500260,Dance of the Dawn,6264.0,1798913,922090,998382,987842,715646,786149,698082,1290035,1101641,1109650,819514,1072819,880911,2205406,1009972,570105
500400,500840,Saber Dance,65907.0,1798913,922090,998382,987842,715646,786149,698082,1290035,1101641,1109650,819514,1072819,880911,2271313,1009972,570105
500400,501020,Reverse Cascade,849.0,1798913,922090,998382,987842,715646,786149,698082,1290035,1101641,1109650,819514,1072819,881760,2271313,1009972,570105
500400,501240,Tillana,9245.0,1798913,922090,998382,987842,715646,786149,698082,1290035,1101641,1109650,819514,1072819,881760,2271313,1009972,579350
500400,501290,Starfall Dance,38314.0,1798913,922090,998382,987842,715646,786149,698082,1290035,1101641,1109650,819514,1072819,881760,2271313,1048286,579350
500400,501610,Fountainfall,5593.0,1798913,922090,998382,987842,715646,786149,698082,1290035,1101641,1115243,819514,1072819,881760,2271313,1048286,579350
501050,501670,Fan Dance,1690.0,1798913,922090,998382,987842,717336,786149,698082,1290035,1101641,1115243,819514,1072819,881760,2271313,1048286,579350
501050,501670,Fan Dance III,63.0,1798913,922090,998382,987842,717336,786212,698082,1290035,1101641,1115243,819514,1072819,881760,2271313,1048286,579350
501700,502320,Fan Dance,6.0,1798913,922090,998382,987842,717342,786212,698082,1290035,1101641,1115243,819514,1072819,881760,2271313,1048286,579350
501700,502320,Fan Dance III,1063.0,1798913,922090,998382,987842,717342,787275,698082,1290035,1101641,1115243,819514,1072819,881760,2271313,1048286,579350
500400,502760,Dance of the Dawn,38.0,1798913,922090,998420,987842,717342,787275,698082,1290035,1101641,1115243,819514,1072819,881760,2271313,1048286,579350
502250,503008,Auto,15049.0,1813962,922090,998420,987842,717342,787275,698082,1290035,1101641,1115243,819514,1072819,881760,2271313,1048286,579350
502900,503340,Saber Dance,56960.0,1813962,922090,998420,987842,717342,787275,698082,1290035,1101641,1115243,819514,1072819,881760,2328273,1048286,579350
502900,503520,Reverse Cascade,1851.0,1813962,922090,998420,987842,717342,787275,698082,1290035,1101641,1115243,819514,1072819,883611,2328273,1048286,579350
502900,503700,Cascade,21.0,1813962,922111,998420,987842,717342,787275,698082,1290035,1101641,1115243,819514,1072819,883611,2328273,1048286,579350
502900,503740,Tillana,7760.0,1813962,922111,998420,987842,717342,787275,698082,1290035,1101641,1115243,819514,1072819,883611,2328273,1048286,587110
502900,503790,Starfall Dance,4096.0,1813962,922111,998420,987842,717342,787275,698082,1290035,1101641,1115243,819514,1072819,883611,2328273,1052382,587110
502900,503880,Fountain,16.0,1813962,922111,998420,987842,717342,787275,698082,1290035,1101657,1115243,819514,1072819,883611,2328273,1052382,587110
502900,504110,Fountainfall,21847.0,1813962,922111,998420,987842,717342,787275,698082,1290035,1101657,1137090,819514,1072819,883611,2328273,1052382,587110
503550,504170,Fan Dance,6492.0,1813962,922111,998420,987842,723834,787275,698082,1290035,1101657,1137090,819514,1072819,883611,2328273,1052382,587110
503550,504170,Fan Dance III,4.0,1813962,922111,998420,987842,723834,787279,698082,1290035,1101657,1137090,819514,1072819,883611,2328273,1052382,587110
504200,504820,Fan Dance III,4023.0,1813962,922111,998420,987842,723834,791302,698082,1290035,1101657,1137090,819514,1072819,883611,2328273,1052382,587110
505400,505840,Saber Dance,40204.0,1813962,922111,998420,987842,723834,791302,698082,1290035,1101657,1137090,819514,1072819,883611,2368477,1052382,587110
505400,506020,Reverse Cascade,7236.0,1813962,922111,998420,987842,723834,791302,698082,1290035,1101657,1137090,819514,1072819,890847,2368477,1052382,587110
505370,506128,Auto,15049.0,1829011,922111,998420,987842,723834,791302,698082,1290035,1101657,1137090,819514,1072819,890847,2368477,1052382,587110
505400,506200,Cascade,12.0,1829011,922123,998420,987842,723834,791302,698082,1290035,1101657,1137090,819514,1072819,890847,2368477,1052382,587110
505400,506240,Tillana,11855.0,1829011,922123,998420,987842,723834,791302,698082,1290035,1101657,1137090,819514,1072819,890847,2368477,1052382,598965
505400,506290,Starfall Dance,61.0,1829011,922123,998420,987842,723834,791302,698082,1290035,1101657,1137090,819514,1072819,890847,2368477,1052443,598965
505400,506380,Fountain,5.0,1829011,922123,998420,987842,723834,791302,698082,1290035,1101662,1137090,819514,1072819,890847,2368477,1052443,598965
505400,506610,Fountainfall,24864.0,1829011,922123,998420,987842,723834,791302,698082,1290035,1101662,1161954,819514,1072819,890847,2368477,1052443,598965
506050,506670,Fan Dance,8337.0,1829011,922123,998420,987842,732171,791302,698082,1290035,1101662,1161954,819514,1072819,890847,2368477,1052443,598965
506700,507320,Fan Dance III,4845.0,1829011,922123,998420,987842,732171,796147,698082,1290035,1101662,1161954,819514,1072819,890847,2368477,1052443,598965
507900,508340,Saber Dance,21071.0,1829011,922123,998420,987842,732171,796147,698082,1290035,1101662,1161954,819514,1072819,890847,2389548,1052443,598965
507900,508520,Reverse Cascade,16721.0,1829011,922123,998420,987842,732171,796147,698082,1290035,1101662,1161954,819514,1072819,907568,2389548,1052443,598965
507900,508700,Cascade,1584.0,1829011,923707,998420,987842,732171,796147,698082,1290035,1101662,1161954,819514,1072819,907568,2389548,1052443,598965
507900,508880,Fountain,7.0,1829011,923707,998420,987842,732171,796147,698082,1290035,1101669,1161954,819514,1072819,907568,2389548,1052443,598965
507900,509110,Fountainfall,8102.0,1829011,923707,998420,987842,732171,796147,698082,1290035,1101669,1170056,819514,1072819,907568,2389548,1052443,598965
508490,509248,Auto,10105.0,1839116,923707,998420,987842,732171,796147,698082,1290035,1101669,1170056,819514,1072819,907568,2389548,1052443,598965
510400,510840,Saber Dance,17181.0,1839116,923707,998420,987842,732171,796147,698082,1290035,1101669,1170056,819514,1072819,907568,2406729,1052443,598965
510400,511020,Reverse Cascade,11455.0,1839116,923707,998420,987842,732171,796147,698082,1290035,1101669,1170056,819514,1072819,919023,2406729,1052443,598965
510400,511200,Cascade,11245.0,1839116,934952,998420,987842,732171,796147,698082,1290035,1101669,1170056,819514,1072819,919023,2406729,1052443,598965
510400,511380,Fountain,654.0,1839116,934952,998420,987842,732171,796147,698082,1290035,1102323,1170056,819514,1072819,919023,2406729,1052443,598965
510400,511610,Fountainfall,1231.0,1839116,934952,998420,987842,732171,796147,698082,1290035,1102323,1171287,819514,1072819,919023,2406729,1052443,598965
511610,512368,Auto,10105.0,1849221,934952,998420,987842,732171,796147,698082,1290035,1102323,1171287,819514,1072819,919023,2406729,1052443,598965
512900,513340,Saber Dance,6722.0,1849221,934952,998420,987842,732171,796147,698082,1290035,1102323,1171287,819514,1072819,919023,2413451,1052443,598965
512900,513520,Reverse Cascade,9856.0,1849221,934952,998420,987842,732171,796147,698082,1290035,1102323,1171287,819514,1072819,928879,2413451,1052443,598965
512900,513700,Cascade,12118.0,1849221,947070,998420,987842,732171,796147,698082,1290035,1102323,1171287,819514,1072819,928879,2413451,1052443,598965
512900,513880,Fountain,7155.0,1849221,947070,998420,987842,732171,796147,698082,1290035,1109478,1171287,819514,1072819,928879,2413451,1052443,598965
512900,514110,Fountainfall,511.0,1849221,947070,998420,987842,732171,796147,698082,1290035,1109478,1171798,819514,1072819,928879,2413451,1052443,598965
514730,515488,Auto,10105.0,1859326,947070,998420,987842,732171,796147,698082,1290035,1109478,1171798,819514,1072819,928879,2413451,1052443,598965
515400,515840,Saber Dance,11117.0,1859326,947070,998420,987842,732171,796147,698082,1290035,1109478,1171798,819514,1072819,928879,2424568,1052443,598965
515400,516020,Reverse Cascade,7682.0,1859326,947070,998420,987842,732171,796147,698082,1290035,1109478,1171798,819514,1072819,936561,2424568,1052443,598965
515400,516200,Cascade,5659.0,1859326,952729,998420,987842,732171,796147,698082,1290035,1109478,1171798,819514,1072819,936561,2424568,1052443,598965
515400,516380,Fountain,12083.0,1859326,952729,998420,987842,732171,796147,698082,1290035,1121561,1171798,819514,1072819,936561,2424568,1052443,598965
515400,516610,Fountainfall,4382.0,1859326,952729,998420,987842,732171,796147,698082,1290035,1121561,1176180,819514,1072819,936561,2424568,1052443,598965
517900,518340,Saber Dance,10690.0,1859326,952729,998420,987842,732171,796147,698082,1290035,1121561,1176180,819514,1072819,936561,2435258,1052443,598965
517900,518520,Reverse Cascade,3943.0,1859326,952729,998420,987842,732171,796147,698082,1290035,1121561,1176180,819514,1072819,940504,2435258,1052443,598965
517850,518608,Auto,10105.0,1869431,952729,998420,987842,732171,796147,698082,1290035,1121561,1176180,819514,1072819,940504,2435258,1052443,598965
517900,518700,Cascade,6122.0,1869431,958851,998420,987842,732171,796147,698082,1290035,1121561,1176180,819514,1072819,940504,2435258,1052443,598965
517900,518880,Fountain,13025.0,1869431,958851,998420,987842,732171,796147,698082,1290035,1134586,1176180,819514,1072819,940504,2435258,1052443,598965
517900,519110,Fountainfall,7334.0,1869431,958851,998420,987842,732171,796147,698082,1290035,1134586,1183514,819514,1072819,940504,2435258,1052443,598965
520400,520840,Saber Dance,10788.0,1869431,958851,998420,987842,732171,796147,698082,1290035,1134586,1183514,819514,1072819,940504,2446046,1052443,598965
520400,521020,Reverse Cascade,3648.0,1869431,958851,998420,987842,732171,796147,698082,1290035,1134586,1183514,819514,1072819,944152,2446046,1052443,598965
520400,521200,Cascade,9606.0,1869431,968457,998420,987842,732171,796147,698082,1290035,1134586,1183514,819514,1072819,944152,2446046,1052443,598965
520400,521380,Fountain,8300.0,1869431,968457,998420,987842,732171,796147,698082,1290035,1142886,1183514,819514,1072819,944152,2446046,1052443,598965
520400,521610,Fountainfall,7983.0,1869431,968457,998420,987842,732171,796147,698082,1290035,1142886,1191497,819514,1072819,944152,2446046,1052443,598965
521050,521670,Fan Dance,14.0,1869431,968457,998420,987842,732185,796147,698082,1290035,1142886,1191497,819514,1072819,944152,2446046,1052443,598965
520970,521728,Auto,10105.0,1879536,968457,998420,987842,732185,796147,698082,1290035,1142886,1191497,819514,1072819,944152,2446046,1052443,598965
521700,522320,Fan Dance III,8.0,1879536,968457,998420,987842,732185,796155,698082,1290035,1142886,1191497,819514,1072819,944152,2446046,1052443,598965
522900,523340,Saber Dance,8243.0,1879536,968457,998420,987842,732185,796155,698082,1290035,1142886,1191497,819514,1072819,944152,2454289,1052443,598965
522900,523520,Reverse Cascade,6392.0,1879536,968457,998420,987842,732185,796155,698082,1290035,1142886,1191497,819514,1072819,950544,2454289,1052443,598965
522900,523700,Cascade,9343.0,1879536,977800,998420,987842,732185,796155,698082,1290035,1142886,1191497,819514,1072819,950544,2454289,1052443,598965
522900,523880,Fountain,9696.0,1879536,977800,998420,987842,732185,796155,698082,1290035,1152582,1191497,819514,1072819,950544,2454289,1052443,598965
522900,524110,Fountainfall,4964.0,1879536,977800,998420,987842,732185,796155,698082,1290035,1152582,1196461,819514,1072819,950544,2454289,1052443,598965
523550,524170,Fan Dance,42.0,1879536,977800,998420,987842,732227,796155,698082,1290035,1152582,1196461,819514,1072819,950544,2454289,1052443,598965
524200,524820,Fan Dance III,17.0,1879536,977800,998420,987842,732227,796172,698082,1290035,1152582,1196461,819514,1072819,950544,2454289,1052443,598965
524090,524848,Auto,10105.0,1889641,977800,998420,987842,732227,796172,698082,1290035,1152582,1196461,819514,1072819,950544,2454289,1052443,598965
527210,527968,Auto,10105.0,1899746,977800,998420,987842,732227,796172,698082,1290035,1152582,1196461,819514,1072819,950544,2454289,1052443,598965
528900,529430,Double Standard Finish,110344.0,1899746,977800,998420,1098186,732227,796172,698082,1290035,1152582,1196461,819514,1072819,950544,2454289,1052443,598965
530400,530840,Saber Dance,10178.0,1899746,977800,998420,1098186,732227,796172,698082,1290035,1152582,1196461,819514,1072819,950544,2464467,1052443,598965
530400,531020,Reverse Cascade,5771.0,1899746,977800,998420,1098186,732227,796172,698082,1290035,1152582,1196461,819514,1072819,956315,2464467,1052443,598965
530330,531088,Auto,10105.0,1909851,977800,998420,1098186,732227,796172,698082,1290035,1152582,1196461,819514,1072819,956315,2464467,1052443,598965
530400,531200,Cascade,7038.0,1909851,984838,998420,1098186,732227,796172,698082,1290035,1152582,1196461,819514,1072819,956315,2464467,1052443,598965
530400,531380,Fountain,11473.0,1909851,984838,998420,1098186,732227,796172,698082,1290035,1164055,1196461,819514,1072819,956315,2464467,1052443,598965
530400,531610,Fountainfall,5904.0,1909851,984838,998420,1098186,732227,796172,698082,1290035,1164055,1202365,819514,1072819,956315,2464467,1052443,598965
531050,531670,Fan Dance,144.0,1909851,984838,998420,1098186,732371,796172,698082,1290035,1164055,1202365,819514,1072819,956315,2464467,1052443,598965
531700,532320,Fan Dance III,88.0,1909851,984838,998420,1098186,732371,796260,698082,1290035,1164055,1202365,819514,1072819,956315,2464467,1052443,598965
532900,533340,Saber Dance,10900.0,1909851,984838,998420,1098186,732371,796260,698082,1290035,1164055,1202365,819514,1072819,956315,2475367,1052443,598965
532900,533520,Reverse Cascade,4662.0,1909851,984838,998420,1098186,732371,796260,698082,1290035,1164055,1202365,819514,1072819,960977,2475367,1052443,598965
532900,533700,Cascade,7849.0,1909851,992687,998420,1098186,732371,796260,698082,1290035,1164055,1202365,819514,1072819,960977,2475367,1052443,598965
532900,533880,Fountain,10383.0,1909851,992687,998420,1098186,732371,796260,698082,1290035,1174438,1202365,819514,1072819,960977,2475367,1052443,598965
532900,534110,Fountainfall,6866.0,1909851,992687,998420,1098186,732371,796260,698082,1290035,1174438,1209231,819514,1072819,960977,2475367,1052443,598965
533550,534170,Fan Dance,249.0,1909851,992687,998420,1098186,732620,796260,698082,1290035,1174438,1209231,819514,1072819,960977,2475367,1052443,598965
533450,534208,Auto,10105.0,1919956,992687,998420,1098186,732620,796260,698082,1290035,1174438,1209231,819514,1072819,960977,2475367,1052443,598965
534200,534820,Fan Dance III,151.0,1919956,992687,998420,1098186,732620,796411,698082,1290035,1174438,1209231,819514,1072819,960977,2475367,1052443,598965
535400,535840,Saber Dance,11538.0,1919956,992687,998420,1098186,732620,796411,698082,1290035,1174438,1209231,819514,1072819,960977,2486905,1052443,598965
535400,536020,Reverse Cascade,4888.0,1919956,992687,998420,1098186,732620,796411,698082,1290035,1174438,1209231,819514,1072819,965865,2486905,1052443,598965
535400,536200,Cascade,8138.0,1919956,1000825,998420,1098186,732620,796411,698082,1290035,1174438,1209231,819514,1072819,965865,2486905,1052443,598965
535400,536380,Fountain,9761.0,1919956,1000825,998420,1098186,732620,796411,698082,1290035,1184199,1209231,819514,1072819,965865,2486905,1052443,598965
535400,536610,Fountainfall,6500.0,1919956,1000825,998420,1098186,732620,796411,698082,1290035,1184199,1215731,819514,1072819,965865,2486905,1052443,598965
536050,536670,Fan Dance,394.0,1919956,1000825,998420,1098186,733014,796411,698082,1290035,1184199,1215731,819514,1072819,965865,2486905,1052443,598965
536700,537320,Fan Dance III,237.0,1919956,1000825,998420,1098186,733014,796648,698082,1290035,1184199,1215731,819514,1072819,965865,2486905,1052443,598965
536570,537328,Auto,10105.0,1930061,1000825,998420,1098186,733014,796648,698082,1290035,1184199,1215731,819514,1072819,965865,2486905,1052443,598965
537900,538340,Saber Dance,10325.0,1930061,1000825,998420,1098186,733014,796648,698082,1290035,1184199,1215731,819514,1072819,965865,2497230,1052443,598965
537900,538520,Reverse Cascade,5015.0,1930061,1000825,998420,1098186,733014,796648,698082,1290035,1184199,1215731,819514,1072819,970880,2497230,1052443,598965
537900,538700,Cascade,8395.0,1930061,1009220,998420,1098186,733014,796648,698082,1290035,1184199,1215731,819514,1072819,970880,2497230,1052443,598965
537900,538880,Fountain,10234.0,1930061,1009220,998420,1098186,733014,796648,698082,1290035,1194433,1215731,819514,1072819,970880,2497230,1052443,598965
537900,539110,Fountainfall,6138.0,1930061,1009220,998420,1098186,733014,796648,698082,1290035,1194433,1221869,819514,1072819,970880,2497230,1052443,598965
538550,539170,Fan Dance,525.0,1930061,1009220,998420,1098186,733539,796648,698082,1290035,1194433,1221869,819514,1072819,970880,2497230,1052443,598965
539200,539820,Fan Dance III,322.0,1930061,1009220,998420,1098186,733539,796970,698082,1290035,1194433,1221869,819514,1072819,970880,2497230,1052443,598965
539690,540448,Auto,10105.0,1940166,1009220,998420,1098186,733539,796970,698082,1290035,1194433,1221869,819514,1072819,970880,2497230,1052443,598965
540400,540840,Saber Dance,11769.0,1940166,1009220,998420,1098186,733539,796970,698082,1290035,1194433,1221869,819514,1072819,970880,2508999,1052443,598965
540400,541020,Reverse Cascade,5178.0,1940166,1009220,998420,1098186,733539,796970,698082,1290035,1194433,1221869,819514,1072819,976058,2508999,1052443,598965
540400,541200,Cascade,7835.0,1940166,1017055,998420,1098186,733539,796970,698082,1290035,1194433,1221869,819514,1072819,976058,2508999,1052443,598965
540400,541380,Fountain,10157.0,1940166,1017055,998420,1098186,733539,796970,698082,1290035,1204590,1221869,819514,1072819,976058,2508999,1052443,598965
540400,541610,Fountainfall,5988.0,1940166,1017055,998420,1098186,733539,796970,698082,1290035,1204590,1227857,819514,1072819,976058,2508999,1052443,598965
541050,541670,Fan Dance,668.0,1940166,1017055,998420,1098186,734207,796970,698082,1290035,1204590,1227857,819514,1072819,976058,2508999,1052443,598965
541700,542320,Fan Dance III,448.0,1940166,1017055,998420,1098186,734207,797418,698082,1290035,1204590,1227857,819514,1072819,976058,2508999,1052443,598965
542900,543340,Saber Dance,9021.0,1940166,1017055,998420,1098186,734207,797418,698082,1290035,1204590,1227857,819514,1072819,976058,2518020,1052443,598965
542900,543520,Reverse Cascade,5298.0,1940166,1017055,998420,1098186,734207,797418,698082,1290035,1204590,1227857,819514,1072819,981356,2518020,1052443,598965
542810,543568,Auto,10105.0,1950271,1017055,998420,1098186,734207,797418,698082,1290035,1204590,1227857,819514,1072819,981356,2518020,1052443,598965
542900,543700,Cascade,8289.0,1950271,1025344,998420,1098186,734207,797418,698082,1290035,1204590,1227857,819514,1072819,981356,2518020,1052443,598965
542900,543880,Fountain,10764.0,1950271,1025344,998420,1098186,734207,797418,698082,1290035,1215354,1227857,819514,1072819,981356,2518020,1052443,598965
542900,544110,Fountainfall,6134.0,1950271,1025344,998420,1098186,734207,797418,698082,1290035,1215354,1233991,819514,1072819,981356,2518020,1052443,598965
543550,544170,Fan Dance,759.0,1950271,1025344,998420,1098186,734966,797418,698082,1290035,1215354,1233991,819514,1072819,981356,2518020,1052443,598965
544200,544820,Fan Dance III,474.0,1950271,1025344,998420,1098186,734966,797892,698082,1290035,1215354,1233991,819514,1072819,981356,2518020,1052443,598965
545400,545840,Saber Dance,8145.0,1950271,1025344,998420,1098186,734966,797892,698082,1290035,1215354,1233991,819514,1072819,981356,2526165,1052443,598965
545400,546020,Reverse Cascade,5284.0,1950271,1025344,998420,1098186,734966,797892,698082,1290035,1215354,1233991,819514,1072819,986640,2526165,1052443,598965
545400,546200,Cascade,8421.0,1950271,1033765,998420,1098186,734966,797892,698082,1290035,1215354,1233991,819514,1072819,986640,2526165,1052443,598965
545400,546380,Fountain,10761.0,1950271,1033765,998420,1098186,734966,797892,698082,1290035,1226115,1233991,819514,1072819,986640,2526165,1052443,598965
545400,546610,Fountainfall,6505.0,1950271,1033765,998420,1098186,734966,797892,698082,1290035,1226115,1240496,819514,1072819,986640,2526165,1052443,598965
546050,546670,Fan Dance,1037.0,1950271,1033765,998420,1098186,736003,797892,698082,1290035,1226115,1240496,819514,1072819,986640,2526165,1052443,598965
545930,546688,Auto,10105.0,1960376,1033765,998420,1098186,736003,797892,698082,1290035,1226115,1240496,819514,1072819,986640,2526165,1052443,598965
546700,547320,Fan Dance III,608.0,1960376,1033765,998420,1098186,736003,798500,698082,1290035,1226115,1240496,819514,1072819,986640,2526165,1052443,598965
547900,548340,Saber Dance,8432.0,1960376,1033765,998420,1098186,736003,798500,698082,1290035,1226115,1240496,819514,1072819,986640,2534597,1052443,598965
547900,549110,Fountainfall,6593.0,1960376,1033765,998420,1098186,736003,798500,698082,1290035,1226115,1247089,819514,1072819,986640,2534597,1052443,598965
547900,549150,Last Dance,51193.0,1960376,1033765,998420,1098186,736003,798500,698082,1290035,1226115,1247089,870707,1072819,986640,2534597,1052443,598965
549150,549770,Fan Dance III,28555.0,1960376,1033765,998420,1098186,736003,827055,698082,1290035,1226115,1247089,870707,1072819,986640,2534597,1052443,598965
549050,549808,Auto,10105.0,1970481,1033765,998420,1098186,736003,827055,698082,1290035,1226115,1247089,870707,1072819,986640,2534597,1052443,598965
550400,550840,Saber Dance,5818.0,1970481,1033765,998420,1098186,736003,827055,698082,1290035,1226115,1247089,870707,1072819,986640,2540415,1052443,598965
551025,551345,Fan Dance IV,49721.0,1970481,1033765,998420,1098186,736003,827055,747803,1290035,1226115,1247089,870707,1072819,986640,2540415,1052443,598965
550400,551610,Fountainfall,30980.0,1970481,1033765,998420,1098186,736003,827055,747803,1290035,1226115,1278069,870707,1072819,986640,2540415,1052443,598965
551025,551645,Fan Dance,3908.0,1970481,1033765,998420,1098186,739911,827055,747803,1290035,1226115,1278069,870707,1072819,986640,2540415,1052443,598965
550400,551650,Last Dance,15071.0,1970481,1033765,998420,1098186,739911,827055,747803,1290035,1226115,1278069,885778,1072819,986640,2540415,1052443,598965
551675,551995,Fan Dance IV,4603.0,1970481,1033765,998420,1098186,739911,827055,752406,1290035,1226115,1278069,885778,1072819,986640,2540415,1052443,598965
551675,552295,Fan Dance III,2575.0,1970481,1033765,998420,1098186,739911,829630,752406,1290035,1226115,1278069,885778,1072819,986640,2540415,1052443,598965
552170,552928,Auto,10105.0,1980586,1033765,998420,1098186,739911,829630,752406,1290035,1226115,1278069,885778,1072819,986640,2540415,1052443,598965
552900,553340,Saber Dance,12975.0,1980586,1033765,998420,1098186,739911,829630,752406,1290035,1226115,1278069,885778,1072819,986640,2553390,1052443,598965
552900,553520,Reverse Cascade,18992.0,1980586,1033765,998420,1098186,739911,829630,752406,1290035,1226115,1278069,885778,1072819,1005632,2553390,1052443,598965
553550,553870,Fan Dance IV,3343.0,1980586,1033765,998420,1098186,739911,829630,755749,1290035,1226115,1278069,885778,1072819,1005632,2553390,1052443,598965
552900,554110,Fountainfall,10485.0,1980586,1033765,998420,1098186,739911,829630,755749,1290035,1226115,1288554,885778,1072819,1005632,2553390,1052443,598965
552900,554150,Last Dance,3834.0,1980586,1033765,998420,1098186,739911,829630,755749,1290035,1226115,1288554,889612,1072819,1005632,2553390,1052443,598965
553550,554170,Fan Dance,4737.0,1980586,1033765,998420,1098186,744648,829630,755749,1290035,1226115,1288554,889612,1072819,1005632,2553390,1052443,598965
554200,554520,Fan Dance IV,979.0,1980586,1033765,998420,1098186,744648,829630,756728,1290035,1226115,1288554,889612,1072819,1005632,2553390,1052443,598965
554200,554820,Fan Dance III,2889.0,1980586,1033765,998420,1098186,744648,832519,756728,1290035,1226115,1288554,889612,1072819,1005632,2553390,1052443,598965
554850,555170,Fan Dance IV,1062.0,1980586,1033765,998420,1098186,744648,832519,757790,1290035,1226115,1288554,889612,1072819,1005632,2553390,1052443,598965
555290,556048,Auto,10105.0,1990691,1033765,998420,1098186,744648,832519,757790,1290035,1226115,1288554,889612,1072819,1005632,2553390,1052443,598965
555400,557450,Finishing Move,110344.0,1990691,1033765,998420,1098186,744648,832519,757790,1400379,1226115,1288554,889612,1072819,1005632,2553390,1052443,598965
557900,558340,Saber Dance,17048.0,1990691,1033765,998420,1098186,744648,832519,757790,1400379,1226115,1288554,889612,1072819,1005632,2570438,1052443,598965
557900,558520,Reverse Cascade,15899.0,1990691,1033765,998420,1098186,744648,832519,757790,1400379,1226115,1288554,889612,1072819,1021531,2570438,1052443,598965
557900,558700,Cascade,3777.0,1990691,1037542,998420,1098186,744648,832519,757790,1400379,1226115,1288554,889612,1072819,1021531,2570438,1052443,598965
557900,558880,Fountain,4600.0,1990691,1037542,998420,1098186,744648,832519,757790,1400379,1230715,1288554,889612,1072819,1021531,2570438,1052443,598965
557900,559110,Fountainfall,2665.0,1990691,1037542,998420,1098186,744648,832519,757790,1400379,1230715,1291219,889612,1072819,1021531,2570438,1052443,598965
558410,559168,Auto,10105.0,2000796,1037542,998420,1098186,744648,832519,757790,1400379,1230715,1291219,889612,1072819,1021531,2570438,1052443,598965
558550,559170,Fan Dance,3452.0,2000796,1037542,998420,1098186,748100,832519,757790,1400379,1230715,1291219,889612,1072819,1021531,2570438,1052443,598965
559200,559820,Fan Dance III,2155.0,2000796,1037542,998420,1098186,748100,834674,757790,1400379,1230715,1291219,889612,1072819,1021531,2570438,1052443,598965
560400,560840,Saber Dance,6750.0,2000796,1037542,998420,1098186,748100,834674,757790,1400379,1230715,1291219,889612,1072819,1021531,2577188,1052443,598965
560400,561020,Reverse Cascade,9216.0,2000796,1037542,998420,1098186,748100,834674,757790,1400379,1230715,1291219,889612,1072819,1030747,2577188,1052443,598965
560400,561200,Cascade,8406.0,2000796,1045948,998420,1098186,748100,834674,757790,1400379,1230715,1291219,889612,1072819,1030747,2577188,1052443,598965
560400,561380,Fountain,10612.0,2000796,1045948,998420,1098186,748100,834674,757790,1400379,1241327,1291219,889612,1072819,1030747,2577188,1052443,598965
560400,561610,Fountainfall,2811.0,2000796,1045948,998420,1098186,748100,834674,757790,1400379,1241327,1294030,889612,1072819,1030747,2577188,1052443,598965
561050,561670,Fan Dance,2469.0,2000796,1045948,998420,1098186,750569,834674,757790,1400379,1241327,1294030,889612,1072819,1030747,2577188,1052443,598965
561530,562288,Auto,10105.0,2010901,1045948,998420,1098186,750569,834674,757790,1400379,1241327,1294030,889612,1072819,1030747,2577188,1052443,598965
561700,562320,Fan Dance III,1410.0,2010901,1045948,998420,1098186,750569,836084,757790,1400379,1241327,1294030,889612,1072819,1030747,2577188,1052443,598965
562900,563340,Saber Dance,9926.0,2010901,1045948,998420,1098186,750569,836084,757790,1400379,1241327,1294030,889612,1072819,1030747,2587114,1052443,598965
562900,563520,Reverse Cascade,5109.0,2010901,1045948,998420,1098186,750569,836084,757790,1400379,1241327,1294030,889612,1072819,1035856,2587114,1052443,598965
562900,563700,Cascade,8075.0,2010901,1054023,998420,1098186,750569,836084,757790,1400379,1241327,1294030,889612,1072819,1035856,2587114,1052443,598965
562900,563880,Fountain,10502.0,2010901,1054023,998420,1098186,750569,836084,757790,1400379,1251829,1294030,889612,1072819,1035856,2587114,1052443,598965
562900,564110,Fountainfall,6443.0,2010901,1054023,998420,1098186,750569,836084,757790,1400379,1251829,1300473,889612,1072819,1035856,2587114,1052443,598965
563550,564170,Fan Dance,2347.0,2010901,1054023,998420,1098186,752916,836084,757790,1400379,1251829,1300473,889612,1072819,1035856,2587114,1052443,598965
564200,564820,Fan Dance III,1459.0,2010901,1054023,998420,1098186,752916,837543,757790,1400379,1251829,1300473,889612,1072819,1035856,2587114,1052443,598965
564650,565408,Auto,10105.0,2021006,1054023,998420,1098186,752916,837543,757790,1400379,1251829,1300473,889612,1072819,1035856,2587114,1052443,598965
565400,565840,Saber Dance,10458.0,2021006,1054023,998420,1098186,752916,837543,757790,1400379,1251829,1300473,889612,1072819,1035856,2597572,1052443,598965
565400,566020,Reverse Cascade,5069.0,2021006,1054023,998420,1098186,752916,837543,757790,1400379,1251829,1300473,889612,1072819,1040925,2597572,1052443,598965
565400,566200,Cascade,8064.0,2021006,1062087,998420,1098186,752916,837543,757790,1400379,1251829,1300473,889612,1072819,1040925,2597572,1052443,598965
565400,566380,Fountain,10317.0,2021006,1062087,998420,1098186,752916,837543,757790,1400379,1262146,1300473,889612,1072819,1040925,2597572,1052443,598965
565400,566610,Fountainfall,6399.0,2021006,1062087,998420,1098186,752916,837543,757790,1400379,1262146,1306872,889612,1072819,1040925,2597572,1052443,598965
566050,566670,Fan Dance,2415.0,2021006,1062087,998420,1098186,755331,837543,757790,1400379,1262146,1306872,889612,1072819,1040925,2597572,1052443,598965
566700,567320,Fan Dance III,1470.0,2021006,1062087,998420,1098186,755331,839013,757790,1400379,1262146,1306872,889612,1072819,1040925,2597572,1052443,598965
567900,568340,Saber Dance,10535.0,2021006,1062087,998420,1098186,755331,839013,757790,1400379,1262146,1306872,889612,1072819,1040925,2608107,1052443,598965
567900,568520,Reverse Cascade,4953.0,2021006,1062087,998420,1098186,755331,839013,757790,1400379,1262146,1306872,889612,1072819,1045878,2608107,1052443,598965
567770,568528,Auto,10105.0,2031111,1062087,998420,1098186,755331,839013,757790,1400379,1262146,1306872,889612,1072819,1045878,2608107,1052443,598965
567900,568700,Cascade,8032.0,2031111,1070119,998420,1098186,755331,839013,757790,1400379,1262146,1306872,889612,1072819,1045878,2608107,1052443,598965
567900,568880,Fountain,10444.0,2031111,1070119,998420,1098186,755331,839013,757790,1400379,1272590,1306872,889612,1072819,1045878,2608107,1052443,598965
567900,569110,Fountainfall,6385.0,2031111,1070119,998420,1098186,755331,839013,757790,1400379,1272590,1313257,889612,1072819,1045878,2608107,1052443,598965
568550,569170,Fan Dance,2520.0,2031111,1070119,998420,1098186,757851,839013,757790,1400379,1272590,1313257,889612,1072819,1045878,2608107,1052443,598965
569200,569820,Fan Dance III,1522.0,2031111,1070119,998420,1098186,757851,840535,757790,1400379,1272590,1313257,889612,1072819,1045878,2608107,1052443,598965
570400,570840,Saber Dance,8909.0,2031111,1070119,998420,1098186,757851,840535,757790,1400379,1272590,1313257,889612,1072819,1045878,2617016,1052443,598965
570400,571020,Reverse Cascade,5226.0,2031111,1070119,998420,1098186,757851,840535,757790,1400379,1272590,1313257,889612,1072819,1051104,2617016,1052443,598965
570400,571200,Cascade,8618.0,2031111,1078737,998420,1098186,757851,840535,757790,1400379,1272590,1313257,889612,1072819,1051104,2617016,1052443,598965
570400,571380,Fountain,10437.0,2031111,1078737,998420,1098186,757851,840535,757790,1400379,1283027,1313257,889612,1072819,1051104,2617016,1052443,598965
570400,571610,Fountainfall,6182.0,2031111,1078737,998420,1098186,757851,840535,757790,1400379,1283027,1319439,889612,1072819,1051104,2617016,1052443,598965
570890,571648,Auto,10105.0,2041216,1078737,998420,1098186,757851,840535,757790,1400379,1283027,1319439,889612,1072819,1051104,2617016,1052443,598965
571050,571670,Fan Dance,2637.0,2041216,1078737,998420,1098186,760488,840535,757790,1400379,1283027,1319439,889612,1072819,1051104,2617016,1052443,598965
571700,572320,Fan Dance III,1679.0,2041216,1078737,998420,1098186,760488,842214,757790,1400379,1283027,1319439,889612,1072819,1051104,2617016,1052443,598965
572900,573340,Saber Dance,10346.0,2041216,1078737,998420,1098186,760488,842214,757790,1400379,1283027,1319439,889612,1072819,1051104,2627362,1052443,598965
572900,573520,Reverse Cascade,5164.0,2041216,1078737,998420,1098186,760488,842214,757790,1400379,1283027,1319439,889612,1072819,1056268,2627362,1052443,598965
572900,573700,Cascade,8026.0,2041216,1086763,998420,1098186,760488,842214,757790,1400379,1283027,1319439,889612,1072819,1056268,2627362,1052443,598965
572900,573880,Fountain,10379.0,2041216,1086763,998420,1098186,760488,842214,757790,1400379,1293406,1319439,889612,1072819,1056268,2627362,1052443,598965
572900,574110,Fountainfall,6337.0,2041216,1086763,998420,1098186,760488,842214,757790,1400379,1293406,1325776,889612,1072819,1056268,2627362,1052443,598965
573550,574170,Fan Dance,2812.0,2041216,1086763,998420,1098186,763300,842214,757790,1400379,1293406,1325776,889612,1072819,1056268,2627362,1052443,598965
574010,574768,Auto,10105.0,2051321,1086763,998420,1098186,763300,842214,757790,1400379,1293406,1325776,889612,1072819,1056268,2627362,1052443,598965
574200,574820,Fan Dance III,1784.0,2051321,1086763,998420,1098186,763300,843998,757790,1400379,1293406,1325776,889612,1072819,1056268,2627362,1052443,598965
575400,575840,Saber Dance,10788.0,2051321,1086763,998420,1098186,763300,843998,757790,1400379,1293406,1325776,889612,1072819,1056268,2638150,1052443,598965
575400,576020,Reverse Cascade,5022.0,2051321,1086763,998420,1098186,763300,843998,757790,1400379,1293406,1325776,889612,1072819,1061290,2638150,1052443,598965
575400,576200,Cascade,8052.0,2051321,1094815,998420,1098186,763300,843998,757790,1400379,1293406,1325776,889612,1072819,1061290,2638150,1052443,598965
575400,576380,Fountain,10372.0,2051321,1094815,998420,1098186,763300,843998,757790,1400379,1303778,1325776,889612,1072819,1061290,2638150,1052443,598965
575400,576610,Fountainfall,6200.0,2051321,1094815,998420,1098186,763300,843998,757790,1400379,1303778,1331976,889612,1072819,1061290,2638150,1052443,598965
576050,576670,Fan Dance,2777.0,2051321,1094815,998420,1098186,766077,843998,757790,1400379,1303778,1331976,889612,1072819,1061290,2638150,1052443,598965
576700,577320,Fan Dance III,1670.0,2051321,1094815,998420,1098186,766077,845668,757790,1400379,1303778,1331976,889612,1072819,1061290,2638150,1052443,598965
577130,577888,Auto,10105.0,2061426,1094815,998420,1098186,766077,845668,757790,1400379,1303778,1331976,889612,1072819,1061290,2638150,1052443,598965
577900,578340,Saber Dance,10409.0,2061426,1094815,998420,1098186,766077,845668,757790,1400379,1303778,1331976,889612,1072819,1061290,2648559,1052443,598965
577900,578520,Reverse Cascade,5251.0,2061426,1094815,998420,1098186,766077,845668,757790,1400379,1303778,1331976,889612,1072819,1066541,2648559,1052443,598965
577900,578700,Cascade,8152.0,2061426,1102967,998420,1098186,766077,845668,757790,1400379,1303778,1331976,889612,1072819,1066541,2648559,1052443,598965
577900,578880,Fountain,10059.0,2061426,1102967,998420,1098186,766077,845668,757790,1400379,1313837,1331976,889612,1072819,1066541,2648559,1052443,598965
577900,579110,Fountainfall,6385.0,2061426,1102967,998420,1098186,766077,845668,757790,1400379,1313837,1338361,889612,1072819,1066541,2648559,1052443,598965
578550,579170,Fan Dance,2896.0,2061426,1102967,998420,1098186,768973,845668,757790,1400379,1313837,1338361,889612,1072819,1066541,2648559,1052443,598965
579200,579820,Fan Dance III,1707.0,2061426,1102967,998420,1098186,768973,847375,757790,1400379,1313837,1338361,889612,1072819,1066541,2648559,1052443,598965
580400,580840,Saber Dance,10570.0,2061426,1102967,998420,1098186,768973,847375,757790,1400379,1313837,1338361,889612,1072819,1066541,2659129,1052443,598965
580250,581008,Auto,10105.0,2071531,1102967,998420,1098186,768973,847375,757790,1400379,1313837,1338361,889612,1072819,1066541,2659129,1052443,598965
580400,581020,Reverse Cascade,5186.0,2071531,1102967,998420,1098186,768973,847375,757790,1400379,1313837,1338361,889612,1072819,1071727,2659129,1052443,598965
580400,581200,Cascade,8121.0,2071531,1111088,998420,1098186,768973,847375,757790,1400379,1313837,1338361,889612,1072819,1071727,2659129,1052443,598965
580400,581380,Fountain,10430.0,2071531,1111088,998420,1098186,768973,847375,757790,1400379,1324267,1338361,889612,1072819,1071727,2659129,1052443,598965
580400,581610,Fountainfall,5962.0,2071531,1111088,998420,1098186,768973,847375,757790,1400379,1324267,1344323,889612,1072819,1071727,2659129,1052443,598965
581050,581670,Fan Dance,2793.0,2071531,1111088,998420,1098186,771766,847375,757790,1400379,1324267,1344323,889612,1072819,1071727,2659129,1052443,598965
582900,583340,Saber Dance,8804.0,2071531,1111088,998420,1098186,771766,847375,757790,1400379,1324267,1344323,889612,1072819,1071727,2667933,1052443,598965
582900,583520,Reverse Cascade,5367.0,2071531,1111088,998420,1098186,771766,847375,757790,1400379,1324267,1344323,889612,1072819,1077094,2667933,1052443,598965
582900,583700,Cascade,8295.0,2071531,1119383,998420,1098186,771766,847375,757790,1400379,1324267,1344323,889612,1072819,1077094,2667933,1052443,598965
582900,583880,Fountain,10731.0,2071531,1119383,998420,1098186,771766,847375,757790,1400379,1334998,1344323,889612,1072819,1077094,2667933,1052443,598965
582900,584110,Fountainfall,6218.0,2071531,1119383,998420,1098186,771766,847375,757790,1400379,1334998,1350541,889612,1072819,1077094,2667933,1052443,598965
583370,584128,Auto,10105.0,2081636,1119383,998420,1098186,771766,847375,757790,1400379,1334998,1350541,889612,1072819,1077094,2667933,1052443,598965
583550,584170,Fan Dance,3027.0,2081636,1119383,998420,1098186,774793,847375,757790,1400379,1334998,1350541,889612,1072819,1077094,2667933,1052443,598965
586490,587248,Auto,10105.0,2091741,1119383,998420,1098186,774793,847375,757790,1400379,1334998,1350541,889612,1072819,1077094,2667933,1052443,598965
588900,589430,Double Standard Finish,110344.0,2091741,1119383,998420,1208530,774793,847375,757790,1400379,1334998,1350541,889612,1072819,1077094,2667933,1052443,598965
589610,590368,Auto,10105.0,2101846,1119383,998420,1208530,774793,847375,757790,1400379,1334998,1350541,889612,1072819,1077094,2667933,1052443,598965
590400,590840,Saber Dance,9975.0,2101846,1119383,998420,1208530,774793,847375,757790,1400379,1334998,1350541,889612,1072819,1077094,2677908,1052443,598965
590400,591020,Reverse Cascade,5164.0,2101846,1119383,998420,1208530,774793,847375,757790,1400379,1334998,1350541,889612,1072819,1082258,2677908,1052443,598965
590400,591200,Cascade,8283.0,2101846,1127666,998420,1208530,774793,847375,757790,1400379,1334998,1350541,889612,1072819,1082258,2677908,1052443,598965
590400,591380,Fountain,10310.0,2101846,1127666,998420,1208530,774793,847375,757790,1400379,1345308,1350541,889612,1072819,1082258,2677908,1052443,598965
590400,591610,Fountainfall,6257.0,2101846,1127666,998420,1208530,774793,847375,757790,1400379,1345308,1356798,889612,1072819,1082258,2677908,1052443,598965
591025,591645,Fan Dance III,308.0,2101846,1127666,998420,1208530,774793,847683,757790,1400379,1345308,1356798,889612,1072819,1082258,2677908,1052443,598965
591025,591645,Fan Dance,2782.0,2101846,1127666,998420,1208530,777575,847683,757790,1400379,1345308,1356798,889612,1072819,1082258,2677908,1052443,598965
591675,592295,Fan Dance,252.0,2101846,1127666,998420,1208530,777827,847683,757790,1400379,1345308,1356798,889612,1072819,1082258,2677908,1052443,598965
592900,593340,Saber Dance,10662.0,2101846,1127666,998420,1208530,777827,847683,757790,1400379,1345308,1356798,889612,1072819,1082258,2688570,1052443,598965
592730,593488,Auto,10105.0,2111951,1127666,998420,1208530,777827,847683,757790,1400379,1345308,1356798,889612,1072819,1082258,2688570,1052443,598965
592900,593520,Reverse Cascade,5324.0,2111951,1127666,998420,1208530,777827,847683,757790,1400379,1345308,1356798,889612,1072819,1087582,2688570,1052443,598965
592900,593700,Cascade,8052.0,2111951,1135718,998420,1208530,777827,847683,757790,1400379,1345308,1356798,889612,1072819,1087582,2688570,1052443,598965
592900,593880,Fountain,10255.0,2111951,1135718,998420,1208530,777827,847683,757790,1400379,1355563,1356798,889612,1072819,1087582,2688570,1052443,598965
592900,594110,Fountainfall,6054.0,2111951,1135718,998420,1208530,777827,847683,757790,1400379,1355563,1362852,889612,1072819,1087582,2688570,1052443,598965
593550,594170,Fan Dance,2588.0,2111951,1135718,998420,1208530,780415,847683,757790,1400379,1355563,1362852,889612,1072819,1087582,2688570,1052443,598965
593550,594170,Fan Dance III,485.0,2111951,1135718,998420,1208530,780415,848168,757790,1400379,1355563,1362852,889612,1072819,1087582,2688570,1052443,598965
594200,594820,Fan Dance,397.0,2111951,1135718,998420,1208530,780812,848168,757790,1400379,1355563,1362852,889612,1072819,1087582,2688570,1052443,598965
595400,595840,Saber Dance,10949.0,2111951,1135718,998420,1208530,780812,848168,757790,1400379,1355563,1362852,889612,1072819,1087582,2699519,1052443,598965
595400,596020,Reverse Cascade,5138.0,2111951,1135718,998420,1208530,780812,848168,757790,1400379,1355563,1362852,889612,1072819,1092720,2699519,1052443,598965
595400,596200,Cascade,7964.0,2111951,1143682,998420,1208530,780812,848168,757790,1400379,1355563,1362852,889612,1072819,1092720,2699519,1052443,598965
595400,596380,Fountain,10263.0,2111951,1143682,998420,1208530,780812,848168,757790,1400379,1365826,1362852,889612,1072819,1092720,2699519,1052443,598965
595850,596608,Auto,10105.0,2122056,1143682,998420,1208530,780812,848168,757790,1400379,1365826,1362852,889612,1072819,1092720,2699519,1052443,598965
595400,596610,Fountainfall,6226.0,2122056,1143682,998420,1208530,780812,848168,757790,1400379,1365826,1369078,889612,1072819,1092720,2699519,1052443,598965
596050,596670,Fan Dance III,733.0,2122056,1143682,998420,1208530,780812,848901,757790,1400379,1365826,1369078,889612,1072819,1092720,2699519,1052443,598965
596050,596670,Fan Dance,2501.0,2122056,1143682,998420,1208530,783313,848901,757790,1400379,1365826,1369078,889612,1072819,1092720,2699519,1052443,598965
596700,597320,Fan Dance,600.0,2122056,1143682,998420,1208530,783913,848901,757790,1400379,1365826,1369078,889612,1072819,1092720,2699519,1052443,598965
597900,598340,Saber Dance,10577.0,2122056,1143682,998420,1208530,783913,848901,757790,1400379,1365826,1369078,889612,1072819,1092720,2710096,1052443,598965
597900,598520,Reverse Cascade,5106.0,2122056,1143682,998420,1208530,783913,848901,757790,1400379,1365826,1369078,889612,1072819,1097826,2710096,1052443,598965
597900,598700,Cascade,7998.0,2122056,1151680,998420,1208530,783913,848901,757790,1400379,1365826,1369078,889612,1072819,1097826,2710096,1052443,598965
597900,598880,Fountain,10353.0,2122056,1151680,998420,1208530,783913,848901,757790,1400379,1376179,1369078,889612,1072819,1097826,2710096,1052443,598965
597900,599110,Fountainfall,6337.0,2122056,1151680,998420,1208530,783913,848901,757790,1400379,1376179,1375415,889612,1072819,1097826,2710096,1052443,598965
598550,599170,Fan Dance III,893.0,2122056,1151680,998420,1208530,783913,849794,757790,1400379,1376179,1375415,889612,1072819,1097826,2710096,1052443,598965
598550,599170,Fan Dance,2364.0,2122056,1151680,998420,1208530,786277,849794,757790,1400379,1376179,1375415,889612,1072819,1097826,2710096,1052443,598965
598970,599728,Auto,10105.0,2132161,1151680,998420,1208530,786277,849794,757790,1400379,1376179,1375415,889612,1072819,1097826,2710096,1052443,598965
599200,599820,Fan Dance,731.0,2132161,1151680,998420,1208530,787008,849794,757790,1400379,1376179,1375415,889612,1072819,1097826,2710096,1052443,598965
602090,602848,Auto,10105.0,2142266,1151680,998420,1208530,787008,849794,757790,1400379,1376179,1375415,889612,1072819,1097826,2710096,1052443,598965
605210,605968,Auto,10105.0,2152371,1151680,998420,1208530,787008,849794,757790,1400379,1376179,1375415,889612,1072819,1097826,2710096,1052443,598965
606400,606935,Quadruple Technical Finish,207745.0,2152371,1151680,998420,1208530,787008,849794,757790,1400379,1376179,1375415,889612,1280564,1097826,2710096,1052443,598965
607900,608740,Tillana,57745.0,2152371,1151680,998420,1208530,787008,849794,757790,1400379,1376179,1375415,889612,1280564,1097826,2710096,1052443,656710
607900,608790,Starfall Dance,53314.0,2152371,1151680,998420,1208530,787008,849794,757790,1400379,1376179,1375415,889612,1280564,1097826,2710096,1105757,656710
608330,609088,Auto,15049.0,2167420,1151680,998420,1208530,787008,849794,757790,1400379,1376179,1375415,889612,1280564,1097826,2710096,1105757,656710
609150,609770,Fan Dance III,42528.0,2167420,1151680,998420,1208530,787008,892322,757790,1400379,1376179,1375415,889612,1280564,1097826,2710096,1105757,656710
607900,610260,Dance of the Dawn,46517.0,2167420,1151680,1044937,1208530,787008,892322,757790,1400379,1376179,1375415,889612,1280564,1097826,2710096,1105757,656710
611025,611345,Fan Dance IV,63007.0,2167420,1151680,1044937,1208530,787008,892322,820797,1400379,1376179,1375415,889612,1280564,1097826,2710096,1105757,656710
611025,611645,Fan Dance III,12397.0,2167420,1151680,1044937,1208530,787008,904719,820797,1400379,1376179,1375415,889612,1280564,1097826,2710096,1105757,656710
610400,611650,Last Dance,104400.0,2167420,1151680,1044937,1208530,787008,904719,820797,1400379,1376179,1375415,994012,1280564,1097826,2710096,1105757,656710
611650,611970,Fan Dance IV,25923.0,2167420,1151680,1044937,1208530,787008,904719,846720,1400379,1376179,1375415,994012,1280564,1097826,2710096,1105757,656710
611450,612208,Auto,15049.0,2182469,1151680,1044937,1208530,787008,904719,846720,1400379,1376179,1375415,994012,1280564,1097826,2710096,1105757,656710
611650,612270,Fan Dance,24607.0,2182469,1151680,1044937,1208530,811615,904719,846720,1400379,1376179,1375415,994012,1280564,1097826,2710096,1105757,656710
612900,613340,Saber Dance,93.0,2182469,1151680,1044937,1208530,811615,904719,846720,1400379,1376179,1375415,994012,1280564,1097826,2710189,1105757,656710
612900,613740,Tillana,16913.0,2182469,1151680,1044937,1208530,811615,904719,846720,1400379,1376179,1375415,994012,1280564,1097826,2710189,1105757,673623
612900,613790,Starfall Dance,19136.0,2182469,1151680,1044937,1208530,811615,904719,846720,1400379,1376179,1375415,994012,1280564,1097826,2710189,1124893,673623
612900,614110,Fountainfall,2261.0,2182469,1151680,1044937,1208530,811615,904719,846720,1400379,1376179,1377676,994012,1280564,1097826,2710189,1124893,673623
613525,614145,Fan Dance,22575.0,2182469,1151680,1044937,1208530,834190,904719,846720,1400379,1376179,1377676,994012,1280564,1097826,2710189,1124893,673623
613525,614145,Fan Dance III,14702.0,2182469,1151680,1044937,1208530,834190,919421,846720,1400379,1376179,1377676,994012,1280564,1097826,2710189,1124893,673623
614150,614770,Fan Dance III,13719.0,2182469,1151680,1044937,1208530,834190,933140,846720,1400379,1376179,1377676,994012,1280564,1097826,2710189,1124893,673623
614150,614770,Fan Dance,22875.0,2182469,1151680,1044937,1208530,857065,933140,846720,1400379,1376179,1377676,994012,1280564,1097826,2710189,1124893,673623
612900,615260,Dance of the Dawn,140170.0,2182469,1151680,1185107,1208530,857065,933140,846720,1400379,1376179,1377676,994012,1280564,1097826,2710189,1124893,673623
614570,615328,Auto,15049.0,2197518,1151680,1185107,1208530,857065,933140,846720,1400379,1376179,1377676,994012,1280564,1097826,2710189,1124893,673623
614800,615420,Fan Dance III,14247.0,2197518,1151680,1185107,1208530,857065,947387,846720,1400379,1376179,1377676,994012,1280564,1097826,2710189,1124893,673623
614800,615420,Fan Dance,18964.0,2197518,1151680,1185107,1208530,876029,947387,846720,1400379,1376179,1377676,994012,1280564,1097826,2710189,1124893,673623
616025,616645,Fan Dance III,11393.0,2197518,1151680,1185107,1208530,876029,958780,846720,1400379,1376179,1377676,994012,1280564,1097826,2710189,1124893,673623
616025,616645,Fan Dance,11070.0,2197518,1151680,1185107,1208530,887099,958780,846720,1400379,1376179,1377676,994012,1280564,1097826,2710189,1124893,673623
616650,617270,Fan Dance III,6698.0,2197518,1151680,1185107,1208530,887099,965478,846720,1400379,1376179,1377676,994012,1280564,1097826,2710189,1124893,673623
616650,617270,Fan Dance,2727.0,2197518,1151680,1185107,1208530,889826,965478,846720,1400379,1376179,1377676,994012,1280564,1097826,2710189,1124893,673623
615400,617450,Finishing Move,164339.0,2197518,1151680,1185107,1208530,889826,965478,846720,1564718,1376179,1377676,994012,1280564,1097826,2710189,1124893,673623
617900,618340,Saber Dance,41363.0,2197518,1151680,1185107,1208530,889826,965478,846720,1564718,1376179,1377676,994012,1280564,1097826,2751552,1124893,673623
617690,618448,Auto,15049.0,2212567,1151680,1185107,1208530,889826,965478,846720,1564718,1376179,1377676,994012,1280564,1097826,2751552,1124893,673623
617900,618520,Reverse Cascade,16.0,2212567,1151680,1185107,1208530,889826,965478,846720,1564718,1376179,1377676,994012,1280564,1097842,2751552,1124893,673623
617900,618740,Tillana,9013.0,2212567,1151680,1185107,1208530,889826,965478,846720,1564718,1376179,1377676,994012,1280564,1097842,2751552,1124893,682636
617900,618790,Starfall Dance,83721.0,2212567,1151680,1185107,1208530,889826,965478,846720,1564718,1376179,1377676,994012,1280564,1097842,2751552,1208614,682636
617900,619110,Fountainfall,5317.0,2212567,1151680,1185107,1208530,889826,965478,846720,1564718,1376179,1382993,994012,1280564,1097842,2751552,1208614,682636
618525,619145,Fan Dance III,1607.0,2212567,1151680,1185107,1208530,889826,967085,846720,1564718,1376179,1382993,994012,1280564,1097842,2751552,1208614,682636
618525,619145,Fan Dance,1527.0,2212567,1151680,1185107,1208530,891353,967085,846720,1564718,1376179,1382993,994012,1280564,1097842,2751552,1208614,682636
619150,619770,Fan Dance III,978.0,2212567,1151680,1185107,1208530,891353,968063,846720,1564718,1376179,1382993,994012,1280564,1097842,2751552,1208614,682636
619150,619770,Fan Dance,52.0,2212567,1151680,1185107,1208530,891405,968063,846720,1564718,1376179,1382993,994012,1280564,1097842,2751552,1208614,682636
617900,620260,Dance of the Dawn,6592.0,2212567,1151680,1191699,1208530,891405,968063,846720,1564718,1376179,1382993,994012,1280564,1097842,2751552,1208614,682636
620400,620840,Saber Dance,62984.0,2212567,1151680,1191699,1208530,891405,968063,846720,1564718,1376179,1382993,994012,1280564,1097842,2814536,1208614,682636
620400,621020,Reverse Cascade,849.0,2212567,1151680,1191699,1208530,891405,968063,846720,1564718,1376179,1382993,994012,1280564,1098691,2814536,1208614,682636
620400,621240,Tillana,9558.0,2212567,1151680,1191699,1208530,891405,968063,846720,1564718,1376179,1382993,994012,1280564,1098691,2814536,1208614,692194
620400,621290,Starfall Dance,43022.0,2212567,1151680,1191699,1208530,891405,968063,846720,1564718,1376179,1382993,994012,1280564,1098691,2814536,1251636,692194
620810,621568,Auto,15049.0,2227616,1151680,1191699,1208530,891405,968063,846720,1564718,1376179,1382993,994012,1280564,1098691,2814536,1251636,692194
620400,621610,Fountainfall,5731.0,2227616,1151680,1191699,1208530,891405,968063,846720,1564718,1376179,1388724,994012,1280564,1098691,2814536,1251636,692194
621050,621670,Fan Dance,1903.0,2227616,1151680,1191699,1208530,893308,968063,846720,1564718,1376179,1388724,994012,1280564,1098691,2814536,1251636,692194
621050,621670,Fan Dance III,29.0,2227616,1151680,1191699,1208530,893308,968092,846720,1564718,1376179,1388724,994012,1280564,1098691,2814536,1251636,692194
621700,622320,Fan Dance III,1178.0,2227616,1151680,1191699,1208530,893308,969270,846720,1564718,1376179,1388724,994012,1280564,1098691,2814536,1251636,692194
620400,622760,Dance of the Dawn,58.0,2227616,1151680,1191757,1208530,893308,969270,846720,1564718,1376179,1388724,994012,1280564,1098691,2814536,1251636,692194
622900,623340,Saber Dance,56323.0,2227616,1151680,1191757,1208530,893308,969270,846720,1564718,1376179,1388724,994012,1280564,1098691,2870859,1251636,692194
622900,623520,Reverse Cascade,1997.0,2227616,1151680,1191757,1208530,893308,969270,846720,1564718,1376179,1388724,994012,1280564,1100688,2870859,1251636,692194
622900,623700,Cascade,21.0,2227616,1151701,1191757,1208530,893308,969270,846720,1564718,1376179,1388724,994012,1280564,1100688,2870859,1251636,692194
622900,623740,Tillana,9303.0,2227616,1151701,1191757,1208530,893308,969270,846720,1564718,1376179,1388724,994012,1280564,1100688,2870859,1251636,701497
622900,623790,Starfall Dance,4565.0,2227616,1151701,1191757,1208530,893308,969270,846720,1564718,1376179,1388724,994012,1280564,1100688,2870859,1256201,701497
622900,623880,Fountain,48.0,2227616,1151701,1191757,1208530,893308,969270,846720,1564718,1376227,1388724,994012,1280564,1100688,2870859,1256201,701497
622900,624110,Fountainfall,21006.0,2227616,1151701,1191757,1208530,893308,969270,846720,1564718,1376227,1409730,994012,1280564,1100688,2870859,1256201,701497
623550,624170,Fan Dance,6224.0,2227616,1151701,1191757,1208530,899532,969270,846720,1564718,1376227,1409730,994012,1280564,1100688,2870859,1256201,701497
623930,624688,Auto,15049.0,2242665,1151701,1191757,1208530,899532,969270,846720,1564718,1376227,1409730,994012,1280564,1100688,2870859,1256201,701497
624200,624820,Fan Dance III,3717.0,2242665,1151701,1191757,1208530,899532,972987,846720,1564718,1376227,1409730,994012,1280564,1100688,2870859,1256201,701497
625400,625840,Saber Dance,39536.0,2242665,1151701,1191757,1208530,899532,972987,846720,1564718,1376227,1409730,994012,1280564,1100688,2910395,1256201,701497
625400,626020,Reverse Cascade,6684.0,2242665,1151701,1191757,1208530,899532,972987,846720,1564718,1376227,1409730,994012,1280564,1107372,2910395,1256201,701497
625400,626200,Cascade,17.0,2242665,1151718,1191757,1208530,899532,972987,846720,1564718,1376227,1409730,994012,1280564,1107372,2910395,1256201,701497
625400,626240,Tillana,13467.0,2242665,1151718,1191757,1208530,899532,972987,846720,1564718,1376227,1409730,994012,1280564,1107372,2910395,1256201,714964
625400,626290,Starfall Dance,40.0,2242665,1151718,1191757,1208530,899532,972987,846720,1564718,1376227,1409730,994012,1280564,1107372,2910395,1256241,714964
625400,626610,Fountainfall,25048.0,2242665,1151718,1191757,1208530,899532,972987,846720,1564718,1376227,1434778,994012,1280564,1107372,2910395,1256241,714964
626050,626670,Fan Dance,8407.0,2242665,1151718,1191757,1208530,907939,972987,846720,1564718,1376227,1434778,994012,1280564,1107372,2910395,1256241,714964
626700,627320,Fan Dance III,4769.0,2242665,1151718,1191757,1208530,907939,977756,846720,1564718,1376227,1434778,994012,1280564,1107372,2910395,1256241,714964
627050,627808,Auto,11140.0,2253805,1151718,1191757,1208530,907939,977756,846720,1564718,1376227,1434778,994012,1280564,1107372,2910395,1256241,714964
627900,628340,Saber Dance,26532.0,2253805,1151718,1191757,1208530,907939,977756,846720,1564718,1376227,1434778,994012,1280564,1107372,2936927,1256241,714964
627900,628520,Reverse Cascade,14722.0,2253805,1151718,1191757,1208530,907939,977756,846720,1564718,1376227,1434778,994012,1280564,1122094,2936927,1256241,714964
627900,628700,Cascade,1202.0,2253805,1152920,1191757,1208530,907939,977756,846720,1564718,1376227,1434778,994012,1280564,1122094,2936927,1256241,714964
627900,628880,Fountain,3.0,2253805,1152920,1191757,1208530,907939,977756,846720,1564718,1376230,1434778,994012,1280564,1122094,2936927,1256241,714964
627900,629110,Fountainfall,7687.0,2253805,1152920,1191757,1208530,907939,977756,846720,1564718,1376230,1442465,994012,1280564,1122094,2936927,1256241,714964
630400,630840,Saber Dance,15162.0,2253805,1152920,1191757,1208530,907939,977756,846720,1564718,1376230,1442465,994012,1280564,1122094,2952089,1256241,714964
630170,630928,Auto,10105.0,2263910,1152920,1191757,1208530,907939,977756,846720,1564718,1376230,1442465,994012,1280564,1122094,2952089,1256241,714964
630400,631020,Reverse Cascade,13145.0,2263910,1152920,1191757,1208530,907939,977756,846720,1564718,1376230,1442465,994012,1280564,1135239,2952089,1256241,714964
630400,631200,Cascade,10382.0,2263910,1163302,1191757,1208530,907939,977756,846720,1564718,1376230,1442465,994012,1280564,1135239,2952089,1256241,714964
630400,631380,Fountain,534.0,2263910,1163302,1191757,1208530,907939,977756,846720,1564718,1376764,1442465,994012,1280564,1135239,2952089,1256241,714964
630400,631610,Fountainfall,1928.0,2263910,1163302,1191757,1208530,907939,977756,846720,1564718,1376764,1444393,994012,1280564,1135239,2952089,1256241,714964
632900,633340,Saber Dance,7178.0,2263910,1163302,1191757,1208530,907939,977756,846720,1564718,1376764,1444393,994012,1280564,1135239,2959267,1256241,714964
632900,633520,Reverse Cascade,9670.0,2263910,1163302,1191757,1208530,907939,977756,846720,1564718,1376764,1444393,994012,1280564,1144909,2959267,1256241,714964
632900,633700,Cascade,12755.0,2263910,1176057,1191757,1208530,907939,977756,846720,1564718,1376764,1444393,994012,1280564,1144909,2959267,1256241,714964
632900,633880,Fountain,6349.0,2263910,1176057,1191757,1208530,907939,977756,846720,1564718,1383113,1444393,994012,1280564,1144909,2959267,1256241,714964
633290,634048,Auto,10105.0,2274015,1176057,1191757,1208530,907939,977756,846720,1564718,1383113,1444393,994012,1280564,1144909,2959267,1256241,714964
632900,634110,Fountainfall,445.0,2274015,1176057,1191757,1208530,907939,977756,846720,1564718,1383113,1444838,994012,1280564,1144909,2959267,1256241,714964
635400,635840,Saber Dance,6981.0,2274015,1176057,1191757,1208530,907939,977756,846720,1564718,1383113,1444838,994012,1280564,1144909,2966248,1256241,714964
635400,636020,Reverse Cascade,8794.0,2274015,1176057,1191757,1208530,907939,977756,846720,1564718,1383113,1444838,994012,1280564,1153703,2966248,1256241,714964
635400,636200,Cascade,6139.0,2274015,1182196,1191757,1208530,907939,977756,846720,1564718,1383113,1444838,994012,1280564,1153703,2966248,1256241,714964
635400,636380,Fountain,12792.0,2274015,1182196,1191757,1208530,907939,977756,846720,1564718,1395905,1444838,994012,1280564,1153703,2966248,1256241,714964
635400,636610,Fountainfall,4033.0,2274015,1182196,1191757,1208530,907939,977756,846720,1564718,1395905,1448871,994012,1280564,1153703,2966248,1256241,714964
636410,637168,Auto,10105.0,2284120,1182196,1191757,1208530,907939,977756,846720,1564718,1395905,1448871,994012,1280564,1153703,2966248,1256241,714964
637900,638340,Saber Dance,9961.0,2284120,1182196,1191757,1208530,907939,977756,846720,1564718,1395905,1448871,994012,1280564,1153703,2976209,1256241,714964
637900,638520,Reverse Cascade,3910.0,2284120,1182196,1191757,1208530,907939,977756,846720,1564718,1395905,1448871,994012,1280564,1157613,2976209,1256241,714964
637900,638700,Cascade,6199.0,2284120,1188395,1191757,1208530,907939,977756,846720,1564718,1395905,1448871,994012,1280564,1157613,2976209,1256241,714964
637900,638880,Fountain,13025.0,2284120,1188395,1191757,1208530,907939,977756,846720,1564718,1408930,1448871,994012,1280564,1157613,2976209,1256241,714964
637900,639110,Fountainfall,7714.0,2284120,1188395,1191757,1208530,907939,977756,846720,1564718,1408930,1456585,994012,1280564,1157613,2976209,1256241,714964
639530,640288,Auto,10105.0,2294225,1188395,1191757,1208530,907939,977756,846720,1564718,1408930,1456585,994012,1280564,1157613,2976209,1256241,714964
640400,640840,Saber Dance,10472.0,2294225,1188395,1191757,1208530,907939,977756,846720,1564718,1408930,1456585,994012,1280564,1157613,2986681,1256241,714964
640400,641020,Reverse Cascade,3750.0,2294225,1188395,1191757,1208530,907939,977756,846720,1564718,1408930,1456585,994012,1280564,1161363,2986681,1256241,714964
640400,641200,Cascade,9631.0,2294225,1198026,1191757,1208530,907939,977756,846720,1564718,1408930,1456585,994012,1280564,1161363,2986681,1256241,714964
640400,641380,Fountain,8460.0,2294225,1198026,1191757,1208530,907939,977756,846720,1564718,1417390,1456585,994012,1280564,1161363,2986681,1256241,714964
640400,641610,Fountainfall,7824.0,2294225,1198026,1191757,1208530,907939,977756,846720,1564718,1417390,1464409,994012,1280564,1161363,2986681,1256241,714964
641050,641670,Fan Dance,23.0,2294225,1198026,1191757,1208530,907962,977756,846720,1564718,1417390,1464409,994012,1280564,1161363,2986681,1256241,714964
641700,642320,Fan Dance III,19.0,2294225,1198026,1191757,1208530,907962,977775,846720,1564718,1417390,1464409,994012,1280564,1161363,2986681,1256241,714964
642900,643340,Saber Dance,10612.0,2294225,1198026,1191757,1208530,907962,977775,846720,1564718,1417390,1464409,994012,1280564,1161363,2997293,1256241,714964
642650,643408,Auto,10105.0,2304330,1198026,1191757,1208530,907962,977775,846720,1564718,1417390,1464409,994012,1280564,1161363,2997293,1256241,714964
642900,643520,Reverse Cascade,6327.0,2304330,1198026,1191757,1208530,907962,977775,846720,1564718,1417390,1464409,994012,1280564,1167690,2997293,1256241,714964
642900,643700,Cascade,8915.0,2304330,1206941,1191757,1208530,907962,977775,846720,1564718,1417390,1464409,994012,1280564,1167690,2997293,1256241,714964
642900,643880,Fountain,9118.0,2304330,1206941,1191757,1208530,907962,977775,846720,1564718,1426508,1464409,994012,1280564,1167690,2997293,1256241,714964
642900,644110,Fountainfall,4916.0,2304330,1206941,1191757,1208530,907962,977775,846720,1564718,1426508,1469325,994012,1280564,1167690,2997293,1256241,714964
643550,644170,Fan Dance,67.0,2304330,1206941,1191757,1208530,908029,977775,846720,1564718,1426508,1469325,994012,1280564,1167690,2997293,1256241,714964
644200,644820,Fan Dance III,34.0,2304330,1206941,1191757,1208530,908029,977809,846720,1564718,1426508,1469325,994012,1280564,1167690,2997293,1256241,714964
645770,646528,Auto,10105.0,2314435,1206941,1191757,1208530,908029,977809,846720,1564718,1426508,1469325,994012,1280564,1167690,2997293,1256241,714964
648900,649430,Double Standard Finish,110344.0,2314435,1206941,1191757,1318874,908029,977809,846720,1564718,1426508,1469325,994012,1280564,1167690,2997293,1256241,714964
648890,649648,Auto,10105.0,2324540,1206941,1191757,1318874,908029,977809,846720,1564718,1426508,1469325,994012,1280564,1167690,2997293,1256241,714964
650400,650840,Saber Dance,11958.0,2324540,1206941,1191757,1318874,908029,977809,846720,1564718,1426508,1469325,994012,1280564,1167690,3009251,1256241,714964
650400,651020,Reverse Cascade,5349.0,2324540,1206941,1191757,1318874,908029,977809,846720,1564718,1426508,1469325,994012,1280564,1173039,3009251,1256241,714964
650400,651200,Cascade,7038.0,2324540,1213979,1191757,1318874,908029,977809,846720,1564718,1426508,1469325,994012,1280564,1173039,3009251,1256241,714964
650400,651380,Fountain,11258.0,2324540,1213979,1191757,1318874,908029,977809,846720,1564718,1437766,1469325,994012,1280564,1173039,3009251,1256241,714964
650400,651610,Fountainfall,5556.0,2324540,1213979,1191757,1318874,908029,977809,846720,1564718,1437766,1474881,994012,1280564,1173039,3009251,1256241,714964
651050,651670,Fan Dance,144.0,2324540,1213979,1191757,1318874,908173,977809,846720,1564718,1437766,1474881,994012,1280564,1173039,3009251,1256241,714964
651700,652320,Fan Dance III,71.0,2324540,1213979,1191757,1318874,908173,977880,846720,1564718,1437766,1474881,994012,1280564,1173039,3009251,1256241,714964
652010,652768,Auto,10105.0,2334645,1213979,1191757,1318874,908173,977880,846720,1564718,1437766,1474881,994012,1280564,1173039,3009251,1256241,714964
652900,653340,Saber Dance,9126.0,2334645,1213979,1191757,1318874,908173,977880,846720,1564718,1437766,1474881,994012,1280564,1173039,3018377,1256241,714964
652900,653520,Reverse Cascade,4898.0,2334645,1213979,1191757,1318874,908173,977880,846720,1564718,1437766,1474881,994012,1280564,1177937,3018377,1256241,714964
652900,653700,Cascade,7827.0,2334645,1221806,1191757,1318874,908173,977880,846720,1564718,1437766,1474881,994012,1280564,1177937,3018377,1256241,714964
652900,653880,Fountain,11168.0,2334645,1221806,1191757,1318874,908173,977880,846720,1564718,1448934,1474881,994012,1280564,1177937,3018377,1256241,714964
652900,654110,Fountainfall,6778.0,2334645,1221806,1191757,1318874,908173,977880,846720,1564718,1448934,1481659,994012,1280564,1177937,3018377,1256241,714964
653550,654170,Fan Dance,268.0,2334645,1221806,1191757,1318874,908441,977880,846720,1564718,1448934,1481659,994012,1280564,1177937,3018377,1256241,714964
654200,654820,Fan Dance III,154.0,2334645,1221806,1191757,1318874,908441,978034,846720,1564718,1448934,1481659,994012,1280564,1177937,3018377,1256241,714964
655400,655840,Saber Dance,8622.0,2334645,1221806,1191757,1318874,908441,978034,846720,1564718,1448934,1481659,994012,1280564,1177937,3026999,1256241,714964
655130,655888,Auto,10105.0,2344750,1221806,1191757,1318874,908441,978034,846720,1564718,1448934,1481659,994012,1280564,1177937,3026999,1256241,714964
655400,656020,Reverse Cascade,4964.0,2344750,1221806,1191757,1318874,908441,978034,846720,1564718,1448934,1481659,994012,1280564,1182901,3026999,1256241,714964
655400,656200,Cascade,8886.0,2344750,1230692,1191757,1318874,908441,978034,846720,1564718,1448934,1481659,994012,1280564,1182901,3026999,1256241,714964
655400,656380,Fountain,9954.0,2344750,1230692,1191757,1318874,908441,978034,846720,1564718,1458888,1481659,994012,1280564,1182901,3026999,1256241,714964
655400,656610,Fountainfall,6853.0,2344750,1230692,1191757,1318874,908441,978034,846720,1564718,1458888,1488512,994012,1280564,1182901,3026999,1256241,714964
656050,656670,Fan Dance,383.0,2344750,1230692,1191757,1318874,908824,978034,846720,1564718,1458888,1488512,994012,1280564,1182901,3026999,1256241,714964
656700,657320,Fan Dance III,214.0,2344750,1230692,1191757,1318874,908824,978248,846720,1564718,1458888,1488512,994012,1280564,1182901,3026999,1256241,714964
657900,658340,Saber Dance,10591.0,2344750,1230692,1191757,1318874,908824,978248,846720,1564718,1458888,1488512,994012,1280564,1182901,3037590,1256241,714964
657900,658520,Reverse Cascade,5447.0,2344750,1230692,1191757,1318874,908824,978248,846720,1564718,1458888,1488512,994012,1280564,1188348,3037590,1256241,714964
657900,658700,Cascade,8332.0,2344750,1239024,1191757,1318874,908824,978248,846720,1564718,1458888,1488512,994012,1280564,1188348,3037590,1256241,714964
657900,658880,Fountain,9776.0,2344750,1239024,1191757,1318874,908824,978248,846720,1564718,1468664,1488512,994012,1280564,1188348,3037590,1256241,714964
658250,659008,Auto,10105.0,2354855,1239024,1191757,1318874,908824,978248,846720,1564718,1468664,1488512,994012,1280564,1188348,3037590,1256241,714964
657900,659110,Fountainfall,6099.0,2354855,1239024,1191757,1318874,908824,978248,846720,1564718,1468664,1494611,994012,1280564,1188348,3037590,1256241,714964
658550,659170,Fan Dance,565.0,2354855,1239024,1191757,1318874,909389,978248,846720,1564718,1468664,1494611,994012,1280564,1188348,3037590,1256241,714964
659200,659820,Fan Dance III,314.0,2354855,1239024,1191757,1318874,909389,978562,846720,1564718,1468664,1494611,994012,1280564,1188348,3037590,1256241,714964
660400,660840,Saber Dance,12281.0,2354855,1239024,1191757,1318874,909389,978562,846720,1564718,1468664,1494611,994012,1280564,1188348,3049871,1256241,714964
660400,661020,Reverse Cascade,5160.0,2354855,1239024,1191757,1318874,909389,978562,846720,1564718,1468664,1494611,994012,1280564,1193508,3049871,1256241,714964
660400,661200,Cascade,7270.0,2354855,1246294,1191757,1318874,909389,978562,846720,1564718,1468664,1494611,994012,1280564,1193508,3049871,1256241,714964
660400,661380,Fountain,10463.0,2354855,1246294,1191757,1318874,909389,978562,846720,1564718,1479127,1494611,994012,1280564,1193508,3049871,1256241,714964
660400,661610,Fountainfall,6191.0,2354855,1246294,1191757,1318874,909389,978562,846720,1564718,1479127,1500802,994012,1280564,1193508,3049871,1256241,714964
661050,661670,Fan Dance,630.0,2354855,1246294,1191757,1318874,910019,978562,846720,1564718,1479127,1500802,994012,1280564,1193508,3049871,1256241,714964
661370,662128,Auto,10105.0,2364960,1246294,1191757,1318874,910019,978562,846720,1564718,1479127,1500802,994012,1280564,1193508,3049871,1256241,714964
661700,662320,Fan Dance III,371.0,2364960,1246294,1191757,1318874,910019,978933,846720,1564718,1479127,1500802,994012,1280564,1193508,3049871,1256241,714964
662900,663340,Saber Dance,10795.0,2364960,1246294,1191757,1318874,910019,978933,846720,1564718,1479127,1500802,994012,1280564,1193508,3060666,1256241,714964
662900,663520,Reverse Cascade,4720.0,2364960,1246294,1191757,1318874,910019,978933,846720,1564718,1479127,1500802,994012,1280564,1198228,3060666,1256241,714964
662900,663700,Cascade,8001.0,2364960,1254295,1191757,1318874,910019,978933,846720,1564718,1479127,1500802,994012,1280564,1198228,3060666,1256241,714964
662900,663880,Fountain,10484.0,2364960,1254295,1191757,1318874,910019,978933,846720,1564718,1489611,1500802,994012,1280564,1198228,3060666,1256241,714964
662900,664110,Fountainfall,6505.0,2364960,1254295,1191757,1318874,910019,978933,846720,1564718,1489611,1507307,994012,1280564,1198228,3060666,1256241,714964
663550,664170,Fan Dance,798.0,2364960,1254295,1191757,1318874,910817,978933,846720,1564718,1489611,1507307,994012,1280564,1198228,3060666,1256241,714964
664200,664820,Fan Dance III,456.0,2364960,1254295,1191757,1318874,910817,979389,846720,1564718,1489611,1507307,994012,1280564,1198228,3060666,1256241,714964
664490,665248,Auto,10105.0,2375065,1254295,1191757,1318874,910817,979389,846720,1564718,1489611,1507307,994012,1280564,1198228,3060666,1256241,714964
665400,665840,Saber Dance,10388.0,2375065,1254295,1191757,1318874,910817,979389,846720,1564718,1489611,1507307,994012,1280564,1198228,3071054,1256241,714964
665400,666020,Reverse Cascade,5167.0,2375065,1254295,1191757,1318874,910817,979389,846720,1564718,1489611,1507307,994012,1280564,1203395,3071054,1256241,714964
665400,666200,Cascade,8461.0,2375065,1262756,1191757,1318874,910817,979389,846720,1564718,1489611,1507307,994012,1280564,1203395,3071054,1256241,714964
665400,666380,Fountain,9754.0,2375065,1262756,1191757,1318874,910817,979389,846720,1564718,1499365,1507307,994012,1280564,1203395,3071054,1256241,714964
665400,666610,Fountainfall,6394.0,2375065,1262756,1191757,1318874,910817,979389,846720,1564718,1499365,1513701,994012,1280564,1203395,3071054,1256241,714964
666050,666670,Fan Dance,1069.0,2375065,1262756,1191757,1318874,911886,979389,846720,1564718,1499365,1513701,994012,1280564,1203395,3071054,1256241,714964
666700,667320,Fan Dance III,682.0,2375065,1262756,1191757,1318874,911886,980071,846720,1564718,1499365,1513701,994012,1280564,1203395,3071054,1256241,714964
667900,668340,Saber Dance,8636.0,2375065,1262756,1191757,1318874,911886,980071,846720,1564718,1499365,1513701,994012,1280564,1203395,3079690,1256241,714964
667610,668368,Auto,10105.0,2385170,1262756,1191757,1318874,911886,980071,846720,1564718,1499365,1513701,994012,1280564,1203395,3079690,1256241,714964
667900,669110,Fountainfall,5768.0,2385170,1262756,1191757,1318874,911886,980071,846720,1564718,1499365,1519469,994012,1280564,1203395,3079690,1256241,714964
667900,669150,Last Dance,52300.0,2385170,1262756,1191757,1318874,911886,980071,846720,1564718,1499365,1519469,1046312,1280564,1203395,3079690,1256241,714964
669150,669770,Fan Dance III,28555.0,2385170,1262756,1191757,1318874,911886,1008626,846720,1564718,1499365,1519469,1046312,1280564,1203395,3079690,1256241,714964
670400,670840,Saber Dance,2993.0,2385170,1262756,1191757,1318874,911886,1008626,846720,1564718,1499365,1519469,1046312,1280564,1203395,3082683,1256241,714964
671025,671345,Fan Dance IV,49596.0,2385170,1262756,1191757,1318874,911886,1008626,896316,1564718,1499365,1519469,1046312,1280564,1203395,3082683,1256241,714964
670730,671488,Auto,10105.0,2395275,1262756,1191757,1318874,911886,1008626,896316,1564718,1499365,1519469,1046312,1280564,1203395,3082683,1256241,714964
670400,671610,Fountainfall,32926.0,2395275,1262756,1191757,1318874,911886,1008626,896316,1564718,1499365,1552395,1046312,1280564,1203395,3082683,1256241,714964
671025,671645,Fan Dance,3957.0,2395275,1262756,1191757,1318874,915843,1008626,896316,1564718,1499365,1552395,1046312,1280564,1203395,3082683,1256241,714964
670400,671650,Last Dance,14804.0,2395275,1262756,1191757,1318874,915843,1008626,896316,1564718,1499365,1552395,1061116,1280564,1203395,3082683,1256241,714964
671675,671995,Fan Dance IV,5009.0,2395275,1262756,1191757,1318874,915843,1008626,901325,1564718,1499365,1552395,1061116,1280564,1203395,3082683,1256241,714964
671675,672295,Fan Dance III,2441.0,2395275,1262756,1191757,1318874,915843,1011067,901325,1564718,1499365,1552395,1061116,1280564,1203395,3082683,1256241,714964
672900,673340,Saber Dance,13318.0,2395275,1262756,1191757,1318874,915843,1011067,901325,1564718,1499365,1552395,1061116,1280564,1203395,3096001,1256241,714964
672900,673520,Reverse Cascade,20431.0,2395275,1262756,1191757,1318874,915843,1011067,901325,1564718,1499365,1552395,1061116,1280564,1223826,3096001,1256241,714964
673550,673870,Fan Dance IV,3218.0,2395275,1262756,1191757,1318874,915843,1011067,904543,1564718,1499365,1552395,1061116,1280564,1223826,3096001,1256241,714964
672900,674110,Fountainfall,9051.0,2395275,1262756,1191757,1318874,915843,1011067,904543,1564718,1499365,1561446,1061116,1280564,1223826,3096001,1256241,714964
672900,674150,Last Dance,2993.0,2395275,1262756,1191757,1318874,915843,1011067,904543,1564718,1499365,1561446,1064109,1280564,1223826,3096001,1256241,714964
673550,674170,Fan Dance,4835.0,2395275,1262756,1191757,1318874,920678,1011067,904543,1564718,1499365,1561446,1064109,1280564,1223826,3096001,1256241,714964
674200,674520,Fan Dance IV,1033.0,2395275,1262756,1191757,1318874,920678,1011067,905576,1564718,1499365,1561446,1064109,1280564,1223826,3096001,1256241,714964
673850,674608,Auto,10105.0,2405380,1262756,1191757,1318874,920678,1011067,905576,1564718,1499365,1561446,1064109,1280564,1223826,3096001,1256241,714964
674200,674820,Fan Dance III,2918.0,2405380,1262756,1191757,1318874,920678,1013985,905576,1564718,1499365,1561446,1064109,1280564,1223826,3096001,1256241,714964
674850,675170,Fan Dance IV,853.0,2405380,1262756,1191757,1318874,920678,1013985,906429,1564718,1499365,1561446,1064109,1280564,1223826,3096001,1256241,714964
675400,677450,Finishing Move,110344.0,2405380,1262756,1191757,1318874,920678,1013985,906429,1675062,1499365,1561446,1064109,1280564,1223826,3096001,1256241,714964
676970,677728,Auto,10105.0,2415485,1262756,1191757,1318874,920678,1013985,906429,1675062,1499365,1561446,1064109,1280564,1223826,3096001,1256241,714964
677900,678340,Saber Dance,15057.0,2415485,1262756,1191757,1318874,920678,1013985,906429,1675062,1499365,1561446,1064109,1280564,1223826,3111058,1256241,714964
677900,678520,Reverse Cascade,15743.0,2415485,1262756,1191757,1318874,920678,1013985,906429,1675062,1499365,1561446,1064109,1280564,1239569,3111058,1256241,714964
677900,678700,Cascade,4428.0,2415485,1267184,1191757,1318874,920678,1013985,906429,1675062,1499365,1561446,1064109,1280564,1239569,3111058,1256241,714964
677900,678880,Fountain,5382.0,2415485,1267184,1191757,1318874,920678,1013985,906429,1675062,1504747,1561446,1064109,1280564,1239569,3111058,1256241,714964
677900,679110,Fountainfall,2153.0,2415485,1267184,1191757,1318874,920678,1013985,906429,1675062,1504747,1563599,1064109,1280564,1239569,3111058,1256241,714964
678550,679170,Fan Dance,3391.0,2415485,1267184,1191757,1318874,924069,1013985,906429,1675062,1504747,1563599,1064109,1280564,1239569,3111058,1256241,714964
679200,679820,Fan Dance III,1950.0,2415485,1267184,1191757,1318874,924069,1015935,906429,1675062,1504747,1563599,1064109,1280564,1239569,3111058,1256241,714964
680400,680840,Saber Dance,8818.0,2415485,1267184,1191757,1318874,924069,1015935,906429,1675062,1504747,1563599,1064109,1280564,1239569,3119876,1256241,714964
680090,680848,Auto,10105.0,2425590,1267184,1191757,1318874,924069,1015935,906429,1675062,1504747,1563599,1064109,1280564,1239569,3119876,1256241,714964
680400,681020,Reverse Cascade,8453.0,2425590,1267184,1191757,1318874,924069,1015935,906429,1675062,1504747,1563599,1064109,1280564,1248022,3119876,1256241,714964
680400,681200,Cascade,7872.0,2425590,1275056,1191757,1318874,924069,1015935,906429,1675062,1504747,1563599,1064109,1280564,1248022,3119876,1256241,714964
680400,681380,Fountain,10524.0,2425590,1275056,1191757,1318874,924069,1015935,906429,1675062,1515271,1563599,1064109,1280564,1248022,3119876,1256241,714964
680400,681610,Fountainfall,3367.0,2425590,1275056,1191757,1318874,924069,1015935,906429,1675062,1515271,1566966,1064109,1280564,1248022,3119876,1256241,714964
681050,681670,Fan Dance,2422.0,2425590,1275056,1191757,1318874,926491,1015935,906429,1675062,1515271,1566966,1064109,1280564,1248022,3119876,1256241,714964
681700,682320,Fan Dance III,1433.0,2425590,1275056,1191757,1318874,926491,1017368,906429,1675062,1515271,1566966,1064109,1280564,1248022,3119876,1256241,714964
682900,683340,Saber Dance,10388.0,2425590,1275056,1191757,1318874,926491,1017368,906429,1675062,1515271,1566966,1064109,1280564,1248022,3130264,1256241,714964
682900,683520,Reverse Cascade,5069.0,2425590,1275056,1191757,1318874,926491,1017368,906429,1675062,1515271,1566966,1064109,1280564,1253091,3130264,1256241,714964
682900,683700,Cascade,8018.0,2425590,1283074,1191757,1318874,926491,1017368,906429,1675062,1515271,1566966,1064109,1280564,1253091,3130264,1256241,714964
682900,683880,Fountain,10575.0,2425590,1283074,1191757,1318874,926491,1017368,906429,1675062,1525846,1566966,1064109,1280564,1253091,3130264,1256241,714964
683210,683968,Auto,10105.0,2435695,1283074,1191757,1318874,926491,1017368,906429,1675062,1525846,1566966,1064109,1280564,1253091,3130264,1256241,714964
682900,684110,Fountainfall,6200.0,2435695,1283074,1191757,1318874,926491,1017368,906429,1675062,1525846,1573166,1064109,1280564,1253091,3130264,1256241,714964
683550,684170,Fan Dance,2375.0,2435695,1283074,1191757,1318874,928866,1017368,906429,1675062,1525846,1573166,1064109,1280564,1253091,3130264,1256241,714964
684200,684820,Fan Dance III,1427.0,2435695,1283074,1191757,1318874,928866,1018795,906429,1675062,1525846,1573166,1064109,1280564,1253091,3130264,1256241,714964
685400,685840,Saber Dance,10577.0,2435695,1283074,1191757,1318874,928866,1018795,906429,1675062,1525846,1573166,1064109,1280564,1253091,3140841,1256241,714964
685400,686020,Reverse Cascade,5015.0,2435695,1283074,1191757,1318874,928866,1018795,906429,1675062,1525846,1573166,1064109,1280564,1258106,3140841,1256241,714964
685400,686200,Cascade,8263.0,2435695,1291337,1191757,1318874,928866,1018795,906429,1675062,1525846,1573166,1064109,1280564,1258106,3140841,1256241,714964
685400,686380,Fountain,10146.0,2435695,1291337,1191757,1318874,928866,1018795,906429,1675062,1535992,1573166,1064109,1280564,1258106,3140841,1256241,714964
685400,686610,Fountainfall,6288.0,2435695,1291337,1191757,1318874,928866,1018795,906429,1675062,1535992,1579454,1064109,1280564,1258106,3140841,1256241,714964
686050,686670,Fan Dance,2415.0,2435695,1291337,1191757,1318874,931281,1018795,906429,1675062,1535992,1579454,1064109,1280564,1258106,3140841,1256241,714964
686330,687088,Auto,10105.0,2445800,1291337,1191757,1318874,931281,1018795,906429,1675062,1535992,1579454,1064109,1280564,1258106,3140841,1256241,714964
686700,687320,Fan Dance III,1482.0,2445800,1291337,1191757,1318874,931281,1020277,906429,1675062,1535992,1579454,1064109,1280564,1258106,3140841,1256241,714964
687900,688340,Saber Dance,12113.0,2445800,1291337,1191757,1318874,931281,1020277,906429,1675062,1535992,1579454,1064109,1280564,1258106,3152954,1256241,714964
687900,688520,Reverse Cascade,5113.0,2445800,1291337,1191757,1318874,931281,1020277,906429,1675062,1535992,1579454,1064109,1280564,1263219,3152954,1256241,714964
687900,688700,Cascade,7824.0,2445800,1299161,1191757,1318874,931281,1020277,906429,1675062,1535992,1579454,1064109,1280564,1263219,3152954,1256241,714964
687900,688880,Fountain,9968.0,2445800,1299161,1191757,1318874,931281,1020277,906429,1675062,1545960,1579454,1064109,1280564,1263219,3152954,1256241,714964
687900,689110,Fountainfall,6099.0,2445800,1299161,1191757,1318874,931281,1020277,906429,1675062,1545960,1585553,1064109,1280564,1263219,3152954,1256241,714964
688550,689170,Fan Dance,2564.0,2445800,1299161,1191757,1318874,933845,1020277,906429,1675062,1545960,1585553,1064109,1280564,1263219,3152954,1256241,714964
689200,689820,Fan Dance III,1559.0,2445800,1299161,1191757,1318874,933845,1021836,906429,1675062,1545960,1585553,1064109,1280564,1263219,3152954,1256241,714964
689450,690208,Auto,10105.0,2455905,1299161,1191757,1318874,933845,1021836,906429,1675062,1545960,1585553,1064109,1280564,1263219,3152954,1256241,714964
690400,690840,Saber Dance,11180.0,2455905,1299161,1191757,1318874,933845,1021836,906429,1675062,1545960,1585553,1064109,1280564,1263219,3164134,1256241,714964
690400,691020,Reverse Cascade,5211.0,2455905,1299161,1191757,1318874,933845,1021836,906429,1675062,1545960,1585553,1064109,1280564,1268430,3164134,1256241,714964
690400,691200,Cascade,7892.0,2455905,1307053,1191757,1318874,933845,1021836,906429,1675062,1545960,1585553,1064109,1280564,1268430,3164134,1256241,714964
690400,691380,Fountain,10241.0,2455905,1307053,1191757,1318874,933845,1021836,906429,1675062,1556201,1585553,1064109,1280564,1268430,3164134,1256241,714964
690400,691610,Fountainfall,6129.0,2455905,1307053,1191757,1318874,933845,1021836,906429,1675062,1556201,1591682,1064109,1280564,1268430,3164134,1256241,714964
691050,691670,Fan Dance,2688.0,2455905,1307053,1191757,1318874,936533,1021836,906429,1675062,1556201,1591682,1064109,1280564,1268430,3164134,1256241,714964
691700,692320,Fan Dance III,1710.0,2455905,1307053,1191757,1318874,936533,1023546,906429,1675062,1556201,1591682,1064109,1280564,1268430,3164134,1256241,714964
692570,693328,Auto,10105.0,2466010,1307053,1191757,1318874,936533,1023546,906429,1675062,1556201,1591682,1064109,1280564,1268430,3164134,1256241,714964
692900,693340,Saber Dance,11110.0,2466010,1307053,1191757,1318874,936533,1023546,906429,1675062,1556201,1591682,1064109,1280564,1268430,3175244,1256241,714964
692900,693520,Reverse Cascade,5178.0,2466010,1307053,1191757,1318874,936533,1023546,906429,1675062,1556201,1591682,1064109,1280564,1273608,3175244,1256241,714964
692900,693700,Cascade,8078.0,2466010,1315131,1191757,1318874,936533,1023546,906429,1675062,1556201,1591682,1064109,1280564,1273608,3175244,1256241,714964
692900,693880,Fountain,10095.0,2466010,1315131,1191757,1318874,936533,1023546,906429,1675062,1566296,1591682,1064109,1280564,1273608,3175244,1256241,714964
692900,694110,Fountainfall,6103.0,2466010,1315131,1191757,1318874,936533,1023546,906429,1675062,1566296,1597785,1064109,1280564,1273608,3175244,1256241,714964
693550,694170,Fan Dance,2667.0,2466010,1315131,1191757,1318874,939200,1023546,906429,1675062,1566296,1597785,1064109,1280564,1273608,3175244,1256241,714964
694200,694820,Fan Dance III,1610.0,2466010,1315131,1191757,1318874,939200,1025156,906429,1675062,1566296,1597785,1064109,1280564,1273608,3175244,1256241,714964
695400,695840,Saber Dance,8517.0,2466010,1315131,1191757,1318874,939200,1025156,906429,1675062,1566296,1597785,1064109,1280564,1273608,3183761,1256241,714964
695400,696020,Reverse Cascade,5353.0,2466010,1315131,1191757,1318874,939200,1025156,906429,1675062,1566296,1597785,1064109,1280564,1278961,3183761,1256241,714964
695400,696200,Cascade,8512.0,2466010,1323643,1191757,1318874,939200,1025156,906429,1675062,1566296,1597785,1064109,1280564,1278961,3183761,1256241,714964
695400,696380,Fountain,10717.0,2466010,1323643,1191757,1318874,939200,1025156,906429,1675062,1577013,1597785,1064109,1280564,1278961,3183761,1256241,714964
695690,696448,Auto,10105.0,2476115,1323643,1191757,1318874,939200,1025156,906429,1675062,1577013,1597785,1064109,1280564,1278961,3183761,1256241,714964
695400,696610,Fountainfall,6099.0,2476115,1323643,1191757,1318874,939200,1025156,906429,1675062,1577013,1603884,1064109,1280564,1278961,3183761,1256241,714964
696050,696670,Fan Dance,2730.0,2476115,1323643,1191757,1318874,941930,1025156,906429,1675062,1577013,1603884,1064109,1280564,1278961,3183761,1256241,714964
696700,697320,Fan Dance III,1673.0,2476115,1323643,1191757,1318874,941930,1026829,906429,1675062,1577013,1603884,1064109,1280564,1278961,3183761,1256241,714964
697900,698340,Saber Dance,8348.0,2476115,1323643,1191757,1318874,941930,1026829,906429,1675062,1577013,1603884,1064109,1280564,1278961,3192109,1256241,714964
697900,698520,Reverse Cascade,5400.0,2476115,1323643,1191757,1318874,941930,1026829,906429,1675062,1577013,1603884,1064109,1280564,1284361,3192109,1256241,714964
697900,698700,Cascade,8321.0,2476115,1331964,1191757,1318874,941930,1026829,906429,1675062,1577013,1603884,1064109,1280564,1284361,3192109,1256241,714964
697900,698880,Fountain,10753.0,2476115,1331964,1191757,1318874,941930,1026829,906429,1675062,1587766,1603884,1064109,1280564,1284361,3192109,1256241,714964
697900,699110,Fountainfall,6399.0,2476115,1331964,1191757,1318874,941930,1026829,906429,1675062,1587766,1610283,1064109,1280564,1284361,3192109,1256241,714964
698550,699170,Fan Dance,2994.0,2476115,1331964,1191757,1318874,944924,1026829,906429,1675062,1587766,1610283,1064109,1280564,1284361,3192109,1256241,714964
698810,699568,Auto,10105.0,2486220,1331964,1191757,1318874,944924,1026829,906429,1675062,1587766,1610283,1064109,1280564,1284361,3192109,1256241,714964
699200,699820,Fan Dance III,1818.0,2486220,1331964,1191757,1318874,944924,1028647,906429,1675062,1587766,1610283,1064109,1280564,1284361,3192109,1256241,714964
700400,700840,Saber Dance,9975.0,2486220,1331964,1191757,1318874,944924,1028647,906429,1675062,1587766,1610283,1064109,1280564,1284361,3202084,1256241,714964
700400,701020,Reverse Cascade,5113.0,2486220,1331964,1191757,1318874,944924,1028647,906429,1675062,1587766,1610283,1064109,1280564,1289474,3202084,1256241,714964
700400,701200,Cascade,7955.0,2486220,1339919,1191757,1318874,944924,1028647,906429,1675062,1587766,1610283,1064109,1280564,1289474,3202084,1256241,714964
700400,701380,Fountain,10393.0,2486220,1339919,1191757,1318874,944924,1028647,906429,1675062,1598159,1610283,1064109,1280564,1289474,3202084,1256241,714964
700400,701610,Fountainfall,6725.0,2486220,1339919,1191757,1318874,944924,1028647,906429,1675062,1598159,1617008,1064109,1280564,1289474,3202084,1256241,714964
701050,701670,Fan Dance,2966.0,2486220,1339919,1191757,1318874,947890,1028647,906429,1675062,1598159,1617008,1064109,1280564,1289474,3202084,1256241,714964
701930,702688,Auto,10105.0,2496325,1339919,1191757,1318874,947890,1028647,906429,1675062,1598159,1617008,1064109,1280564,1289474,3202084,1256241,714964
702900,703340,Saber Dance,8594.0,2496325,1339919,1191757,1318874,947890,1028647,906429,1675062,1598159,1617008,1064109,1280564,1289474,3210678,1256241,714964
702900,703520,Reverse Cascade,5127.0,2496325,1339919,1191757,1318874,947890,1028647,906429,1675062,1598159,1617008,1064109,1280564,1294601,3210678,1256241,714964
702900,703700,Cascade,8452.0,2496325,1348371,1191757,1318874,947890,1028647,906429,1675062,1598159,1617008,1064109,1280564,1294601,3210678,1256241,714964
702900,703880,Fountain,10797.0,2496325,1348371,1191757,1318874,947890,1028647,906429,1675062,1608956,1617008,1064109,1280564,1294601,3210678,1256241,714964
702900,704110,Fountainfall,6319.0,2496325,1348371,1191757,1318874,947890,1028647,906429,1675062,1608956,1623327,1064109,1280564,1294601,3210678,1256241,714964
703550,704170,Fan Dance,2863.0,2496325,1348371,1191757,1318874,950753,1028647,906429,1675062,1608956,1623327,1064109,1280564,1294601,3210678,1256241,714964
705050,705808,Auto,10105.0,2506430,1348371,1191757,1318874,950753,1028647,906429,1675062,1608956,1623327,1064109,1280564,1294601,3210678,1256241,714964
708170,708928,Auto,10105.0,2516535,1348371,1191757,1318874,950753,1028647,906429,1675062,1608956,1623327,1064109,1280564,1294601,3210678,1256241,714964
708900,709430,Double Standard Finish,110344.0,2516535,1348371,1191757,1429218,950753,1028647,906429,1675062,1608956,1623327,1064109,1280564,1294601,3210678,1256241,714964
710400,710840,Saber Dance,13858.0,2516535,1348371,1191757,1429218,950753,1028647,906429,1675062,1608956,1623327,1064109,1280564,1294601,3224536,1256241,714964
710400,711020,Reverse Cascade,4793.0,2516535,1348371,1191757,1429218,950753,1028647,906429,1675062,1608956,1623327,1064109,1280564,1299394,3224536,1256241,714964
710400,711200,Cascade,7621.0,2516535,1355992,1191757,1429218,950753,1028647,906429,1675062,1608956,1623327,1064109,1280564,1299394,3224536,1256241,714964
710400,711380,Fountain,9325.0,2516535,1355992,1191757,1429218,950753,1028647,906429,1675062,1618281,1623327,1064109,1280564,1299394,3224536,1256241,714964
710400,711610,Fountainfall,6482.0,2516535,1355992,1191757,1429218,950753,1028647,906429,1675062,1618281,1629809,1064109,1280564,1299394,3224536,1256241,714964
711025,711645,Fan Dance,2665.0,2516535,1355992,1191757,1429218,953418,1028647,906429,1675062,1618281,1629809,1064109,1280564,1299394,3224536,1256241,714964
711025,711645,Fan Dance III,296.0,2516535,1355992,1191757,1429218,953418,1028943,906429,1675062,1618281,1629809,1064109,1280564,1299394,3224536,1256241,714964
711290,712048,Auto,10105.0,2526640,1355992,1191757,1429218,953418,1028943,906429,1675062,1618281,1629809,1064109,1280564,1299394,3224536,1256241,714964
711675,712295,Fan Dance,242.0,2526640,1355992,1191757,1429218,953660,1028943,906429,1675062,1618281,1629809,1064109,1280564,1299394,3224536,1256241,714964
712900,713340,Saber Dance,11327.0,2526640,1355992,1191757,1429218,953660,1028943,906429,1675062,1618281,1629809,1064109,1280564,1299394,3235863,1256241,714964
712900,713520,Reverse Cascade,5164.0,2526640,1355992,1191757,1429218,953660,1028943,906429,1675062,1618281,1629809,1064109,1280564,1304558,3235863,1256241,714964
712900,713700,Cascade,7978.0,2526640,1363970,1191757,1429218,953660,1028943,906429,1675062,1618281,1629809,1064109,1280564,1304558,3235863,1256241,714964
712900,713880,Fountain,10393.0,2526640,1363970,1191757,1429218,953660,1028943,906429,1675062,1628674,1629809,1064109,1280564,1304558,3235863,1256241,714964
712900,714110,Fountainfall,5776.0,2526640,1363970,1191757,1429218,953660,1028943,906429,1675062,1628674,1635585,1064109,1280564,1304558,3235863,1256241,714964
713550,714170,Fan Dance,2499.0,2526640,1363970,1191757,1429218,956159,1028943,906429,1675062,1628674,1635585,1064109,1280564,1304558,3235863,1256241,714964
713550,714170,Fan Dance III,516.0,2526640,1363970,1191757,1429218,956159,1029459,906429,1675062,1628674,1635585,1064109,1280564,1304558,3235863,1256241,714964
714200,714820,Fan Dance,422.0,2526640,1363970,1191757,1429218,956581,1029459,906429,1675062,1628674,1635585,1064109,1280564,1304558,3235863,1256241,714964
714410,715168,Auto,10105.0,2536745,1363970,1191757,1429218,956581,1029459,906429,1675062,1628674,1635585,1064109,1280564,1304558,3235863,1256241,714964
715400,715840,Saber Dance,11033.0,2536745,1363970,1191757,1429218,956581,1029459,906429,1675062,1628674,1635585,1064109,1280564,1304558,3246896,1256241,714964
715400,716020,Reverse Cascade,5051.0,2536745,1363970,1191757,1429218,956581,1029459,906429,1675062,1628674,1635585,1064109,1280564,1309609,3246896,1256241,714964
715400,716200,Cascade,8084.0,2536745,1372054,1191757,1429218,956581,1029459,906429,1675062,1628674,1635585,1064109,1280564,1309609,3246896,1256241,714964
715400,716380,Fountain,10219.0,2536745,1372054,1191757,1429218,956581,1029459,906429,1675062,1638893,1635585,1064109,1280564,1309609,3246896,1256241,714964
715400,716610,Fountainfall,6147.0,2536745,1372054,1191757,1429218,956581,1029459,906429,1675062,1638893,1641732,1064109,1280564,1309609,3246896,1256241,714964
716050,716670,Fan Dance,2450.0,2536745,1372054,1191757,1429218,959031,1029459,906429,1675062,1638893,1641732,1064109,1280564,1309609,3246896,1256241,714964
716050,716670,Fan Dance III,702.0,2536745,1372054,1191757,1429218,959031,1030161,906429,1675062,1638893,1641732,1064109,1280564,1309609,3246896,1256241,714964
716700,717320,Fan Dance,574.0,2536745,1372054,1191757,1429218,959605,1030161,906429,1675062,1638893,1641732,1064109,1280564,1309609,3246896,1256241,714964
717530,718288,Auto,10105.0,2546850,1372054,1191757,1429218,959605,1030161,906429,1675062,1638893,1641732,1064109,1280564,1309609,3246896,1256241,714964
717900,718340,Saber Dance,8418.0,2546850,1372054,1191757,1429218,959605,1030161,906429,1675062,1638893,1641732,1064109,1280564,1309609,3255314,1256241,714964
717900,718520,Reverse Cascade,5044.0,2546850,1372054,1191757,1429218,959605,1030161,906429,1675062,1638893,1641732,1064109,1280564,1314653,3255314,1256241,714964
717900,718700,Cascade,8509.0,2546850,1380563,1191757,1429218,959605,1030161,906429,1675062,1638893,1641732,1064109,1280564,1314653,3255314,1256241,714964
717900,718880,Fountain,11033.0,2546850,1380563,1191757,1429218,959605,1030161,906429,1675062,1649926,1641732,1064109,1280564,1314653,3255314,1256241,714964
717900,719110,Fountainfall,6156.0,2546850,1380563,1191757,1429218,959605,1030161,906429,1675062,1649926,1647888,1064109,1280564,1314653,3255314,1256241,714964
718550,719170,Fan Dance III,899.0,2546850,1380563,1191757,1429218,959605,1031060,906429,1675062,1649926,1647888,1064109,1280564,1314653,3255314,1256241,714964
718550,719170,Fan Dance,2345.0,2546850,1380563,1191757,1429218,961950,1031060,906429,1675062,1649926,1647888,1064109,1280564,1314653,3255314,1256241,714964
719200,719820,Fan Dance,735.0,2546850,1380563,1191757,1429218,962685,1031060,906429,1675062,1649926,1647888,1064109,1280564,1314653,3255314,1256241,714964
720650,721408,Auto,10105.0,2556955,1380563,1191757,1429218,962685,1031060,906429,1675062,1649926,1647888,1064109,1280564,1314653,3255314,1256241,714964
723770,724528,Auto,10937.0,2567892,1380563,1191757,1429218,962685,1031060,906429,1675062,1649926,1647888,1064109,1280564,1314653,3255314,1256241,714964
726400,726935,Quadruple Technical Finish,214088.0,2567892,1380563,1191757,1429218,962685,1031060,906429,1675062,1649926,1647888,1064109,1494652,1314653,3255314,1256241,714964
726890,727648,Auto,12822.0,2580714,1380563,1191757,1429218,962685,1031060,906429,1675062,1649926,1647888,1064109,1494652,1314653,3255314,1256241,714964
727900,728740,Tillana,53912.0,2580714,1380563,1191757,1429218,962685,1031060,906429,1675062,1649926,1647888,1064109,1494652,1314653,3255314,1256241,768876
727900,728790,Starfall Dance,57624.0,2580714,1380563,1191757,1429218,962685,1031060,906429,1675062,1649926,1647888,1064109,1494652,1314653,3255314,1313865,768876
729150,729770,Fan Dance III,46016.0,2580714,1380563,1191757,1429218,962685,1077076,906429,1675062,1649926,1647888,1064109,1494652,1314653,3255314,1313865,768876
727900,730260,Dance of the Dawn,64686.0,2580714,1380563,1256443,1429218,962685,1077076,906429,1675062,1649926,1647888,1064109,1494652,1314653,3255314,1313865,768876
730010,730768,Auto,16288.0,2597002,1380563,1256443,1429218,962685,1077076,906429,1675062,1649926,1647888,1064109,1494652,1314653,3255314,1313865,768876
731025,731345,Fan Dance IV,67572.0,2597002,1380563,1256443,1429218,962685,1077076,974001,1675062,1649926,1647888,1064109,1494652,1314653,3255314,1313865,768876
731025,731645,Fan Dance III,13703.0,2597002,1380563,1256443,1429218,962685,1090779,974001,1675062,1649926,1647888,1064109,1494652,1314653,3255314,1313865,768876
730400,731650,Last Dance,112962.0,2597002,1380563,1256443,1429218,962685,1090779,974001,1675062,1649926,1647888,1177071,1494652,1314653,3255314,1313865,768876
731650,731970,Fan Dance IV,28657.0,2597002,1380563,1256443,1429218,962685,1090779,1002658,1675062,1649926,1647888,1177071,1494652,1314653,3255314,1313865,768876
731650,732270,Fan Dance,26384.0,2597002,1380563,1256443,1429218,989069,1090779,1002658,1675062,1649926,1647888,1177071,1494652,1314653,3255314,1313865,768876
732900,733340,Saber Dance,158.0,2597002,1380563,1256443,1429218,989069,1090779,1002658,1675062,1649926,1647888,1177071,1494652,1314653,3255472,1313865,768876
732900,733740,Tillana,22757.0,2597002,1380563,1256443,1429218,989069,1090779,1002658,1675062,1649926,1647888,1177071,1494652,1314653,3255472,1313865,791633
732900,733790,Starfall Dance,27896.0,2597002,1380563,1256443,1429218,989069,1090779,1002658,1675062,1649926,1647888,1177071,1494652,1314653,3255472,1341761,791633
733130,733888,Auto,16288.0,2613290,1380563,1256443,1429218,989069,1090779,1002658,1675062,1649926,1647888,1177071,1494652,1314653,3255472,1341761,791633
732900,734110,Fountainfall,3428.0,2613290,1380563,1256443,1429218,989069,1090779,1002658,1675062,1649926,1651316,1177071,1494652,1314653,3255472,1341761,791633
733525,734145,Fan Dance,24114.0,2613290,1380563,1256443,1429218,1013183,1090779,1002658,1675062,1649926,1651316,1177071,1494652,1314653,3255472,1341761,791633
733525,734145,Fan Dance III,16239.0,2613290,1380563,1256443,1429218,1013183,1107018,1002658,1675062,1649926,1651316,1177071,1494652,1314653,3255472,1341761,791633
734150,734770,Fan Dance,24554.0,2613290,1380563,1256443,1429218,1037737,1107018,1002658,1675062,1649926,1651316,1177071,1494652,1314653,3255472,1341761,791633
734150,734770,Fan Dance III,15005.0,2613290,1380563,1256443,1429218,1037737,1122023,1002658,1675062,1649926,1651316,1177071,1494652,1314653,3255472,1341761,791633
732900,735260,Dance of the Dawn,134436.0,2613290,1380563,1390879,1429218,1037737,1122023,1002658,1675062,1649926,1651316,1177071,1494652,1314653,3255472,1341761,791633
734800,735420,Fan Dance III,15208.0,2613290,1380563,1390879,1429218,1037737,1137231,1002658,1675062,1649926,1651316,1177071,1494652,1314653,3255472,1341761,791633
734800,735420,Fan Dance,20864.0,2613290,1380563,1390879,1429218,1058601,1137231,1002658,1675062,1649926,1651316,1177071,1494652,1314653,3255472,1341761,791633
736025,736645,Fan Dance III,12746.0,2613290,1380563,1390879,1429218,1058601,1149977,1002658,1675062,1649926,1651316,1177071,1494652,1314653,3255472,1341761,791633
736025,736645,Fan Dance,12070.0,2613290,1380563,1390879,1429218,1070671,1149977,1002658,1675062,1649926,1651316,1177071,1494652,1314653,3255472,1341761,791633
736250,737008,Auto,16288.0,2629578,1380563,1390879,1429218,1070671,1149977,1002658,1675062,1649926,1651316,1177071,1494652,1314653,3255472,1341761,791633
736650,737270,Fan Dance,3064.0,2629578,1380563,1390879,1429218,1073735,1149977,1002658,1675062,1649926,1651316,1177071,1494652,1314653,3255472,1341761,791633
736650,737270,Fan Dance III,7233.0,2629578,1380563,1390879,1429218,1073735,1157210,1002658,1675062,1649926,1651316,1177071,1494652,1314653,3255472,1341761,791633
735400,737450,Finishing Move,177821.0,2629578,1380563,1390879,1429218,1073735,1157210,1002658,1852883,1649926,1651316,1177071,1494652,1314653,3255472,1341761,791633
737900,738340,Saber Dance,48528.0,2629578,1380563,1390879,1429218,1073735,1157210,1002658,1852883,1649926,1651316,1177071,1494652,1314653,3304000,1341761,791633
737900,738520,Reverse Cascade,52.0,2629578,1380563,1390879,1429218,1073735,1157210,1002658,1852883,1649926,1651316,1177071,1494652,1314705,3304000,1341761,791633
737900,738740,Tillana,9150.0,2629578,1380563,1390879,1429218,1073735,1157210,1002658,1852883,1649926,1651316,1177071,1494652,1314705,3304000,1341761,800783
737900,738790,Starfall Dance,79875.0,2629578,1380563,1390879,1429218,1073735,1157210,1002658,1852883,1649926,1651316,1177071,1494652,1314705,3304000,1421636,800783
737900,739110,Fountainfall,6194.0,2629578,1380563,1390879,1429218,1073735,1157210,1002658,1852883,1649926,1657510,1177071,1494652,1314705,3304000,1421636,800783
738525,739145,Fan Dance III,1946.0,2629578,1380563,1390879,1429218,1073735,1159156,1002658,1852883,1649926,1657510,1177071,1494652,1314705,3304000,1421636,800783
738525,739145,Fan Dance,1807.0,2629578,1380563,1390879,1429218,1075542,1159156,1002658,1852883,1649926,1657510,1177071,1494652,1314705,3304000,1421636,800783
739150,739770,Fan Dance,112.0,2629578,1380563,1390879,1429218,1075654,1159156,1002658,1852883,1649926,1657510,1177071,1494652,1314705,3304000,1421636,800783
739150,739770,Fan Dance III,1108.0,2629578,1380563,1390879,1429218,1075654,1160264,1002658,1852883,1649926,1657510,1177071,1494652,1314705,3304000,1421636,800783
739370,740128,Auto,16288.0,2645866,1380563,1390879,1429218,1075654,1160264,1002658,1852883,1649926,1657510,1177071,1494652,1314705,3304000,1421636,800783
737900,740260,Dance of the Dawn,9895.0,2645866,1380563,1400774,1429218,1075654,1160264,1002658,1852883,1649926,1657510,1177071,1494652,1314705,3304000,1421636,800783
740400,740840,Saber Dance,59034.0,2645866,1380563,1400774,1429218,1075654,1160264,1002658,1852883,1649926,1657510,1177071,1494652,1314705,3363034,1421636,800783
740400,741020,Reverse Cascade,1388.0,2645866,1380563,1400774,1429218,1075654,1160264,1002658,1852883,1649926,1657510,1177071,1494652,1316093,3363034,1421636,800783
740400,741240,Tillana,15715.0,2645866,1380563,1400774,1429218,1075654,1160264,1002658,1852883,1649926,1657510,1177071,1494652,1316093,3363034,1421636,816498
740400,741290,Starfall Dance,52838.0,2645866,1380563,1400774,1429218,1075654,1160264,1002658,1852883,1649926,1657510,1177071,1494652,1316093,3363034,1474474,816498
740400,741610,Fountainfall,6258.0,2645866,1380563,1400774,1429218,1075654,1160264,1002658,1852883,1649926,1663768,1177071,1494652,1316093,3363034,1474474,816498
741050,741670,Fan Dance III,64.0,2645866,1380563,1400774,1429218,1075654,1160328,1002658,1852883,1649926,1663768,1177071,1494652,1316093,3363034,1474474,816498
741050,741670,Fan Dance,2145.0,2645866,1380563,1400774,1429218,1077799,1160328,1002658,1852883,1649926,1663768,1177071,1494652,1316093,3363034,1474474,816498
741700,742320,Fan Dance,11.0,2645866,1380563,1400774,1429218,1077810,1160328,1002658,1852883,1649926,1663768,1177071,1494652,1316093,3363034,1474474,816498
741700,742320,Fan Dance III,1334.0,2645866,1380563,1400774,1429218,1077810,1161662,1002658,1852883,1649926,1663768,1177071,1494652,1316093,3363034,1474474,816498
740400,742760,Dance of the Dawn,188.0,2645866,1380563,1400962,1429218,1077810,1161662,1002658,1852883,1649926,1663768,1177071,1494652,1316093,3363034,1474474,816498
742490,743248,Auto,16288.0,2662154,1380563,1400962,1429218,1077810,1161662,1002658,1852883,1649926,1663768,1177071,1494652,1316093,3363034,1474474,816498
742900,743340,Saber Dance,63778.0,2662154,1380563,1400962,1429218,1077810,1161662,1002658,1852883,1649926,1663768,1177071,1494652,1316093,3426812,1474474,816498
742900,743520,Reverse Cascade,1909.0,2662154,1380563,1400962,1429218,1077810,1161662,1002658,1852883,1649926,1663768,1177071,1494652,1318002,3426812,1474474,816498
742900,743700,Cascade,23.0,2662154,1380586,1400962,1429218,1077810,1161662,1002658,1852883,1649926,1663768,1177071,1494652,1318002,3426812,1474474,816498
742900,743740,Tillana,10368.0,2662154,1380586,1400962,1429218,1077810,1161662,1002658,1852883,1649926,1663768,1177071,1494652,1318002,3426812,1474474,826866
742900,743790,Starfall Dance,2249.0,2662154,1380586,1400962,1429218,1077810,1161662,1002658,1852883,1649926,1663768,1177071,1494652,1318002,3426812,1476723,826866
742900,743880,Fountain,76.0,2662154,1380586,1400962,1429218,1077810,1161662,1002658,1852883,1650002,1663768,1177071,1494652,1318002,3426812,1476723,826866
742900,744110,Fountainfall,21919.0,2662154,1380586,1400962,1429218,1077810,1161662,1002658,1852883,1650002,1685687,1177071,1494652,1318002,3426812,1476723,826866
743550,744170,Fan Dance III,9.0,2662154,1380586,1400962,1429218,1077810,1161671,1002658,1852883,1650002,1685687,1177071,1494652,1318002,3426812,1476723,826866
743550,744170,Fan Dance,6422.0,2662154,1380586,1400962,1429218,1084232,1161671,1002658,1852883,1650002,1685687,1177071,1494652,1318002,3426812,1476723,826866
744200,744820,Fan Dance III,3846.0,2662154,1380586,1400962,1429218,1084232,1165517,1002658,1852883,1650002,1685687,1177071,1494652,1318002,3426812,1476723,826866
745400,745840,Saber Dance,43851.0,2662154,1380586,1400962,1429218,1084232,1165517,1002658,1852883,1650002,1685687,1177071,1494652,1318002,3470663,1476723,826866
745400,746020,Reverse Cascade,7485.0,2662154,1380586,1400962,1429218,1084232,1165517,1002658,1852883,1650002,1685687,1177071,1494652,1325487,3470663,1476723,826866
745400,746200,Cascade,4.0,2662154,1380590,1400962,1429218,1084232,1165517,1002658,1852883,1650002,1685687,1177071,1494652,1325487,3470663,1476723,826866
745400,746240,Tillana,13619.0,2662154,1380590,1400962,1429218,1084232,1165517,1002658,1852883,1650002,1685687,1177071,1494652,1325487,3470663,1476723,840485
745400,746290,Starfall Dance,44.0,2662154,1380590,1400962,1429218,1084232,1165517,1002658,1852883,1650002,1685687,1177071,1494652,1325487,3470663,1476767,840485
745610,746368,Auto,16288.0,2678442,1380590,1400962,1429218,1084232,1165517,1002658,1852883,1650002,1685687,1177071,1494652,1325487,3470663,1476767,840485
745400,746380,Fountain,5.0,2678442,1380590,1400962,1429218,1084232,1165517,1002658,1852883,1650007,1685687,1177071,1494652,1325487,3470663,1476767,840485
745400,746610,Fountainfall,26677.0,2678442,1380590,1400962,1429218,1084232,1165517,1002658,1852883,1650007,1712364,1177071,1494652,1325487,3470663,1476767,840485
746050,746670,Fan Dance,8943.0,2678442,1380590,1400962,1429218,1093175,1165517,1002658,1852883,1650007,1712364,1177071,1494652,1325487,3470663,1476767,840485
746700,747320,Fan Dance III,5239.0,2678442,1380590,1400962,1429218,1093175,1170756,1002658,1852883,1650007,1712364,1177071,1494652,1325487,3470663,1476767,840485
747900,748340,Saber Dance,34157.0,2678442,1380590,1400962,1429218,1093175,1170756,1002658,1852883,1650007,1712364,1177071,1494652,1325487,3504820,1476767,840485
747900,748520,Reverse Cascade,14976.0,2678442,1380590,1400962,1429218,1093175,1170756,1002658,1852883,1650007,1712364,1177071,1494652,1340463,3504820,1476767,840485
747900,748700,Cascade,1128.0,2678442,1381718,1400962,1429218,1093175,1170756,1002658,1852883,1650007,1712364,1177071,1494652,1340463,3504820,1476767,840485
747900,749110,Fountainfall,8704.0,2678442,1381718,1400962,1429218,1093175,1170756,1002658,1852883,1650007,1721068,1177071,1494652,1340463,3504820,1476767,840485
748525,749145,Fan Dance,6789.0,2678442,1381718,1400962,1429218,1099964,1170756,1002658,1852883,1650007,1721068,1177071,1494652,1340463,3504820,1476767,840485
748730,749488,Auto,10937.0,2689379,1381718,1400962,1429218,1099964,1170756,1002658,1852883,1650007,1721068,1177071,1494652,1340463,3504820,1476767,840485
749175,749795,Fan Dance III,4248.0,2689379,1381718,1400962,1429218,1099964,1175004,1002658,1852883,1650007,1721068,1177071,1494652,1340463,3504820,1476767,840485
750400,750840,Saber Dance,17437.0,2689379,1381718,1400962,1429218,1099964,1175004,1002658,1852883,1650007,1721068,1177071,1494652,1340463,3522257,1476767,840485
750400,751020,Reverse Cascade,14881.0,2689379,1381718,1400962,1429218,1099964,1175004,1002658,1852883,1650007,1721068,1177071,1494652,1355344,3522257,1476767,840485
750400,751200,Cascade,10193.0,2689379,1391911,1400962,1429218,1099964,1175004,1002658,1852883,1650007,1721068,1177071,1494652,1355344,3522257,1476767,840485
750400,751380,Fountain,444.0,2689379,1391911,1400962,1429218,1099964,1175004,1002658,1852883,1650451,1721068,1177071,1494652,1355344,3522257,1476767,840485
750400,751610,Fountainfall,2411.0,2689379,1391911,1400962,1429218,1099964,1175004,1002658,1852883,1650451,1723479,1177071,1494652,1355344,3522257,1476767,840485
751050,751670,Fan Dance,5417.0,2689379,1391911,1400962,1429218,1105381,1175004,1002658,1852883,1650451,1723479,1177071,1494652,1355344,3522257,1476767,840485
751700,752320,Fan Dance III,3343.0,2689379,1391911,1400962,1429218,1105381,1178347,1002658,1852883,1650451,1723479,1177071,1494652,1355344,3522257,1476767,840485
751850,752608,Auto,10937.0,2700316,1391911,1400962,1429218,1105381,1178347,1002658,1852883,1650451,1723479,1177071,1494652,1355344,3522257,1476767,840485
752900,753340,Saber Dance,7563.0,2700316,1391911,1400962,1429218,1105381,1178347,1002658,1852883,1650451,1723479,1177071,1494652,1355344,3529820,1476767,840485
752900,753520,Reverse Cascade,9725.0,2700316,1391911,1400962,1429218,1105381,1178347,1002658,1852883,1650451,1723479,1177071,1494652,1365069,3529820,1476767,840485
752900,753700,Cascade,13238.0,2700316,1405149,1400962,1429218,1105381,1178347,1002658,1852883,1650451,1723479,1177071,1494652,1365069,3529820,1476767,840485
752900,753880,Fountain,5531.0,2700316,1405149,1400962,1429218,1105381,1178347,1002658,1852883,1655982,1723479,1177071,1494652,1365069,3529820,1476767,840485
752900,754110,Fountainfall,383.0,2700316,1405149,1400962,1429218,1105381,1178347,1002658,1852883,1655982,1723862,1177071,1494652,1365069,3529820,1476767,840485
