sim_timestamp,sim_damage_timestamp,sim_name,sim_expected,Apex Arrow,Blast Arrow,Burst Shot,Caustic Bite,Caustic Bite (dot),Empyreal Arrow,Heartbreak Shot,Iron Jaws,Pitch Perfect,Radiant Encore,Refulgent Arrow,Resonant Arrow,Shot,Sidewinder,Stormbite,Stormbite (dot)
-1650,0,Heartbreak Shot,22196.0,0,0,0,0,0,0,22196,0,0,0,0,0,0,0,0,0
-1030,260,Stormbite,12331.0,0,0,0,0,0,0,22196,0,0,0,0,0,0,0,12331,0
0,758,Shot,8316.0,0,0,0,0,0,0,22196,0,0,0,0,0,8316,0,12331,0
-1030,1500,Stormbite (dot),3085.0,0,0,0,0,0,0,22196,0,0,0,0,0,8316,0,12331,3085
620,1650,Empyreal Arrow,32412.0,0,0,0,0,0,32412,22196,0,0,0,0,0,8316,0,12331,3085
1460,2750,Caustic Bite,18696.0,0,0,0,18696,0,32412,22196,0,0,0,0,0,8316,0,12331,3085
3040,3798,Shot,8405.0,0,0,0,18696,0,32412,22196,0,0,0,0,0,16721,0,12331,3085
1460,4500,Caustic Bite (dot),2493.0,0,0,0,18696,2493,32412,22196,0,0,0,0,0,16721,0,12331,3085
-1030,4500,Stormbite (dot),3085.0,0,0,0,18696,2493,32412,22196,0,0,0,0,0,16721,0,12331,6170
3950,5420,Burst Shot,31164.0,0,0,31164,18696,2493,32412,22196,0,0,0,0,0,16721,0,12331,6170
6080,6838,Shot,11681.0,0,0,31164,18696,2493,32412,22196,0,0,0,0,0,28402,0,12331,6170
1460,7500,Caustic Bite (dot),2493.0,0,0,31164,18696,4986,32412,22196,0,0,0,0,0,28402,0,12331,6170
-1030,7500,Stormbite (dot),3085.0,0,0,31164,18696,4986,32412,22196,0,0,0,0,0,28402,0,12331,9255
6440,7910,Refulgent Arrow,17371.0,0,0,31164,18696,4986,32412,22196,0,0,0,17371,0,28402,0,12331,9255
6440,7910,Burst Shot,25224.0,0,0,56388,18696,4986,32412,22196,0,0,0,17371,0,28402,0,12331,9255
7680,8480,Pitch Perfect,13987.0,0,0,56388,18696,4986,32412,22196,0,13987,0,17371,0,28402,0,12331,9255
7680,8480,Pitch Perfect,47407.0,0,0,56388,18696,4986,32412,22196,0,61394,0,17371,0,28402,0,12331,9255
7680,9330,Heartbreak Shot,1430.0,0,0,56388,18696,4986,32412,23626,0,61394,0,17371,0,28402,0,12331,9255
9120,9878,Shot,13702.0,0,0,56388,18696,4986,32412,23626,0,61394,0,17371,0,42104,0,12331,9255
1460,10500,Caustic Bite (dot),2493.0,0,0,56388,18696,7479,32412,23626,0,61394,0,17371,0,42104,0,12331,9255
-1030,10500,Stormbite (dot),3085.0,0,0,56388,18696,7479,32412,23626,0,61394,0,17371,0,42104,0,12331,12340
10170,10700,Sidewinder,81294.0,0,0,56388,18696,7479,32412,23626,0,61394,0,17371,0,42104,81294,12331,12340
8930,10890,Radiant Encore,142263.0,0,0,56388,18696,7479,32412,23626,0,61394,142263,17371,0,42104,81294,12331,12340
12040,12840,Pitch Perfect,1770.0,0,0,56388,18696,7479,32412,23626,0,63164,142263,17371,0,42104,81294,12331,12340
11420,12890,Refulgent Arrow,56898.0,0,0,56388,18696,7479,32412,23626,0,63164,142263,74269,0,42104,81294,12331,12340
12160,12918,Shot,13702.0,0,0,56388,18696,7479,32412,23626,0,63164,142263,74269,0,55806,81294,12331,12340
11420,13010,Refulgent Arrow,56898.0,0,0,56388,18696,7479,32412,23626,0,63164,142263,131167,0,55806,81294,12331,12340
11420,13130,Refulgent Arrow,56898.0,0,0,56388,18696,7479,32412,23626,0,63164,142263,188065,0,55806,81294,12331,12340
-1030,13500,Stormbite (dot),3085.0,0,0,56388,18696,7479,32412,23626,0,63164,142263,188065,0,55806,81294,12331,15425
1460,13500,Caustic Bite (dot),2493.0,0,0,56388,18696,9972,32412,23626,0,63164,142263,188065,0,55806,81294,12331,15425
12040,13690,Heartbreak Shot,35691.0,0,0,56388,18696,9972,32412,59317,0,63164,142263,188065,0,55806,81294,12331,15425
12660,14310,Heartbreak Shot,36031.0,0,0,56388,18696,9972,32412,95348,0,63164,142263,188065,0,55806,81294,12331,15425
13910,15070,Resonant Arrow,130067.0,0,0,56388,18696,9972,32412,95348,0,63164,142263,188065,130067,55806,81294,12331,15425
15150,15950,Pitch Perfect,37114.0,0,0,56388,18696,9972,32412,95348,0,100278,142263,188065,130067,55806,81294,12331,15425
15200,15958,Shot,13702.0,0,0,56388,18696,9972,32412,95348,0,100278,142263,188065,130067,69508,81294,12331,15425
14530,16180,Heartbreak Shot,36576.0,0,0,56388,18696,9972,32412,131924,0,100278,142263,188065,130067,69508,81294,12331,15425
-1030,16500,Stormbite (dot),3085.0,0,0,56388,18696,9972,32412,131924,0,100278,142263,188065,130067,69508,81294,12331,18510
1460,16500,Caustic Bite (dot),2493.0,0,0,56388,18696,12465,32412,131924,0,100278,142263,188065,130067,69508,81294,12331,18510
16400,17870,Refulgent Arrow,14486.0,0,0,56388,18696,12465,32412,131924,0,100278,142263,202551,130067,69508,81294,12331,18510
16400,17870,Burst Shot,33322.0,0,0,89710,18696,12465,32412,131924,0,100278,142263,202551,130067,69508,81294,12331,18510
17020,18050,Empyreal Arrow,52837.0,0,0,89710,18696,12465,85249,131924,0,100278,142263,202551,130067,69508,81294,12331,18510
17670,18470,Pitch Perfect,27018.0,0,0,89710,18696,12465,85249,131924,0,127296,142263,202551,130067,69508,81294,12331,18510
18240,18998,Shot,13702.0,0,0,89710,18696,12465,85249,131924,0,127296,142263,202551,130067,83210,81294,12331,18510
-1030,19500,Stormbite (dot),3085.0,0,0,89710,18696,12465,85249,131924,0,127296,142263,202551,130067,83210,81294,12331,21595
1460,19500,Caustic Bite (dot),2493.0,0,0,89710,18696,14958,85249,131924,0,127296,142263,202551,130067,83210,81294,12331,21595
19510,20310,Pitch Perfect,6562.0,0,0,89710,18696,14958,85249,131924,0,133858,142263,202551,130067,83210,81294,12331,21595
18890,20360,Refulgent Arrow,14645.0,0,0,89710,18696,14958,85249,131924,0,133858,142263,217196,130067,83210,81294,12331,21595
18890,20360,Burst Shot,33197.0,0,0,122907,18696,14958,85249,131924,0,133858,142263,217196,130067,83210,81294,12331,21595
21280,22038,Shot,13702.0,0,0,122907,18696,14958,85249,131924,0,133858,142263,217196,130067,96912,81294,12331,21595
-1030,22500,Stormbite (dot),3085.0,0,0,122907,18696,14958,85249,131924,0,133858,142263,217196,130067,96912,81294,12331,24680
1460,22500,Caustic Bite (dot),2493.0,0,0,122907,18696,17451,85249,131924,0,133858,142263,217196,130067,96912,81294,12331,24680
22030,22830,Pitch Perfect,25650.0,0,0,122907,18696,17451,85249,131924,0,159508,142263,217196,130067,96912,81294,12331,24680
21380,22850,Refulgent Arrow,14833.0,0,0,122907,18696,17451,85249,131924,0,159508,142263,232029,130067,96912,81294,12331,24680
21380,22850,Burst Shot,33049.0,0,0,155956,18696,17451,85249,131924,0,159508,142263,232029,130067,96912,81294,12331,24680
23870,24540,Iron Jaws,20319.0,0,0,155956,18696,17451,85249,131924,20319,159508,142263,232029,130067,96912,81294,12331,24680
24320,25078,Shot,13702.0,0,0,155956,18696,17451,85249,131924,20319,159508,142263,232029,130067,110614,81294,12331,24680
24520,25320,Pitch Perfect,22449.0,0,0,155956,18696,17451,85249,131924,20319,181957,142263,232029,130067,110614,81294,12331,24680
23870,25500,Stormbite (dot),5083.0,0,0,155956,18696,17451,85249,131924,20319,181957,142263,232029,130067,110614,81294,12331,29763
23870,25500,Caustic Bite (dot),4066.0,0,0,155956,18696,21517,85249,131924,20319,181957,142263,232029,130067,110614,81294,12331,29763
26361,27831,Burst Shot,16646.0,0,0,172602,18696,21517,85249,131924,20319,181957,142263,232029,130067,110614,81294,12331,29763
26361,27831,Refulgent Arrow,22255.0,0,0,172602,18696,21517,85249,131924,20319,181957,142263,254284,130067,110614,81294,12331,29763
27360,28118,Shot,10462.0,0,0,172602,18696,21517,85249,131924,20319,181957,142263,254284,130067,121076,81294,12331,29763
27631,28431,Pitch Perfect,9860.0,0,0,172602,18696,21517,85249,131924,20319,191817,142263,254284,130067,121076,81294,12331,29763
23870,28500,Stormbite (dot),5083.0,0,0,172602,18696,21517,85249,131924,20319,191817,142263,254284,130067,121076,81294,12331,34846
23870,28500,Caustic Bite (dot),4066.0,0,0,172602,18696,25583,85249,131924,20319,191817,142263,254284,130067,121076,81294,12331,34846
28851,30321,Burst Shot,21969.0,0,0,194571,18696,25583,85249,131924,20319,191817,142263,254284,130067,121076,81294,12331,34846
28851,30321,Refulgent Arrow,9814.0,0,0,194571,18696,25583,85249,131924,20319,191817,142263,264098,130067,121076,81294,12331,34846
30121,30921,Pitch Perfect,12803.0,0,0,194571,18696,25583,85249,131924,20319,204620,142263,264098,130067,121076,81294,12331,34846
29471,31121,Heartbreak Shot,24284.0,0,0,194571,18696,25583,85249,156208,20319,204620,142263,264098,130067,121076,81294,12331,34846
30400,31158,Shot,9097.0,0,0,194571,18696,25583,85249,156208,20319,204620,142263,264098,130067,130173,81294,12331,34846
23870,31500,Caustic Bite (dot),4066.0,0,0,194571,18696,29649,85249,156208,20319,204620,142263,264098,130067,130173,81294,12331,34846
23870,31500,Stormbite (dot),5083.0,0,0,194571,18696,29649,85249,156208,20319,204620,142263,264098,130067,130173,81294,12331,39929
31341,32811,Refulgent Arrow,9463.0,0,0,194571,18696,29649,85249,156208,20319,204620,142263,273561,130067,130173,81294,12331,39929
31341,32811,Burst Shot,22245.0,0,0,216816,18696,29649,85249,156208,20319,204620,142263,273561,130067,130173,81294,12331,39929
32020,33050,Empyreal Arrow,35080.0,0,0,216816,18696,29649,120329,156208,20319,204620,142263,273561,130067,130173,81294,12331,39929
32670,33470,Pitch Perfect,18521.0,0,0,216816,18696,29649,120329,156208,20319,223141,142263,273561,130067,130173,81294,12331,39929
33440,34198,Shot,9097.0,0,0,216816,18696,29649,120329,156208,20319,223141,142263,273561,130067,139270,81294,12331,39929
23870,34500,Stormbite (dot),5083.0,0,0,216816,18696,29649,120329,156208,20319,223141,142263,273561,130067,139270,81294,12331,45012
23870,34500,Caustic Bite (dot),4066.0,0,0,216816,18696,33715,120329,156208,20319,223141,142263,273561,130067,139270,81294,12331,45012
34451,35251,Pitch Perfect,10882.0,0,0,216816,18696,33715,120329,156208,20319,234023,142263,273561,130067,139270,81294,12331,45012
33831,35301,Burst Shot,20227.0,0,0,237043,18696,33715,120329,156208,20319,234023,142263,273561,130067,139270,81294,12331,45012
33831,35301,Refulgent Arrow,9158.0,0,0,237043,18696,33715,120329,156208,20319,234023,142263,282719,130067,139270,81294,12331,45012
36480,37238,Shot,8405.0,0,0,237043,18696,33715,120329,156208,20319,234023,142263,282719,130067,147675,81294,12331,45012
23870,37500,Stormbite (dot),5083.0,0,0,237043,18696,33715,120329,156208,20319,234023,142263,282719,130067,147675,81294,12331,50095
23870,37500,Caustic Bite (dot),4066.0,0,0,237043,18696,37781,120329,156208,20319,234023,142263,282719,130067,147675,81294,12331,50095
36971,37771,Pitch Perfect,11255.0,0,0,237043,18696,37781,120329,156208,20319,245278,142263,282719,130067,147675,81294,12331,50095
36321,37791,Refulgent Arrow,9008.0,0,0,237043,18696,37781,120329,156208,20319,245278,142263,291727,130067,147675,81294,12331,50095
36321,37791,Burst Shot,20345.0,0,0,257388,18696,37781,120329,156208,20319,245278,142263,291727,130067,147675,81294,12331,50095
39461,40261,Pitch Perfect,12668.0,0,0,257388,18696,37781,120329,156208,20319,257946,142263,291727,130067,147675,81294,12331,50095
39520,40278,Shot,8405.0,0,0,257388,18696,37781,120329,156208,20319,257946,142263,291727,130067,156080,81294,12331,50095
38811,40281,Refulgent Arrow,9057.0,0,0,257388,18696,37781,120329,156208,20319,257946,142263,300784,130067,156080,81294,12331,50095
38811,40281,Burst Shot,20307.0,0,0,277695,18696,37781,120329,156208,20319,257946,142263,300784,130067,156080,81294,12331,50095
23870,40500,Caustic Bite (dot),4066.0,0,0,277695,18696,41847,120329,156208,20319,257946,142263,300784,130067,156080,81294,12331,50095
23870,40500,Stormbite (dot),5083.0,0,0,277695,18696,41847,120329,156208,20319,257946,142263,300784,130067,156080,81294,12331,55178
41921,42721,Pitch Perfect,3925.0,0,0,277695,18696,41847,120329,156208,20319,261871,142263,300784,130067,156080,81294,12331,55178
41921,42721,Pitch Perfect,9247.0,0,0,277695,18696,41847,120329,156208,20319,271118,142263,300784,130067,156080,81294,12331,55178
41301,42771,Refulgent Arrow,8962.0,0,0,277695,18696,41847,120329,156208,20319,271118,142263,309746,130067,156080,81294,12331,55178
41301,42771,Burst Shot,20381.0,0,0,298076,18696,41847,120329,156208,20319,271118,142263,309746,130067,156080,81294,12331,55178
42560,43318,Shot,8399.0,0,0,298076,18696,41847,120329,156208,20319,271118,142263,309746,130067,164479,81294,12331,55178
23870,43500,Caustic Bite (dot),4066.0,0,0,298076,18696,45913,120329,156208,20319,271118,142263,309746,130067,164479,81294,12331,55178
23870,43500,Stormbite (dot),5083.0,0,0,298076,18696,45913,120329,156208,20319,271118,142263,309746,130067,164479,81294,12331,60261
43791,45261,Burst Shot,20304.0,0,0,318380,18696,45913,120329,156208,20319,271118,142263,309746,130067,164479,81294,12331,60261
43791,45261,Refulgent Arrow,9037.0,0,0,318380,18696,45913,120329,156208,20319,271118,142263,318783,130067,164479,81294,12331,60261
44411,46061,Heartbreak Shot,22418.0,0,0,318380,18696,45913,120329,178626,20319,271118,142263,318783,130067,164479,81294,12331,60261
45600,46358,Shot,8399.0,0,0,318380,18696,45913,120329,178626,20319,271118,142263,318783,130067,172878,81294,12331,60261
23870,46500,Caustic Bite (dot),4066.0,0,0,318380,18696,49979,120329,178626,20319,271118,142263,318783,130067,172878,81294,12331,60261
23870,46500,Stormbite (dot),5083.0,0,0,318380,18696,49979,120329,178626,20319,271118,142263,318783,130067,172878,81294,12331,65344
46281,47751,Refulgent Arrow,9079.0,0,0,318380,18696,49979,120329,178626,20319,271118,142263,327862,130067,172878,81294,12331,65344
46281,47751,Burst Shot,20271.0,0,0,338651,18696,49979,120329,178626,20319,271118,142263,327862,130067,172878,81294,12331,65344
47020,48050,Empyreal Arrow,32390.0,0,0,338651,18696,49979,152719,178626,20319,271118,142263,327862,130067,172878,81294,12331,65344
47640,49290,Heartbreak Shot,18004.0,0,0,338651,18696,49979,152719,196630,20319,271118,142263,327862,130067,172878,81294,12331,65344
48640,49398,Shot,8399.0,0,0,338651,18696,49979,152719,196630,20319,271118,142263,327862,130067,181277,81294,12331,65344
23870,49500,Stormbite (dot),5083.0,0,0,338651,18696,49979,152719,196630,20319,271118,142263,327862,130067,181277,81294,12331,70427
23870,49500,Caustic Bite (dot),4066.0,0,0,338651,18696,54045,152719,196630,20319,271118,142263,327862,130067,181277,81294,12331,70427
48771,50241,Burst Shot,20266.0,0,0,358917,18696,54045,152719,196630,20319,271118,142263,327862,130067,181277,81294,12331,70427
48771,50241,Refulgent Arrow,9085.0,0,0,358917,18696,54045,152719,196630,20319,271118,142263,336947,130067,181277,81294,12331,70427
49421,51071,Heartbreak Shot,3555.0,0,0,358917,18696,54045,152719,200185,20319,271118,142263,336947,130067,181277,81294,12331,70427
51261,52331,Apex Arrow,8083.0,8083,0,358917,18696,54045,152719,200185,20319,271118,142263,336947,130067,181277,81294,12331,70427
51261,52331,Apex Arrow,1008.0,9091,0,358917,18696,54045,152719,200185,20319,271118,142263,336947,130067,181277,81294,12331,70427
51261,52331,Apex Arrow,3381.0,12472,0,358917,18696,54045,152719,200185,20319,271118,142263,336947,130067,181277,81294,12331,70427
51261,52331,Apex Arrow,4.0,12476,0,358917,18696,54045,152719,200185,20319,271118,142263,336947,130067,181277,81294,12331,70427
51261,52331,Apex Arrow,224.0,12700,0,358917,18696,54045,152719,200185,20319,271118,142263,336947,130067,181277,81294,12331,70427
51261,52331,Apex Arrow,57.0,12757,0,358917,18696,54045,152719,200185,20319,271118,142263,336947,130067,181277,81294,12331,70427
51261,52331,Apex Arrow,2520.0,15277,0,358917,18696,54045,152719,200185,20319,271118,142263,336947,130067,181277,81294,12331,70427
51261,52331,Apex Arrow,9461.0,24738,0,358917,18696,54045,152719,200185,20319,271118,142263,336947,130067,181277,81294,12331,70427
51261,52331,Apex Arrow,16937.0,41675,0,358917,18696,54045,152719,200185,20319,271118,142263,336947,130067,181277,81294,12331,70427
51261,52331,Apex Arrow,17930.0,59605,0,358917,18696,54045,152719,200185,20319,271118,142263,336947,130067,181277,81294,12331,70427
51261,52331,Apex Arrow,13730.0,73335,0,358917,18696,54045,152719,200185,20319,271118,142263,336947,130067,181277,81294,12331,70427
51680,52438,Shot,8399.0,73335,0,358917,18696,54045,152719,200185,20319,271118,142263,336947,130067,189676,81294,12331,70427
23870,52500,Caustic Bite (dot),4066.0,73335,0,358917,18696,58111,152719,200185,20319,271118,142263,336947,130067,189676,81294,12331,70427
23870,52500,Stormbite (dot),5083.0,73335,0,358917,18696,58111,152719,200185,20319,271118,142263,336947,130067,189676,81294,12331,75510
51881,53531,Heartbreak Shot,20961.0,73335,0,358917,18696,58111,152719,221146,20319,271118,142263,336947,130067,189676,81294,12331,75510
53751,55221,Refulgent Arrow,1750.0,73335,0,358917,18696,58111,152719,221146,20319,271118,142263,338697,130067,189676,81294,12331,75510
53751,55221,Burst Shot,4171.0,73335,0,363088,18696,58111,152719,221146,20319,271118,142263,338697,130067,189676,81294,12331,75510
53751,55401,Blast Arrow,69559.0,73335,69559,363088,18696,58111,152719,221146,20319,271118,142263,338697,130067,189676,81294,12331,75510
54720,55478,Shot,8399.0,73335,69559,363088,18696,58111,152719,221146,20319,271118,142263,338697,130067,198075,81294,12331,75510
23870,55500,Caustic Bite (dot),4066.0,73335,69559,363088,18696,62177,152719,221146,20319,271118,142263,338697,130067,198075,81294,12331,75510
23870,55500,Stormbite (dot),5083.0,73335,69559,363088,18696,62177,152719,221146,20319,271118,142263,338697,130067,198075,81294,12331,80593
55051,56701,Heartbreak Shot,11061.0,73335,69559,363088,18696,62177,152719,232207,20319,271118,142263,338697,130067,198075,81294,12331,80593
56241,57711,Refulgent Arrow,9208.0,73335,69559,363088,18696,62177,152719,232207,20319,271118,142263,347905,130067,198075,81294,12331,80593
56241,57711,Burst Shot,20170.0,73335,69559,383258,18696,62177,152719,232207,20319,271118,142263,347905,130067,198075,81294,12331,80593
23870,58500,Caustic Bite (dot),4066.0,73335,69559,383258,18696,66243,152719,232207,20319,271118,142263,347905,130067,198075,81294,12331,80593
23870,58500,Stormbite (dot),5083.0,73335,69559,383258,18696,66243,152719,232207,20319,271118,142263,347905,130067,198075,81294,12331,85676
57760,58518,Shot,8399.0,73335,69559,383258,18696,66243,152719,232207,20319,271118,142263,347905,130067,206474,81294,12331,85676
58731,60201,Burst Shot,20332.0,73335,69559,403590,18696,66243,152719,232207,20319,271118,142263,347905,130067,206474,81294,12331,85676
58731,60201,Refulgent Arrow,9002.0,73335,69559,403590,18696,66243,152719,232207,20319,271118,142263,356907,130067,206474,81294,12331,85676
59351,61001,Heartbreak Shot,19939.0,73335,69559,403590,18696,66243,152719,252146,20319,271118,142263,356907,130067,206474,81294,12331,85676
23870,61500,Caustic Bite (dot),4066.0,73335,69559,403590,18696,70309,152719,252146,20319,271118,142263,356907,130067,206474,81294,12331,85676
23870,61500,Stormbite (dot),5083.0,73335,69559,403590,18696,70309,152719,252146,20319,271118,142263,356907,130067,206474,81294,12331,90759
60800,61558,Shot,8399.0,73335,69559,403590,18696,70309,152719,252146,20319,271118,142263,356907,130067,214873,81294,12331,90759
61221,62691,Refulgent Arrow,8932.0,73335,69559,403590,18696,70309,152719,252146,20319,271118,142263,365839,130067,214873,81294,12331,90759
61221,62691,Burst Shot,20386.0,73335,69559,423976,18696,70309,152719,252146,20319,271118,142263,365839,130067,214873,81294,12331,90759
62020,63050,Empyreal Arrow,32390.0,73335,69559,423976,18696,70309,185109,252146,20319,271118,142263,365839,130067,214873,81294,12331,90759
62640,64290,Heartbreak Shot,19932.0,73335,69559,423976,18696,70309,185109,272078,20319,271118,142263,365839,130067,214873,81294,12331,90759
23870,64500,Caustic Bite (dot),4066.0,73335,69559,423976,18696,74375,185109,272078,20319,271118,142263,365839,130067,214873,81294,12331,90759
23870,64500,Stormbite (dot),5083.0,73335,69559,423976,18696,74375,185109,272078,20319,271118,142263,365839,130067,214873,81294,12331,95842
63840,64598,Shot,8399.0,73335,69559,423976,18696,74375,185109,272078,20319,271118,142263,365839,130067,223272,81294,12331,95842
63711,65181,Refulgent Arrow,9148.0,73335,69559,423976,18696,74375,185109,272078,20319,271118,142263,374987,130067,223272,81294,12331,95842
63711,65181,Burst Shot,20216.0,73335,69559,444192,18696,74375,185109,272078,20319,271118,142263,374987,130067,223272,81294,12331,95842
64331,65981,Heartbreak Shot,8422.0,73335,69559,444192,18696,74375,185109,280500,20319,271118,142263,374987,130067,223272,81294,12331,95842
23870,67500,Caustic Bite (dot),4066.0,73335,69559,444192,18696,78441,185109,280500,20319,271118,142263,374987,130067,223272,81294,12331,95842
23870,67500,Stormbite (dot),5083.0,73335,69559,444192,18696,78441,185109,280500,20319,271118,142263,374987,130067,223272,81294,12331,100925
66880,67638,Shot,8399.0,73335,69559,444192,18696,78441,185109,280500,20319,271118,142263,374987,130067,231671,81294,12331,100925
66201,67671,Refulgent Arrow,8960.0,73335,69559,444192,18696,78441,185109,280500,20319,271118,142263,383947,130067,231671,81294,12331,100925
66201,67671,Burst Shot,20364.0,73335,69559,464556,18696,78441,185109,280500,20319,271118,142263,383947,130067,231671,81294,12331,100925
66821,68471,Heartbreak Shot,20304.0,73335,69559,464556,18696,78441,185109,300804,20319,271118,142263,383947,130067,231671,81294,12331,100925
68691,69361,Iron Jaws,12454.0,73335,69559,464556,18696,78441,185109,300804,32773,271118,142263,383947,130067,231671,81294,12331,100925
68691,70500,Stormbite (dot),3115.0,73335,69559,464556,18696,78441,185109,300804,32773,271118,142263,383947,130067,231671,81294,12331,104040
68691,70500,Caustic Bite (dot),2491.0,73335,69559,464556,18696,80932,185109,300804,32773,271118,142263,383947,130067,231671,81294,12331,104040
69920,70678,Shot,8399.0,73335,69559,464556,18696,80932,185109,300804,32773,271118,142263,383947,130067,240070,81294,12331,104040
70170,70700,Sidewinder,49833.0,73335,69559,464556,18696,80932,185109,300804,32773,271118,142263,383947,130067,240070,131127,12331,104040
71181,72651,Burst Shot,13234.0,73335,69559,477790,18696,80932,185109,300804,32773,271118,142263,383947,130067,240070,131127,12331,104040
71181,72651,Refulgent Arrow,18035.0,73335,69559,477790,18696,80932,185109,300804,32773,271118,142263,401982,130067,240070,131127,12331,104040
71831,73481,Heartbreak Shot,9039.0,73335,69559,477790,18696,80932,185109,309843,32773,271118,142263,401982,130067,240070,131127,12331,104040
68691,73500,Caustic Bite (dot),2491.0,73335,69559,477790,18696,83423,185109,309843,32773,271118,142263,401982,130067,240070,131127,12331,104040
68691,73500,Stormbite (dot),3115.0,73335,69559,477790,18696,83423,185109,309843,32773,271118,142263,401982,130067,240070,131127,12331,107155
72960,73718,Shot,8399.0,73335,69559,477790,18696,83423,185109,309843,32773,271118,142263,401982,130067,248469,131127,12331,107155
73671,75141,Refulgent Arrow,9159.0,73335,69559,477790,18696,83423,185109,309843,32773,271118,142263,411141,130067,248469,131127,12331,107155
73671,75141,Burst Shot,20208.0,73335,69559,497998,18696,83423,185109,309843,32773,271118,142263,411141,130067,248469,131127,12331,107155
74321,75971,Heartbreak Shot,20138.0,73335,69559,497998,18696,83423,185109,329981,32773,271118,142263,411141,130067,248469,131127,12331,107155
68691,76500,Stormbite (dot),3115.0,73335,69559,497998,18696,83423,185109,329981,32773,271118,142263,411141,130067,248469,131127,12331,110270
68691,76500,Caustic Bite (dot),2491.0,73335,69559,497998,18696,85914,185109,329981,32773,271118,142263,411141,130067,248469,131127,12331,110270
76000,76758,Shot,8399.0,73335,69559,497998,18696,85914,185109,329981,32773,271118,142263,411141,130067,256868,131127,12331,110270
76162,77632,Refulgent Arrow,9134.0,73335,69559,497998,18696,85914,185109,329981,32773,271118,142263,420275,130067,256868,131127,12331,110270
76162,77632,Burst Shot,20227.0,73335,69559,518225,18696,85914,185109,329981,32773,271118,142263,420275,130067,256868,131127,12331,110270
77020,78050,Empyreal Arrow,32390.0,73335,69559,518225,18696,85914,217499,329981,32773,271118,142263,420275,130067,256868,131127,12331,110270
77640,79290,Heartbreak Shot,20183.0,73335,69559,518225,18696,85914,217499,350164,32773,271118,142263,420275,130067,256868,131127,12331,110270
68691,79500,Stormbite (dot),3115.0,73335,69559,518225,18696,85914,217499,350164,32773,271118,142263,420275,130067,256868,131127,12331,113385
68691,79500,Caustic Bite (dot),2491.0,73335,69559,518225,18696,88405,217499,350164,32773,271118,142263,420275,130067,256868,131127,12331,113385
79040,79798,Shot,8399.0,73335,69559,518225,18696,88405,217499,350164,32773,271118,142263,420275,130067,265267,131127,12331,113385
78652,80122,Refulgent Arrow,8827.0,73335,69559,518225,18696,88405,217499,350164,32773,271118,142263,429102,130067,265267,131127,12331,113385
78652,80122,Burst Shot,20469.0,73335,69559,538694,18696,88405,217499,350164,32773,271118,142263,429102,130067,265267,131127,12331,113385
79272,80922,Heartbreak Shot,8933.0,73335,69559,538694,18696,88405,217499,359097,32773,271118,142263,429102,130067,265267,131127,12331,113385
68691,82500,Stormbite (dot),3115.0,73335,69559,538694,18696,88405,217499,359097,32773,271118,142263,429102,130067,265267,131127,12331,116500
68691,82500,Caustic Bite (dot),2491.0,73335,69559,538694,18696,90896,217499,359097,32773,271118,142263,429102,130067,265267,131127,12331,116500
81142,82612,Refulgent Arrow,9085.0,73335,69559,538694,18696,90896,217499,359097,32773,271118,142263,438187,130067,265267,131127,12331,116500
81142,82612,Burst Shot,20266.0,73335,69559,558960,18696,90896,217499,359097,32773,271118,142263,438187,130067,265267,131127,12331,116500
82080,82838,Shot,8374.0,73335,69559,558960,18696,90896,217499,359097,32773,271118,142263,438187,130067,273641,131127,12331,116500
82382,84032,Heartbreak Shot,20024.0,73335,69559,558960,18696,90896,217499,379121,32773,271118,142263,438187,130067,273641,131127,12331,116500
83632,85102,Burst Shot,20235.0,73335,69559,579195,18696,90896,217499,379121,32773,271118,142263,438187,130067,273641,131127,12331,116500
83632,85102,Refulgent Arrow,9020.0,73335,69559,579195,18696,90896,217499,379121,32773,271118,142263,447207,130067,273641,131127,12331,116500
68691,85500,Caustic Bite (dot),2491.0,73335,69559,579195,18696,93387,217499,379121,32773,271118,142263,447207,130067,273641,131127,12331,116500
68691,85500,Stormbite (dot),3115.0,73335,69559,579195,18696,93387,217499,379121,32773,271118,142263,447207,130067,273641,131127,12331,119615
85120,85878,Shot,8374.0,73335,69559,579195,18696,93387,217499,379121,32773,271118,142263,447207,130067,282015,131127,12331,119615
86122,87592,Burst Shot,20208.0,73335,69559,599403,18696,93387,217499,379121,32773,271118,142263,447207,130067,282015,131127,12331,119615
86122,87592,Refulgent Arrow,9055.0,73335,69559,599403,18696,93387,217499,379121,32773,271118,142263,456262,130067,282015,131127,12331,119615
68691,88500,Caustic Bite (dot),2491.0,73335,69559,599403,18696,95878,217499,379121,32773,271118,142263,456262,130067,282015,131127,12331,119615
68691,88500,Stormbite (dot),3115.0,73335,69559,599403,18696,95878,217499,379121,32773,271118,142263,456262,130067,282015,131127,12331,122730
88160,88918,Shot,8374.0,73335,69559,599403,18696,95878,217499,379121,32773,271118,142263,456262,130067,290389,131127,12331,122730
88512,89982,Refulgent Arrow,9104.0,73335,69559,599403,18696,95878,217499,379121,32773,271118,142263,465366,130067,290389,131127,12331,122730
88512,89982,Burst Shot,20170.0,73335,69559,619573,18696,95878,217499,379121,32773,271118,142263,465366,130067,290389,131127,12331,122730
89162,90812,Heartbreak Shot,11336.0,73335,69559,619573,18696,95878,217499,390457,32773,271118,142263,465366,130067,290389,131127,12331,122730
68691,91500,Caustic Bite (dot),2491.0,73335,69559,619573,18696,98369,217499,390457,32773,271118,142263,465366,130067,290389,131127,12331,122730
68691,91500,Stormbite (dot),3115.0,73335,69559,619573,18696,98369,217499,390457,32773,271118,142263,465366,130067,290389,131127,12331,125845
91200,91958,Shot,8374.0,73335,69559,619573,18696,98369,217499,390457,32773,271118,142263,465366,130067,298763,131127,12331,125845
90802,92272,Burst Shot,20334.0,73335,69559,639907,18696,98369,217499,390457,32773,271118,142263,465366,130067,298763,131127,12331,125845
90802,92272,Refulgent Arrow,8895.0,73335,69559,639907,18696,98369,217499,390457,32773,271118,142263,474261,130067,298763,131127,12331,125845
92020,93050,Empyreal Arrow,32293.0,73335,69559,639907,18696,98369,249792,390457,32773,271118,142263,474261,130067,298763,131127,12331,125845
92992,94462,Refulgent Arrow,9170.0,73335,69559,639907,18696,98369,249792,390457,32773,271118,142263,483431,130067,298763,131127,12331,125845
92992,94462,Burst Shot,20118.0,73335,69559,660025,18696,98369,249792,390457,32773,271118,142263,483431,130067,298763,131127,12331,125845
68691,94500,Caustic Bite (dot),2491.0,73335,69559,660025,18696,100860,249792,390457,32773,271118,142263,483431,130067,298763,131127,12331,125845
68691,94500,Stormbite (dot),3115.0,73335,69559,660025,18696,100860,249792,390457,32773,271118,142263,483431,130067,298763,131127,12331,128960
94240,94998,Shot,8374.0,73335,69559,660025,18696,100860,249792,390457,32773,271118,142263,483431,130067,307137,131127,12331,128960
95082,96552,Refulgent Arrow,9208.0,73335,69559,660025,18696,100860,249792,390457,32773,271118,142263,492639,130067,307137,131127,12331,128960
95082,96552,Burst Shot,20088.0,73335,69559,680113,18696,100860,249792,390457,32773,271118,142263,492639,130067,307137,131127,12331,128960
68691,97500,Stormbite (dot),3115.0,73335,69559,680113,18696,100860,249792,390457,32773,271118,142263,492639,130067,307137,131127,12331,132075
68691,97500,Caustic Bite (dot),2491.0,73335,69559,680113,18696,103351,249792,390457,32773,271118,142263,492639,130067,307137,131127,12331,132075
96382,98032,Heartbreak Shot,11014.0,73335,69559,680113,18696,103351,249792,401471,32773,271118,142263,492639,130067,307137,131127,12331,132075
97280,98038,Shot,8374.0,73335,69559,680113,18696,103351,249792,401471,32773,271118,142263,492639,130067,315511,131127,12331,132075
97172,98642,Burst Shot,20339.0,73335,69559,700452,18696,103351,249792,401471,32773,271118,142263,492639,130067,315511,131127,12331,132075
97172,98642,Refulgent Arrow,8888.0,73335,69559,700452,18696,103351,249792,401471,32773,271118,142263,501527,130067,315511,131127,12331,132075
68691,100500,Caustic Bite (dot),2491.0,73335,69559,700452,18696,105842,249792,401471,32773,271118,142263,501527,130067,315511,131127,12331,132075
68691,100500,Stormbite (dot),3115.0,73335,69559,700452,18696,105842,249792,401471,32773,271118,142263,501527,130067,315511,131127,12331,135190
99262,100732,Burst Shot,20260.0,73335,69559,720712,18696,105842,249792,401471,32773,271118,142263,501527,130067,315511,131127,12331,135190
99262,100732,Refulgent Arrow,8989.0,73335,69559,720712,18696,105842,249792,401471,32773,271118,142263,510516,130067,315511,131127,12331,135190
100320,101078,Shot,8374.0,73335,69559,720712,18696,105842,249792,401471,32773,271118,142263,510516,130067,323885,131127,12331,135190
101352,102822,Refulgent Arrow,8867.0,73335,69559,720712,18696,105842,249792,401471,32773,271118,142263,519383,130067,323885,131127,12331,135190
101352,102822,Burst Shot,20356.0,73335,69559,741068,18696,105842,249792,401471,32773,271118,142263,519383,130067,323885,131127,12331,135190
68691,103500,Stormbite (dot),3115.0,73335,69559,741068,18696,105842,249792,401471,32773,271118,142263,519383,130067,323885,131127,12331,138305
68691,103500,Caustic Bite (dot),2491.0,73335,69559,741068,18696,108333,249792,401471,32773,271118,142263,519383,130067,323885,131127,12331,138305
103360,104118,Shot,8374.0,73335,69559,741068,18696,108333,249792,401471,32773,271118,142263,519383,130067,332259,131127,12331,138305
103442,104912,Burst Shot,20224.0,73335,69559,761292,18696,108333,249792,401471,32773,271118,142263,519383,130067,332259,131127,12331,138305
103442,104912,Refulgent Arrow,9034.0,73335,69559,761292,18696,108333,249792,401471,32773,271118,142263,528417,130067,332259,131127,12331,138305
105532,106202,Iron Jaws,12417.0,73335,69559,761292,18696,108333,249792,401471,45190,271118,142263,528417,130067,332259,131127,12331,138305
105532,106500,Stormbite (dot),3106.0,73335,69559,761292,18696,108333,249792,401471,45190,271118,142263,528417,130067,332259,131127,12331,141411
105532,106500,Caustic Bite (dot),2484.0,73335,69559,761292,18696,110817,249792,401471,45190,271118,142263,528417,130067,332259,131127,12331,141411
106400,107158,Shot,8374.0,73335,69559,761292,18696,110817,249792,401471,45190,271118,142263,528417,130067,340633,131127,12331,141411
107622,109092,Refulgent Arrow,18326.0,73335,69559,761292,18696,110817,249792,401471,45190,271118,142263,546743,130067,340633,131127,12331,141411
107622,109092,Burst Shot,12924.0,73335,69559,774216,18696,110817,249792,401471,45190,271118,142263,546743,130067,340633,131127,12331,141411
108242,109272,Empyreal Arrow,32293.0,73335,69559,774216,18696,110817,282085,401471,45190,271118,142263,546743,130067,340633,131127,12331,141411
105532,109500,Caustic Bite (dot),2484.0,73335,69559,774216,18696,113301,282085,401471,45190,271118,142263,546743,130067,340633,131127,12331,141411
105532,109500,Stormbite (dot),3106.0,73335,69559,774216,18696,113301,282085,401471,45190,271118,142263,546743,130067,340633,131127,12331,144517
109440,110198,Shot,8374.0,73335,69559,774216,18696,113301,282085,401471,45190,271118,142263,546743,130067,349007,131127,12331,144517
109712,111182,Refulgent Arrow,8874.0,73335,69559,774216,18696,113301,282085,401471,45190,271118,142263,555617,130067,349007,131127,12331,144517
109712,111182,Burst Shot,20350.0,73335,69559,794566,18696,113301,282085,401471,45190,271118,142263,555617,130067,349007,131127,12331,144517
105532,112500,Caustic Bite (dot),2484.0,73335,69559,794566,18696,115785,282085,401471,45190,271118,142263,555617,130067,349007,131127,12331,144517
105532,112500,Stormbite (dot),3106.0,73335,69559,794566,18696,115785,282085,401471,45190,271118,142263,555617,130067,349007,131127,12331,147623
112480,113238,Shot,8374.0,73335,69559,794566,18696,115785,282085,401471,45190,271118,142263,555617,130067,357381,131127,12331,147623
111802,113272,Refulgent Arrow,9215.0,73335,69559,794566,18696,115785,282085,401471,45190,271118,142263,564832,130067,357381,131127,12331,147623
111802,113272,Burst Shot,20082.0,73335,69559,814648,18696,115785,282085,401471,45190,271118,142263,564832,130067,357381,131127,12331,147623
113892,115362,Burst Shot,20274.0,73335,69559,834922,18696,115785,282085,401471,45190,271118,142263,564832,130067,357381,131127,12331,147623
113892,115362,Refulgent Arrow,8971.0,73335,69559,834922,18696,115785,282085,401471,45190,271118,142263,573803,130067,357381,131127,12331,147623
105532,115500,Stormbite (dot),3106.0,73335,69559,834922,18696,115785,282085,401471,45190,271118,142263,573803,130067,357381,131127,12331,150729
105532,115500,Caustic Bite (dot),2484.0,73335,69559,834922,18696,118269,282085,401471,45190,271118,142263,573803,130067,357381,131127,12331,150729
115520,116278,Shot,8374.0,73335,69559,834922,18696,118269,282085,401471,45190,271118,142263,573803,130067,365755,131127,12331,150729
115982,117452,Refulgent Arrow,9083.0,73335,69559,834922,18696,118269,282085,401471,45190,271118,142263,582886,130067,365755,131127,12331,150729
115982,117452,Burst Shot,20186.0,73335,69559,855108,18696,118269,282085,401471,45190,271118,142263,582886,130067,365755,131127,12331,150729
105532,118500,Caustic Bite (dot),2484.0,73335,69559,855108,18696,120753,282085,401471,45190,271118,142263,582886,130067,365755,131127,12331,150729
105532,118500,Stormbite (dot),3106.0,73335,69559,855108,18696,120753,282085,401471,45190,271118,142263,582886,130067,365755,131127,12331,153835
118560,119318,Shot,8374.0,73335,69559,855108,18696,120753,282085,401471,45190,271118,142263,582886,130067,374129,131127,12331,153835
118072,119542,Refulgent Arrow,8808.0,73335,69559,855108,18696,120753,282085,401471,45190,271118,142263,591694,130067,374129,131127,12331,153835
118072,119542,Burst Shot,20402.0,73335,69559,875510,18696,120753,282085,401471,45190,271118,142263,591694,130067,374129,131127,12331,153835
105532,121500,Stormbite (dot),3106.0,73335,69559,875510,18696,120753,282085,401471,45190,271118,142263,591694,130067,374129,131127,12331,156941
105532,121500,Caustic Bite (dot),2484.0,73335,69559,875510,18696,123237,282085,401471,45190,271118,142263,591694,130067,374129,131127,12331,156941
120162,121632,Refulgent Arrow,9020.0,73335,69559,875510,18696,123237,282085,401471,45190,271118,142263,600714,130067,374129,131127,12331,156941
120162,121632,Burst Shot,20235.0,73335,69559,895745,18696,123237,282085,401471,45190,271118,142263,600714,130067,374129,131127,12331,156941
121600,122358,Shot,8405.0,73335,69559,895745,18696,123237,282085,401471,45190,271118,142263,600714,130067,382534,131127,12331,156941
122252,123722,Burst Shot,20477.0,73335,69559,916222,18696,123237,282085,401471,45190,271118,142263,600714,130067,382534,131127,12331,156941
122252,123722,Refulgent Arrow,8840.0,73335,69559,916222,18696,123237,282085,401471,45190,271118,142263,609554,130067,382534,131127,12331,156941
123242,124272,Empyreal Arrow,32412.0,73335,69559,916222,18696,123237,314497,401471,45190,271118,142263,609554,130067,382534,131127,12331,156941
105532,124500,Stormbite (dot),3106.0,73335,69559,916222,18696,123237,314497,401471,45190,271118,142263,609554,130067,382534,131127,12331,160047
105532,124500,Caustic Bite (dot),2484.0,73335,69559,916222,18696,125721,314497,401471,45190,271118,142263,609554,130067,382534,131127,12331,160047
124640,125398,Shot,8405.0,73335,69559,916222,18696,125721,314497,401471,45190,271118,142263,609554,130067,390939,131127,12331,160047
124442,125912,Burst Shot,20408.0,73335,69559,936630,18696,125721,314497,401471,45190,271118,142263,609554,130067,390939,131127,12331,160047
124442,125912,Refulgent Arrow,8928.0,73335,69559,936630,18696,125721,314497,401471,45190,271118,142263,618482,130067,390939,131127,12331,160047
105532,127500,Stormbite (dot),3106.0,73335,69559,936630,18696,125721,314497,401471,45190,271118,142263,618482,130067,390939,131127,12331,163153
105532,127500,Caustic Bite (dot),2484.0,73335,69559,936630,18696,128205,314497,401471,45190,271118,142263,618482,130067,390939,131127,12331,163153
126632,128102,Refulgent Arrow,12137.0,73335,69559,936630,18696,128205,314497,401471,45190,271118,142263,630619,130067,390939,131127,12331,163153
126632,128102,Burst Shot,27789.0,73335,69559,964419,18696,128205,314497,401471,45190,271118,142263,630619,130067,390939,131127,12331,163153
127680,128438,Shot,11439.0,73335,69559,964419,18696,128205,314497,401471,45190,271118,142263,630619,130067,402378,131127,12331,163153
127872,128672,Pitch Perfect,44681.0,73335,69559,964419,18696,128205,314497,401471,45190,315799,142263,630619,130067,402378,131127,12331,163153
127872,129522,Heartbreak Shot,12778.0,73335,69559,964419,18696,128205,314497,414249,45190,315799,142263,630619,130067,402378,131127,12331,163153
128822,129892,Apex Arrow,136324.0,209659,69559,964419,18696,128205,314497,414249,45190,315799,142263,630619,130067,402378,131127,12331,163153
128822,129892,Apex Arrow,86.0,209745,69559,964419,18696,128205,314497,414249,45190,315799,142263,630619,130067,402378,131127,12331,163153
128822,129892,Apex Arrow,142.0,209887,69559,964419,18696,128205,314497,414249,45190,315799,142263,630619,130067,402378,131127,12331,163153
128822,129892,Apex Arrow,23.0,209910,69559,964419,18696,128205,314497,414249,45190,315799,142263,630619,130067,402378,131127,12331,163153
105532,130500,Stormbite (dot),3106.0,209910,69559,964419,18696,128205,314497,414249,45190,315799,142263,630619,130067,402378,131127,12331,166259
105532,130500,Caustic Bite (dot),2484.0,209910,69559,964419,18696,130689,314497,414249,45190,315799,142263,630619,130067,402378,131127,12331,166259
130062,130862,Pitch Perfect,18354.0,209910,69559,964419,18696,130689,314497,414249,45190,334153,142263,630619,130067,402378,131127,12331,166259
129442,131092,Heartbreak Shot,35114.0,209910,69559,964419,18696,130689,314497,449363,45190,334153,142263,630619,130067,402378,131127,12331,166259
130720,131478,Shot,13155.0,209910,69559,964419,18696,130689,314497,449363,45190,334153,142263,630619,130067,415533,131127,12331,166259
130062,131712,Heartbreak Shot,22336.0,209910,69559,964419,18696,130689,314497,471699,45190,334153,142263,630619,130067,415533,131127,12331,166259
131632,132162,Sidewinder,78053.0,209910,69559,964419,18696,130689,314497,471699,45190,334153,142263,630619,130067,415533,209180,12331,166259
131012,132662,Blast Arrow,136597.0,209910,206156,964419,18696,130689,314497,471699,45190,334153,142263,630619,130067,415533,209180,12331,166259
105532,133500,Caustic Bite (dot),2484.0,209910,206156,964419,18696,133173,314497,471699,45190,334153,142263,630619,130067,415533,209180,12331,166259
105532,133500,Stormbite (dot),3106.0,209910,206156,964419,18696,133173,314497,471699,45190,334153,142263,630619,130067,415533,209180,12331,169365
133760,134518,Shot,13155.0,209910,206156,964419,18696,133173,314497,471699,45190,334153,142263,630619,130067,428688,209180,12331,169365
134122,134922,Pitch Perfect,5317.0,209910,206156,964419,18696,133173,314497,471699,45190,339470,142263,630619,130067,428688,209180,12331,169365
133502,135462,Radiant Encore,214654.0,209910,206156,964419,18696,133173,314497,471699,45190,339470,356917,630619,130067,428688,209180,12331,169365
134122,135772,Heartbreak Shot,16510.0,209910,206156,964419,18696,133173,314497,488209,45190,339470,356917,630619,130067,428688,209180,12331,169365
134772,136422,Heartbreak Shot,1299.0,209910,206156,964419,18696,133173,314497,489508,45190,339470,356917,630619,130067,428688,209180,12331,169365
105532,136500,Stormbite (dot),3106.0,209910,206156,964419,18696,133173,314497,489508,45190,339470,356917,630619,130067,428688,209180,12331,172471
105532,136500,Caustic Bite (dot),2484.0,209910,206156,964419,18696,135657,314497,489508,45190,339470,356917,630619,130067,428688,209180,12331,172471
136642,137442,Pitch Perfect,23995.0,209910,206156,964419,18696,135657,314497,489508,45190,363465,356917,630619,130067,428688,209180,12331,172471
135992,137462,Refulgent Arrow,54631.0,209910,206156,964419,18696,135657,314497,489508,45190,363465,356917,685250,130067,428688,209180,12331,172471
136800,137558,Shot,13155.0,209910,206156,964419,18696,135657,314497,489508,45190,363465,356917,685250,130067,441843,209180,12331,172471
135992,137582,Refulgent Arrow,54631.0,209910,206156,964419,18696,135657,314497,489508,45190,363465,356917,739881,130067,441843,209180,12331,172471
135992,137702,Refulgent Arrow,54631.0,209910,206156,964419,18696,135657,314497,489508,45190,363465,356917,794512,130067,441843,209180,12331,172471
138242,139272,Empyreal Arrow,50733.0,209910,206156,964419,18696,135657,365230,489508,45190,363465,356917,794512,130067,441843,209180,12331,172471
105532,139500,Stormbite (dot),3106.0,209910,206156,964419,18696,135657,365230,489508,45190,363465,356917,794512,130067,441843,209180,12331,175577
105532,139500,Caustic Bite (dot),2484.0,209910,206156,964419,18696,138141,365230,489508,45190,363465,356917,794512,130067,441843,209180,12331,175577
138862,140022,Resonant Arrow,124882.0,209910,206156,964419,18696,138141,365230,489508,45190,363465,356917,794512,254949,441843,209180,12331,175577
139482,140282,Pitch Perfect,41176.0,209910,206156,964419,18696,138141,365230,489508,45190,404641,356917,794512,254949,441843,209180,12331,175577
139840,140598,Shot,13155.0,209910,206156,964419,18696,138141,365230,489508,45190,404641,356917,794512,254949,454998,209180,12331,175577
105532,142500,Stormbite (dot),3106.0,209910,206156,964419,18696,138141,365230,489508,45190,404641,356917,794512,254949,454998,209180,12331,178683
105532,142500,Caustic Bite (dot),2484.0,209910,206156,964419,18696,140625,365230,489508,45190,404641,356917,794512,254949,454998,209180,12331,178683
142002,142802,Pitch Perfect,19106.0,209910,206156,964419,18696,140625,365230,489508,45190,423747,356917,794512,254949,454998,209180,12331,178683
141352,142822,Burst Shot,31695.0,209910,206156,996114,18696,140625,365230,489508,45190,423747,356917,794512,254949,454998,209180,12331,178683
141352,142822,Refulgent Arrow,14291.0,209910,206156,996114,18696,140625,365230,489508,45190,423747,356917,808803,254949,454998,209180,12331,178683
142880,143638,Shot,13155.0,209910,206156,996114,18696,140625,365230,489508,45190,423747,356917,808803,254949,468153,209180,12331,178683
142002,143652,Heartbreak Shot,12620.0,209910,206156,996114,18696,140625,365230,502128,45190,423747,356917,808803,254949,468153,209180,12331,178683
142652,144302,Heartbreak Shot,4684.0,209910,206156,996114,18696,140625,365230,506812,45190,423747,356917,808803,254949,468153,209180,12331,178683
143842,144512,Iron Jaws,19507.0,209910,206156,996114,18696,140625,365230,506812,64697,423747,356917,808803,254949,468153,209180,12331,178683
143842,145500,Caustic Bite (dot),3902.0,209910,206156,996114,18696,144527,365230,506812,64697,423747,356917,808803,254949,468153,209180,12331,178683
143842,145500,Stormbite (dot),4879.0,209910,206156,996114,18696,144527,365230,506812,64697,423747,356917,808803,254949,468153,209180,12331,183562
145112,145912,Pitch Perfect,7024.0,209910,206156,996114,18696,144527,365230,506812,64697,430771,356917,808803,254949,468153,209180,12331,183562
145920,146678,Shot,12571.0,209910,206156,996114,18696,144527,365230,506812,64697,430771,356917,808803,254949,480724,209180,12331,183562
146332,147802,Refulgent Arrow,22741.0,209910,206156,996114,18696,144527,365230,506812,64697,430771,356917,831544,254949,480724,209180,12331,183562
146332,147802,Burst Shot,16901.0,209910,206156,1013015,18696,144527,365230,506812,64697,430771,356917,831544,254949,480724,209180,12331,183562
143842,148500,Caustic Bite (dot),3902.0,209910,206156,1013015,18696,148429,365230,506812,64697,430771,356917,831544,254949,480724,209180,12331,183562
143842,148500,Stormbite (dot),4879.0,209910,206156,1013015,18696,148429,365230,506812,64697,430771,356917,831544,254949,480724,209180,12331,188441
148960,149718,Shot,8405.0,209910,206156,1013015,18696,148429,365230,506812,64697,430771,356917,831544,254949,489129,209180,12331,188441
149472,150272,Pitch Perfect,14827.0,209910,206156,1013015,18696,148429,365230,506812,64697,445598,356917,831544,254949,489129,209180,12331,188441
148822,150292,Burst Shot,20271.0,209910,206156,1033286,18696,148429,365230,506812,64697,445598,356917,831544,254949,489129,209180,12331,188441
148822,150292,Refulgent Arrow,9102.0,209910,206156,1033286,18696,148429,365230,506812,64697,445598,356917,840646,254949,489129,209180,12331,188441
149472,151122,Heartbreak Shot,7551.0,209910,206156,1033286,18696,148429,365230,514363,64697,445598,356917,840646,254949,489129,209180,12331,188441
143842,151500,Caustic Bite (dot),3902.0,209910,206156,1033286,18696,152331,365230,514363,64697,445598,356917,840646,254949,489129,209180,12331,188441
143842,151500,Stormbite (dot),4879.0,209910,206156,1033286,18696,152331,365230,514363,64697,445598,356917,840646,254949,489129,209180,12331,193320
150122,151772,Heartbreak Shot,3827.0,209910,206156,1033286,18696,152331,365230,518190,64697,445598,356917,840646,254949,489129,209180,12331,193320
152000,152758,Shot,8405.0,209910,206156,1033286,18696,152331,365230,518190,64697,445598,356917,840646,254949,497534,209180,12331,193320
151962,152762,Pitch Perfect,14661.0,209910,206156,1033286,18696,152331,365230,518190,64697,460259,356917,840646,254949,497534,209180,12331,193320
151312,152782,Burst Shot,20458.0,209910,206156,1053744,18696,152331,365230,518190,64697,460259,356917,840646,254949,497534,209180,12331,193320
151312,152782,Refulgent Arrow,8865.0,209910,206156,1053744,18696,152331,365230,518190,64697,460259,356917,849511,254949,497534,209180,12331,193320
143842,154500,Caustic Bite (dot),3902.0,209910,206156,1053744,18696,156233,365230,518190,64697,460259,356917,849511,254949,497534,209180,12331,193320
143842,154500,Stormbite (dot),4879.0,209910,206156,1053744,18696,156233,365230,518190,64697,460259,356917,849511,254949,497534,209180,12331,198199
153802,155272,Refulgent Arrow,9207.0,209910,206156,1053744,18696,156233,365230,518190,64697,460259,356917,858718,254949,497534,209180,12331,198199
153802,155272,Burst Shot,20189.0,209910,206156,1073933,18696,156233,365230,518190,64697,460259,356917,858718,254949,497534,209180,12331,198199
154422,155452,Empyreal Arrow,32412.0,209910,206156,1073933,18696,156233,397642,518190,64697,460259,356917,858718,254949,497534,209180,12331,198199
155040,155798,Shot,8405.0,209910,206156,1073933,18696,156233,397642,518190,64697,460259,356917,858718,254949,505939,209180,12331,198199
155042,155842,Pitch Perfect,23991.0,209910,206156,1073933,18696,156233,397642,518190,64697,484250,356917,858718,254949,505939,209180,12331,198199
143842,157500,Caustic Bite (dot),3902.0,209910,206156,1073933,18696,160135,397642,518190,64697,484250,356917,858718,254949,505939,209180,12331,198199
143842,157500,Stormbite (dot),4879.0,209910,206156,1073933,18696,160135,397642,518190,64697,484250,356917,858718,254949,505939,209180,12331,203078
156942,157742,Pitch Perfect,14037.0,209910,206156,1073933,18696,160135,397642,518190,64697,498287,356917,858718,254949,505939,209180,12331,203078
156292,157762,Refulgent Arrow,8771.0,209910,206156,1073933,18696,160135,397642,518190,64697,498287,356917,867489,254949,505939,209180,12331,203078
156292,157762,Burst Shot,20532.0,209910,206156,1094465,18696,160135,397642,518190,64697,498287,356917,867489,254949,505939,209180,12331,203078
156942,158592,Heartbreak Shot,7658.0,209910,206156,1094465,18696,160135,397642,525848,64697,498287,356917,867489,254949,505939,209180,12331,203078
158080,158838,Shot,8405.0,209910,206156,1094465,18696,160135,397642,525848,64697,498287,356917,867489,254949,514344,209180,12331,203078
157592,159242,Heartbreak Shot,3396.0,209910,206156,1094465,18696,160135,397642,529244,64697,498287,356917,867489,254949,514344,209180,12331,203078
158782,160252,Refulgent Arrow,9364.0,209910,206156,1094465,18696,160135,397642,529244,64697,498287,356917,876853,254949,514344,209180,12331,203078
158782,160252,Burst Shot,20066.0,209910,206156,1114531,18696,160135,397642,529244,64697,498287,356917,876853,254949,514344,209180,12331,203078
143842,160500,Caustic Bite (dot),3902.0,209910,206156,1114531,18696,164037,397642,529244,64697,498287,356917,876853,254949,514344,209180,12331,203078
143842,160500,Stormbite (dot),4879.0,209910,206156,1114531,18696,164037,397642,529244,64697,498287,356917,876853,254949,514344,209180,12331,207957
160082,160882,Pitch Perfect,4896.0,209910,206156,1114531,18696,164037,397642,529244,64697,503183,356917,876853,254949,514344,209180,12331,207957
161120,161878,Shot,8405.0,209910,206156,1114531,18696,164037,397642,529244,64697,503183,356917,876853,254949,522749,209180,12331,207957
161272,162742,Refulgent Arrow,8683.0,209910,206156,1114531,18696,164037,397642,529244,64697,503183,356917,885536,254949,522749,209180,12331,207957
161272,162742,Burst Shot,20600.0,209910,206156,1135131,18696,164037,397642,529244,64697,503183,356917,885536,254949,522749,209180,12331,207957
143842,163500,Caustic Bite (dot),3902.0,209910,206156,1135131,18696,167939,397642,529244,64697,503183,356917,885536,254949,522749,209180,12331,207957
143842,163500,Stormbite (dot),4879.0,209910,206156,1135131,18696,167939,397642,529244,64697,503183,356917,885536,254949,522749,209180,12331,212836
164160,164918,Shot,8405.0,209910,206156,1135131,18696,167939,397642,529244,64697,503183,356917,885536,254949,531154,209180,12331,212836
164382,165182,Pitch Perfect,11416.0,209910,206156,1135131,18696,167939,397642,529244,64697,514599,356917,885536,254949,531154,209180,12331,212836
164382,165182,Pitch Perfect,2953.0,209910,206156,1135131,18696,167939,397642,529244,64697,517552,356917,885536,254949,531154,209180,12331,212836
164382,165182,Pitch Perfect,13786.0,209910,206156,1135131,18696,167939,397642,529244,64697,531338,356917,885536,254949,531154,209180,12331,212836
163762,165232,Refulgent Arrow,9392.0,209910,206156,1135131,18696,167939,397642,529244,64697,531338,356917,894928,254949,531154,209180,12331,212836
163762,165232,Burst Shot,20044.0,209910,206156,1155175,18696,167939,397642,529244,64697,531338,356917,894928,254949,531154,209180,12331,212836
164382,166032,Heartbreak Shot,435.0,209910,206156,1155175,18696,167939,397642,529679,64697,531338,356917,894928,254949,531154,209180,12331,212836
143842,166500,Stormbite (dot),4879.0,209910,206156,1155175,18696,167939,397642,529679,64697,531338,356917,894928,254949,531154,209180,12331,217715
143842,166500,Caustic Bite (dot),3902.0,209910,206156,1155175,18696,171841,397642,529679,64697,531338,356917,894928,254949,531154,209180,12331,217715
165032,166682,Heartbreak Shot,10935.0,209910,206156,1155175,18696,171841,397642,540614,64697,531338,356917,894928,254949,531154,209180,12331,217715
166252,167722,Refulgent Arrow,9208.0,209910,206156,1155175,18696,171841,397642,540614,64697,531338,356917,904136,254949,531154,209180,12331,217715
166252,167722,Burst Shot,20170.0,209910,206156,1175345,18696,171841,397642,540614,64697,531338,356917,904136,254949,531154,209180,12331,217715
167200,167958,Shot,8399.0,209910,206156,1175345,18696,171841,397642,540614,64697,531338,356917,904136,254949,539553,209180,12331,217715
143842,169500,Caustic Bite (dot),3902.0,209910,206156,1175345,18696,175743,397642,540614,64697,531338,356917,904136,254949,539553,209180,12331,217715
143842,169500,Stormbite (dot),4879.0,209910,206156,1175345,18696,175743,397642,540614,64697,531338,356917,904136,254949,539553,209180,12331,222594
168742,170212,Burst Shot,20364.0,209910,206156,1195709,18696,175743,397642,540614,64697,531338,356917,904136,254949,539553,209180,12331,222594
168742,170212,Refulgent Arrow,8960.0,209910,206156,1195709,18696,175743,397642,540614,64697,531338,356917,913096,254949,539553,209180,12331,222594
169422,170452,Empyreal Arrow,32390.0,209910,206156,1195709,18696,175743,430032,540614,64697,531338,356917,913096,254949,539553,209180,12331,222594
170240,170998,Shot,8399.0,209910,206156,1195709,18696,175743,430032,540614,64697,531338,356917,913096,254949,547952,209180,12331,222594
170042,171692,Heartbreak Shot,20091.0,209910,206156,1195709,18696,175743,430032,560705,64697,531338,356917,913096,254949,547952,209180,12331,222594
143842,172500,Caustic Bite (dot),3902.0,209910,206156,1195709,18696,179645,430032,560705,64697,531338,356917,913096,254949,547952,209180,12331,222594
143842,172500,Stormbite (dot),4879.0,209910,206156,1195709,18696,179645,430032,560705,64697,531338,356917,913096,254949,547952,209180,12331,227473
171233,172703,Burst Shot,20255.0,209910,206156,1215964,18696,179645,430032,560705,64697,531338,356917,913096,254949,547952,209180,12331,227473
171233,172703,Refulgent Arrow,9099.0,209910,206156,1215964,18696,179645,430032,560705,64697,531338,356917,922195,254949,547952,209180,12331,227473
171853,173503,Heartbreak Shot,20205.0,209910,206156,1215964,18696,179645,430032,580910,64697,531338,356917,922195,254949,547952,209180,12331,227473
173280,174038,Shot,8399.0,209910,206156,1215964,18696,179645,430032,580910,64697,531338,356917,922195,254949,556351,209180,12331,227473
173723,175193,Burst Shot,20293.0,209910,206156,1236257,18696,179645,430032,580910,64697,531338,356917,922195,254949,556351,209180,12331,227473
173723,175193,Refulgent Arrow,9051.0,209910,206156,1236257,18696,179645,430032,580910,64697,531338,356917,931246,254949,556351,209180,12331,227473
143842,175500,Stormbite (dot),4879.0,209910,206156,1236257,18696,179645,430032,580910,64697,531338,356917,931246,254949,556351,209180,12331,232352
143842,175500,Caustic Bite (dot),3902.0,209910,206156,1236257,18696,183547,430032,580910,64697,531338,356917,931246,254949,556351,209180,12331,232352
174343,175993,Heartbreak Shot,8967.0,209910,206156,1236257,18696,183547,430032,589877,64697,531338,356917,931246,254949,556351,209180,12331,232352
176320,177078,Shot,8399.0,209910,206156,1236257,18696,183547,430032,589877,64697,531338,356917,931246,254949,564750,209180,12331,232352
176213,177683,Burst Shot,20173.0,209910,206156,1256430,18696,183547,430032,589877,64697,531338,356917,931246,254949,564750,209180,12331,232352
176213,177683,Refulgent Arrow,9204.0,209910,206156,1256430,18696,183547,430032,589877,64697,531338,356917,940450,254949,564750,209180,12331,232352
143842,178500,Stormbite (dot),4879.0,209910,206156,1256430,18696,183547,430032,589877,64697,531338,356917,940450,254949,564750,209180,12331,237231
143842,178500,Caustic Bite (dot),3902.0,209910,206156,1256430,18696,187449,430032,589877,64697,531338,356917,940450,254949,564750,209180,12331,237231
177513,179163,Heartbreak Shot,8884.0,209910,206156,1256430,18696,187449,430032,598761,64697,531338,356917,940450,254949,564750,209180,12331,237231
179360,180118,Shot,8399.0,209910,206156,1256430,18696,187449,430032,598761,64697,531338,356917,940450,254949,573149,209180,12331,237231
178703,180173,Burst Shot,20364.0,209910,206156,1276794,18696,187449,430032,598761,64697,531338,356917,940450,254949,573149,209180,12331,237231
178703,180173,Refulgent Arrow,8960.0,209910,206156,1276794,18696,187449,430032,598761,64697,531338,356917,949410,254949,573149,209180,12331,237231
179353,181003,Heartbreak Shot,11274.0,209910,206156,1276794,18696,187449,430032,610035,64697,531338,356917,949410,254949,573149,209180,12331,237231
143842,181500,Caustic Bite (dot),3902.0,209910,206156,1276794,18696,191351,430032,610035,64697,531338,356917,949410,254949,573149,209180,12331,237231
143842,181500,Stormbite (dot),4879.0,209910,206156,1276794,18696,191351,430032,610035,64697,531338,356917,949410,254949,573149,209180,12331,242110
180003,181653,Heartbreak Shot,8976.0,209910,206156,1276794,18696,191351,430032,619011,64697,531338,356917,949410,254949,573149,209180,12331,242110
181193,182663,Burst Shot,20430.0,209910,206156,1297224,18696,191351,430032,619011,64697,531338,356917,949410,254949,573149,209180,12331,242110
181193,182663,Refulgent Arrow,8876.0,209910,206156,1297224,18696,191351,430032,619011,64697,531338,356917,958286,254949,573149,209180,12331,242110
182400,183158,Shot,8399.0,209910,206156,1297224,18696,191351,430032,619011,64697,531338,356917,958286,254949,581548,209180,12331,242110
143842,184500,Caustic Bite (dot),3902.0,209910,206156,1297224,18696,195253,430032,619011,64697,531338,356917,958286,254949,581548,209180,12331,242110
143842,184500,Stormbite (dot),4879.0,209910,206156,1297224,18696,195253,430032,619011,64697,531338,356917,958286,254949,581548,209180,12331,246989
183683,185153,Refulgent Arrow,8932.0,209910,206156,1297224,18696,195253,430032,619011,64697,531338,356917,967218,254949,581548,209180,12331,246989
183683,185153,Burst Shot,20386.0,209910,206156,1317610,18696,195253,430032,619011,64697,531338,356917,967218,254949,581548,209180,12331,246989
184422,185452,Empyreal Arrow,32390.0,209910,206156,1317610,18696,195253,462422,619011,64697,531338,356917,967218,254949,581548,209180,12331,246989
185440,186198,Shot,8399.0,209910,206156,1317610,18696,195253,462422,619011,64697,531338,356917,967218,254949,589947,209180,12331,246989
185072,186722,Heartbreak Shot,20187.0,209910,206156,1317610,18696,195253,462422,639198,64697,531338,356917,967218,254949,589947,209180,12331,246989
143842,187500,Stormbite (dot),4879.0,209910,206156,1317610,18696,195253,462422,639198,64697,531338,356917,967218,254949,589947,209180,12331,251868
143842,187500,Caustic Bite (dot),3902.0,209910,206156,1317610,18696,199155,462422,639198,64697,531338,356917,967218,254949,589947,209180,12331,251868
186173,187643,Burst Shot,20395.0,209910,206156,1338005,18696,199155,462422,639198,64697,531338,356917,967218,254949,589947,209180,12331,251868
186173,187643,Refulgent Arrow,8922.0,209910,206156,1338005,18696,199155,462422,639198,64697,531338,356917,976140,254949,589947,209180,12331,251868
186793,188443,Heartbreak Shot,20138.0,209910,206156,1338005,18696,199155,462422,659336,64697,531338,356917,976140,254949,589947,209180,12331,251868
188480,189238,Shot,8399.0,209910,206156,1338005,18696,199155,462422,659336,64697,531338,356917,976140,254949,598346,209180,12331,251868
188663,189333,Iron Jaws,12454.0,209910,206156,1338005,18696,199155,462422,659336,77151,531338,356917,976140,254949,598346,209180,12331,251868
188663,190500,Stormbite (dot),3115.0,209910,206156,1338005,18696,199155,462422,659336,77151,531338,356917,976140,254949,598346,209180,12331,254983
188663,190500,Caustic Bite (dot),2491.0,209910,206156,1338005,18696,201646,462422,659336,77151,531338,356917,976140,254949,598346,209180,12331,254983
189283,190933,Heartbreak Shot,9198.0,209910,206156,1338005,18696,201646,462422,668534,77151,531338,356917,976140,254949,598346,209180,12331,254983
191520,192278,Shot,8399.0,209910,206156,1338005,18696,201646,462422,668534,77151,531338,356917,976140,254949,606745,209180,12331,254983
191773,192303,Sidewinder,49833.0,209910,206156,1338005,18696,201646,462422,668534,77151,531338,356917,976140,254949,606745,259013,12331,254983
191153,192623,Burst Shot,13283.0,209910,206156,1351288,18696,201646,462422,668534,77151,531338,356917,976140,254949,606745,259013,12331,254983
191153,192623,Refulgent Arrow,17973.0,209910,206156,1351288,18696,201646,462422,668534,77151,531338,356917,994113,254949,606745,259013,12331,254983
188663,193500,Stormbite (dot),3115.0,209910,206156,1351288,18696,201646,462422,668534,77151,531338,356917,994113,254949,606745,259013,12331,258098
188663,193500,Caustic Bite (dot),2491.0,209910,206156,1351288,18696,204137,462422,668534,77151,531338,356917,994113,254949,606745,259013,12331,258098
192423,194073,Heartbreak Shot,8862.0,209910,206156,1351288,18696,204137,462422,677396,77151,531338,356917,994113,254949,606745,259013,12331,258098
193643,195113,Refulgent Arrow,8988.0,209910,206156,1351288,18696,204137,462422,677396,77151,531338,356917,1003101,254949,606745,259013,12331,258098
193643,195113,Burst Shot,20343.0,209910,206156,1371631,18696,204137,462422,677396,77151,531338,356917,1003101,254949,606745,259013,12331,258098
194560,195318,Shot,8399.0,209910,206156,1371631,18696,204137,462422,677396,77151,531338,356917,1003101,254949,615144,259013,12331,258098
194293,195943,Heartbreak Shot,11274.0,209910,206156,1371631,18696,204137,462422,688670,77151,531338,356917,1003101,254949,615144,259013,12331,258098
188663,196500,Caustic Bite (dot),2491.0,209910,206156,1371631,18696,206628,462422,688670,77151,531338,356917,1003101,254949,615144,259013,12331,258098
188663,196500,Stormbite (dot),3115.0,209910,206156,1371631,18696,206628,462422,688670,77151,531338,356917,1003101,254949,615144,259013,12331,261213
196133,197203,Apex Arrow,14.0,209924,206156,1371631,18696,206628,462422,688670,77151,531338,356917,1003101,254949,615144,259013,12331,261213
196133,197203,Apex Arrow,86931.0,296855,206156,1371631,18696,206628,462422,688670,77151,531338,356917,1003101,254949,615144,259013,12331,261213
196133,197203,Apex Arrow,6.0,296861,206156,1371631,18696,206628,462422,688670,77151,531338,356917,1003101,254949,615144,259013,12331,261213
196133,197203,Apex Arrow,94.0,296955,206156,1371631,18696,206628,462422,688670,77151,531338,356917,1003101,254949,615144,259013,12331,261213
196133,197203,Apex Arrow,140.0,297095,206156,1371631,18696,206628,462422,688670,77151,531338,356917,1003101,254949,615144,259013,12331,261213
197600,198358,Shot,8399.0,297095,206156,1371631,18696,206628,462422,688670,77151,531338,356917,1003101,254949,623543,259013,12331,261213
196783,198433,Heartbreak Shot,8927.0,297095,206156,1371631,18696,206628,462422,697597,77151,531338,356917,1003101,254949,623543,259013,12331,261213
188663,199500,Stormbite (dot),3115.0,297095,206156,1371631,18696,206628,462422,697597,77151,531338,356917,1003101,254949,623543,259013,12331,264328
188663,199500,Caustic Bite (dot),2491.0,297095,206156,1371631,18696,209119,462422,697597,77151,531338,356917,1003101,254949,623543,259013,12331,264328
198623,200093,Burst Shot,2.0,297095,206156,1371633,18696,209119,462422,697597,77151,531338,356917,1003101,254949,623543,259013,12331,264328
198623,200273,Blast Arrow,87202.0,297095,293358,1371633,18696,209119,462422,697597,77151,531338,356917,1003101,254949,623543,259013,12331,264328
199422,200452,Empyreal Arrow,32390.0,297095,293358,1371633,18696,209119,494812,697597,77151,531338,356917,1003101,254949,623543,259013,12331,264328
200640,201398,Shot,8399.0,297095,293358,1371633,18696,209119,494812,697597,77151,531338,356917,1003101,254949,631942,259013,12331,264328
200042,201692,Heartbreak Shot,20203.0,297095,293358,1371633,18696,209119,494812,717800,77151,531338,356917,1003101,254949,631942,259013,12331,264328
188663,202500,Stormbite (dot),3115.0,297095,293358,1371633,18696,209119,494812,717800,77151,531338,356917,1003101,254949,631942,259013,12331,267443
188663,202500,Caustic Bite (dot),2491.0,297095,293358,1371633,18696,211610,494812,717800,77151,531338,356917,1003101,254949,631942,259013,12331,267443
201113,202583,Refulgent Arrow,9058.0,297095,293358,1371633,18696,211610,494812,717800,77151,531338,356917,1012159,254949,631942,259013,12331,267443
201113,202583,Burst Shot,20288.0,297095,293358,1391921,18696,211610,494812,717800,77151,531338,356917,1012159,254949,631942,259013,12331,267443
201733,203383,Heartbreak Shot,20176.0,297095,293358,1391921,18696,211610,494812,737976,77151,531338,356917,1012159,254949,631942,259013,12331,267443
203680,204438,Shot,8374.0,297095,293358,1391921,18696,211610,494812,737976,77151,531338,356917,1012159,254949,640316,259013,12331,267443
203603,205073,Burst Shot,20394.0,297095,293358,1412315,18696,211610,494812,737976,77151,531338,356917,1012159,254949,640316,259013,12331,267443
203603,205073,Refulgent Arrow,8818.0,297095,293358,1412315,18696,211610,494812,737976,77151,531338,356917,1020977,254949,640316,259013,12331,267443
188663,205500,Stormbite (dot),3115.0,297095,293358,1412315,18696,211610,494812,737976,77151,531338,356917,1020977,254949,640316,259013,12331,270558
188663,205500,Caustic Bite (dot),2491.0,297095,293358,1412315,18696,214101,494812,737976,77151,531338,356917,1020977,254949,640316,259013,12331,270558
206720,207478,Shot,8374.0,297095,293358,1412315,18696,214101,494812,737976,77151,531338,356917,1020977,254949,648690,259013,12331,270558
206093,207563,Burst Shot,20110.0,297095,293358,1432425,18696,214101,494812,737976,77151,531338,356917,1020977,254949,648690,259013,12331,270558
206093,207563,Refulgent Arrow,9180.0,297095,293358,1432425,18696,214101,494812,737976,77151,531338,356917,1030157,254949,648690,259013,12331,270558
188663,208500,Stormbite (dot),3115.0,297095,293358,1432425,18696,214101,494812,737976,77151,531338,356917,1030157,254949,648690,259013,12331,273673
188663,208500,Caustic Bite (dot),2491.0,297095,293358,1432425,18696,216592,494812,737976,77151,531338,356917,1030157,254949,648690,259013,12331,273673
208483,209953,Refulgent Arrow,9006.0,297095,293358,1432425,18696,216592,494812,737976,77151,531338,356917,1039163,254949,648690,259013,12331,273673
208483,209953,Burst Shot,20246.0,297095,293358,1452671,18696,216592,494812,737976,77151,531338,356917,1039163,254949,648690,259013,12331,273673
209760,210518,Shot,8374.0,297095,293358,1452671,18696,216592,494812,737976,77151,531338,356917,1039163,254949,657064,259013,12331,273673
209133,210783,Heartbreak Shot,11198.0,297095,293358,1452671,18696,216592,494812,749174,77151,531338,356917,1039163,254949,657064,259013,12331,273673
188663,211500,Caustic Bite (dot),2491.0,297095,293358,1452671,18696,219083,494812,749174,77151,531338,356917,1039163,254949,657064,259013,12331,273673
188663,211500,Stormbite (dot),3115.0,297095,293358,1452671,18696,219083,494812,749174,77151,531338,356917,1039163,254949,657064,259013,12331,276788
210773,212243,Burst Shot,20410.0,297095,293358,1473081,18696,219083,494812,749174,77151,531338,356917,1039163,254949,657064,259013,12331,276788
210773,212243,Refulgent Arrow,8798.0,297095,293358,1473081,18696,219083,494812,749174,77151,531338,356917,1047961,254949,657064,259013,12331,276788
212800,213558,Shot,8374.0,297095,293358,1473081,18696,219083,494812,749174,77151,531338,356917,1047961,254949,665438,259013,12331,276788
188663,214500,Caustic Bite (dot),2491.0,297095,293358,1473081,18696,221574,494812,749174,77151,531338,356917,1047961,254949,665438,259013,12331,276788
188663,214500,Stormbite (dot),3115.0,297095,293358,1473081,18696,221574,494812,749174,77151,531338,356917,1047961,254949,665438,259013,12331,279903
213063,214533,Burst Shot,19989.0,297095,293358,1493070,18696,221574,494812,749174,77151,531338,356917,1047961,254949,665438,259013,12331,279903
213063,214533,Refulgent Arrow,9333.0,297095,293358,1493070,18696,221574,494812,749174,77151,531338,356917,1057294,254949,665438,259013,12331,279903
214422,215452,Empyreal Arrow,32293.0,297095,293358,1493070,18696,221574,527105,749174,77151,531338,356917,1057294,254949,665438,259013,12331,279903
215840,216598,Shot,8374.0,297095,293358,1493070,18696,221574,527105,749174,77151,531338,356917,1057294,254949,673812,259013,12331,279903
215253,216723,Burst Shot,20096.0,297095,293358,1513166,18696,221574,527105,749174,77151,531338,356917,1057294,254949,673812,259013,12331,279903
215253,216723,Refulgent Arrow,9197.0,297095,293358,1513166,18696,221574,527105,749174,77151,531338,356917,1066491,254949,673812,259013,12331,279903
188663,217500,Stormbite (dot),3115.0,297095,293358,1513166,18696,221574,527105,749174,77151,531338,356917,1066491,254949,673812,259013,12331,283018
188663,217500,Caustic Bite (dot),2491.0,297095,293358,1513166,18696,224065,527105,749174,77151,531338,356917,1066491,254949,673812,259013,12331,283018
215903,217553,Heartbreak Shot,11153.0,297095,293358,1513166,18696,224065,527105,760327,77151,531338,356917,1066491,254949,673812,259013,12331,283018
217343,218813,Refulgent Arrow,9170.0,297095,293358,1513166,18696,224065,527105,760327,77151,531338,356917,1075661,254949,673812,259013,12331,283018
217343,218813,Burst Shot,20118.0,297095,293358,1533284,18696,224065,527105,760327,77151,531338,356917,1075661,254949,673812,259013,12331,283018
218880,219638,Shot,8374.0,297095,293358,1533284,18696,224065,527105,760327,77151,531338,356917,1075661,254949,682186,259013,12331,283018
188663,220500,Stormbite (dot),3115.0,297095,293358,1533284,18696,224065,527105,760327,77151,531338,356917,1075661,254949,682186,259013,12331,286133
188663,220500,Caustic Bite (dot),2491.0,297095,293358,1533284,18696,226556,527105,760327,77151,531338,356917,1075661,254949,682186,259013,12331,286133
219433,220903,Refulgent Arrow,8954.0,297095,293358,1533284,18696,226556,527105,760327,77151,531338,356917,1084615,254949,682186,259013,12331,286133
219433,220903,Burst Shot,20287.0,297095,293358,1553571,18696,226556,527105,760327,77151,531338,356917,1084615,254949,682186,259013,12331,286133
221920,222678,Shot,8374.0,297095,293358,1553571,18696,226556,527105,760327,77151,531338,356917,1084615,254949,690560,259013,12331,286133
221523,222993,Burst Shot,20140.0,297095,293358,1573711,18696,226556,527105,760327,77151,531338,356917,1084615,254949,690560,259013,12331,286133
221523,222993,Refulgent Arrow,9142.0,297095,293358,1573711,18696,226556,527105,760327,77151,531338,356917,1093757,254949,690560,259013,12331,286133
188663,223500,Stormbite (dot),3115.0,297095,293358,1573711,18696,226556,527105,760327,77151,531338,356917,1093757,254949,690560,259013,12331,289248
188663,223500,Caustic Bite (dot),2491.0,297095,293358,1573711,18696,229047,527105,760327,77151,531338,356917,1093757,254949,690560,259013,12331,289248
223613,225083,Refulgent Arrow,8756.0,297095,293358,1573711,18696,229047,527105,760327,77151,531338,356917,1102513,254949,690560,259013,12331,289248
223613,225083,Burst Shot,20443.0,297095,293358,1594154,18696,229047,527105,760327,77151,531338,356917,1102513,254949,690560,259013,12331,289248
224960,225718,Shot,8374.0,297095,293358,1594154,18696,229047,527105,760327,77151,531338,356917,1102513,254949,698934,259013,12331,289248
225703,226373,Iron Jaws,12417.0,297095,293358,1594154,18696,229047,527105,760327,89568,531338,356917,1102513,254949,698934,259013,12331,289248
225703,226500,Stormbite (dot),3106.0,297095,293358,1594154,18696,229047,527105,760327,89568,531338,356917,1102513,254949,698934,259013,12331,292354
225703,226500,Caustic Bite (dot),2484.0,297095,293358,1594154,18696,231531,527105,760327,89568,531338,356917,1102513,254949,698934,259013,12331,292354
228000,228758,Shot,8374.0,297095,293358,1594154,18696,231531,527105,760327,89568,531338,356917,1102513,254949,707308,259013,12331,292354
227793,229263,Burst Shot,12945.0,297095,293358,1607099,18696,231531,527105,760327,89568,531338,356917,1102513,254949,707308,259013,12331,292354
227793,229263,Refulgent Arrow,18298.0,297095,293358,1607099,18696,231531,527105,760327,89568,531338,356917,1120811,254949,707308,259013,12331,292354
225703,229500,Stormbite (dot),3106.0,297095,293358,1607099,18696,231531,527105,760327,89568,531338,356917,1120811,254949,707308,259013,12331,295460
225703,229500,Caustic Bite (dot),2484.0,297095,293358,1607099,18696,234015,527105,760327,89568,531338,356917,1120811,254949,707308,259013,12331,295460
229883,231353,Burst Shot,20421.0,297095,293358,1627520,18696,234015,527105,760327,89568,531338,356917,1120811,254949,707308,259013,12331,295460
229883,231353,Refulgent Arrow,8784.0,297095,293358,1627520,18696,234015,527105,760327,89568,531338,356917,1129595,254949,707308,259013,12331,295460
230503,231533,Empyreal Arrow,32293.0,297095,293358,1627520,18696,234015,559398,760327,89568,531338,356917,1129595,254949,707308,259013,12331,295460
231040,231798,Shot,8374.0,297095,293358,1627520,18696,234015,559398,760327,89568,531338,356917,1129595,254949,715682,259013,12331,295460
225703,232500,Stormbite (dot),3106.0,297095,293358,1627520,18696,234015,559398,760327,89568,531338,356917,1129595,254949,715682,259013,12331,298566
225703,232500,Caustic Bite (dot),2484.0,297095,293358,1627520,18696,236499,559398,760327,89568,531338,356917,1129595,254949,715682,259013,12331,298566
231973,233443,Burst Shot,20112.0,297095,293358,1647632,18696,236499,559398,760327,89568,531338,356917,1129595,254949,715682,259013,12331,298566
231973,233443,Refulgent Arrow,9177.0,297095,293358,1647632,18696,236499,559398,760327,89568,531338,356917,1138772,254949,715682,259013,12331,298566
234080,234838,Shot,8374.0,297095,293358,1647632,18696,236499,559398,760327,89568,531338,356917,1138772,254949,724056,259013,12331,298566
225703,235500,Caustic Bite (dot),2484.0,297095,293358,1647632,18696,238983,559398,760327,89568,531338,356917,1138772,254949,724056,259013,12331,298566
225703,235500,Stormbite (dot),3106.0,297095,293358,1647632,18696,238983,559398,760327,89568,531338,356917,1138772,254949,724056,259013,12331,301672
234063,235533,Refulgent Arrow,9013.0,297095,293358,1647632,18696,238983,559398,760327,89568,531338,356917,1147785,254949,724056,259013,12331,301672
234063,235533,Burst Shot,20241.0,297095,293358,1667873,18696,238983,559398,760327,89568,531338,356917,1147785,254949,724056,259013,12331,301672
236153,237623,Refulgent Arrow,8985.0,297095,293358,1667873,18696,238983,559398,760327,89568,531338,356917,1156770,254949,724056,259013,12331,301672
236153,237623,Burst Shot,20263.0,297095,293358,1688136,18696,238983,559398,760327,89568,531338,356917,1156770,254949,724056,259013,12331,301672
237120,237878,Shot,8374.0,297095,293358,1688136,18696,238983,559398,760327,89568,531338,356917,1156770,254949,732430,259013,12331,301672
225703,238500,Caustic Bite (dot),2484.0,297095,293358,1688136,18696,241467,559398,760327,89568,531338,356917,1156770,254949,732430,259013,12331,301672
225703,238500,Stormbite (dot),3106.0,297095,293358,1688136,18696,241467,559398,760327,89568,531338,356917,1156770,254949,732430,259013,12331,304778
238243,239713,Burst Shot,20183.0,297095,293358,1708319,18696,241467,559398,760327,89568,531338,356917,1156770,254949,732430,259013,12331,304778
238243,239713,Refulgent Arrow,9086.0,297095,293358,1708319,18696,241467,559398,760327,89568,531338,356917,1165856,254949,732430,259013,12331,304778
240160,240918,Shot,8374.0,297095,293358,1708319,18696,241467,559398,760327,89568,531338,356917,1165856,254949,740804,259013,12331,304778
225703,241500,Caustic Bite (dot),2484.0,297095,293358,1708319,18696,243951,559398,760327,89568,531338,356917,1165856,254949,740804,259013,12331,304778
225703,241500,Stormbite (dot),3106.0,297095,293358,1708319,18696,243951,559398,760327,89568,531338,356917,1165856,254949,740804,259013,12331,307884
240333,241803,Refulgent Arrow,8978.0,297095,293358,1708319,18696,243951,559398,760327,89568,531338,356917,1174834,254949,740804,259013,12331,307884
240333,241803,Burst Shot,20268.0,297095,293358,1728587,18696,243951,559398,760327,89568,531338,356917,1174834,254949,740804,259013,12331,307884
242423,243893,Burst Shot,20255.0,297095,293358,1748842,18696,243951,559398,760327,89568,531338,356917,1174834,254949,740804,259013,12331,307884
242423,243893,Refulgent Arrow,9123.0,297095,293358,1748842,18696,243951,559398,760327,89568,531338,356917,1183957,254949,740804,259013,12331,307884
243200,243958,Shot,8405.0,297095,293358,1748842,18696,243951,559398,760327,89568,531338,356917,1183957,254949,749209,259013,12331,307884
225703,244500,Caustic Bite (dot),2484.0,297095,293358,1748842,18696,246435,559398,760327,89568,531338,356917,1183957,254949,749209,259013,12331,307884
225703,244500,Stormbite (dot),3106.0,297095,293358,1748842,18696,246435,559398,760327,89568,531338,356917,1183957,254949,749209,259013,12331,310990
244613,246083,Burst Shot,20310.0,297095,293358,1769152,18696,246435,559398,760327,89568,531338,356917,1183957,254949,749209,259013,12331,310990
244613,246083,Refulgent Arrow,9053.0,297095,293358,1769152,18696,246435,559398,760327,89568,531338,356917,1193010,254949,749209,259013,12331,310990
246240,246998,Shot,9788.0,297095,293358,1769152,18696,246435,559398,760327,89568,531338,356917,1193010,254949,758997,259013,12331,310990
225703,247500,Stormbite (dot),3106.0,297095,293358,1769152,18696,246435,559398,760327,89568,531338,356917,1193010,254949,758997,259013,12331,314096
225703,247500,Caustic Bite (dot),2484.0,297095,293358,1769152,18696,248919,559398,760327,89568,531338,356917,1193010,254949,758997,259013,12331,314096
246803,248273,Burst Shot,27886.0,297095,293358,1797038,18696,248919,559398,760327,89568,531338,356917,1193010,254949,758997,259013,12331,314096
246803,248273,Refulgent Arrow,12014.0,297095,293358,1797038,18696,248919,559398,760327,89568,531338,356917,1205024,254949,758997,259013,12331,314096
248043,249073,Empyreal Arrow,50733.0,297095,293358,1797038,18696,248919,610131,760327,89568,531338,356917,1205024,254949,758997,259013,12331,314096
249280,250038,Shot,13155.0,297095,293358,1797038,18696,248919,610131,760327,89568,531338,356917,1205024,254949,772152,259013,12331,314096
248993,250063,Apex Arrow,491.0,297586,293358,1797038,18696,248919,610131,760327,89568,531338,356917,1205024,254949,772152,259013,12331,314096
248993,250063,Apex Arrow,286.0,297872,293358,1797038,18696,248919,610131,760327,89568,531338,356917,1205024,254949,772152,259013,12331,314096
248993,250063,Apex Arrow,2729.0,300601,293358,1797038,18696,248919,610131,760327,89568,531338,356917,1205024,254949,772152,259013,12331,314096
248993,250063,Apex Arrow,1358.0,301959,293358,1797038,18696,248919,610131,760327,89568,531338,356917,1205024,254949,772152,259013,12331,314096
248993,250063,Apex Arrow,126093.0,428052,293358,1797038,18696,248919,610131,760327,89568,531338,356917,1205024,254949,772152,259013,12331,314096
248993,250063,Apex Arrow,4489.0,432541,293358,1797038,18696,248919,610131,760327,89568,531338,356917,1205024,254949,772152,259013,12331,314096
248993,250063,Apex Arrow,66.0,432607,293358,1797038,18696,248919,610131,760327,89568,531338,356917,1205024,254949,772152,259013,12331,314096
248993,250063,Apex Arrow,35.0,432642,293358,1797038,18696,248919,610131,760327,89568,531338,356917,1205024,254949,772152,259013,12331,314096
249613,250413,Pitch Perfect,44801.0,432642,293358,1797038,18696,248919,610131,760327,89568,576139,356917,1205024,254949,772152,259013,12331,314096
225703,250500,Stormbite (dot),3106.0,432642,293358,1797038,18696,248919,610131,760327,89568,576139,356917,1205024,254949,772152,259013,12331,317202
225703,250500,Caustic Bite (dot),2484.0,432642,293358,1797038,18696,251403,610131,760327,89568,576139,356917,1205024,254949,772152,259013,12331,317202
250233,251033,Pitch Perfect,17975.0,432642,293358,1797038,18696,251403,610131,760327,89568,594114,356917,1205024,254949,772152,259013,12331,317202
249613,251263,Heartbreak Shot,12718.0,432642,293358,1797038,18696,251403,610131,773045,89568,594114,356917,1205024,254949,772152,259013,12331,317202
250233,251883,Heartbreak Shot,26128.0,432642,293358,1797038,18696,251403,610131,799173,89568,594114,356917,1205024,254949,772152,259013,12331,317202
251183,252653,Refulgent Arrow,92.0,432642,293358,1797038,18696,251403,610131,799173,89568,594114,356917,1205116,254949,772152,259013,12331,317202
251183,252653,Burst Shot,94.0,432642,293358,1797132,18696,251403,610131,799173,89568,594114,356917,1205116,254949,772152,259013,12331,317202
251183,252833,Blast Arrow,136065.0,432642,429423,1797132,18696,251403,610131,799173,89568,594114,356917,1205116,254949,772152,259013,12331,317202
252423,252953,Sidewinder,78053.0,432642,429423,1797132,18696,251403,610131,799173,89568,594114,356917,1205116,254949,772152,337066,12331,317202
252320,253078,Shot,13155.0,432642,429423,1797132,18696,251403,610131,799173,89568,594114,356917,1205116,254949,785307,337066,12331,317202
251803,253453,Heartbreak Shot,31381.0,432642,429423,1797132,18696,251403,610131,830554,89568,594114,356917,1205116,254949,785307,337066,12331,317202
225703,253500,Caustic Bite (dot),2484.0,432642,429423,1797132,18696,253887,610131,830554,89568,594114,356917,1205116,254949,785307,337066,12331,317202
225703,253500,Stormbite (dot),3106.0,432642,429423,1797132,18696,253887,610131,830554,89568,594114,356917,1205116,254949,785307,337066,12331,320308
253674,255634,Radiant Encore,214654.0,432642,429423,1797132,18696,253887,610131,830554,89568,594114,571571,1205116,254949,785307,337066,12331,320308
254914,255714,Pitch Perfect,5549.0,432642,429423,1797132,18696,253887,610131,830554,89568,599663,571571,1205116,254949,785307,337066,12331,320308
255360,256118,Shot,13155.0,432642,429423,1797132,18696,253887,610131,830554,89568,599663,571571,1205116,254949,798462,337066,12331,320308
225703,256500,Caustic Bite (dot),2484.0,432642,429423,1797132,18696,256371,610131,830554,89568,599663,571571,1205116,254949,798462,337066,12331,320308
225703,256500,Stormbite (dot),3106.0,432642,429423,1797132,18696,256371,610131,830554,89568,599663,571571,1205116,254949,798462,337066,12331,323414
254914,256564,Heartbreak Shot,16247.0,432642,429423,1797132,18696,256371,610131,846801,89568,599663,571571,1205116,254949,798462,337066,12331,323414
256784,257584,Pitch Perfect,24690.0,432642,429423,1797132,18696,256371,610131,846801,89568,624353,571571,1205116,254949,798462,337066,12331,323414
256164,257634,Refulgent Arrow,54631.0,432642,429423,1797132,18696,256371,610131,846801,89568,624353,571571,1259747,254949,798462,337066,12331,323414
256164,257754,Refulgent Arrow,54631.0,432642,429423,1797132,18696,256371,610131,846801,89568,624353,571571,1314378,254949,798462,337066,12331,323414
256164,257874,Refulgent Arrow,54631.0,432642,429423,1797132,18696,256371,610131,846801,89568,624353,571571,1369009,254949,798462,337066,12331,323414
256784,258434,Heartbreak Shot,1344.0,432642,429423,1797132,18696,256371,610131,848145,89568,624353,571571,1369009,254949,798462,337066,12331,323414
258400,259158,Shot,13155.0,432642,429423,1797132,18696,256371,610131,848145,89568,624353,571571,1369009,254949,811617,337066,12331,323414
225703,259500,Stormbite (dot),3106.0,432642,429423,1797132,18696,256371,610131,848145,89568,624353,571571,1369009,254949,811617,337066,12331,326520
225703,259500,Caustic Bite (dot),2484.0,432642,429423,1797132,18696,258855,610131,848145,89568,624353,571571,1369009,254949,811617,337066,12331,326520
259304,260104,Pitch Perfect,23131.0,432642,429423,1797132,18696,258855,610131,848145,89568,647484,571571,1369009,254949,811617,337066,12331,326520
258654,260124,Refulgent Arrow,14406.0,432642,429423,1797132,18696,258855,610131,848145,89568,647484,571571,1383415,254949,811617,337066,12331,326520
258654,260124,Burst Shot,31605.0,432642,429423,1828737,18696,258855,610131,848145,89568,647484,571571,1383415,254949,811617,337066,12331,326520
261440,262198,Shot,13155.0,432642,429423,1828737,18696,258855,610131,848145,89568,647484,571571,1383415,254949,824772,337066,12331,326520
261144,262304,Resonant Arrow,124882.0,432642,429423,1828737,18696,258855,610131,848145,89568,647484,571571,1383415,379831,824772,337066,12331,326520
225703,262500,Stormbite (dot),3106.0,432642,429423,1828737,18696,258855,610131,848145,89568,647484,571571,1383415,379831,824772,337066,12331,329626
225703,262500,Caustic Bite (dot),2484.0,432642,429423,1828737,18696,261339,610131,848145,89568,647484,571571,1383415,379831,824772,337066,12331,329626
262444,263244,Pitch Perfect,13802.0,432642,429423,1828737,18696,261339,610131,848145,89568,661286,571571,1383415,379831,824772,337066,12331,329626
261794,263444,Heartbreak Shot,17521.0,432642,429423,1828737,18696,261339,610131,865666,89568,661286,571571,1383415,379831,824772,337066,12331,329626
263634,264304,Iron Jaws,19507.0,432642,429423,1828737,18696,261339,610131,865666,109075,661286,571571,1383415,379831,824772,337066,12331,329626
264480,265238,Shot,13155.0,432642,429423,1828737,18696,261339,610131,865666,109075,661286,571571,1383415,379831,837927,337066,12331,329626
264254,265284,Empyreal Arrow,50733.0,432642,429423,1828737,18696,261339,660864,865666,109075,661286,571571,1383415,379831,837927,337066,12331,329626
263634,265500,Stormbite (dot),4879.0,432642,429423,1828737,18696,261339,660864,865666,109075,661286,571571,1383415,379831,837927,337066,12331,334505
263634,265500,Caustic Bite (dot),3902.0,432642,429423,1828737,18696,265241,660864,865666,109075,661286,571571,1383415,379831,837927,337066,12331,334505
264874,265674,Pitch Perfect,23082.0,432642,429423,1828737,18696,265241,660864,865666,109075,684368,571571,1383415,379831,837927,337066,12331,334505
265494,266294,Pitch Perfect,22196.0,432642,429423,1828737,18696,265241,660864,865666,109075,706564,571571,1383415,379831,837927,337066,12331,334505
266124,267594,Burst Shot,18942.0,432642,429423,1847679,18696,265241,660864,865666,109075,706564,571571,1383415,379831,837927,337066,12331,334505
266124,267594,Refulgent Arrow,25143.0,432642,429423,1847679,18696,265241,660864,865666,109075,706564,571571,1408558,379831,837927,337066,12331,334505
267520,268278,Shot,9665.0,432642,429423,1847679,18696,265241,660864,865666,109075,706564,571571,1408558,379831,847592,337066,12331,334505
263634,268500,Caustic Bite (dot),3902.0,432642,429423,1847679,18696,269143,660864,865666,109075,706564,571571,1408558,379831,847592,337066,12331,334505
263634,268500,Stormbite (dot),4879.0,432642,429423,1847679,18696,269143,660864,865666,109075,706564,571571,1408558,379831,847592,337066,12331,339384
269264,270064,Pitch Perfect,10685.0,432642,429423,1847679,18696,269143,660864,865666,109075,717249,571571,1408558,379831,847592,337066,12331,339384
268614,270084,Burst Shot,20244.0,432642,429423,1867923,18696,269143,660864,865666,109075,717249,571571,1408558,379831,847592,337066,12331,339384
268614,270084,Refulgent Arrow,9137.0,432642,429423,1867923,18696,269143,660864,865666,109075,717249,571571,1417695,379831,847592,337066,12331,339384
269264,270914,Heartbreak Shot,8457.0,432642,429423,1867923,18696,269143,660864,874123,109075,717249,571571,1417695,379831,847592,337066,12331,339384
270560,271318,Shot,8405.0,432642,429423,1867923,18696,269143,660864,874123,109075,717249,571571,1417695,379831,855997,337066,12331,339384
263634,271500,Stormbite (dot),4879.0,432642,429423,1867923,18696,269143,660864,874123,109075,717249,571571,1417695,379831,855997,337066,12331,344263
263634,271500,Caustic Bite (dot),3902.0,432642,429423,1867923,18696,273045,660864,874123,109075,717249,571571,1417695,379831,855997,337066,12331,344263
269914,271564,Heartbreak Shot,2781.0,432642,429423,1867923,18696,273045,660864,876904,109075,717249,571571,1417695,379831,855997,337066,12331,344263
271754,272554,Pitch Perfect,11228.0,432642,429423,1867923,18696,273045,660864,876904,109075,728477,571571,1417695,379831,855997,337066,12331,344263
271104,272574,Burst Shot,20233.0,432642,429423,1888156,18696,273045,660864,876904,109075,728477,571571,1417695,379831,855997,337066,12331,344263
271104,272574,Refulgent Arrow,9151.0,432642,429423,1888156,18696,273045,660864,876904,109075,728477,571571,1426846,379831,855997,337066,12331,344263
273600,274358,Shot,8405.0,432642,429423,1888156,18696,273045,660864,876904,109075,728477,571571,1426846,379831,864402,337066,12331,344263
263634,274500,Caustic Bite (dot),3902.0,432642,429423,1888156,18696,276947,660864,876904,109075,728477,571571,1426846,379831,864402,337066,12331,344263
263634,274500,Stormbite (dot),4879.0,432642,429423,1888156,18696,276947,660864,876904,109075,728477,571571,1426846,379831,864402,337066,12331,349142
274214,275014,Pitch Perfect,12776.0,432642,429423,1888156,18696,276947,660864,876904,109075,741253,571571,1426846,379831,864402,337066,12331,349142
273594,275064,Refulgent Arrow,9071.0,432642,429423,1888156,18696,276947,660864,876904,109075,741253,571571,1435917,379831,864402,337066,12331,349142
273594,275064,Burst Shot,20296.0,432642,429423,1908452,18696,276947,660864,876904,109075,741253,571571,1435917,379831,864402,337066,12331,349142
276640,277398,Shot,8405.0,432642,429423,1908452,18696,276947,660864,876904,109075,741253,571571,1435917,379831,872807,337066,12331,349142
263634,277500,Caustic Bite (dot),3902.0,432642,429423,1908452,18696,280849,660864,876904,109075,741253,571571,1435917,379831,872807,337066,12331,349142
263634,277500,Stormbite (dot),4879.0,432642,429423,1908452,18696,280849,660864,876904,109075,741253,571571,1435917,379831,872807,337066,12331,354021
276084,277554,Refulgent Arrow,8889.0,432642,429423,1908452,18696,280849,660864,876904,109075,741253,571571,1444806,379831,872807,337066,12331,354021
276084,277554,Burst Shot,20439.0,432642,429423,1928891,18696,280849,660864,876904,109075,741253,571571,1444806,379831,872807,337066,12331,354021
277384,278184,Pitch Perfect,12000.0,432642,429423,1928891,18696,280849,660864,876904,109075,753253,571571,1444806,379831,872807,337066,12331,354021
276734,278384,Heartbreak Shot,11194.0,432642,429423,1928891,18696,280849,660864,888098,109075,753253,571571,1444806,379831,872807,337066,12331,354021
278574,280044,Refulgent Arrow,9434.0,432642,429423,1928891,18696,280849,660864,888098,109075,753253,571571,1454240,379831,872807,337066,12331,354021
278574,280044,Burst Shot,20011.0,432642,429423,1948902,18696,280849,660864,888098,109075,753253,571571,1454240,379831,872807,337066,12331,354021
279254,280284,Empyreal Arrow,32412.0,432642,429423,1948902,18696,280849,693276,888098,109075,753253,571571,1454240,379831,872807,337066,12331,354021
279680,280438,Shot,8405.0,432642,429423,1948902,18696,280849,693276,888098,109075,753253,571571,1454240,379831,881212,337066,12331,354021
263634,280500,Caustic Bite (dot),3902.0,432642,429423,1948902,18696,284751,693276,888098,109075,753253,571571,1454240,379831,881212,337066,12331,354021
263634,280500,Stormbite (dot),4879.0,432642,429423,1948902,18696,284751,693276,888098,109075,753253,571571,1454240,379831,881212,337066,12331,358900
279904,280704,Pitch Perfect,14607.0,432642,429423,1948902,18696,284751,693276,888098,109075,767860,571571,1454240,379831,881212,337066,12331,358900
281714,282514,Pitch Perfect,12044.0,432642,429423,1948902,18696,284751,693276,888098,109075,779904,571571,1454240,379831,881212,337066,12331,358900
281064,282534,Refulgent Arrow,8973.0,432642,429423,1948902,18696,284751,693276,888098,109075,779904,571571,1463213,379831,881212,337066,12331,358900
281064,282534,Burst Shot,20373.0,432642,429423,1969275,18696,284751,693276,888098,109075,779904,571571,1463213,379831,881212,337066,12331,358900
282720,283478,Shot,8405.0,432642,429423,1969275,18696,284751,693276,888098,109075,779904,571571,1463213,379831,889617,337066,12331,358900
263634,283500,Caustic Bite (dot),3902.0,432642,429423,1969275,18696,288653,693276,888098,109075,779904,571571,1463213,379831,889617,337066,12331,358900
263634,283500,Stormbite (dot),4879.0,432642,429423,1969275,18696,288653,693276,888098,109075,779904,571571,1463213,379831,889617,337066,12331,363779
284174,284974,Pitch Perfect,11964.0,432642,429423,1969275,18696,288653,693276,888098,109075,791868,571571,1463213,379831,889617,337066,12331,363779
283554,285024,Burst Shot,20269.0,432642,429423,1989544,18696,288653,693276,888098,109075,791868,571571,1463213,379831,889617,337066,12331,363779
283554,285024,Refulgent Arrow,9106.0,432642,429423,1989544,18696,288653,693276,888098,109075,791868,571571,1472319,379831,889617,337066,12331,363779
284824,285624,Pitch Perfect,9096.0,432642,429423,1989544,18696,288653,693276,888098,109075,800964,571571,1472319,379831,889617,337066,12331,363779
284824,285624,Pitch Perfect,4200.0,432642,429423,1989544,18696,288653,693276,888098,109075,805164,571571,1472319,379831,889617,337066,12331,363779
284174,285824,Heartbreak Shot,8309.0,432642,429423,1989544,18696,288653,693276,896407,109075,805164,571571,1472319,379831,889617,337066,12331,363779
284824,286474,Heartbreak Shot,2929.0,432642,429423,1989544,18696,288653,693276,899336,109075,805164,571571,1472319,379831,889617,337066,12331,363779
263634,286500,Caustic Bite (dot),3902.0,432642,429423,1989544,18696,292555,693276,899336,109075,805164,571571,1472319,379831,889617,337066,12331,363779
263634,286500,Stormbite (dot),4879.0,432642,429423,1989544,18696,292555,693276,899336,109075,805164,571571,1472319,379831,889617,337066,12331,368658
285760,286518,Shot,8399.0,432642,429423,1989544,18696,292555,693276,899336,109075,805164,571571,1472319,379831,898016,337066,12331,368658
286044,287514,Burst Shot,20356.0,432642,429423,2009900,18696,292555,693276,899336,109075,805164,571571,1472319,379831,898016,337066,12331,368658
286044,287514,Refulgent Arrow,8970.0,432642,429423,2009900,18696,292555,693276,899336,109075,805164,571571,1481289,379831,898016,337066,12331,368658
263634,289500,Stormbite (dot),4879.0,432642,429423,2009900,18696,292555,693276,899336,109075,805164,571571,1481289,379831,898016,337066,12331,373537
263634,289500,Caustic Bite (dot),3902.0,432642,429423,2009900,18696,296457,693276,899336,109075,805164,571571,1481289,379831,898016,337066,12331,373537
288800,289558,Shot,8399.0,432642,429423,2009900,18696,296457,693276,899336,109075,805164,571571,1481289,379831,906415,337066,12331,373537
288534,290004,Refulgent Arrow,8908.0,432642,429423,2009900,18696,296457,693276,899336,109075,805164,571571,1490197,379831,906415,337066,12331,373537
288534,290004,Burst Shot,20406.0,432642,429423,2030306,18696,296457,693276,899336,109075,805164,571571,1490197,379831,906415,337066,12331,373537
289184,290834,Heartbreak Shot,8947.0,432642,429423,2030306,18696,296457,693276,908283,109075,805164,571571,1490197,379831,906415,337066,12331,373537
291024,292494,Burst Shot,20414.0,432642,429423,2050720,18696,296457,693276,908283,109075,805164,571571,1490197,379831,906415,337066,12331,373537
291024,292494,Refulgent Arrow,8897.0,432642,429423,2050720,18696,296457,693276,908283,109075,805164,571571,1499094,379831,906415,337066,12331,373537
263634,292500,Caustic Bite (dot),3902.0,432642,429423,2050720,18696,300359,693276,908283,109075,805164,571571,1499094,379831,906415,337066,12331,373537
263634,292500,Stormbite (dot),4879.0,432642,429423,2050720,18696,300359,693276,908283,109075,805164,571571,1499094,379831,906415,337066,12331,378416
291840,292598,Shot,8399.0,432642,429423,2050720,18696,300359,693276,908283,109075,805164,571571,1499094,379831,914814,337066,12331,378416
291674,293324,Heartbreak Shot,20194.0,432642,429423,2050720,18696,300359,693276,928477,109075,805164,571571,1499094,379831,914814,337066,12331,378416
293514,294984,Refulgent Arrow,9054.0,432642,429423,2050720,18696,300359,693276,928477,109075,805164,571571,1508148,379831,914814,337066,12331,378416
293514,294984,Burst Shot,20290.0,432642,429423,2071010,18696,300359,693276,928477,109075,805164,571571,1508148,379831,914814,337066,12331,378416
294254,295284,Empyreal Arrow,32390.0,432642,429423,2071010,18696,300359,725666,928477,109075,805164,571571,1508148,379831,914814,337066,12331,378416
263634,295500,Stormbite (dot),4879.0,432642,429423,2071010,18696,300359,725666,928477,109075,805164,571571,1508148,379831,914814,337066,12331,383295
263634,295500,Caustic Bite (dot),3902.0,432642,429423,2071010,18696,304261,725666,928477,109075,805164,571571,1508148,379831,914814,337066,12331,383295
294880,295638,Shot,8399.0,432642,429423,2071010,18696,304261,725666,928477,109075,805164,571571,1508148,379831,923213,337066,12331,383295
294874,296524,Heartbreak Shot,20349.0,432642,429423,2071010,18696,304261,725666,948826,109075,805164,571571,1508148,379831,923213,337066,12331,383295
296004,297474,Burst Shot,20285.0,432642,429423,2091295,18696,304261,725666,948826,109075,805164,571571,1508148,379831,923213,337066,12331,383295
296004,297474,Refulgent Arrow,9061.0,432642,429423,2091295,18696,304261,725666,948826,109075,805164,571571,1517209,379831,923213,337066,12331,383295
263634,298500,Stormbite (dot),4879.0,432642,429423,2091295,18696,304261,725666,948826,109075,805164,571571,1517209,379831,923213,337066,12331,388174
263634,298500,Caustic Bite (dot),3902.0,432642,429423,2091295,18696,308163,725666,948826,109075,805164,571571,1517209,379831,923213,337066,12331,388174
297920,298678,Shot,8399.0,432642,429423,2091295,18696,308163,725666,948826,109075,805164,571571,1517209,379831,931612,337066,12331,388174
297244,298894,Heartbreak Shot,8956.0,432642,429423,2091295,18696,308163,725666,957782,109075,805164,571571,1517209,379831,931612,337066,12331,388174
298494,299964,Burst Shot,20271.0,432642,429423,2111566,18696,308163,725666,957782,109075,805164,571571,1517209,379831,931612,337066,12331,388174
298494,299964,Refulgent Arrow,9079.0,432642,429423,2111566,18696,308163,725666,957782,109075,805164,571571,1526288,379831,931612,337066,12331,388174
299144,300794,Heartbreak Shot,11220.0,432642,429423,2111566,18696,308163,725666,969002,109075,805164,571571,1526288,379831,931612,337066,12331,388174
263634,301500,Stormbite (dot),4879.0,432642,429423,2111566,18696,308163,725666,969002,109075,805164,571571,1526288,379831,931612,337066,12331,393053
263634,301500,Caustic Bite (dot),3902.0,432642,429423,2111566,18696,312065,725666,969002,109075,805164,571571,1526288,379831,931612,337066,12331,393053
300960,301718,Shot,8399.0,432642,429423,2111566,18696,312065,725666,969002,109075,805164,571571,1526288,379831,940011,337066,12331,393053
300984,302454,Burst Shot,20652.0,432642,429423,2132218,18696,312065,725666,969002,109075,805164,571571,1526288,379831,940011,337066,12331,393053
300984,302454,Refulgent Arrow,8594.0,432642,429423,2132218,18696,312065,725666,969002,109075,805164,571571,1534882,379831,940011,337066,12331,393053
301604,303254,Heartbreak Shot,8915.0,432642,429423,2132218,18696,312065,725666,977917,109075,805164,571571,1534882,379831,940011,337066,12331,393053
263634,304500,Stormbite (dot),4879.0,432642,429423,2132218,18696,312065,725666,977917,109075,805164,571571,1534882,379831,940011,337066,12331,397932
263634,304500,Caustic Bite (dot),3902.0,432642,429423,2132218,18696,315967,725666,977917,109075,805164,571571,1534882,379831,940011,337066,12331,397932
304000,304758,Shot,8399.0,432642,429423,2132218,18696,315967,725666,977917,109075,805164,571571,1534882,379831,948410,337066,12331,397932
303475,304945,Burst Shot,20060.0,432642,429423,2152278,18696,315967,725666,977917,109075,805164,571571,1534882,379831,948410,337066,12331,397932
303475,304945,Refulgent Arrow,9347.0,432642,429423,2152278,18696,315967,725666,977917,109075,805164,571571,1544229,379831,948410,337066,12331,397932
304125,305775,Heartbreak Shot,8985.0,432642,429423,2152278,18696,315967,725666,986902,109075,805164,571571,1544229,379831,948410,337066,12331,397932
305965,307435,Burst Shot,20455.0,432642,429423,2172733,18696,315967,725666,986902,109075,805164,571571,1544229,379831,948410,337066,12331,397932
305965,307435,Refulgent Arrow,8845.0,432642,429423,2172733,18696,315967,725666,986902,109075,805164,571571,1553074,379831,948410,337066,12331,397932
263634,307500,Stormbite (dot),4879.0,432642,429423,2172733,18696,315967,725666,986902,109075,805164,571571,1553074,379831,948410,337066,12331,402811
263634,307500,Caustic Bite (dot),3902.0,432642,429423,2172733,18696,319869,725666,986902,109075,805164,571571,1553074,379831,948410,337066,12331,402811
307040,307798,Shot,8399.0,432642,429423,2172733,18696,319869,725666,986902,109075,805164,571571,1553074,379831,956809,337066,12331,402811
306615,308265,Heartbreak Shot,20257.0,432642,429423,2172733,18696,319869,725666,1007159,109075,805164,571571,1553074,379831,956809,337066,12331,402811
308455,309125,Iron Jaws,12454.0,432642,429423,2172733,18696,319869,725666,1007159,121529,805164,571571,1553074,379831,956809,337066,12331,402811
309254,310284,Empyreal Arrow,32390.0,432642,429423,2172733,18696,319869,758056,1007159,121529,805164,571571,1553074,379831,956809,337066,12331,402811
308455,310500,Caustic Bite (dot),2491.0,432642,429423,2172733,18696,322360,758056,1007159,121529,805164,571571,1553074,379831,956809,337066,12331,402811
308455,310500,Stormbite (dot),3115.0,432642,429423,2172733,18696,322360,758056,1007159,121529,805164,571571,1553074,379831,956809,337066,12331,405926
310080,310838,Shot,8399.0,432642,429423,2172733,18696,322360,758056,1007159,121529,805164,571571,1553074,379831,965208,337066,12331,405926
309874,311524,Heartbreak Shot,20095.0,432642,429423,2172733,18696,322360,758056,1027254,121529,805164,571571,1553074,379831,965208,337066,12331,405926
310945,312015,Apex Arrow,58.0,432700,429423,2172733,18696,322360,758056,1027254,121529,805164,571571,1553074,379831,965208,337066,12331,405926
310945,312015,Apex Arrow,272.0,432972,429423,2172733,18696,322360,758056,1027254,121529,805164,571571,1553074,379831,965208,337066,12331,405926
310945,312015,Apex Arrow,815.0,433787,429423,2172733,18696,322360,758056,1027254,121529,805164,571571,1553074,379831,965208,337066,12331,405926
310945,312015,Apex Arrow,80539.0,514326,429423,2172733,18696,322360,758056,1027254,121529,805164,571571,1553074,379831,965208,337066,12331,405926
310945,312015,Apex Arrow,3297.0,517623,429423,2172733,18696,322360,758056,1027254,121529,805164,571571,1553074,379831,965208,337066,12331,405926
310945,312015,Apex Arrow,1632.0,519255,429423,2172733,18696,322360,758056,1027254,121529,805164,571571,1553074,379831,965208,337066,12331,405926
310945,312015,Apex Arrow,6.0,519261,429423,2172733,18696,322360,758056,1027254,121529,805164,571571,1553074,379831,965208,337066,12331,405926
312423,312953,Sidewinder,49833.0,519261,429423,2172733,18696,322360,758056,1027254,121529,805164,571571,1553074,379831,965208,386899,12331,405926
308455,313500,Stormbite (dot),3115.0,519261,429423,2172733,18696,322360,758056,1027254,121529,805164,571571,1553074,379831,965208,386899,12331,409041
308455,313500,Caustic Bite (dot),2491.0,519261,429423,2172733,18696,324851,758056,1027254,121529,805164,571571,1553074,379831,965208,386899,12331,409041
313120,313878,Shot,8399.0,519261,429423,2172733,18696,324851,758056,1027254,121529,805164,571571,1553074,379831,973607,386899,12331,409041
313435,314905,Refulgent Arrow,27.0,519261,429423,2172733,18696,324851,758056,1027254,121529,805164,571571,1553101,379831,973607,386899,12331,409041
313435,314905,Burst Shot,5.0,519261,429423,2172738,18696,324851,758056,1027254,121529,805164,571571,1553101,379831,973607,386899,12331,409041
313435,315085,Blast Arrow,87123.0,519261,516546,2172738,18696,324851,758056,1027254,121529,805164,571571,1553101,379831,973607,386899,12331,409041
314055,315705,Heartbreak Shot,20131.0,519261,516546,2172738,18696,324851,758056,1047385,121529,805164,571571,1553101,379831,973607,386899,12331,409041
308455,316500,Caustic Bite (dot),2491.0,519261,516546,2172738,18696,327342,758056,1047385,121529,805164,571571,1553101,379831,973607,386899,12331,409041
308455,316500,Stormbite (dot),3115.0,519261,516546,2172738,18696,327342,758056,1047385,121529,805164,571571,1553101,379831,973607,386899,12331,412156
316160,316918,Shot,8399.0,519261,516546,2172738,18696,327342,758056,1047385,121529,805164,571571,1553101,379831,982006,386899,12331,412156
315925,317395,Refulgent Arrow,18192.0,519261,516546,2172738,18696,327342,758056,1047385,121529,805164,571571,1571293,379831,982006,386899,12331,412156
315925,317395,Burst Shot,13110.0,519261,516546,2185848,18696,327342,758056,1047385,121529,805164,571571,1571293,379831,982006,386899,12331,412156
316575,318225,Heartbreak Shot,9052.0,519261,516546,2185848,18696,327342,758056,1056437,121529,805164,571571,1571293,379831,982006,386899,12331,412156
308455,319500,Caustic Bite (dot),2491.0,519261,516546,2185848,18696,329833,758056,1056437,121529,805164,571571,1571293,379831,982006,386899,12331,412156
308455,319500,Stormbite (dot),3115.0,519261,516546,2185848,18696,329833,758056,1056437,121529,805164,571571,1571293,379831,982006,386899,12331,415271
318415,319885,Refulgent Arrow,9340.0,519261,516546,2185848,18696,329833,758056,1056437,121529,805164,571571,1580633,379831,982006,386899,12331,415271
318415,319885,Burst Shot,20066.0,519261,516546,2205914,18696,329833,758056,1056437,121529,805164,571571,1580633,379831,982006,386899,12331,415271
319200,319958,Shot,8399.0,519261,516546,2205914,18696,329833,758056,1056437,121529,805164,571571,1580633,379831,990405,386899,12331,415271
319035,320685,Heartbreak Shot,8709.0,519261,516546,2205914,18696,329833,758056,1065146,121529,805164,571571,1580633,379831,990405,386899,12331,415271
320905,322375,Refulgent Arrow,8970.0,519261,516546,2205914,18696,329833,758056,1065146,121529,805164,571571,1589603,379831,990405,386899,12331,415271
320905,322375,Burst Shot,20356.0,519261,516546,2226270,18696,329833,758056,1065146,121529,805164,571571,1589603,379831,990405,386899,12331,415271
308455,322500,Caustic Bite (dot),2491.0,519261,516546,2226270,18696,332324,758056,1065146,121529,805164,571571,1589603,379831,990405,386899,12331,415271
308455,322500,Stormbite (dot),3115.0,519261,516546,2226270,18696,332324,758056,1065146,121529,805164,571571,1589603,379831,990405,386899,12331,418386
322240,322998,Shot,8399.0,519261,516546,2226270,18696,332324,758056,1065146,121529,805164,571571,1589603,379831,998804,386899,12331,418386
321555,323205,Heartbreak Shot,20107.0,519261,516546,2226270,18696,332324,758056,1085253,121529,805164,571571,1589603,379831,998804,386899,12331,418386
323395,324865,Refulgent Arrow,9156.0,519261,516546,2226270,18696,332324,758056,1085253,121529,805164,571571,1598759,379831,998804,386899,12331,418386
323395,324865,Burst Shot,20129.0,519261,516546,2246399,18696,332324,758056,1085253,121529,805164,571571,1598759,379831,998804,386899,12331,418386
324254,325284,Empyreal Arrow,32293.0,519261,516546,2246399,18696,332324,790349,1085253,121529,805164,571571,1598759,379831,998804,386899,12331,418386
308455,325500,Stormbite (dot),3115.0,519261,516546,2246399,18696,332324,790349,1085253,121529,805164,571571,1598759,379831,998804,386899,12331,421501
308455,325500,Caustic Bite (dot),2491.0,519261,516546,2246399,18696,334815,790349,1085253,121529,805164,571571,1598759,379831,998804,386899,12331,421501
325280,326038,Shot,8374.0,519261,516546,2246399,18696,334815,790349,1085253,121529,805164,571571,1598759,379831,1007178,386899,12331,421501
325885,327355,Refulgent Arrow,8853.0,519261,516546,2246399,18696,334815,790349,1085253,121529,805164,571571,1607612,379831,1007178,386899,12331,421501
325885,327355,Burst Shot,20366.0,519261,516546,2266765,18696,334815,790349,1085253,121529,805164,571571,1607612,379831,1007178,386899,12331,421501
308455,328500,Caustic Bite (dot),2491.0,519261,516546,2266765,18696,337306,790349,1085253,121529,805164,571571,1607612,379831,1007178,386899,12331,421501
308455,328500,Stormbite (dot),3115.0,519261,516546,2266765,18696,337306,790349,1085253,121529,805164,571571,1607612,379831,1007178,386899,12331,424616
328320,329078,Shot,8374.0,519261,516546,2266765,18696,337306,790349,1085253,121529,805164,571571,1607612,379831,1015552,386899,12331,424616
328275,329745,Refulgent Arrow,8933.0,519261,516546,2266765,18696,337306,790349,1085253,121529,805164,571571,1616545,379831,1015552,386899,12331,424616
328275,329745,Burst Shot,20304.0,519261,516546,2287069,18696,337306,790349,1085253,121529,805164,571571,1616545,379831,1015552,386899,12331,424616
328925,330575,Heartbreak Shot,11513.0,519261,516546,2287069,18696,337306,790349,1096766,121529,805164,571571,1616545,379831,1015552,386899,12331,424616
308455,331500,Stormbite (dot),3115.0,519261,516546,2287069,18696,337306,790349,1096766,121529,805164,571571,1616545,379831,1015552,386899,12331,427731
308455,331500,Caustic Bite (dot),2491.0,519261,516546,2287069,18696,339797,790349,1096766,121529,805164,571571,1616545,379831,1015552,386899,12331,427731
331360,332118,Shot,8374.0,519261,516546,2287069,18696,339797,790349,1096766,121529,805164,571571,1616545,379831,1023926,386899,12331,427731
330665,332135,Refulgent Arrow,9065.0,519261,516546,2287069,18696,339797,790349,1096766,121529,805164,571571,1625610,379831,1023926,386899,12331,427731
330665,332135,Burst Shot,20200.0,519261,516546,2307269,18696,339797,790349,1096766,121529,805164,571571,1625610,379831,1023926,386899,12331,427731
332955,334425,Burst Shot,20140.0,519261,516546,2327409,18696,339797,790349,1096766,121529,805164,571571,1625610,379831,1023926,386899,12331,427731
332955,334425,Refulgent Arrow,9142.0,519261,516546,2327409,18696,339797,790349,1096766,121529,805164,571571,1634752,379831,1023926,386899,12331,427731
308455,334500,Caustic Bite (dot),2491.0,519261,516546,2327409,18696,342288,790349,1096766,121529,805164,571571,1634752,379831,1023926,386899,12331,427731
308455,334500,Stormbite (dot),3115.0,519261,516546,2327409,18696,342288,790349,1096766,121529,805164,571571,1634752,379831,1023926,386899,12331,430846
334400,335158,Shot,8374.0,519261,516546,2327409,18696,342288,790349,1096766,121529,805164,571571,1634752,379831,1032300,386899,12331,430846
335145,336615,Burst Shot,20293.0,519261,516546,2347702,18696,342288,790349,1096766,121529,805164,571571,1634752,379831,1032300,386899,12331,430846
335145,336615,Refulgent Arrow,8947.0,519261,516546,2347702,18696,342288,790349,1096766,121529,805164,571571,1643699,379831,1032300,386899,12331,430846
308455,337500,Stormbite (dot),3115.0,519261,516546,2347702,18696,342288,790349,1096766,121529,805164,571571,1643699,379831,1032300,386899,12331,433961
308455,337500,Caustic Bite (dot),2491.0,519261,516546,2347702,18696,344779,790349,1096766,121529,805164,571571,1643699,379831,1032300,386899,12331,433961
336445,338095,Heartbreak Shot,10838.0,519261,516546,2347702,18696,344779,790349,1107604,121529,805164,571571,1643699,379831,1032300,386899,12331,433961
337440,338198,Shot,8374.0,519261,516546,2347702,18696,344779,790349,1107604,121529,805164,571571,1643699,379831,1040674,386899,12331,433961
337235,338705,Burst Shot,20123.0,519261,516546,2367825,18696,344779,790349,1107604,121529,805164,571571,1643699,379831,1040674,386899,12331,433961
337235,338705,Refulgent Arrow,9163.0,519261,516546,2367825,18696,344779,790349,1107604,121529,805164,571571,1652862,379831,1040674,386899,12331,433961
308455,340500,Caustic Bite (dot),2491.0,519261,516546,2367825,18696,347270,790349,1107604,121529,805164,571571,1652862,379831,1040674,386899,12331,433961
308455,340500,Stormbite (dot),3115.0,519261,516546,2367825,18696,347270,790349,1107604,121529,805164,571571,1652862,379831,1040674,386899,12331,437076
339325,340795,Refulgent Arrow,8763.0,519261,516546,2367825,18696,347270,790349,1107604,121529,805164,571571,1661625,379831,1040674,386899,12331,437076
339325,340795,Burst Shot,20437.0,519261,516546,2388262,18696,347270,790349,1107604,121529,805164,571571,1661625,379831,1040674,386899,12331,437076
339945,340975,Empyreal Arrow,32293.0,519261,516546,2388262,18696,347270,822642,1107604,121529,805164,571571,1661625,379831,1040674,386899,12331,437076
340480,341238,Shot,8374.0,519261,516546,2388262,18696,347270,822642,1107604,121529,805164,571571,1661625,379831,1049048,386899,12331,437076
341415,342885,Refulgent Arrow,9055.0,519261,516546,2388262,18696,347270,822642,1107604,121529,805164,571571,1670680,379831,1049048,386899,12331,437076
341415,342885,Burst Shot,20208.0,519261,516546,2408470,18696,347270,822642,1107604,121529,805164,571571,1670680,379831,1049048,386899,12331,437076
308455,343500,Stormbite (dot),3115.0,519261,516546,2408470,18696,347270,822642,1107604,121529,805164,571571,1670680,379831,1049048,386899,12331,440191
308455,343500,Caustic Bite (dot),2491.0,519261,516546,2408470,18696,349761,822642,1107604,121529,805164,571571,1670680,379831,1049048,386899,12331,440191
343520,344278,Shot,8374.0,519261,516546,2408470,18696,349761,822642,1107604,121529,805164,571571,1670680,379831,1057422,386899,12331,440191
343505,344975,Burst Shot,20058.0,519261,516546,2428528,18696,349761,822642,1107604,121529,805164,571571,1670680,379831,1057422,386899,12331,440191
343505,344975,Refulgent Arrow,9246.0,519261,516546,2428528,18696,349761,822642,1107604,121529,805164,571571,1679926,379831,1057422,386899,12331,440191
345595,346265,Iron Jaws,12417.0,519261,516546,2428528,18696,349761,822642,1107604,133946,805164,571571,1679926,379831,1057422,386899,12331,440191
345595,346500,Caustic Bite (dot),2484.0,519261,516546,2428528,18696,352245,822642,1107604,133946,805164,571571,1679926,379831,1057422,386899,12331,440191
345595,346500,Stormbite (dot),3106.0,519261,516546,2428528,18696,352245,822642,1107604,133946,805164,571571,1679926,379831,1057422,386899,12331,443297
346560,347318,Shot,8374.0,519261,516546,2428528,18696,352245,822642,1107604,133946,805164,571571,1679926,379831,1065796,386899,12331,443297
347685,349155,Burst Shot,13254.0,519261,516546,2441782,18696,352245,822642,1107604,133946,805164,571571,1679926,379831,1065796,386899,12331,443297
347685,349155,Refulgent Arrow,17905.0,519261,516546,2441782,18696,352245,822642,1107604,133946,805164,571571,1697831,379831,1065796,386899,12331,443297
345595,349500,Stormbite (dot),3106.0,519261,516546,2441782,18696,352245,822642,1107604,133946,805164,571571,1697831,379831,1065796,386899,12331,446403
345595,349500,Caustic Bite (dot),2484.0,519261,516546,2441782,18696,354729,822642,1107604,133946,805164,571571,1697831,379831,1065796,386899,12331,446403
349600,350358,Shot,8374.0,519261,516546,2441782,18696,354729,822642,1107604,133946,805164,571571,1697831,379831,1074170,386899,12331,446403
349775,351245,Refulgent Arrow,9152.0,519261,516546,2441782,18696,354729,822642,1107604,133946,805164,571571,1706983,379831,1074170,386899,12331,446403
349775,351245,Burst Shot,20131.0,519261,516546,2461913,18696,354729,822642,1107604,133946,805164,571571,1706983,379831,1074170,386899,12331,446403
345595,352500,Caustic Bite (dot),2484.0,519261,516546,2461913,18696,357213,822642,1107604,133946,805164,571571,1706983,379831,1074170,386899,12331,446403
345595,352500,Stormbite (dot),3106.0,519261,516546,2461913,18696,357213,822642,1107604,133946,805164,571571,1706983,379831,1074170,386899,12331,449509
351865,353335,Burst Shot,20252.0,519261,516546,2482165,18696,357213,822642,1107604,133946,805164,571571,1706983,379831,1074170,386899,12331,449509
351865,353335,Refulgent Arrow,8999.0,519261,516546,2482165,18696,357213,822642,1107604,133946,805164,571571,1715982,379831,1074170,386899,12331,449509
352640,353398,Shot,8374.0,519261,516546,2482165,18696,357213,822642,1107604,133946,805164,571571,1715982,379831,1082544,386899,12331,449509
353955,355425,Burst Shot,20405.0,519261,516546,2502570,18696,357213,822642,1107604,133946,805164,571571,1715982,379831,1082544,386899,12331,449509
353955,355425,Refulgent Arrow,8804.0,519261,516546,2502570,18696,357213,822642,1107604,133946,805164,571571,1724786,379831,1082544,386899,12331,449509
345595,355500,Stormbite (dot),3106.0,519261,516546,2502570,18696,357213,822642,1107604,133946,805164,571571,1724786,379831,1082544,386899,12331,452615
345595,355500,Caustic Bite (dot),2484.0,519261,516546,2502570,18696,359697,822642,1107604,133946,805164,571571,1724786,379831,1082544,386899,12331,452615
354945,355975,Empyreal Arrow,32293.0,519261,516546,2502570,18696,359697,854935,1107604,133946,805164,571571,1724786,379831,1082544,386899,12331,452615
355680,356438,Shot,8374.0,519261,516546,2502570,18696,359697,854935,1107604,133946,805164,571571,1724786,379831,1090918,386899,12331,452615
356045,357515,Refulgent Arrow,8951.0,519261,516546,2502570,18696,359697,854935,1107604,133946,805164,571571,1733737,379831,1090918,386899,12331,452615
356045,357515,Burst Shot,20290.0,519261,516546,2522860,18696,359697,854935,1107604,133946,805164,571571,1733737,379831,1090918,386899,12331,452615
345595,358500,Stormbite (dot),3106.0,519261,516546,2522860,18696,359697,854935,1107604,133946,805164,571571,1733737,379831,1090918,386899,12331,455721
345595,358500,Caustic Bite (dot),2484.0,519261,516546,2522860,18696,362181,854935,1107604,133946,805164,571571,1733737,379831,1090918,386899,12331,455721
358720,359478,Shot,8374.0,519261,516546,2522860,18696,362181,854935,1107604,133946,805164,571571,1733737,379831,1099292,386899,12331,455721
358135,359605,Burst Shot,20402.0,519261,516546,2543262,18696,362181,854935,1107604,133946,805164,571571,1733737,379831,1099292,386899,12331,455721
358135,359605,Refulgent Arrow,8808.0,519261,516546,2543262,18696,362181,854935,1107604,133946,805164,571571,1742545,379831,1099292,386899,12331,455721
345595,361500,Caustic Bite (dot),2484.0,519261,516546,2543262,18696,364665,854935,1107604,133946,805164,571571,1742545,379831,1099292,386899,12331,455721
345595,361500,Stormbite (dot),3106.0,519261,516546,2543262,18696,364665,854935,1107604,133946,805164,571571,1742545,379831,1099292,386899,12331,458827
360225,361695,Refulgent Arrow,8902.0,519261,516546,2543262,18696,364665,854935,1107604,133946,805164,571571,1751447,379831,1099292,386899,12331,458827
360225,361695,Burst Shot,20328.0,519261,516546,2563590,18696,364665,854935,1107604,133946,805164,571571,1751447,379831,1099292,386899,12331,458827
361760,362518,Shot,8405.0,519261,516546,2563590,18696,364665,854935,1107604,133946,805164,571571,1751447,379831,1107697,386899,12331,458827
362315,363785,Refulgent Arrow,9057.0,519261,516546,2563590,18696,364665,854935,1107604,133946,805164,571571,1760504,379831,1107697,386899,12331,458827
362315,363785,Burst Shot,20307.0,519261,516546,2583897,18696,364665,854935,1107604,133946,805164,571571,1760504,379831,1107697,386899,12331,458827
345595,364500,Stormbite (dot),3106.0,519261,516546,2583897,18696,364665,854935,1107604,133946,805164,571571,1760504,379831,1107697,386899,12331,461933
345595,364500,Caustic Bite (dot),2484.0,519261,516546,2583897,18696,367149,854935,1107604,133946,805164,571571,1760504,379831,1107697,386899,12331,461933
364800,365558,Shot,9097.0,519261,516546,2583897,18696,367149,854935,1107604,133946,805164,571571,1760504,379831,1116794,386899,12331,461933
364505,365975,Refulgent Arrow,9788.0,519261,516546,2583897,18696,367149,854935,1107604,133946,805164,571571,1770292,379831,1116794,386899,12331,461933
364505,365975,Burst Shot,21990.0,519261,516546,2605887,18696,367149,854935,1107604,133946,805164,571571,1770292,379831,1116794,386899,12331,461933
345595,367500,Stormbite (dot),3106.0,519261,516546,2605887,18696,367149,854935,1107604,133946,805164,571571,1770292,379831,1116794,386899,12331,465039
345595,367500,Caustic Bite (dot),2484.0,519261,516546,2605887,18696,369633,854935,1107604,133946,805164,571571,1770292,379831,1116794,386899,12331,465039
366695,368165,Burst Shot,28451.0,519261,516546,2634338,18696,369633,854935,1107604,133946,805164,571571,1770292,379831,1116794,386899,12331,465039
366695,368165,Refulgent Arrow,12756.0,519261,516546,2634338,18696,369633,854935,1107604,133946,805164,571571,1783048,379831,1116794,386899,12331,465039
367840,368598,Shot,12382.0,519261,516546,2634338,18696,369633,854935,1107604,133946,805164,571571,1783048,379831,1129176,386899,12331,465039
368043,369693,Heartbreak Shot,38010.0,519261,516546,2634338,18696,369633,854935,1145614,133946,805164,571571,1783048,379831,1129176,386899,12331,465039
345595,370500,Caustic Bite (dot),2484.0,519261,516546,2634338,18696,372117,854935,1145614,133946,805164,571571,1783048,379831,1129176,386899,12331,465039
345595,370500,Stormbite (dot),3106.0,519261,516546,2634338,18696,372117,854935,1145614,133946,805164,571571,1783048,379831,1129176,386899,12331,468145
368885,370845,Radiant Encore,232327.0,519261,516546,2634338,18696,372117,854935,1145614,133946,805164,803898,1783048,379831,1129176,386899,12331,468145
369945,370975,Empyreal Arrow,54909.0,519261,516546,2634338,18696,372117,909844,1145614,133946,805164,803898,1783048,379831,1129176,386899,12331,468145
370565,371365,Pitch Perfect,67871.0,519261,516546,2634338,18696,372117,909844,1145614,133946,873035,803898,1783048,379831,1129176,386899,12331,468145
370880,371638,Shot,14239.0,519261,516546,2634338,18696,372117,909844,1145614,133946,873035,803898,1783048,379831,1143415,386899,12331,468145
370565,372215,Heartbreak Shot,4078.0,519261,516546,2634338,18696,372117,909844,1149692,133946,873035,803898,1783048,379831,1143415,386899,12331,468145
371185,372655,Burst Shot,34178.0,519261,516546,2668516,18696,372117,909844,1149692,133946,873035,803898,1783048,379831,1143415,386899,12331,468145
371185,372655,Refulgent Arrow,15628.0,519261,516546,2668516,18696,372117,909844,1149692,133946,873035,803898,1798676,379831,1143415,386899,12331,468145
372423,372953,Sidewinder,84481.0,519261,516546,2668516,18696,372117,909844,1149692,133946,873035,803898,1798676,379831,1143415,471380,12331,468145
345595,373500,Stormbite (dot),3106.0,519261,516546,2668516,18696,372117,909844,1149692,133946,873035,803898,1798676,379831,1143415,471380,12331,471251
345595,373500,Caustic Bite (dot),2484.0,519261,516546,2668516,18696,374601,909844,1149692,133946,873035,803898,1798676,379831,1143415,471380,12331,471251
373043,373843,Pitch Perfect,6105.0,519261,516546,2668516,18696,374601,909844,1149692,133946,879140,803898,1798676,379831,1143415,471380,12331,471251
373920,374678,Shot,14239.0,519261,516546,2668516,18696,374601,909844,1149692,133946,879140,803898,1798676,379831,1157654,471380,12331,471251
373043,374693,Heartbreak Shot,33932.0,519261,516546,2668516,18696,374601,909844,1183624,133946,879140,803898,1798676,379831,1157654,471380,12331,471251
373675,374745,Apex Arrow,1206.0,520467,516546,2668516,18696,374601,909844,1183624,133946,879140,803898,1798676,379831,1157654,471380,12331,471251
373675,374745,Apex Arrow,5702.0,526169,516546,2668516,18696,374601,909844,1183624,133946,879140,803898,1798676,379831,1157654,471380,12331,471251
373675,374745,Apex Arrow,136517.0,662686,516546,2668516,18696,374601,909844,1183624,133946,879140,803898,1798676,379831,1157654,471380,12331,471251
373675,374745,Apex Arrow,484.0,663170,516546,2668516,18696,374601,909844,1183624,133946,879140,803898,1798676,379831,1157654,471380,12331,471251
373675,374745,Apex Arrow,110.0,663280,516546,2668516,18696,374601,909844,1183624,133946,879140,803898,1798676,379831,1157654,471380,12331,471251
373675,374745,Apex Arrow,20.0,663300,516546,2668516,18696,374601,909844,1183624,133946,879140,803898,1798676,379831,1157654,471380,12331,471251
373675,374745,Apex Arrow,2807.0,666107,516546,2668516,18696,374601,909844,1183624,133946,879140,803898,1798676,379831,1157654,471380,12331,471251
345595,376500,Stormbite (dot),3106.0,666107,516546,2668516,18696,374601,909844,1183624,133946,879140,803898,1798676,379831,1157654,471380,12331,474357
345595,376500,Caustic Bite (dot),2484.0,666107,516546,2668516,18696,377085,909844,1183624,133946,879140,803898,1798676,379831,1157654,471380,12331,474357
374915,376565,Heartbreak Shot,19579.0,666107,516546,2668516,18696,377085,909844,1203203,133946,879140,803898,1798676,379831,1157654,471380,12331,474357
376815,377615,Pitch Perfect,1619.0,666107,516546,2668516,18696,377085,909844,1203203,133946,880759,803898,1798676,379831,1157654,471380,12331,474357
376165,377635,Refulgent Arrow,23.0,666107,516546,2668516,18696,377085,909844,1203203,133946,880759,803898,1798699,379831,1157654,471380,12331,474357
376165,377635,Burst Shot,37.0,666107,516546,2668553,18696,377085,909844,1203203,133946,880759,803898,1798699,379831,1157654,471380,12331,474357
376960,377718,Shot,14239.0,666107,516546,2668553,18696,377085,909844,1203203,133946,880759,803898,1798699,379831,1171893,471380,12331,474357
376165,377815,Blast Arrow,147665.0,666107,664211,2668553,18696,377085,909844,1203203,133946,880759,803898,1798699,379831,1171893,471380,12331,474357
345595,379500,Stormbite (dot),3106.0,666107,664211,2668553,18696,377085,909844,1203203,133946,880759,803898,1798699,379831,1171893,471380,12331,477463
345595,379500,Caustic Bite (dot),2484.0,666107,664211,2668553,18696,379569,909844,1203203,133946,880759,803898,1798699,379831,1171893,471380,12331,477463
378655,379815,Resonant Arrow,135168.0,666107,664211,2668553,18696,379569,909844,1203203,133946,880759,803898,1798699,514999,1171893,471380,12331,477463
379305,380105,Pitch Perfect,34943.0,666107,664211,2668553,18696,379569,909844,1203203,133946,915702,803898,1798699,514999,1171893,471380,12331,477463
380000,380758,Shot,14239.0,666107,664211,2668553,18696,379569,909844,1203203,133946,915702,803898,1798699,514999,1186132,471380,12331,477463
345595,382500,Stormbite (dot),3106.0,666107,664211,2668553,18696,379569,909844,1203203,133946,915702,803898,1798699,514999,1186132,471380,12331,480569
345595,382500,Caustic Bite (dot),2484.0,666107,664211,2668553,18696,382053,909844,1203203,133946,915702,803898,1798699,514999,1186132,471380,12331,480569
381145,382615,Refulgent Arrow,59130.0,666107,664211,2668553,18696,382053,909844,1203203,133946,915702,803898,1857829,514999,1186132,471380,12331,480569
381145,382735,Refulgent Arrow,59130.0,666107,664211,2668553,18696,382053,909844,1203203,133946,915702,803898,1916959,514999,1186132,471380,12331,480569
381145,382855,Refulgent Arrow,59130.0,666107,664211,2668553,18696,382053,909844,1203203,133946,915702,803898,1976089,514999,1186132,471380,12331,480569
382445,383245,Pitch Perfect,24207.0,666107,664211,2668553,18696,382053,909844,1203203,133946,939909,803898,1976089,514999,1186132,471380,12331,480569
381795,383445,Heartbreak Shot,18431.0,666107,664211,2668553,18696,382053,909844,1221634,133946,939909,803898,1976089,514999,1186132,471380,12331,480569
383040,383798,Shot,14239.0,666107,664211,2668553,18696,382053,909844,1221634,133946,939909,803898,1976089,514999,1200371,471380,12331,480569
383635,384305,Iron Jaws,21116.0,666107,664211,2668553,18696,382053,909844,1221634,155062,939909,803898,1976089,514999,1200371,471380,12331,480569
383635,385500,Stormbite (dot),5282.0,666107,664211,2668553,18696,382053,909844,1221634,155062,939909,803898,1976089,514999,1200371,471380,12331,485851
383635,385500,Caustic Bite (dot),4226.0,666107,664211,2668553,18696,386279,909844,1221634,155062,939909,803898,1976089,514999,1200371,471380,12331,485851
384945,385975,Empyreal Arrow,54909.0,666107,664211,2668553,18696,386279,964753,1221634,155062,939909,803898,1976089,514999,1200371,471380,12331,485851
386080,386838,Shot,12837.0,666107,664211,2668553,18696,386279,964753,1221634,155062,939909,803898,1976089,514999,1213208,471380,12331,485851
386745,387545,Pitch Perfect,31482.0,666107,664211,2668553,18696,386279,964753,1221634,155062,971391,803898,1976089,514999,1213208,471380,12331,485851
386125,387595,Refulgent Arrow,27645.0,666107,664211,2668553,18696,386279,964753,1221634,155062,971391,803898,2003734,514999,1213208,471380,12331,485851
386125,387595,Burst Shot,20162.0,666107,664211,2688715,18696,386279,964753,1221634,155062,971391,803898,2003734,514999,1213208,471380,12331,485851
383635,388500,Caustic Bite (dot),4226.0,666107,664211,2688715,18696,390505,964753,1221634,155062,971391,803898,2003734,514999,1213208,471380,12331,485851
383635,388500,Stormbite (dot),5282.0,666107,664211,2688715,18696,390505,964753,1221634,155062,971391,803898,2003734,514999,1213208,471380,12331,491133
389120,389878,Shot,9097.0,666107,664211,2688715,18696,390505,964753,1221634,155062,971391,803898,2003734,514999,1222305,471380,12331,491133
389235,390035,Pitch Perfect,16053.0,666107,664211,2688715,18696,390505,964753,1221634,155062,987444,803898,2003734,514999,1222305,471380,12331,491133
388615,390085,Refulgent Arrow,9973.0,666107,664211,2688715,18696,390505,964753,1221634,155062,987444,803898,2013707,514999,1222305,471380,12331,491133
388615,390085,Burst Shot,21844.0,666107,664211,2710559,18696,390505,964753,1221634,155062,987444,803898,2013707,514999,1222305,471380,12331,491133
389235,390885,Heartbreak Shot,8419.0,666107,664211,2710559,18696,390505,964753,1230053,155062,987444,803898,2013707,514999,1222305,471380,12331,491133
383635,391500,Stormbite (dot),5282.0,666107,664211,2710559,18696,390505,964753,1230053,155062,987444,803898,2013707,514999,1222305,471380,12331,496415
383635,391500,Caustic Bite (dot),4226.0,666107,664211,2710559,18696,394731,964753,1230053,155062,987444,803898,2013707,514999,1222305,471380,12331,496415
389885,391535,Heartbreak Shot,4089.0,666107,664211,2710559,18696,394731,964753,1234142,155062,987444,803898,2013707,514999,1222305,471380,12331,496415
391756,392556,Pitch Perfect,5522.0,666107,664211,2710559,18696,394731,964753,1234142,155062,992966,803898,2013707,514999,1222305,471380,12331,496415
391106,392576,Refulgent Arrow,9788.0,666107,664211,2710559,18696,394731,964753,1234142,155062,992966,803898,2023495,514999,1222305,471380,12331,496415
391106,392576,Burst Shot,21990.0,666107,664211,2732549,18696,394731,964753,1234142,155062,992966,803898,2023495,514999,1222305,471380,12331,496415
392160,392918,Shot,9097.0,666107,664211,2732549,18696,394731,964753,1234142,155062,992966,803898,2023495,514999,1231402,471380,12331,496415
383635,394500,Caustic Bite (dot),4226.0,666107,664211,2732549,18696,398957,964753,1234142,155062,992966,803898,2023495,514999,1231402,471380,12331,496415
383635,394500,Stormbite (dot),5282.0,666107,664211,2732549,18696,398957,964753,1234142,155062,992966,803898,2023495,514999,1231402,471380,12331,501697
394246,395046,Pitch Perfect,13503.0,666107,664211,2732549,18696,398957,964753,1234142,155062,1006469,803898,2023495,514999,1231402,471380,12331,501697
393596,395066,Refulgent Arrow,8980.0,666107,664211,2732549,18696,398957,964753,1234142,155062,1006469,803898,2032475,514999,1231402,471380,12331,501697
393596,395066,Burst Shot,20367.0,666107,664211,2752916,18696,398957,964753,1234142,155062,1006469,803898,2032475,514999,1231402,471380,12331,501697
395200,395958,Shot,8405.0,666107,664211,2752916,18696,398957,964753,1234142,155062,1006469,803898,2032475,514999,1239807,471380,12331,501697
383635,397500,Caustic Bite (dot),4226.0,666107,664211,2752916,18696,403183,964753,1234142,155062,1006469,803898,2032475,514999,1239807,471380,12331,501697
383635,397500,Stormbite (dot),5282.0,666107,664211,2752916,18696,403183,964753,1234142,155062,1006469,803898,2032475,514999,1239807,471380,12331,506979
396086,397556,Refulgent Arrow,9113.0,666107,664211,2752916,18696,403183,964753,1234142,155062,1006469,803898,2041588,514999,1239807,471380,12331,506979
396086,397556,Burst Shot,20263.0,666107,664211,2773179,18696,403183,964753,1234142,155062,1006469,803898,2041588,514999,1239807,471380,12331,506979
397386,398186,Pitch Perfect,14831.0,666107,664211,2773179,18696,403183,964753,1234142,155062,1021300,803898,2041588,514999,1239807,471380,12331,506979
396736,398386,Heartbreak Shot,10878.0,666107,664211,2773179,18696,403183,964753,1245020,155062,1021300,803898,2041588,514999,1239807,471380,12331,506979
398240,398998,Shot,8405.0,666107,664211,2773179,18696,403183,964753,1245020,155062,1021300,803898,2041588,514999,1248212,471380,12331,506979
398576,400046,Refulgent Arrow,8875.0,666107,664211,2773179,18696,403183,964753,1245020,155062,1021300,803898,2050463,514999,1248212,471380,12331,506979
398576,400046,Burst Shot,20450.0,666107,664211,2793629,18696,403183,964753,1245020,155062,1021300,803898,2050463,514999,1248212,471380,12331,506979
383635,400500,Caustic Bite (dot),4226.0,666107,664211,2793629,18696,407409,964753,1245020,155062,1021300,803898,2050463,514999,1248212,471380,12331,506979
383635,400500,Stormbite (dot),5282.0,666107,664211,2793629,18696,407409,964753,1245020,155062,1021300,803898,2050463,514999,1248212,471380,12331,512261
401280,402038,Shot,8405.0,666107,664211,2793629,18696,407409,964753,1245020,155062,1021300,803898,2050463,514999,1256617,471380,12331,512261
401686,402486,Pitch Perfect,9958.0,666107,664211,2793629,18696,407409,964753,1245020,155062,1031258,803898,2050463,514999,1256617,471380,12331,512261
401066,402536,Burst Shot,20214.0,666107,664211,2813843,18696,407409,964753,1245020,155062,1031258,803898,2050463,514999,1256617,471380,12331,512261
401066,402536,Refulgent Arrow,9175.0,666107,664211,2813843,18696,407409,964753,1245020,155062,1031258,803898,2059638,514999,1256617,471380,12331,512261
402306,403336,Empyreal Arrow,32412.0,666107,664211,2813843,18696,407409,997165,1245020,155062,1031258,803898,2059638,514999,1256617,471380,12331,512261
383635,403500,Stormbite (dot),5282.0,666107,664211,2813843,18696,407409,997165,1245020,155062,1031258,803898,2059638,514999,1256617,471380,12331,517543
383635,403500,Caustic Bite (dot),4226.0,666107,664211,2813843,18696,411635,997165,1245020,155062,1031258,803898,2059638,514999,1256617,471380,12331,517543
404176,404976,Pitch Perfect,27823.0,666107,664211,2813843,18696,411635,997165,1245020,155062,1059081,803898,2059638,514999,1256617,471380,12331,517543
403556,405026,Refulgent Arrow,8910.0,666107,664211,2813843,18696,411635,997165,1245020,155062,1059081,803898,2068548,514999,1256617,471380,12331,517543
403556,405026,Burst Shot,20422.0,666107,664211,2834265,18696,411635,997165,1245020,155062,1059081,803898,2068548,514999,1256617,471380,12331,517543
404320,405078,Shot,8405.0,666107,664211,2834265,18696,411635,997165,1245020,155062,1059081,803898,2068548,514999,1265022,471380,12331,517543
404826,405626,Pitch Perfect,710.0,666107,664211,2834265,18696,411635,997165,1245020,155062,1059791,803898,2068548,514999,1265022,471380,12331,517543
404826,405626,Pitch Perfect,8857.0,666107,664211,2834265,18696,411635,997165,1245020,155062,1068648,803898,2068548,514999,1265022,471380,12331,517543
404176,405826,Heartbreak Shot,4316.0,666107,664211,2834265,18696,411635,997165,1249336,155062,1068648,803898,2068548,514999,1265022,471380,12331,517543
404826,406476,Heartbreak Shot,7239.0,666107,664211,2834265,18696,411635,997165,1256575,155062,1068648,803898,2068548,514999,1265022,471380,12331,517543
383635,406500,Caustic Bite (dot),4226.0,666107,664211,2834265,18696,415861,997165,1256575,155062,1068648,803898,2068548,514999,1265022,471380,12331,517543
383635,406500,Stormbite (dot),5282.0,666107,664211,2834265,18696,415861,997165,1256575,155062,1068648,803898,2068548,514999,1265022,471380,12331,522825
406046,407516,Refulgent Arrow,9106.0,666107,664211,2834265,18696,415861,997165,1256575,155062,1068648,803898,2077654,514999,1265022,471380,12331,522825
406046,407516,Burst Shot,20249.0,666107,664211,2854514,18696,415861,997165,1256575,155062,1068648,803898,2077654,514999,1265022,471380,12331,522825
407360,408118,Shot,8399.0,666107,664211,2854514,18696,415861,997165,1256575,155062,1068648,803898,2077654,514999,1273421,471380,12331,522825
383635,409500,Stormbite (dot),5282.0,666107,664211,2854514,18696,415861,997165,1256575,155062,1068648,803898,2077654,514999,1273421,471380,12331,528107
383635,409500,Caustic Bite (dot),4226.0,666107,664211,2854514,18696,420087,997165,1256575,155062,1068648,803898,2077654,514999,1273421,471380,12331,528107
408536,410006,Refulgent Arrow,9082.0,666107,664211,2854514,18696,420087,997165,1256575,155062,1068648,803898,2086736,514999,1273421,471380,12331,528107
408536,410006,Burst Shot,20269.0,666107,664211,2874783,18696,420087,997165,1256575,155062,1068648,803898,2086736,514999,1273421,471380,12331,528107
409186,410836,Heartbreak Shot,8752.0,666107,664211,2874783,18696,420087,997165,1265327,155062,1068648,803898,2086736,514999,1273421,471380,12331,528107
410400,411158,Shot,8399.0,666107,664211,2874783,18696,420087,997165,1265327,155062,1068648,803898,2086736,514999,1281820,471380,12331,528107
411026,412496,Refulgent Arrow,9030.0,666107,664211,2874783,18696,420087,997165,1265327,155062,1068648,803898,2095766,514999,1281820,471380,12331,528107
411026,412496,Burst Shot,20310.0,666107,664211,2895093,18696,420087,997165,1265327,155062,1068648,803898,2095766,514999,1281820,471380,12331,528107
383635,412500,Caustic Bite (dot),4226.0,666107,664211,2895093,18696,424313,997165,1265327,155062,1068648,803898,2095766,514999,1281820,471380,12331,528107
383635,412500,Stormbite (dot),5282.0,666107,664211,2895093,18696,424313,997165,1265327,155062,1068648,803898,2095766,514999,1281820,471380,12331,533389
411646,413296,Heartbreak Shot,20178.0,666107,664211,2895093,18696,424313,997165,1285505,155062,1068648,803898,2095766,514999,1281820,471380,12331,533389
413440,414198,Shot,8399.0,666107,664211,2895093,18696,424313,997165,1285505,155062,1068648,803898,2095766,514999,1290219,471380,12331,533389
413516,414986,Burst Shot,20192.0,666107,664211,2915285,18696,424313,997165,1285505,155062,1068648,803898,2095766,514999,1290219,471380,12331,533389
413516,414986,Refulgent Arrow,9180.0,666107,664211,2915285,18696,424313,997165,1285505,155062,1068648,803898,2104946,514999,1290219,471380,12331,533389
383635,415500,Caustic Bite (dot),4226.0,666107,664211,2915285,18696,428539,997165,1285505,155062,1068648,803898,2104946,514999,1290219,471380,12331,533389
383635,415500,Stormbite (dot),5282.0,666107,664211,2915285,18696,428539,997165,1285505,155062,1068648,803898,2104946,514999,1290219,471380,12331,538671
414136,415786,Heartbreak Shot,8992.0,666107,664211,2915285,18696,428539,997165,1294497,155062,1068648,803898,2104946,514999,1290219,471380,12331,538671
416480,417238,Shot,8399.0,666107,664211,2915285,18696,428539,997165,1294497,155062,1068648,803898,2104946,514999,1298618,471380,12331,538671
416006,417476,Refulgent Arrow,8890.0,666107,664211,2915285,18696,428539,997165,1294497,155062,1068648,803898,2113836,514999,1298618,471380,12331,538671
416006,417476,Burst Shot,20419.0,666107,664211,2935704,18696,428539,997165,1294497,155062,1068648,803898,2113836,514999,1298618,471380,12331,538671
417306,418336,Empyreal Arrow,32390.0,666107,664211,2935704,18696,428539,1029555,1294497,155062,1068648,803898,2113836,514999,1298618,471380,12331,538671
383635,418500,Caustic Bite (dot),4226.0,666107,664211,2935704,18696,432765,1029555,1294497,155062,1068648,803898,2113836,514999,1298618,471380,12331,538671
383635,418500,Stormbite (dot),5282.0,666107,664211,2935704,18696,432765,1029555,1294497,155062,1068648,803898,2113836,514999,1298618,471380,12331,543953
418496,419966,Refulgent Arrow,8988.0,666107,664211,2935704,18696,432765,1029555,1294497,155062,1068648,803898,2122824,514999,1298618,471380,12331,543953
418496,419966,Burst Shot,20343.0,666107,664211,2956047,18696,432765,1029555,1294497,155062,1068648,803898,2122824,514999,1298618,471380,12331,543953
419520,420278,Shot,8399.0,666107,664211,2956047,18696,432765,1029555,1294497,155062,1068648,803898,2122824,514999,1307017,471380,12331,543953
419116,420766,Heartbreak Shot,22418.0,666107,664211,2956047,18696,432765,1029555,1316915,155062,1068648,803898,2122824,514999,1307017,471380,12331,543953
419766,421416,Heartbreak Shot,8933.0,666107,664211,2956047,18696,432765,1029555,1325848,155062,1068648,803898,2122824,514999,1307017,471380,12331,543953
383635,421500,Caustic Bite (dot),4226.0,666107,664211,2956047,18696,436991,1029555,1325848,155062,1068648,803898,2122824,514999,1307017,471380,12331,543953
383635,421500,Stormbite (dot),5282.0,666107,664211,2956047,18696,436991,1029555,1325848,155062,1068648,803898,2122824,514999,1307017,471380,12331,549235
420986,422456,Burst Shot,20068.0,666107,664211,2976115,18696,436991,1029555,1325848,155062,1068648,803898,2122824,514999,1307017,471380,12331,549235
420986,422456,Refulgent Arrow,9337.0,666107,664211,2976115,18696,436991,1029555,1325848,155062,1068648,803898,2132161,514999,1307017,471380,12331,549235
421606,423256,Heartbreak Shot,9086.0,666107,664211,2976115,18696,436991,1029555,1334934,155062,1068648,803898,2132161,514999,1307017,471380,12331,549235
422560,423318,Shot,8399.0,666107,664211,2976115,18696,436991,1029555,1334934,155062,1068648,803898,2132161,514999,1315416,471380,12331,549235
383635,424500,Caustic Bite (dot),4226.0,666107,664211,2976115,18696,441217,1029555,1334934,155062,1068648,803898,2132161,514999,1315416,471380,12331,549235
383635,424500,Stormbite (dot),5282.0,666107,664211,2976115,18696,441217,1029555,1334934,155062,1068648,803898,2132161,514999,1315416,471380,12331,554517
423476,424946,Refulgent Arrow,8838.0,666107,664211,2976115,18696,441217,1029555,1334934,155062,1068648,803898,2140999,514999,1315416,471380,12331,554517
423476,424946,Burst Shot,20460.0,666107,664211,2996575,18696,441217,1029555,1334934,155062,1068648,803898,2140999,514999,1315416,471380,12331,554517
424096,425746,Heartbreak Shot,8944.0,666107,664211,2996575,18696,441217,1029555,1343878,155062,1068648,803898,2140999,514999,1315416,471380,12331,554517
425600,426358,Shot,8399.0,666107,664211,2996575,18696,441217,1029555,1343878,155062,1068648,803898,2140999,514999,1323815,471380,12331,554517
425966,427436,Refulgent Arrow,9138.0,666107,664211,2996575,18696,441217,1029555,1343878,155062,1068648,803898,2150137,514999,1323815,471380,12331,554517
425966,427436,Burst Shot,20225.0,666107,664211,3016800,18696,441217,1029555,1343878,155062,1068648,803898,2150137,514999,1323815,471380,12331,554517
383635,427500,Caustic Bite (dot),4226.0,666107,664211,3016800,18696,445443,1029555,1343878,155062,1068648,803898,2150137,514999,1323815,471380,12331,554517
383635,427500,Stormbite (dot),5282.0,666107,664211,3016800,18696,445443,1029555,1343878,155062,1068648,803898,2150137,514999,1323815,471380,12331,559799
426616,428266,Heartbreak Shot,20178.0,666107,664211,3016800,18696,445443,1029555,1364056,155062,1068648,803898,2150137,514999,1323815,471380,12331,559799
428456,429126,Iron Jaws,12454.0,666107,664211,3016800,18696,445443,1029555,1364056,167516,1068648,803898,2150137,514999,1323815,471380,12331,559799
428640,429398,Shot,8399.0,666107,664211,3016800,18696,445443,1029555,1364056,167516,1068648,803898,2150137,514999,1332214,471380,12331,559799
428456,430500,Caustic Bite (dot),2491.0,666107,664211,3016800,18696,447934,1029555,1364056,167516,1068648,803898,2150137,514999,1332214,471380,12331,559799
428456,430500,Stormbite (dot),3115.0,666107,664211,3016800,18696,447934,1029555,1364056,167516,1068648,803898,2150137,514999,1332214,471380,12331,562914
429076,430726,Heartbreak Shot,9068.0,666107,664211,3016800,18696,447934,1029555,1373124,167516,1068648,803898,2150137,514999,1332214,471380,12331,562914
430946,432416,Refulgent Arrow,18328.0,666107,664211,3016800,18696,447934,1029555,1373124,167516,1068648,803898,2168465,514999,1332214,471380,12331,562914
430946,432416,Burst Shot,13003.0,666107,664211,3029803,18696,447934,1029555,1373124,167516,1068648,803898,2168465,514999,1332214,471380,12331,562914
431680,432438,Shot,8399.0,666107,664211,3029803,18696,447934,1029555,1373124,167516,1068648,803898,2168465,514999,1340613,471380,12331,562914
432423,432953,Sidewinder,49833.0,666107,664211,3029803,18696,447934,1029555,1373124,167516,1068648,803898,2168465,514999,1340613,521213,12331,562914
428456,433500,Stormbite (dot),3115.0,666107,664211,3029803,18696,447934,1029555,1373124,167516,1068648,803898,2168465,514999,1340613,521213,12331,566029
428456,433500,Caustic Bite (dot),2491.0,666107,664211,3029803,18696,450425,1029555,1373124,167516,1068648,803898,2168465,514999,1340613,521213,12331,566029
433436,434506,Apex Arrow,164.0,666271,664211,3029803,18696,450425,1029555,1373124,167516,1068648,803898,2168465,514999,1340613,521213,12331,566029
433436,434506,Apex Arrow,2809.0,669080,664211,3029803,18696,450425,1029555,1373124,167516,1068648,803898,2168465,514999,1340613,521213,12331,566029
433436,434506,Apex Arrow,28.0,669108,664211,3029803,18696,450425,1029555,1373124,167516,1068648,803898,2168465,514999,1340613,521213,12331,566029
433436,434506,Apex Arrow,497.0,669605,664211,3029803,18696,450425,1029555,1373124,167516,1068648,803898,2168465,514999,1340613,521213,12331,566029
433436,434506,Apex Arrow,69454.0,739059,664211,3029803,18696,450425,1029555,1373124,167516,1068648,803898,2168465,514999,1340613,521213,12331,566029
433436,434506,Apex Arrow,6429.0,745488,664211,3029803,18696,450425,1029555,1373124,167516,1068648,803898,2168465,514999,1340613,521213,12331,566029
433436,434506,Apex Arrow,1220.0,746708,664211,3029803,18696,450425,1029555,1373124,167516,1068648,803898,2168465,514999,1340613,521213,12331,566029
433436,434506,Apex Arrow,4677.0,751385,664211,3029803,18696,450425,1029555,1373124,167516,1068648,803898,2168465,514999,1340613,521213,12331,566029
433436,434506,Apex Arrow,10.0,751395,664211,3029803,18696,450425,1029555,1373124,167516,1068648,803898,2168465,514999,1340613,521213,12331,566029
434056,435086,Empyreal Arrow,32390.0,751395,664211,3029803,18696,450425,1061945,1373124,167516,1068648,803898,2168465,514999,1340613,521213,12331,566029
434720,435478,Shot,8399.0,751395,664211,3029803,18696,450425,1061945,1373124,167516,1068648,803898,2168465,514999,1349012,521213,12331,566029
434676,436326,Heartbreak Shot,22418.0,751395,664211,3029803,18696,450425,1061945,1395542,167516,1068648,803898,2168465,514999,1349012,521213,12331,566029
428456,436500,Stormbite (dot),3115.0,751395,664211,3029803,18696,450425,1061945,1395542,167516,1068648,803898,2168465,514999,1349012,521213,12331,569144
428456,436500,Caustic Bite (dot),2491.0,751395,664211,3029803,18696,452916,1061945,1395542,167516,1068648,803898,2168465,514999,1349012,521213,12331,569144
435926,437396,Burst Shot,211.0,751395,664211,3030014,18696,452916,1061945,1395542,167516,1068648,803898,2168465,514999,1349012,521213,12331,569144
435926,437396,Refulgent Arrow,115.0,751395,664211,3030014,18696,452916,1061945,1395542,167516,1068648,803898,2168580,514999,1349012,521213,12331,569144
435926,437576,Blast Arrow,86251.0,751395,750462,3030014,18696,452916,1061945,1395542,167516,1068648,803898,2168580,514999,1349012,521213,12331,569144
436576,438226,Heartbreak Shot,17898.0,751395,750462,3030014,18696,452916,1061945,1413440,167516,1068648,803898,2168580,514999,1349012,521213,12331,569144
437760,438518,Shot,8399.0,751395,750462,3030014,18696,452916,1061945,1413440,167516,1068648,803898,2168580,514999,1357411,521213,12331,569144
428456,439500,Caustic Bite (dot),2491.0,751395,750462,3030014,18696,455407,1061945,1413440,167516,1068648,803898,2168580,514999,1357411,521213,12331,569144
428456,439500,Stormbite (dot),3115.0,751395,750462,3030014,18696,455407,1061945,1413440,167516,1068648,803898,2168580,514999,1357411,521213,12331,572259
438416,439886,Refulgent Arrow,9242.0,751395,750462,3030014,18696,455407,1061945,1413440,167516,1068648,803898,2177822,514999,1357411,521213,12331,572259
438416,439886,Burst Shot,20142.0,751395,750462,3050156,18696,455407,1061945,1413440,167516,1068648,803898,2177822,514999,1357411,521213,12331,572259
439036,440686,Heartbreak Shot,9104.0,751395,750462,3050156,18696,455407,1061945,1422544,167516,1068648,803898,2177822,514999,1357411,521213,12331,572259
440800,441558,Shot,8399.0,751395,750462,3050156,18696,455407,1061945,1422544,167516,1068648,803898,2177822,514999,1365810,521213,12331,572259
440906,442376,Burst Shot,20296.0,751395,750462,3070452,18696,455407,1061945,1422544,167516,1068648,803898,2177822,514999,1365810,521213,12331,572259
440906,442376,Refulgent Arrow,9047.0,751395,750462,3070452,18696,455407,1061945,1422544,167516,1068648,803898,2186869,514999,1365810,521213,12331,572259
428456,442500,Stormbite (dot),3115.0,751395,750462,3070452,18696,455407,1061945,1422544,167516,1068648,803898,2186869,514999,1365810,521213,12331,575374
428456,442500,Caustic Bite (dot),2491.0,751395,750462,3070452,18696,457898,1061945,1422544,167516,1068648,803898,2186869,514999,1365810,521213,12331,575374
441556,443206,Heartbreak Shot,20127.0,751395,750462,3070452,18696,457898,1061945,1442671,167516,1068648,803898,2186869,514999,1365810,521213,12331,575374
443840,444598,Shot,8374.0,751395,750462,3070452,18696,457898,1061945,1442671,167516,1068648,803898,2186869,514999,1374184,521213,12331,575374
443397,444867,Burst Shot,20279.0,751395,750462,3090731,18696,457898,1061945,1442671,167516,1068648,803898,2186869,514999,1374184,521213,12331,575374
443397,444867,Refulgent Arrow,8964.0,751395,750462,3090731,18696,457898,1061945,1442671,167516,1068648,803898,2195833,514999,1374184,521213,12331,575374
428456,445500,Caustic Bite (dot),2491.0,751395,750462,3090731,18696,460389,1061945,1442671,167516,1068648,803898,2195833,514999,1374184,521213,12331,575374
428456,445500,Stormbite (dot),3115.0,751395,750462,3090731,18696,460389,1061945,1442671,167516,1068648,803898,2195833,514999,1374184,521213,12331,578489
445887,447357,Refulgent Arrow,8829.0,751395,750462,3090731,18696,460389,1061945,1442671,167516,1068648,803898,2204662,514999,1374184,521213,12331,578489
445887,447357,Burst Shot,20386.0,751395,750462,3111117,18696,460389,1061945,1442671,167516,1068648,803898,2204662,514999,1374184,521213,12331,578489
446880,447638,Shot,8374.0,751395,750462,3111117,18696,460389,1061945,1442671,167516,1068648,803898,2204662,514999,1382558,521213,12331,578489
428456,448500,Caustic Bite (dot),2491.0,751395,750462,3111117,18696,462880,1061945,1442671,167516,1068648,803898,2204662,514999,1382558,521213,12331,578489
428456,448500,Stormbite (dot),3115.0,751395,750462,3111117,18696,462880,1061945,1442671,167516,1068648,803898,2204662,514999,1382558,521213,12331,581604
448277,449747,Refulgent Arrow,9305.0,751395,750462,3111117,18696,462880,1061945,1442671,167516,1068648,803898,2213967,514999,1382558,521213,12331,581604
448277,449747,Burst Shot,20011.0,751395,750462,3131128,18696,462880,1061945,1442671,167516,1068648,803898,2213967,514999,1382558,521213,12331,581604
449056,450086,Empyreal Arrow,32293.0,751395,750462,3131128,18696,462880,1094238,1442671,167516,1068648,803898,2213967,514999,1382558,521213,12331,581604
449920,450678,Shot,8374.0,751395,750462,3131128,18696,462880,1094238,1442671,167516,1068648,803898,2213967,514999,1390932,521213,12331,581604
449706,451356,Heartbreak Shot,11209.0,751395,750462,3131128,18696,462880,1094238,1453880,167516,1068648,803898,2213967,514999,1390932,521213,12331,581604
428456,451500,Caustic Bite (dot),2491.0,751395,750462,3131128,18696,465371,1094238,1453880,167516,1068648,803898,2213967,514999,1390932,521213,12331,581604
428456,451500,Stormbite (dot),3115.0,751395,750462,3131128,18696,465371,1094238,1453880,167516,1068648,803898,2213967,514999,1390932,521213,12331,584719
450667,452137,Burst Shot,20186.0,751395,750462,3151314,18696,465371,1094238,1453880,167516,1068648,803898,2213967,514999,1390932,521213,12331,584719
450667,452137,Refulgent Arrow,9083.0,751395,750462,3151314,18696,465371,1094238,1453880,167516,1068648,803898,2223050,514999,1390932,521213,12331,584719
452960,453718,Shot,8374.0,751395,750462,3151314,18696,465371,1094238,1453880,167516,1068648,803898,2223050,514999,1399306,521213,12331,584719
452857,454327,Burst Shot,20249.0,751395,750462,3171563,18696,465371,1094238,1453880,167516,1068648,803898,2223050,514999,1399306,521213,12331,584719
452857,454327,Refulgent Arrow,9003.0,751395,750462,3171563,18696,465371,1094238,1453880,167516,1068648,803898,2232053,514999,1399306,521213,12331,584719
428456,454500,Caustic Bite (dot),2491.0,751395,750462,3171563,18696,467862,1094238,1453880,167516,1068648,803898,2232053,514999,1399306,521213,12331,584719
428456,454500,Stormbite (dot),3115.0,751395,750462,3171563,18696,467862,1094238,1453880,167516,1068648,803898,2232053,514999,1399306,521213,12331,587834
455047,456517,Refulgent Arrow,8912.0,751395,750462,3171563,18696,467862,1094238,1453880,167516,1068648,803898,2240965,514999,1399306,521213,12331,587834
455047,456517,Burst Shot,20320.0,751395,750462,3191883,18696,467862,1094238,1453880,167516,1068648,803898,2240965,514999,1399306,521213,12331,587834
456000,456758,Shot,8374.0,751395,750462,3191883,18696,467862,1094238,1453880,167516,1068648,803898,2240965,514999,1407680,521213,12331,587834
428456,457500,Stormbite (dot),3115.0,751395,750462,3191883,18696,467862,1094238,1453880,167516,1068648,803898,2240965,514999,1407680,521213,12331,590949
428456,457500,Caustic Bite (dot),2491.0,751395,750462,3191883,18696,470353,1094238,1453880,167516,1068648,803898,2240965,514999,1407680,521213,12331,590949
456347,457997,Heartbreak Shot,11142.0,751395,750462,3191883,18696,470353,1094238,1465022,167516,1068648,803898,2240965,514999,1407680,521213,12331,590949
457137,458607,Refulgent Arrow,9079.0,751395,750462,3191883,18696,470353,1094238,1465022,167516,1068648,803898,2250044,514999,1407680,521213,12331,590949
457137,458607,Burst Shot,20189.0,751395,750462,3212072,18696,470353,1094238,1465022,167516,1068648,803898,2250044,514999,1407680,521213,12331,590949
459040,459798,Shot,8374.0,751395,750462,3212072,18696,470353,1094238,1465022,167516,1068648,803898,2250044,514999,1416054,521213,12331,590949
428456,460500,Stormbite (dot),3115.0,751395,750462,3212072,18696,470353,1094238,1465022,167516,1068648,803898,2250044,514999,1416054,521213,12331,594064
428456,460500,Caustic Bite (dot),2491.0,751395,750462,3212072,18696,472844,1094238,1465022,167516,1068648,803898,2250044,514999,1416054,521213,12331,594064
459227,460697,Burst Shot,20066.0,751395,750462,3232138,18696,472844,1094238,1465022,167516,1068648,803898,2250044,514999,1416054,521213,12331,594064
459227,460697,Refulgent Arrow,9236.0,751395,750462,3232138,18696,472844,1094238,1465022,167516,1068648,803898,2259280,514999,1416054,521213,12331,594064
461317,462787,Refulgent Arrow,8923.0,751395,750462,3232138,18696,472844,1094238,1465022,167516,1068648,803898,2268203,514999,1416054,521213,12331,594064
461317,462787,Burst Shot,20312.0,751395,750462,3252450,18696,472844,1094238,1465022,167516,1068648,803898,2268203,514999,1416054,521213,12331,594064
462080,462838,Shot,8374.0,751395,750462,3252450,18696,472844,1094238,1465022,167516,1068648,803898,2268203,514999,1424428,521213,12331,594064
428456,463500,Caustic Bite (dot),2491.0,751395,750462,3252450,18696,475335,1094238,1465022,167516,1068648,803898,2268203,514999,1424428,521213,12331,594064
428456,463500,Stormbite (dot),3115.0,751395,750462,3252450,18696,475335,1094238,1465022,167516,1068648,803898,2268203,514999,1424428,521213,12331,597179
463407,464877,Burst Shot,20282.0,751395,750462,3272732,18696,475335,1094238,1465022,167516,1068648,803898,2268203,514999,1424428,521213,12331,597179
463407,464877,Refulgent Arrow,8961.0,751395,750462,3272732,18696,475335,1094238,1465022,167516,1068648,803898,2277164,514999,1424428,521213,12331,597179
464056,465086,Empyreal Arrow,32293.0,751395,750462,3272732,18696,475335,1126531,1465022,167516,1068648,803898,2277164,514999,1424428,521213,12331,597179
465120,465878,Shot,8374.0,751395,750462,3272732,18696,475335,1126531,1465022,167516,1068648,803898,2277164,514999,1432802,521213,12331,597179
465497,466167,Iron Jaws,12417.0,751395,750462,3272732,18696,475335,1126531,1465022,179933,1068648,803898,2277164,514999,1432802,521213,12331,597179
465497,466500,Stormbite (dot),3106.0,751395,750462,3272732,18696,475335,1126531,1465022,179933,1068648,803898,2277164,514999,1432802,521213,12331,600285
465497,466500,Caustic Bite (dot),2484.0,751395,750462,3272732,18696,477819,1126531,1465022,179933,1068648,803898,2277164,514999,1432802,521213,12331,600285
468160,468918,Shot,8374.0,751395,750462,3272732,18696,477819,1126531,1465022,179933,1068648,803898,2277164,514999,1441176,521213,12331,600285
467587,469057,Refulgent Arrow,18048.0,751395,750462,3272732,18696,477819,1126531,1465022,179933,1068648,803898,2295212,514999,1441176,521213,12331,600285
467587,469057,Burst Shot,13142.0,751395,750462,3285874,18696,477819,1126531,1465022,179933,1068648,803898,2295212,514999,1441176,521213,12331,600285
465497,469500,Caustic Bite (dot),2484.0,751395,750462,3285874,18696,480303,1126531,1465022,179933,1068648,803898,2295212,514999,1441176,521213,12331,600285
465497,469500,Stormbite (dot),3106.0,751395,750462,3285874,18696,480303,1126531,1465022,179933,1068648,803898,2295212,514999,1441176,521213,12331,603391
469677,471147,Refulgent Arrow,8968.0,751395,750462,3285874,18696,480303,1126531,1465022,179933,1068648,803898,2304180,514999,1441176,521213,12331,603391
469677,471147,Burst Shot,20276.0,751395,750462,3306150,18696,480303,1126531,1465022,179933,1068648,803898,2304180,514999,1441176,521213,12331,603391
471200,471958,Shot,8374.0,751395,750462,3306150,18696,480303,1126531,1465022,179933,1068648,803898,2304180,514999,1449550,521213,12331,603391
465497,472500,Caustic Bite (dot),2484.0,751395,750462,3306150,18696,482787,1126531,1465022,179933,1068648,803898,2304180,514999,1449550,521213,12331,603391
465497,472500,Stormbite (dot),3106.0,751395,750462,3306150,18696,482787,1126531,1465022,179933,1068648,803898,2304180,514999,1449550,521213,12331,606497
471767,473237,Refulgent Arrow,8947.0,751395,750462,3306150,18696,482787,1126531,1465022,179933,1068648,803898,2313127,514999,1449550,521213,12331,606497
471767,473237,Burst Shot,20293.0,751395,750462,3326443,18696,482787,1126531,1465022,179933,1068648,803898,2313127,514999,1449550,521213,12331,606497
474240,474998,Shot,8374.0,751395,750462,3326443,18696,482787,1126531,1465022,179933,1068648,803898,2313127,514999,1457924,521213,12331,606497
473857,475327,Burst Shot,20208.0,751395,750462,3346651,18696,482787,1126531,1465022,179933,1068648,803898,2313127,514999,1457924,521213,12331,606497
473857,475327,Refulgent Arrow,9055.0,751395,750462,3346651,18696,482787,1126531,1465022,179933,1068648,803898,2322182,514999,1457924,521213,12331,606497
465497,475500,Stormbite (dot),3106.0,751395,750462,3346651,18696,482787,1126531,1465022,179933,1068648,803898,2322182,514999,1457924,521213,12331,609603
465497,475500,Caustic Bite (dot),2484.0,751395,750462,3346651,18696,485271,1126531,1465022,179933,1068648,803898,2322182,514999,1457924,521213,12331,609603
475947,477417,Refulgent Arrow,8846.0,751395,750462,3346651,18696,485271,1126531,1465022,179933,1068648,803898,2331028,514999,1457924,521213,12331,609603
475947,477417,Burst Shot,20372.0,751395,750462,3367023,18696,485271,1126531,1465022,179933,1068648,803898,2331028,514999,1457924,521213,12331,609603
477280,478038,Shot,8374.0,751395,750462,3367023,18696,485271,1126531,1465022,179933,1068648,803898,2331028,514999,1466298,521213,12331,609603
465497,478500,Caustic Bite (dot),2484.0,751395,750462,3367023,18696,487755,1126531,1465022,179933,1068648,803898,2331028,514999,1466298,521213,12331,609603
465497,478500,Stormbite (dot),3106.0,751395,750462,3367023,18696,487755,1126531,1465022,179933,1068648,803898,2331028,514999,1466298,521213,12331,612709
478037,479507,Refulgent Arrow,9291.0,751395,750462,3367023,18696,487755,1126531,1465022,179933,1068648,803898,2340319,514999,1466298,521213,12331,612709
478037,479507,Burst Shot,20022.0,751395,750462,3387045,18696,487755,1126531,1465022,179933,1068648,803898,2340319,514999,1466298,521213,12331,612709
479056,480086,Empyreal Arrow,32293.0,751395,750462,3387045,18696,487755,1158824,1465022,179933,1068648,803898,2340319,514999,1466298,521213,12331,612709
480320,481078,Shot,8374.0,751395,750462,3387045,18696,487755,1158824,1465022,179933,1068648,803898,2340319,514999,1474672,521213,12331,612709
465497,481500,Caustic Bite (dot),2484.0,751395,750462,3387045,18696,490239,1158824,1465022,179933,1068648,803898,2340319,514999,1474672,521213,12331,612709
465497,481500,Stormbite (dot),3106.0,751395,750462,3387045,18696,490239,1158824,1465022,179933,1068648,803898,2340319,514999,1474672,521213,12331,615815
480127,481597,Burst Shot,20304.0,751395,750462,3407349,18696,490239,1158824,1465022,179933,1068648,803898,2340319,514999,1474672,521213,12331,615815
480127,481597,Refulgent Arrow,8933.0,751395,750462,3407349,18696,490239,1158824,1465022,179933,1068648,803898,2349252,514999,1474672,521213,12331,615815
482217,483687,Burst Shot,20318.0,751395,750462,3427667,18696,490239,1158824,1465022,179933,1068648,803898,2349252,514999,1474672,521213,12331,615815
482217,483687,Refulgent Arrow,9043.0,751395,750462,3427667,18696,490239,1158824,1465022,179933,1068648,803898,2358295,514999,1474672,521213,12331,615815
483360,484118,Shot,8405.0,751395,750462,3427667,18696,490239,1158824,1465022,179933,1068648,803898,2358295,514999,1483077,521213,12331,615815
465497,484500,Stormbite (dot),3106.0,751395,750462,3427667,18696,490239,1158824,1465022,179933,1068648,803898,2358295,514999,1483077,521213,12331,618921
465497,484500,Caustic Bite (dot),2484.0,751395,750462,3427667,18696,492723,1158824,1465022,179933,1068648,803898,2358295,514999,1483077,521213,12331,618921
484407,485877,Burst Shot,20285.0,751395,750462,3447952,18696,492723,1158824,1465022,179933,1068648,803898,2358295,514999,1483077,521213,12331,618921
484407,485877,Refulgent Arrow,9085.0,751395,750462,3447952,18696,492723,1158824,1465022,179933,1068648,803898,2367380,514999,1483077,521213,12331,618921
486400,487158,Shot,10278.0,751395,750462,3447952,18696,492723,1158824,1465022,179933,1068648,803898,2367380,514999,1493355,521213,12331,618921
465497,487500,Caustic Bite (dot),2484.0,751395,750462,3447952,18696,495207,1158824,1465022,179933,1068648,803898,2367380,514999,1493355,521213,12331,618921
465497,487500,Stormbite (dot),3106.0,751395,750462,3447952,18696,495207,1158824,1465022,179933,1068648,803898,2367380,514999,1493355,521213,12331,622027
486597,488067,Burst Shot,26252.0,751395,750462,3474204,18696,495207,1158824,1465022,179933,1068648,803898,2367380,514999,1493355,521213,12331,622027
486597,488067,Refulgent Arrow,11831.0,751395,750462,3474204,18696,495207,1158824,1465022,179933,1068648,803898,2379211,514999,1493355,521213,12331,622027
488043,489693,Heartbreak Shot,35114.0,751395,750462,3474204,18696,495207,1158824,1500136,179933,1068648,803898,2379211,514999,1493355,521213,12331,622027
489440,490198,Shot,13155.0,751395,750462,3474204,18696,495207,1158824,1500136,179933,1068648,803898,2379211,514999,1506510,521213,12331,622027
465497,490500,Caustic Bite (dot),2484.0,751395,750462,3474204,18696,497691,1158824,1500136,179933,1068648,803898,2379211,514999,1506510,521213,12331,622027
465497,490500,Stormbite (dot),3106.0,751395,750462,3474204,18696,497691,1158824,1500136,179933,1068648,803898,2379211,514999,1506510,521213,12331,625133
488787,490747,Radiant Encore,214654.0,751395,750462,3474204,18696,497691,1158824,1500136,179933,1068648,1018552,2379211,514999,1506510,521213,12331,625133
490027,490827,Pitch Perfect,35620.0,751395,750462,3474204,18696,497691,1158824,1500136,179933,1104268,1018552,2379211,514999,1506510,521213,12331,625133
489407,491057,Heartbreak Shot,35114.0,751395,750462,3474204,18696,497691,1158824,1535250,179933,1104268,1018552,2379211,514999,1506510,521213,12331,625133
490977,492447,Refulgent Arrow,14460.0,751395,750462,3474204,18696,497691,1158824,1535250,179933,1104268,1018552,2393671,514999,1506510,521213,12331,625133
490977,492447,Burst Shot,31562.0,751395,750462,3505766,18696,497691,1158824,1535250,179933,1104268,1018552,2393671,514999,1506510,521213,12331,625133
492423,492953,Sidewinder,78053.0,751395,750462,3505766,18696,497691,1158824,1535250,179933,1104268,1018552,2393671,514999,1506510,599266,12331,625133
492480,493238,Shot,13155.0,751395,750462,3505766,18696,497691,1158824,1535250,179933,1104268,1018552,2393671,514999,1519665,599266,12331,625133
465497,493500,Stormbite (dot),3106.0,751395,750462,3505766,18696,497691,1158824,1535250,179933,1104268,1018552,2393671,514999,1519665,599266,12331,628239
465497,493500,Caustic Bite (dot),2484.0,751395,750462,3505766,18696,500175,1158824,1535250,179933,1104268,1018552,2393671,514999,1519665,599266,12331,628239
494087,494887,Pitch Perfect,21592.0,751395,750462,3505766,18696,500175,1158824,1535250,179933,1125860,1018552,2393671,514999,1519665,599266,12331,628239
493467,494937,Refulgent Arrow,14111.0,751395,750462,3505766,18696,500175,1158824,1535250,179933,1125860,1018552,2407782,514999,1519665,599266,12331,628239
493467,494937,Burst Shot,31837.0,751395,750462,3537603,18696,500175,1158824,1535250,179933,1125860,1018552,2407782,514999,1519665,599266,12331,628239
494087,495737,Heartbreak Shot,12198.0,751395,750462,3537603,18696,500175,1158824,1547448,179933,1125860,1018552,2407782,514999,1519665,599266,12331,628239
494707,495737,Empyreal Arrow,50733.0,751395,750462,3537603,18696,500175,1209557,1547448,179933,1125860,1018552,2407782,514999,1519665,599266,12331,628239
495520,496278,Shot,13155.0,751395,750462,3537603,18696,500175,1209557,1547448,179933,1125860,1018552,2407782,514999,1532820,599266,12331,628239
465497,496500,Caustic Bite (dot),2484.0,751395,750462,3537603,18696,502659,1209557,1547448,179933,1125860,1018552,2407782,514999,1532820,599266,12331,628239
465497,496500,Stormbite (dot),3106.0,751395,750462,3537603,18696,502659,1209557,1547448,179933,1125860,1018552,2407782,514999,1532820,599266,12331,631345
495957,497027,Apex Arrow,2175.0,753570,750462,3537603,18696,502659,1209557,1547448,179933,1125860,1018552,2407782,514999,1532820,599266,12331,631345
495957,497027,Apex Arrow,789.0,754359,750462,3537603,18696,502659,1209557,1547448,179933,1125860,1018552,2407782,514999,1532820,599266,12331,631345
495957,497027,Apex Arrow,127254.0,881613,750462,3537603,18696,502659,1209557,1547448,179933,1125860,1018552,2407782,514999,1532820,599266,12331,631345
495957,497027,Apex Arrow,5346.0,886959,750462,3537603,18696,502659,1209557,1547448,179933,1125860,1018552,2407782,514999,1532820,599266,12331,631345
495957,497027,Apex Arrow,218.0,887177,750462,3537603,18696,502659,1209557,1547448,179933,1125860,1018552,2407782,514999,1532820,599266,12331,631345
495957,497027,Apex Arrow,61.0,887238,750462,3537603,18696,502659,1209557,1547448,179933,1125860,1018552,2407782,514999,1532820,599266,12331,631345
495957,497027,Apex Arrow,8.0,887246,750462,3537603,18696,502659,1209557,1547448,179933,1125860,1018552,2407782,514999,1532820,599266,12331,631345
497227,498027,Pitch Perfect,35374.0,887246,750462,3537603,18696,502659,1209557,1547448,179933,1161234,1018552,2407782,514999,1532820,599266,12331,631345
497227,498877,Heartbreak Shot,5411.0,887246,750462,3537603,18696,502659,1209557,1552859,179933,1161234,1018552,2407782,514999,1532820,599266,12331,631345
498560,499318,Shot,13155.0,887246,750462,3537603,18696,502659,1209557,1552859,179933,1161234,1018552,2407782,514999,1545975,599266,12331,631345
465497,499500,Stormbite (dot),3106.0,887246,750462,3537603,18696,502659,1209557,1552859,179933,1161234,1018552,2407782,514999,1545975,599266,12331,634451
465497,499500,Caustic Bite (dot),2484.0,887246,750462,3537603,18696,505143,1209557,1552859,179933,1161234,1018552,2407782,514999,1545975,599266,12331,634451
499097,499897,Pitch Perfect,23636.0,887246,750462,3537603,18696,505143,1209557,1552859,179933,1184870,1018552,2407782,514999,1545975,599266,12331,634451
498447,499917,Burst Shot,30.0,887246,750462,3537633,18696,505143,1209557,1552859,179933,1184870,1018552,2407782,514999,1545975,599266,12331,634451
498447,500097,Blast Arrow,136502.0,887246,886964,3537633,18696,505143,1209557,1552859,179933,1184870,1018552,2407782,514999,1545975,599266,12331,634451
500937,502097,Resonant Arrow,124882.0,887246,886964,3537633,18696,505143,1209557,1552859,179933,1184870,1018552,2407782,639881,1545975,599266,12331,634451
501600,502358,Shot,13155.0,887246,886964,3537633,18696,505143,1209557,1552859,179933,1184870,1018552,2407782,639881,1559130,599266,12331,634451
465497,502500,Stormbite (dot),3106.0,887246,886964,3537633,18696,505143,1209557,1552859,179933,1184870,1018552,2407782,639881,1559130,599266,12331,637557
465497,502500,Caustic Bite (dot),2484.0,887246,886964,3537633,18696,507627,1209557,1552859,179933,1184870,1018552,2407782,639881,1559130,599266,12331,637557
502207,503007,Pitch Perfect,7972.0,887246,886964,3537633,18696,507627,1209557,1552859,179933,1192842,1018552,2407782,639881,1559130,599266,12331,637557
501557,503207,Heartbreak Shot,17504.0,887246,886964,3537633,18696,507627,1209557,1570363,179933,1192842,1018552,2407782,639881,1559130,599266,12331,637557
503427,504897,Refulgent Arrow,54631.0,887246,886964,3537633,18696,507627,1209557,1570363,179933,1192842,1018552,2462413,639881,1559130,599266,12331,637557
503427,505017,Refulgent Arrow,54631.0,887246,886964,3537633,18696,507627,1209557,1570363,179933,1192842,1018552,2517044,639881,1559130,599266,12331,637557
503427,505137,Refulgent Arrow,54631.0,887246,886964,3537633,18696,507627,1209557,1570363,179933,1192842,1018552,2571675,639881,1559130,599266,12331,637557
504640,505398,Shot,13155.0,887246,886964,3537633,18696,507627,1209557,1570363,179933,1192842,1018552,2571675,639881,1572285,599266,12331,637557
465497,505500,Stormbite (dot),3106.0,887246,886964,3537633,18696,507627,1209557,1570363,179933,1192842,1018552,2571675,639881,1572285,599266,12331,640663
465497,505500,Caustic Bite (dot),2484.0,887246,886964,3537633,18696,510111,1209557,1570363,179933,1192842,1018552,2571675,639881,1572285,599266,12331,640663
505917,506587,Iron Jaws,18641.0,887246,886964,3537633,18696,510111,1209557,1570363,198574,1192842,1018552,2571675,639881,1572285,599266,12331,640663
506537,507337,Pitch Perfect,17277.0,887246,886964,3537633,18696,510111,1209557,1570363,198574,1210119,1018552,2571675,639881,1572285,599266,12331,640663
507680,508438,Shot,9665.0,887246,886964,3537633,18696,510111,1209557,1570363,198574,1210119,1018552,2571675,639881,1581950,599266,12331,640663
505917,508500,Stormbite (dot),4663.0,887246,886964,3537633,18696,510111,1209557,1570363,198574,1210119,1018552,2571675,639881,1581950,599266,12331,645326
505917,508500,Caustic Bite (dot),3729.0,887246,886964,3537633,18696,513840,1209557,1570363,198574,1210119,1018552,2571675,639881,1581950,599266,12331,645326
509057,509857,Pitch Perfect,14952.0,887246,886964,3537633,18696,513840,1209557,1570363,198574,1225071,1018552,2571675,639881,1581950,599266,12331,645326
508407,509877,Refulgent Arrow,18166.0,887246,886964,3537633,18696,513840,1209557,1570363,198574,1225071,1018552,2589841,639881,1581950,599266,12331,645326
508407,509877,Burst Shot,13149.0,887246,886964,3550782,18696,513840,1209557,1570363,198574,1225071,1018552,2589841,639881,1581950,599266,12331,645326
509057,510707,Heartbreak Shot,7506.0,887246,886964,3550782,18696,513840,1209557,1577869,198574,1225071,1018552,2589841,639881,1581950,599266,12331,645326
509707,510737,Empyreal Arrow,32412.0,887246,886964,3550782,18696,513840,1241969,1577869,198574,1225071,1018552,2589841,639881,1581950,599266,12331,645326
510720,511478,Shot,8405.0,887246,886964,3550782,18696,513840,1241969,1577869,198574,1225071,1018552,2589841,639881,1590355,599266,12331,645326
505917,511500,Stormbite (dot),4663.0,887246,886964,3550782,18696,513840,1241969,1577869,198574,1225071,1018552,2589841,639881,1590355,599266,12331,649989
505917,511500,Caustic Bite (dot),3729.0,887246,886964,3550782,18696,517569,1241969,1577869,198574,1225071,1018552,2589841,639881,1590355,599266,12331,649989
511547,512347,Pitch Perfect,24238.0,887246,886964,3550782,18696,517569,1241969,1577869,198574,1249309,1018552,2589841,639881,1590355,599266,12331,649989
510897,512367,Burst Shot,20411.0,887246,886964,3571193,18696,517569,1241969,1577869,198574,1249309,1018552,2589841,639881,1590355,599266,12331,649989
510897,512367,Refulgent Arrow,8924.0,887246,886964,3571193,18696,517569,1241969,1577869,198574,1249309,1018552,2598765,639881,1590355,599266,12331,649989
511547,513197,Heartbreak Shot,3744.0,887246,886964,3571193,18696,517569,1241969,1581613,198574,1249309,1018552,2598765,639881,1590355,599266,12331,649989
505917,514500,Caustic Bite (dot),3729.0,887246,886964,3571193,18696,521298,1241969,1581613,198574,1249309,1018552,2598765,639881,1590355,599266,12331,649989
505917,514500,Stormbite (dot),4663.0,887246,886964,3571193,18696,521298,1241969,1581613,198574,1249309,1018552,2598765,639881,1590355,599266,12331,654652
513760,514518,Shot,8405.0,887246,886964,3571193,18696,521298,1241969,1581613,198574,1249309,1018552,2598765,639881,1598760,599266,12331,654652
514036,514836,Pitch Perfect,13297.0,887246,886964,3571193,18696,521298,1241969,1581613,198574,1262606,1018552,2598765,639881,1598760,599266,12331,654652
513386,514856,Refulgent Arrow,9151.0,887246,886964,3571193,18696,521298,1241969,1581613,198574,1262606,1018552,2607916,639881,1598760,599266,12331,654652
513386,514856,Burst Shot,20233.0,887246,886964,3591426,18696,521298,1241969,1581613,198574,1262606,1018552,2607916,639881,1598760,599266,12331,654652
515876,517346,Burst Shot,20238.0,887246,886964,3611664,18696,521298,1241969,1581613,198574,1262606,1018552,2607916,639881,1598760,599266,12331,654652
515876,517346,Refulgent Arrow,9144.0,887246,886964,3611664,18696,521298,1241969,1581613,198574,1262606,1018552,2617060,639881,1598760,599266,12331,654652
505917,517500,Stormbite (dot),4663.0,887246,886964,3611664,18696,521298,1241969,1581613,198574,1262606,1018552,2617060,639881,1598760,599266,12331,659315
505917,517500,Caustic Bite (dot),3729.0,887246,886964,3611664,18696,525027,1241969,1581613,198574,1262606,1018552,2617060,639881,1598760,599266,12331,659315
516800,517558,Shot,8405.0,887246,886964,3611664,18696,525027,1241969,1581613,198574,1262606,1018552,2617060,639881,1607165,599266,12331,659315
517176,517976,Pitch Perfect,5461.0,887246,886964,3611664,18696,525027,1241969,1581613,198574,1268067,1018552,2617060,639881,1607165,599266,12331,659315
516526,518176,Heartbreak Shot,11183.0,887246,886964,3611664,18696,525027,1241969,1592796,198574,1268067,1018552,2617060,639881,1607165,599266,12331,659315
518366,519836,Burst Shot,20120.0,887246,886964,3631784,18696,525027,1241969,1592796,198574,1268067,1018552,2617060,639881,1607165,599266,12331,659315
518366,519836,Refulgent Arrow,9294.0,887246,886964,3631784,18696,525027,1241969,1592796,198574,1268067,1018552,2626354,639881,1607165,599266,12331,659315
505917,520500,Caustic Bite (dot),3729.0,887246,886964,3631784,18696,528756,1241969,1592796,198574,1268067,1018552,2626354,639881,1607165,599266,12331,659315
505917,520500,Stormbite (dot),4663.0,887246,886964,3631784,18696,528756,1241969,1592796,198574,1268067,1018552,2626354,639881,1607165,599266,12331,663978
519840,520598,Shot,8405.0,887246,886964,3631784,18696,528756,1241969,1592796,198574,1268067,1018552,2626354,639881,1615570,599266,12331,663978
521507,522307,Pitch Perfect,13786.0,887246,886964,3631784,18696,528756,1241969,1592796,198574,1281853,1018552,2626354,639881,1615570,599266,12331,663978
520857,522327,Refulgent Arrow,8743.0,887246,886964,3631784,18696,528756,1241969,1592796,198574,1281853,1018552,2635097,639881,1615570,599266,12331,663978
520857,522327,Burst Shot,20554.0,887246,886964,3652338,18696,528756,1241969,1592796,198574,1281853,1018552,2635097,639881,1615570,599266,12331,663978
505917,523500,Caustic Bite (dot),3729.0,887246,886964,3652338,18696,532485,1241969,1592796,198574,1281853,1018552,2635097,639881,1615570,599266,12331,663978
505917,523500,Stormbite (dot),4663.0,887246,886964,3652338,18696,532485,1241969,1592796,198574,1281853,1018552,2635097,639881,1615570,599266,12331,668641
522880,523638,Shot,8405.0,887246,886964,3652338,18696,532485,1241969,1592796,198574,1281853,1018552,2635097,639881,1623975,599266,12331,668641
523967,524767,Pitch Perfect,14692.0,887246,886964,3652338,18696,532485,1241969,1592796,198574,1296545,1018552,2635097,639881,1623975,599266,12331,668641
523347,524817,Burst Shot,20090.0,887246,886964,3672428,18696,532485,1241969,1592796,198574,1296545,1018552,2635097,639881,1623975,599266,12331,668641
523347,524817,Refulgent Arrow,9332.0,887246,886964,3672428,18696,532485,1241969,1592796,198574,1296545,1018552,2644429,639881,1623975,599266,12331,668641
524617,525417,Pitch Perfect,7585.0,887246,886964,3672428,18696,532485,1241969,1592796,198574,1304130,1018552,2644429,639881,1623975,599266,12331,668641
524617,525417,Pitch Perfect,4062.0,887246,886964,3672428,18696,532485,1241969,1592796,198574,1308192,1018552,2644429,639881,1623975,599266,12331,668641
523967,525617,Heartbreak Shot,7524.0,887246,886964,3672428,18696,532485,1241969,1600320,198574,1308192,1018552,2644429,639881,1623975,599266,12331,668641
524617,526267,Heartbreak Shot,3726.0,887246,886964,3672428,18696,532485,1241969,1604046,198574,1308192,1018552,2644429,639881,1623975,599266,12331,668641
505917,526500,Caustic Bite (dot),3729.0,887246,886964,3672428,18696,536214,1241969,1604046,198574,1308192,1018552,2644429,639881,1623975,599266,12331,668641
505917,526500,Stormbite (dot),4663.0,887246,886964,3672428,18696,536214,1241969,1604046,198574,1308192,1018552,2644429,639881,1623975,599266,12331,673304
525920,526678,Shot,8399.0,887246,886964,3672428,18696,536214,1241969,1604046,198574,1308192,1018552,2644429,639881,1632374,599266,12331,673304
525838,527308,Burst Shot,20444.0,887246,886964,3692872,18696,536214,1241969,1604046,198574,1308192,1018552,2644429,639881,1632374,599266,12331,673304
525838,527308,Refulgent Arrow,8859.0,887246,886964,3692872,18696,536214,1241969,1604046,198574,1308192,1018552,2653288,639881,1632374,599266,12331,673304
526458,527488,Empyreal Arrow,32390.0,887246,886964,3692872,18696,536214,1274359,1604046,198574,1308192,1018552,2653288,639881,1632374,599266,12331,673304
527078,528728,Heartbreak Shot,11175.0,887246,886964,3692872,18696,536214,1274359,1615221,198574,1308192,1018552,2653288,639881,1632374,599266,12331,673304
505917,529500,Stormbite (dot),4663.0,887246,886964,3692872,18696,536214,1274359,1615221,198574,1308192,1018552,2653288,639881,1632374,599266,12331,677967
505917,529500,Caustic Bite (dot),3729.0,887246,886964,3692872,18696,539943,1274359,1615221,198574,1308192,1018552,2653288,639881,1632374,599266,12331,677967
528960,529718,Shot,8399.0,887246,886964,3692872,18696,539943,1274359,1615221,198574,1308192,1018552,2653288,639881,1640773,599266,12331,677967
528328,529798,Burst Shot,20282.0,887246,886964,3713154,18696,539943,1274359,1615221,198574,1308192,1018552,2653288,639881,1640773,599266,12331,677967
528328,529798,Refulgent Arrow,9065.0,887246,886964,3713154,18696,539943,1274359,1615221,198574,1308192,1018552,2662353,639881,1640773,599266,12331,677967
528978,530628,Heartbreak Shot,9003.0,887246,886964,3713154,18696,539943,1274359,1624224,198574,1308192,1018552,2662353,639881,1640773,599266,12331,677967
530818,532288,Burst Shot,20356.0,887246,886964,3733510,18696,539943,1274359,1624224,198574,1308192,1018552,2662353,639881,1640773,599266,12331,677967
530818,532288,Refulgent Arrow,8970.0,887246,886964,3733510,18696,539943,1274359,1624224,198574,1308192,1018552,2671323,639881,1640773,599266,12331,677967
505917,532500,Caustic Bite (dot),3729.0,887246,886964,3733510,18696,543672,1274359,1624224,198574,1308192,1018552,2671323,639881,1640773,599266,12331,677967
505917,532500,Stormbite (dot),4663.0,887246,886964,3733510,18696,543672,1274359,1624224,198574,1308192,1018552,2671323,639881,1640773,599266,12331,682630
532000,532758,Shot,8399.0,887246,886964,3733510,18696,543672,1274359,1624224,198574,1308192,1018552,2671323,639881,1649172,599266,12331,682630
531468,533118,Heartbreak Shot,20208.0,887246,886964,3733510,18696,543672,1274359,1644432,198574,1308192,1018552,2671323,639881,1649172,599266,12331,682630
533308,534778,Refulgent Arrow,9173.0,887246,886964,3733510,18696,543672,1274359,1644432,198574,1308192,1018552,2680496,639881,1649172,599266,12331,682630
533308,534778,Burst Shot,20197.0,887246,886964,3753707,18696,543672,1274359,1644432,198574,1308192,1018552,2680496,639881,1649172,599266,12331,682630
505917,535500,Caustic Bite (dot),3729.0,887246,886964,3753707,18696,547401,1274359,1644432,198574,1308192,1018552,2680496,639881,1649172,599266,12331,682630
505917,535500,Stormbite (dot),4663.0,887246,886964,3753707,18696,547401,1274359,1644432,198574,1308192,1018552,2680496,639881,1649172,599266,12331,687293
535040,535798,Shot,8399.0,887246,886964,3753707,18696,547401,1274359,1644432,198574,1308192,1018552,2680496,639881,1657571,599266,12331,687293
534608,536258,Heartbreak Shot,8960.0,887246,886964,3753707,18696,547401,1274359,1653392,198574,1308192,1018552,2680496,639881,1657571,599266,12331,687293
535798,537268,Burst Shot,20419.0,887246,886964,3774126,18696,547401,1274359,1653392,198574,1308192,1018552,2680496,639881,1657571,599266,12331,687293
535798,537268,Refulgent Arrow,8890.0,887246,886964,3774126,18696,547401,1274359,1653392,198574,1308192,1018552,2689386,639881,1657571,599266,12331,687293
505917,538500,Caustic Bite (dot),3729.0,887246,886964,3774126,18696,551130,1274359,1653392,198574,1308192,1018552,2689386,639881,1657571,599266,12331,687293
505917,538500,Stormbite (dot),4663.0,887246,886964,3774126,18696,551130,1274359,1653392,198574,1308192,1018552,2689386,639881,1657571,599266,12331,691956
537068,538718,Heartbreak Shot,8808.0,887246,886964,3774126,18696,551130,1274359,1662200,198574,1308192,1018552,2689386,639881,1657571,599266,12331,691956
538080,538838,Shot,8399.0,887246,886964,3774126,18696,551130,1274359,1662200,198574,1308192,1018552,2689386,639881,1665970,599266,12331,691956
538288,539758,Refulgent Arrow,9096.0,887246,886964,3774126,18696,551130,1274359,1662200,198574,1308192,1018552,2698482,639881,1665970,599266,12331,691956
538288,539758,Burst Shot,20258.0,887246,886964,3794384,18696,551130,1274359,1662200,198574,1308192,1018552,2698482,639881,1665970,599266,12331,691956
538908,540558,Heartbreak Shot,11377.0,887246,886964,3794384,18696,551130,1274359,1673577,198574,1308192,1018552,2698482,639881,1665970,599266,12331,691956
505917,541500,Caustic Bite (dot),3729.0,887246,886964,3794384,18696,554859,1274359,1673577,198574,1308192,1018552,2698482,639881,1665970,599266,12331,691956
505917,541500,Stormbite (dot),4663.0,887246,886964,3794384,18696,554859,1274359,1673577,198574,1308192,1018552,2698482,639881,1665970,599266,12331,696619
541120,541878,Shot,8399.0,887246,886964,3794384,18696,554859,1274359,1673577,198574,1308192,1018552,2698482,639881,1674369,599266,12331,696619
540778,542248,Burst Shot,20345.0,887246,886964,3814729,18696,554859,1274359,1673577,198574,1308192,1018552,2698482,639881,1674369,599266,12331,696619
540778,542248,Refulgent Arrow,8984.0,887246,886964,3814729,18696,554859,1274359,1673577,198574,1308192,1018552,2707466,639881,1674369,599266,12331,696619
541458,542488,Empyreal Arrow,32390.0,887246,886964,3814729,18696,554859,1306749,1673577,198574,1308192,1018552,2707466,639881,1674369,599266,12331,696619
542078,543728,Heartbreak Shot,20051.0,887246,886964,3814729,18696,554859,1306749,1693628,198574,1308192,1018552,2707466,639881,1674369,599266,12331,696619
505917,544500,Caustic Bite (dot),3729.0,887246,886964,3814729,18696,558588,1306749,1693628,198574,1308192,1018552,2707466,639881,1674369,599266,12331,696619
505917,544500,Stormbite (dot),4663.0,887246,886964,3814729,18696,558588,1306749,1693628,198574,1308192,1018552,2707466,639881,1674369,599266,12331,701282
543268,544738,Refulgent Arrow,8946.0,887246,886964,3814729,18696,558588,1306749,1693628,198574,1308192,1018552,2716412,639881,1674369,599266,12331,701282
543268,544738,Burst Shot,20375.0,887246,886964,3835104,18696,558588,1306749,1693628,198574,1308192,1018552,2716412,639881,1674369,599266,12331,701282
544160,544918,Shot,8399.0,887246,886964,3835104,18696,558588,1306749,1693628,198574,1308192,1018552,2716412,639881,1682768,599266,12331,701282
543918,545568,Heartbreak Shot,8960.0,887246,886964,3835104,18696,558588,1306749,1702588,198574,1308192,1018552,2716412,639881,1682768,599266,12331,701282
545758,547228,Refulgent Arrow,8995.0,887246,886964,3835104,18696,558588,1306749,1702588,198574,1308192,1018552,2725407,639881,1682768,599266,12331,701282
545758,547228,Burst Shot,20337.0,887246,886964,3855441,18696,558588,1306749,1702588,198574,1308192,1018552,2725407,639881,1682768,599266,12331,701282
505917,547500,Stormbite (dot),4663.0,887246,886964,3855441,18696,558588,1306749,1702588,198574,1308192,1018552,2725407,639881,1682768,599266,12331,705945
505917,547500,Caustic Bite (dot),3729.0,887246,886964,3855441,18696,562317,1306749,1702588,198574,1308192,1018552,2725407,639881,1682768,599266,12331,705945
547200,547958,Shot,8399.0,887246,886964,3855441,18696,562317,1306749,1702588,198574,1308192,1018552,2725407,639881,1691167,599266,12331,705945
546408,548058,Heartbreak Shot,20232.0,887246,886964,3855441,18696,562317,1306749,1722820,198574,1308192,1018552,2725407,639881,1691167,599266,12331,705945
548248,549718,Refulgent Arrow,8918.0,887246,886964,3855441,18696,562317,1306749,1722820,198574,1308192,1018552,2734325,639881,1691167,599266,12331,705945
548248,549718,Burst Shot,20397.0,887246,886964,3875838,18696,562317,1306749,1722820,198574,1308192,1018552,2734325,639881,1691167,599266,12331,705945
505917,550500,Caustic Bite (dot),3729.0,887246,886964,3875838,18696,566046,1306749,1722820,198574,1308192,1018552,2734325,639881,1691167,599266,12331,705945
505917,550500,Stormbite (dot),4663.0,887246,886964,3875838,18696,566046,1306749,1722820,198574,1308192,1018552,2734325,639881,1691167,599266,12331,710608
550240,550998,Shot,8399.0,887246,886964,3875838,18696,566046,1306749,1722820,198574,1308192,1018552,2734325,639881,1699566,599266,12331,710608
549518,551168,Heartbreak Shot,8873.0,887246,886964,3875838,18696,566046,1306749,1731693,198574,1308192,1018552,2734325,639881,1699566,599266,12331,710608
550738,551408,Iron Jaws,12454.0,887246,886964,3875838,18696,566046,1306749,1731693,211028,1308192,1018552,2734325,639881,1699566,599266,12331,710608
552423,552953,Sidewinder,49833.0,887246,886964,3875838,18696,566046,1306749,1731693,211028,1308192,1018552,2734325,639881,1699566,649099,12331,710608
550738,553500,Caustic Bite (dot),2491.0,887246,886964,3875838,18696,568537,1306749,1731693,211028,1308192,1018552,2734325,639881,1699566,649099,12331,710608
550738,553500,Stormbite (dot),3115.0,887246,886964,3875838,18696,568537,1306749,1731693,211028,1308192,1018552,2734325,639881,1699566,649099,12331,713723
553280,554038,Shot,8399.0,887246,886964,3875838,18696,568537,1306749,1731693,211028,1308192,1018552,2734325,639881,1707965,649099,12331,713723
553228,554698,Refulgent Arrow,18196.0,887246,886964,3875838,18696,568537,1306749,1731693,211028,1308192,1018552,2752521,639881,1707965,649099,12331,713723
553228,554698,Burst Shot,13107.0,887246,886964,3888945,18696,568537,1306749,1731693,211028,1308192,1018552,2752521,639881,1707965,649099,12331,713723
553878,555528,Heartbreak Shot,20060.0,887246,886964,3888945,18696,568537,1306749,1751753,211028,1308192,1018552,2752521,639881,1707965,649099,12331,713723
550738,556500,Caustic Bite (dot),2491.0,887246,886964,3888945,18696,571028,1306749,1751753,211028,1308192,1018552,2752521,639881,1707965,649099,12331,713723
550738,556500,Stormbite (dot),3115.0,887246,886964,3888945,18696,571028,1306749,1751753,211028,1308192,1018552,2752521,639881,1707965,649099,12331,716838
556320,557078,Shot,8399.0,887246,886964,3888945,18696,571028,1306749,1751753,211028,1308192,1018552,2752521,639881,1716364,649099,12331,716838
555718,557188,Burst Shot,20315.0,887246,886964,3909260,18696,571028,1306749,1751753,211028,1308192,1018552,2752521,639881,1716364,649099,12331,716838
555718,557188,Refulgent Arrow,9023.0,887246,886964,3909260,18696,571028,1306749,1751753,211028,1308192,1018552,2761544,639881,1716364,649099,12331,716838
556958,557988,Empyreal Arrow,32390.0,887246,886964,3909260,18696,571028,1339139,1751753,211028,1308192,1018552,2761544,639881,1716364,649099,12331,716838
556338,557988,Heartbreak Shot,9005.0,887246,886964,3909260,18696,571028,1339139,1760758,211028,1308192,1018552,2761544,639881,1716364,649099,12331,716838
558208,559278,Apex Arrow,719.0,887965,886964,3909260,18696,571028,1339139,1760758,211028,1308192,1018552,2761544,639881,1716364,649099,12331,716838
558208,559278,Apex Arrow,2111.0,890076,886964,3909260,18696,571028,1339139,1760758,211028,1308192,1018552,2761544,639881,1716364,649099,12331,716838
558208,559278,Apex Arrow,313.0,890389,886964,3909260,18696,571028,1339139,1760758,211028,1308192,1018552,2761544,639881,1716364,649099,12331,716838
558208,559278,Apex Arrow,5.0,890394,886964,3909260,18696,571028,1339139,1760758,211028,1308192,1018552,2761544,639881,1716364,649099,12331,716838
558208,559278,Apex Arrow,3869.0,894263,886964,3909260,18696,571028,1339139,1760758,211028,1308192,1018552,2761544,639881,1716364,649099,12331,716838
558208,559278,Apex Arrow,79414.0,973677,886964,3909260,18696,571028,1339139,1760758,211028,1308192,1018552,2761544,639881,1716364,649099,12331,716838
558208,559278,Apex Arrow,24.0,973701,886964,3909260,18696,571028,1339139,1760758,211028,1308192,1018552,2761544,639881,1716364,649099,12331,716838
558208,559278,Apex Arrow,65.0,973766,886964,3909260,18696,571028,1339139,1760758,211028,1308192,1018552,2761544,639881,1716364,649099,12331,716838
558208,559278,Apex Arrow,5.0,973771,886964,3909260,18696,571028,1339139,1760758,211028,1308192,1018552,2761544,639881,1716364,649099,12331,716838
550738,559500,Stormbite (dot),3115.0,973771,886964,3909260,18696,571028,1339139,1760758,211028,1308192,1018552,2761544,639881,1716364,649099,12331,719953
550738,559500,Caustic Bite (dot),2491.0,973771,886964,3909260,18696,573519,1339139,1760758,211028,1308192,1018552,2761544,639881,1716364,649099,12331,719953
559360,560118,Shot,8399.0,973771,886964,3909260,18696,573519,1339139,1760758,211028,1308192,1018552,2761544,639881,1724763,649099,12331,719953
558828,560478,Heartbreak Shot,20073.0,973771,886964,3909260,18696,573519,1339139,1780831,211028,1308192,1018552,2761544,639881,1724763,649099,12331,719953
560698,562168,Burst Shot,41.0,973771,886964,3909301,18696,573519,1339139,1780831,211028,1308192,1018552,2761544,639881,1724763,649099,12331,719953
560698,562168,Refulgent Arrow,3.0,973771,886964,3909301,18696,573519,1339139,1780831,211028,1308192,1018552,2761547,639881,1724763,649099,12331,719953
560698,562348,Blast Arrow,87071.0,973771,974035,3909301,18696,573519,1339139,1780831,211028,1308192,1018552,2761547,639881,1724763,649099,12331,719953
550738,562500,Caustic Bite (dot),2491.0,973771,974035,3909301,18696,576010,1339139,1780831,211028,1308192,1018552,2761547,639881,1724763,649099,12331,719953
550738,562500,Stormbite (dot),3115.0,973771,974035,3909301,18696,576010,1339139,1780831,211028,1308192,1018552,2761547,639881,1724763,649099,12331,723068
561318,562968,Heartbreak Shot,20219.0,973771,974035,3909301,18696,576010,1339139,1801050,211028,1308192,1018552,2761547,639881,1724763,649099,12331,723068
562400,563158,Shot,8374.0,973771,974035,3909301,18696,576010,1339139,1801050,211028,1308192,1018552,2761547,639881,1733137,649099,12331,723068
563188,564658,Burst Shot,20249.0,973771,974035,3929550,18696,576010,1339139,1801050,211028,1308192,1018552,2761547,639881,1733137,649099,12331,723068
563188,564658,Refulgent Arrow,9003.0,973771,974035,3929550,18696,576010,1339139,1801050,211028,1308192,1018552,2770550,639881,1733137,649099,12331,723068
550738,565500,Stormbite (dot),3115.0,973771,974035,3929550,18696,576010,1339139,1801050,211028,1308192,1018552,2770550,639881,1733137,649099,12331,726183
550738,565500,Caustic Bite (dot),2491.0,973771,974035,3929550,18696,578501,1339139,1801050,211028,1308192,1018552,2770550,639881,1733137,649099,12331,726183
565440,566198,Shot,8374.0,973771,974035,3929550,18696,578501,1339139,1801050,211028,1308192,1018552,2770550,639881,1741511,649099,12331,726183
565678,567148,Refulgent Arrow,9267.0,973771,974035,3929550,18696,578501,1339139,1801050,211028,1308192,1018552,2779817,639881,1741511,649099,12331,726183
565678,567148,Burst Shot,20041.0,973771,974035,3949591,18696,578501,1339139,1801050,211028,1308192,1018552,2779817,639881,1741511,649099,12331,726183
550738,568500,Caustic Bite (dot),2491.0,973771,974035,3949591,18696,580992,1339139,1801050,211028,1308192,1018552,2779817,639881,1741511,649099,12331,726183
550738,568500,Stormbite (dot),3115.0,973771,974035,3949591,18696,580992,1339139,1801050,211028,1308192,1018552,2779817,639881,1741511,649099,12331,729298
568480,569238,Shot,8374.0,973771,974035,3949591,18696,580992,1339139,1801050,211028,1308192,1018552,2779817,639881,1749885,649099,12331,729298
568168,569638,Burst Shot,20361.0,973771,974035,3969952,18696,580992,1339139,1801050,211028,1308192,1018552,2779817,639881,1749885,649099,12331,729298
568168,569638,Refulgent Arrow,8860.0,973771,974035,3969952,18696,580992,1339139,1801050,211028,1308192,1018552,2788677,639881,1749885,649099,12331,729298
568818,570468,Heartbreak Shot,11182.0,973771,974035,3969952,18696,580992,1339139,1812232,211028,1308192,1018552,2788677,639881,1749885,649099,12331,729298
550738,571500,Caustic Bite (dot),2491.0,973771,974035,3969952,18696,583483,1339139,1812232,211028,1308192,1018552,2788677,639881,1749885,649099,12331,729298
550738,571500,Stormbite (dot),3115.0,973771,974035,3969952,18696,583483,1339139,1812232,211028,1308192,1018552,2788677,639881,1749885,649099,12331,732413
570658,572128,Refulgent Arrow,9117.0,973771,974035,3969952,18696,583483,1339139,1812232,211028,1308192,1018552,2797794,639881,1749885,649099,12331,732413
570658,572128,Burst Shot,20159.0,973771,974035,3990111,18696,583483,1339139,1812232,211028,1308192,1018552,2797794,639881,1749885,649099,12331,732413
571520,572278,Shot,8374.0,973771,974035,3990111,18696,583483,1339139,1812232,211028,1308192,1018552,2797794,639881,1758259,649099,12331,732413
571958,572988,Empyreal Arrow,32293.0,973771,974035,3990111,18696,583483,1371432,1812232,211028,1308192,1018552,2797794,639881,1758259,649099,12331,732413
550738,574500,Caustic Bite (dot),2491.0,973771,974035,3990111,18696,585974,1371432,1812232,211028,1308192,1018552,2797794,639881,1758259,649099,12331,732413
550738,574500,Stormbite (dot),3115.0,973771,974035,3990111,18696,585974,1371432,1812232,211028,1308192,1018552,2797794,639881,1758259,649099,12331,735528
573149,574619,Refulgent Arrow,8985.0,973771,974035,3990111,18696,585974,1371432,1812232,211028,1308192,1018552,2806779,639881,1758259,649099,12331,735528
573149,574619,Burst Shot,20263.0,973771,974035,4010374,18696,585974,1371432,1812232,211028,1308192,1018552,2806779,639881,1758259,649099,12331,735528
574560,575318,Shot,8374.0,973771,974035,4010374,18696,585974,1371432,1812232,211028,1308192,1018552,2806779,639881,1766633,649099,12331,735528
575539,577009,Refulgent Arrow,8912.0,973771,974035,4010374,18696,585974,1371432,1812232,211028,1308192,1018552,2815691,639881,1766633,649099,12331,735528
575539,577009,Burst Shot,20320.0,973771,974035,4030694,18696,585974,1371432,1812232,211028,1308192,1018552,2815691,639881,1766633,649099,12331,735528
550738,577500,Caustic Bite (dot),2491.0,973771,974035,4030694,18696,588465,1371432,1812232,211028,1308192,1018552,2815691,639881,1766633,649099,12331,735528
550738,577500,Stormbite (dot),3115.0,973771,974035,4030694,18696,588465,1371432,1812232,211028,1308192,1018552,2815691,639881,1766633,649099,12331,738643
576189,577839,Heartbreak Shot,11169.0,973771,974035,4030694,18696,588465,1371432,1823401,211028,1308192,1018552,2815691,639881,1766633,649099,12331,738643
577600,578358,Shot,8374.0,973771,974035,4030694,18696,588465,1371432,1823401,211028,1308192,1018552,2815691,639881,1775007,649099,12331,738643
577829,579299,Refulgent Arrow,8787.0,973771,974035,4030694,18696,588465,1371432,1823401,211028,1308192,1018552,2824478,639881,1775007,649099,12331,738643
577829,579299,Burst Shot,20418.0,973771,974035,4051112,18696,588465,1371432,1823401,211028,1308192,1018552,2824478,639881,1775007,649099,12331,738643
550738,580500,Caustic Bite (dot),2491.0,973771,974035,4051112,18696,590956,1371432,1823401,211028,1308192,1018552,2824478,639881,1775007,649099,12331,738643
550738,580500,Stormbite (dot),3115.0,973771,974035,4051112,18696,590956,1371432,1823401,211028,1308192,1018552,2824478,639881,1775007,649099,12331,741758
580640,581398,Shot,8374.0,973771,974035,4051112,18696,590956,1371432,1823401,211028,1308192,1018552,2824478,639881,1783381,649099,12331,741758
580019,581489,Burst Shot,20233.0,973771,974035,4071345,18696,590956,1371432,1823401,211028,1308192,1018552,2824478,639881,1783381,649099,12331,741758
580019,581489,Refulgent Arrow,9024.0,973771,974035,4071345,18696,590956,1371432,1823401,211028,1308192,1018552,2833502,639881,1783381,649099,12331,741758
550738,583500,Stormbite (dot),3115.0,973771,974035,4071345,18696,590956,1371432,1823401,211028,1308192,1018552,2833502,639881,1783381,649099,12331,744873
550738,583500,Caustic Bite (dot),2491.0,973771,974035,4071345,18696,593447,1371432,1823401,211028,1308192,1018552,2833502,639881,1783381,649099,12331,744873
582209,583679,Burst Shot,19970.0,973771,974035,4091315,18696,593447,1371432,1823401,211028,1308192,1018552,2833502,639881,1783381,649099,12331,744873
582209,583679,Refulgent Arrow,9357.0,973771,974035,4091315,18696,593447,1371432,1823401,211028,1308192,1018552,2842859,639881,1783381,649099,12331,744873
583680,584438,Shot,8374.0,973771,974035,4091315,18696,593447,1371432,1823401,211028,1308192,1018552,2842859,639881,1791755,649099,12331,744873
584399,585869,Burst Shot,20413.0,973771,974035,4111728,18696,593447,1371432,1823401,211028,1308192,1018552,2842859,639881,1791755,649099,12331,744873
584399,585869,Refulgent Arrow,8794.0,973771,974035,4111728,18696,593447,1371432,1823401,211028,1308192,1018552,2851653,639881,1791755,649099,12331,744873
550738,586500,Caustic Bite (dot),2491.0,973771,974035,4111728,18696,595938,1371432,1823401,211028,1308192,1018552,2851653,639881,1791755,649099,12331,744873
550738,586500,Stormbite (dot),3115.0,973771,974035,4111728,18696,595938,1371432,1823401,211028,1308192,1018552,2851653,639881,1791755,649099,12331,747988
586720,587478,Shot,8374.0,973771,974035,4111728,18696,595938,1371432,1823401,211028,1308192,1018552,2851653,639881,1800129,649099,12331,747988
586489,587959,Burst Shot,20129.0,973771,974035,4131857,18696,595938,1371432,1823401,211028,1308192,1018552,2851653,639881,1800129,649099,12331,747988
586489,587959,Refulgent Arrow,9156.0,973771,974035,4131857,18696,595938,1371432,1823401,211028,1308192,1018552,2860809,639881,1800129,649099,12331,747988
587109,588139,Empyreal Arrow,32293.0,973771,974035,4131857,18696,595938,1403725,1823401,211028,1308192,1018552,2860809,639881,1800129,649099,12331,747988
588579,589249,Iron Jaws,12417.0,973771,974035,4131857,18696,595938,1403725,1823401,223445,1308192,1018552,2860809,639881,1800129,649099,12331,747988
588579,589500,Stormbite (dot),3106.0,973771,974035,4131857,18696,595938,1403725,1823401,223445,1308192,1018552,2860809,639881,1800129,649099,12331,751094
588579,589500,Caustic Bite (dot),2484.0,973771,974035,4131857,18696,598422,1403725,1823401,223445,1308192,1018552,2860809,639881,1800129,649099,12331,751094
589760,590518,Shot,8374.0,973771,974035,4131857,18696,598422,1403725,1823401,223445,1308192,1018552,2860809,639881,1808503,649099,12331,751094
590669,592139,Refulgent Arrow,18173.0,973771,974035,4131857,18696,598422,1403725,1823401,223445,1308192,1018552,2878982,639881,1808503,649099,12331,751094
590669,592139,Burst Shot,13044.0,973771,974035,4144901,18696,598422,1403725,1823401,223445,1308192,1018552,2878982,639881,1808503,649099,12331,751094
588579,592500,Stormbite (dot),3106.0,973771,974035,4144901,18696,598422,1403725,1823401,223445,1308192,1018552,2878982,639881,1808503,649099,12331,754200
588579,592500,Caustic Bite (dot),2484.0,973771,974035,4144901,18696,600906,1403725,1823401,223445,1308192,1018552,2878982,639881,1808503,649099,12331,754200
592800,593558,Shot,8374.0,973771,974035,4144901,18696,600906,1403725,1823401,223445,1308192,1018552,2878982,639881,1816877,649099,12331,754200
592759,594229,Burst Shot,20126.0,973771,974035,4165027,18696,600906,1403725,1823401,223445,1308192,1018552,2878982,639881,1816877,649099,12331,754200
592759,594229,Refulgent Arrow,9159.0,973771,974035,4165027,18696,600906,1403725,1823401,223445,1308192,1018552,2888141,639881,1816877,649099,12331,754200
588579,595500,Caustic Bite (dot),2484.0,973771,974035,4165027,18696,603390,1403725,1823401,223445,1308192,1018552,2888141,639881,1816877,649099,12331,754200
588579,595500,Stormbite (dot),3106.0,973771,974035,4165027,18696,603390,1403725,1823401,223445,1308192,1018552,2888141,639881,1816877,649099,12331,757306
594849,596319,Refulgent Arrow,9138.0,973771,974035,4165027,18696,603390,1403725,1823401,223445,1308192,1018552,2897279,639881,1816877,649099,12331,757306
594849,596319,Burst Shot,20142.0,973771,974035,4185169,18696,603390,1403725,1823401,223445,1308192,1018552,2897279,639881,1816877,649099,12331,757306
595840,596598,Shot,8374.0,973771,974035,4185169,18696,603390,1403725,1823401,223445,1308192,1018552,2897279,639881,1825251,649099,12331,757306
596939,598409,Refulgent Arrow,8846.0,973771,974035,4185169,18696,603390,1403725,1823401,223445,1308192,1018552,2906125,639881,1825251,649099,12331,757306
596939,598409,Burst Shot,20372.0,973771,974035,4205541,18696,603390,1403725,1823401,223445,1308192,1018552,2906125,639881,1825251,649099,12331,757306
588579,598500,Caustic Bite (dot),2484.0,973771,974035,4205541,18696,605874,1403725,1823401,223445,1308192,1018552,2906125,639881,1825251,649099,12331,757306
588579,598500,Stormbite (dot),3106.0,973771,974035,4205541,18696,605874,1403725,1823401,223445,1308192,1018552,2906125,639881,1825251,649099,12331,760412
598880,599638,Shot,8374.0,973771,974035,4205541,18696,605874,1403725,1823401,223445,1308192,1018552,2906125,639881,1833625,649099,12331,760412
599029,600499,Burst Shot,20304.0,973771,974035,4225845,18696,605874,1403725,1823401,223445,1308192,1018552,2906125,639881,1833625,649099,12331,760412
599029,600499,Refulgent Arrow,8933.0,973771,974035,4225845,18696,605874,1403725,1823401,223445,1308192,1018552,2915058,639881,1833625,649099,12331,760412
588579,601500,Stormbite (dot),3106.0,973771,974035,4225845,18696,605874,1403725,1823401,223445,1308192,1018552,2915058,639881,1833625,649099,12331,763518
588579,601500,Caustic Bite (dot),2484.0,973771,974035,4225845,18696,608358,1403725,1823401,223445,1308192,1018552,2915058,639881,1833625,649099,12331,763518
601119,602589,Refulgent Arrow,9062.0,973771,974035,4225845,18696,608358,1403725,1823401,223445,1308192,1018552,2924120,639881,1833625,649099,12331,763518
601119,602589,Burst Shot,20203.0,973771,974035,4246048,18696,608358,1403725,1823401,223445,1308192,1018552,2924120,639881,1833625,649099,12331,763518
601920,602678,Shot,8405.0,973771,974035,4246048,18696,608358,1403725,1823401,223445,1308192,1018552,2924120,639881,1842030,649099,12331,763518
602359,603389,Empyreal Arrow,32412.0,973771,974035,4246048,18696,608358,1436137,1823401,223445,1308192,1018552,2924120,639881,1842030,649099,12331,763518
588579,604500,Caustic Bite (dot),2484.0,973771,974035,4246048,18696,610842,1436137,1823401,223445,1308192,1018552,2924120,639881,1842030,649099,12331,763518
588579,604500,Stormbite (dot),3106.0,973771,974035,4246048,18696,610842,1436137,1823401,223445,1308192,1018552,2924120,639881,1842030,649099,12331,766624
603209,604679,Refulgent Arrow,9109.0,973771,974035,4246048,18696,610842,1436137,1823401,223445,1308192,1018552,2933229,639881,1842030,649099,12331,766624
603209,604679,Burst Shot,20266.0,973771,974035,4266314,18696,610842,1436137,1823401,223445,1308192,1018552,2933229,639881,1842030,649099,12331,766624
604960,605718,Shot,8405.0,973771,974035,4266314,18696,610842,1436137,1823401,223445,1308192,1018552,2933229,639881,1850435,649099,12331,766624
605399,606869,Burst Shot,20203.0,973771,974035,4286517,18696,610842,1436137,1823401,223445,1308192,1018552,2933229,639881,1850435,649099,12331,766624
605399,606869,Refulgent Arrow,9189.0,973771,974035,4286517,18696,610842,1436137,1823401,223445,1308192,1018552,2942418,639881,1850435,649099,12331,766624
588579,607500,Stormbite (dot),3106.0,973771,974035,4286517,18696,610842,1436137,1823401,223445,1308192,1018552,2942418,639881,1850435,649099,12331,769730
588579,607500,Caustic Bite (dot),2484.0,973771,974035,4286517,18696,613326,1436137,1823401,223445,1308192,1018552,2942418,639881,1850435,649099,12331,769730
608000,608758,Shot,11439.0,973771,974035,4286517,18696,613326,1436137,1823401,223445,1308192,1018552,2942418,639881,1861874,649099,12331,769730
607589,609059,Refulgent Arrow,12151.0,973771,974035,4286517,18696,613326,1436137,1823401,223445,1308192,1018552,2954569,639881,1861874,649099,12331,769730
607589,609059,Burst Shot,27778.0,973771,974035,4314295,18696,613326,1436137,1823401,223445,1308192,1018552,2954569,639881,1861874,649099,12331,769730
608829,609629,Pitch Perfect,44759.0,973771,974035,4314295,18696,613326,1436137,1823401,223445,1352951,1018552,2954569,639881,1861874,649099,12331,769730
608829,610479,Heartbreak Shot,12739.0,973771,974035,4314295,18696,613326,1436137,1836140,223445,1352951,1018552,2954569,639881,1861874,649099,12331,769730
588579,610500,Stormbite (dot),3106.0,973771,974035,4314295,18696,613326,1436137,1836140,223445,1352951,1018552,2954569,639881,1861874,649099,12331,772836
588579,610500,Caustic Bite (dot),2484.0,973771,974035,4314295,18696,615810,1436137,1836140,223445,1352951,1018552,2954569,639881,1861874,649099,12331,772836
609779,611739,Radiant Encore,214654.0,973771,974035,4314295,18696,615810,1436137,1836140,223445,1352951,1233206,2954569,639881,1861874,649099,12331,772836
611040,611798,Shot,13155.0,973771,974035,4314295,18696,615810,1436137,1836140,223445,1352951,1233206,2954569,639881,1875029,649099,12331,772836
611019,611819,Pitch Perfect,18354.0,973771,974035,4314295,18696,615810,1436137,1836140,223445,1371305,1233206,2954569,639881,1875029,649099,12331,772836
610399,612049,Heartbreak Shot,35114.0,973771,974035,4314295,18696,615810,1436137,1871254,223445,1371305,1233206,2954569,639881,1875029,649099,12331,772836
611019,612669,Heartbreak Shot,22374.0,973771,974035,4314295,18696,615810,1436137,1893628,223445,1371305,1233206,2954569,639881,1875029,649099,12331,772836
612589,613119,Sidewinder,78053.0,973771,974035,4314295,18696,615810,1436137,1893628,223445,1371305,1233206,2954569,639881,1875029,727152,12331,772836
611969,613439,Refulgent Arrow,14187.0,973771,974035,4314295,18696,615810,1436137,1893628,223445,1371305,1233206,2968756,639881,1875029,727152,12331,772836
611969,613439,Burst Shot,31777.0,973771,974035,4346072,18696,615810,1436137,1893628,223445,1371305,1233206,2968756,639881,1875029,727152,12331,772836
588579,613500,Caustic Bite (dot),2484.0,973771,974035,4346072,18696,618294,1436137,1893628,223445,1371305,1233206,2968756,639881,1875029,727152,12331,772836
588579,613500,Stormbite (dot),3106.0,973771,974035,4346072,18696,618294,1436137,1893628,223445,1371305,1233206,2968756,639881,1875029,727152,12331,775942
614080,614838,Shot,13155.0,973771,974035,4346072,18696,618294,1436137,1893628,223445,1371305,1233206,2968756,639881,1888184,727152,12331,775942
615109,615909,Pitch Perfect,5198.0,973771,974035,4346072,18696,618294,1436137,1893628,223445,1376503,1233206,2968756,639881,1888184,727152,12331,775942
614459,615929,Refulgent Arrow,14083.0,973771,974035,4346072,18696,618294,1436137,1893628,223445,1376503,1233206,2982839,639881,1888184,727152,12331,775942
614459,615929,Burst Shot,31858.0,973771,974035,4377930,18696,618294,1436137,1893628,223445,1376503,1233206,2982839,639881,1888184,727152,12331,775942
588579,616500,Caustic Bite (dot),2484.0,973771,974035,4377930,18696,620778,1436137,1893628,223445,1376503,1233206,2982839,639881,1888184,727152,12331,775942
588579,616500,Stormbite (dot),3106.0,973771,974035,4377930,18696,620778,1436137,1893628,223445,1376503,1233206,2982839,639881,1888184,727152,12331,779048
615759,616559,Pitch Perfect,18534.0,973771,974035,4377930,18696,620778,1436137,1893628,223445,1395037,1233206,2982839,639881,1888184,727152,12331,779048
615109,616759,Heartbreak Shot,16349.0,973771,974035,4377930,18696,620778,1436137,1909977,223445,1395037,1233206,2982839,639881,1888184,727152,12331,779048
615759,617409,Heartbreak Shot,1218.0,973771,974035,4377930,18696,620778,1436137,1911195,223445,1395037,1233206,2982839,639881,1888184,727152,12331,779048
617120,617878,Shot,13155.0,973771,974035,4377930,18696,620778,1436137,1911195,223445,1395037,1233206,2982839,639881,1901339,727152,12331,779048
616949,618419,Refulgent Arrow,14105.0,973771,974035,4377930,18696,620778,1436137,1911195,223445,1395037,1233206,2996944,639881,1901339,727152,12331,779048
616949,618419,Burst Shot,31841.0,973771,974035,4409771,18696,620778,1436137,1911195,223445,1395037,1233206,2996944,639881,1901339,727152,12331,779048
617569,618599,Empyreal Arrow,50733.0,973771,974035,4409771,18696,620778,1486870,1911195,223445,1395037,1233206,2996944,639881,1901339,727152,12331,779048
588579,619500,Caustic Bite (dot),2484.0,973771,974035,4409771,18696,623262,1486870,1911195,223445,1395037,1233206,2996944,639881,1901339,727152,12331,779048
588579,619500,Stormbite (dot),3106.0,973771,974035,4409771,18696,623262,1486870,1911195,223445,1395037,1233206,2996944,639881,1901339,727152,12331,782154
619439,620509,Apex Arrow,358.0,974129,974035,4409771,18696,623262,1486870,1911195,223445,1395037,1233206,2996944,639881,1901339,727152,12331,782154
619439,620509,Apex Arrow,1005.0,975134,974035,4409771,18696,623262,1486870,1911195,223445,1395037,1233206,2996944,639881,1901339,727152,12331,782154
619439,620509,Apex Arrow,116927.0,1092061,974035,4409771,18696,623262,1486870,1911195,223445,1395037,1233206,2996944,639881,1901339,727152,12331,782154
619439,620509,Apex Arrow,5286.0,1097347,974035,4409771,18696,623262,1486870,1911195,223445,1395037,1233206,2996944,639881,1901339,727152,12331,782154
619439,620509,Apex Arrow,8668.0,1106015,974035,4409771,18696,623262,1486870,1911195,223445,1395037,1233206,2996944,639881,1901339,727152,12331,782154
619439,620509,Apex Arrow,2414.0,1108429,974035,4409771,18696,623262,1486870,1911195,223445,1395037,1233206,2996944,639881,1901339,727152,12331,782154
619439,620509,Apex Arrow,38.0,1108467,974035,4409771,18696,623262,1486870,1911195,223445,1395037,1233206,2996944,639881,1901339,727152,12331,782154
619439,620509,Apex Arrow,26.0,1108493,974035,4409771,18696,623262,1486870,1911195,223445,1395037,1233206,2996944,639881,1901339,727152,12331,782154
620059,620859,Pitch Perfect,54501.0,1108493,974035,4409771,18696,623262,1486870,1911195,223445,1449538,1233206,2996944,639881,1901339,727152,12331,782154
620160,620918,Shot,13155.0,1108493,974035,4409771,18696,623262,1486870,1911195,223445,1449538,1233206,2996944,639881,1914494,727152,12331,782154
588579,622500,Stormbite (dot),3106.0,1108493,974035,4409771,18696,623262,1486870,1911195,223445,1449538,1233206,2996944,639881,1914494,727152,12331,785260
588579,622500,Caustic Bite (dot),2484.0,1108493,974035,4409771,18696,625746,1486870,1911195,223445,1449538,1233206,2996944,639881,1914494,727152,12331,785260
621929,623399,Refulgent Arrow,49.0,1108493,974035,4409771,18696,625746,1486870,1911195,223445,1449538,1233206,2996993,639881,1914494,727152,12331,785260
621929,623399,Burst Shot,141.0,1108493,974035,4409912,18696,625746,1486870,1911195,223445,1449538,1233206,2996993,639881,1914494,727152,12331,785260
621929,623579,Blast Arrow,136024.0,1108493,1110059,4409912,18696,625746,1486870,1911195,223445,1449538,1233206,2996993,639881,1914494,727152,12331,785260
623200,623958,Shot,13155.0,1108493,1110059,4409912,18696,625746,1486870,1911195,223445,1449538,1233206,2996993,639881,1927649,727152,12331,785260
623229,624029,Pitch Perfect,11323.0,1108493,1110059,4409912,18696,625746,1486870,1911195,223445,1460861,1233206,2996993,639881,1927649,727152,12331,785260
622579,624229,Heartbreak Shot,17546.0,1108493,1110059,4409912,18696,625746,1486870,1928741,223445,1460861,1233206,2996993,639881,1927649,727152,12331,785260
588579,625500,Stormbite (dot),3106.0,1108493,1110059,4409912,18696,625746,1486870,1928741,223445,1460861,1233206,2996993,639881,1927649,727152,12331,788366
588579,625500,Caustic Bite (dot),2484.0,1108493,1110059,4409912,18696,628230,1486870,1928741,223445,1460861,1233206,2996993,639881,1927649,727152,12331,788366
624419,625579,Resonant Arrow,124882.0,1108493,1110059,4409912,18696,628230,1486870,1928741,223445,1460861,1233206,2996993,764763,1927649,727152,12331,788366
626240,626998,Shot,12410.0,1108493,1110059,4409912,18696,628230,1486870,1928741,223445,1460861,1233206,2996993,764763,1940059,727152,12331,788366
627559,628359,Pitch Perfect,2415.0,1108493,1110059,4409912,18696,628230,1486870,1928741,223445,1463276,1233206,2996993,764763,1940059,727152,12331,788366
626909,628379,Refulgent Arrow,46906.0,1108493,1110059,4409912,18696,628230,1486870,1928741,223445,1463276,1233206,3043899,764763,1940059,727152,12331,788366
626909,628499,Refulgent Arrow,46906.0,1108493,1110059,4409912,18696,628230,1486870,1928741,223445,1463276,1233206,3090805,764763,1940059,727152,12331,788366
588579,628500,Stormbite (dot),3106.0,1108493,1110059,4409912,18696,628230,1486870,1928741,223445,1463276,1233206,3090805,764763,1940059,727152,12331,791472
588579,628500,Caustic Bite (dot),2484.0,1108493,1110059,4409912,18696,630714,1486870,1928741,223445,1463276,1233206,3090805,764763,1940059,727152,12331,791472
626909,628619,Refulgent Arrow,46906.0,1108493,1110059,4409912,18696,630714,1486870,1928741,223445,1463276,1233206,3137711,764763,1940059,727152,12331,791472
629280,630038,Shot,8405.0,1108493,1110059,4409912,18696,630714,1486870,1928741,223445,1463276,1233206,3137711,764763,1948464,727152,12331,791472
629399,630069,Iron Jaws,12462.0,1108493,1110059,4409912,18696,630714,1486870,1928741,235907,1463276,1233206,3137711,764763,1948464,727152,12331,791472
630019,630819,Pitch Perfect,18404.0,1108493,1110059,4409912,18696,630714,1486870,1928741,235907,1481680,1233206,3137711,764763,1948464,727152,12331,791472
629399,631500,Caustic Bite (dot),2493.0,1108493,1110059,4409912,18696,633207,1486870,1928741,235907,1481680,1233206,3137711,764763,1948464,727152,12331,791472
629399,631500,Stormbite (dot),3118.0,1108493,1110059,4409912,18696,633207,1486870,1928741,235907,1481680,1233206,3137711,764763,1948464,727152,12331,794590
630019,631669,Heartbreak Shot,6600.0,1108493,1110059,4409912,18696,633207,1486870,1935341,235907,1481680,1233206,3137711,764763,1948464,727152,12331,794590
630639,632289,Heartbreak Shot,4623.0,1108493,1110059,4409912,18696,633207,1486870,1939964,235907,1481680,1233206,3137711,764763,1948464,727152,12331,794590
632320,633078,Shot,8405.0,1108493,1110059,4409912,18696,633207,1486870,1939964,235907,1481680,1233206,3137711,764763,1956869,727152,12331,794590
631889,633359,Burst Shot,13281.0,1108493,1110059,4423193,18696,633207,1486870,1939964,235907,1481680,1233206,3137711,764763,1956869,727152,12331,794590
631889,633359,Refulgent Arrow,17999.0,1108493,1110059,4423193,18696,633207,1486870,1939964,235907,1481680,1233206,3155710,764763,1956869,727152,12331,794590
632569,633599,Empyreal Arrow,32412.0,1108493,1110059,4423193,18696,633207,1519282,1939964,235907,1481680,1233206,3155710,764763,1956869,727152,12331,794590
633219,634019,Pitch Perfect,24062.0,1108493,1110059,4423193,18696,633207,1519282,1939964,235907,1505742,1233206,3155710,764763,1956869,727152,12331,794590
629399,634500,Stormbite (dot),3118.0,1108493,1110059,4423193,18696,633207,1519282,1939964,235907,1505742,1233206,3155710,764763,1956869,727152,12331,797708
629399,634500,Caustic Bite (dot),2493.0,1108493,1110059,4423193,18696,635700,1519282,1939964,235907,1505742,1233206,3155710,764763,1956869,727152,12331,797708
634999,635799,Pitch Perfect,13512.0,1108493,1110059,4423193,18696,635700,1519282,1939964,235907,1519254,1233206,3155710,764763,1956869,727152,12331,797708
634379,635849,Refulgent Arrow,9315.0,1108493,1110059,4423193,18696,635700,1519282,1939964,235907,1519254,1233206,3165025,764763,1956869,727152,12331,797708
634379,635849,Burst Shot,20104.0,1108493,1110059,4443297,18696,635700,1519282,1939964,235907,1519254,1233206,3165025,764763,1956869,727152,12331,797708
635360,636118,Shot,8405.0,1108493,1110059,4443297,18696,635700,1519282,1939964,235907,1519254,1233206,3165025,764763,1965274,727152,12331,797708
629399,637500,Caustic Bite (dot),2493.0,1108493,1110059,4443297,18696,638193,1519282,1939964,235907,1519254,1233206,3165025,764763,1965274,727152,12331,797708
629399,637500,Stormbite (dot),3118.0,1108493,1110059,4443297,18696,638193,1519282,1939964,235907,1519254,1233206,3165025,764763,1965274,727152,12331,800826
636869,638339,Burst Shot,20518.0,1108493,1110059,4463815,18696,638193,1519282,1939964,235907,1519254,1233206,3165025,764763,1965274,727152,12331,800826
636869,638339,Refulgent Arrow,8788.0,1108493,1110059,4463815,18696,638193,1519282,1939964,235907,1519254,1233206,3173813,764763,1965274,727152,12331,800826
638169,638969,Pitch Perfect,5156.0,1108493,1110059,4463815,18696,638193,1519282,1939964,235907,1524410,1233206,3173813,764763,1965274,727152,12331,800826
638400,639158,Shot,8405.0,1108493,1110059,4463815,18696,638193,1519282,1939964,235907,1524410,1233206,3173813,764763,1973679,727152,12331,800826
637519,639169,Heartbreak Shot,11210.0,1108493,1110059,4463815,18696,638193,1519282,1951174,235907,1524410,1233206,3173813,764763,1973679,727152,12331,800826
629399,640500,Caustic Bite (dot),2493.0,1108493,1110059,4463815,18696,640686,1519282,1951174,235907,1524410,1233206,3173813,764763,1973679,727152,12331,800826
629399,640500,Stormbite (dot),3118.0,1108493,1110059,4463815,18696,640686,1519282,1951174,235907,1524410,1233206,3173813,764763,1973679,727152,12331,803944
639359,640829,Refulgent Arrow,9099.0,1108493,1110059,4463815,18696,640686,1519282,1951174,235907,1524410,1233206,3182912,764763,1973679,727152,12331,803944
639359,640829,Burst Shot,20274.0,1108493,1110059,4484089,18696,640686,1519282,1951174,235907,1524410,1233206,3182912,764763,1973679,727152,12331,803944
641440,642198,Shot,8405.0,1108493,1110059,4484089,18696,640686,1519282,1951174,235907,1524410,1233206,3182912,764763,1982084,727152,12331,803944
642499,643299,Pitch Perfect,13929.0,1108493,1110059,4484089,18696,640686,1519282,1951174,235907,1538339,1233206,3182912,764763,1982084,727152,12331,803944
641849,643319,Refulgent Arrow,8980.0,1108493,1110059,4484089,18696,640686,1519282,1951174,235907,1538339,1233206,3191892,764763,1982084,727152,12331,803944
641849,643319,Burst Shot,20367.0,1108493,1110059,4504456,18696,640686,1519282,1951174,235907,1538339,1233206,3191892,764763,1982084,727152,12331,803944
629399,643500,Stormbite (dot),3118.0,1108493,1110059,4504456,18696,640686,1519282,1951174,235907,1538339,1233206,3191892,764763,1982084,727152,12331,807062
629399,643500,Caustic Bite (dot),2493.0,1108493,1110059,4504456,18696,643179,1519282,1951174,235907,1538339,1233206,3191892,764763,1982084,727152,12331,807062
644480,645238,Shot,8405.0,1108493,1110059,4504456,18696,643179,1519282,1951174,235907,1538339,1233206,3191892,764763,1990489,727152,12331,807062
644959,645759,Pitch Perfect,7577.0,1108493,1110059,4504456,18696,643179,1519282,1951174,235907,1545916,1233206,3191892,764763,1990489,727152,12331,807062
644959,645759,Pitch Perfect,14710.0,1108493,1110059,4504456,18696,643179,1519282,1951174,235907,1560626,1233206,3191892,764763,1990489,727152,12331,807062
644959,645759,Pitch Perfect,4084.0,1108493,1110059,4504456,18696,643179,1519282,1951174,235907,1564710,1233206,3191892,764763,1990489,727152,12331,807062
644339,645809,Refulgent Arrow,8879.0,1108493,1110059,4504456,18696,643179,1519282,1951174,235907,1564710,1233206,3200771,764763,1990489,727152,12331,807062
644339,645809,Burst Shot,20447.0,1108493,1110059,4524903,18696,643179,1519282,1951174,235907,1564710,1233206,3200771,764763,1990489,727152,12331,807062
629399,646500,Caustic Bite (dot),2493.0,1108493,1110059,4524903,18696,645672,1519282,1951174,235907,1564710,1233206,3200771,764763,1990489,727152,12331,807062
629399,646500,Stormbite (dot),3118.0,1108493,1110059,4524903,18696,645672,1519282,1951174,235907,1564710,1233206,3200771,764763,1990489,727152,12331,810180
644959,646609,Heartbreak Shot,767.0,1108493,1110059,4524903,18696,645672,1519282,1951941,235907,1564710,1233206,3200771,764763,1990489,727152,12331,810180
645609,647259,Heartbreak Shot,10449.0,1108493,1110059,4524903,18696,645672,1519282,1962390,235907,1564710,1233206,3200771,764763,1990489,727152,12331,810180
647520,648278,Shot,8399.0,1108493,1110059,4524903,18696,645672,1519282,1962390,235907,1564710,1233206,3200771,764763,1998888,727152,12331,810180
646829,648299,Burst Shot,20400.0,1108493,1110059,4545303,18696,645672,1519282,1962390,235907,1564710,1233206,3200771,764763,1998888,727152,12331,810180
646829,648299,Refulgent Arrow,8915.0,1108493,1110059,4545303,18696,645672,1519282,1962390,235907,1564710,1233206,3209686,764763,1998888,727152,12331,810180
647569,648599,Empyreal Arrow,32390.0,1108493,1110059,4545303,18696,645672,1551672,1962390,235907,1564710,1233206,3209686,764763,1998888,727152,12331,810180
629399,649500,Stormbite (dot),3118.0,1108493,1110059,4545303,18696,645672,1551672,1962390,235907,1564710,1233206,3209686,764763,1998888,727152,12331,813298
629399,649500,Caustic Bite (dot),2493.0,1108493,1110059,4545303,18696,648165,1551672,1962390,235907,1564710,1233206,3209686,764763,1998888,727152,12331,813298
648189,649839,Heartbreak Shot,11202.0,1108493,1110059,4545303,18696,648165,1551672,1973592,235907,1564710,1233206,3209686,764763,1998888,727152,12331,813298
649320,650790,Refulgent Arrow,9012.0,1108493,1110059,4545303,18696,648165,1551672,1973592,235907,1564710,1233206,3218698,764763,1998888,727152,12331,813298
649320,650790,Burst Shot,20323.0,1108493,1110059,4565626,18696,648165,1551672,1973592,235907,1564710,1233206,3218698,764763,1998888,727152,12331,813298
650560,651318,Shot,8399.0,1108493,1110059,4565626,18696,648165,1551672,1973592,235907,1564710,1233206,3218698,764763,2007287,727152,12331,813298
649940,651590,Heartbreak Shot,9021.0,1108493,1110059,4565626,18696,648165,1551672,1982613,235907,1564710,1233206,3218698,764763,2007287,727152,12331,813298
629399,652500,Caustic Bite (dot),2493.0,1108493,1110059,4565626,18696,650658,1551672,1982613,235907,1564710,1233206,3218698,764763,2007287,727152,12331,813298
629399,652500,Stormbite (dot),3118.0,1108493,1110059,4565626,18696,650658,1551672,1982613,235907,1564710,1233206,3218698,764763,2007287,727152,12331,816416
651810,653280,Burst Shot,20208.0,1108493,1110059,4585834,18696,650658,1551672,1982613,235907,1564710,1233206,3218698,764763,2007287,727152,12331,816416
651810,653280,Refulgent Arrow,9159.0,1108493,1110059,4585834,18696,650658,1551672,1982613,235907,1564710,1233206,3227857,764763,2007287,727152,12331,816416
652460,654110,Heartbreak Shot,20134.0,1108493,1110059,4585834,18696,650658,1551672,2002747,235907,1564710,1233206,3227857,764763,2007287,727152,12331,816416
653600,654358,Shot,8399.0,1108493,1110059,4585834,18696,650658,1551672,2002747,235907,1564710,1233206,3227857,764763,2015686,727152,12331,816416
629399,655500,Stormbite (dot),3118.0,1108493,1110059,4585834,18696,650658,1551672,2002747,235907,1564710,1233206,3227857,764763,2015686,727152,12331,819534
629399,655500,Caustic Bite (dot),2493.0,1108493,1110059,4585834,18696,653151,1551672,2002747,235907,1564710,1233206,3227857,764763,2015686,727152,12331,819534
654300,655770,Refulgent Arrow,8813.0,1108493,1110059,4585834,18696,653151,1551672,2002747,235907,1564710,1233206,3236670,764763,2015686,727152,12331,819534
654300,655770,Burst Shot,20480.0,1108493,1110059,4606314,18696,653151,1551672,2002747,235907,1564710,1233206,3236670,764763,2015686,727152,12331,819534
654950,656600,Heartbreak Shot,8976.0,1108493,1110059,4606314,18696,653151,1551672,2011723,235907,1564710,1233206,3236670,764763,2015686,727152,12331,819534
656640,657398,Shot,8399.0,1108493,1110059,4606314,18696,653151,1551672,2011723,235907,1564710,1233206,3236670,764763,2024085,727152,12331,819534
656790,658260,Refulgent Arrow,9180.0,1108493,1110059,4606314,18696,653151,1551672,2011723,235907,1564710,1233206,3245850,764763,2024085,727152,12331,819534
656790,658260,Burst Shot,20192.0,1108493,1110059,4626506,18696,653151,1551672,2011723,235907,1564710,1233206,3245850,764763,2024085,727152,12331,819534
629399,658500,Stormbite (dot),3118.0,1108493,1110059,4626506,18696,653151,1551672,2011723,235907,1564710,1233206,3245850,764763,2024085,727152,12331,822652
629399,658500,Caustic Bite (dot),2493.0,1108493,1110059,4626506,18696,655644,1551672,2011723,235907,1564710,1233206,3245850,764763,2024085,727152,12331,822652
658090,659740,Heartbreak Shot,8936.0,1108493,1110059,4626506,18696,655644,1551672,2020659,235907,1564710,1233206,3245850,764763,2024085,727152,12331,822652
659680,660438,Shot,8399.0,1108493,1110059,4626506,18696,655644,1551672,2020659,235907,1564710,1233206,3245850,764763,2032484,727152,12331,822652
659280,660750,Refulgent Arrow,9061.0,1108493,1110059,4626506,18696,655644,1551672,2020659,235907,1564710,1233206,3254911,764763,2032484,727152,12331,822652
659280,660750,Burst Shot,20285.0,1108493,1110059,4646791,18696,655644,1551672,2020659,235907,1564710,1233206,3254911,764763,2032484,727152,12331,822652
629399,661500,Stormbite (dot),3118.0,1108493,1110059,4646791,18696,655644,1551672,2020659,235907,1564710,1233206,3254911,764763,2032484,727152,12331,825770
629399,661500,Caustic Bite (dot),2493.0,1108493,1110059,4646791,18696,658137,1551672,2020659,235907,1564710,1233206,3254911,764763,2032484,727152,12331,825770
659900,661550,Heartbreak Shot,11173.0,1108493,1110059,4646791,18696,658137,1551672,2031832,235907,1564710,1233206,3254911,764763,2032484,727152,12331,825770
661770,663240,Refulgent Arrow,8786.0,1108493,1110059,4646791,18696,658137,1551672,2031832,235907,1564710,1233206,3263697,764763,2032484,727152,12331,825770
661770,663240,Burst Shot,20501.0,1108493,1110059,4667292,18696,658137,1551672,2031832,235907,1564710,1233206,3263697,764763,2032484,727152,12331,825770
662720,663478,Shot,8399.0,1108493,1110059,4667292,18696,658137,1551672,2031832,235907,1564710,1233206,3263697,764763,2040883,727152,12331,825770
662569,663599,Empyreal Arrow,32390.0,1108493,1110059,4667292,18696,658137,1584062,2031832,235907,1564710,1233206,3263697,764763,2040883,727152,12331,825770
629399,664500,Caustic Bite (dot),2493.0,1108493,1110059,4667292,18696,660630,1584062,2031832,235907,1564710,1233206,3263697,764763,2040883,727152,12331,825770
629399,664500,Stormbite (dot),3118.0,1108493,1110059,4667292,18696,660630,1584062,2031832,235907,1564710,1233206,3263697,764763,2040883,727152,12331,828888
663189,664839,Heartbreak Shot,20190.0,1108493,1110059,4667292,18696,660630,1584062,2052022,235907,1564710,1233206,3263697,764763,2040883,727152,12331,828888
664260,665730,Refulgent Arrow,8974.0,1108493,1110059,4667292,18696,660630,1584062,2052022,235907,1564710,1233206,3272671,764763,2040883,727152,12331,828888
664260,665730,Burst Shot,20353.0,1108493,1110059,4687645,18696,660630,1584062,2052022,235907,1564710,1233206,3272671,764763,2040883,727152,12331,828888
665760,666518,Shot,8399.0,1108493,1110059,4687645,18696,660630,1584062,2052022,235907,1564710,1233206,3272671,764763,2049282,727152,12331,828888
664910,666560,Heartbreak Shot,8976.0,1108493,1110059,4687645,18696,660630,1584062,2060998,235907,1564710,1233206,3272671,764763,2049282,727152,12331,828888
629399,667500,Caustic Bite (dot),2493.0,1108493,1110059,4687645,18696,663123,1584062,2060998,235907,1564710,1233206,3272671,764763,2049282,727152,12331,828888
629399,667500,Stormbite (dot),3118.0,1108493,1110059,4687645,18696,663123,1584062,2060998,235907,1564710,1233206,3272671,764763,2049282,727152,12331,832006
666750,668220,Refulgent Arrow,8841.0,1108493,1110059,4687645,18696,663123,1584062,2060998,235907,1564710,1233206,3281512,764763,2049282,727152,12331,832006
666750,668220,Burst Shot,20458.0,1108493,1110059,4708103,18696,663123,1584062,2060998,235907,1564710,1233206,3281512,764763,2049282,727152,12331,832006
667370,669020,Heartbreak Shot,20232.0,1108493,1110059,4708103,18696,663123,1584062,2081230,235907,1564710,1233206,3281512,764763,2049282,727152,12331,832006
668800,669558,Shot,8399.0,1108493,1110059,4708103,18696,663123,1584062,2081230,235907,1564710,1233206,3281512,764763,2057681,727152,12331,832006
669240,670310,Apex Arrow,6530.0,1115023,1110059,4708103,18696,663123,1584062,2081230,235907,1564710,1233206,3281512,764763,2057681,727152,12331,832006
669240,670310,Apex Arrow,2154.0,1117177,1110059,4708103,18696,663123,1584062,2081230,235907,1564710,1233206,3281512,764763,2057681,727152,12331,832006
669240,670310,Apex Arrow,7.0,1117184,1110059,4708103,18696,663123,1584062,2081230,235907,1564710,1233206,3281512,764763,2057681,727152,12331,832006
669240,670310,Apex Arrow,40779.0,1157963,1110059,4708103,18696,663123,1584062,2081230,235907,1564710,1233206,3281512,764763,2057681,727152,12331,832006
669240,670310,Apex Arrow,4277.0,1162240,1110059,4708103,18696,663123,1584062,2081230,235907,1564710,1233206,3281512,764763,2057681,727152,12331,832006
669240,670310,Apex Arrow,7931.0,1170171,1110059,4708103,18696,663123,1584062,2081230,235907,1564710,1233206,3281512,764763,2057681,727152,12331,832006
669240,670310,Apex Arrow,1020.0,1171191,1110059,4708103,18696,663123,1584062,2081230,235907,1564710,1233206,3281512,764763,2057681,727152,12331,832006
669240,670310,Apex Arrow,17.0,1171208,1110059,4708103,18696,663123,1584062,2081230,235907,1564710,1233206,3281512,764763,2057681,727152,12331,832006
669240,670310,Apex Arrow,76.0,1171284,1110059,4708103,18696,663123,1584062,2081230,235907,1564710,1233206,3281512,764763,2057681,727152,12331,832006
669240,670310,Apex Arrow,303.0,1171587,1110059,4708103,18696,663123,1584062,2081230,235907,1564710,1233206,3281512,764763,2057681,727152,12331,832006
669240,670310,Apex Arrow,8719.0,1180306,1110059,4708103,18696,663123,1584062,2081230,235907,1564710,1233206,3281512,764763,2057681,727152,12331,832006
669240,670310,Apex Arrow,7787.0,1188093,1110059,4708103,18696,663123,1584062,2081230,235907,1564710,1233206,3281512,764763,2057681,727152,12331,832006
629399,670500,Stormbite (dot),3118.0,1188093,1110059,4708103,18696,663123,1584062,2081230,235907,1564710,1233206,3281512,764763,2057681,727152,12331,835124
629399,670500,Caustic Bite (dot),2493.0,1188093,1110059,4708103,18696,665616,1584062,2081230,235907,1564710,1233206,3281512,764763,2057681,727152,12331,835124
669890,671540,Heartbreak Shot,8922.0,1188093,1110059,4708103,18696,665616,1584062,2090152,235907,1564710,1233206,3281512,764763,2057681,727152,12331,835124
671840,672598,Shot,8399.0,1188093,1110059,4708103,18696,665616,1584062,2090152,235907,1564710,1233206,3281512,764763,2066080,727152,12331,835124
672589,673119,Sidewinder,49833.0,1188093,1110059,4708103,18696,665616,1584062,2090152,235907,1564710,1233206,3281512,764763,2066080,776985,12331,835124
671730,673200,Burst Shot,2548.0,1188093,1110059,4710651,18696,665616,1584062,2090152,235907,1564710,1233206,3281512,764763,2066080,776985,12331,835124
671730,673200,Refulgent Arrow,1175.0,1188093,1110059,4710651,18696,665616,1584062,2090152,235907,1564710,1233206,3282687,764763,2066080,776985,12331,835124
671730,673380,Blast Arrow,76161.0,1188093,1186220,4710651,18696,665616,1584062,2090152,235907,1564710,1233206,3282687,764763,2066080,776985,12331,835124
629399,673500,Caustic Bite (dot),2493.0,1188093,1186220,4710651,18696,668109,1584062,2090152,235907,1564710,1233206,3282687,764763,2066080,776985,12331,835124
629399,673500,Stormbite (dot),3118.0,1188093,1186220,4710651,18696,668109,1584062,2090152,235907,1564710,1233206,3282687,764763,2066080,776985,12331,838242
673209,674859,Heartbreak Shot,8980.0,1188093,1186220,4710651,18696,668109,1584062,2099132,235907,1564710,1233206,3282687,764763,2066080,776985,12331,838242
674220,674890,Iron Jaws,12454.0,1188093,1186220,4710651,18696,668109,1584062,2099132,248361,1564710,1233206,3282687,764763,2066080,776985,12331,838242
674880,675638,Shot,8399.0,1188093,1186220,4710651,18696,668109,1584062,2099132,248361,1564710,1233206,3282687,764763,2074479,776985,12331,838242
674220,676500,Stormbite (dot),3115.0,1188093,1186220,4710651,18696,668109,1584062,2099132,248361,1564710,1233206,3282687,764763,2074479,776985,12331,841357
674220,676500,Caustic Bite (dot),2491.0,1188093,1186220,4710651,18696,670600,1584062,2099132,248361,1564710,1233206,3282687,764763,2074479,776985,12331,841357
674870,676520,Heartbreak Shot,11233.0,1188093,1186220,4710651,18696,670600,1584062,2110365,248361,1564710,1233206,3282687,764763,2074479,776985,12331,841357
676710,678180,Refulgent Arrow,18109.0,1188093,1186220,4710651,18696,670600,1584062,2110365,248361,1564710,1233206,3300796,764763,2074479,776985,12331,841357
676710,678180,Burst Shot,13176.0,1188093,1186220,4723827,18696,670600,1584062,2110365,248361,1564710,1233206,3300796,764763,2074479,776985,12331,841357
677569,678599,Empyreal Arrow,32390.0,1188093,1186220,4723827,18696,670600,1616452,2110365,248361,1564710,1233206,3300796,764763,2074479,776985,12331,841357
677920,678678,Shot,8399.0,1188093,1186220,4723827,18696,670600,1616452,2110365,248361,1564710,1233206,3300796,764763,2082878,776985,12331,841357
674220,679500,Caustic Bite (dot),2491.0,1188093,1186220,4723827,18696,673091,1616452,2110365,248361,1564710,1233206,3300796,764763,2082878,776985,12331,841357
674220,679500,Stormbite (dot),3115.0,1188093,1186220,4723827,18696,673091,1616452,2110365,248361,1564710,1233206,3300796,764763,2082878,776985,12331,844472
678189,679839,Heartbreak Shot,20163.0,1188093,1186220,4723827,18696,673091,1616452,2130528,248361,1564710,1233206,3300796,764763,2082878,776985,12331,844472
679200,680670,Burst Shot,20345.0,1188093,1186220,4744172,18696,673091,1616452,2130528,248361,1564710,1233206,3300796,764763,2082878,776985,12331,844472
679200,680670,Refulgent Arrow,8984.0,1188093,1186220,4744172,18696,673091,1616452,2130528,248361,1564710,1233206,3309780,764763,2082878,776985,12331,844472
679820,681470,Heartbreak Shot,9039.0,1188093,1186220,4744172,18696,673091,1616452,2139567,248361,1564710,1233206,3309780,764763,2082878,776985,12331,844472
680960,681718,Shot,8399.0,1188093,1186220,4744172,18696,673091,1616452,2139567,248361,1564710,1233206,3309780,764763,2091277,776985,12331,844472
674220,682500,Caustic Bite (dot),2491.0,1188093,1186220,4744172,18696,675582,1616452,2139567,248361,1564710,1233206,3309780,764763,2091277,776985,12331,844472
674220,682500,Stormbite (dot),3115.0,1188093,1186220,4744172,18696,675582,1616452,2139567,248361,1564710,1233206,3309780,764763,2091277,776985,12331,847587
681690,683160,Refulgent Arrow,9075.0,1188093,1186220,4744172,18696,675582,1616452,2139567,248361,1564710,1233206,3318855,764763,2091277,776985,12331,847587
681690,683160,Burst Shot,20274.0,1188093,1186220,4764446,18696,675582,1616452,2139567,248361,1564710,1233206,3318855,764763,2091277,776985,12331,847587
682310,683960,Heartbreak Shot,20093.0,1188093,1186220,4764446,18696,675582,1616452,2159660,248361,1564710,1233206,3318855,764763,2091277,776985,12331,847587
684000,684758,Shot,8374.0,1188093,1186220,4764446,18696,675582,1616452,2159660,248361,1564710,1233206,3318855,764763,2099651,776985,12331,847587
674220,685500,Stormbite (dot),3115.0,1188093,1186220,4764446,18696,675582,1616452,2159660,248361,1564710,1233206,3318855,764763,2099651,776985,12331,850702
674220,685500,Caustic Bite (dot),2491.0,1188093,1186220,4764446,18696,678073,1616452,2159660,248361,1564710,1233206,3318855,764763,2099651,776985,12331,850702
684180,685650,Refulgent Arrow,8975.0,1188093,1186220,4764446,18696,678073,1616452,2159660,248361,1564710,1233206,3327830,764763,2099651,776985,12331,850702
684180,685650,Burst Shot,20271.0,1188093,1186220,4784717,18696,678073,1616452,2159660,248361,1564710,1233206,3327830,764763,2099651,776985,12331,850702
687040,687798,Shot,8374.0,1188093,1186220,4784717,18696,678073,1616452,2159660,248361,1564710,1233206,3327830,764763,2108025,776985,12331,850702
686670,688140,Refulgent Arrow,9006.0,1188093,1186220,4784717,18696,678073,1616452,2159660,248361,1564710,1233206,3336836,764763,2108025,776985,12331,850702
686670,688140,Burst Shot,20246.0,1188093,1186220,4804963,18696,678073,1616452,2159660,248361,1564710,1233206,3336836,764763,2108025,776985,12331,850702
674220,688500,Caustic Bite (dot),2491.0,1188093,1186220,4804963,18696,680564,1616452,2159660,248361,1564710,1233206,3336836,764763,2108025,776985,12331,850702
674220,688500,Stormbite (dot),3115.0,1188093,1186220,4804963,18696,680564,1616452,2159660,248361,1564710,1233206,3336836,764763,2108025,776985,12331,853817
689060,690530,Refulgent Arrow,8978.0,1188093,1186220,4804963,18696,680564,1616452,2159660,248361,1564710,1233206,3345814,764763,2108025,776985,12331,853817
689060,690530,Burst Shot,20268.0,1188093,1186220,4825231,18696,680564,1616452,2159660,248361,1564710,1233206,3345814,764763,2108025,776985,12331,853817
690080,690838,Shot,8374.0,1188093,1186220,4825231,18696,680564,1616452,2159660,248361,1564710,1233206,3345814,764763,2116399,776985,12331,853817
689710,691360,Heartbreak Shot,11258.0,1188093,1186220,4825231,18696,680564,1616452,2170918,248361,1564710,1233206,3345814,764763,2116399,776985,12331,853817
674220,691500,Caustic Bite (dot),2491.0,1188093,1186220,4825231,18696,683055,1616452,2170918,248361,1564710,1233206,3345814,764763,2116399,776985,12331,853817
674220,691500,Stormbite (dot),3115.0,1188093,1186220,4825231,18696,683055,1616452,2170918,248361,1564710,1233206,3345814,764763,2116399,776985,12331,856932
691450,692920,Refulgent Arrow,9163.0,1188093,1186220,4825231,18696,683055,1616452,2170918,248361,1564710,1233206,3354977,764763,2116399,776985,12331,856932
691450,692920,Burst Shot,20123.0,1188093,1186220,4845354,18696,683055,1616452,2170918,248361,1564710,1233206,3354977,764763,2116399,776985,12331,856932
692569,693599,Empyreal Arrow,32293.0,1188093,1186220,4845354,18696,683055,1648745,2170918,248361,1564710,1233206,3354977,764763,2116399,776985,12331,856932
693120,693878,Shot,8374.0,1188093,1186220,4845354,18696,683055,1648745,2170918,248361,1564710,1233206,3354977,764763,2124773,776985,12331,856932
674220,694500,Stormbite (dot),3115.0,1188093,1186220,4845354,18696,683055,1648745,2170918,248361,1564710,1233206,3354977,764763,2124773,776985,12331,860047
674220,694500,Caustic Bite (dot),2491.0,1188093,1186220,4845354,18696,685546,1648745,2170918,248361,1564710,1233206,3354977,764763,2124773,776985,12331,860047
693840,695310,Burst Shot,20361.0,1188093,1186220,4865715,18696,685546,1648745,2170918,248361,1564710,1233206,3354977,764763,2124773,776985,12331,860047
693840,695310,Refulgent Arrow,8860.0,1188093,1186220,4865715,18696,685546,1648745,2170918,248361,1564710,1233206,3363837,764763,2124773,776985,12331,860047
696160,696918,Shot,8374.0,1188093,1186220,4865715,18696,685546,1648745,2170918,248361,1564710,1233206,3363837,764763,2133147,776985,12331,860047
674220,697500,Caustic Bite (dot),2491.0,1188093,1186220,4865715,18696,688037,1648745,2170918,248361,1564710,1233206,3363837,764763,2133147,776985,12331,860047
696030,697500,Burst Shot,20142.0,1188093,1186220,4885857,18696,688037,1648745,2170918,248361,1564710,1233206,3363837,764763,2133147,776985,12331,860047
674220,697500,Stormbite (dot),3115.0,1188093,1186220,4885857,18696,688037,1648745,2170918,248361,1564710,1233206,3363837,764763,2133147,776985,12331,863162
696030,697500,Refulgent Arrow,9138.0,1188093,1186220,4885857,18696,688037,1648745,2170918,248361,1564710,1233206,3372975,764763,2133147,776985,12331,863162
696680,698330,Heartbreak Shot,11093.0,1188093,1186220,4885857,18696,688037,1648745,2182011,248361,1564710,1233206,3372975,764763,2133147,776985,12331,863162
698120,699590,Burst Shot,20284.0,1188093,1186220,4906141,18696,688037,1648745,2182011,248361,1564710,1233206,3372975,764763,2133147,776985,12331,863162
698120,699590,Refulgent Arrow,8957.0,1188093,1186220,4906141,18696,688037,1648745,2182011,248361,1564710,1233206,3381932,764763,2133147,776985,12331,863162
699200,699958,Shot,8374.0,1188093,1186220,4906141,18696,688037,1648745,2182011,248361,1564710,1233206,3381932,764763,2141521,776985,12331,863162
674220,700500,Stormbite (dot),3115.0,1188093,1186220,4906141,18696,688037,1648745,2182011,248361,1564710,1233206,3381932,764763,2141521,776985,12331,866277
674220,700500,Caustic Bite (dot),2491.0,1188093,1186220,4906141,18696,690528,1648745,2182011,248361,1564710,1233206,3381932,764763,2141521,776985,12331,866277
700210,701680,Refulgent Arrow,8930.0,1188093,1186220,4906141,18696,690528,1648745,2182011,248361,1564710,1233206,3390862,764763,2141521,776985,12331,866277
700210,701680,Burst Shot,20306.0,1188093,1186220,4926447,18696,690528,1648745,2182011,248361,1564710,1233206,3390862,764763,2141521,776985,12331,866277
702240,702998,Shot,8374.0,1188093,1186220,4926447,18696,690528,1648745,2182011,248361,1564710,1233206,3390862,764763,2149895,776985,12331,866277
674220,703500,Stormbite (dot),3115.0,1188093,1186220,4926447,18696,690528,1648745,2182011,248361,1564710,1233206,3390862,764763,2149895,776985,12331,869392
674220,703500,Caustic Bite (dot),2491.0,1188093,1186220,4926447,18696,693019,1648745,2182011,248361,1564710,1233206,3390862,764763,2149895,776985,12331,869392
702300,703770,Burst Shot,20345.0,1188093,1186220,4946792,18696,693019,1648745,2182011,248361,1564710,1233206,3390862,764763,2149895,776985,12331,869392
702300,703770,Refulgent Arrow,8881.0,1188093,1186220,4946792,18696,693019,1648745,2182011,248361,1564710,1233206,3399743,764763,2149895,776985,12331,869392
704390,705860,Burst Shot,20279.0,1188093,1186220,4967071,18696,693019,1648745,2182011,248361,1564710,1233206,3399743,764763,2149895,776985,12331,869392
704390,705860,Refulgent Arrow,8964.0,1188093,1186220,4967071,18696,693019,1648745,2182011,248361,1564710,1233206,3408707,764763,2149895,776985,12331,869392
705280,706038,Shot,8374.0,1188093,1186220,4967071,18696,693019,1648745,2182011,248361,1564710,1233206,3408707,764763,2158269,776985,12331,869392
674220,706500,Stormbite (dot),3115.0,1188093,1186220,4967071,18696,693019,1648745,2182011,248361,1564710,1233206,3408707,764763,2158269,776985,12331,872507
674220,706500,Caustic Bite (dot),2491.0,1188093,1186220,4967071,18696,695510,1648745,2182011,248361,1564710,1233206,3408707,764763,2158269,776985,12331,872507
706480,707950,Burst Shot,20350.0,1188093,1186220,4987421,18696,695510,1648745,2182011,248361,1564710,1233206,3408707,764763,2158269,776985,12331,872507
706480,707950,Refulgent Arrow,8874.0,1188093,1186220,4987421,18696,695510,1648745,2182011,248361,1564710,1233206,3417581,764763,2158269,776985,12331,872507
707569,708599,Empyreal Arrow,32293.0,1188093,1186220,4987421,18696,695510,1681038,2182011,248361,1564710,1233206,3417581,764763,2158269,776985,12331,872507
708320,709078,Shot,8374.0,1188093,1186220,4987421,18696,695510,1681038,2182011,248361,1564710,1233206,3417581,764763,2166643,776985,12331,872507
708570,709240,Iron Jaws,12417.0,1188093,1186220,4987421,18696,695510,1681038,2182011,260778,1564710,1233206,3417581,764763,2166643,776985,12331,872507
708570,709500,Caustic Bite (dot),2484.0,1188093,1186220,4987421,18696,697994,1681038,2182011,260778,1564710,1233206,3417581,764763,2166643,776985,12331,872507
708570,709500,Stormbite (dot),3106.0,1188093,1186220,4987421,18696,697994,1681038,2182011,260778,1564710,1233206,3417581,764763,2166643,776985,12331,875613
711360,712118,Shot,8374.0,1188093,1186220,4987421,18696,697994,1681038,2182011,260778,1564710,1233206,3417581,764763,2175017,776985,12331,875613
710660,712130,Refulgent Arrow,17717.0,1188093,1186220,4987421,18696,697994,1681038,2182011,260778,1564710,1233206,3435298,764763,2175017,776985,12331,875613
710660,712130,Burst Shot,13402.0,1188093,1186220,5000823,18696,697994,1681038,2182011,260778,1564710,1233206,3435298,764763,2175017,776985,12331,875613
708570,712500,Stormbite (dot),3106.0,1188093,1186220,5000823,18696,697994,1681038,2182011,260778,1564710,1233206,3435298,764763,2175017,776985,12331,878719
708570,712500,Caustic Bite (dot),2484.0,1188093,1186220,5000823,18696,700478,1681038,2182011,260778,1564710,1233206,3435298,764763,2175017,776985,12331,878719
712750,714220,Refulgent Arrow,8947.0,1188093,1186220,5000823,18696,700478,1681038,2182011,260778,1564710,1233206,3444245,764763,2175017,776985,12331,878719
712750,714220,Burst Shot,20293.0,1188093,1186220,5021116,18696,700478,1681038,2182011,260778,1564710,1233206,3444245,764763,2175017,776985,12331,878719
714400,715158,Shot,8374.0,1188093,1186220,5021116,18696,700478,1681038,2182011,260778,1564710,1233206,3444245,764763,2183391,776985,12331,878719
708570,715500,Stormbite (dot),3106.0,1188093,1186220,5021116,18696,700478,1681038,2182011,260778,1564710,1233206,3444245,764763,2183391,776985,12331,881825
708570,715500,Caustic Bite (dot),2484.0,1188093,1186220,5021116,18696,702962,1681038,2182011,260778,1564710,1233206,3444245,764763,2183391,776985,12331,881825
714840,716310,Refulgent Arrow,8832.0,1188093,1186220,5021116,18696,702962,1681038,2182011,260778,1564710,1233206,3453077,764763,2183391,776985,12331,881825
714840,716310,Burst Shot,20383.0,1188093,1186220,5041499,18696,702962,1681038,2182011,260778,1564710,1233206,3453077,764763,2183391,776985,12331,881825
717440,718198,Shot,8374.0,1188093,1186220,5041499,18696,702962,1681038,2182011,260778,1564710,1233206,3453077,764763,2191765,776985,12331,881825
716930,718400,Burst Shot,20317.0,1188093,1186220,5061816,18696,702962,1681038,2182011,260778,1564710,1233206,3453077,764763,2191765,776985,12331,881825
716930,718400,Refulgent Arrow,8916.0,1188093,1186220,5061816,18696,702962,1681038,2182011,260778,1564710,1233206,3461993,764763,2191765,776985,12331,881825
708570,718500,Caustic Bite (dot),2484.0,1188093,1186220,5061816,18696,705446,1681038,2182011,260778,1564710,1233206,3461993,764763,2191765,776985,12331,881825
708570,718500,Stormbite (dot),3106.0,1188093,1186220,5061816,18696,705446,1681038,2182011,260778,1564710,1233206,3461993,764763,2191765,776985,12331,884931
719020,720490,Burst Shot,20276.0,1188093,1186220,5082092,18696,705446,1681038,2182011,260778,1564710,1233206,3461993,764763,2191765,776985,12331,884931
719020,720490,Refulgent Arrow,8968.0,1188093,1186220,5082092,18696,705446,1681038,2182011,260778,1564710,1233206,3470961,764763,2191765,776985,12331,884931
720480,721238,Shot,8374.0,1188093,1186220,5082092,18696,705446,1681038,2182011,260778,1564710,1233206,3470961,764763,2200139,776985,12331,884931
708570,721500,Stormbite (dot),3106.0,1188093,1186220,5082092,18696,705446,1681038,2182011,260778,1564710,1233206,3470961,764763,2200139,776985,12331,888037
708570,721500,Caustic Bite (dot),2484.0,1188093,1186220,5082092,18696,707930,1681038,2182011,260778,1564710,1233206,3470961,764763,2200139,776985,12331,888037
721111,722581,Refulgent Arrow,9055.0,1188093,1186220,5082092,18696,707930,1681038,2182011,260778,1564710,1233206,3480016,764763,2200139,776985,12331,888037
721111,722581,Burst Shot,20208.0,1188093,1186220,5102300,18696,707930,1681038,2182011,260778,1564710,1233206,3480016,764763,2200139,776985,12331,888037
723520,724278,Shot,9097.0,1188093,1186220,5102300,18696,707930,1681038,2182011,260778,1564710,1233206,3480016,764763,2209236,776985,12331,888037
708570,724500,Caustic Bite (dot),2484.0,1188093,1186220,5102300,18696,710414,1681038,2182011,260778,1564710,1233206,3480016,764763,2209236,776985,12331,888037
708570,724500,Stormbite (dot),3106.0,1188093,1186220,5102300,18696,710414,1681038,2182011,260778,1564710,1233206,3480016,764763,2209236,776985,12331,891143
723201,724671,Refulgent Arrow,9727.0,1188093,1186220,5102300,18696,710414,1681038,2182011,260778,1564710,1233206,3489743,764763,2209236,776985,12331,891143
723201,724671,Burst Shot,22037.0,1188093,1186220,5124337,18696,710414,1681038,2182011,260778,1564710,1233206,3489743,764763,2209236,776985,12331,891143
723821,724851,Empyreal Arrow,35080.0,1188093,1186220,5124337,18696,710414,1716118,2182011,260778,1564710,1233206,3489743,764763,2209236,776985,12331,891143
725391,726861,Refulgent Arrow,9954.0,1188093,1186220,5124337,18696,710414,1716118,2182011,260778,1564710,1233206,3499697,764763,2209236,776985,12331,891143
725391,726861,Burst Shot,21859.0,1188093,1186220,5146196,18696,710414,1716118,2182011,260778,1564710,1233206,3499697,764763,2209236,776985,12331,891143
726560,727318,Shot,10125.0,1188093,1186220,5146196,18696,710414,1716118,2182011,260778,1564710,1233206,3499697,764763,2219361,776985,12331,891143
708570,727500,Caustic Bite (dot),2484.0,1188093,1186220,5146196,18696,712898,1716118,2182011,260778,1564710,1233206,3499697,764763,2219361,776985,12331,891143
708570,727500,Stormbite (dot),3106.0,1188093,1186220,5146196,18696,712898,1716118,2182011,260778,1564710,1233206,3499697,764763,2219361,776985,12331,894249
727581,729051,Burst Shot,28539.0,1188093,1186220,5174735,18696,712898,1716118,2182011,260778,1564710,1233206,3499697,764763,2219361,776985,12331,894249
727581,729051,Refulgent Arrow,12643.0,1188093,1186220,5174735,18696,712898,1716118,2182011,260778,1564710,1233206,3512340,764763,2219361,776985,12331,894249
728829,729629,Pitch Perfect,48278.0,1188093,1186220,5174735,18696,712898,1716118,2182011,260778,1612988,1233206,3512340,764763,2219361,776985,12331,894249
729600,730358,Shot,14239.0,1188093,1186220,5174735,18696,712898,1716118,2182011,260778,1612988,1233206,3512340,764763,2233600,776985,12331,894249
728829,730479,Heartbreak Shot,13873.0,1188093,1186220,5174735,18696,712898,1716118,2195884,260778,1612988,1233206,3512340,764763,2233600,776985,12331,894249
708570,730500,Caustic Bite (dot),2484.0,1188093,1186220,5174735,18696,715382,1716118,2195884,260778,1612988,1233206,3512340,764763,2233600,776985,12331,894249
708570,730500,Stormbite (dot),3106.0,1188093,1186220,5174735,18696,715382,1716118,2195884,260778,1612988,1233206,3512340,764763,2233600,776985,12331,897355
729771,731731,Radiant Encore,232327.0,1188093,1186220,5174735,18696,715382,1716118,2195884,260778,1612988,1465533,3512340,764763,2233600,776985,12331,897355
731041,731841,Pitch Perfect,19562.0,1188093,1186220,5174735,18696,715382,1716118,2195884,260778,1632550,1465533,3512340,764763,2233600,776985,12331,897355
730391,732041,Heartbreak Shot,38010.0,1188093,1186220,5174735,18696,715382,1716118,2233894,260778,1632550,1465533,3512340,764763,2233600,776985,12331,897355
731041,732691,Heartbreak Shot,24136.0,1188093,1186220,5174735,18696,715382,1716118,2258030,260778,1632550,1465533,3512340,764763,2233600,776985,12331,897355
732589,733119,Sidewinder,84481.0,1188093,1186220,5174735,18696,715382,1716118,2258030,260778,1632550,1465533,3512340,764763,2233600,861466,12331,897355
732640,733398,Shot,14239.0,1188093,1186220,5174735,18696,715382,1716118,2258030,260778,1632550,1465533,3512340,764763,2247839,861466,12331,897355
731961,733431,Refulgent Arrow,15409.0,1188093,1186220,5174735,18696,715382,1716118,2258030,260778,1632550,1465533,3527749,764763,2247839,861466,12331,897355
731961,733431,Burst Shot,34350.0,1188093,1186220,5209085,18696,715382,1716118,2258030,260778,1632550,1465533,3527749,764763,2247839,861466,12331,897355
708570,733500,Caustic Bite (dot),2484.0,1188093,1186220,5209085,18696,717866,1716118,2258030,260778,1632550,1465533,3527749,764763,2247839,861466,12331,897355
708570,733500,Stormbite (dot),3106.0,1188093,1186220,5209085,18696,717866,1716118,2258030,260778,1632550,1465533,3527749,764763,2247839,861466,12331,900461
735101,735901,Pitch Perfect,6143.0,1188093,1186220,5209085,18696,717866,1716118,2258030,260778,1638693,1465533,3527749,764763,2247839,861466,12331,900461
734451,735921,Refulgent Arrow,15450.0,1188093,1186220,5209085,18696,717866,1716118,2258030,260778,1638693,1465533,3543199,764763,2247839,861466,12331,900461
734451,735921,Burst Shot,34317.0,1188093,1186220,5243402,18696,717866,1716118,2258030,260778,1638693,1465533,3543199,764763,2247839,861466,12331,900461
735680,736438,Shot,14239.0,1188093,1186220,5243402,18696,717866,1716118,2258030,260778,1638693,1465533,3543199,764763,2262078,861466,12331,900461
708570,736500,Stormbite (dot),3106.0,1188093,1186220,5243402,18696,717866,1716118,2258030,260778,1638693,1465533,3543199,764763,2262078,861466,12331,903567
708570,736500,Caustic Bite (dot),2484.0,1188093,1186220,5243402,18696,720350,1716118,2258030,260778,1638693,1465533,3543199,764763,2262078,861466,12331,903567
735101,736751,Heartbreak Shot,17576.0,1188093,1186220,5243402,18696,720350,1716118,2275606,260778,1638693,1465533,3543199,764763,2262078,861466,12331,903567
735751,737401,Heartbreak Shot,1569.0,1188093,1186220,5243402,18696,720350,1716118,2277175,260778,1638693,1465533,3543199,764763,2262078,861466,12331,903567
737561,738361,Pitch Perfect,26572.0,1188093,1186220,5243402,18696,720350,1716118,2277175,260778,1665265,1465533,3543199,764763,2262078,861466,12331,903567
736941,738411,Burst Shot,34424.0,1188093,1186220,5277826,18696,720350,1716118,2277175,260778,1665265,1465533,3543199,764763,2262078,861466,12331,903567
736941,738411,Refulgent Arrow,15314.0,1188093,1186220,5277826,18696,720350,1716118,2277175,260778,1665265,1465533,3558513,764763,2262078,861466,12331,903567
738720,739478,Shot,14239.0,1188093,1186220,5277826,18696,720350,1716118,2277175,260778,1665265,1465533,3558513,764763,2276317,861466,12331,903567
708570,739500,Stormbite (dot),3106.0,1188093,1186220,5277826,18696,720350,1716118,2277175,260778,1665265,1465533,3558513,764763,2276317,861466,12331,906673
708570,739500,Caustic Bite (dot),2484.0,1188093,1186220,5277826,18696,722834,1716118,2277175,260778,1665265,1465533,3558513,764763,2276317,861466,12331,906673
738821,739851,Empyreal Arrow,54909.0,1188093,1186220,5277826,18696,722834,1771027,2277175,260778,1665265,1465533,3558513,764763,2276317,861466,12331,906673
739441,740511,Apex Arrow,1264.0,1189357,1186220,5277826,18696,722834,1771027,2277175,260778,1665265,1465533,3558513,764763,2276317,861466,12331,906673
739441,740511,Apex Arrow,3005.0,1192362,1186220,5277826,18696,722834,1771027,2277175,260778,1665265,1465533,3558513,764763,2276317,861466,12331,906673
739441,740511,Apex Arrow,11.0,1192373,1186220,5277826,18696,722834,1771027,2277175,260778,1665265,1465533,3558513,764763,2276317,861466,12331,906673
739441,740511,Apex Arrow,142712.0,1335085,1186220,5277826,18696,722834,1771027,2277175,260778,1665265,1465533,3558513,764763,2276317,861466,12331,906673
739441,740511,Apex Arrow,364.0,1335449,1186220,5277826,18696,722834,1771027,2277175,260778,1665265,1465533,3558513,764763,2276317,861466,12331,906673
739441,740511,Apex Arrow,94.0,1335543,1186220,5277826,18696,722834,1771027,2277175,260778,1665265,1465533,3558513,764763,2276317,861466,12331,906673
740681,741481,Pitch Perfect,44005.0,1335543,1186220,5277826,18696,722834,1771027,2277175,260778,1709270,1465533,3558513,764763,2276317,861466,12331,906673
708570,742500,Caustic Bite (dot),2484.0,1335543,1186220,5277826,18696,725318,1771027,2277175,260778,1709270,1465533,3558513,764763,2276317,861466,12331,906673
708570,742500,Stormbite (dot),3106.0,1335543,1186220,5277826,18696,725318,1771027,2277175,260778,1709270,1465533,3558513,764763,2276317,861466,12331,909779
741760,742518,Shot,14239.0,1335543,1186220,5277826,18696,725318,1771027,2277175,260778,1709270,1465533,3558513,764763,2290556,861466,12331,909779
741931,743401,Refulgent Arrow,5.0,1335543,1186220,5277826,18696,725318,1771027,2277175,260778,1709270,1465533,3558518,764763,2290556,861466,12331,909779
741931,743581,Blast Arrow,147827.0,1335543,1334047,5277826,18696,725318,1771027,2277175,260778,1709270,1465533,3558518,764763,2290556,861466,12331,909779
743231,744031,Pitch Perfect,21105.0,1335543,1334047,5277826,18696,725318,1771027,2277175,260778,1730375,1465533,3558518,764763,2290556,861466,12331,909779
742581,744231,Heartbreak Shot,18864.0,1335543,1334047,5277826,18696,725318,1771027,2296039,260778,1730375,1465533,3558518,764763,2290556,861466,12331,909779
708570,745500,Caustic Bite (dot),2484.0,1335543,1334047,5277826,18696,727802,1771027,2296039,260778,1730375,1465533,3558518,764763,2290556,861466,12331,909779
708570,745500,Stormbite (dot),3106.0,1335543,1334047,5277826,18696,727802,1771027,2296039,260778,1730375,1465533,3558518,764763,2290556,861466,12331,912885
744800,745558,Shot,14239.0,1335543,1334047,5277826,18696,727802,1771027,2296039,260778,1730375,1465533,3558518,764763,2304795,861466,12331,912885
744421,745581,Resonant Arrow,135168.0,1335543,1334047,5277826,18696,727802,1771027,2296039,260778,1730375,1465533,3558518,899931,2304795,861466,12331,912885
747561,748361,Pitch Perfect,6330.0,1335543,1334047,5277826,18696,727802,1771027,2296039,260778,1736705,1465533,3558518,899931,2304795,861466,12331,912885
746911,748381,Refulgent Arrow,53308.0,1335543,1334047,5277826,18696,727802,1771027,2296039,260778,1736705,1465533,3611826,899931,2304795,861466,12331,912885
708570,748500,Caustic Bite (dot),2484.0,1335543,1334047,5277826,18696,730286,1771027,2296039,260778,1736705,1465533,3611826,899931,2304795,861466,12331,912885
708570,748500,Stormbite (dot),3106.0,1335543,1334047,5277826,18696,730286,1771027,2296039,260778,1736705,1465533,3611826,899931,2304795,861466,12331,915991
746911,748501,Refulgent Arrow,53308.0,1335543,1334047,5277826,18696,730286,1771027,2296039,260778,1736705,1465533,3665134,899931,2304795,861466,12331,915991
747840,748598,Shot,10985.0,1335543,1334047,5277826,18696,730286,1771027,2296039,260778,1736705,1465533,3665134,899931,2315780,861466,12331,915991
746911,748621,Refulgent Arrow,53308.0,1335543,1334047,5277826,18696,730286,1771027,2296039,260778,1736705,1465533,3718442,899931,2315780,861466,12331,915991
750021,750821,Pitch Perfect,16019.0,1335543,1334047,5277826,18696,730286,1771027,2296039,260778,1752724,1465533,3718442,899931,2315780,861466,12331,915991
749401,750871,Refulgent Arrow,9992.0,1335543,1334047,5277826,18696,730286,1771027,2296039,260778,1752724,1465533,3728434,899931,2315780,861466,12331,915991
749401,750871,Burst Shot,21830.0,1335543,1334047,5299656,18696,730286,1771027,2296039,260778,1752724,1465533,3728434,899931,2315780,861466,12331,915991
708570,751500,Stormbite (dot),3106.0,1335543,1334047,5299656,18696,730286,1771027,2296039,260778,1752724,1465533,3728434,899931,2315780,861466,12331,919097
708570,751500,Caustic Bite (dot),2484.0,1335543,1334047,5299656,18696,732770,1771027,2296039,260778,1752724,1465533,3728434,899931,2315780,861466,12331,919097
750880,751638,Shot,9097.0,1335543,1334047,5299656,18696,732770,1771027,2296039,260778,1752724,1465533,3728434,899931,2324877,861466,12331,919097
750021,751671,Heartbreak Shot,8161.0,1335543,1334047,5299656,18696,732770,1771027,2304200,260778,1752724,1465533,3728434,899931,2324877,861466,12331,919097
750671,752321,Heartbreak Shot,4070.0,1335543,1334047,5299656,18696,732770,1771027,2308270,260778,1752724,1465533,3728434,899931,2324877,861466,12331,919097
752511,753311,Pitch Perfect,7886.0,1335543,1334047,5299656,18696,732770,1771027,2308270,260778,1760610,1465533,3728434,899931,2324877,861466,12331,919097
752511,753311,Pitch Perfect,4489.0,1335543,1334047,5299656,18696,732770,1771027,2308270,260778,1765099,1465533,3728434,899931,2324877,861466,12331,919097
752511,753311,Pitch Perfect,15694.0,1335543,1334047,5299656,18696,732770,1771027,2308270,260778,1780793,1465533,3728434,899931,2324877,861466,12331,919097
751891,753361,Burst Shot,21871.0,1335543,1334047,5321527,18696,732770,1771027,2308270,260778,1780793,1465533,3728434,899931,2324877,861466,12331,919097
751891,753361,Refulgent Arrow,9939.0,1335543,1334047,5321527,18696,732770,1771027,2308270,260778,1780793,1465533,3738373,899931,2324877,861466,12331,919097
