sim_timestamp,sim_damage_timestamp,sim_name,sim_expected,Auto,Chaotic Spring,Chaotic Spring (dot),Dragonfire Dive,Drakesbane,Fang and Claw,Geirskogul,Heavens' Thrust,High Jump,Lance Barrage,Mirage Dive,Nastrond,Piercing Talon,Raiden Thrust,Rise of the Dragon,Spiral Blow,Starcross,Stardiver,True Thrust,Wheeling Thrust,Wyrmwind Thrust
0,760,True Thrust,23719.0,0,0,0,0,0,0,0,0,0,0,0,0,0,0,0,0,0,0,23719,0,0
760,1292,Auto,8653.0,8653,0,0,0,0,0,0,0,0,0,0,0,0,0,0,0,0,0,23719,0,0
2500,3880,Spiral Blow,30938.0,8653,0,0,0,0,0,0,0,0,0,0,0,0,0,0,30938,0,0,23719,0,0
3560,4092,Auto,9993.0,18646,0,0,0,0,0,0,0,0,0,0,0,0,0,0,30938,0,0,23719,0,0
5000,5850,Piercing Talon,45113.0,18646,0,0,0,0,0,0,0,0,0,0,0,45113,0,0,30938,0,0,23719,0,0
6360,6892,Auto,11395.0,30041,0,0,0,0,0,0,0,0,0,0,0,45113,0,0,30938,0,0,23719,0,0
6860,7530,Geirskogul,38018.0,30041,0,0,0,0,0,38018,0,0,0,0,0,45113,0,0,30938,0,0,23719,0,0
7500,7950,Chaotic Spring,58402.0,30041,58402,0,0,0,0,38018,0,0,0,0,0,45113,0,0,30938,0,0,23719,0,0
8119,8609,High Jump,68707.0,30041,58402,0,0,0,0,38018,0,68707,0,0,0,45113,0,0,30938,0,0,23719,0,0
9160,9692,Auto,14415.0,44456,58402,0,0,0,0,38018,0,68707,0,0,0,45113,0,0,30938,0,0,23719,0,0
8920,9720,Mirage Dive,65271.0,44456,58402,0,0,0,0,38018,0,68707,0,65271,0,45113,0,0,30938,0,0,23719,0,0
7500,10500,Chaotic Spring (dot),7724.0,44456,58402,7724,0,0,0,38018,0,68707,0,65271,0,45113,0,0,30938,0,0,23719,0,0
10000,10620,Wheeling Thrust,58402.0,44456,58402,7724,0,0,0,38018,0,68707,0,65271,0,45113,0,0,30938,0,0,23719,58402,0
10620,11420,Dragonfire Dive,85885.0,44456,58402,7724,85885,0,0,38018,0,68707,0,65271,0,45113,0,0,30938,0,0,23719,58402,0
11960,12492,Auto,14415.0,58871,58402,7724,85885,0,0,38018,0,68707,0,65271,0,45113,0,0,30938,0,0,23719,58402,0
12500,13120,Drakesbane,110472.0,58871,58402,7724,85885,110472,0,38018,0,68707,0,65271,0,45113,0,0,30938,0,0,23719,58402,0
7500,13500,Chaotic Spring (dot),7724.0,58871,58402,15448,85885,110472,0,38018,0,68707,0,65271,0,45113,0,0,30938,0,0,23719,58402,0
13120,14280,Rise of the Dragon,94477.0,58871,58402,15448,85885,110472,0,38018,0,68707,0,65271,0,45113,0,94477,30938,0,0,23719,58402,0
13740,14500,Nastrond,123676.0,58871,58402,15448,85885,110472,0,38018,0,68707,0,65271,123676,45113,0,94477,30938,0,0,23719,58402,0
14760,15292,Auto,14415.0,73286,58402,15448,85885,110472,0,38018,0,68707,0,65271,123676,45113,0,94477,30938,0,0,23719,58402,0
15000,15620,Raiden Thrust,54965.0,73286,58402,15448,85885,110472,0,38018,0,68707,0,65271,123676,45113,54965,94477,30938,0,0,23719,58402,0
7500,16500,Chaotic Spring (dot),7724.0,73286,58402,23172,85885,110472,0,38018,0,68707,0,65271,123676,45113,54965,94477,30938,0,0,23719,58402,0
15620,16910,Stardiver,144292.0,73286,58402,23172,85885,110472,0,38018,0,68707,0,65271,123676,45113,54965,94477,30938,0,144292,23719,58402,0
17560,18092,Auto,14415.0,87701,58402,23172,85885,110472,0,38018,0,68707,0,65271,123676,45113,54965,94477,30938,0,144292,23719,58402,0
17500,18440,Lance Barrage,58402.0,87701,58402,23172,85885,110472,0,38018,0,68707,58402,65271,123676,45113,54965,94477,30938,0,144292,23719,58402,0
18120,19100,Starcross,120245.0,87701,58402,23172,85885,110472,0,38018,0,68707,58402,65271,123676,45113,54965,94477,30938,120245,144292,23719,58402,0
7500,19500,Chaotic Spring (dot),7724.0,87701,58402,30896,85885,110472,0,38018,0,68707,58402,65271,123676,45113,54965,94477,30938,120245,144292,23719,58402,0
20000,20710,Heavens' Thrust,110472.0,87701,58402,30896,85885,110472,0,38018,110472,68707,58402,65271,123676,45113,54965,94477,30938,120245,144292,23719,58402,0
20360,20892,Auto,14415.0,102116,58402,30896,85885,110472,0,38018,110472,68707,58402,65271,123676,45113,54965,94477,30938,120245,144292,23719,58402,0
7500,22500,Chaotic Spring (dot),7724.0,102116,58402,38620,85885,110472,0,38018,110472,68707,58402,65271,123676,45113,54965,94477,30938,120245,144292,23719,58402,0
22500,23120,Fang and Claw,58402.0,102116,58402,38620,85885,110472,58402,38018,110472,68707,58402,65271,123676,45113,54965,94477,30938,120245,144292,23719,58402,0
23160,23692,Auto,14415.0,116531,58402,38620,85885,110472,58402,38018,110472,68707,58402,65271,123676,45113,54965,94477,30938,120245,144292,23719,58402,0
7500,25500,Chaotic Spring (dot),7724.0,116531,58402,46344,85885,110472,58402,38018,110472,68707,58402,65271,123676,45113,54965,94477,30938,120245,144292,23719,58402,0
25001,25621,Drakesbane,75252.0,116531,58402,46344,85885,185724,58402,38018,110472,68707,58402,65271,123676,45113,54965,94477,30938,120245,144292,23719,58402,0
25960,26492,Auto,13729.0,130260,58402,46344,85885,185724,58402,38018,110472,68707,58402,65271,123676,45113,54965,94477,30938,120245,144292,23719,58402,0
27501,28121,Raiden Thrust,39279.0,130260,58402,46344,85885,185724,58402,38018,110472,68707,58402,65271,123676,45113,94244,94477,30938,120245,144292,23719,58402,0
7500,28500,Chaotic Spring (dot),7724.0,130260,58402,54068,85885,185724,58402,38018,110472,68707,58402,65271,123676,45113,94244,94477,30938,120245,144292,23719,58402,0
28760,29292,Auto,10301.0,140561,58402,54068,85885,185724,58402,38018,110472,68707,58402,65271,123676,45113,94244,94477,30938,120245,144292,23719,58402,0
28121,29321,Wyrmwind Thrust,54011.0,140561,58402,54068,85885,185724,58402,38018,110472,68707,58402,65271,123676,45113,94244,94477,30938,120245,144292,23719,58402,54011
30001,31381,Spiral Blow,36824.0,140561,58402,54068,85885,185724,58402,38018,110472,68707,58402,65271,123676,45113,94244,94477,67762,120245,144292,23719,58402,54011
7500,31500,Chaotic Spring (dot),7724.0,140561,58402,61792,85885,185724,58402,38018,110472,68707,58402,65271,123676,45113,94244,94477,67762,120245,144292,23719,58402,54011
31560,32092,Auto,10301.0,150862,58402,61792,85885,185724,58402,38018,110472,68707,58402,65271,123676,45113,94244,94477,67762,120245,144292,23719,58402,54011
32500,32950,Chaotic Spring,41736.0,150862,100138,61792,85885,185724,58402,38018,110472,68707,58402,65271,123676,45113,94244,94477,67762,120245,144292,23719,58402,54011
32500,34500,Chaotic Spring (dot),5520.0,150862,100138,67312,85885,185724,58402,38018,110472,68707,58402,65271,123676,45113,94244,94477,67762,120245,144292,23719,58402,54011
34360,34892,Auto,10301.0,161163,100138,67312,85885,185724,58402,38018,110472,68707,58402,65271,123676,45113,94244,94477,67762,120245,144292,23719,58402,54011
35001,35621,Wheeling Thrust,38570.0,161163,100138,67312,85885,185724,58402,38018,110472,68707,58402,65271,123676,45113,94244,94477,67762,120245,144292,23719,96972,54011
32500,37500,Chaotic Spring (dot),5520.0,161163,100138,72832,85885,185724,58402,38018,110472,68707,58402,65271,123676,45113,94244,94477,67762,120245,144292,23719,96972,54011
37160,37692,Auto,9517.0,170680,100138,72832,85885,185724,58402,38018,110472,68707,58402,65271,123676,45113,94244,94477,67762,120245,144292,23719,96972,54011
37501,38121,Drakesbane,52183.0,170680,100138,72832,85885,237907,58402,38018,110472,68707,58402,65271,123676,45113,94244,94477,67762,120245,144292,23719,96972,54011
38121,38611,High Jump,45378.0,170680,100138,72832,85885,237907,58402,38018,110472,114085,58402,65271,123676,45113,94244,94477,67762,120245,144292,23719,96972,54011
38921,39721,Mirage Dive,43107.0,170680,100138,72832,85885,237907,58402,38018,110472,114085,58402,108378,123676,45113,94244,94477,67762,120245,144292,23719,96972,54011
39960,40492,Auto,9517.0,180197,100138,72832,85885,237907,58402,38018,110472,114085,58402,108378,123676,45113,94244,94477,67762,120245,144292,23719,96972,54011
32500,40500,Chaotic Spring (dot),5520.0,180197,100138,78352,85885,237907,58402,38018,110472,114085,58402,108378,123676,45113,94244,94477,67762,120245,144292,23719,96972,54011
40001,40621,Raiden Thrust,36300.0,180197,100138,78352,85885,237907,58402,38018,110472,114085,58402,108378,123676,45113,130544,94477,67762,120245,144292,23719,96972,54011
42760,43292,Auto,9517.0,189714,100138,78352,85885,237907,58402,38018,110472,114085,58402,108378,123676,45113,130544,94477,67762,120245,144292,23719,96972,54011
42501,43441,Lance Barrage,38570.0,189714,100138,78352,85885,237907,58402,38018,110472,114085,96972,108378,123676,45113,130544,94477,67762,120245,144292,23719,96972,54011
32500,43500,Chaotic Spring (dot),5520.0,189714,100138,83872,85885,237907,58402,38018,110472,114085,96972,108378,123676,45113,130544,94477,67762,120245,144292,23719,96972,54011
45001,45711,Heavens' Thrust,52183.0,189714,100138,83872,85885,237907,58402,38018,162655,114085,96972,108378,123676,45113,130544,94477,67762,120245,144292,23719,96972,54011
45560,46092,Auto,9517.0,199231,100138,83872,85885,237907,58402,38018,162655,114085,96972,108378,123676,45113,130544,94477,67762,120245,144292,23719,96972,54011
32500,46500,Chaotic Spring (dot),5520.0,199231,100138,89392,85885,237907,58402,38018,162655,114085,96972,108378,123676,45113,130544,94477,67762,120245,144292,23719,96972,54011
47501,48121,Fang and Claw,38570.0,199231,100138,89392,85885,237907,96972,38018,162655,114085,96972,108378,123676,45113,130544,94477,67762,120245,144292,23719,96972,54011
48360,48892,Auto,9517.0,208748,100138,89392,85885,237907,96972,38018,162655,114085,96972,108378,123676,45113,130544,94477,67762,120245,144292,23719,96972,54011
32500,49500,Chaotic Spring (dot),5520.0,208748,100138,94912,85885,237907,96972,38018,162655,114085,96972,108378,123676,45113,130544,94477,67762,120245,144292,23719,96972,54011
50001,50621,Drakesbane,52183.0,208748,100138,94912,85885,290090,96972,38018,162655,114085,96972,108378,123676,45113,130544,94477,67762,120245,144292,23719,96972,54011
51160,51692,Auto,9517.0,218265,100138,94912,85885,290090,96972,38018,162655,114085,96972,108378,123676,45113,130544,94477,67762,120245,144292,23719,96972,54011
32500,52500,Chaotic Spring (dot),5520.0,218265,100138,100432,85885,290090,96972,38018,162655,114085,96972,108378,123676,45113,130544,94477,67762,120245,144292,23719,96972,54011
52501,53121,Raiden Thrust,36300.0,218265,100138,100432,85885,290090,96972,38018,162655,114085,96972,108378,123676,45113,166844,94477,67762,120245,144292,23719,96972,54011
53960,54492,Auto,9517.0,227782,100138,100432,85885,290090,96972,38018,162655,114085,96972,108378,123676,45113,166844,94477,67762,120245,144292,23719,96972,54011
32500,55500,Chaotic Spring (dot),5520.0,227782,100138,105952,85885,290090,96972,38018,162655,114085,96972,108378,123676,45113,166844,94477,67762,120245,144292,23719,96972,54011
55001,56381,Spiral Blow,34032.0,227782,100138,105952,85885,290090,96972,38018,162655,114085,96972,108378,123676,45113,166844,94477,101794,120245,144292,23719,96972,54011
56760,57292,Auto,9517.0,237299,100138,105952,85885,290090,96972,38018,162655,114085,96972,108378,123676,45113,166844,94477,101794,120245,144292,23719,96972,54011
57501,57951,Chaotic Spring,38570.0,237299,138708,105952,85885,290090,96972,38018,162655,114085,96972,108378,123676,45113,166844,94477,101794,120245,144292,23719,96972,54011
57501,58500,Chaotic Spring (dot),5102.0,237299,138708,111054,85885,290090,96972,38018,162655,114085,96972,108378,123676,45113,166844,94477,101794,120245,144292,23719,96972,54011
59560,60092,Auto,9517.0,246816,138708,111054,85885,290090,96972,38018,162655,114085,96972,108378,123676,45113,166844,94477,101794,120245,144292,23719,96972,54011
60001,60621,Wheeling Thrust,38570.0,246816,138708,111054,85885,290090,96972,38018,162655,114085,96972,108378,123676,45113,166844,94477,101794,120245,144292,23719,135542,54011
57501,61500,Chaotic Spring (dot),5102.0,246816,138708,116156,85885,290090,96972,38018,162655,114085,96972,108378,123676,45113,166844,94477,101794,120245,144292,23719,135542,54011
62360,62892,Auto,9517.0,256333,138708,116156,85885,290090,96972,38018,162655,114085,96972,108378,123676,45113,166844,94477,101794,120245,144292,23719,135542,54011
62501,63121,Drakesbane,52183.0,256333,138708,116156,85885,342273,96972,38018,162655,114085,96972,108378,123676,45113,166844,94477,101794,120245,144292,23719,135542,54011
63121,64321,Wyrmwind Thrust,49915.0,256333,138708,116156,85885,342273,96972,38018,162655,114085,96972,108378,123676,45113,166844,94477,101794,120245,144292,23719,135542,103926
57501,64500,Chaotic Spring (dot),5102.0,256333,138708,121258,85885,342273,96972,38018,162655,114085,96972,108378,123676,45113,166844,94477,101794,120245,144292,23719,135542,103926
65001,65621,Raiden Thrust,36300.0,256333,138708,121258,85885,342273,96972,38018,162655,114085,96972,108378,123676,45113,203144,94477,101794,120245,144292,23719,135542,103926
65160,65692,Auto,9517.0,265850,138708,121258,85885,342273,96972,38018,162655,114085,96972,108378,123676,45113,203144,94477,101794,120245,144292,23719,135542,103926
57501,67500,Chaotic Spring (dot),5102.0,265850,138708,126360,85885,342273,96972,38018,162655,114085,96972,108378,123676,45113,203144,94477,101794,120245,144292,23719,135542,103926
66860,67530,Geirskogul,31761.0,265850,138708,126360,85885,342273,96972,69779,162655,114085,96972,108378,123676,45113,203144,94477,101794,120245,144292,23719,135542,103926
67501,68441,Lance Barrage,48791.0,265850,138708,126360,85885,342273,96972,69779,162655,114085,145763,108378,123676,45113,203144,94477,101794,120245,144292,23719,135542,103926
67960,68492,Auto,12040.0,277890,138708,126360,85885,342273,96972,69779,162655,114085,145763,108378,123676,45113,203144,94477,101794,120245,144292,23719,135542,103926
68121,68611,High Jump,57404.0,277890,138708,126360,85885,342273,96972,69779,162655,171489,145763,108378,123676,45113,203144,94477,101794,120245,144292,23719,135542,103926
57501,70500,Chaotic Spring (dot),5102.0,277890,138708,131462,85885,342273,96972,69779,162655,171489,145763,108378,123676,45113,203144,94477,101794,120245,144292,23719,135542,103926
70001,70711,Heavens' Thrust,66011.0,277890,138708,131462,85885,342273,96972,69779,228666,171489,145763,108378,123676,45113,203144,94477,101794,120245,144292,23719,135542,103926
70760,71292,Auto,12040.0,289930,138708,131462,85885,342273,96972,69779,228666,171489,145763,108378,123676,45113,203144,94477,101794,120245,144292,23719,135542,103926
70621,71421,Mirage Dive,54530.0,289930,138708,131462,85885,342273,96972,69779,228666,171489,145763,162908,123676,45113,203144,94477,101794,120245,144292,23719,135542,103926
72501,73121,Fang and Claw,48791.0,289930,138708,131462,85885,342273,145763,69779,228666,171489,145763,162908,123676,45113,203144,94477,101794,120245,144292,23719,135542,103926
57501,73500,Chaotic Spring (dot),5102.0,289930,138708,136564,85885,342273,145763,69779,228666,171489,145763,162908,123676,45113,203144,94477,101794,120245,144292,23719,135542,103926
73560,74092,Auto,12040.0,301970,138708,136564,85885,342273,145763,69779,228666,171489,145763,162908,123676,45113,203144,94477,101794,120245,144292,23719,135542,103926
73741,74501,Nastrond,103326.0,301970,138708,136564,85885,342273,145763,69779,228666,171489,145763,162908,227002,45113,203144,94477,101794,120245,144292,23719,135542,103926
75002,75622,Drakesbane,91479.0,301970,138708,136564,85885,433752,145763,69779,228666,171489,145763,162908,227002,45113,203144,94477,101794,120245,144292,23719,135542,103926
57501,76500,Chaotic Spring (dot),5102.0,301970,138708,141666,85885,433752,145763,69779,228666,171489,145763,162908,227002,45113,203144,94477,101794,120245,144292,23719,135542,103926
76360,76892,Auto,12040.0,314010,138708,141666,85885,433752,145763,69779,228666,171489,145763,162908,227002,45113,203144,94477,101794,120245,144292,23719,135542,103926
75622,76912,Stardiver,120549.0,314010,138708,141666,85885,433752,145763,69779,228666,171489,145763,162908,227002,45113,203144,94477,101794,120245,264841,23719,135542,103926
77502,78122,Raiden Thrust,45920.0,314010,138708,141666,85885,433752,145763,69779,228666,171489,145763,162908,227002,45113,249064,94477,101794,120245,264841,23719,135542,103926
78122,79322,Wyrmwind Thrust,63143.0,314010,138708,141666,85885,433752,145763,69779,228666,171489,145763,162908,227002,45113,249064,94477,101794,120245,264841,23719,135542,167069
57501,79500,Chaotic Spring (dot),5102.0,314010,138708,146768,85885,433752,145763,69779,228666,171489,145763,162908,227002,45113,249064,94477,101794,120245,264841,23719,135542,167069
79160,79692,Auto,12040.0,326050,138708,146768,85885,433752,145763,69779,228666,171489,145763,162908,227002,45113,249064,94477,101794,120245,264841,23719,135542,167069
80002,81382,Spiral Blow,43050.0,326050,138708,146768,85885,433752,145763,69779,228666,171489,145763,162908,227002,45113,249064,94477,144844,120245,264841,23719,135542,167069
81960,82492,Auto,12040.0,338090,138708,146768,85885,433752,145763,69779,228666,171489,145763,162908,227002,45113,249064,94477,144844,120245,264841,23719,135542,167069
82502,82952,Chaotic Spring,48791.0,338090,187499,146768,85885,433752,145763,69779,228666,171489,145763,162908,227002,45113,249064,94477,144844,120245,264841,23719,135542,167069
83122,84102,Starcross,100459.0,338090,187499,146768,85885,433752,145763,69779,228666,171489,145763,162908,227002,45113,249064,94477,144844,220704,264841,23719,135542,167069
84760,85292,Auto,12040.0,350130,187499,146768,85885,433752,145763,69779,228666,171489,145763,162908,227002,45113,249064,94477,144844,220704,264841,23719,135542,167069
82502,85500,Chaotic Spring (dot),6454.0,350130,187499,153222,85885,433752,145763,69779,228666,171489,145763,162908,227002,45113,249064,94477,144844,220704,264841,23719,135542,167069
85002,85622,Wheeling Thrust,48791.0,350130,187499,153222,85885,433752,145763,69779,228666,171489,145763,162908,227002,45113,249064,94477,144844,220704,264841,23719,184333,167069
87560,88092,Auto,9517.0,359647,187499,153222,85885,433752,145763,69779,228666,171489,145763,162908,227002,45113,249064,94477,144844,220704,264841,23719,184333,167069
87502,88122,Drakesbane,52183.0,359647,187499,153222,85885,485935,145763,69779,228666,171489,145763,162908,227002,45113,249064,94477,144844,220704,264841,23719,184333,167069
82502,88500,Chaotic Spring (dot),6454.0,359647,187499,159676,85885,485935,145763,69779,228666,171489,145763,162908,227002,45113,249064,94477,144844,220704,264841,23719,184333,167069
90002,90622,Raiden Thrust,36300.0,359647,187499,159676,85885,485935,145763,69779,228666,171489,145763,162908,227002,45113,285364,94477,144844,220704,264841,23719,184333,167069
90360,90892,Auto,9517.0,369164,187499,159676,85885,485935,145763,69779,228666,171489,145763,162908,227002,45113,285364,94477,144844,220704,264841,23719,184333,167069
82502,91500,Chaotic Spring (dot),6454.0,369164,187499,166130,85885,485935,145763,69779,228666,171489,145763,162908,227002,45113,285364,94477,144844,220704,264841,23719,184333,167069
92502,93442,Lance Barrage,38570.0,369164,187499,166130,85885,485935,145763,69779,228666,171489,184333,162908,227002,45113,285364,94477,144844,220704,264841,23719,184333,167069
93160,93692,Auto,9517.0,378681,187499,166130,85885,485935,145763,69779,228666,171489,184333,162908,227002,45113,285364,94477,144844,220704,264841,23719,184333,167069
82502,94500,Chaotic Spring (dot),6454.0,378681,187499,172584,85885,485935,145763,69779,228666,171489,184333,162908,227002,45113,285364,94477,144844,220704,264841,23719,184333,167069
95002,95712,Heavens' Thrust,52183.0,378681,187499,172584,85885,485935,145763,69779,280849,171489,184333,162908,227002,45113,285364,94477,144844,220704,264841,23719,184333,167069
95960,96492,Auto,9517.0,388198,187499,172584,85885,485935,145763,69779,280849,171489,184333,162908,227002,45113,285364,94477,144844,220704,264841,23719,184333,167069
82502,97500,Chaotic Spring (dot),6454.0,388198,187499,179038,85885,485935,145763,69779,280849,171489,184333,162908,227002,45113,285364,94477,144844,220704,264841,23719,184333,167069
97502,98122,Fang and Claw,38570.0,388198,187499,179038,85885,485935,184333,69779,280849,171489,184333,162908,227002,45113,285364,94477,144844,220704,264841,23719,184333,167069
98760,99292,Auto,9517.0,397715,187499,179038,85885,485935,184333,69779,280849,171489,184333,162908,227002,45113,285364,94477,144844,220704,264841,23719,184333,167069
82502,100500,Chaotic Spring (dot),6454.0,397715,187499,185492,85885,485935,184333,69779,280849,171489,184333,162908,227002,45113,285364,94477,144844,220704,264841,23719,184333,167069
100002,100622,Drakesbane,52183.0,397715,187499,185492,85885,538118,184333,69779,280849,171489,184333,162908,227002,45113,285364,94477,144844,220704,264841,23719,184333,167069
100622,101112,High Jump,45378.0,397715,187499,185492,85885,538118,184333,69779,280849,216867,184333,162908,227002,45113,285364,94477,144844,220704,264841,23719,184333,167069
101560,102092,Auto,9517.0,407232,187499,185492,85885,538118,184333,69779,280849,216867,184333,162908,227002,45113,285364,94477,144844,220704,264841,23719,184333,167069
101422,102222,Mirage Dive,43107.0,407232,187499,185492,85885,538118,184333,69779,280849,216867,184333,206015,227002,45113,285364,94477,144844,220704,264841,23719,184333,167069
102502,103122,Raiden Thrust,36300.0,407232,187499,185492,85885,538118,184333,69779,280849,216867,184333,206015,227002,45113,321664,94477,144844,220704,264841,23719,184333,167069
82502,103500,Chaotic Spring (dot),6454.0,407232,187499,191946,85885,538118,184333,69779,280849,216867,184333,206015,227002,45113,321664,94477,144844,220704,264841,23719,184333,167069
103122,104322,Wyrmwind Thrust,49915.0,407232,187499,191946,85885,538118,184333,69779,280849,216867,184333,206015,227002,45113,321664,94477,144844,220704,264841,23719,184333,216984
104360,104892,Auto,9517.0,416749,187499,191946,85885,538118,184333,69779,280849,216867,184333,206015,227002,45113,321664,94477,144844,220704,264841,23719,184333,216984
105002,106382,Spiral Blow,34032.0,416749,187499,191946,85885,538118,184333,69779,280849,216867,184333,206015,227002,45113,321664,94477,178876,220704,264841,23719,184333,216984
82502,106500,Chaotic Spring (dot),6454.0,416749,187499,198400,85885,538118,184333,69779,280849,216867,184333,206015,227002,45113,321664,94477,178876,220704,264841,23719,184333,216984
107160,107692,Auto,9517.0,426266,187499,198400,85885,538118,184333,69779,280849,216867,184333,206015,227002,45113,321664,94477,178876,220704,264841,23719,184333,216984
107502,107952,Chaotic Spring,38570.0,426266,226069,198400,85885,538118,184333,69779,280849,216867,184333,206015,227002,45113,321664,94477,178876,220704,264841,23719,184333,216984
107502,109500,Chaotic Spring (dot),5102.0,426266,226069,203502,85885,538118,184333,69779,280849,216867,184333,206015,227002,45113,321664,94477,178876,220704,264841,23719,184333,216984
109960,110492,Auto,9517.0,435783,226069,203502,85885,538118,184333,69779,280849,216867,184333,206015,227002,45113,321664,94477,178876,220704,264841,23719,184333,216984
110002,110622,Wheeling Thrust,38570.0,435783,226069,203502,85885,538118,184333,69779,280849,216867,184333,206015,227002,45113,321664,94477,178876,220704,264841,23719,222903,216984
107502,112500,Chaotic Spring (dot),5102.0,435783,226069,208604,85885,538118,184333,69779,280849,216867,184333,206015,227002,45113,321664,94477,178876,220704,264841,23719,222903,216984
112502,113122,Drakesbane,52183.0,435783,226069,208604,85885,590301,184333,69779,280849,216867,184333,206015,227002,45113,321664,94477,178876,220704,264841,23719,222903,216984
112760,113292,Auto,9517.0,445300,226069,208604,85885,590301,184333,69779,280849,216867,184333,206015,227002,45113,321664,94477,178876,220704,264841,23719,222903,216984
107502,115500,Chaotic Spring (dot),5102.0,445300,226069,213706,85885,590301,184333,69779,280849,216867,184333,206015,227002,45113,321664,94477,178876,220704,264841,23719,222903,216984
115002,115622,Raiden Thrust,36300.0,445300,226069,213706,85885,590301,184333,69779,280849,216867,184333,206015,227002,45113,357964,94477,178876,220704,264841,23719,222903,216984
115560,116092,Auto,9517.0,454817,226069,213706,85885,590301,184333,69779,280849,216867,184333,206015,227002,45113,357964,94477,178876,220704,264841,23719,222903,216984
117502,118442,Lance Barrage,38570.0,454817,226069,213706,85885,590301,184333,69779,280849,216867,222903,206015,227002,45113,357964,94477,178876,220704,264841,23719,222903,216984
107502,118500,Chaotic Spring (dot),5102.0,454817,226069,218808,85885,590301,184333,69779,280849,216867,222903,206015,227002,45113,357964,94477,178876,220704,264841,23719,222903,216984
118360,118892,Auto,9517.0,464334,226069,218808,85885,590301,184333,69779,280849,216867,222903,206015,227002,45113,357964,94477,178876,220704,264841,23719,222903,216984
120002,120712,Heavens' Thrust,52183.0,464334,226069,218808,85885,590301,184333,69779,333032,216867,222903,206015,227002,45113,357964,94477,178876,220704,264841,23719,222903,216984
107502,121500,Chaotic Spring (dot),5102.0,464334,226069,223910,85885,590301,184333,69779,333032,216867,222903,206015,227002,45113,357964,94477,178876,220704,264841,23719,222903,216984
121160,121692,Auto,9517.0,473851,226069,223910,85885,590301,184333,69779,333032,216867,222903,206015,227002,45113,357964,94477,178876,220704,264841,23719,222903,216984
122502,123122,Fang and Claw,38570.0,473851,226069,223910,85885,590301,222903,69779,333032,216867,222903,206015,227002,45113,357964,94477,178876,220704,264841,23719,222903,216984
123960,124492,Auto,9517.0,483368,226069,223910,85885,590301,222903,69779,333032,216867,222903,206015,227002,45113,357964,94477,178876,220704,264841,23719,222903,216984
107502,124500,Chaotic Spring (dot),5102.0,483368,226069,229012,85885,590301,222903,69779,333032,216867,222903,206015,227002,45113,357964,94477,178876,220704,264841,23719,222903,216984
125003,125623,Drakesbane,52183.0,483368,226069,229012,85885,642484,222903,69779,333032,216867,222903,206015,227002,45113,357964,94477,178876,220704,264841,23719,222903,216984
126760,127292,Auto,10528.0,493896,226069,229012,85885,642484,222903,69779,333032,216867,222903,206015,227002,45113,357964,94477,178876,220704,264841,23719,222903,216984
107502,127500,Chaotic Spring (dot),5102.0,493896,226069,234114,85885,642484,222903,69779,333032,216867,222903,206015,227002,45113,357964,94477,178876,220704,264841,23719,222903,216984
126863,127533,Geirskogul,35133.0,493896,226069,234114,85885,642484,222903,104912,333032,216867,222903,206015,227002,45113,357964,94477,178876,220704,264841,23719,222903,216984
127503,128123,Raiden Thrust,50796.0,493896,226069,234114,85885,642484,222903,104912,333032,216867,222903,206015,227002,45113,408760,94477,178876,220704,264841,23719,222903,216984
128122,129322,Wyrmwind Thrust,69847.0,493896,226069,234114,85885,642484,222903,104912,333032,216867,222903,206015,227002,45113,408760,94477,178876,220704,264841,23719,222903,286831
128743,129503,Nastrond,114298.0,493896,226069,234114,85885,642484,222903,104912,333032,216867,222903,206015,341300,45113,408760,94477,178876,220704,264841,23719,222903,286831
129560,130092,Auto,13318.0,507214,226069,234114,85885,642484,222903,104912,333032,216867,222903,206015,341300,45113,408760,94477,178876,220704,264841,23719,222903,286831
107502,130500,Chaotic Spring (dot),5102.0,507214,226069,239216,85885,642484,222903,104912,333032,216867,222903,206015,341300,45113,408760,94477,178876,220704,264841,23719,222903,286831
130622,131112,High Jump,63499.0,507214,226069,239216,85885,642484,222903,104912,333032,280366,222903,206015,341300,45113,408760,94477,178876,220704,264841,23719,222903,286831
130002,131382,Spiral Blow,47621.0,507214,226069,239216,85885,642484,222903,104912,333032,280366,222903,206015,341300,45113,408760,94477,226497,220704,264841,23719,222903,286831
131423,132223,Dragonfire Dive,79375.0,507214,226069,239216,165260,642484,222903,104912,333032,280366,222903,206015,341300,45113,408760,94477,226497,220704,264841,23719,222903,286831
132360,132892,Auto,13318.0,520532,226069,239216,165260,642484,222903,104912,333032,280366,222903,206015,341300,45113,408760,94477,226497,220704,264841,23719,222903,286831
132503,132953,Chaotic Spring,53972.0,520532,280041,239216,165260,642484,222903,104912,333032,280366,222903,206015,341300,45113,408760,94477,226497,220704,264841,23719,222903,286831
132503,133500,Chaotic Spring (dot),7139.0,520532,280041,246355,165260,642484,222903,104912,333032,280366,222903,206015,341300,45113,408760,94477,226497,220704,264841,23719,222903,286831
133123,134283,Rise of the Dragon,87308.0,520532,280041,246355,165260,642484,222903,104912,333032,280366,222903,206015,341300,45113,408760,181785,226497,220704,264841,23719,222903,286831
133743,134543,Mirage Dive,60320.0,520532,280041,246355,165260,642484,222903,104912,333032,280366,222903,266335,341300,45113,408760,181785,226497,220704,264841,23719,222903,286831
135003,135623,Wheeling Thrust,53972.0,520532,280041,246355,165260,642484,222903,104912,333032,280366,222903,266335,341300,45113,408760,181785,226497,220704,264841,23719,276875,286831
135160,135692,Auto,13318.0,533850,280041,246355,165260,642484,222903,104912,333032,280366,222903,266335,341300,45113,408760,181785,226497,220704,264841,23719,276875,286831
132503,136500,Chaotic Spring (dot),7139.0,533850,280041,253494,165260,642484,222903,104912,333032,280366,222903,266335,341300,45113,408760,181785,226497,220704,264841,23719,276875,286831
137503,138123,Drakesbane,102095.0,533850,280041,253494,165260,744579,222903,104912,333032,280366,222903,266335,341300,45113,408760,181785,226497,220704,264841,23719,276875,286831
137960,138492,Auto,13318.0,547168,280041,253494,165260,744579,222903,104912,333032,280366,222903,266335,341300,45113,408760,181785,226497,220704,264841,23719,276875,286831
138123,139413,Stardiver,133349.0,547168,280041,253494,165260,744579,222903,104912,333032,280366,222903,266335,341300,45113,408760,181785,226497,220704,398190,23719,276875,286831
132503,139500,Chaotic Spring (dot),7139.0,547168,280041,260633,165260,744579,222903,104912,333032,280366,222903,266335,341300,45113,408760,181785,226497,220704,398190,23719,276875,286831
140003,140623,Raiden Thrust,50796.0,547168,280041,260633,165260,744579,222903,104912,333032,280366,222903,266335,341300,45113,459556,181785,226497,220704,398190,23719,276875,286831
140760,141292,Auto,13318.0,560486,280041,260633,165260,744579,222903,104912,333032,280366,222903,266335,341300,45113,459556,181785,226497,220704,398190,23719,276875,286831
132503,142500,Chaotic Spring (dot),7139.0,560486,280041,267772,165260,744579,222903,104912,333032,280366,222903,266335,341300,45113,459556,181785,226497,220704,398190,23719,276875,286831
142503,143443,Lance Barrage,53972.0,560486,280041,267772,165260,744579,222903,104912,333032,280366,276875,266335,341300,45113,459556,181785,226497,220704,398190,23719,276875,286831
143560,144092,Auto,13318.0,573804,280041,267772,165260,744579,222903,104912,333032,280366,276875,266335,341300,45113,459556,181785,226497,220704,398190,23719,276875,286831
143743,144723,Starcross,111127.0,573804,280041,267772,165260,744579,222903,104912,333032,280366,276875,266335,341300,45113,459556,181785,226497,331831,398190,23719,276875,286831
132503,145500,Chaotic Spring (dot),7139.0,573804,280041,274911,165260,744579,222903,104912,333032,280366,276875,266335,341300,45113,459556,181785,226497,331831,398190,23719,276875,286831
145003,145713,Heavens' Thrust,102095.0,573804,280041,274911,165260,744579,222903,104912,435127,280366,276875,266335,341300,45113,459556,181785,226497,331831,398190,23719,276875,286831
146360,146892,Auto,12642.0,586446,280041,274911,165260,744579,222903,104912,435127,280366,276875,266335,341300,45113,459556,181785,226497,331831,398190,23719,276875,286831
147503,148123,Fang and Claw,38570.0,586446,280041,274911,165260,744579,261473,104912,435127,280366,276875,266335,341300,45113,459556,181785,226497,331831,398190,23719,276875,286831
132503,148500,Chaotic Spring (dot),7139.0,586446,280041,282050,165260,744579,261473,104912,435127,280366,276875,266335,341300,45113,459556,181785,226497,331831,398190,23719,276875,286831
149160,149692,Auto,9517.0,595963,280041,282050,165260,744579,261473,104912,435127,280366,276875,266335,341300,45113,459556,181785,226497,331831,398190,23719,276875,286831
150003,150623,Drakesbane,52183.0,595963,280041,282050,165260,796762,261473,104912,435127,280366,276875,266335,341300,45113,459556,181785,226497,331831,398190,23719,276875,286831
132503,151500,Chaotic Spring (dot),7139.0,595963,280041,289189,165260,796762,261473,104912,435127,280366,276875,266335,341300,45113,459556,181785,226497,331831,398190,23719,276875,286831
151960,152492,Auto,9517.0,605480,280041,289189,165260,796762,261473,104912,435127,280366,276875,266335,341300,45113,459556,181785,226497,331831,398190,23719,276875,286831
152503,153123,Raiden Thrust,36300.0,605480,280041,289189,165260,796762,261473,104912,435127,280366,276875,266335,341300,45113,495856,181785,226497,331831,398190,23719,276875,286831
153123,154323,Wyrmwind Thrust,49915.0,605480,280041,289189,165260,796762,261473,104912,435127,280366,276875,266335,341300,45113,495856,181785,226497,331831,398190,23719,276875,336746
132503,154500,Chaotic Spring (dot),7139.0,605480,280041,296328,165260,796762,261473,104912,435127,280366,276875,266335,341300,45113,495856,181785,226497,331831,398190,23719,276875,336746
154760,155292,Auto,9517.0,614997,280041,296328,165260,796762,261473,104912,435127,280366,276875,266335,341300,45113,495856,181785,226497,331831,398190,23719,276875,336746
155003,156383,Spiral Blow,34032.0,614997,280041,296328,165260,796762,261473,104912,435127,280366,276875,266335,341300,45113,495856,181785,260529,331831,398190,23719,276875,336746
157503,157953,Chaotic Spring,38570.0,614997,318611,296328,165260,796762,261473,104912,435127,280366,276875,266335,341300,45113,495856,181785,260529,331831,398190,23719,276875,336746
157560,158092,Auto,9517.0,624514,318611,296328,165260,796762,261473,104912,435127,280366,276875,266335,341300,45113,495856,181785,260529,331831,398190,23719,276875,336746
157503,160500,Chaotic Spring (dot),5102.0,624514,318611,301430,165260,796762,261473,104912,435127,280366,276875,266335,341300,45113,495856,181785,260529,331831,398190,23719,276875,336746
160003,160623,Wheeling Thrust,38570.0,624514,318611,301430,165260,796762,261473,104912,435127,280366,276875,266335,341300,45113,495856,181785,260529,331831,398190,23719,315445,336746
160360,160892,Auto,9517.0,634031,318611,301430,165260,796762,261473,104912,435127,280366,276875,266335,341300,45113,495856,181785,260529,331831,398190,23719,315445,336746
160623,161113,High Jump,45378.0,634031,318611,301430,165260,796762,261473,104912,435127,325744,276875,266335,341300,45113,495856,181785,260529,331831,398190,23719,315445,336746
161423,162223,Mirage Dive,43107.0,634031,318611,301430,165260,796762,261473,104912,435127,325744,276875,309442,341300,45113,495856,181785,260529,331831,398190,23719,315445,336746
162503,163123,Drakesbane,52183.0,634031,318611,301430,165260,848945,261473,104912,435127,325744,276875,309442,341300,45113,495856,181785,260529,331831,398190,23719,315445,336746
157503,163500,Chaotic Spring (dot),5102.0,634031,318611,306532,165260,848945,261473,104912,435127,325744,276875,309442,341300,45113,495856,181785,260529,331831,398190,23719,315445,336746
163160,163692,Auto,9517.0,643548,318611,306532,165260,848945,261473,104912,435127,325744,276875,309442,341300,45113,495856,181785,260529,331831,398190,23719,315445,336746
165003,165623,Raiden Thrust,36300.0,643548,318611,306532,165260,848945,261473,104912,435127,325744,276875,309442,341300,45113,532156,181785,260529,331831,398190,23719,315445,336746
165960,166492,Auto,9517.0,653065,318611,306532,165260,848945,261473,104912,435127,325744,276875,309442,341300,45113,532156,181785,260529,331831,398190,23719,315445,336746
157503,166500,Chaotic Spring (dot),5102.0,653065,318611,311634,165260,848945,261473,104912,435127,325744,276875,309442,341300,45113,532156,181785,260529,331831,398190,23719,315445,336746
167503,168443,Lance Barrage,38570.0,653065,318611,311634,165260,848945,261473,104912,435127,325744,315445,309442,341300,45113,532156,181785,260529,331831,398190,23719,315445,336746
168760,169292,Auto,9517.0,662582,318611,311634,165260,848945,261473,104912,435127,325744,315445,309442,341300,45113,532156,181785,260529,331831,398190,23719,315445,336746
157503,169500,Chaotic Spring (dot),5102.0,662582,318611,316736,165260,848945,261473,104912,435127,325744,315445,309442,341300,45113,532156,181785,260529,331831,398190,23719,315445,336746
170003,170713,Heavens' Thrust,52183.0,662582,318611,316736,165260,848945,261473,104912,487310,325744,315445,309442,341300,45113,532156,181785,260529,331831,398190,23719,315445,336746
171560,172092,Auto,9517.0,672099,318611,316736,165260,848945,261473,104912,487310,325744,315445,309442,341300,45113,532156,181785,260529,331831,398190,23719,315445,336746
157503,172500,Chaotic Spring (dot),5102.0,672099,318611,321838,165260,848945,261473,104912,487310,325744,315445,309442,341300,45113,532156,181785,260529,331831,398190,23719,315445,336746
172503,173123,Fang and Claw,38570.0,672099,318611,321838,165260,848945,300043,104912,487310,325744,315445,309442,341300,45113,532156,181785,260529,331831,398190,23719,315445,336746
174360,174892,Auto,9517.0,681616,318611,321838,165260,848945,300043,104912,487310,325744,315445,309442,341300,45113,532156,181785,260529,331831,398190,23719,315445,336746
157503,175500,Chaotic Spring (dot),5102.0,681616,318611,326940,165260,848945,300043,104912,487310,325744,315445,309442,341300,45113,532156,181785,260529,331831,398190,23719,315445,336746
175004,175624,Drakesbane,52183.0,681616,318611,326940,165260,901128,300043,104912,487310,325744,315445,309442,341300,45113,532156,181785,260529,331831,398190,23719,315445,336746
177160,177692,Auto,9517.0,691133,318611,326940,165260,901128,300043,104912,487310,325744,315445,309442,341300,45113,532156,181785,260529,331831,398190,23719,315445,336746
177504,178124,Raiden Thrust,36300.0,691133,318611,326940,165260,901128,300043,104912,487310,325744,315445,309442,341300,45113,568456,181785,260529,331831,398190,23719,315445,336746
157503,178500,Chaotic Spring (dot),5102.0,691133,318611,332042,165260,901128,300043,104912,487310,325744,315445,309442,341300,45113,568456,181785,260529,331831,398190,23719,315445,336746
179960,180492,Auto,9517.0,700650,318611,332042,165260,901128,300043,104912,487310,325744,315445,309442,341300,45113,568456,181785,260529,331831,398190,23719,315445,336746
180004,181384,Spiral Blow,34032.0,700650,318611,332042,165260,901128,300043,104912,487310,325744,315445,309442,341300,45113,568456,181785,294561,331831,398190,23719,315445,336746
157503,181500,Chaotic Spring (dot),5102.0,700650,318611,337144,165260,901128,300043,104912,487310,325744,315445,309442,341300,45113,568456,181785,294561,331831,398190,23719,315445,336746
182504,182954,Chaotic Spring,38570.0,700650,357181,337144,165260,901128,300043,104912,487310,325744,315445,309442,341300,45113,568456,181785,294561,331831,398190,23719,315445,336746
182760,183292,Auto,9517.0,710167,357181,337144,165260,901128,300043,104912,487310,325744,315445,309442,341300,45113,568456,181785,294561,331831,398190,23719,315445,336746
182504,184500,Chaotic Spring (dot),5102.0,710167,357181,342246,165260,901128,300043,104912,487310,325744,315445,309442,341300,45113,568456,181785,294561,331831,398190,23719,315445,336746
185004,185624,Wheeling Thrust,38570.0,710167,357181,342246,165260,901128,300043,104912,487310,325744,315445,309442,341300,45113,568456,181785,294561,331831,398190,23719,354015,336746
185560,186092,Auto,9517.0,719684,357181,342246,165260,901128,300043,104912,487310,325744,315445,309442,341300,45113,568456,181785,294561,331831,398190,23719,354015,336746
182504,187500,Chaotic Spring (dot),5102.0,719684,357181,347348,165260,901128,300043,104912,487310,325744,315445,309442,341300,45113,568456,181785,294561,331831,398190,23719,354015,336746
186863,187533,Geirskogul,31761.0,719684,357181,347348,165260,901128,300043,136673,487310,325744,315445,309442,341300,45113,568456,181785,294561,331831,398190,23719,354015,336746
187504,188124,Drakesbane,66011.0,719684,357181,347348,165260,967139,300043,136673,487310,325744,315445,309442,341300,45113,568456,181785,294561,331831,398190,23719,354015,336746
188360,188892,Auto,12040.0,731724,357181,347348,165260,967139,300043,136673,487310,325744,315445,309442,341300,45113,568456,181785,294561,331831,398190,23719,354015,336746
188124,189324,Wyrmwind Thrust,63143.0,731724,357181,347348,165260,967139,300043,136673,487310,325744,315445,309442,341300,45113,568456,181785,294561,331831,398190,23719,354015,399889
188744,189504,Nastrond,103326.0,731724,357181,347348,165260,967139,300043,136673,487310,325744,315445,309442,444626,45113,568456,181785,294561,331831,398190,23719,354015,399889
182504,190500,Chaotic Spring (dot),5102.0,731724,357181,352450,165260,967139,300043,136673,487310,325744,315445,309442,444626,45113,568456,181785,294561,331831,398190,23719,354015,399889
190004,190624,Raiden Thrust,45920.0,731724,357181,352450,165260,967139,300043,136673,487310,325744,315445,309442,444626,45113,614376,181785,294561,331831,398190,23719,354015,399889
190624,191114,High Jump,57404.0,731724,357181,352450,165260,967139,300043,136673,487310,383148,315445,309442,444626,45113,614376,181785,294561,331831,398190,23719,354015,399889
191160,191692,Auto,12040.0,743764,357181,352450,165260,967139,300043,136673,487310,383148,315445,309442,444626,45113,614376,181785,294561,331831,398190,23719,354015,399889
191424,192224,Mirage Dive,54530.0,743764,357181,352450,165260,967139,300043,136673,487310,383148,315445,363972,444626,45113,614376,181785,294561,331831,398190,23719,354015,399889
192504,193444,Lance Barrage,48791.0,743764,357181,352450,165260,967139,300043,136673,487310,383148,364236,363972,444626,45113,614376,181785,294561,331831,398190,23719,354015,399889
182504,193500,Chaotic Spring (dot),5102.0,743764,357181,357552,165260,967139,300043,136673,487310,383148,364236,363972,444626,45113,614376,181785,294561,331831,398190,23719,354015,399889
193960,194492,Auto,12040.0,755804,357181,357552,165260,967139,300043,136673,487310,383148,364236,363972,444626,45113,614376,181785,294561,331831,398190,23719,354015,399889
195004,195714,Heavens' Thrust,91479.0,755804,357181,357552,165260,967139,300043,136673,578789,383148,364236,363972,444626,45113,614376,181785,294561,331831,398190,23719,354015,399889
182504,196500,Chaotic Spring (dot),5102.0,755804,357181,362654,165260,967139,300043,136673,578789,383148,364236,363972,444626,45113,614376,181785,294561,331831,398190,23719,354015,399889
195624,196914,Stardiver,120549.0,755804,357181,362654,165260,967139,300043,136673,578789,383148,364236,363972,444626,45113,614376,181785,294561,331831,518739,23719,354015,399889
196760,197292,Auto,12040.0,767844,357181,362654,165260,967139,300043,136673,578789,383148,364236,363972,444626,45113,614376,181785,294561,331831,518739,23719,354015,399889
197504,198124,Fang and Claw,48791.0,767844,357181,362654,165260,967139,348834,136673,578789,383148,364236,363972,444626,45113,614376,181785,294561,331831,518739,23719,354015,399889
198124,199104,Starcross,100459.0,767844,357181,362654,165260,967139,348834,136673,578789,383148,364236,363972,444626,45113,614376,181785,294561,432290,518739,23719,354015,399889
182504,199500,Chaotic Spring (dot),5102.0,767844,357181,367756,165260,967139,348834,136673,578789,383148,364236,363972,444626,45113,614376,181785,294561,432290,518739,23719,354015,399889
199560,200092,Auto,12040.0,779884,357181,367756,165260,967139,348834,136673,578789,383148,364236,363972,444626,45113,614376,181785,294561,432290,518739,23719,354015,399889
200004,200624,Drakesbane,66011.0,779884,357181,367756,165260,1033150,348834,136673,578789,383148,364236,363972,444626,45113,614376,181785,294561,432290,518739,23719,354015,399889
182504,202500,Chaotic Spring (dot),5102.0,779884,357181,372858,165260,1033150,348834,136673,578789,383148,364236,363972,444626,45113,614376,181785,294561,432290,518739,23719,354015,399889
202360,202892,Auto,12040.0,791924,357181,372858,165260,1033150,348834,136673,578789,383148,364236,363972,444626,45113,614376,181785,294561,432290,518739,23719,354015,399889
202504,203124,Raiden Thrust,45920.0,791924,357181,372858,165260,1033150,348834,136673,578789,383148,364236,363972,444626,45113,660296,181785,294561,432290,518739,23719,354015,399889
203124,204324,Wyrmwind Thrust,63143.0,791924,357181,372858,165260,1033150,348834,136673,578789,383148,364236,363972,444626,45113,660296,181785,294561,432290,518739,23719,354015,463032
182504,205500,Chaotic Spring (dot),5102.0,791924,357181,377960,165260,1033150,348834,136673,578789,383148,364236,363972,444626,45113,660296,181785,294561,432290,518739,23719,354015,463032
205160,205692,Auto,12040.0,803964,357181,377960,165260,1033150,348834,136673,578789,383148,364236,363972,444626,45113,660296,181785,294561,432290,518739,23719,354015,463032
205004,206384,Spiral Blow,43050.0,803964,357181,377960,165260,1033150,348834,136673,578789,383148,364236,363972,444626,45113,660296,181785,337611,432290,518739,23719,354015,463032
207504,207954,Chaotic Spring,38570.0,803964,395751,377960,165260,1033150,348834,136673,578789,383148,364236,363972,444626,45113,660296,181785,337611,432290,518739,23719,354015,463032
207960,208492,Auto,9517.0,813481,395751,377960,165260,1033150,348834,136673,578789,383148,364236,363972,444626,45113,660296,181785,337611,432290,518739,23719,354015,463032
207504,208500,Chaotic Spring (dot),5102.0,813481,395751,383062,165260,1033150,348834,136673,578789,383148,364236,363972,444626,45113,660296,181785,337611,432290,518739,23719,354015,463032
210004,210624,Wheeling Thrust,38570.0,813481,395751,383062,165260,1033150,348834,136673,578789,383148,364236,363972,444626,45113,660296,181785,337611,432290,518739,23719,392585,463032
210760,211292,Auto,9517.0,822998,395751,383062,165260,1033150,348834,136673,578789,383148,364236,363972,444626,45113,660296,181785,337611,432290,518739,23719,392585,463032
207504,211500,Chaotic Spring (dot),5102.0,822998,395751,388164,165260,1033150,348834,136673,578789,383148,364236,363972,444626,45113,660296,181785,337611,432290,518739,23719,392585,463032
212504,213124,Drakesbane,52183.0,822998,395751,388164,165260,1085333,348834,136673,578789,383148,364236,363972,444626,45113,660296,181785,337611,432290,518739,23719,392585,463032
213560,214092,Auto,9517.0,832515,395751,388164,165260,1085333,348834,136673,578789,383148,364236,363972,444626,45113,660296,181785,337611,432290,518739,23719,392585,463032
207504,214500,Chaotic Spring (dot),5102.0,832515,395751,393266,165260,1085333,348834,136673,578789,383148,364236,363972,444626,45113,660296,181785,337611,432290,518739,23719,392585,463032
215004,215624,Raiden Thrust,36300.0,832515,395751,393266,165260,1085333,348834,136673,578789,383148,364236,363972,444626,45113,696596,181785,337611,432290,518739,23719,392585,463032
216360,216892,Auto,9517.0,842032,395751,393266,165260,1085333,348834,136673,578789,383148,364236,363972,444626,45113,696596,181785,337611,432290,518739,23719,392585,463032
207504,217500,Chaotic Spring (dot),5102.0,842032,395751,398368,165260,1085333,348834,136673,578789,383148,364236,363972,444626,45113,696596,181785,337611,432290,518739,23719,392585,463032
217504,218444,Lance Barrage,38570.0,842032,395751,398368,165260,1085333,348834,136673,578789,383148,402806,363972,444626,45113,696596,181785,337611,432290,518739,23719,392585,463032
219160,219692,Auto,9517.0,851549,395751,398368,165260,1085333,348834,136673,578789,383148,402806,363972,444626,45113,696596,181785,337611,432290,518739,23719,392585,463032
207504,220500,Chaotic Spring (dot),5102.0,851549,395751,403470,165260,1085333,348834,136673,578789,383148,402806,363972,444626,45113,696596,181785,337611,432290,518739,23719,392585,463032
220004,220714,Heavens' Thrust,52183.0,851549,395751,403470,165260,1085333,348834,136673,630972,383148,402806,363972,444626,45113,696596,181785,337611,432290,518739,23719,392585,463032
220624,221114,High Jump,45378.0,851549,395751,403470,165260,1085333,348834,136673,630972,428526,402806,363972,444626,45113,696596,181785,337611,432290,518739,23719,392585,463032
221424,222224,Mirage Dive,43107.0,851549,395751,403470,165260,1085333,348834,136673,630972,428526,402806,407079,444626,45113,696596,181785,337611,432290,518739,23719,392585,463032
221960,222492,Auto,9517.0,861066,395751,403470,165260,1085333,348834,136673,630972,428526,402806,407079,444626,45113,696596,181785,337611,432290,518739,23719,392585,463032
222504,223124,Fang and Claw,38570.0,861066,395751,403470,165260,1085333,387404,136673,630972,428526,402806,407079,444626,45113,696596,181785,337611,432290,518739,23719,392585,463032
207504,223500,Chaotic Spring (dot),5102.0,861066,395751,408572,165260,1085333,387404,136673,630972,428526,402806,407079,444626,45113,696596,181785,337611,432290,518739,23719,392585,463032
224760,225292,Auto,9517.0,870583,395751,408572,165260,1085333,387404,136673,630972,428526,402806,407079,444626,45113,696596,181785,337611,432290,518739,23719,392585,463032
225005,225625,Drakesbane,52183.0,870583,395751,408572,165260,1137516,387404,136673,630972,428526,402806,407079,444626,45113,696596,181785,337611,432290,518739,23719,392585,463032
207504,226500,Chaotic Spring (dot),5102.0,870583,395751,413674,165260,1137516,387404,136673,630972,428526,402806,407079,444626,45113,696596,181785,337611,432290,518739,23719,392585,463032
227560,228092,Auto,9517.0,880100,395751,413674,165260,1137516,387404,136673,630972,428526,402806,407079,444626,45113,696596,181785,337611,432290,518739,23719,392585,463032
227505,228125,Raiden Thrust,36300.0,880100,395751,413674,165260,1137516,387404,136673,630972,428526,402806,407079,444626,45113,732896,181785,337611,432290,518739,23719,392585,463032
228125,229325,Wyrmwind Thrust,49915.0,880100,395751,413674,165260,1137516,387404,136673,630972,428526,402806,407079,444626,45113,732896,181785,337611,432290,518739,23719,392585,512947
207504,229500,Chaotic Spring (dot),5102.0,880100,395751,418776,165260,1137516,387404,136673,630972,428526,402806,407079,444626,45113,732896,181785,337611,432290,518739,23719,392585,512947
230360,230892,Auto,9517.0,889617,395751,418776,165260,1137516,387404,136673,630972,428526,402806,407079,444626,45113,732896,181785,337611,432290,518739,23719,392585,512947
230005,231385,Spiral Blow,34032.0,889617,395751,418776,165260,1137516,387404,136673,630972,428526,402806,407079,444626,45113,732896,181785,371643,432290,518739,23719,392585,512947
232505,232955,Chaotic Spring,38570.0,889617,434321,418776,165260,1137516,387404,136673,630972,428526,402806,407079,444626,45113,732896,181785,371643,432290,518739,23719,392585,512947
233160,233692,Auto,9517.0,899134,434321,418776,165260,1137516,387404,136673,630972,428526,402806,407079,444626,45113,732896,181785,371643,432290,518739,23719,392585,512947
232505,235500,Chaotic Spring (dot),5102.0,899134,434321,423878,165260,1137516,387404,136673,630972,428526,402806,407079,444626,45113,732896,181785,371643,432290,518739,23719,392585,512947
235005,235625,Wheeling Thrust,38570.0,899134,434321,423878,165260,1137516,387404,136673,630972,428526,402806,407079,444626,45113,732896,181785,371643,432290,518739,23719,431155,512947
235960,236492,Auto,9517.0,908651,434321,423878,165260,1137516,387404,136673,630972,428526,402806,407079,444626,45113,732896,181785,371643,432290,518739,23719,431155,512947
237505,238125,Drakesbane,52183.0,908651,434321,423878,165260,1189699,387404,136673,630972,428526,402806,407079,444626,45113,732896,181785,371643,432290,518739,23719,431155,512947
232505,238500,Chaotic Spring (dot),5102.0,908651,434321,428980,165260,1189699,387404,136673,630972,428526,402806,407079,444626,45113,732896,181785,371643,432290,518739,23719,431155,512947
238760,239292,Auto,9517.0,918168,434321,428980,165260,1189699,387404,136673,630972,428526,402806,407079,444626,45113,732896,181785,371643,432290,518739,23719,431155,512947
240005,240625,Raiden Thrust,36300.0,918168,434321,428980,165260,1189699,387404,136673,630972,428526,402806,407079,444626,45113,769196,181785,371643,432290,518739,23719,431155,512947
232505,241500,Chaotic Spring (dot),5102.0,918168,434321,434082,165260,1189699,387404,136673,630972,428526,402806,407079,444626,45113,769196,181785,371643,432290,518739,23719,431155,512947
241560,242092,Auto,9517.0,927685,434321,434082,165260,1189699,387404,136673,630972,428526,402806,407079,444626,45113,769196,181785,371643,432290,518739,23719,431155,512947
242505,243445,Lance Barrage,38570.0,927685,434321,434082,165260,1189699,387404,136673,630972,428526,441376,407079,444626,45113,769196,181785,371643,432290,518739,23719,431155,512947
232505,244500,Chaotic Spring (dot),5102.0,927685,434321,439184,165260,1189699,387404,136673,630972,428526,441376,407079,444626,45113,769196,181785,371643,432290,518739,23719,431155,512947
244360,244892,Auto,9517.0,937202,434321,439184,165260,1189699,387404,136673,630972,428526,441376,407079,444626,45113,769196,181785,371643,432290,518739,23719,431155,512947
245005,245715,Heavens' Thrust,52183.0,937202,434321,439184,165260,1189699,387404,136673,683155,428526,441376,407079,444626,45113,769196,181785,371643,432290,518739,23719,431155,512947
232505,247500,Chaotic Spring (dot),5102.0,937202,434321,444286,165260,1189699,387404,136673,683155,428526,441376,407079,444626,45113,769196,181785,371643,432290,518739,23719,431155,512947
246865,247535,Geirskogul,35133.0,937202,434321,444286,165260,1189699,387404,171806,683155,428526,441376,407079,444626,45113,769196,181785,371643,432290,518739,23719,431155,512947
247160,247692,Auto,13318.0,950520,434321,444286,165260,1189699,387404,171806,683155,428526,441376,407079,444626,45113,769196,181785,371643,432290,518739,23719,431155,512947
247505,248125,Fang and Claw,53972.0,950520,434321,444286,165260,1189699,441376,171806,683155,428526,441376,407079,444626,45113,769196,181785,371643,432290,518739,23719,431155,512947
248745,249505,Nastrond,114298.0,950520,434321,444286,165260,1189699,441376,171806,683155,428526,441376,407079,558924,45113,769196,181785,371643,432290,518739,23719,431155,512947
249960,250492,Auto,13318.0,963838,434321,444286,165260,1189699,441376,171806,683155,428526,441376,407079,558924,45113,769196,181785,371643,432290,518739,23719,431155,512947
232505,250500,Chaotic Spring (dot),5102.0,963838,434321,449388,165260,1189699,441376,171806,683155,428526,441376,407079,558924,45113,769196,181785,371643,432290,518739,23719,431155,512947
250005,250625,Drakesbane,102095.0,963838,434321,449388,165260,1291794,441376,171806,683155,428526,441376,407079,558924,45113,769196,181785,371643,432290,518739,23719,431155,512947
250625,251115,High Jump,63499.0,963838,434321,449388,165260,1291794,441376,171806,683155,492025,441376,407079,558924,45113,769196,181785,371643,432290,518739,23719,431155,512947
251425,252225,Dragonfire Dive,79375.0,963838,434321,449388,244635,1291794,441376,171806,683155,492025,441376,407079,558924,45113,769196,181785,371643,432290,518739,23719,431155,512947
252505,253125,Raiden Thrust,50796.0,963838,434321,449388,244635,1291794,441376,171806,683155,492025,441376,407079,558924,45113,819992,181785,371643,432290,518739,23719,431155,512947
252760,253292,Auto,13318.0,977156,434321,449388,244635,1291794,441376,171806,683155,492025,441376,407079,558924,45113,819992,181785,371643,432290,518739,23719,431155,512947
232505,253500,Chaotic Spring (dot),5102.0,977156,434321,454490,244635,1291794,441376,171806,683155,492025,441376,407079,558924,45113,819992,181785,371643,432290,518739,23719,431155,512947
253125,254285,Rise of the Dragon,87308.0,977156,434321,454490,244635,1291794,441376,171806,683155,492025,441376,407079,558924,45113,819992,269093,371643,432290,518739,23719,431155,512947
253745,254545,Mirage Dive,60320.0,977156,434321,454490,244635,1291794,441376,171806,683155,492025,441376,467399,558924,45113,819992,269093,371643,432290,518739,23719,431155,512947
255560,256092,Auto,13318.0,990474,434321,454490,244635,1291794,441376,171806,683155,492025,441376,467399,558924,45113,819992,269093,371643,432290,518739,23719,431155,512947
255005,256385,Spiral Blow,47621.0,990474,434321,454490,244635,1291794,441376,171806,683155,492025,441376,467399,558924,45113,819992,269093,419264,432290,518739,23719,431155,512947
232505,256500,Chaotic Spring (dot),5102.0,990474,434321,459592,244635,1291794,441376,171806,683155,492025,441376,467399,558924,45113,819992,269093,419264,432290,518739,23719,431155,512947
255625,256825,Wyrmwind Thrust,69847.0,990474,434321,459592,244635,1291794,441376,171806,683155,492025,441376,467399,558924,45113,819992,269093,419264,432290,518739,23719,431155,582794
257505,257955,Chaotic Spring,53972.0,990474,488293,459592,244635,1291794,441376,171806,683155,492025,441376,467399,558924,45113,819992,269093,419264,432290,518739,23719,431155,582794
258360,258892,Auto,13318.0,1003792,488293,459592,244635,1291794,441376,171806,683155,492025,441376,467399,558924,45113,819992,269093,419264,432290,518739,23719,431155,582794
258125,259415,Stardiver,133349.0,1003792,488293,459592,244635,1291794,441376,171806,683155,492025,441376,467399,558924,45113,819992,269093,419264,432290,652088,23719,431155,582794
257505,259500,Chaotic Spring (dot),7139.0,1003792,488293,466731,244635,1291794,441376,171806,683155,492025,441376,467399,558924,45113,819992,269093,419264,432290,652088,23719,431155,582794
260005,260625,Wheeling Thrust,53972.0,1003792,488293,466731,244635,1291794,441376,171806,683155,492025,441376,467399,558924,45113,819992,269093,419264,432290,652088,23719,485127,582794
261160,261692,Auto,13318.0,1017110,488293,466731,244635,1291794,441376,171806,683155,492025,441376,467399,558924,45113,819992,269093,419264,432290,652088,23719,485127,582794
261245,262225,Starcross,111127.0,1017110,488293,466731,244635,1291794,441376,171806,683155,492025,441376,467399,558924,45113,819992,269093,419264,543417,652088,23719,485127,582794
257505,262500,Chaotic Spring (dot),7139.0,1017110,488293,473870,244635,1291794,441376,171806,683155,492025,441376,467399,558924,45113,819992,269093,419264,543417,652088,23719,485127,582794
262505,263125,Drakesbane,102095.0,1017110,488293,473870,244635,1393889,441376,171806,683155,492025,441376,467399,558924,45113,819992,269093,419264,543417,652088,23719,485127,582794
263960,264492,Auto,13318.0,1030428,488293,473870,244635,1393889,441376,171806,683155,492025,441376,467399,558924,45113,819992,269093,419264,543417,652088,23719,485127,582794
257505,265500,Chaotic Spring (dot),7139.0,1030428,488293,481009,244635,1393889,441376,171806,683155,492025,441376,467399,558924,45113,819992,269093,419264,543417,652088,23719,485127,582794
265005,265625,Raiden Thrust,50796.0,1030428,488293,481009,244635,1393889,441376,171806,683155,492025,441376,467399,558924,45113,870788,269093,419264,543417,652088,23719,485127,582794
266760,267292,Auto,12040.0,1042468,488293,481009,244635,1393889,441376,171806,683155,492025,441376,467399,558924,45113,870788,269093,419264,543417,652088,23719,485127,582794
267505,268445,Lance Barrage,38570.0,1042468,488293,481009,244635,1393889,441376,171806,683155,492025,479946,467399,558924,45113,870788,269093,419264,543417,652088,23719,485127,582794
257505,268500,Chaotic Spring (dot),7139.0,1042468,488293,488148,244635,1393889,441376,171806,683155,492025,479946,467399,558924,45113,870788,269093,419264,543417,652088,23719,485127,582794
269560,270092,Auto,9517.0,1051985,488293,488148,244635,1393889,441376,171806,683155,492025,479946,467399,558924,45113,870788,269093,419264,543417,652088,23719,485127,582794
270005,270715,Heavens' Thrust,52183.0,1051985,488293,488148,244635,1393889,441376,171806,735338,492025,479946,467399,558924,45113,870788,269093,419264,543417,652088,23719,485127,582794
257505,271500,Chaotic Spring (dot),7139.0,1051985,488293,495287,244635,1393889,441376,171806,735338,492025,479946,467399,558924,45113,870788,269093,419264,543417,652088,23719,485127,582794
272360,272892,Auto,9517.0,1061502,488293,495287,244635,1393889,441376,171806,735338,492025,479946,467399,558924,45113,870788,269093,419264,543417,652088,23719,485127,582794
272505,273125,Fang and Claw,38570.0,1061502,488293,495287,244635,1393889,479946,171806,735338,492025,479946,467399,558924,45113,870788,269093,419264,543417,652088,23719,485127,582794
257505,274500,Chaotic Spring (dot),7139.0,1061502,488293,502426,244635,1393889,479946,171806,735338,492025,479946,467399,558924,45113,870788,269093,419264,543417,652088,23719,485127,582794
275006,275626,Drakesbane,52183.0,1061502,488293,502426,244635,1446072,479946,171806,735338,492025,479946,467399,558924,45113,870788,269093,419264,543417,652088,23719,485127,582794
275160,275692,Auto,9517.0,1071019,488293,502426,244635,1446072,479946,171806,735338,492025,479946,467399,558924,45113,870788,269093,419264,543417,652088,23719,485127,582794
257505,277500,Chaotic Spring (dot),7139.0,1071019,488293,509565,244635,1446072,479946,171806,735338,492025,479946,467399,558924,45113,870788,269093,419264,543417,652088,23719,485127,582794
277506,278126,Raiden Thrust,36300.0,1071019,488293,509565,244635,1446072,479946,171806,735338,492025,479946,467399,558924,45113,907088,269093,419264,543417,652088,23719,485127,582794
277960,278492,Auto,9517.0,1080536,488293,509565,244635,1446072,479946,171806,735338,492025,479946,467399,558924,45113,907088,269093,419264,543417,652088,23719,485127,582794
278126,279326,Wyrmwind Thrust,49915.0,1080536,488293,509565,244635,1446072,479946,171806,735338,492025,479946,467399,558924,45113,907088,269093,419264,543417,652088,23719,485127,632709
257505,280500,Chaotic Spring (dot),7139.0,1080536,488293,516704,244635,1446072,479946,171806,735338,492025,479946,467399,558924,45113,907088,269093,419264,543417,652088,23719,485127,632709
280626,281116,High Jump,45378.0,1080536,488293,516704,244635,1446072,479946,171806,735338,537403,479946,467399,558924,45113,907088,269093,419264,543417,652088,23719,485127,632709
280760,281292,Auto,9517.0,1090053,488293,516704,244635,1446072,479946,171806,735338,537403,479946,467399,558924,45113,907088,269093,419264,543417,652088,23719,485127,632709
280006,281386,Spiral Blow,34032.0,1090053,488293,516704,244635,1446072,479946,171806,735338,537403,479946,467399,558924,45113,907088,269093,453296,543417,652088,23719,485127,632709
282506,282956,Chaotic Spring,38570.0,1090053,526863,516704,244635,1446072,479946,171806,735338,537403,479946,467399,558924,45113,907088,269093,453296,543417,652088,23719,485127,632709
282506,283500,Chaotic Spring (dot),5102.0,1090053,526863,521806,244635,1446072,479946,171806,735338,537403,479946,467399,558924,45113,907088,269093,453296,543417,652088,23719,485127,632709
283126,283926,Mirage Dive,43107.0,1090053,526863,521806,244635,1446072,479946,171806,735338,537403,479946,510506,558924,45113,907088,269093,453296,543417,652088,23719,485127,632709
283560,284092,Auto,9517.0,1099570,526863,521806,244635,1446072,479946,171806,735338,537403,479946,510506,558924,45113,907088,269093,453296,543417,652088,23719,485127,632709
285006,285626,Wheeling Thrust,38570.0,1099570,526863,521806,244635,1446072,479946,171806,735338,537403,479946,510506,558924,45113,907088,269093,453296,543417,652088,23719,523697,632709
282506,286500,Chaotic Spring (dot),5102.0,1099570,526863,526908,244635,1446072,479946,171806,735338,537403,479946,510506,558924,45113,907088,269093,453296,543417,652088,23719,523697,632709
286360,286892,Auto,9517.0,1109087,526863,526908,244635,1446072,479946,171806,735338,537403,479946,510506,558924,45113,907088,269093,453296,543417,652088,23719,523697,632709
287506,288126,Drakesbane,52183.0,1109087,526863,526908,244635,1498255,479946,171806,735338,537403,479946,510506,558924,45113,907088,269093,453296,543417,652088,23719,523697,632709
282506,289500,Chaotic Spring (dot),5102.0,1109087,526863,532010,244635,1498255,479946,171806,735338,537403,479946,510506,558924,45113,907088,269093,453296,543417,652088,23719,523697,632709
289160,289692,Auto,9517.0,1118604,526863,532010,244635,1498255,479946,171806,735338,537403,479946,510506,558924,45113,907088,269093,453296,543417,652088,23719,523697,632709
290006,290626,Raiden Thrust,36300.0,1118604,526863,532010,244635,1498255,479946,171806,735338,537403,479946,510506,558924,45113,943388,269093,453296,543417,652088,23719,523697,632709
291960,292492,Auto,9517.0,1128121,526863,532010,244635,1498255,479946,171806,735338,537403,479946,510506,558924,45113,943388,269093,453296,543417,652088,23719,523697,632709
282506,292500,Chaotic Spring (dot),5102.0,1128121,526863,537112,244635,1498255,479946,171806,735338,537403,479946,510506,558924,45113,943388,269093,453296,543417,652088,23719,523697,632709
292506,293446,Lance Barrage,38570.0,1128121,526863,537112,244635,1498255,479946,171806,735338,537403,518516,510506,558924,45113,943388,269093,453296,543417,652088,23719,523697,632709
294760,295292,Auto,9517.0,1137638,526863,537112,244635,1498255,479946,171806,735338,537403,518516,510506,558924,45113,943388,269093,453296,543417,652088,23719,523697,632709
282506,295500,Chaotic Spring (dot),5102.0,1137638,526863,542214,244635,1498255,479946,171806,735338,537403,518516,510506,558924,45113,943388,269093,453296,543417,652088,23719,523697,632709
295006,295716,Heavens' Thrust,52183.0,1137638,526863,542214,244635,1498255,479946,171806,787521,537403,518516,510506,558924,45113,943388,269093,453296,543417,652088,23719,523697,632709
297560,298092,Auto,9517.0,1147155,526863,542214,244635,1498255,479946,171806,787521,537403,518516,510506,558924,45113,943388,269093,453296,543417,652088,23719,523697,632709
297506,298126,Fang and Claw,38570.0,1147155,526863,542214,244635,1498255,518516,171806,787521,537403,518516,510506,558924,45113,943388,269093,453296,543417,652088,23719,523697,632709
282506,298500,Chaotic Spring (dot),5102.0,1147155,526863,547316,244635,1498255,518516,171806,787521,537403,518516,510506,558924,45113,943388,269093,453296,543417,652088,23719,523697,632709
300006,300626,Drakesbane,52183.0,1147155,526863,547316,244635,1550438,518516,171806,787521,537403,518516,510506,558924,45113,943388,269093,453296,543417,652088,23719,523697,632709
300360,300892,Auto,9517.0,1156672,526863,547316,244635,1550438,518516,171806,787521,537403,518516,510506,558924,45113,943388,269093,453296,543417,652088,23719,523697,632709
282506,301500,Chaotic Spring (dot),5102.0,1156672,526863,552418,244635,1550438,518516,171806,787521,537403,518516,510506,558924,45113,943388,269093,453296,543417,652088,23719,523697,632709
302506,303126,Raiden Thrust,36300.0,1156672,526863,552418,244635,1550438,518516,171806,787521,537403,518516,510506,558924,45113,979688,269093,453296,543417,652088,23719,523697,632709
303160,303692,Auto,9517.0,1166189,526863,552418,244635,1550438,518516,171806,787521,537403,518516,510506,558924,45113,979688,269093,453296,543417,652088,23719,523697,632709
282506,304500,Chaotic Spring (dot),5102.0,1166189,526863,557520,244635,1550438,518516,171806,787521,537403,518516,510506,558924,45113,979688,269093,453296,543417,652088,23719,523697,632709
305006,306386,Spiral Blow,34032.0,1166189,526863,557520,244635,1550438,518516,171806,787521,537403,518516,510506,558924,45113,979688,269093,487328,543417,652088,23719,523697,632709
305960,306492,Auto,9517.0,1175706,526863,557520,244635,1550438,518516,171806,787521,537403,518516,510506,558924,45113,979688,269093,487328,543417,652088,23719,523697,632709
306865,307535,Geirskogul,31761.0,1175706,526863,557520,244635,1550438,518516,203567,787521,537403,518516,510506,558924,45113,979688,269093,487328,543417,652088,23719,523697,632709
307506,307956,Chaotic Spring,48791.0,1175706,575654,557520,244635,1550438,518516,203567,787521,537403,518516,510506,558924,45113,979688,269093,487328,543417,652088,23719,523697,632709
308760,309292,Auto,12040.0,1187746,575654,557520,244635,1550438,518516,203567,787521,537403,518516,510506,558924,45113,979688,269093,487328,543417,652088,23719,523697,632709
308126,309326,Wyrmwind Thrust,63143.0,1187746,575654,557520,244635,1550438,518516,203567,787521,537403,518516,510506,558924,45113,979688,269093,487328,543417,652088,23719,523697,695852
308746,309506,Nastrond,103326.0,1187746,575654,557520,244635,1550438,518516,203567,787521,537403,518516,510506,662250,45113,979688,269093,487328,543417,652088,23719,523697,695852
307506,310500,Chaotic Spring (dot),6454.0,1187746,575654,563974,244635,1550438,518516,203567,787521,537403,518516,510506,662250,45113,979688,269093,487328,543417,652088,23719,523697,695852
310006,310626,Wheeling Thrust,48791.0,1187746,575654,563974,244635,1550438,518516,203567,787521,537403,518516,510506,662250,45113,979688,269093,487328,543417,652088,23719,572488,695852
310626,311116,High Jump,57404.0,1187746,575654,563974,244635,1550438,518516,203567,787521,594807,518516,510506,662250,45113,979688,269093,487328,543417,652088,23719,572488,695852
311560,312092,Auto,12040.0,1199786,575654,563974,244635,1550438,518516,203567,787521,594807,518516,510506,662250,45113,979688,269093,487328,543417,652088,23719,572488,695852
312506,313126,Drakesbane,91479.0,1199786,575654,563974,244635,1641917,518516,203567,787521,594807,518516,510506,662250,45113,979688,269093,487328,543417,652088,23719,572488,695852
307506,313500,Chaotic Spring (dot),6454.0,1199786,575654,570428,244635,1641917,518516,203567,787521,594807,518516,510506,662250,45113,979688,269093,487328,543417,652088,23719,572488,695852
313126,314416,Stardiver,120549.0,1199786,575654,570428,244635,1641917,518516,203567,787521,594807,518516,510506,662250,45113,979688,269093,487328,543417,772637,23719,572488,695852
314360,314892,Auto,12040.0,1211826,575654,570428,244635,1641917,518516,203567,787521,594807,518516,510506,662250,45113,979688,269093,487328,543417,772637,23719,572488,695852
315006,315626,Raiden Thrust,45920.0,1211826,575654,570428,244635,1641917,518516,203567,787521,594807,518516,510506,662250,45113,1025608,269093,487328,543417,772637,23719,572488,695852
307506,316500,Chaotic Spring (dot),6454.0,1211826,575654,576882,244635,1641917,518516,203567,787521,594807,518516,510506,662250,45113,1025608,269093,487328,543417,772637,23719,572488,695852
315626,316606,Starcross,100459.0,1211826,575654,576882,244635,1641917,518516,203567,787521,594807,518516,510506,662250,45113,1025608,269093,487328,643876,772637,23719,572488,695852
316246,317046,Mirage Dive,54530.0,1211826,575654,576882,244635,1641917,518516,203567,787521,594807,518516,565036,662250,45113,1025608,269093,487328,643876,772637,23719,572488,695852
317160,317692,Auto,12040.0,1223866,575654,576882,244635,1641917,518516,203567,787521,594807,518516,565036,662250,45113,1025608,269093,487328,643876,772637,23719,572488,695852
317506,318446,Lance Barrage,48791.0,1223866,575654,576882,244635,1641917,518516,203567,787521,594807,567307,565036,662250,45113,1025608,269093,487328,643876,772637,23719,572488,695852
307506,319500,Chaotic Spring (dot),6454.0,1223866,575654,583336,244635,1641917,518516,203567,787521,594807,567307,565036,662250,45113,1025608,269093,487328,643876,772637,23719,572488,695852
319960,320492,Auto,12040.0,1235906,575654,583336,244635,1641917,518516,203567,787521,594807,567307,565036,662250,45113,1025608,269093,487328,643876,772637,23719,572488,695852
320006,320716,Heavens' Thrust,66011.0,1235906,575654,583336,244635,1641917,518516,203567,853532,594807,567307,565036,662250,45113,1025608,269093,487328,643876,772637,23719,572488,695852
307506,322500,Chaotic Spring (dot),6454.0,1235906,575654,589790,244635,1641917,518516,203567,853532,594807,567307,565036,662250,45113,1025608,269093,487328,643876,772637,23719,572488,695852
322506,323126,Fang and Claw,48791.0,1235906,575654,589790,244635,1641917,567307,203567,853532,594807,567307,565036,662250,45113,1025608,269093,487328,643876,772637,23719,572488,695852
322760,323292,Auto,12040.0,1247946,575654,589790,244635,1641917,567307,203567,853532,594807,567307,565036,662250,45113,1025608,269093,487328,643876,772637,23719,572488,695852
307506,325500,Chaotic Spring (dot),6454.0,1247946,575654,596244,244635,1641917,567307,203567,853532,594807,567307,565036,662250,45113,1025608,269093,487328,643876,772637,23719,572488,695852
325007,325627,Drakesbane,66011.0,1247946,575654,596244,244635,1707928,567307,203567,853532,594807,567307,565036,662250,45113,1025608,269093,487328,643876,772637,23719,572488,695852
325560,326092,Auto,12040.0,1259986,575654,596244,244635,1707928,567307,203567,853532,594807,567307,565036,662250,45113,1025608,269093,487328,643876,772637,23719,572488,695852
327507,328127,Raiden Thrust,36300.0,1259986,575654,596244,244635,1707928,567307,203567,853532,594807,567307,565036,662250,45113,1061908,269093,487328,643876,772637,23719,572488,695852
307506,328500,Chaotic Spring (dot),6454.0,1259986,575654,602698,244635,1707928,567307,203567,853532,594807,567307,565036,662250,45113,1061908,269093,487328,643876,772637,23719,572488,695852
328360,328892,Auto,9517.0,1269503,575654,602698,244635,1707928,567307,203567,853532,594807,567307,565036,662250,45113,1061908,269093,487328,643876,772637,23719,572488,695852
328127,329327,Wyrmwind Thrust,49915.0,1269503,575654,602698,244635,1707928,567307,203567,853532,594807,567307,565036,662250,45113,1061908,269093,487328,643876,772637,23719,572488,745767
330007,330857,Piercing Talon,39705.0,1269503,575654,602698,244635,1707928,567307,203567,853532,594807,567307,565036,662250,84818,1061908,269093,487328,643876,772637,23719,572488,745767
307506,331500,Chaotic Spring (dot),6454.0,1269503,575654,609152,244635,1707928,567307,203567,853532,594807,567307,565036,662250,84818,1061908,269093,487328,643876,772637,23719,572488,745767
331160,331692,Auto,9517.0,1279020,575654,609152,244635,1707928,567307,203567,853532,594807,567307,565036,662250,84818,1061908,269093,487328,643876,772637,23719,572488,745767
332507,333887,Spiral Blow,34032.0,1279020,575654,609152,244635,1707928,567307,203567,853532,594807,567307,565036,662250,84818,1061908,269093,521360,643876,772637,23719,572488,745767
333960,334492,Auto,9517.0,1288537,575654,609152,244635,1707928,567307,203567,853532,594807,567307,565036,662250,84818,1061908,269093,521360,643876,772637,23719,572488,745767
335007,335457,Chaotic Spring,38570.0,1288537,614224,609152,244635,1707928,567307,203567,853532,594807,567307,565036,662250,84818,1061908,269093,521360,643876,772637,23719,572488,745767
336760,337292,Auto,9517.0,1298054,614224,609152,244635,1707928,567307,203567,853532,594807,567307,565036,662250,84818,1061908,269093,521360,643876,772637,23719,572488,745767
335007,337500,Chaotic Spring (dot),5102.0,1298054,614224,614254,244635,1707928,567307,203567,853532,594807,567307,565036,662250,84818,1061908,269093,521360,643876,772637,23719,572488,745767
337507,338127,Wheeling Thrust,38570.0,1298054,614224,614254,244635,1707928,567307,203567,853532,594807,567307,565036,662250,84818,1061908,269093,521360,643876,772637,23719,611058,745767
339560,340092,Auto,9517.0,1307571,614224,614254,244635,1707928,567307,203567,853532,594807,567307,565036,662250,84818,1061908,269093,521360,643876,772637,23719,611058,745767
335007,340500,Chaotic Spring (dot),5102.0,1307571,614224,619356,244635,1707928,567307,203567,853532,594807,567307,565036,662250,84818,1061908,269093,521360,643876,772637,23719,611058,745767
340007,340627,Drakesbane,52183.0,1307571,614224,619356,244635,1760111,567307,203567,853532,594807,567307,565036,662250,84818,1061908,269093,521360,643876,772637,23719,611058,745767
340627,341117,High Jump,45378.0,1307571,614224,619356,244635,1760111,567307,203567,853532,640185,567307,565036,662250,84818,1061908,269093,521360,643876,772637,23719,611058,745767
341427,342227,Mirage Dive,43107.0,1307571,614224,619356,244635,1760111,567307,203567,853532,640185,567307,608143,662250,84818,1061908,269093,521360,643876,772637,23719,611058,745767
342360,342892,Auto,9517.0,1317088,614224,619356,244635,1760111,567307,203567,853532,640185,567307,608143,662250,84818,1061908,269093,521360,643876,772637,23719,611058,745767
342507,343127,Raiden Thrust,36300.0,1317088,614224,619356,244635,1760111,567307,203567,853532,640185,567307,608143,662250,84818,1098208,269093,521360,643876,772637,23719,611058,745767
335007,343500,Chaotic Spring (dot),5102.0,1317088,614224,624458,244635,1760111,567307,203567,853532,640185,567307,608143,662250,84818,1098208,269093,521360,643876,772637,23719,611058,745767
345160,345692,Auto,9517.0,1326605,614224,624458,244635,1760111,567307,203567,853532,640185,567307,608143,662250,84818,1098208,269093,521360,643876,772637,23719,611058,745767
345007,345947,Lance Barrage,38570.0,1326605,614224,624458,244635,1760111,567307,203567,853532,640185,605877,608143,662250,84818,1098208,269093,521360,643876,772637,23719,611058,745767
335007,346500,Chaotic Spring (dot),5102.0,1326605,614224,629560,244635,1760111,567307,203567,853532,640185,605877,608143,662250,84818,1098208,269093,521360,643876,772637,23719,611058,745767
347507,348217,Heavens' Thrust,52183.0,1326605,614224,629560,244635,1760111,567307,203567,905715,640185,605877,608143,662250,84818,1098208,269093,521360,643876,772637,23719,611058,745767
347960,348492,Auto,9517.0,1336122,614224,629560,244635,1760111,567307,203567,905715,640185,605877,608143,662250,84818,1098208,269093,521360,643876,772637,23719,611058,745767
335007,349500,Chaotic Spring (dot),5102.0,1336122,614224,634662,244635,1760111,567307,203567,905715,640185,605877,608143,662250,84818,1098208,269093,521360,643876,772637,23719,611058,745767
350007,350627,Fang and Claw,38570.0,1336122,614224,634662,244635,1760111,605877,203567,905715,640185,605877,608143,662250,84818,1098208,269093,521360,643876,772637,23719,611058,745767
350760,351292,Auto,9517.0,1345639,614224,634662,244635,1760111,605877,203567,905715,640185,605877,608143,662250,84818,1098208,269093,521360,643876,772637,23719,611058,745767
335007,352500,Chaotic Spring (dot),5102.0,1345639,614224,639764,244635,1760111,605877,203567,905715,640185,605877,608143,662250,84818,1098208,269093,521360,643876,772637,23719,611058,745767
352507,353127,Drakesbane,52183.0,1345639,614224,639764,244635,1812294,605877,203567,905715,640185,605877,608143,662250,84818,1098208,269093,521360,643876,772637,23719,611058,745767
353560,354092,Auto,9517.0,1355156,614224,639764,244635,1812294,605877,203567,905715,640185,605877,608143,662250,84818,1098208,269093,521360,643876,772637,23719,611058,745767
335007,355500,Chaotic Spring (dot),5102.0,1355156,614224,644866,244635,1812294,605877,203567,905715,640185,605877,608143,662250,84818,1098208,269093,521360,643876,772637,23719,611058,745767
355007,355627,Raiden Thrust,36300.0,1355156,614224,644866,244635,1812294,605877,203567,905715,640185,605877,608143,662250,84818,1134508,269093,521360,643876,772637,23719,611058,745767
356360,356892,Auto,9517.0,1364673,614224,644866,244635,1812294,605877,203567,905715,640185,605877,608143,662250,84818,1134508,269093,521360,643876,772637,23719,611058,745767
335007,358500,Chaotic Spring (dot),5102.0,1364673,614224,649968,244635,1812294,605877,203567,905715,640185,605877,608143,662250,84818,1134508,269093,521360,643876,772637,23719,611058,745767
357507,358887,Spiral Blow,34032.0,1364673,614224,649968,244635,1812294,605877,203567,905715,640185,605877,608143,662250,84818,1134508,269093,555392,643876,772637,23719,611058,745767
359160,359692,Auto,9517.0,1374190,614224,649968,244635,1812294,605877,203567,905715,640185,605877,608143,662250,84818,1134508,269093,555392,643876,772637,23719,611058,745767
360007,360857,Piercing Talon,42964.0,1374190,614224,649968,244635,1812294,605877,203567,905715,640185,605877,608143,662250,127782,1134508,269093,555392,643876,772637,23719,611058,745767
361960,362492,Auto,10301.0,1384491,614224,649968,244635,1812294,605877,203567,905715,640185,605877,608143,662250,127782,1134508,269093,555392,643876,772637,23719,611058,745767
362507,362957,Chaotic Spring,41736.0,1384491,655960,649968,244635,1812294,605877,203567,905715,640185,605877,608143,662250,127782,1134508,269093,555392,643876,772637,23719,611058,745767
362507,364500,Chaotic Spring (dot),5520.0,1384491,655960,655488,244635,1812294,605877,203567,905715,640185,605877,608143,662250,127782,1134508,269093,555392,643876,772637,23719,611058,745767
364760,365292,Auto,10301.0,1394792,655960,655488,244635,1812294,605877,203567,905715,640185,605877,608143,662250,127782,1134508,269093,555392,643876,772637,23719,611058,745767
365007,365627,Wheeling Thrust,41736.0,1394792,655960,655488,244635,1812294,605877,203567,905715,640185,605877,608143,662250,127782,1134508,269093,555392,643876,772637,23719,652794,745767
362507,367500,Chaotic Spring (dot),5520.0,1394792,655960,661008,244635,1812294,605877,203567,905715,640185,605877,608143,662250,127782,1134508,269093,555392,643876,772637,23719,652794,745767
366867,367537,Geirskogul,38018.0,1394792,655960,661008,244635,1812294,605877,241585,905715,640185,605877,608143,662250,127782,1134508,269093,555392,643876,772637,23719,652794,745767
367560,368092,Auto,14415.0,1409207,655960,661008,244635,1812294,605877,241585,905715,640185,605877,608143,662250,127782,1134508,269093,555392,643876,772637,23719,652794,745767
367507,368127,Drakesbane,79015.0,1409207,655960,661008,244635,1891309,605877,241585,905715,640185,605877,608143,662250,127782,1134508,269093,555392,643876,772637,23719,652794,745767
368127,369327,Wyrmwind Thrust,75580.0,1409207,655960,661008,244635,1891309,605877,241585,905715,640185,605877,608143,662250,127782,1134508,269093,555392,643876,772637,23719,652794,821347
368747,369507,Nastrond,123676.0,1409207,655960,661008,244635,1891309,605877,241585,905715,640185,605877,608143,785926,127782,1134508,269093,555392,643876,772637,23719,652794,821347
362507,370500,Chaotic Spring (dot),5520.0,1409207,655960,666528,244635,1891309,605877,241585,905715,640185,605877,608143,785926,127782,1134508,269093,555392,643876,772637,23719,652794,821347
370007,370627,Raiden Thrust,54965.0,1409207,655960,666528,244635,1891309,605877,241585,905715,640185,605877,608143,785926,127782,1189473,269093,555392,643876,772637,23719,652794,821347
370360,370892,Auto,14415.0,1423622,655960,666528,244635,1891309,605877,241585,905715,640185,605877,608143,785926,127782,1189473,269093,555392,643876,772637,23719,652794,821347
370627,371117,High Jump,68707.0,1423622,655960,666528,244635,1891309,605877,241585,905715,708892,605877,608143,785926,127782,1189473,269093,555392,643876,772637,23719,652794,821347
371427,372227,Dragonfire Dive,85885.0,1423622,655960,666528,330520,1891309,605877,241585,905715,708892,605877,608143,785926,127782,1189473,269093,555392,643876,772637,23719,652794,821347
372507,373447,Lance Barrage,58402.0,1423622,655960,666528,330520,1891309,605877,241585,905715,708892,664279,608143,785926,127782,1189473,269093,555392,643876,772637,23719,652794,821347
362507,373500,Chaotic Spring (dot),5520.0,1423622,655960,672048,330520,1891309,605877,241585,905715,708892,664279,608143,785926,127782,1189473,269093,555392,643876,772637,23719,652794,821347
373160,373692,Auto,14415.0,1438037,655960,672048,330520,1891309,605877,241585,905715,708892,664279,608143,785926,127782,1189473,269093,555392,643876,772637,23719,652794,821347
373127,374287,Rise of the Dragon,94477.0,1438037,655960,672048,330520,1891309,605877,241585,905715,708892,664279,608143,785926,127782,1189473,363570,555392,643876,772637,23719,652794,821347
375008,375718,Heavens' Thrust,110472.0,1438037,655960,672048,330520,1891309,605877,241585,1016187,708892,664279,608143,785926,127782,1189473,363570,555392,643876,772637,23719,652794,821347
375960,376492,Auto,14415.0,1452452,655960,672048,330520,1891309,605877,241585,1016187,708892,664279,608143,785926,127782,1189473,363570,555392,643876,772637,23719,652794,821347
362507,376500,Chaotic Spring (dot),5520.0,1452452,655960,677568,330520,1891309,605877,241585,1016187,708892,664279,608143,785926,127782,1189473,363570,555392,643876,772637,23719,652794,821347
375628,376918,Stardiver,144292.0,1452452,655960,677568,330520,1891309,605877,241585,1016187,708892,664279,608143,785926,127782,1189473,363570,555392,643876,916929,23719,652794,821347
377508,378128,Fang and Claw,58402.0,1452452,655960,677568,330520,1891309,664279,241585,1016187,708892,664279,608143,785926,127782,1189473,363570,555392,643876,916929,23719,652794,821347
378760,379292,Auto,14415.0,1466867,655960,677568,330520,1891309,664279,241585,1016187,708892,664279,608143,785926,127782,1189473,363570,555392,643876,916929,23719,652794,821347
362507,379500,Chaotic Spring (dot),5520.0,1466867,655960,683088,330520,1891309,664279,241585,1016187,708892,664279,608143,785926,127782,1189473,363570,555392,643876,916929,23719,652794,821347
378748,379728,Starcross,120245.0,1466867,655960,683088,330520,1891309,664279,241585,1016187,708892,664279,608143,785926,127782,1189473,363570,555392,764121,916929,23719,652794,821347
380008,380628,Drakesbane,110472.0,1466867,655960,683088,330520,2001781,664279,241585,1016187,708892,664279,608143,785926,127782,1189473,363570,555392,764121,916929,23719,652794,821347
380628,381428,Mirage Dive,65271.0,1466867,655960,683088,330520,2001781,664279,241585,1016187,708892,664279,673414,785926,127782,1189473,363570,555392,764121,916929,23719,652794,821347
381560,382092,Auto,14415.0,1481282,655960,683088,330520,2001781,664279,241585,1016187,708892,664279,673414,785926,127782,1189473,363570,555392,764121,916929,23719,652794,821347
362507,382500,Chaotic Spring (dot),5520.0,1481282,655960,688608,330520,2001781,664279,241585,1016187,708892,664279,673414,785926,127782,1189473,363570,555392,764121,916929,23719,652794,821347
382508,383128,Raiden Thrust,54965.0,1481282,655960,688608,330520,2001781,664279,241585,1016187,708892,664279,673414,785926,127782,1244438,363570,555392,764121,916929,23719,652794,821347
383128,384328,Wyrmwind Thrust,75580.0,1481282,655960,688608,330520,2001781,664279,241585,1016187,708892,664279,673414,785926,127782,1244438,363570,555392,764121,916929,23719,652794,896927
384360,384892,Auto,14415.0,1495697,655960,688608,330520,2001781,664279,241585,1016187,708892,664279,673414,785926,127782,1244438,363570,555392,764121,916929,23719,652794,896927
362507,385500,Chaotic Spring (dot),5520.0,1495697,655960,694128,330520,2001781,664279,241585,1016187,708892,664279,673414,785926,127782,1244438,363570,555392,764121,916929,23719,652794,896927
385008,386388,Spiral Blow,51529.0,1495697,655960,694128,330520,2001781,664279,241585,1016187,708892,664279,673414,785926,127782,1244438,363570,606921,764121,916929,23719,652794,896927
387160,387692,Auto,10301.0,1505998,655960,694128,330520,2001781,664279,241585,1016187,708892,664279,673414,785926,127782,1244438,363570,606921,764121,916929,23719,652794,896927
387508,387958,Chaotic Spring,41736.0,1505998,697696,694128,330520,2001781,664279,241585,1016187,708892,664279,673414,785926,127782,1244438,363570,606921,764121,916929,23719,652794,896927
387508,388500,Chaotic Spring (dot),5520.0,1505998,697696,699648,330520,2001781,664279,241585,1016187,708892,664279,673414,785926,127782,1244438,363570,606921,764121,916929,23719,652794,896927
389960,390492,Auto,9517.0,1515515,697696,699648,330520,2001781,664279,241585,1016187,708892,664279,673414,785926,127782,1244438,363570,606921,764121,916929,23719,652794,896927
390008,390628,Wheeling Thrust,38570.0,1515515,697696,699648,330520,2001781,664279,241585,1016187,708892,664279,673414,785926,127782,1244438,363570,606921,764121,916929,23719,691364,896927
387508,391500,Chaotic Spring (dot),5520.0,1515515,697696,705168,330520,2001781,664279,241585,1016187,708892,664279,673414,785926,127782,1244438,363570,606921,764121,916929,23719,691364,896927
392508,393128,Drakesbane,52183.0,1515515,697696,705168,330520,2053964,664279,241585,1016187,708892,664279,673414,785926,127782,1244438,363570,606921,764121,916929,23719,691364,896927
392760,393292,Auto,9517.0,1525032,697696,705168,330520,2053964,664279,241585,1016187,708892,664279,673414,785926,127782,1244438,363570,606921,764121,916929,23719,691364,896927
387508,394500,Chaotic Spring (dot),5520.0,1525032,697696,710688,330520,2053964,664279,241585,1016187,708892,664279,673414,785926,127782,1244438,363570,606921,764121,916929,23719,691364,896927
395008,395628,Raiden Thrust,36300.0,1525032,697696,710688,330520,2053964,664279,241585,1016187,708892,664279,673414,785926,127782,1280738,363570,606921,764121,916929,23719,691364,896927
395560,396092,Auto,9517.0,1534549,697696,710688,330520,2053964,664279,241585,1016187,708892,664279,673414,785926,127782,1280738,363570,606921,764121,916929,23719,691364,896927
387508,397500,Chaotic Spring (dot),5520.0,1534549,697696,716208,330520,2053964,664279,241585,1016187,708892,664279,673414,785926,127782,1280738,363570,606921,764121,916929,23719,691364,896927
397508,398448,Lance Barrage,38570.0,1534549,697696,716208,330520,2053964,664279,241585,1016187,708892,702849,673414,785926,127782,1280738,363570,606921,764121,916929,23719,691364,896927
398360,398892,Auto,9517.0,1544066,697696,716208,330520,2053964,664279,241585,1016187,708892,702849,673414,785926,127782,1280738,363570,606921,764121,916929,23719,691364,896927
387508,400500,Chaotic Spring (dot),5520.0,1544066,697696,721728,330520,2053964,664279,241585,1016187,708892,702849,673414,785926,127782,1280738,363570,606921,764121,916929,23719,691364,896927
400008,400718,Heavens' Thrust,52183.0,1544066,697696,721728,330520,2053964,664279,241585,1068370,708892,702849,673414,785926,127782,1280738,363570,606921,764121,916929,23719,691364,896927
400628,401118,High Jump,45378.0,1544066,697696,721728,330520,2053964,664279,241585,1068370,754270,702849,673414,785926,127782,1280738,363570,606921,764121,916929,23719,691364,896927
401160,401692,Auto,9517.0,1553583,697696,721728,330520,2053964,664279,241585,1068370,754270,702849,673414,785926,127782,1280738,363570,606921,764121,916929,23719,691364,896927
401428,402228,Mirage Dive,43107.0,1553583,697696,721728,330520,2053964,664279,241585,1068370,754270,702849,716521,785926,127782,1280738,363570,606921,764121,916929,23719,691364,896927
402508,403128,Fang and Claw,38570.0,1553583,697696,721728,330520,2053964,702849,241585,1068370,754270,702849,716521,785926,127782,1280738,363570,606921,764121,916929,23719,691364,896927
387508,403500,Chaotic Spring (dot),5520.0,1553583,697696,727248,330520,2053964,702849,241585,1068370,754270,702849,716521,785926,127782,1280738,363570,606921,764121,916929,23719,691364,896927
403960,404492,Auto,9517.0,1563100,697696,727248,330520,2053964,702849,241585,1068370,754270,702849,716521,785926,127782,1280738,363570,606921,764121,916929,23719,691364,896927
405008,405628,Drakesbane,52183.0,1563100,697696,727248,330520,2106147,702849,241585,1068370,754270,702849,716521,785926,127782,1280738,363570,606921,764121,916929,23719,691364,896927
387508,406500,Chaotic Spring (dot),5520.0,1563100,697696,732768,330520,2106147,702849,241585,1068370,754270,702849,716521,785926,127782,1280738,363570,606921,764121,916929,23719,691364,896927
406760,407292,Auto,9517.0,1572617,697696,732768,330520,2106147,702849,241585,1068370,754270,702849,716521,785926,127782,1280738,363570,606921,764121,916929,23719,691364,896927
407508,408128,Raiden Thrust,36300.0,1572617,697696,732768,330520,2106147,702849,241585,1068370,754270,702849,716521,785926,127782,1317038,363570,606921,764121,916929,23719,691364,896927
387508,409500,Chaotic Spring (dot),5520.0,1572617,697696,738288,330520,2106147,702849,241585,1068370,754270,702849,716521,785926,127782,1317038,363570,606921,764121,916929,23719,691364,896927
409560,410092,Auto,9517.0,1582134,697696,738288,330520,2106147,702849,241585,1068370,754270,702849,716521,785926,127782,1317038,363570,606921,764121,916929,23719,691364,896927
410008,411388,Spiral Blow,34032.0,1582134,697696,738288,330520,2106147,702849,241585,1068370,754270,702849,716521,785926,127782,1317038,363570,640953,764121,916929,23719,691364,896927
412360,412892,Auto,9517.0,1591651,697696,738288,330520,2106147,702849,241585,1068370,754270,702849,716521,785926,127782,1317038,363570,640953,764121,916929,23719,691364,896927
412508,412958,Chaotic Spring,38570.0,1591651,736266,738288,330520,2106147,702849,241585,1068370,754270,702849,716521,785926,127782,1317038,363570,640953,764121,916929,23719,691364,896927
413128,414328,Wyrmwind Thrust,49915.0,1591651,736266,738288,330520,2106147,702849,241585,1068370,754270,702849,716521,785926,127782,1317038,363570,640953,764121,916929,23719,691364,946842
412508,415500,Chaotic Spring (dot),5102.0,1591651,736266,743390,330520,2106147,702849,241585,1068370,754270,702849,716521,785926,127782,1317038,363570,640953,764121,916929,23719,691364,946842
415008,415628,Wheeling Thrust,38570.0,1591651,736266,743390,330520,2106147,702849,241585,1068370,754270,702849,716521,785926,127782,1317038,363570,640953,764121,916929,23719,729934,946842
415160,415692,Auto,9517.0,1601168,736266,743390,330520,2106147,702849,241585,1068370,754270,702849,716521,785926,127782,1317038,363570,640953,764121,916929,23719,729934,946842
417508,418128,Drakesbane,52183.0,1601168,736266,743390,330520,2158330,702849,241585,1068370,754270,702849,716521,785926,127782,1317038,363570,640953,764121,916929,23719,729934,946842
417960,418492,Auto,9517.0,1610685,736266,743390,330520,2158330,702849,241585,1068370,754270,702849,716521,785926,127782,1317038,363570,640953,764121,916929,23719,729934,946842
412508,418500,Chaotic Spring (dot),5102.0,1610685,736266,748492,330520,2158330,702849,241585,1068370,754270,702849,716521,785926,127782,1317038,363570,640953,764121,916929,23719,729934,946842
420008,420628,Raiden Thrust,36300.0,1610685,736266,748492,330520,2158330,702849,241585,1068370,754270,702849,716521,785926,127782,1353338,363570,640953,764121,916929,23719,729934,946842
420760,421292,Auto,9517.0,1620202,736266,748492,330520,2158330,702849,241585,1068370,754270,702849,716521,785926,127782,1353338,363570,640953,764121,916929,23719,729934,946842
412508,421500,Chaotic Spring (dot),5102.0,1620202,736266,753594,330520,2158330,702849,241585,1068370,754270,702849,716521,785926,127782,1353338,363570,640953,764121,916929,23719,729934,946842
422508,423448,Lance Barrage,38570.0,1620202,736266,753594,330520,2158330,702849,241585,1068370,754270,741419,716521,785926,127782,1353338,363570,640953,764121,916929,23719,729934,946842
423560,424092,Auto,9517.0,1629719,736266,753594,330520,2158330,702849,241585,1068370,754270,741419,716521,785926,127782,1353338,363570,640953,764121,916929,23719,729934,946842
412508,424500,Chaotic Spring (dot),5102.0,1629719,736266,758696,330520,2158330,702849,241585,1068370,754270,741419,716521,785926,127782,1353338,363570,640953,764121,916929,23719,729934,946842
425009,425719,Heavens' Thrust,52183.0,1629719,736266,758696,330520,2158330,702849,241585,1120553,754270,741419,716521,785926,127782,1353338,363570,640953,764121,916929,23719,729934,946842
426360,426892,Auto,9517.0,1639236,736266,758696,330520,2158330,702849,241585,1120553,754270,741419,716521,785926,127782,1353338,363570,640953,764121,916929,23719,729934,946842
412508,427500,Chaotic Spring (dot),5102.0,1639236,736266,763798,330520,2158330,702849,241585,1120553,754270,741419,716521,785926,127782,1353338,363570,640953,764121,916929,23719,729934,946842
426867,427537,Geirskogul,31761.0,1639236,736266,763798,330520,2158330,702849,273346,1120553,754270,741419,716521,785926,127782,1353338,363570,640953,764121,916929,23719,729934,946842
427509,428129,Fang and Claw,48791.0,1639236,736266,763798,330520,2158330,751640,273346,1120553,754270,741419,716521,785926,127782,1353338,363570,640953,764121,916929,23719,729934,946842
428749,429509,Nastrond,103326.0,1639236,736266,763798,330520,2158330,751640,273346,1120553,754270,741419,716521,889252,127782,1353338,363570,640953,764121,916929,23719,729934,946842
429160,429692,Auto,12040.0,1651276,736266,763798,330520,2158330,751640,273346,1120553,754270,741419,716521,889252,127782,1353338,363570,640953,764121,916929,23719,729934,946842
412508,430500,Chaotic Spring (dot),5102.0,1651276,736266,768900,330520,2158330,751640,273346,1120553,754270,741419,716521,889252,127782,1353338,363570,640953,764121,916929,23719,729934,946842
430009,430629,Drakesbane,91479.0,1651276,736266,768900,330520,2249809,751640,273346,1120553,754270,741419,716521,889252,127782,1353338,363570,640953,764121,916929,23719,729934,946842
430629,431119,High Jump,57404.0,1651276,736266,768900,330520,2249809,751640,273346,1120553,811674,741419,716521,889252,127782,1353338,363570,640953,764121,916929,23719,729934,946842
431429,432229,Mirage Dive,54530.0,1651276,736266,768900,330520,2249809,751640,273346,1120553,811674,741419,771051,889252,127782,1353338,363570,640953,764121,916929,23719,729934,946842
431960,432492,Auto,12040.0,1663316,736266,768900,330520,2249809,751640,273346,1120553,811674,741419,771051,889252,127782,1353338,363570,640953,764121,916929,23719,729934,946842
432509,433129,Raiden Thrust,45920.0,1663316,736266,768900,330520,2249809,751640,273346,1120553,811674,741419,771051,889252,127782,1399258,363570,640953,764121,916929,23719,729934,946842
412508,433500,Chaotic Spring (dot),5102.0,1663316,736266,774002,330520,2249809,751640,273346,1120553,811674,741419,771051,889252,127782,1399258,363570,640953,764121,916929,23719,729934,946842
433129,434419,Stardiver,120549.0,1663316,736266,774002,330520,2249809,751640,273346,1120553,811674,741419,771051,889252,127782,1399258,363570,640953,764121,1037478,23719,729934,946842
434760,435292,Auto,12040.0,1675356,736266,774002,330520,2249809,751640,273346,1120553,811674,741419,771051,889252,127782,1399258,363570,640953,764121,1037478,23719,729934,946842
435009,436389,Spiral Blow,43050.0,1675356,736266,774002,330520,2249809,751640,273346,1120553,811674,741419,771051,889252,127782,1399258,363570,684003,764121,1037478,23719,729934,946842
412508,436500,Chaotic Spring (dot),5102.0,1675356,736266,779104,330520,2249809,751640,273346,1120553,811674,741419,771051,889252,127782,1399258,363570,684003,764121,1037478,23719,729934,946842
435629,436609,Starcross,100459.0,1675356,736266,779104,330520,2249809,751640,273346,1120553,811674,741419,771051,889252,127782,1399258,363570,684003,864580,1037478,23719,729934,946842
436249,437449,Wyrmwind Thrust,63143.0,1675356,736266,779104,330520,2249809,751640,273346,1120553,811674,741419,771051,889252,127782,1399258,363570,684003,864580,1037478,23719,729934,1009985
437509,437959,Chaotic Spring,48791.0,1675356,785057,779104,330520,2249809,751640,273346,1120553,811674,741419,771051,889252,127782,1399258,363570,684003,864580,1037478,23719,729934,1009985
437560,438092,Auto,12040.0,1687396,785057,779104,330520,2249809,751640,273346,1120553,811674,741419,771051,889252,127782,1399258,363570,684003,864580,1037478,23719,729934,1009985
437509,439500,Chaotic Spring (dot),6454.0,1687396,785057,785558,330520,2249809,751640,273346,1120553,811674,741419,771051,889252,127782,1399258,363570,684003,864580,1037478,23719,729934,1009985
440009,440629,Wheeling Thrust,48791.0,1687396,785057,785558,330520,2249809,751640,273346,1120553,811674,741419,771051,889252,127782,1399258,363570,684003,864580,1037478,23719,778725,1009985
440360,440892,Auto,12040.0,1699436,785057,785558,330520,2249809,751640,273346,1120553,811674,741419,771051,889252,127782,1399258,363570,684003,864580,1037478,23719,778725,1009985
437509,442500,Chaotic Spring (dot),6454.0,1699436,785057,792012,330520,2249809,751640,273346,1120553,811674,741419,771051,889252,127782,1399258,363570,684003,864580,1037478,23719,778725,1009985
442509,443129,Drakesbane,66011.0,1699436,785057,792012,330520,2315820,751640,273346,1120553,811674,741419,771051,889252,127782,1399258,363570,684003,864580,1037478,23719,778725,1009985
443160,443692,Auto,12040.0,1711476,785057,792012,330520,2315820,751640,273346,1120553,811674,741419,771051,889252,127782,1399258,363570,684003,864580,1037478,23719,778725,1009985
437509,445500,Chaotic Spring (dot),6454.0,1711476,785057,798466,330520,2315820,751640,273346,1120553,811674,741419,771051,889252,127782,1399258,363570,684003,864580,1037478,23719,778725,1009985
445009,445629,Raiden Thrust,45920.0,1711476,785057,798466,330520,2315820,751640,273346,1120553,811674,741419,771051,889252,127782,1445178,363570,684003,864580,1037478,23719,778725,1009985
445960,446492,Auto,12040.0,1723516,785057,798466,330520,2315820,751640,273346,1120553,811674,741419,771051,889252,127782,1445178,363570,684003,864580,1037478,23719,778725,1009985
447509,448449,Lance Barrage,38570.0,1723516,785057,798466,330520,2315820,751640,273346,1120553,811674,779989,771051,889252,127782,1445178,363570,684003,864580,1037478,23719,778725,1009985
437509,448500,Chaotic Spring (dot),6454.0,1723516,785057,804920,330520,2315820,751640,273346,1120553,811674,779989,771051,889252,127782,1445178,363570,684003,864580,1037478,23719,778725,1009985
448760,449292,Auto,9517.0,1733033,785057,804920,330520,2315820,751640,273346,1120553,811674,779989,771051,889252,127782,1445178,363570,684003,864580,1037478,23719,778725,1009985
450009,450719,Heavens' Thrust,52183.0,1733033,785057,804920,330520,2315820,751640,273346,1172736,811674,779989,771051,889252,127782,1445178,363570,684003,864580,1037478,23719,778725,1009985
437509,451500,Chaotic Spring (dot),6454.0,1733033,785057,811374,330520,2315820,751640,273346,1172736,811674,779989,771051,889252,127782,1445178,363570,684003,864580,1037478,23719,778725,1009985
451560,452092,Auto,9517.0,1742550,785057,811374,330520,2315820,751640,273346,1172736,811674,779989,771051,889252,127782,1445178,363570,684003,864580,1037478,23719,778725,1009985
452509,453129,Fang and Claw,38570.0,1742550,785057,811374,330520,2315820,790210,273346,1172736,811674,779989,771051,889252,127782,1445178,363570,684003,864580,1037478,23719,778725,1009985
437509,454500,Chaotic Spring (dot),6454.0,1742550,785057,817828,330520,2315820,790210,273346,1172736,811674,779989,771051,889252,127782,1445178,363570,684003,864580,1037478,23719,778725,1009985
454360,454892,Auto,9517.0,1752067,785057,817828,330520,2315820,790210,273346,1172736,811674,779989,771051,889252,127782,1445178,363570,684003,864580,1037478,23719,778725,1009985
455009,455629,Drakesbane,52183.0,1752067,785057,817828,330520,2368003,790210,273346,1172736,811674,779989,771051,889252,127782,1445178,363570,684003,864580,1037478,23719,778725,1009985
437509,457500,Chaotic Spring (dot),6454.0,1752067,785057,824282,330520,2368003,790210,273346,1172736,811674,779989,771051,889252,127782,1445178,363570,684003,864580,1037478,23719,778725,1009985
457160,457692,Auto,9517.0,1761584,785057,824282,330520,2368003,790210,273346,1172736,811674,779989,771051,889252,127782,1445178,363570,684003,864580,1037478,23719,778725,1009985
457509,458129,Raiden Thrust,36300.0,1761584,785057,824282,330520,2368003,790210,273346,1172736,811674,779989,771051,889252,127782,1481478,363570,684003,864580,1037478,23719,778725,1009985
458129,459329,Wyrmwind Thrust,49915.0,1761584,785057,824282,330520,2368003,790210,273346,1172736,811674,779989,771051,889252,127782,1481478,363570,684003,864580,1037478,23719,778725,1059900
459960,460492,Auto,9517.0,1771101,785057,824282,330520,2368003,790210,273346,1172736,811674,779989,771051,889252,127782,1481478,363570,684003,864580,1037478,23719,778725,1059900
437509,460500,Chaotic Spring (dot),6454.0,1771101,785057,830736,330520,2368003,790210,273346,1172736,811674,779989,771051,889252,127782,1481478,363570,684003,864580,1037478,23719,778725,1059900
460629,461119,High Jump,45378.0,1771101,785057,830736,330520,2368003,790210,273346,1172736,857052,779989,771051,889252,127782,1481478,363570,684003,864580,1037478,23719,778725,1059900
460009,461389,Spiral Blow,34032.0,1771101,785057,830736,330520,2368003,790210,273346,1172736,857052,779989,771051,889252,127782,1481478,363570,718035,864580,1037478,23719,778725,1059900
461429,462229,Mirage Dive,43107.0,1771101,785057,830736,330520,2368003,790210,273346,1172736,857052,779989,814158,889252,127782,1481478,363570,718035,864580,1037478,23719,778725,1059900
462509,462959,Chaotic Spring,38570.0,1771101,823627,830736,330520,2368003,790210,273346,1172736,857052,779989,814158,889252,127782,1481478,363570,718035,864580,1037478,23719,778725,1059900
462760,463292,Auto,9517.0,1780618,823627,830736,330520,2368003,790210,273346,1172736,857052,779989,814158,889252,127782,1481478,363570,718035,864580,1037478,23719,778725,1059900
462509,463500,Chaotic Spring (dot),5102.0,1780618,823627,835838,330520,2368003,790210,273346,1172736,857052,779989,814158,889252,127782,1481478,363570,718035,864580,1037478,23719,778725,1059900
465009,465629,Wheeling Thrust,38570.0,1780618,823627,835838,330520,2368003,790210,273346,1172736,857052,779989,814158,889252,127782,1481478,363570,718035,864580,1037478,23719,817295,1059900
465560,466092,Auto,9517.0,1790135,823627,835838,330520,2368003,790210,273346,1172736,857052,779989,814158,889252,127782,1481478,363570,718035,864580,1037478,23719,817295,1059900
462509,466500,Chaotic Spring (dot),5102.0,1790135,823627,840940,330520,2368003,790210,273346,1172736,857052,779989,814158,889252,127782,1481478,363570,718035,864580,1037478,23719,817295,1059900
467509,468129,Drakesbane,52183.0,1790135,823627,840940,330520,2420186,790210,273346,1172736,857052,779989,814158,889252,127782,1481478,363570,718035,864580,1037478,23719,817295,1059900
468360,468892,Auto,9517.0,1799652,823627,840940,330520,2420186,790210,273346,1172736,857052,779989,814158,889252,127782,1481478,363570,718035,864580,1037478,23719,817295,1059900
462509,469500,Chaotic Spring (dot),5102.0,1799652,823627,846042,330520,2420186,790210,273346,1172736,857052,779989,814158,889252,127782,1481478,363570,718035,864580,1037478,23719,817295,1059900
470009,470629,Raiden Thrust,36300.0,1799652,823627,846042,330520,2420186,790210,273346,1172736,857052,779989,814158,889252,127782,1517778,363570,718035,864580,1037478,23719,817295,1059900
471160,471692,Auto,9517.0,1809169,823627,846042,330520,2420186,790210,273346,1172736,857052,779989,814158,889252,127782,1517778,363570,718035,864580,1037478,23719,817295,1059900
462509,472500,Chaotic Spring (dot),5102.0,1809169,823627,851144,330520,2420186,790210,273346,1172736,857052,779989,814158,889252,127782,1517778,363570,718035,864580,1037478,23719,817295,1059900
472509,473449,Lance Barrage,38570.0,1809169,823627,851144,330520,2420186,790210,273346,1172736,857052,818559,814158,889252,127782,1517778,363570,718035,864580,1037478,23719,817295,1059900
473960,474492,Auto,9517.0,1818686,823627,851144,330520,2420186,790210,273346,1172736,857052,818559,814158,889252,127782,1517778,363570,718035,864580,1037478,23719,817295,1059900
462509,475500,Chaotic Spring (dot),5102.0,1818686,823627,856246,330520,2420186,790210,273346,1172736,857052,818559,814158,889252,127782,1517778,363570,718035,864580,1037478,23719,817295,1059900
475010,475720,Heavens' Thrust,52183.0,1818686,823627,856246,330520,2420186,790210,273346,1224919,857052,818559,814158,889252,127782,1517778,363570,718035,864580,1037478,23719,817295,1059900
476760,477292,Auto,9517.0,1828203,823627,856246,330520,2420186,790210,273346,1224919,857052,818559,814158,889252,127782,1517778,363570,718035,864580,1037478,23719,817295,1059900
477510,478130,Fang and Claw,38570.0,1828203,823627,856246,330520,2420186,828780,273346,1224919,857052,818559,814158,889252,127782,1517778,363570,718035,864580,1037478,23719,817295,1059900
462509,478500,Chaotic Spring (dot),5102.0,1828203,823627,861348,330520,2420186,828780,273346,1224919,857052,818559,814158,889252,127782,1517778,363570,718035,864580,1037478,23719,817295,1059900
479560,480092,Auto,9517.0,1837720,823627,861348,330520,2420186,828780,273346,1224919,857052,818559,814158,889252,127782,1517778,363570,718035,864580,1037478,23719,817295,1059900
480010,480630,Drakesbane,52183.0,1837720,823627,861348,330520,2472369,828780,273346,1224919,857052,818559,814158,889252,127782,1517778,363570,718035,864580,1037478,23719,817295,1059900
462509,481500,Chaotic Spring (dot),5102.0,1837720,823627,866450,330520,2472369,828780,273346,1224919,857052,818559,814158,889252,127782,1517778,363570,718035,864580,1037478,23719,817295,1059900
482360,482892,Auto,9517.0,1847237,823627,866450,330520,2472369,828780,273346,1224919,857052,818559,814158,889252,127782,1517778,363570,718035,864580,1037478,23719,817295,1059900
482510,483130,Raiden Thrust,36300.0,1847237,823627,866450,330520,2472369,828780,273346,1224919,857052,818559,814158,889252,127782,1554078,363570,718035,864580,1037478,23719,817295,1059900
462509,484500,Chaotic Spring (dot),5102.0,1847237,823627,871552,330520,2472369,828780,273346,1224919,857052,818559,814158,889252,127782,1554078,363570,718035,864580,1037478,23719,817295,1059900
485160,485692,Auto,9517.0,1856754,823627,871552,330520,2472369,828780,273346,1224919,857052,818559,814158,889252,127782,1554078,363570,718035,864580,1037478,23719,817295,1059900
485010,486390,Spiral Blow,34032.0,1856754,823627,871552,330520,2472369,828780,273346,1224919,857052,818559,814158,889252,127782,1554078,363570,752067,864580,1037478,23719,817295,1059900
486870,487540,Geirskogul,35133.0,1856754,823627,871552,330520,2472369,828780,308479,1224919,857052,818559,814158,889252,127782,1554078,363570,752067,864580,1037478,23719,817295,1059900
487510,487960,Chaotic Spring,53972.0,1856754,877599,871552,330520,2472369,828780,308479,1224919,857052,818559,814158,889252,127782,1554078,363570,752067,864580,1037478,23719,817295,1059900
487960,488492,Auto,13318.0,1870072,877599,871552,330520,2472369,828780,308479,1224919,857052,818559,814158,889252,127782,1554078,363570,752067,864580,1037478,23719,817295,1059900
488130,489330,Wyrmwind Thrust,69847.0,1870072,877599,871552,330520,2472369,828780,308479,1224919,857052,818559,814158,889252,127782,1554078,363570,752067,864580,1037478,23719,817295,1129747
488750,489510,Nastrond,114298.0,1870072,877599,871552,330520,2472369,828780,308479,1224919,857052,818559,814158,1003550,127782,1554078,363570,752067,864580,1037478,23719,817295,1129747
487510,490500,Chaotic Spring (dot),7139.0,1870072,877599,878691,330520,2472369,828780,308479,1224919,857052,818559,814158,1003550,127782,1554078,363570,752067,864580,1037478,23719,817295,1129747
490010,490630,Wheeling Thrust,53972.0,1870072,877599,878691,330520,2472369,828780,308479,1224919,857052,818559,814158,1003550,127782,1554078,363570,752067,864580,1037478,23719,871267,1129747
490630,491120,High Jump,63499.0,1870072,877599,878691,330520,2472369,828780,308479,1224919,920551,818559,814158,1003550,127782,1554078,363570,752067,864580,1037478,23719,871267,1129747
490760,491292,Auto,13318.0,1883390,877599,878691,330520,2472369,828780,308479,1224919,920551,818559,814158,1003550,127782,1554078,363570,752067,864580,1037478,23719,871267,1129747
492510,493130,Drakesbane,102095.0,1883390,877599,878691,330520,2574464,828780,308479,1224919,920551,818559,814158,1003550,127782,1554078,363570,752067,864580,1037478,23719,871267,1129747
487510,493500,Chaotic Spring (dot),7139.0,1883390,877599,885830,330520,2574464,828780,308479,1224919,920551,818559,814158,1003550,127782,1554078,363570,752067,864580,1037478,23719,871267,1129747
493130,493930,Dragonfire Dive,79375.0,1883390,877599,885830,409895,2574464,828780,308479,1224919,920551,818559,814158,1003550,127782,1554078,363570,752067,864580,1037478,23719,871267,1129747
493560,494092,Auto,13318.0,1896708,877599,885830,409895,2574464,828780,308479,1224919,920551,818559,814158,1003550,127782,1554078,363570,752067,864580,1037478,23719,871267,1129747
493930,494730,Mirage Dive,60320.0,1896708,877599,885830,409895,2574464,828780,308479,1224919,920551,818559,874478,1003550,127782,1554078,363570,752067,864580,1037478,23719,871267,1129747
495010,495630,Raiden Thrust,50796.0,1896708,877599,885830,409895,2574464,828780,308479,1224919,920551,818559,874478,1003550,127782,1604874,363570,752067,864580,1037478,23719,871267,1129747
487510,496500,Chaotic Spring (dot),7139.0,1896708,877599,892969,409895,2574464,828780,308479,1224919,920551,818559,874478,1003550,127782,1604874,363570,752067,864580,1037478,23719,871267,1129747
496360,496892,Auto,13318.0,1910026,877599,892969,409895,2574464,828780,308479,1224919,920551,818559,874478,1003550,127782,1604874,363570,752067,864580,1037478,23719,871267,1129747
495630,496920,Stardiver,133349.0,1910026,877599,892969,409895,2574464,828780,308479,1224919,920551,818559,874478,1003550,127782,1604874,363570,752067,864580,1170827,23719,871267,1129747
497510,498450,Lance Barrage,53972.0,1910026,877599,892969,409895,2574464,828780,308479,1224919,920551,872531,874478,1003550,127782,1604874,363570,752067,864580,1170827,23719,871267,1129747
498130,499110,Starcross,111127.0,1910026,877599,892969,409895,2574464,828780,308479,1224919,920551,872531,874478,1003550,127782,1604874,363570,752067,975707,1170827,23719,871267,1129747
487510,499500,Chaotic Spring (dot),7139.0,1910026,877599,900108,409895,2574464,828780,308479,1224919,920551,872531,874478,1003550,127782,1604874,363570,752067,975707,1170827,23719,871267,1129747
499160,499692,Auto,13318.0,1923344,877599,900108,409895,2574464,828780,308479,1224919,920551,872531,874478,1003550,127782,1604874,363570,752067,975707,1170827,23719,871267,1129747
500010,500720,Heavens' Thrust,102095.0,1923344,877599,900108,409895,2574464,828780,308479,1327014,920551,872531,874478,1003550,127782,1604874,363570,752067,975707,1170827,23719,871267,1129747
500630,501790,Rise of the Dragon,87308.0,1923344,877599,900108,409895,2574464,828780,308479,1327014,920551,872531,874478,1003550,127782,1604874,450878,752067,975707,1170827,23719,871267,1129747
501960,502492,Auto,13318.0,1936662,877599,900108,409895,2574464,828780,308479,1327014,920551,872531,874478,1003550,127782,1604874,450878,752067,975707,1170827,23719,871267,1129747
487510,502500,Chaotic Spring (dot),7139.0,1936662,877599,907247,409895,2574464,828780,308479,1327014,920551,872531,874478,1003550,127782,1604874,450878,752067,975707,1170827,23719,871267,1129747
502510,503130,Fang and Claw,53972.0,1936662,877599,907247,409895,2574464,882752,308479,1327014,920551,872531,874478,1003550,127782,1604874,450878,752067,975707,1170827,23719,871267,1129747
504760,505292,Auto,13318.0,1949980,877599,907247,409895,2574464,882752,308479,1327014,920551,872531,874478,1003550,127782,1604874,450878,752067,975707,1170827,23719,871267,1129747
487510,505500,Chaotic Spring (dot),7139.0,1949980,877599,914386,409895,2574464,882752,308479,1327014,920551,872531,874478,1003550,127782,1604874,450878,752067,975707,1170827,23719,871267,1129747
505010,505630,Drakesbane,73021.0,1949980,877599,914386,409895,2647485,882752,308479,1327014,920551,872531,874478,1003550,127782,1604874,450878,752067,975707,1170827,23719,871267,1129747
507560,508092,Auto,9517.0,1959497,877599,914386,409895,2647485,882752,308479,1327014,920551,872531,874478,1003550,127782,1604874,450878,752067,975707,1170827,23719,871267,1129747
507510,508130,Raiden Thrust,36300.0,1959497,877599,914386,409895,2647485,882752,308479,1327014,920551,872531,874478,1003550,127782,1641174,450878,752067,975707,1170827,23719,871267,1129747
487510,508500,Chaotic Spring (dot),7139.0,1959497,877599,921525,409895,2647485,882752,308479,1327014,920551,872531,874478,1003550,127782,1641174,450878,752067,975707,1170827,23719,871267,1129747
508130,509330,Wyrmwind Thrust,49915.0,1959497,877599,921525,409895,2647485,882752,308479,1327014,920551,872531,874478,1003550,127782,1641174,450878,752067,975707,1170827,23719,871267,1179662
510360,510892,Auto,9517.0,1969014,877599,921525,409895,2647485,882752,308479,1327014,920551,872531,874478,1003550,127782,1641174,450878,752067,975707,1170827,23719,871267,1179662
510010,511390,Spiral Blow,34032.0,1969014,877599,921525,409895,2647485,882752,308479,1327014,920551,872531,874478,1003550,127782,1641174,450878,786099,975707,1170827,23719,871267,1179662
487510,511500,Chaotic Spring (dot),7139.0,1969014,877599,928664,409895,2647485,882752,308479,1327014,920551,872531,874478,1003550,127782,1641174,450878,786099,975707,1170827,23719,871267,1179662
512510,512960,Chaotic Spring,38570.0,1969014,916169,928664,409895,2647485,882752,308479,1327014,920551,872531,874478,1003550,127782,1641174,450878,786099,975707,1170827,23719,871267,1179662
513160,513692,Auto,9517.0,1978531,916169,928664,409895,2647485,882752,308479,1327014,920551,872531,874478,1003550,127782,1641174,450878,786099,975707,1170827,23719,871267,1179662
512510,514500,Chaotic Spring (dot),5102.0,1978531,916169,933766,409895,2647485,882752,308479,1327014,920551,872531,874478,1003550,127782,1641174,450878,786099,975707,1170827,23719,871267,1179662
515010,515630,Wheeling Thrust,38570.0,1978531,916169,933766,409895,2647485,882752,308479,1327014,920551,872531,874478,1003550,127782,1641174,450878,786099,975707,1170827,23719,909837,1179662
515960,516492,Auto,9517.0,1988048,916169,933766,409895,2647485,882752,308479,1327014,920551,872531,874478,1003550,127782,1641174,450878,786099,975707,1170827,23719,909837,1179662
512510,517500,Chaotic Spring (dot),5102.0,1988048,916169,938868,409895,2647485,882752,308479,1327014,920551,872531,874478,1003550,127782,1641174,450878,786099,975707,1170827,23719,909837,1179662
517510,518130,Drakesbane,52183.0,1988048,916169,938868,409895,2699668,882752,308479,1327014,920551,872531,874478,1003550,127782,1641174,450878,786099,975707,1170827,23719,909837,1179662
518760,519292,Auto,9517.0,1997565,916169,938868,409895,2699668,882752,308479,1327014,920551,872531,874478,1003550,127782,1641174,450878,786099,975707,1170827,23719,909837,1179662
512510,520500,Chaotic Spring (dot),5102.0,1997565,916169,943970,409895,2699668,882752,308479,1327014,920551,872531,874478,1003550,127782,1641174,450878,786099,975707,1170827,23719,909837,1179662
520010,520630,Raiden Thrust,36300.0,1997565,916169,943970,409895,2699668,882752,308479,1327014,920551,872531,874478,1003550,127782,1677474,450878,786099,975707,1170827,23719,909837,1179662
520630,521120,High Jump,45378.0,1997565,916169,943970,409895,2699668,882752,308479,1327014,965929,872531,874478,1003550,127782,1677474,450878,786099,975707,1170827,23719,909837,1179662
521560,522092,Auto,9517.0,2007082,916169,943970,409895,2699668,882752,308479,1327014,965929,872531,874478,1003550,127782,1677474,450878,786099,975707,1170827,23719,909837,1179662
521429,522229,Mirage Dive,43107.0,2007082,916169,943970,409895,2699668,882752,308479,1327014,965929,872531,917585,1003550,127782,1677474,450878,786099,975707,1170827,23719,909837,1179662
522510,523450,Lance Barrage,38570.0,2007082,916169,943970,409895,2699668,882752,308479,1327014,965929,911101,917585,1003550,127782,1677474,450878,786099,975707,1170827,23719,909837,1179662
512510,523500,Chaotic Spring (dot),5102.0,2007082,916169,949072,409895,2699668,882752,308479,1327014,965929,911101,917585,1003550,127782,1677474,450878,786099,975707,1170827,23719,909837,1179662
524360,524892,Auto,9517.0,2016599,916169,949072,409895,2699668,882752,308479,1327014,965929,911101,917585,1003550,127782,1677474,450878,786099,975707,1170827,23719,909837,1179662
525011,525721,Heavens' Thrust,52183.0,2016599,916169,949072,409895,2699668,882752,308479,1379197,965929,911101,917585,1003550,127782,1677474,450878,786099,975707,1170827,23719,909837,1179662
512510,526500,Chaotic Spring (dot),5102.0,2016599,916169,954174,409895,2699668,882752,308479,1379197,965929,911101,917585,1003550,127782,1677474,450878,786099,975707,1170827,23719,909837,1179662
527160,527692,Auto,9517.0,2026116,916169,954174,409895,2699668,882752,308479,1379197,965929,911101,917585,1003550,127782,1677474,450878,786099,975707,1170827,23719,909837,1179662
527511,528131,Fang and Claw,38570.0,2026116,916169,954174,409895,2699668,921322,308479,1379197,965929,911101,917585,1003550,127782,1677474,450878,786099,975707,1170827,23719,909837,1179662
512510,529500,Chaotic Spring (dot),5102.0,2026116,916169,959276,409895,2699668,921322,308479,1379197,965929,911101,917585,1003550,127782,1677474,450878,786099,975707,1170827,23719,909837,1179662
529960,530492,Auto,9517.0,2035633,916169,959276,409895,2699668,921322,308479,1379197,965929,911101,917585,1003550,127782,1677474,450878,786099,975707,1170827,23719,909837,1179662
530011,530631,Drakesbane,52183.0,2035633,916169,959276,409895,2751851,921322,308479,1379197,965929,911101,917585,1003550,127782,1677474,450878,786099,975707,1170827,23719,909837,1179662
512510,532500,Chaotic Spring (dot),5102.0,2035633,916169,964378,409895,2751851,921322,308479,1379197,965929,911101,917585,1003550,127782,1677474,450878,786099,975707,1170827,23719,909837,1179662
532511,533131,Raiden Thrust,36300.0,2035633,916169,964378,409895,2751851,921322,308479,1379197,965929,911101,917585,1003550,127782,1713774,450878,786099,975707,1170827,23719,909837,1179662
532760,533292,Auto,9517.0,2045150,916169,964378,409895,2751851,921322,308479,1379197,965929,911101,917585,1003550,127782,1713774,450878,786099,975707,1170827,23719,909837,1179662
512510,535500,Chaotic Spring (dot),5102.0,2045150,916169,969480,409895,2751851,921322,308479,1379197,965929,911101,917585,1003550,127782,1713774,450878,786099,975707,1170827,23719,909837,1179662
535560,536092,Auto,9517.0,2054667,916169,969480,409895,2751851,921322,308479,1379197,965929,911101,917585,1003550,127782,1713774,450878,786099,975707,1170827,23719,909837,1179662
535011,536391,Spiral Blow,34032.0,2054667,916169,969480,409895,2751851,921322,308479,1379197,965929,911101,917585,1003550,127782,1713774,450878,820131,975707,1170827,23719,909837,1179662
537511,537961,Chaotic Spring,38570.0,2054667,954739,969480,409895,2751851,921322,308479,1379197,965929,911101,917585,1003550,127782,1713774,450878,820131,975707,1170827,23719,909837,1179662
537511,538500,Chaotic Spring (dot),5102.0,2054667,954739,974582,409895,2751851,921322,308479,1379197,965929,911101,917585,1003550,127782,1713774,450878,820131,975707,1170827,23719,909837,1179662
538360,538892,Auto,9517.0,2064184,954739,974582,409895,2751851,921322,308479,1379197,965929,911101,917585,1003550,127782,1713774,450878,820131,975707,1170827,23719,909837,1179662
540011,540631,Wheeling Thrust,38570.0,2064184,954739,974582,409895,2751851,921322,308479,1379197,965929,911101,917585,1003550,127782,1713774,450878,820131,975707,1170827,23719,948407,1179662
537511,541500,Chaotic Spring (dot),5102.0,2064184,954739,979684,409895,2751851,921322,308479,1379197,965929,911101,917585,1003550,127782,1713774,450878,820131,975707,1170827,23719,948407,1179662
541160,541692,Auto,9517.0,2073701,954739,979684,409895,2751851,921322,308479,1379197,965929,911101,917585,1003550,127782,1713774,450878,820131,975707,1170827,23719,948407,1179662
542511,543131,Drakesbane,52183.0,2073701,954739,979684,409895,2804034,921322,308479,1379197,965929,911101,917585,1003550,127782,1713774,450878,820131,975707,1170827,23719,948407,1179662
543131,544331,Wyrmwind Thrust,49915.0,2073701,954739,979684,409895,2804034,921322,308479,1379197,965929,911101,917585,1003550,127782,1713774,450878,820131,975707,1170827,23719,948407,1229577
543960,544492,Auto,9517.0,2083218,954739,979684,409895,2804034,921322,308479,1379197,965929,911101,917585,1003550,127782,1713774,450878,820131,975707,1170827,23719,948407,1229577
537511,544500,Chaotic Spring (dot),5102.0,2083218,954739,984786,409895,2804034,921322,308479,1379197,965929,911101,917585,1003550,127782,1713774,450878,820131,975707,1170827,23719,948407,1229577
545011,545631,Raiden Thrust,36300.0,2083218,954739,984786,409895,2804034,921322,308479,1379197,965929,911101,917585,1003550,127782,1750074,450878,820131,975707,1170827,23719,948407,1229577
546760,547292,Auto,9517.0,2092735,954739,984786,409895,2804034,921322,308479,1379197,965929,911101,917585,1003550,127782,1750074,450878,820131,975707,1170827,23719,948407,1229577
537511,547500,Chaotic Spring (dot),5102.0,2092735,954739,989888,409895,2804034,921322,308479,1379197,965929,911101,917585,1003550,127782,1750074,450878,820131,975707,1170827,23719,948407,1229577
546870,547540,Geirskogul,31761.0,2092735,954739,989888,409895,2804034,921322,340240,1379197,965929,911101,917585,1003550,127782,1750074,450878,820131,975707,1170827,23719,948407,1229577
547511,548451,Lance Barrage,48791.0,2092735,954739,989888,409895,2804034,921322,340240,1379197,965929,959892,917585,1003550,127782,1750074,450878,820131,975707,1170827,23719,948407,1229577
548131,548891,Nastrond,103326.0,2092735,954739,989888,409895,2804034,921322,340240,1379197,965929,959892,917585,1106876,127782,1750074,450878,820131,975707,1170827,23719,948407,1229577
549560,550092,Auto,12040.0,2104775,954739,989888,409895,2804034,921322,340240,1379197,965929,959892,917585,1106876,127782,1750074,450878,820131,975707,1170827,23719,948407,1229577
537511,550500,Chaotic Spring (dot),5102.0,2104775,954739,994990,409895,2804034,921322,340240,1379197,965929,959892,917585,1106876,127782,1750074,450878,820131,975707,1170827,23719,948407,1229577
550011,550721,Heavens' Thrust,91479.0,2104775,954739,994990,409895,2804034,921322,340240,1470676,965929,959892,917585,1106876,127782,1750074,450878,820131,975707,1170827,23719,948407,1229577
550631,551121,High Jump,57404.0,2104775,954739,994990,409895,2804034,921322,340240,1470676,1023333,959892,917585,1106876,127782,1750074,450878,820131,975707,1170827,23719,948407,1229577
551431,552231,Mirage Dive,54530.0,2104775,954739,994990,409895,2804034,921322,340240,1470676,1023333,959892,972115,1106876,127782,1750074,450878,820131,975707,1170827,23719,948407,1229577
552360,552892,Auto,12040.0,2116815,954739,994990,409895,2804034,921322,340240,1470676,1023333,959892,972115,1106876,127782,1750074,450878,820131,975707,1170827,23719,948407,1229577
552511,553131,Fang and Claw,48791.0,2116815,954739,994990,409895,2804034,970113,340240,1470676,1023333,959892,972115,1106876,127782,1750074,450878,820131,975707,1170827,23719,948407,1229577
537511,553500,Chaotic Spring (dot),5102.0,2116815,954739,1000092,409895,2804034,970113,340240,1470676,1023333,959892,972115,1106876,127782,1750074,450878,820131,975707,1170827,23719,948407,1229577
553131,554421,Stardiver,120549.0,2116815,954739,1000092,409895,2804034,970113,340240,1470676,1023333,959892,972115,1106876,127782,1750074,450878,820131,975707,1291376,23719,948407,1229577
555011,555631,Drakesbane,66011.0,2116815,954739,1000092,409895,2870045,970113,340240,1470676,1023333,959892,972115,1106876,127782,1750074,450878,820131,975707,1291376,23719,948407,1229577
555160,555692,Auto,12040.0,2128855,954739,1000092,409895,2870045,970113,340240,1470676,1023333,959892,972115,1106876,127782,1750074,450878,820131,975707,1291376,23719,948407,1229577
537511,556500,Chaotic Spring (dot),5102.0,2128855,954739,1005194,409895,2870045,970113,340240,1470676,1023333,959892,972115,1106876,127782,1750074,450878,820131,975707,1291376,23719,948407,1229577
555631,556611,Starcross,100459.0,2128855,954739,1005194,409895,2870045,970113,340240,1470676,1023333,959892,972115,1106876,127782,1750074,450878,820131,1076166,1291376,23719,948407,1229577
557511,558131,Raiden Thrust,45920.0,2128855,954739,1005194,409895,2870045,970113,340240,1470676,1023333,959892,972115,1106876,127782,1795994,450878,820131,1076166,1291376,23719,948407,1229577
557960,558492,Auto,12040.0,2140895,954739,1005194,409895,2870045,970113,340240,1470676,1023333,959892,972115,1106876,127782,1795994,450878,820131,1076166,1291376,23719,948407,1229577
558131,559331,Wyrmwind Thrust,63143.0,2140895,954739,1005194,409895,2870045,970113,340240,1470676,1023333,959892,972115,1106876,127782,1795994,450878,820131,1076166,1291376,23719,948407,1292720
537511,559500,Chaotic Spring (dot),5102.0,2140895,954739,1010296,409895,2870045,970113,340240,1470676,1023333,959892,972115,1106876,127782,1795994,450878,820131,1076166,1291376,23719,948407,1292720
560760,561292,Auto,12040.0,2152935,954739,1010296,409895,2870045,970113,340240,1470676,1023333,959892,972115,1106876,127782,1795994,450878,820131,1076166,1291376,23719,948407,1292720
560011,561391,Spiral Blow,43050.0,2152935,954739,1010296,409895,2870045,970113,340240,1470676,1023333,959892,972115,1106876,127782,1795994,450878,863181,1076166,1291376,23719,948407,1292720
562511,562961,Chaotic Spring,48791.0,2152935,1003530,1010296,409895,2870045,970113,340240,1470676,1023333,959892,972115,1106876,127782,1795994,450878,863181,1076166,1291376,23719,948407,1292720
563560,564092,Auto,12040.0,2164975,1003530,1010296,409895,2870045,970113,340240,1470676,1023333,959892,972115,1106876,127782,1795994,450878,863181,1076166,1291376,23719,948407,1292720
562511,565500,Chaotic Spring (dot),6454.0,2164975,1003530,1016750,409895,2870045,970113,340240,1470676,1023333,959892,972115,1106876,127782,1795994,450878,863181,1076166,1291376,23719,948407,1292720
565011,565631,Wheeling Thrust,48791.0,2164975,1003530,1016750,409895,2870045,970113,340240,1470676,1023333,959892,972115,1106876,127782,1795994,450878,863181,1076166,1291376,23719,997198,1292720
566360,566892,Auto,12040.0,2177015,1003530,1016750,409895,2870045,970113,340240,1470676,1023333,959892,972115,1106876,127782,1795994,450878,863181,1076166,1291376,23719,997198,1292720
567511,568131,Drakesbane,52183.0,2177015,1003530,1016750,409895,2922228,970113,340240,1470676,1023333,959892,972115,1106876,127782,1795994,450878,863181,1076166,1291376,23719,997198,1292720
562511,568500,Chaotic Spring (dot),6454.0,2177015,1003530,1023204,409895,2922228,970113,340240,1470676,1023333,959892,972115,1106876,127782,1795994,450878,863181,1076166,1291376,23719,997198,1292720
569160,569692,Auto,9517.0,2186532,1003530,1023204,409895,2922228,970113,340240,1470676,1023333,959892,972115,1106876,127782,1795994,450878,863181,1076166,1291376,23719,997198,1292720
570011,570631,Raiden Thrust,36300.0,2186532,1003530,1023204,409895,2922228,970113,340240,1470676,1023333,959892,972115,1106876,127782,1832294,450878,863181,1076166,1291376,23719,997198,1292720
562511,571500,Chaotic Spring (dot),6454.0,2186532,1003530,1029658,409895,2922228,970113,340240,1470676,1023333,959892,972115,1106876,127782,1832294,450878,863181,1076166,1291376,23719,997198,1292720
571960,572492,Auto,9517.0,2196049,1003530,1029658,409895,2922228,970113,340240,1470676,1023333,959892,972115,1106876,127782,1832294,450878,863181,1076166,1291376,23719,997198,1292720
572511,573451,Lance Barrage,38570.0,2196049,1003530,1029658,409895,2922228,970113,340240,1470676,1023333,998462,972115,1106876,127782,1832294,450878,863181,1076166,1291376,23719,997198,1292720
562511,574500,Chaotic Spring (dot),6454.0,2196049,1003530,1036112,409895,2922228,970113,340240,1470676,1023333,998462,972115,1106876,127782,1832294,450878,863181,1076166,1291376,23719,997198,1292720
574760,575292,Auto,9517.0,2205566,1003530,1036112,409895,2922228,970113,340240,1470676,1023333,998462,972115,1106876,127782,1832294,450878,863181,1076166,1291376,23719,997198,1292720
575012,575722,Heavens' Thrust,52183.0,2205566,1003530,1036112,409895,2922228,970113,340240,1522859,1023333,998462,972115,1106876,127782,1832294,450878,863181,1076166,1291376,23719,997198,1292720
562511,577500,Chaotic Spring (dot),6454.0,2205566,1003530,1042566,409895,2922228,970113,340240,1522859,1023333,998462,972115,1106876,127782,1832294,450878,863181,1076166,1291376,23719,997198,1292720
577560,578092,Auto,9517.0,2215083,1003530,1042566,409895,2922228,970113,340240,1522859,1023333,998462,972115,1106876,127782,1832294,450878,863181,1076166,1291376,23719,997198,1292720
577512,578132,Fang and Claw,38570.0,2215083,1003530,1042566,409895,2922228,1008683,340240,1522859,1023333,998462,972115,1106876,127782,1832294,450878,863181,1076166,1291376,23719,997198,1292720
562511,580500,Chaotic Spring (dot),6454.0,2215083,1003530,1049020,409895,2922228,1008683,340240,1522859,1023333,998462,972115,1106876,127782,1832294,450878,863181,1076166,1291376,23719,997198,1292720
580012,580632,Drakesbane,52183.0,2215083,1003530,1049020,409895,2974411,1008683,340240,1522859,1023333,998462,972115,1106876,127782,1832294,450878,863181,1076166,1291376,23719,997198,1292720
580360,580892,Auto,9517.0,2224600,1003530,1049020,409895,2974411,1008683,340240,1522859,1023333,998462,972115,1106876,127782,1832294,450878,863181,1076166,1291376,23719,997198,1292720
580632,581122,High Jump,45378.0,2224600,1003530,1049020,409895,2974411,1008683,340240,1522859,1068711,998462,972115,1106876,127782,1832294,450878,863181,1076166,1291376,23719,997198,1292720
581432,582232,Mirage Dive,43107.0,2224600,1003530,1049020,409895,2974411,1008683,340240,1522859,1068711,998462,1015222,1106876,127782,1832294,450878,863181,1076166,1291376,23719,997198,1292720
582512,583132,Raiden Thrust,36300.0,2224600,1003530,1049020,409895,2974411,1008683,340240,1522859,1068711,998462,1015222,1106876,127782,1868594,450878,863181,1076166,1291376,23719,997198,1292720
562511,583500,Chaotic Spring (dot),6454.0,2224600,1003530,1055474,409895,2974411,1008683,340240,1522859,1068711,998462,1015222,1106876,127782,1868594,450878,863181,1076166,1291376,23719,997198,1292720
583160,583692,Auto,9517.0,2234117,1003530,1055474,409895,2974411,1008683,340240,1522859,1068711,998462,1015222,1106876,127782,1868594,450878,863181,1076166,1291376,23719,997198,1292720
583132,584332,Wyrmwind Thrust,49915.0,2234117,1003530,1055474,409895,2974411,1008683,340240,1522859,1068711,998462,1015222,1106876,127782,1868594,450878,863181,1076166,1291376,23719,997198,1342635
585012,586392,Spiral Blow,34032.0,2234117,1003530,1055474,409895,2974411,1008683,340240,1522859,1068711,998462,1015222,1106876,127782,1868594,450878,897213,1076166,1291376,23719,997198,1342635
585960,586492,Auto,9517.0,2243634,1003530,1055474,409895,2974411,1008683,340240,1522859,1068711,998462,1015222,1106876,127782,1868594,450878,897213,1076166,1291376,23719,997198,1342635
562511,586500,Chaotic Spring (dot),6454.0,2243634,1003530,1061928,409895,2974411,1008683,340240,1522859,1068711,998462,1015222,1106876,127782,1868594,450878,897213,1076166,1291376,23719,997198,1342635
587512,587962,Chaotic Spring,38570.0,2243634,1042100,1061928,409895,2974411,1008683,340240,1522859,1068711,998462,1015222,1106876,127782,1868594,450878,897213,1076166,1291376,23719,997198,1342635
588760,589292,Auto,9517.0,2253151,1042100,1061928,409895,2974411,1008683,340240,1522859,1068711,998462,1015222,1106876,127782,1868594,450878,897213,1076166,1291376,23719,997198,1342635
587512,589500,Chaotic Spring (dot),5102.0,2253151,1042100,1067030,409895,2974411,1008683,340240,1522859,1068711,998462,1015222,1106876,127782,1868594,450878,897213,1076166,1291376,23719,997198,1342635
590012,590632,Wheeling Thrust,38570.0,2253151,1042100,1067030,409895,2974411,1008683,340240,1522859,1068711,998462,1015222,1106876,127782,1868594,450878,897213,1076166,1291376,23719,1035768,1342635
591560,592092,Auto,9517.0,2262668,1042100,1067030,409895,2974411,1008683,340240,1522859,1068711,998462,1015222,1106876,127782,1868594,450878,897213,1076166,1291376,23719,1035768,1342635
587512,592500,Chaotic Spring (dot),5102.0,2262668,1042100,1072132,409895,2974411,1008683,340240,1522859,1068711,998462,1015222,1106876,127782,1868594,450878,897213,1076166,1291376,23719,1035768,1342635
592512,593132,Drakesbane,52183.0,2262668,1042100,1072132,409895,3026594,1008683,340240,1522859,1068711,998462,1015222,1106876,127782,1868594,450878,897213,1076166,1291376,23719,1035768,1342635
594360,594892,Auto,9517.0,2272185,1042100,1072132,409895,3026594,1008683,340240,1522859,1068711,998462,1015222,1106876,127782,1868594,450878,897213,1076166,1291376,23719,1035768,1342635
587512,595500,Chaotic Spring (dot),5102.0,2272185,1042100,1077234,409895,3026594,1008683,340240,1522859,1068711,998462,1015222,1106876,127782,1868594,450878,897213,1076166,1291376,23719,1035768,1342635
595012,595632,Raiden Thrust,36300.0,2272185,1042100,1077234,409895,3026594,1008683,340240,1522859,1068711,998462,1015222,1106876,127782,1904894,450878,897213,1076166,1291376,23719,1035768,1342635
597160,597692,Auto,9517.0,2281702,1042100,1077234,409895,3026594,1008683,340240,1522859,1068711,998462,1015222,1106876,127782,1904894,450878,897213,1076166,1291376,23719,1035768,1342635
597512,598452,Lance Barrage,38570.0,2281702,1042100,1077234,409895,3026594,1008683,340240,1522859,1068711,1037032,1015222,1106876,127782,1904894,450878,897213,1076166,1291376,23719,1035768,1342635
587512,598500,Chaotic Spring (dot),5102.0,2281702,1042100,1082336,409895,3026594,1008683,340240,1522859,1068711,1037032,1015222,1106876,127782,1904894,450878,897213,1076166,1291376,23719,1035768,1342635
599960,600492,Auto,9517.0,2291219,1042100,1082336,409895,3026594,1008683,340240,1522859,1068711,1037032,1015222,1106876,127782,1904894,450878,897213,1076166,1291376,23719,1035768,1342635
600012,600722,Heavens' Thrust,52183.0,2291219,1042100,1082336,409895,3026594,1008683,340240,1575042,1068711,1037032,1015222,1106876,127782,1904894,450878,897213,1076166,1291376,23719,1035768,1342635
587512,601500,Chaotic Spring (dot),5102.0,2291219,1042100,1087438,409895,3026594,1008683,340240,1575042,1068711,1037032,1015222,1106876,127782,1904894,450878,897213,1076166,1291376,23719,1035768,1342635
602512,603132,Fang and Claw,38570.0,2291219,1042100,1087438,409895,3026594,1047253,340240,1575042,1068711,1037032,1015222,1106876,127782,1904894,450878,897213,1076166,1291376,23719,1035768,1342635
602760,603292,Auto,9517.0,2300736,1042100,1087438,409895,3026594,1047253,340240,1575042,1068711,1037032,1015222,1106876,127782,1904894,450878,897213,1076166,1291376,23719,1035768,1342635
587512,604500,Chaotic Spring (dot),5102.0,2300736,1042100,1092540,409895,3026594,1047253,340240,1575042,1068711,1037032,1015222,1106876,127782,1904894,450878,897213,1076166,1291376,23719,1035768,1342635
605012,605632,Drakesbane,52183.0,2300736,1042100,1092540,409895,3078777,1047253,340240,1575042,1068711,1037032,1015222,1106876,127782,1904894,450878,897213,1076166,1291376,23719,1035768,1342635
605560,606092,Auto,9517.0,2310253,1042100,1092540,409895,3078777,1047253,340240,1575042,1068711,1037032,1015222,1106876,127782,1904894,450878,897213,1076166,1291376,23719,1035768,1342635
587512,607500,Chaotic Spring (dot),5102.0,2310253,1042100,1097642,409895,3078777,1047253,340240,1575042,1068711,1037032,1015222,1106876,127782,1904894,450878,897213,1076166,1291376,23719,1035768,1342635
606872,607542,Geirskogul,35133.0,2310253,1042100,1097642,409895,3078777,1047253,375373,1575042,1068711,1037032,1015222,1106876,127782,1904894,450878,897213,1076166,1291376,23719,1035768,1342635
607512,608132,Raiden Thrust,50796.0,2310253,1042100,1097642,409895,3078777,1047253,375373,1575042,1068711,1037032,1015222,1106876,127782,1955690,450878,897213,1076166,1291376,23719,1035768,1342635
608360,608892,Auto,13318.0,2323571,1042100,1097642,409895,3078777,1047253,375373,1575042,1068711,1037032,1015222,1106876,127782,1955690,450878,897213,1076166,1291376,23719,1035768,1342635
608132,609332,Wyrmwind Thrust,69847.0,2323571,1042100,1097642,409895,3078777,1047253,375373,1575042,1068711,1037032,1015222,1106876,127782,1955690,450878,897213,1076166,1291376,23719,1035768,1412482
608752,609512,Nastrond,114298.0,2323571,1042100,1097642,409895,3078777,1047253,375373,1575042,1068711,1037032,1015222,1221174,127782,1955690,450878,897213,1076166,1291376,23719,1035768,1412482
587512,610500,Chaotic Spring (dot),5102.0,2323571,1042100,1102744,409895,3078777,1047253,375373,1575042,1068711,1037032,1015222,1221174,127782,1955690,450878,897213,1076166,1291376,23719,1035768,1412482
610632,611122,High Jump,63499.0,2323571,1042100,1102744,409895,3078777,1047253,375373,1575042,1132210,1037032,1015222,1221174,127782,1955690,450878,897213,1076166,1291376,23719,1035768,1412482
610012,611392,Spiral Blow,47621.0,2323571,1042100,1102744,409895,3078777,1047253,375373,1575042,1132210,1037032,1015222,1221174,127782,1955690,450878,944834,1076166,1291376,23719,1035768,1412482
611160,611692,Auto,13318.0,2336889,1042100,1102744,409895,3078777,1047253,375373,1575042,1132210,1037032,1015222,1221174,127782,1955690,450878,944834,1076166,1291376,23719,1035768,1412482
611432,612232,Mirage Dive,60320.0,2336889,1042100,1102744,409895,3078777,1047253,375373,1575042,1132210,1037032,1075542,1221174,127782,1955690,450878,944834,1076166,1291376,23719,1035768,1412482
612512,612962,Chaotic Spring,53972.0,2336889,1096072,1102744,409895,3078777,1047253,375373,1575042,1132210,1037032,1075542,1221174,127782,1955690,450878,944834,1076166,1291376,23719,1035768,1412482
612512,613500,Chaotic Spring (dot),7139.0,2336889,1096072,1109883,409895,3078777,1047253,375373,1575042,1132210,1037032,1075542,1221174,127782,1955690,450878,944834,1076166,1291376,23719,1035768,1412482
613132,613932,Dragonfire Dive,79375.0,2336889,1096072,1109883,489270,3078777,1047253,375373,1575042,1132210,1037032,1075542,1221174,127782,1955690,450878,944834,1076166,1291376,23719,1035768,1412482
613960,614492,Auto,13318.0,2350207,1096072,1109883,489270,3078777,1047253,375373,1575042,1132210,1037032,1075542,1221174,127782,1955690,450878,944834,1076166,1291376,23719,1035768,1412482
613932,615092,Rise of the Dragon,87308.0,2350207,1096072,1109883,489270,3078777,1047253,375373,1575042,1132210,1037032,1075542,1221174,127782,1955690,538186,944834,1076166,1291376,23719,1035768,1412482
615012,615632,Wheeling Thrust,53972.0,2350207,1096072,1109883,489270,3078777,1047253,375373,1575042,1132210,1037032,1075542,1221174,127782,1955690,538186,944834,1076166,1291376,23719,1089740,1412482
612512,616500,Chaotic Spring (dot),7139.0,2350207,1096072,1117022,489270,3078777,1047253,375373,1575042,1132210,1037032,1075542,1221174,127782,1955690,538186,944834,1076166,1291376,23719,1089740,1412482
616760,617292,Auto,13318.0,2363525,1096072,1117022,489270,3078777,1047253,375373,1575042,1132210,1037032,1075542,1221174,127782,1955690,538186,944834,1076166,1291376,23719,1089740,1412482
617512,618132,Drakesbane,102095.0,2363525,1096072,1117022,489270,3180872,1047253,375373,1575042,1132210,1037032,1075542,1221174,127782,1955690,538186,944834,1076166,1291376,23719,1089740,1412482
618132,619422,Stardiver,133349.0,2363525,1096072,1117022,489270,3180872,1047253,375373,1575042,1132210,1037032,1075542,1221174,127782,1955690,538186,944834,1076166,1424725,23719,1089740,1412482
612512,619500,Chaotic Spring (dot),7139.0,2363525,1096072,1124161,489270,3180872,1047253,375373,1575042,1132210,1037032,1075542,1221174,127782,1955690,538186,944834,1076166,1424725,23719,1089740,1412482
619560,620092,Auto,13318.0,2376843,1096072,1124161,489270,3180872,1047253,375373,1575042,1132210,1037032,1075542,1221174,127782,1955690,538186,944834,1076166,1424725,23719,1089740,1412482
620012,620632,Raiden Thrust,50796.0,2376843,1096072,1124161,489270,3180872,1047253,375373,1575042,1132210,1037032,1075542,1221174,127782,2006486,538186,944834,1076166,1424725,23719,1089740,1412482
620632,621612,Starcross,111127.0,2376843,1096072,1124161,489270,3180872,1047253,375373,1575042,1132210,1037032,1075542,1221174,127782,2006486,538186,944834,1187293,1424725,23719,1089740,1412482
612512,622500,Chaotic Spring (dot),7139.0,2376843,1096072,1131300,489270,3180872,1047253,375373,1575042,1132210,1037032,1075542,1221174,127782,2006486,538186,944834,1187293,1424725,23719,1089740,1412482
622360,622892,Auto,13318.0,2390161,1096072,1131300,489270,3180872,1047253,375373,1575042,1132210,1037032,1075542,1221174,127782,2006486,538186,944834,1187293,1424725,23719,1089740,1412482
622512,623452,Lance Barrage,53972.0,2390161,1096072,1131300,489270,3180872,1047253,375373,1575042,1132210,1091004,1075542,1221174,127782,2006486,538186,944834,1187293,1424725,23719,1089740,1412482
612512,625500,Chaotic Spring (dot),7139.0,2390161,1096072,1138439,489270,3180872,1047253,375373,1575042,1132210,1091004,1075542,1221174,127782,2006486,538186,944834,1187293,1424725,23719,1089740,1412482
625160,625692,Auto,13318.0,2403479,1096072,1138439,489270,3180872,1047253,375373,1575042,1132210,1091004,1075542,1221174,127782,2006486,538186,944834,1187293,1424725,23719,1089740,1412482
625013,625723,Heavens' Thrust,102095.0,2403479,1096072,1138439,489270,3180872,1047253,375373,1677137,1132210,1091004,1075542,1221174,127782,2006486,538186,944834,1187293,1424725,23719,1089740,1412482
627513,628133,Fang and Claw,38570.0,2403479,1096072,1138439,489270,3180872,1085823,375373,1677137,1132210,1091004,1075542,1221174,127782,2006486,538186,944834,1187293,1424725,23719,1089740,1412482
627960,628492,Auto,9517.0,2412996,1096072,1138439,489270,3180872,1085823,375373,1677137,1132210,1091004,1075542,1221174,127782,2006486,538186,944834,1187293,1424725,23719,1089740,1412482
612512,628500,Chaotic Spring (dot),7139.0,2412996,1096072,1145578,489270,3180872,1085823,375373,1677137,1132210,1091004,1075542,1221174,127782,2006486,538186,944834,1187293,1424725,23719,1089740,1412482
630013,630633,Drakesbane,52183.0,2412996,1096072,1145578,489270,3233055,1085823,375373,1677137,1132210,1091004,1075542,1221174,127782,2006486,538186,944834,1187293,1424725,23719,1089740,1412482
630760,631292,Auto,9517.0,2422513,1096072,1145578,489270,3233055,1085823,375373,1677137,1132210,1091004,1075542,1221174,127782,2006486,538186,944834,1187293,1424725,23719,1089740,1412482
612512,631500,Chaotic Spring (dot),7139.0,2422513,1096072,1152717,489270,3233055,1085823,375373,1677137,1132210,1091004,1075542,1221174,127782,2006486,538186,944834,1187293,1424725,23719,1089740,1412482
632513,633133,Raiden Thrust,36300.0,2422513,1096072,1152717,489270,3233055,1085823,375373,1677137,1132210,1091004,1075542,1221174,127782,2042786,538186,944834,1187293,1424725,23719,1089740,1412482
633560,634092,Auto,9517.0,2432030,1096072,1152717,489270,3233055,1085823,375373,1677137,1132210,1091004,1075542,1221174,127782,2042786,538186,944834,1187293,1424725,23719,1089740,1412482
633133,634333,Wyrmwind Thrust,49915.0,2432030,1096072,1152717,489270,3233055,1085823,375373,1677137,1132210,1091004,1075542,1221174,127782,2042786,538186,944834,1187293,1424725,23719,1089740,1462397
612512,634500,Chaotic Spring (dot),7139.0,2432030,1096072,1159856,489270,3233055,1085823,375373,1677137,1132210,1091004,1075542,1221174,127782,2042786,538186,944834,1187293,1424725,23719,1089740,1462397
635013,636393,Spiral Blow,34032.0,2432030,1096072,1159856,489270,3233055,1085823,375373,1677137,1132210,1091004,1075542,1221174,127782,2042786,538186,978866,1187293,1424725,23719,1089740,1462397
636360,636892,Auto,9517.0,2441547,1096072,1159856,489270,3233055,1085823,375373,1677137,1132210,1091004,1075542,1221174,127782,2042786,538186,978866,1187293,1424725,23719,1089740,1462397
637513,637963,Chaotic Spring,38570.0,2441547,1134642,1159856,489270,3233055,1085823,375373,1677137,1132210,1091004,1075542,1221174,127782,2042786,538186,978866,1187293,1424725,23719,1089740,1462397
639160,639692,Auto,9517.0,2451064,1134642,1159856,489270,3233055,1085823,375373,1677137,1132210,1091004,1075542,1221174,127782,2042786,538186,978866,1187293,1424725,23719,1089740,1462397
637513,640500,Chaotic Spring (dot),5102.0,2451064,1134642,1164958,489270,3233055,1085823,375373,1677137,1132210,1091004,1075542,1221174,127782,2042786,538186,978866,1187293,1424725,23719,1089740,1462397
640013,640633,Wheeling Thrust,38570.0,2451064,1134642,1164958,489270,3233055,1085823,375373,1677137,1132210,1091004,1075542,1221174,127782,2042786,538186,978866,1187293,1424725,23719,1128310,1462397
640633,641123,High Jump,45378.0,2451064,1134642,1164958,489270,3233055,1085823,375373,1677137,1177588,1091004,1075542,1221174,127782,2042786,538186,978866,1187293,1424725,23719,1128310,1462397
641433,642233,Mirage Dive,43107.0,2451064,1134642,1164958,489270,3233055,1085823,375373,1677137,1177588,1091004,1118649,1221174,127782,2042786,538186,978866,1187293,1424725,23719,1128310,1462397
641960,642492,Auto,9517.0,2460581,1134642,1164958,489270,3233055,1085823,375373,1677137,1177588,1091004,1118649,1221174,127782,2042786,538186,978866,1187293,1424725,23719,1128310,1462397
642513,643133,Drakesbane,52183.0,2460581,1134642,1164958,489270,3285238,1085823,375373,1677137,1177588,1091004,1118649,1221174,127782,2042786,538186,978866,1187293,1424725,23719,1128310,1462397
637513,643500,Chaotic Spring (dot),5102.0,2460581,1134642,1170060,489270,3285238,1085823,375373,1677137,1177588,1091004,1118649,1221174,127782,2042786,538186,978866,1187293,1424725,23719,1128310,1462397
644760,645292,Auto,9517.0,2470098,1134642,1170060,489270,3285238,1085823,375373,1677137,1177588,1091004,1118649,1221174,127782,2042786,538186,978866,1187293,1424725,23719,1128310,1462397
645013,645633,Raiden Thrust,36300.0,2470098,1134642,1170060,489270,3285238,1085823,375373,1677137,1177588,1091004,1118649,1221174,127782,2079086,538186,978866,1187293,1424725,23719,1128310,1462397
637513,646500,Chaotic Spring (dot),5102.0,2470098,1134642,1175162,489270,3285238,1085823,375373,1677137,1177588,1091004,1118649,1221174,127782,2079086,538186,978866,1187293,1424725,23719,1128310,1462397
647560,648092,Auto,9517.0,2479615,1134642,1175162,489270,3285238,1085823,375373,1677137,1177588,1091004,1118649,1221174,127782,2079086,538186,978866,1187293,1424725,23719,1128310,1462397
647513,648453,Lance Barrage,38570.0,2479615,1134642,1175162,489270,3285238,1085823,375373,1677137,1177588,1129574,1118649,1221174,127782,2079086,538186,978866,1187293,1424725,23719,1128310,1462397
637513,649500,Chaotic Spring (dot),5102.0,2479615,1134642,1180264,489270,3285238,1085823,375373,1677137,1177588,1129574,1118649,1221174,127782,2079086,538186,978866,1187293,1424725,23719,1128310,1462397
650013,650723,Heavens' Thrust,52183.0,2479615,1134642,1180264,489270,3285238,1085823,375373,1729320,1177588,1129574,1118649,1221174,127782,2079086,538186,978866,1187293,1424725,23719,1128310,1462397
650360,650892,Auto,9517.0,2489132,1134642,1180264,489270,3285238,1085823,375373,1729320,1177588,1129574,1118649,1221174,127782,2079086,538186,978866,1187293,1424725,23719,1128310,1462397
637513,652500,Chaotic Spring (dot),5102.0,2489132,1134642,1185366,489270,3285238,1085823,375373,1729320,1177588,1129574,1118649,1221174,127782,2079086,538186,978866,1187293,1424725,23719,1128310,1462397
652513,653133,Fang and Claw,38570.0,2489132,1134642,1185366,489270,3285238,1124393,375373,1729320,1177588,1129574,1118649,1221174,127782,2079086,538186,978866,1187293,1424725,23719,1128310,1462397
653160,653692,Auto,9517.0,2498649,1134642,1185366,489270,3285238,1124393,375373,1729320,1177588,1129574,1118649,1221174,127782,2079086,538186,978866,1187293,1424725,23719,1128310,1462397
637513,655500,Chaotic Spring (dot),5102.0,2498649,1134642,1190468,489270,3285238,1124393,375373,1729320,1177588,1129574,1118649,1221174,127782,2079086,538186,978866,1187293,1424725,23719,1128310,1462397
655013,655633,Drakesbane,52183.0,2498649,1134642,1190468,489270,3337421,1124393,375373,1729320,1177588,1129574,1118649,1221174,127782,2079086,538186,978866,1187293,1424725,23719,1128310,1462397
655960,656492,Auto,9517.0,2508166,1134642,1190468,489270,3337421,1124393,375373,1729320,1177588,1129574,1118649,1221174,127782,2079086,538186,978866,1187293,1424725,23719,1128310,1462397
657513,658133,Raiden Thrust,36300.0,2508166,1134642,1190468,489270,3337421,1124393,375373,1729320,1177588,1129574,1118649,1221174,127782,2115386,538186,978866,1187293,1424725,23719,1128310,1462397
637513,658500,Chaotic Spring (dot),5102.0,2508166,1134642,1195570,489270,3337421,1124393,375373,1729320,1177588,1129574,1118649,1221174,127782,2115386,538186,978866,1187293,1424725,23719,1128310,1462397
658760,659292,Auto,9517.0,2517683,1134642,1195570,489270,3337421,1124393,375373,1729320,1177588,1129574,1118649,1221174,127782,2115386,538186,978866,1187293,1424725,23719,1128310,1462397
660013,661393,Spiral Blow,34032.0,2517683,1134642,1195570,489270,3337421,1124393,375373,1729320,1177588,1129574,1118649,1221174,127782,2115386,538186,1012898,1187293,1424725,23719,1128310,1462397
637513,661500,Chaotic Spring (dot),5102.0,2517683,1134642,1200672,489270,3337421,1124393,375373,1729320,1177588,1129574,1118649,1221174,127782,2115386,538186,1012898,1187293,1424725,23719,1128310,1462397
661560,662092,Auto,9517.0,2527200,1134642,1200672,489270,3337421,1124393,375373,1729320,1177588,1129574,1118649,1221174,127782,2115386,538186,1012898,1187293,1424725,23719,1128310,1462397
662513,662963,Chaotic Spring,38570.0,2527200,1173212,1200672,489270,3337421,1124393,375373,1729320,1177588,1129574,1118649,1221174,127782,2115386,538186,1012898,1187293,1424725,23719,1128310,1462397
662513,664500,Chaotic Spring (dot),5102.0,2527200,1173212,1205774,489270,3337421,1124393,375373,1729320,1177588,1129574,1118649,1221174,127782,2115386,538186,1012898,1187293,1424725,23719,1128310,1462397
664360,664892,Auto,9517.0,2536717,1173212,1205774,489270,3337421,1124393,375373,1729320,1177588,1129574,1118649,1221174,127782,2115386,538186,1012898,1187293,1424725,23719,1128310,1462397
665013,665633,Wheeling Thrust,38570.0,2536717,1173212,1205774,489270,3337421,1124393,375373,1729320,1177588,1129574,1118649,1221174,127782,2115386,538186,1012898,1187293,1424725,23719,1166880,1462397
662513,667500,Chaotic Spring (dot),5102.0,2536717,1173212,1210876,489270,3337421,1124393,375373,1729320,1177588,1129574,1118649,1221174,127782,2115386,538186,1012898,1187293,1424725,23719,1166880,1462397
666872,667542,Geirskogul,31761.0,2536717,1173212,1210876,489270,3337421,1124393,407134,1729320,1177588,1129574,1118649,1221174,127782,2115386,538186,1012898,1187293,1424725,23719,1166880,1462397
667160,667692,Auto,12040.0,2548757,1173212,1210876,489270,3337421,1124393,407134,1729320,1177588,1129574,1118649,1221174,127782,2115386,538186,1012898,1187293,1424725,23719,1166880,1462397
667513,668133,Drakesbane,66011.0,2548757,1173212,1210876,489270,3403432,1124393,407134,1729320,1177588,1129574,1118649,1221174,127782,2115386,538186,1012898,1187293,1424725,23719,1166880,1462397
668133,669333,Wyrmwind Thrust,63143.0,2548757,1173212,1210876,489270,3403432,1124393,407134,1729320,1177588,1129574,1118649,1221174,127782,2115386,538186,1012898,1187293,1424725,23719,1166880,1525540
668753,669513,Nastrond,103326.0,2548757,1173212,1210876,489270,3403432,1124393,407134,1729320,1177588,1129574,1118649,1324500,127782,2115386,538186,1012898,1187293,1424725,23719,1166880,1525540
669960,670492,Auto,12040.0,2560797,1173212,1210876,489270,3403432,1124393,407134,1729320,1177588,1129574,1118649,1324500,127782,2115386,538186,1012898,1187293,1424725,23719,1166880,1525540
662513,670500,Chaotic Spring (dot),5102.0,2560797,1173212,1215978,489270,3403432,1124393,407134,1729320,1177588,1129574,1118649,1324500,127782,2115386,538186,1012898,1187293,1424725,23719,1166880,1525540
670013,670633,Raiden Thrust,45920.0,2560797,1173212,1215978,489270,3403432,1124393,407134,1729320,1177588,1129574,1118649,1324500,127782,2161306,538186,1012898,1187293,1424725,23719,1166880,1525540
670633,671123,High Jump,57404.0,2560797,1173212,1215978,489270,3403432,1124393,407134,1729320,1234992,1129574,1118649,1324500,127782,2161306,538186,1012898,1187293,1424725,23719,1166880,1525540
671433,672233,Mirage Dive,54530.0,2560797,1173212,1215978,489270,3403432,1124393,407134,1729320,1234992,1129574,1173179,1324500,127782,2161306,538186,1012898,1187293,1424725,23719,1166880,1525540
672760,673292,Auto,12040.0,2572837,1173212,1215978,489270,3403432,1124393,407134,1729320,1234992,1129574,1173179,1324500,127782,2161306,538186,1012898,1187293,1424725,23719,1166880,1525540
672513,673453,Lance Barrage,48791.0,2572837,1173212,1215978,489270,3403432,1124393,407134,1729320,1234992,1178365,1173179,1324500,127782,2161306,538186,1012898,1187293,1424725,23719,1166880,1525540
662513,673500,Chaotic Spring (dot),5102.0,2572837,1173212,1221080,489270,3403432,1124393,407134,1729320,1234992,1178365,1173179,1324500,127782,2161306,538186,1012898,1187293,1424725,23719,1166880,1525540
675014,675724,Heavens' Thrust,91479.0,2572837,1173212,1221080,489270,3403432,1124393,407134,1820799,1234992,1178365,1173179,1324500,127782,2161306,538186,1012898,1187293,1424725,23719,1166880,1525540
675560,676092,Auto,12040.0,2584877,1173212,1221080,489270,3403432,1124393,407134,1820799,1234992,1178365,1173179,1324500,127782,2161306,538186,1012898,1187293,1424725,23719,1166880,1525540
662513,676500,Chaotic Spring (dot),5102.0,2584877,1173212,1226182,489270,3403432,1124393,407134,1820799,1234992,1178365,1173179,1324500,127782,2161306,538186,1012898,1187293,1424725,23719,1166880,1525540
675634,676924,Stardiver,120549.0,2584877,1173212,1226182,489270,3403432,1124393,407134,1820799,1234992,1178365,1173179,1324500,127782,2161306,538186,1012898,1187293,1545274,23719,1166880,1525540
677514,678134,Fang and Claw,48791.0,2584877,1173212,1226182,489270,3403432,1173184,407134,1820799,1234992,1178365,1173179,1324500,127782,2161306,538186,1012898,1187293,1545274,23719,1166880,1525540
678360,678892,Auto,12040.0,2596917,1173212,1226182,489270,3403432,1173184,407134,1820799,1234992,1178365,1173179,1324500,127782,2161306,538186,1012898,1187293,1545274,23719,1166880,1525540
678134,679114,Starcross,100459.0,2596917,1173212,1226182,489270,3403432,1173184,407134,1820799,1234992,1178365,1173179,1324500,127782,2161306,538186,1012898,1287752,1545274,23719,1166880,1525540
662513,679500,Chaotic Spring (dot),5102.0,2596917,1173212,1231284,489270,3403432,1173184,407134,1820799,1234992,1178365,1173179,1324500,127782,2161306,538186,1012898,1287752,1545274,23719,1166880,1525540
680014,680634,Drakesbane,66011.0,2596917,1173212,1231284,489270,3469443,1173184,407134,1820799,1234992,1178365,1173179,1324500,127782,2161306,538186,1012898,1287752,1545274,23719,1166880,1525540
681160,681692,Auto,12040.0,2608957,1173212,1231284,489270,3469443,1173184,407134,1820799,1234992,1178365,1173179,1324500,127782,2161306,538186,1012898,1287752,1545274,23719,1166880,1525540
662513,682500,Chaotic Spring (dot),5102.0,2608957,1173212,1236386,489270,3469443,1173184,407134,1820799,1234992,1178365,1173179,1324500,127782,2161306,538186,1012898,1287752,1545274,23719,1166880,1525540
682514,683134,Raiden Thrust,45920.0,2608957,1173212,1236386,489270,3469443,1173184,407134,1820799,1234992,1178365,1173179,1324500,127782,2207226,538186,1012898,1287752,1545274,23719,1166880,1525540
683134,684334,Wyrmwind Thrust,63143.0,2608957,1173212,1236386,489270,3469443,1173184,407134,1820799,1234992,1178365,1173179,1324500,127782,2207226,538186,1012898,1287752,1545274,23719,1166880,1588683
683960,684492,Auto,12040.0,2620997,1173212,1236386,489270,3469443,1173184,407134,1820799,1234992,1178365,1173179,1324500,127782,2207226,538186,1012898,1287752,1545274,23719,1166880,1588683
662513,685500,Chaotic Spring (dot),5102.0,2620997,1173212,1241488,489270,3469443,1173184,407134,1820799,1234992,1178365,1173179,1324500,127782,2207226,538186,1012898,1287752,1545274,23719,1166880,1588683
685014,686394,Spiral Blow,43050.0,2620997,1173212,1241488,489270,3469443,1173184,407134,1820799,1234992,1178365,1173179,1324500,127782,2207226,538186,1055948,1287752,1545274,23719,1166880,1588683
686760,687292,Auto,12040.0,2633037,1173212,1241488,489270,3469443,1173184,407134,1820799,1234992,1178365,1173179,1324500,127782,2207226,538186,1055948,1287752,1545274,23719,1166880,1588683
687514,687964,Chaotic Spring,38570.0,2633037,1211782,1241488,489270,3469443,1173184,407134,1820799,1234992,1178365,1173179,1324500,127782,2207226,538186,1055948,1287752,1545274,23719,1166880,1588683
687514,688500,Chaotic Spring (dot),5102.0,2633037,1211782,1246590,489270,3469443,1173184,407134,1820799,1234992,1178365,1173179,1324500,127782,2207226,538186,1055948,1287752,1545274,23719,1166880,1588683
689560,690092,Auto,9517.0,2642554,1211782,1246590,489270,3469443,1173184,407134,1820799,1234992,1178365,1173179,1324500,127782,2207226,538186,1055948,1287752,1545274,23719,1166880,1588683
690014,690634,Wheeling Thrust,38570.0,2642554,1211782,1246590,489270,3469443,1173184,407134,1820799,1234992,1178365,1173179,1324500,127782,2207226,538186,1055948,1287752,1545274,23719,1205450,1588683
687514,691500,Chaotic Spring (dot),5102.0,2642554,1211782,1251692,489270,3469443,1173184,407134,1820799,1234992,1178365,1173179,1324500,127782,2207226,538186,1055948,1287752,1545274,23719,1205450,1588683
692360,692892,Auto,9517.0,2652071,1211782,1251692,489270,3469443,1173184,407134,1820799,1234992,1178365,1173179,1324500,127782,2207226,538186,1055948,1287752,1545274,23719,1205450,1588683
692514,693134,Drakesbane,52183.0,2652071,1211782,1251692,489270,3521626,1173184,407134,1820799,1234992,1178365,1173179,1324500,127782,2207226,538186,1055948,1287752,1545274,23719,1205450,1588683
687514,694500,Chaotic Spring (dot),5102.0,2652071,1211782,1256794,489270,3521626,1173184,407134,1820799,1234992,1178365,1173179,1324500,127782,2207226,538186,1055948,1287752,1545274,23719,1205450,1588683
695014,695634,Raiden Thrust,36300.0,2652071,1211782,1256794,489270,3521626,1173184,407134,1820799,1234992,1178365,1173179,1324500,127782,2243526,538186,1055948,1287752,1545274,23719,1205450,1588683
695160,695692,Auto,9517.0,2661588,1211782,1256794,489270,3521626,1173184,407134,1820799,1234992,1178365,1173179,1324500,127782,2243526,538186,1055948,1287752,1545274,23719,1205450,1588683
687514,697500,Chaotic Spring (dot),5102.0,2661588,1211782,1261896,489270,3521626,1173184,407134,1820799,1234992,1178365,1173179,1324500,127782,2243526,538186,1055948,1287752,1545274,23719,1205450,1588683
697514,698454,Lance Barrage,38570.0,2661588,1211782,1261896,489270,3521626,1173184,407134,1820799,1234992,1216935,1173179,1324500,127782,2243526,538186,1055948,1287752,1545274,23719,1205450,1588683
697960,698492,Auto,9517.0,2671105,1211782,1261896,489270,3521626,1173184,407134,1820799,1234992,1216935,1173179,1324500,127782,2243526,538186,1055948,1287752,1545274,23719,1205450,1588683
687514,700500,Chaotic Spring (dot),5102.0,2671105,1211782,1266998,489270,3521626,1173184,407134,1820799,1234992,1216935,1173179,1324500,127782,2243526,538186,1055948,1287752,1545274,23719,1205450,1588683
700014,700724,Heavens' Thrust,52183.0,2671105,1211782,1266998,489270,3521626,1173184,407134,1872982,1234992,1216935,1173179,1324500,127782,2243526,538186,1055948,1287752,1545274,23719,1205450,1588683
700634,701124,High Jump,45378.0,2671105,1211782,1266998,489270,3521626,1173184,407134,1872982,1280370,1216935,1173179,1324500,127782,2243526,538186,1055948,1287752,1545274,23719,1205450,1588683
700760,701292,Auto,9517.0,2680622,1211782,1266998,489270,3521626,1173184,407134,1872982,1280370,1216935,1173179,1324500,127782,2243526,538186,1055948,1287752,1545274,23719,1205450,1588683
701434,702234,Mirage Dive,43107.0,2680622,1211782,1266998,489270,3521626,1173184,407134,1872982,1280370,1216935,1216286,1324500,127782,2243526,538186,1055948,1287752,1545274,23719,1205450,1588683
702514,703134,Fang and Claw,38570.0,2680622,1211782,1266998,489270,3521626,1211754,407134,1872982,1280370,1216935,1216286,1324500,127782,2243526,538186,1055948,1287752,1545274,23719,1205450,1588683
687514,703500,Chaotic Spring (dot),5102.0,2680622,1211782,1272100,489270,3521626,1211754,407134,1872982,1280370,1216935,1216286,1324500,127782,2243526,538186,1055948,1287752,1545274,23719,1205450,1588683
703560,704092,Auto,9517.0,2690139,1211782,1272100,489270,3521626,1211754,407134,1872982,1280370,1216935,1216286,1324500,127782,2243526,538186,1055948,1287752,1545274,23719,1205450,1588683
705014,705634,Drakesbane,52183.0,2690139,1211782,1272100,489270,3573809,1211754,407134,1872982,1280370,1216935,1216286,1324500,127782,2243526,538186,1055948,1287752,1545274,23719,1205450,1588683
687514,706500,Chaotic Spring (dot),5102.0,2690139,1211782,1277202,489270,3573809,1211754,407134,1872982,1280370,1216935,1216286,1324500,127782,2243526,538186,1055948,1287752,1545274,23719,1205450,1588683
706360,706892,Auto,9517.0,2699656,1211782,1277202,489270,3573809,1211754,407134,1872982,1280370,1216935,1216286,1324500,127782,2243526,538186,1055948,1287752,1545274,23719,1205450,1588683
707514,708134,Raiden Thrust,36300.0,2699656,1211782,1277202,489270,3573809,1211754,407134,1872982,1280370,1216935,1216286,1324500,127782,2279826,538186,1055948,1287752,1545274,23719,1205450,1588683
687514,709500,Chaotic Spring (dot),5102.0,2699656,1211782,1282304,489270,3573809,1211754,407134,1872982,1280370,1216935,1216286,1324500,127782,2279826,538186,1055948,1287752,1545274,23719,1205450,1588683
709160,709692,Auto,9517.0,2709173,1211782,1282304,489270,3573809,1211754,407134,1872982,1280370,1216935,1216286,1324500,127782,2279826,538186,1055948,1287752,1545274,23719,1205450,1588683
710014,710954,Lance Barrage,38570.0,2709173,1211782,1282304,489270,3573809,1211754,407134,1872982,1280370,1255505,1216286,1324500,127782,2279826,538186,1055948,1287752,1545274,23719,1205450,1588683
711960,712492,Auto,9517.0,2718690,1211782,1282304,489270,3573809,1211754,407134,1872982,1280370,1255505,1216286,1324500,127782,2279826,538186,1055948,1287752,1545274,23719,1205450,1588683
712514,713224,Heavens' Thrust,52183.0,2718690,1211782,1282304,489270,3573809,1211754,407134,1925165,1280370,1255505,1216286,1324500,127782,2279826,538186,1055948,1287752,1545274,23719,1205450,1588683
713134,714334,Wyrmwind Thrust,49915.0,2718690,1211782,1282304,489270,3573809,1211754,407134,1925165,1280370,1255505,1216286,1324500,127782,2279826,538186,1055948,1287752,1545274,23719,1205450,1638598
714760,715292,Auto,9517.0,2728207,1211782,1282304,489270,3573809,1211754,407134,1925165,1280370,1255505,1216286,1324500,127782,2279826,538186,1055948,1287752,1545274,23719,1205450,1638598
715014,715634,Fang and Claw,38570.0,2728207,1211782,1282304,489270,3573809,1250324,407134,1925165,1280370,1255505,1216286,1324500,127782,2279826,538186,1055948,1287752,1545274,23719,1205450,1638598
717560,718092,Auto,8653.0,2736860,1211782,1282304,489270,3573809,1250324,407134,1925165,1280370,1255505,1216286,1324500,127782,2279826,538186,1055948,1287752,1545274,23719,1205450,1638598
717514,718134,Drakesbane,47439.0,2736860,1211782,1282304,489270,3621248,1250324,407134,1925165,1280370,1255505,1216286,1324500,127782,2279826,538186,1055948,1287752,1545274,23719,1205450,1638598
720014,720634,Raiden Thrust,33001.0,2736860,1211782,1282304,489270,3621248,1250324,407134,1925165,1280370,1255505,1216286,1324500,127782,2312827,538186,1055948,1287752,1545274,23719,1205450,1638598
720360,720892,Auto,8653.0,2745513,1211782,1282304,489270,3621248,1250324,407134,1925165,1280370,1255505,1216286,1324500,127782,2312827,538186,1055948,1287752,1545274,23719,1205450,1638598
723160,723692,Auto,10301.0,2755814,1211782,1282304,489270,3621248,1250324,407134,1925165,1280370,1255505,1216286,1324500,127782,2312827,538186,1055948,1287752,1545274,23719,1205450,1638598
722514,723894,Spiral Blow,33477.0,2755814,1211782,1282304,489270,3621248,1250324,407134,1925165,1280370,1255505,1216286,1324500,127782,2312827,538186,1089425,1287752,1545274,23719,1205450,1638598
725015,725865,Piercing Talon,42964.0,2755814,1211782,1282304,489270,3621248,1250324,407134,1925165,1280370,1255505,1216286,1324500,170746,2312827,538186,1089425,1287752,1545274,23719,1205450,1638598
725960,726492,Auto,10301.0,2766115,1211782,1282304,489270,3621248,1250324,407134,1925165,1280370,1255505,1216286,1324500,170746,2312827,538186,1089425,1287752,1545274,23719,1205450,1638598
726875,727545,Geirskogul,38018.0,2766115,1211782,1282304,489270,3621248,1250324,445152,1925165,1280370,1255505,1216286,1324500,170746,2312827,538186,1089425,1287752,1545274,23719,1205450,1638598
727515,727965,Chaotic Spring,58402.0,2766115,1270184,1282304,489270,3621248,1250324,445152,1925165,1280370,1255505,1216286,1324500,170746,2312827,538186,1089425,1287752,1545274,23719,1205450,1638598
728135,728895,Nastrond,123676.0,2766115,1270184,1282304,489270,3621248,1250324,445152,1925165,1280370,1255505,1216286,1448176,170746,2312827,538186,1089425,1287752,1545274,23719,1205450,1638598
728760,729292,Auto,14415.0,2780530,1270184,1282304,489270,3621248,1250324,445152,1925165,1280370,1255505,1216286,1448176,170746,2312827,538186,1089425,1287752,1545274,23719,1205450,1638598
727515,730500,Chaotic Spring (dot),7724.0,2780530,1270184,1290028,489270,3621248,1250324,445152,1925165,1280370,1255505,1216286,1448176,170746,2312827,538186,1089425,1287752,1545274,23719,1205450,1638598
730015,730635,Wheeling Thrust,58402.0,2780530,1270184,1290028,489270,3621248,1250324,445152,1925165,1280370,1255505,1216286,1448176,170746,2312827,538186,1089425,1287752,1545274,23719,1263852,1638598
730635,731125,High Jump,68707.0,2780530,1270184,1290028,489270,3621248,1250324,445152,1925165,1349077,1255505,1216286,1448176,170746,2312827,538186,1089425,1287752,1545274,23719,1263852,1638598
731560,732092,Auto,14415.0,2794945,1270184,1290028,489270,3621248,1250324,445152,1925165,1349077,1255505,1216286,1448176,170746,2312827,538186,1089425,1287752,1545274,23719,1263852,1638598
732515,733135,Drakesbane,110472.0,2794945,1270184,1290028,489270,3731720,1250324,445152,1925165,1349077,1255505,1216286,1448176,170746,2312827,538186,1089425,1287752,1545274,23719,1263852,1638598
727515,733500,Chaotic Spring (dot),7724.0,2794945,1270184,1297752,489270,3731720,1250324,445152,1925165,1349077,1255505,1216286,1448176,170746,2312827,538186,1089425,1287752,1545274,23719,1263852,1638598
733135,733935,Dragonfire Dive,85885.0,2794945,1270184,1297752,575155,3731720,1250324,445152,1925165,1349077,1255505,1216286,1448176,170746,2312827,538186,1089425,1287752,1545274,23719,1263852,1638598
733935,734735,Mirage Dive,65271.0,2794945,1270184,1297752,575155,3731720,1250324,445152,1925165,1349077,1255505,1281557,1448176,170746,2312827,538186,1089425,1287752,1545274,23719,1263852,1638598
734360,734892,Auto,14415.0,2809360,1270184,1297752,575155,3731720,1250324,445152,1925165,1349077,1255505,1281557,1448176,170746,2312827,538186,1089425,1287752,1545274,23719,1263852,1638598
735015,735635,Raiden Thrust,54965.0,2809360,1270184,1297752,575155,3731720,1250324,445152,1925165,1349077,1255505,1281557,1448176,170746,2367792,538186,1089425,1287752,1545274,23719,1263852,1638598
727515,736500,Chaotic Spring (dot),7724.0,2809360,1270184,1305476,575155,3731720,1250324,445152,1925165,1349077,1255505,1281557,1448176,170746,2367792,538186,1089425,1287752,1545274,23719,1263852,1638598
735635,736925,Stardiver,144292.0,2809360,1270184,1305476,575155,3731720,1250324,445152,1925165,1349077,1255505,1281557,1448176,170746,2367792,538186,1089425,1287752,1689566,23719,1263852,1638598
737160,737692,Auto,14415.0,2823775,1270184,1305476,575155,3731720,1250324,445152,1925165,1349077,1255505,1281557,1448176,170746,2367792,538186,1089425,1287752,1689566,23719,1263852,1638598
737515,738455,Lance Barrage,58402.0,2823775,1270184,1305476,575155,3731720,1250324,445152,1925165,1349077,1313907,1281557,1448176,170746,2367792,538186,1089425,1287752,1689566,23719,1263852,1638598
738135,739335,Wyrmwind Thrust,75580.0,2823775,1270184,1305476,575155,3731720,1250324,445152,1925165,1349077,1313907,1281557,1448176,170746,2367792,538186,1089425,1287752,1689566,23719,1263852,1714178
727515,739500,Chaotic Spring (dot),7724.0,2823775,1270184,1313200,575155,3731720,1250324,445152,1925165,1349077,1313907,1281557,1448176,170746,2367792,538186,1089425,1287752,1689566,23719,1263852,1714178
739960,740492,Auto,14415.0,2838190,1270184,1313200,575155,3731720,1250324,445152,1925165,1349077,1313907,1281557,1448176,170746,2367792,538186,1089425,1287752,1689566,23719,1263852,1714178
740015,740725,Heavens' Thrust,110472.0,2838190,1270184,1313200,575155,3731720,1250324,445152,2035637,1349077,1313907,1281557,1448176,170746,2367792,538186,1089425,1287752,1689566,23719,1263852,1714178
740635,741615,Starcross,120245.0,2838190,1270184,1313200,575155,3731720,1250324,445152,2035637,1349077,1313907,1281557,1448176,170746,2367792,538186,1089425,1407997,1689566,23719,1263852,1714178
741255,742415,Rise of the Dragon,94477.0,2838190,1270184,1313200,575155,3731720,1250324,445152,2035637,1349077,1313907,1281557,1448176,170746,2367792,632663,1089425,1407997,1689566,23719,1263852,1714178
727515,742500,Chaotic Spring (dot),7724.0,2838190,1270184,1320924,575155,3731720,1250324,445152,2035637,1349077,1313907,1281557,1448176,170746,2367792,632663,1089425,1407997,1689566,23719,1263852,1714178
742515,743135,Fang and Claw,58402.0,2838190,1270184,1320924,575155,3731720,1308726,445152,2035637,1349077,1313907,1281557,1448176,170746,2367792,632663,1089425,1407997,1689566,23719,1263852,1714178
742760,743292,Auto,14415.0,2852605,1270184,1320924,575155,3731720,1308726,445152,2035637,1349077,1313907,1281557,1448176,170746,2367792,632663,1089425,1407997,1689566,23719,1263852,1714178
727515,745500,Chaotic Spring (dot),7724.0,2852605,1270184,1328648,575155,3731720,1308726,445152,2035637,1349077,1313907,1281557,1448176,170746,2367792,632663,1089425,1407997,1689566,23719,1263852,1714178
745015,745635,Drakesbane,79015.0,2852605,1270184,1328648,575155,3810735,1308726,445152,2035637,1349077,1313907,1281557,1448176,170746,2367792,632663,1089425,1407997,1689566,23719,1263852,1714178
745560,746092,Auto,14415.0,2867020,1270184,1328648,575155,3810735,1308726,445152,2035637,1349077,1313907,1281557,1448176,170746,2367792,632663,1089425,1407997,1689566,23719,1263852,1714178
747515,748135,Raiden Thrust,39279.0,2867020,1270184,1328648,575155,3810735,1308726,445152,2035637,1349077,1313907,1281557,1448176,170746,2407071,632663,1089425,1407997,1689566,23719,1263852,1714178
727515,748500,Chaotic Spring (dot),7724.0,2867020,1270184,1336372,575155,3810735,1308726,445152,2035637,1349077,1313907,1281557,1448176,170746,2407071,632663,1089425,1407997,1689566,23719,1263852,1714178
748360,748892,Auto,10301.0,2877321,1270184,1336372,575155,3810735,1308726,445152,2035637,1349077,1313907,1281557,1448176,170746,2407071,632663,1089425,1407997,1689566,23719,1263852,1714178
750015,750865,Piercing Talon,42964.0,2877321,1270184,1336372,575155,3810735,1308726,445152,2035637,1349077,1313907,1281557,1448176,213710,2407071,632663,1089425,1407997,1689566,23719,1263852,1714178
