sim_timestamp,sim_damage_timestamp,sim_name,sim_expected,Apex Arrow,Blast Arrow,Burst Shot,Caustic Bite,Caustic Bite (dot),Empyreal Arrow,Heartbreak Shot,Iron Jaws,Pitch Perfect,Radiant Encore,Refulgent Arrow,Resonant Arrow,Shot,Sidewinder,Stormbite,Stormbite (dot)
-1650,0,Heartbreak Shot,22196.0,0,0,0,0,0,0,22196,0,0,0,0,0,0,0,0,0
-1030,260,Stormbite,12331.0,0,0,0,0,0,0,22196,0,0,0,0,0,0,0,12331,0
0,758,Shot,8316.0,0,0,0,0,0,0,22196,0,0,0,0,0,8316,0,12331,0
-1030,1500,Stormbite (dot),3085.0,0,0,0,0,0,0,22196,0,0,0,0,0,8316,0,12331,3085
620,1650,Empyreal Arrow,32412.0,0,0,0,0,0,32412,22196,0,0,0,0,0,8316,0,12331,3085
1460,2750,Caustic Bite,18696.0,0,0,0,18696,0,32412,22196,0,0,0,0,0,8316,0,12331,3085
3040,3798,Shot,8405.0,0,0,0,18696,0,32412,22196,0,0,0,0,0,16721,0,12331,3085
-1030,4500,Stormbite (dot),3085.0,0,0,0,18696,0,32412,22196,0,0,0,0,0,16721,0,12331,6170
1460,4500,Caustic Bite (dot),2493.0,0,0,0,18696,2493,32412,22196,0,0,0,0,0,16721,0,12331,6170
3950,5420,Burst Shot,29680.0,0,0,29680,18696,2493,32412,22196,0,0,0,0,0,16721,0,12331,6170
6080,6838,Shot,10523.0,0,0,29680,18696,2493,32412,22196,0,0,0,0,0,27244,0,12331,6170
-1030,7500,Stormbite (dot),3085.0,0,0,29680,18696,2493,32412,22196,0,0,0,0,0,27244,0,12331,9255
1460,7500,Caustic Bite (dot),2493.0,0,0,29680,18696,4986,32412,22196,0,0,0,0,0,27244,0,12331,9255
6440,7910,Refulgent Arrow,16152.0,0,0,29680,18696,4986,32412,22196,0,0,0,16152,0,27244,0,12331,9255
6440,7910,Burst Shot,24082.0,0,0,53762,18696,4986,32412,22196,0,0,0,16152,0,27244,0,12331,9255
7680,8480,Pitch Perfect,13414.0,0,0,53762,18696,4986,32412,22196,0,13414,0,16152,0,27244,0,12331,9255
7680,8480,Pitch Perfect,44453.0,0,0,53762,18696,4986,32412,22196,0,57867,0,16152,0,27244,0,12331,9255
7680,9330,Heartbreak Shot,1401.0,0,0,53762,18696,4986,32412,23597,0,57867,0,16152,0,27244,0,12331,9255
9120,9878,Shot,12962.0,0,0,53762,18696,4986,32412,23597,0,57867,0,16152,0,40206,0,12331,9255
-1030,10500,Stormbite (dot),3085.0,0,0,53762,18696,4986,32412,23597,0,57867,0,16152,0,40206,0,12331,12340
1460,10500,Caustic Bite (dot),2493.0,0,0,53762,18696,7479,32412,23597,0,57867,0,16152,0,40206,0,12331,12340
10170,10700,Sidewinder,76904.0,0,0,53762,18696,7479,32412,23597,0,57867,0,16152,0,40206,76904,12331,12340
8930,10890,Radiant Encore,134580.0,0,0,53762,18696,7479,32412,23597,0,57867,134580,16152,0,40206,76904,12331,12340
12040,12840,Pitch Perfect,1744.0,0,0,53762,18696,7479,32412,23597,0,59611,134580,16152,0,40206,76904,12331,12340
11420,12890,Refulgent Arrow,53826.0,0,0,53762,18696,7479,32412,23597,0,59611,134580,69978,0,40206,76904,12331,12340
12160,12918,Shot,12962.0,0,0,53762,18696,7479,32412,23597,0,59611,134580,69978,0,53168,76904,12331,12340
11420,13010,Refulgent Arrow,53826.0,0,0,53762,18696,7479,32412,23597,0,59611,134580,123804,0,53168,76904,12331,12340
11420,13130,Refulgent Arrow,53826.0,0,0,53762,18696,7479,32412,23597,0,59611,134580,177630,0,53168,76904,12331,12340
-1030,13500,Stormbite (dot),3085.0,0,0,53762,18696,7479,32412,23597,0,59611,134580,177630,0,53168,76904,12331,15425
1460,13500,Caustic Bite (dot),2493.0,0,0,53762,18696,9972,32412,23597,0,59611,134580,177630,0,53168,76904,12331,15425
12040,13690,Heartbreak Shot,33729.0,0,0,53762,18696,9972,32412,57326,0,59611,134580,177630,0,53168,76904,12331,15425
12660,14310,Heartbreak Shot,34071.0,0,0,53762,18696,9972,32412,91397,0,59611,134580,177630,0,53168,76904,12331,15425
13910,15070,Resonant Arrow,123043.0,0,0,53762,18696,9972,32412,91397,0,59611,134580,177630,123043,53168,76904,12331,15425
15150,15950,Pitch Perfect,35421.0,0,0,53762,18696,9972,32412,91397,0,95032,134580,177630,123043,53168,76904,12331,15425
15200,15958,Shot,12962.0,0,0,53762,18696,9972,32412,91397,0,95032,134580,177630,123043,66130,76904,12331,15425
14530,16180,Heartbreak Shot,34601.0,0,0,53762,18696,9972,32412,125998,0,95032,134580,177630,123043,66130,76904,12331,15425
-1030,16500,Stormbite (dot),3085.0,0,0,53762,18696,9972,32412,125998,0,95032,134580,177630,123043,66130,76904,12331,18510
1460,16500,Caustic Bite (dot),2493.0,0,0,53762,18696,12465,32412,125998,0,95032,134580,177630,123043,66130,76904,12331,18510
16400,17870,Refulgent Arrow,13870.0,0,0,53762,18696,12465,32412,125998,0,95032,134580,191500,123043,66130,76904,12331,18510
16400,17870,Burst Shot,31391.0,0,0,85153,18696,12465,32412,125998,0,95032,134580,191500,123043,66130,76904,12331,18510
17020,18050,Empyreal Arrow,49984.0,0,0,85153,18696,12465,82396,125998,0,95032,134580,191500,123043,66130,76904,12331,18510
17670,18470,Pitch Perfect,25296.0,0,0,85153,18696,12465,82396,125998,0,120328,134580,191500,123043,66130,76904,12331,18510
18240,18998,Shot,12962.0,0,0,85153,18696,12465,82396,125998,0,120328,134580,191500,123043,79092,76904,12331,18510
-1030,19500,Stormbite (dot),3085.0,0,0,85153,18696,12465,82396,125998,0,120328,134580,191500,123043,79092,76904,12331,21595
1460,19500,Caustic Bite (dot),2493.0,0,0,85153,18696,14958,82396,125998,0,120328,134580,191500,123043,79092,76904,12331,21595
19510,20310,Pitch Perfect,6021.0,0,0,85153,18696,14958,82396,125998,0,126349,134580,191500,123043,79092,76904,12331,21595
18890,20360,Refulgent Arrow,14263.0,0,0,85153,18696,14958,82396,125998,0,126349,134580,205763,123043,79092,76904,12331,21595
18890,20360,Burst Shot,31082.0,0,0,116235,18696,14958,82396,125998,0,126349,134580,205763,123043,79092,76904,12331,21595
21280,22038,Shot,12962.0,0,0,116235,18696,14958,82396,125998,0,126349,134580,205763,123043,92054,76904,12331,21595
-1030,22500,Stormbite (dot),3085.0,0,0,116235,18696,14958,82396,125998,0,126349,134580,205763,123043,92054,76904,12331,24680
1460,22500,Caustic Bite (dot),2493.0,0,0,116235,18696,17451,82396,125998,0,126349,134580,205763,123043,92054,76904,12331,24680
22030,22830,Pitch Perfect,24693.0,0,0,116235,18696,17451,82396,125998,0,151042,134580,205763,123043,92054,76904,12331,24680
21380,22850,Burst Shot,31573.0,0,0,147808,18696,17451,82396,125998,0,151042,134580,205763,123043,92054,76904,12331,24680
21380,22850,Refulgent Arrow,13639.0,0,0,147808,18696,17451,82396,125998,0,151042,134580,219402,123043,92054,76904,12331,24680
23870,24540,Iron Jaws,19222.0,0,0,147808,18696,17451,82396,125998,19222,151042,134580,219402,123043,92054,76904,12331,24680
24320,25078,Shot,12962.0,0,0,147808,18696,17451,82396,125998,19222,151042,134580,219402,123043,105016,76904,12331,24680
24520,25320,Pitch Perfect,22583.0,0,0,147808,18696,17451,82396,125998,19222,173625,134580,219402,123043,105016,76904,12331,24680
23870,25500,Caustic Bite (dot),3846.0,0,0,147808,18696,21297,82396,125998,19222,173625,134580,219402,123043,105016,76904,12331,24680
23870,25500,Stormbite (dot),4808.0,0,0,147808,18696,21297,82396,125998,19222,173625,134580,219402,123043,105016,76904,12331,29488
26361,27831,Burst Shot,17093.0,0,0,164901,18696,21297,82396,125998,19222,173625,134580,219402,123043,105016,76904,12331,29488
26361,27831,Refulgent Arrow,23979.0,0,0,164901,18696,21297,82396,125998,19222,173625,134580,243381,123043,105016,76904,12331,29488
27360,28118,Shot,10462.0,0,0,164901,18696,21297,82396,125998,19222,173625,134580,243381,123043,115478,76904,12331,29488
27631,28431,Pitch Perfect,9568.0,0,0,164901,18696,21297,82396,125998,19222,183193,134580,243381,123043,115478,76904,12331,29488
23870,28500,Stormbite (dot),4808.0,0,0,164901,18696,21297,82396,125998,19222,183193,134580,243381,123043,115478,76904,12331,34296
23870,28500,Caustic Bite (dot),3846.0,0,0,164901,18696,25143,82396,125998,19222,183193,134580,243381,123043,115478,76904,12331,34296
28851,30321,Burst Shot,21856.0,0,0,186757,18696,25143,82396,125998,19222,183193,134580,243381,123043,115478,76904,12331,34296
28851,30321,Refulgent Arrow,9958.0,0,0,186757,18696,25143,82396,125998,19222,183193,134580,253339,123043,115478,76904,12331,34296
30121,30921,Pitch Perfect,13022.0,0,0,186757,18696,25143,82396,125998,19222,196215,134580,253339,123043,115478,76904,12331,34296
29471,31121,Heartbreak Shot,24284.0,0,0,186757,18696,25143,82396,150282,19222,196215,134580,253339,123043,115478,76904,12331,34296
30400,31158,Shot,9097.0,0,0,186757,18696,25143,82396,150282,19222,196215,134580,253339,123043,124575,76904,12331,34296
23870,31500,Stormbite (dot),4808.0,0,0,186757,18696,25143,82396,150282,19222,196215,134580,253339,123043,124575,76904,12331,39104
23870,31500,Caustic Bite (dot),3846.0,0,0,186757,18696,28989,82396,150282,19222,196215,134580,253339,123043,124575,76904,12331,39104
31341,32811,Refulgent Arrow,9772.0,0,0,186757,18696,28989,82396,150282,19222,196215,134580,263111,123043,124575,76904,12331,39104
31341,32811,Burst Shot,22002.0,0,0,208759,18696,28989,82396,150282,19222,196215,134580,263111,123043,124575,76904,12331,39104
32020,33050,Empyreal Arrow,35080.0,0,0,208759,18696,28989,117476,150282,19222,196215,134580,263111,123043,124575,76904,12331,39104
32670,33470,Pitch Perfect,18215.0,0,0,208759,18696,28989,117476,150282,19222,214430,134580,263111,123043,124575,76904,12331,39104
33440,34198,Shot,9097.0,0,0,208759,18696,28989,117476,150282,19222,214430,134580,263111,123043,133672,76904,12331,39104
23870,34500,Caustic Bite (dot),3846.0,0,0,208759,18696,32835,117476,150282,19222,214430,134580,263111,123043,133672,76904,12331,39104
23870,34500,Stormbite (dot),4808.0,0,0,208759,18696,32835,117476,150282,19222,214430,134580,263111,123043,133672,76904,12331,43912
34451,35251,Pitch Perfect,10972.0,0,0,208759,18696,32835,117476,150282,19222,225402,134580,263111,123043,133672,76904,12331,43912
33831,35301,Burst Shot,20389.0,0,0,229148,18696,32835,117476,150282,19222,225402,134580,263111,123043,133672,76904,12331,43912
33831,35301,Refulgent Arrow,8952.0,0,0,229148,18696,32835,117476,150282,19222,225402,134580,272063,123043,133672,76904,12331,43912
36480,37238,Shot,8405.0,0,0,229148,18696,32835,117476,150282,19222,225402,134580,272063,123043,142077,76904,12331,43912
23870,37500,Caustic Bite (dot),3846.0,0,0,229148,18696,36681,117476,150282,19222,225402,134580,272063,123043,142077,76904,12331,43912
23870,37500,Stormbite (dot),4808.0,0,0,229148,18696,36681,117476,150282,19222,225402,134580,272063,123043,142077,76904,12331,48720
36971,37771,Pitch Perfect,11304.0,0,0,229148,18696,36681,117476,150282,19222,236706,134580,272063,123043,142077,76904,12331,48720
36321,37791,Burst Shot,20332.0,0,0,249480,18696,36681,117476,150282,19222,236706,134580,272063,123043,142077,76904,12331,48720
36321,37791,Refulgent Arrow,9025.0,0,0,249480,18696,36681,117476,150282,19222,236706,134580,281088,123043,142077,76904,12331,48720
39461,40261,Pitch Perfect,12650.0,0,0,249480,18696,36681,117476,150282,19222,249356,134580,281088,123043,142077,76904,12331,48720
39520,40278,Shot,8405.0,0,0,249480,18696,36681,117476,150282,19222,249356,134580,281088,123043,150482,76904,12331,48720
38811,40281,Burst Shot,20436.0,0,0,269916,18696,36681,117476,150282,19222,249356,134580,281088,123043,150482,76904,12331,48720
38811,40281,Refulgent Arrow,8893.0,0,0,269916,18696,36681,117476,150282,19222,249356,134580,289981,123043,150482,76904,12331,48720
23870,40500,Stormbite (dot),4808.0,0,0,269916,18696,36681,117476,150282,19222,249356,134580,289981,123043,150482,76904,12331,53528
23870,40500,Caustic Bite (dot),3846.0,0,0,269916,18696,40527,117476,150282,19222,249356,134580,289981,123043,150482,76904,12331,53528
41921,42721,Pitch Perfect,3980.0,0,0,269916,18696,40527,117476,150282,19222,253336,134580,289981,123043,150482,76904,12331,53528
41921,42721,Pitch Perfect,9203.0,0,0,269916,18696,40527,117476,150282,19222,262539,134580,289981,123043,150482,76904,12331,53528
41301,42771,Burst Shot,20477.0,0,0,290393,18696,40527,117476,150282,19222,262539,134580,289981,123043,150482,76904,12331,53528
41301,42771,Refulgent Arrow,8840.0,0,0,290393,18696,40527,117476,150282,19222,262539,134580,298821,123043,150482,76904,12331,53528
42560,43318,Shot,8399.0,0,0,290393,18696,40527,117476,150282,19222,262539,134580,298821,123043,158881,76904,12331,53528
23870,43500,Stormbite (dot),4808.0,0,0,290393,18696,40527,117476,150282,19222,262539,134580,298821,123043,158881,76904,12331,58336
23870,43500,Caustic Bite (dot),3846.0,0,0,290393,18696,44373,117476,150282,19222,262539,134580,298821,123043,158881,76904,12331,58336
43791,45261,Burst Shot,20332.0,0,0,310725,18696,44373,117476,150282,19222,262539,134580,298821,123043,158881,76904,12331,58336
43791,45261,Refulgent Arrow,9002.0,0,0,310725,18696,44373,117476,150282,19222,262539,134580,307823,123043,158881,76904,12331,58336
44411,46061,Heartbreak Shot,22418.0,0,0,310725,18696,44373,117476,172700,19222,262539,134580,307823,123043,158881,76904,12331,58336
45600,46358,Shot,8399.0,0,0,310725,18696,44373,117476,172700,19222,262539,134580,307823,123043,167280,76904,12331,58336
23870,46500,Stormbite (dot),4808.0,0,0,310725,18696,44373,117476,172700,19222,262539,134580,307823,123043,167280,76904,12331,63144
23870,46500,Caustic Bite (dot),3846.0,0,0,310725,18696,48219,117476,172700,19222,262539,134580,307823,123043,167280,76904,12331,63144
46281,47751,Burst Shot,20263.0,0,0,330988,18696,48219,117476,172700,19222,262539,134580,307823,123043,167280,76904,12331,63144
46281,47751,Refulgent Arrow,9089.0,0,0,330988,18696,48219,117476,172700,19222,262539,134580,316912,123043,167280,76904,12331,63144
47020,48050,Empyreal Arrow,32390.0,0,0,330988,18696,48219,149866,172700,19222,262539,134580,316912,123043,167280,76904,12331,63144
47640,49290,Heartbreak Shot,17912.0,0,0,330988,18696,48219,149866,190612,19222,262539,134580,316912,123043,167280,76904,12331,63144
48640,49398,Shot,8399.0,0,0,330988,18696,48219,149866,190612,19222,262539,134580,316912,123043,175679,76904,12331,63144
23870,49500,Caustic Bite (dot),3846.0,0,0,330988,18696,52065,149866,190612,19222,262539,134580,316912,123043,175679,76904,12331,63144
23870,49500,Stormbite (dot),4808.0,0,0,330988,18696,52065,149866,190612,19222,262539,134580,316912,123043,175679,76904,12331,67952
48771,50241,Refulgent Arrow,9127.0,0,0,330988,18696,52065,149866,190612,19222,262539,134580,326039,123043,175679,76904,12331,67952
48771,50241,Burst Shot,20233.0,0,0,351221,18696,52065,149866,190612,19222,262539,134580,326039,123043,175679,76904,12331,67952
49421,51071,Heartbreak Shot,3669.0,0,0,351221,18696,52065,149866,194281,19222,262539,134580,326039,123043,175679,76904,12331,67952
51261,52331,Apex Arrow,9478.0,9478,0,351221,18696,52065,149866,194281,19222,262539,134580,326039,123043,175679,76904,12331,67952
51261,52331,Apex Arrow,16945.0,26423,0,351221,18696,52065,149866,194281,19222,262539,134580,326039,123043,175679,76904,12331,67952
51261,52331,Apex Arrow,71.0,26494,0,351221,18696,52065,149866,194281,19222,262539,134580,326039,123043,175679,76904,12331,67952
51261,52331,Apex Arrow,17.0,26511,0,351221,18696,52065,149866,194281,19222,262539,134580,326039,123043,175679,76904,12331,67952
51261,52331,Apex Arrow,7861.0,34372,0,351221,18696,52065,149866,194281,19222,262539,134580,326039,123043,175679,76904,12331,67952
51261,52331,Apex Arrow,2782.0,37154,0,351221,18696,52065,149866,194281,19222,262539,134580,326039,123043,175679,76904,12331,67952
51261,52331,Apex Arrow,18375.0,55529,0,351221,18696,52065,149866,194281,19222,262539,134580,326039,123043,175679,76904,12331,67952
51261,52331,Apex Arrow,13206.0,68735,0,351221,18696,52065,149866,194281,19222,262539,134580,326039,123043,175679,76904,12331,67952
51261,52331,Apex Arrow,1145.0,69880,0,351221,18696,52065,149866,194281,19222,262539,134580,326039,123043,175679,76904,12331,67952
51261,52331,Apex Arrow,3180.0,73060,0,351221,18696,52065,149866,194281,19222,262539,134580,326039,123043,175679,76904,12331,67952
51261,52331,Apex Arrow,324.0,73384,0,351221,18696,52065,149866,194281,19222,262539,134580,326039,123043,175679,76904,12331,67952
51680,52438,Shot,8399.0,73384,0,351221,18696,52065,149866,194281,19222,262539,134580,326039,123043,184078,76904,12331,67952
23870,52500,Stormbite (dot),4808.0,73384,0,351221,18696,52065,149866,194281,19222,262539,134580,326039,123043,184078,76904,12331,72760
23870,52500,Caustic Bite (dot),3846.0,73384,0,351221,18696,55911,149866,194281,19222,262539,134580,326039,123043,184078,76904,12331,72760
51881,53531,Heartbreak Shot,21010.0,73384,0,351221,18696,55911,149866,215291,19222,262539,134580,326039,123043,184078,76904,12331,72760
53751,55221,Refulgent Arrow,1778.0,73384,0,351221,18696,55911,149866,215291,19222,262539,134580,327817,123043,184078,76904,12331,72760
53751,55221,Burst Shot,4099.0,73384,0,355320,18696,55911,149866,215291,19222,262539,134580,327817,123043,184078,76904,12331,72760
53751,55401,Blast Arrow,69716.0,73384,69716,355320,18696,55911,149866,215291,19222,262539,134580,327817,123043,184078,76904,12331,72760
54720,55478,Shot,8399.0,73384,69716,355320,18696,55911,149866,215291,19222,262539,134580,327817,123043,192477,76904,12331,72760
23870,55500,Caustic Bite (dot),3846.0,73384,69716,355320,18696,59757,149866,215291,19222,262539,134580,327817,123043,192477,76904,12331,72760
23870,55500,Stormbite (dot),4808.0,73384,69716,355320,18696,59757,149866,215291,19222,262539,134580,327817,123043,192477,76904,12331,77568
55051,56701,Heartbreak Shot,10843.0,73384,69716,355320,18696,59757,149866,226134,19222,262539,134580,327817,123043,192477,76904,12331,77568
56241,57711,Burst Shot,20263.0,73384,69716,375583,18696,59757,149866,226134,19222,262539,134580,327817,123043,192477,76904,12331,77568
56241,57711,Refulgent Arrow,9089.0,73384,69716,375583,18696,59757,149866,226134,19222,262539,134580,336906,123043,192477,76904,12331,77568
23870,58500,Stormbite (dot),4808.0,73384,69716,375583,18696,59757,149866,226134,19222,262539,134580,336906,123043,192477,76904,12331,82376
23870,58500,Caustic Bite (dot),3846.0,73384,69716,375583,18696,63603,149866,226134,19222,262539,134580,336906,123043,192477,76904,12331,82376
57760,58518,Shot,8399.0,73384,69716,375583,18696,63603,149866,226134,19222,262539,134580,336906,123043,200876,76904,12331,82376
58731,60201,Refulgent Arrow,8876.0,73384,69716,375583,18696,63603,149866,226134,19222,262539,134580,345782,123043,200876,76904,12331,82376
58731,60201,Burst Shot,20430.0,73384,69716,396013,18696,63603,149866,226134,19222,262539,134580,345782,123043,200876,76904,12331,82376
59351,61001,Heartbreak Shot,19755.0,73384,69716,396013,18696,63603,149866,245889,19222,262539,134580,345782,123043,200876,76904,12331,82376
23870,61500,Stormbite (dot),4808.0,73384,69716,396013,18696,63603,149866,245889,19222,262539,134580,345782,123043,200876,76904,12331,87184
23870,61500,Caustic Bite (dot),3846.0,73384,69716,396013,18696,67449,149866,245889,19222,262539,134580,345782,123043,200876,76904,12331,87184
60800,61558,Shot,8399.0,73384,69716,396013,18696,67449,149866,245889,19222,262539,134580,345782,123043,209275,76904,12331,87184
61221,62691,Refulgent Arrow,8908.0,73384,69716,396013,18696,67449,149866,245889,19222,262539,134580,354690,123043,209275,76904,12331,87184
61221,62691,Burst Shot,20406.0,73384,69716,416419,18696,67449,149866,245889,19222,262539,134580,354690,123043,209275,76904,12331,87184
62020,63050,Empyreal Arrow,32390.0,73384,69716,416419,18696,67449,182256,245889,19222,262539,134580,354690,123043,209275,76904,12331,87184
62640,64290,Heartbreak Shot,20004.0,73384,69716,416419,18696,67449,182256,265893,19222,262539,134580,354690,123043,209275,76904,12331,87184
23870,64500,Caustic Bite (dot),3846.0,73384,69716,416419,18696,71295,182256,265893,19222,262539,134580,354690,123043,209275,76904,12331,87184
23870,64500,Stormbite (dot),4808.0,73384,69716,416419,18696,71295,182256,265893,19222,262539,134580,354690,123043,209275,76904,12331,91992
63840,64598,Shot,8399.0,73384,69716,416419,18696,71295,182256,265893,19222,262539,134580,354690,123043,217674,76904,12331,91992
63711,65181,Refulgent Arrow,8869.0,73384,69716,416419,18696,71295,182256,265893,19222,262539,134580,363559,123043,217674,76904,12331,91992
63711,65181,Burst Shot,20436.0,73384,69716,436855,18696,71295,182256,265893,19222,262539,134580,363559,123043,217674,76904,12331,91992
64331,65981,Heartbreak Shot,8579.0,73384,69716,436855,18696,71295,182256,274472,19222,262539,134580,363559,123043,217674,76904,12331,91992
23870,67500,Caustic Bite (dot),3846.0,73384,69716,436855,18696,75141,182256,274472,19222,262539,134580,363559,123043,217674,76904,12331,91992
23870,67500,Stormbite (dot),4808.0,73384,69716,436855,18696,75141,182256,274472,19222,262539,134580,363559,123043,217674,76904,12331,96800
66880,67638,Shot,8399.0,73384,69716,436855,18696,75141,182256,274472,19222,262539,134580,363559,123043,226073,76904,12331,96800
66201,67671,Refulgent Arrow,9253.0,73384,69716,436855,18696,75141,182256,274472,19222,262539,134580,372812,123043,226073,76904,12331,96800
66201,67671,Burst Shot,20134.0,73384,69716,456989,18696,75141,182256,274472,19222,262539,134580,372812,123043,226073,76904,12331,96800
66821,68471,Heartbreak Shot,20225.0,73384,69716,456989,18696,75141,182256,294697,19222,262539,134580,372812,123043,226073,76904,12331,96800
68691,69361,Iron Jaws,12454.0,73384,69716,456989,18696,75141,182256,294697,31676,262539,134580,372812,123043,226073,76904,12331,96800
68691,70500,Caustic Bite (dot),2491.0,73384,69716,456989,18696,77632,182256,294697,31676,262539,134580,372812,123043,226073,76904,12331,96800
68691,70500,Stormbite (dot),3115.0,73384,69716,456989,18696,77632,182256,294697,31676,262539,134580,372812,123043,226073,76904,12331,99915
69920,70678,Shot,8399.0,73384,69716,456989,18696,77632,182256,294697,31676,262539,134580,372812,123043,234472,76904,12331,99915
70170,70700,Sidewinder,49833.0,73384,69716,456989,18696,77632,182256,294697,31676,262539,134580,372812,123043,234472,126737,12331,99915
71181,72651,Burst Shot,13253.0,73384,69716,470242,18696,77632,182256,294697,31676,262539,134580,372812,123043,234472,126737,12331,99915
71181,72651,Refulgent Arrow,18011.0,73384,69716,470242,18696,77632,182256,294697,31676,262539,134580,390823,123043,234472,126737,12331,99915
71831,73481,Heartbreak Shot,9070.0,73384,69716,470242,18696,77632,182256,303767,31676,262539,134580,390823,123043,234472,126737,12331,99915
68691,73500,Caustic Bite (dot),2491.0,73384,69716,470242,18696,80123,182256,303767,31676,262539,134580,390823,123043,234472,126737,12331,99915
68691,73500,Stormbite (dot),3115.0,73384,69716,470242,18696,80123,182256,303767,31676,262539,134580,390823,123043,234472,126737,12331,103030
72960,73718,Shot,8399.0,73384,69716,470242,18696,80123,182256,303767,31676,262539,134580,390823,123043,242871,126737,12331,103030
73671,75141,Refulgent Arrow,9019.0,73384,69716,470242,18696,80123,182256,303767,31676,262539,134580,399842,123043,242871,126737,12331,103030
73671,75141,Burst Shot,20318.0,73384,69716,490560,18696,80123,182256,303767,31676,262539,134580,399842,123043,242871,126737,12331,103030
74321,75971,Heartbreak Shot,20203.0,73384,69716,490560,18696,80123,182256,323970,31676,262539,134580,399842,123043,242871,126737,12331,103030
68691,76500,Caustic Bite (dot),2491.0,73384,69716,490560,18696,82614,182256,323970,31676,262539,134580,399842,123043,242871,126737,12331,103030
68691,76500,Stormbite (dot),3115.0,73384,69716,490560,18696,82614,182256,323970,31676,262539,134580,399842,123043,242871,126737,12331,106145
76000,76758,Shot,8399.0,73384,69716,490560,18696,82614,182256,323970,31676,262539,134580,399842,123043,251270,126737,12331,106145
76162,77632,Refulgent Arrow,8765.0,73384,69716,490560,18696,82614,182256,323970,31676,262539,134580,408607,123043,251270,126737,12331,106145
76162,77632,Burst Shot,20518.0,73384,69716,511078,18696,82614,182256,323970,31676,262539,134580,408607,123043,251270,126737,12331,106145
77020,78050,Empyreal Arrow,32390.0,73384,69716,511078,18696,82614,214646,323970,31676,262539,134580,408607,123043,251270,126737,12331,106145
77640,79290,Heartbreak Shot,20190.0,73384,69716,511078,18696,82614,214646,344160,31676,262539,134580,408607,123043,251270,126737,12331,106145
68691,79500,Stormbite (dot),3115.0,73384,69716,511078,18696,82614,214646,344160,31676,262539,134580,408607,123043,251270,126737,12331,109260
68691,79500,Caustic Bite (dot),2491.0,73384,69716,511078,18696,85105,214646,344160,31676,262539,134580,408607,123043,251270,126737,12331,109260
79040,79798,Shot,8399.0,73384,69716,511078,18696,85105,214646,344160,31676,262539,134580,408607,123043,259669,126737,12331,109260
78652,80122,Refulgent Arrow,9253.0,73384,69716,511078,18696,85105,214646,344160,31676,262539,134580,417860,123043,259669,126737,12331,109260
78652,80122,Burst Shot,20134.0,73384,69716,531212,18696,85105,214646,344160,31676,262539,134580,417860,123043,259669,126737,12331,109260
79272,80922,Heartbreak Shot,9063.0,73384,69716,531212,18696,85105,214646,353223,31676,262539,134580,417860,123043,259669,126737,12331,109260
68691,82500,Caustic Bite (dot),2491.0,73384,69716,531212,18696,87596,214646,353223,31676,262539,134580,417860,123043,259669,126737,12331,109260
68691,82500,Stormbite (dot),3115.0,73384,69716,531212,18696,87596,214646,353223,31676,262539,134580,417860,123043,259669,126737,12331,112375
81142,82612,Burst Shot,20381.0,73384,69716,551593,18696,87596,214646,353223,31676,262539,134580,417860,123043,259669,126737,12331,112375
81142,82612,Refulgent Arrow,8939.0,73384,69716,551593,18696,87596,214646,353223,31676,262539,134580,426799,123043,259669,126737,12331,112375
82080,82838,Shot,8374.0,73384,69716,551593,18696,87596,214646,353223,31676,262539,134580,426799,123043,268043,126737,12331,112375
82382,84032,Heartbreak Shot,20111.0,73384,69716,551593,18696,87596,214646,373334,31676,262539,134580,426799,123043,268043,126737,12331,112375
83632,85102,Refulgent Arrow,9051.0,73384,69716,551593,18696,87596,214646,373334,31676,262539,134580,435850,123043,268043,126737,12331,112375
83632,85102,Burst Shot,20211.0,73384,69716,571804,18696,87596,214646,373334,31676,262539,134580,435850,123043,268043,126737,12331,112375
68691,85500,Caustic Bite (dot),2491.0,73384,69716,571804,18696,90087,214646,373334,31676,262539,134580,435850,123043,268043,126737,12331,112375
68691,85500,Stormbite (dot),3115.0,73384,69716,571804,18696,90087,214646,373334,31676,262539,134580,435850,123043,268043,126737,12331,115490
85120,85878,Shot,8374.0,73384,69716,571804,18696,90087,214646,373334,31676,262539,134580,435850,123043,276417,126737,12331,115490
86122,87592,Burst Shot,20170.0,73384,69716,591974,18696,90087,214646,373334,31676,262539,134580,435850,123043,276417,126737,12331,115490
86122,87592,Refulgent Arrow,9104.0,73384,69716,591974,18696,90087,214646,373334,31676,262539,134580,444954,123043,276417,126737,12331,115490
68691,88500,Caustic Bite (dot),2491.0,73384,69716,591974,18696,92578,214646,373334,31676,262539,134580,444954,123043,276417,126737,12331,115490
68691,88500,Stormbite (dot),3115.0,73384,69716,591974,18696,92578,214646,373334,31676,262539,134580,444954,123043,276417,126737,12331,118605
88160,88918,Shot,8374.0,73384,69716,591974,18696,92578,214646,373334,31676,262539,134580,444954,123043,284791,126737,12331,118605
88512,89982,Refulgent Arrow,9138.0,73384,69716,591974,18696,92578,214646,373334,31676,262539,134580,454092,123043,284791,126737,12331,118605
88512,89982,Burst Shot,20142.0,73384,69716,612116,18696,92578,214646,373334,31676,262539,134580,454092,123043,284791,126737,12331,118605
89162,90812,Heartbreak Shot,11075.0,73384,69716,612116,18696,92578,214646,384409,31676,262539,134580,454092,123043,284791,126737,12331,118605
68691,91500,Stormbite (dot),3115.0,73384,69716,612116,18696,92578,214646,384409,31676,262539,134580,454092,123043,284791,126737,12331,121720
68691,91500,Caustic Bite (dot),2491.0,73384,69716,612116,18696,95069,214646,384409,31676,262539,134580,454092,123043,284791,126737,12331,121720
91200,91958,Shot,8374.0,73384,69716,612116,18696,95069,214646,384409,31676,262539,134580,454092,123043,293165,126737,12331,121720
90802,92272,Refulgent Arrow,8898.0,73384,69716,612116,18696,95069,214646,384409,31676,262539,134580,462990,123043,293165,126737,12331,121720
90802,92272,Burst Shot,20331.0,73384,69716,632447,18696,95069,214646,384409,31676,262539,134580,462990,123043,293165,126737,12331,121720
92020,93050,Empyreal Arrow,32293.0,73384,69716,632447,18696,95069,246939,384409,31676,262539,134580,462990,123043,293165,126737,12331,121720
92992,94462,Burst Shot,20476.0,73384,69716,652923,18696,95069,246939,384409,31676,262539,134580,462990,123043,293165,126737,12331,121720
92992,94462,Refulgent Arrow,8714.0,73384,69716,652923,18696,95069,246939,384409,31676,262539,134580,471704,123043,293165,126737,12331,121720
68691,94500,Caustic Bite (dot),2491.0,73384,69716,652923,18696,97560,246939,384409,31676,262539,134580,471704,123043,293165,126737,12331,121720
68691,94500,Stormbite (dot),3115.0,73384,69716,652923,18696,97560,246939,384409,31676,262539,134580,471704,123043,293165,126737,12331,124835
94240,94998,Shot,8374.0,73384,69716,652923,18696,97560,246939,384409,31676,262539,134580,471704,123043,301539,126737,12331,124835
95082,96552,Refulgent Arrow,8975.0,73384,69716,652923,18696,97560,246939,384409,31676,262539,134580,480679,123043,301539,126737,12331,124835
95082,96552,Burst Shot,20271.0,73384,69716,673194,18696,97560,246939,384409,31676,262539,134580,480679,123043,301539,126737,12331,124835
68691,97500,Caustic Bite (dot),2491.0,73384,69716,673194,18696,100051,246939,384409,31676,262539,134580,480679,123043,301539,126737,12331,124835
68691,97500,Stormbite (dot),3115.0,73384,69716,673194,18696,100051,246939,384409,31676,262539,134580,480679,123043,301539,126737,12331,127950
96382,98032,Heartbreak Shot,11276.0,73384,69716,673194,18696,100051,246939,395685,31676,262539,134580,480679,123043,301539,126737,12331,127950
97280,98038,Shot,8374.0,73384,69716,673194,18696,100051,246939,395685,31676,262539,134580,480679,123043,309913,126737,12331,127950
97172,98642,Refulgent Arrow,9017.0,73384,69716,673194,18696,100051,246939,395685,31676,262539,134580,489696,123043,309913,126737,12331,127950
97172,98642,Burst Shot,20238.0,73384,69716,693432,18696,100051,246939,395685,31676,262539,134580,489696,123043,309913,126737,12331,127950
68691,100500,Caustic Bite (dot),2491.0,73384,69716,693432,18696,102542,246939,395685,31676,262539,134580,489696,123043,309913,126737,12331,127950
68691,100500,Stormbite (dot),3115.0,73384,69716,693432,18696,102542,246939,395685,31676,262539,134580,489696,123043,309913,126737,12331,131065
99262,100732,Refulgent Arrow,9027.0,73384,69716,693432,18696,102542,246939,395685,31676,262539,134580,498723,123043,309913,126737,12331,131065
99262,100732,Burst Shot,20230.0,73384,69716,713662,18696,102542,246939,395685,31676,262539,134580,498723,123043,309913,126737,12331,131065
100320,101078,Shot,8374.0,73384,69716,713662,18696,102542,246939,395685,31676,262539,134580,498723,123043,318287,126737,12331,131065
101352,102822,Burst Shot,20536.0,73384,69716,734198,18696,102542,246939,395685,31676,262539,134580,498723,123043,318287,126737,12331,131065
101352,102822,Refulgent Arrow,8638.0,73384,69716,734198,18696,102542,246939,395685,31676,262539,134580,507361,123043,318287,126737,12331,131065
68691,103500,Caustic Bite (dot),2491.0,73384,69716,734198,18696,105033,246939,395685,31676,262539,134580,507361,123043,318287,126737,12331,131065
68691,103500,Stormbite (dot),3115.0,73384,69716,734198,18696,105033,246939,395685,31676,262539,134580,507361,123043,318287,126737,12331,134180
103360,104118,Shot,8374.0,73384,69716,734198,18696,105033,246939,395685,31676,262539,134580,507361,123043,326661,126737,12331,134180
103442,104912,Refulgent Arrow,9131.0,73384,69716,734198,18696,105033,246939,395685,31676,262539,134580,516492,123043,326661,126737,12331,134180
103442,104912,Burst Shot,20148.0,73384,69716,754346,18696,105033,246939,395685,31676,262539,134580,516492,123043,326661,126737,12331,134180
105532,106202,Iron Jaws,12417.0,73384,69716,754346,18696,105033,246939,395685,44093,262539,134580,516492,123043,326661,126737,12331,134180
105532,106500,Stormbite (dot),3106.0,73384,69716,754346,18696,105033,246939,395685,44093,262539,134580,516492,123043,326661,126737,12331,137286
105532,106500,Caustic Bite (dot),2484.0,73384,69716,754346,18696,107517,246939,395685,44093,262539,134580,516492,123043,326661,126737,12331,137286
106400,107158,Shot,8374.0,73384,69716,754346,18696,107517,246939,395685,44093,262539,134580,516492,123043,335035,126737,12331,137286
107622,109092,Refulgent Arrow,18176.0,73384,69716,754346,18696,107517,246939,395685,44093,262539,134580,534668,123043,335035,126737,12331,137286
107622,109092,Burst Shot,13041.0,73384,69716,767387,18696,107517,246939,395685,44093,262539,134580,534668,123043,335035,126737,12331,137286
108242,109272,Empyreal Arrow,32293.0,73384,69716,767387,18696,107517,279232,395685,44093,262539,134580,534668,123043,335035,126737,12331,137286
105532,109500,Caustic Bite (dot),2484.0,73384,69716,767387,18696,110001,279232,395685,44093,262539,134580,534668,123043,335035,126737,12331,137286
105532,109500,Stormbite (dot),3106.0,73384,69716,767387,18696,110001,279232,395685,44093,262539,134580,534668,123043,335035,126737,12331,140392
109440,110198,Shot,8374.0,73384,69716,767387,18696,110001,279232,395685,44093,262539,134580,534668,123043,343409,126737,12331,140392
109712,111182,Refulgent Arrow,8888.0,73384,69716,767387,18696,110001,279232,395685,44093,262539,134580,543556,123043,343409,126737,12331,140392
109712,111182,Burst Shot,20339.0,73384,69716,787726,18696,110001,279232,395685,44093,262539,134580,543556,123043,343409,126737,12331,140392
105532,112500,Caustic Bite (dot),2484.0,73384,69716,787726,18696,112485,279232,395685,44093,262539,134580,543556,123043,343409,126737,12331,140392
105532,112500,Stormbite (dot),3106.0,73384,69716,787726,18696,112485,279232,395685,44093,262539,134580,543556,123043,343409,126737,12331,143498
112480,113238,Shot,8374.0,73384,69716,787726,18696,112485,279232,395685,44093,262539,134580,543556,123043,351783,126737,12331,143498
111802,113272,Burst Shot,20243.0,73384,69716,807969,18696,112485,279232,395685,44093,262539,134580,543556,123043,351783,126737,12331,143498
111802,113272,Refulgent Arrow,9010.0,73384,69716,807969,18696,112485,279232,395685,44093,262539,134580,552566,123043,351783,126737,12331,143498
113892,115362,Refulgent Arrow,9048.0,73384,69716,807969,18696,112485,279232,395685,44093,262539,134580,561614,123043,351783,126737,12331,143498
113892,115362,Burst Shot,20213.0,73384,69716,828182,18696,112485,279232,395685,44093,262539,134580,561614,123043,351783,126737,12331,143498
105532,115500,Caustic Bite (dot),2484.0,73384,69716,828182,18696,114969,279232,395685,44093,262539,134580,561614,123043,351783,126737,12331,143498
105532,115500,Stormbite (dot),3106.0,73384,69716,828182,18696,114969,279232,395685,44093,262539,134580,561614,123043,351783,126737,12331,146604
115520,116278,Shot,8374.0,73384,69716,828182,18696,114969,279232,395685,44093,262539,134580,561614,123043,360157,126737,12331,146604
115982,117452,Burst Shot,20339.0,73384,69716,848521,18696,114969,279232,395685,44093,262539,134580,561614,123043,360157,126737,12331,146604
115982,117452,Refulgent Arrow,8888.0,73384,69716,848521,18696,114969,279232,395685,44093,262539,134580,570502,123043,360157,126737,12331,146604
105532,118500,Stormbite (dot),3106.0,73384,69716,848521,18696,114969,279232,395685,44093,262539,134580,570502,123043,360157,126737,12331,149710
105532,118500,Caustic Bite (dot),2484.0,73384,69716,848521,18696,117453,279232,395685,44093,262539,134580,570502,123043,360157,126737,12331,149710
118560,119318,Shot,8374.0,73384,69716,848521,18696,117453,279232,395685,44093,262539,134580,570502,123043,368531,126737,12331,149710
118072,119542,Refulgent Arrow,9211.0,73384,69716,848521,18696,117453,279232,395685,44093,262539,134580,579713,123043,368531,126737,12331,149710
118072,119542,Burst Shot,20085.0,73384,69716,868606,18696,117453,279232,395685,44093,262539,134580,579713,123043,368531,126737,12331,149710
105532,121500,Stormbite (dot),3106.0,73384,69716,868606,18696,117453,279232,395685,44093,262539,134580,579713,123043,368531,126737,12331,152816
105532,121500,Caustic Bite (dot),2484.0,73384,69716,868606,18696,119937,279232,395685,44093,262539,134580,579713,123043,368531,126737,12331,152816
120162,121632,Burst Shot,20468.0,73384,69716,889074,18696,119937,279232,395685,44093,262539,134580,579713,123043,368531,126737,12331,152816
120162,121632,Refulgent Arrow,8724.0,73384,69716,889074,18696,119937,279232,395685,44093,262539,134580,588437,123043,368531,126737,12331,152816
121600,122358,Shot,8405.0,73384,69716,889074,18696,119937,279232,395685,44093,262539,134580,588437,123043,376936,126737,12331,152816
122252,123722,Burst Shot,20159.0,73384,69716,909233,18696,119937,279232,395685,44093,262539,134580,588437,123043,376936,126737,12331,152816
122252,123722,Refulgent Arrow,9245.0,73384,69716,909233,18696,119937,279232,395685,44093,262539,134580,597682,123043,376936,126737,12331,152816
123242,124272,Empyreal Arrow,32412.0,73384,69716,909233,18696,119937,311644,395685,44093,262539,134580,597682,123043,376936,126737,12331,152816
105532,124500,Caustic Bite (dot),2484.0,73384,69716,909233,18696,122421,311644,395685,44093,262539,134580,597682,123043,376936,126737,12331,152816
105532,124500,Stormbite (dot),3106.0,73384,69716,909233,18696,122421,311644,395685,44093,262539,134580,597682,123043,376936,126737,12331,155922
124640,125398,Shot,8405.0,73384,69716,909233,18696,122421,311644,395685,44093,262539,134580,597682,123043,385341,126737,12331,155922
124442,125912,Refulgent Arrow,9263.0,73384,69716,909233,18696,122421,311644,395685,44093,262539,134580,606945,123043,385341,126737,12331,155922
124442,125912,Burst Shot,20145.0,73384,69716,929378,18696,122421,311644,395685,44093,262539,134580,606945,123043,385341,126737,12331,155922
105532,127500,Caustic Bite (dot),2484.0,73384,69716,929378,18696,124905,311644,395685,44093,262539,134580,606945,123043,385341,126737,12331,155922
105532,127500,Stormbite (dot),3106.0,73384,69716,929378,18696,124905,311644,395685,44093,262539,134580,606945,123043,385341,126737,12331,159028
126632,128102,Refulgent Arrow,11396.0,73384,69716,929378,18696,124905,311644,395685,44093,262539,134580,618341,123043,385341,126737,12331,159028
126632,128102,Burst Shot,26355.0,73384,69716,955733,18696,124905,311644,395685,44093,262539,134580,618341,123043,385341,126737,12331,159028
127680,128438,Shot,10821.0,73384,69716,955733,18696,124905,311644,395685,44093,262539,134580,618341,123043,396162,126737,12331,159028
127872,128672,Pitch Perfect,42435.0,73384,69716,955733,18696,124905,311644,395685,44093,304974,134580,618341,123043,396162,126737,12331,159028
127872,129522,Heartbreak Shot,12004.0,73384,69716,955733,18696,124905,311644,407689,44093,304974,134580,618341,123043,396162,126737,12331,159028
128822,129892,Apex Arrow,128768.0,202152,69716,955733,18696,124905,311644,407689,44093,304974,134580,618341,123043,396162,126737,12331,159028
128822,129892,Apex Arrow,10.0,202162,69716,955733,18696,124905,311644,407689,44093,304974,134580,618341,123043,396162,126737,12331,159028
128822,129892,Apex Arrow,81.0,202243,69716,955733,18696,124905,311644,407689,44093,304974,134580,618341,123043,396162,126737,12331,159028
128822,129892,Apex Arrow,306.0,202549,69716,955733,18696,124905,311644,407689,44093,304974,134580,618341,123043,396162,126737,12331,159028
128822,129892,Apex Arrow,20.0,202569,69716,955733,18696,124905,311644,407689,44093,304974,134580,618341,123043,396162,126737,12331,159028
105532,130500,Stormbite (dot),3106.0,202569,69716,955733,18696,124905,311644,407689,44093,304974,134580,618341,123043,396162,126737,12331,162134
105532,130500,Caustic Bite (dot),2484.0,202569,69716,955733,18696,127389,311644,407689,44093,304974,134580,618341,123043,396162,126737,12331,162134
130062,130862,Pitch Perfect,16944.0,202569,69716,955733,18696,127389,311644,407689,44093,321918,134580,618341,123043,396162,126737,12331,162134
129442,131092,Heartbreak Shot,33217.0,202569,69716,955733,18696,127389,311644,440906,44093,321918,134580,618341,123043,396162,126737,12331,162134
130720,131478,Shot,12445.0,202569,69716,955733,18696,127389,311644,440906,44093,321918,134580,618341,123043,408607,126737,12331,162134
130062,131712,Heartbreak Shot,21212.0,202569,69716,955733,18696,127389,311644,462118,44093,321918,134580,618341,123043,408607,126737,12331,162134
131632,132162,Sidewinder,73838.0,202569,69716,955733,18696,127389,311644,462118,44093,321918,134580,618341,123043,408607,200575,12331,162134
131012,132662,Blast Arrow,129220.0,202569,198936,955733,18696,127389,311644,462118,44093,321918,134580,618341,123043,408607,200575,12331,162134
105532,133500,Caustic Bite (dot),2484.0,202569,198936,955733,18696,129873,311644,462118,44093,321918,134580,618341,123043,408607,200575,12331,162134
105532,133500,Stormbite (dot),3106.0,202569,198936,955733,18696,129873,311644,462118,44093,321918,134580,618341,123043,408607,200575,12331,165240
133760,134518,Shot,12445.0,202569,198936,955733,18696,129873,311644,462118,44093,321918,134580,618341,123043,421052,200575,12331,165240
134122,134922,Pitch Perfect,5468.0,202569,198936,955733,18696,129873,311644,462118,44093,327386,134580,618341,123043,421052,200575,12331,165240
133502,135462,Radiant Encore,203063.0,202569,198936,955733,18696,129873,311644,462118,44093,327386,337643,618341,123043,421052,200575,12331,165240
134122,135772,Heartbreak Shot,15207.0,202569,198936,955733,18696,129873,311644,477325,44093,327386,337643,618341,123043,421052,200575,12331,165240
134772,136422,Heartbreak Shot,1252.0,202569,198936,955733,18696,129873,311644,478577,44093,327386,337643,618341,123043,421052,200575,12331,165240
105532,136500,Caustic Bite (dot),2484.0,202569,198936,955733,18696,132357,311644,478577,44093,327386,337643,618341,123043,421052,200575,12331,165240
105532,136500,Stormbite (dot),3106.0,202569,198936,955733,18696,132357,311644,478577,44093,327386,337643,618341,123043,421052,200575,12331,168346
136642,137442,Pitch Perfect,23071.0,202569,198936,955733,18696,132357,311644,478577,44093,350457,337643,618341,123043,421052,200575,12331,168346
135992,137462,Refulgent Arrow,51680.0,202569,198936,955733,18696,132357,311644,478577,44093,350457,337643,670021,123043,421052,200575,12331,168346
136800,137558,Shot,12445.0,202569,198936,955733,18696,132357,311644,478577,44093,350457,337643,670021,123043,433497,200575,12331,168346
135992,137582,Refulgent Arrow,51680.0,202569,198936,955733,18696,132357,311644,478577,44093,350457,337643,721701,123043,433497,200575,12331,168346
135992,137702,Refulgent Arrow,51680.0,202569,198936,955733,18696,132357,311644,478577,44093,350457,337643,773381,123043,433497,200575,12331,168346
138242,139272,Empyreal Arrow,47993.0,202569,198936,955733,18696,132357,359637,478577,44093,350457,337643,773381,123043,433497,200575,12331,168346
105532,139500,Stormbite (dot),3106.0,202569,198936,955733,18696,132357,359637,478577,44093,350457,337643,773381,123043,433497,200575,12331,171452
105532,139500,Caustic Bite (dot),2484.0,202569,198936,955733,18696,134841,359637,478577,44093,350457,337643,773381,123043,433497,200575,12331,171452
138862,140022,Resonant Arrow,118138.0,202569,198936,955733,18696,134841,359637,478577,44093,350457,337643,773381,241181,433497,200575,12331,171452
139482,140282,Pitch Perfect,38375.0,202569,198936,955733,18696,134841,359637,478577,44093,388832,337643,773381,241181,433497,200575,12331,171452
139840,140598,Shot,12445.0,202569,198936,955733,18696,134841,359637,478577,44093,388832,337643,773381,241181,445942,200575,12331,171452
105532,142500,Caustic Bite (dot),2484.0,202569,198936,955733,18696,137325,359637,478577,44093,388832,337643,773381,241181,445942,200575,12331,171452
105532,142500,Stormbite (dot),3106.0,202569,198936,955733,18696,137325,359637,478577,44093,388832,337643,773381,241181,445942,200575,12331,174558
142002,142802,Pitch Perfect,18572.0,202569,198936,955733,18696,137325,359637,478577,44093,407404,337643,773381,241181,445942,200575,12331,174558
141352,142822,Refulgent Arrow,13250.0,202569,198936,955733,18696,137325,359637,478577,44093,407404,337643,786631,241181,445942,200575,12331,174558
141352,142822,Burst Shot,30195.0,202569,198936,985928,18696,137325,359637,478577,44093,407404,337643,786631,241181,445942,200575,12331,174558
142880,143638,Shot,12445.0,202569,198936,985928,18696,137325,359637,478577,44093,407404,337643,786631,241181,458387,200575,12331,174558
142002,143652,Heartbreak Shot,12054.0,202569,198936,985928,18696,137325,359637,490631,44093,407404,337643,786631,241181,458387,200575,12331,174558
142652,144302,Heartbreak Shot,4703.0,202569,198936,985928,18696,137325,359637,495334,44093,407404,337643,786631,241181,458387,200575,12331,174558
143842,144512,Iron Jaws,18453.0,202569,198936,985928,18696,137325,359637,495334,62546,407404,337643,786631,241181,458387,200575,12331,174558
143842,145500,Caustic Bite (dot),3691.0,202569,198936,985928,18696,141016,359637,495334,62546,407404,337643,786631,241181,458387,200575,12331,174558
143842,145500,Stormbite (dot),4616.0,202569,198936,985928,18696,141016,359637,495334,62546,407404,337643,786631,241181,458387,200575,12331,179174
145112,145912,Pitch Perfect,6831.0,202569,198936,985928,18696,141016,359637,495334,62546,414235,337643,786631,241181,458387,200575,12331,179174
145920,146678,Shot,11892.0,202569,198936,985928,18696,141016,359637,495334,62546,414235,337643,786631,241181,470279,200575,12331,179174
146332,147802,Burst Shot,16601.0,202569,198936,1002529,18696,141016,359637,495334,62546,414235,337643,786631,241181,470279,200575,12331,179174
146332,147802,Refulgent Arrow,23240.0,202569,198936,1002529,18696,141016,359637,495334,62546,414235,337643,809871,241181,470279,200575,12331,179174
143842,148500,Caustic Bite (dot),3691.0,202569,198936,1002529,18696,144707,359637,495334,62546,414235,337643,809871,241181,470279,200575,12331,179174
143842,148500,Stormbite (dot),4616.0,202569,198936,1002529,18696,144707,359637,495334,62546,414235,337643,809871,241181,470279,200575,12331,183790
148960,149718,Shot,8405.0,202569,198936,1002529,18696,144707,359637,495334,62546,414235,337643,809871,241181,478684,200575,12331,183790
149472,150272,Pitch Perfect,14697.0,202569,198936,1002529,18696,144707,359637,495334,62546,428932,337643,809871,241181,478684,200575,12331,183790
148822,150292,Refulgent Arrow,8708.0,202569,198936,1002529,18696,144707,359637,495334,62546,428932,337643,818579,241181,478684,200575,12331,183790
148822,150292,Burst Shot,20581.0,202569,198936,1023110,18696,144707,359637,495334,62546,428932,337643,818579,241181,478684,200575,12331,183790
149472,151122,Heartbreak Shot,7452.0,202569,198936,1023110,18696,144707,359637,502786,62546,428932,337643,818579,241181,478684,200575,12331,183790
143842,151500,Stormbite (dot),4616.0,202569,198936,1023110,18696,144707,359637,502786,62546,428932,337643,818579,241181,478684,200575,12331,188406
143842,151500,Caustic Bite (dot),3691.0,202569,198936,1023110,18696,148398,359637,502786,62546,428932,337643,818579,241181,478684,200575,12331,188406
150122,151772,Heartbreak Shot,3663.0,202569,198936,1023110,18696,148398,359637,506449,62546,428932,337643,818579,241181,478684,200575,12331,188406
152000,152758,Shot,8405.0,202569,198936,1023110,18696,148398,359637,506449,62546,428932,337643,818579,241181,487089,200575,12331,188406
151962,152762,Pitch Perfect,14773.0,202569,198936,1023110,18696,148398,359637,506449,62546,443705,337643,818579,241181,487089,200575,12331,188406
151312,152782,Burst Shot,20397.0,202569,198936,1043507,18696,148398,359637,506449,62546,443705,337643,818579,241181,487089,200575,12331,188406
151312,152782,Refulgent Arrow,8942.0,202569,198936,1043507,18696,148398,359637,506449,62546,443705,337643,827521,241181,487089,200575,12331,188406
143842,154500,Stormbite (dot),4616.0,202569,198936,1043507,18696,148398,359637,506449,62546,443705,337643,827521,241181,487089,200575,12331,193022
143842,154500,Caustic Bite (dot),3691.0,202569,198936,1043507,18696,152089,359637,506449,62546,443705,337643,827521,241181,487089,200575,12331,193022
153802,155272,Refulgent Arrow,9210.0,202569,198936,1043507,18696,152089,359637,506449,62546,443705,337643,836731,241181,487089,200575,12331,193022
153802,155272,Burst Shot,20186.0,202569,198936,1063693,18696,152089,359637,506449,62546,443705,337643,836731,241181,487089,200575,12331,193022
154422,155452,Empyreal Arrow,32412.0,202569,198936,1063693,18696,152089,392049,506449,62546,443705,337643,836731,241181,487089,200575,12331,193022
155040,155798,Shot,8405.0,202569,198936,1063693,18696,152089,392049,506449,62546,443705,337643,836731,241181,495494,200575,12331,193022
155042,155842,Pitch Perfect,23582.0,202569,198936,1063693,18696,152089,392049,506449,62546,467287,337643,836731,241181,495494,200575,12331,193022
143842,157500,Stormbite (dot),4616.0,202569,198936,1063693,18696,152089,392049,506449,62546,467287,337643,836731,241181,495494,200575,12331,197638
143842,157500,Caustic Bite (dot),3691.0,202569,198936,1063693,18696,155780,392049,506449,62546,467287,337643,836731,241181,495494,200575,12331,197638
156942,157742,Pitch Perfect,14243.0,202569,198936,1063693,18696,155780,392049,506449,62546,481530,337643,836731,241181,495494,200575,12331,197638
156292,157762,Burst Shot,20455.0,202569,198936,1084148,18696,155780,392049,506449,62546,481530,337643,836731,241181,495494,200575,12331,197638
156292,157762,Refulgent Arrow,8868.0,202569,198936,1084148,18696,155780,392049,506449,62546,481530,337643,845599,241181,495494,200575,12331,197638
156942,158592,Heartbreak Shot,7710.0,202569,198936,1084148,18696,155780,392049,514159,62546,481530,337643,845599,241181,495494,200575,12331,197638
158080,158838,Shot,8405.0,202569,198936,1084148,18696,155780,392049,514159,62546,481530,337643,845599,241181,503899,200575,12331,197638
157592,159242,Heartbreak Shot,3607.0,202569,198936,1084148,18696,155780,392049,517766,62546,481530,337643,845599,241181,503899,200575,12331,197638
158782,160252,Burst Shot,20173.0,202569,198936,1104321,18696,155780,392049,517766,62546,481530,337643,845599,241181,503899,200575,12331,197638
158782,160252,Refulgent Arrow,9228.0,202569,198936,1104321,18696,155780,392049,517766,62546,481530,337643,854827,241181,503899,200575,12331,197638
143842,160500,Stormbite (dot),4616.0,202569,198936,1104321,18696,155780,392049,517766,62546,481530,337643,854827,241181,503899,200575,12331,202254
143842,160500,Caustic Bite (dot),3691.0,202569,198936,1104321,18696,159471,392049,517766,62546,481530,337643,854827,241181,503899,200575,12331,202254
160082,160882,Pitch Perfect,5062.0,202569,198936,1104321,18696,159471,392049,517766,62546,486592,337643,854827,241181,503899,200575,12331,202254
161120,161878,Shot,8405.0,202569,198936,1104321,18696,159471,392049,517766,62546,486592,337643,854827,241181,512304,200575,12331,202254
161272,162742,Burst Shot,20277.0,202569,198936,1124598,18696,159471,392049,517766,62546,486592,337643,854827,241181,512304,200575,12331,202254
161272,162742,Refulgent Arrow,9095.0,202569,198936,1124598,18696,159471,392049,517766,62546,486592,337643,863922,241181,512304,200575,12331,202254
143842,163500,Stormbite (dot),4616.0,202569,198936,1124598,18696,159471,392049,517766,62546,486592,337643,863922,241181,512304,200575,12331,206870
143842,163500,Caustic Bite (dot),3691.0,202569,198936,1124598,18696,163162,392049,517766,62546,486592,337643,863922,241181,512304,200575,12331,206870
164160,164918,Shot,8405.0,202569,198936,1124598,18696,163162,392049,517766,62546,486592,337643,863922,241181,520709,200575,12331,206870
164382,165182,Pitch Perfect,13723.0,202569,198936,1124598,18696,163162,392049,517766,62546,500315,337643,863922,241181,520709,200575,12331,206870
164382,165182,Pitch Perfect,11416.0,202569,198936,1124598,18696,163162,392049,517766,62546,511731,337643,863922,241181,520709,200575,12331,206870
164382,165182,Pitch Perfect,2968.0,202569,198936,1124598,18696,163162,392049,517766,62546,514699,337643,863922,241181,520709,200575,12331,206870
163762,165232,Refulgent Arrow,9099.0,202569,198936,1124598,18696,163162,392049,517766,62546,514699,337643,873021,241181,520709,200575,12331,206870
163762,165232,Burst Shot,20274.0,202569,198936,1144872,18696,163162,392049,517766,62546,514699,337643,873021,241181,520709,200575,12331,206870
164382,166032,Heartbreak Shot,475.0,202569,198936,1144872,18696,163162,392049,518241,62546,514699,337643,873021,241181,520709,200575,12331,206870
143842,166500,Caustic Bite (dot),3691.0,202569,198936,1144872,18696,166853,392049,518241,62546,514699,337643,873021,241181,520709,200575,12331,206870
143842,166500,Stormbite (dot),4616.0,202569,198936,1144872,18696,166853,392049,518241,62546,514699,337643,873021,241181,520709,200575,12331,211486
165032,166682,Heartbreak Shot,10633.0,202569,198936,1144872,18696,166853,392049,528874,62546,514699,337643,873021,241181,520709,200575,12331,211486
166252,167722,Refulgent Arrow,9054.0,202569,198936,1144872,18696,166853,392049,528874,62546,514699,337643,882075,241181,520709,200575,12331,211486
166252,167722,Burst Shot,20290.0,202569,198936,1165162,18696,166853,392049,528874,62546,514699,337643,882075,241181,520709,200575,12331,211486
167200,167958,Shot,8399.0,202569,198936,1165162,18696,166853,392049,528874,62546,514699,337643,882075,241181,529108,200575,12331,211486
143842,169500,Stormbite (dot),4616.0,202569,198936,1165162,18696,166853,392049,528874,62546,514699,337643,882075,241181,529108,200575,12331,216102
143842,169500,Caustic Bite (dot),3691.0,202569,198936,1165162,18696,170544,392049,528874,62546,514699,337643,882075,241181,529108,200575,12331,216102
168742,170212,Burst Shot,20099.0,202569,198936,1185261,18696,170544,392049,528874,62546,514699,337643,882075,241181,529108,200575,12331,216102
168742,170212,Refulgent Arrow,9298.0,202569,198936,1185261,18696,170544,392049,528874,62546,514699,337643,891373,241181,529108,200575,12331,216102
169422,170452,Empyreal Arrow,32390.0,202569,198936,1185261,18696,170544,424439,528874,62546,514699,337643,891373,241181,529108,200575,12331,216102
170240,170998,Shot,8399.0,202569,198936,1185261,18696,170544,424439,528874,62546,514699,337643,891373,241181,537507,200575,12331,216102
170042,171692,Heartbreak Shot,20118.0,202569,198936,1185261,18696,170544,424439,548992,62546,514699,337643,891373,241181,537507,200575,12331,216102
143842,172500,Caustic Bite (dot),3691.0,202569,198936,1185261,18696,174235,424439,548992,62546,514699,337643,891373,241181,537507,200575,12331,216102
143842,172500,Stormbite (dot),4616.0,202569,198936,1185261,18696,174235,424439,548992,62546,514699,337643,891373,241181,537507,200575,12331,220718
171233,172703,Refulgent Arrow,8838.0,202569,198936,1185261,18696,174235,424439,548992,62546,514699,337643,900211,241181,537507,200575,12331,220718
171233,172703,Burst Shot,20460.0,202569,198936,1205721,18696,174235,424439,548992,62546,514699,337643,900211,241181,537507,200575,12331,220718
171853,173503,Heartbreak Shot,20302.0,202569,198936,1205721,18696,174235,424439,569294,62546,514699,337643,900211,241181,537507,200575,12331,220718
173280,174038,Shot,8399.0,202569,198936,1205721,18696,174235,424439,569294,62546,514699,337643,900211,241181,545906,200575,12331,220718
173723,175193,Refulgent Arrow,9319.0,202569,198936,1205721,18696,174235,424439,569294,62546,514699,337643,909530,241181,545906,200575,12331,220718
173723,175193,Burst Shot,20082.0,202569,198936,1225803,18696,174235,424439,569294,62546,514699,337643,909530,241181,545906,200575,12331,220718
143842,175500,Caustic Bite (dot),3691.0,202569,198936,1225803,18696,177926,424439,569294,62546,514699,337643,909530,241181,545906,200575,12331,220718
143842,175500,Stormbite (dot),4616.0,202569,198936,1225803,18696,177926,424439,569294,62546,514699,337643,909530,241181,545906,200575,12331,225334
174343,175993,Heartbreak Shot,8980.0,202569,198936,1225803,18696,177926,424439,578274,62546,514699,337643,909530,241181,545906,200575,12331,225334
176320,177078,Shot,8399.0,202569,198936,1225803,18696,177926,424439,578274,62546,514699,337643,909530,241181,554305,200575,12331,225334
176213,177683,Refulgent Arrow,8862.0,202569,198936,1225803,18696,177926,424439,578274,62546,514699,337643,918392,241181,554305,200575,12331,225334
176213,177683,Burst Shot,20441.0,202569,198936,1246244,18696,177926,424439,578274,62546,514699,337643,918392,241181,554305,200575,12331,225334
143842,178500,Caustic Bite (dot),3691.0,202569,198936,1246244,18696,181617,424439,578274,62546,514699,337643,918392,241181,554305,200575,12331,225334
143842,178500,Stormbite (dot),4616.0,202569,198936,1246244,18696,181617,424439,578274,62546,514699,337643,918392,241181,554305,200575,12331,229950
177513,179163,Heartbreak Shot,8962.0,202569,198936,1246244,18696,181617,424439,587236,62546,514699,337643,918392,241181,554305,200575,12331,229950
179360,180118,Shot,8399.0,202569,198936,1246244,18696,181617,424439,587236,62546,514699,337643,918392,241181,562704,200575,12331,229950
178703,180173,Refulgent Arrow,8929.0,202569,198936,1246244,18696,181617,424439,587236,62546,514699,337643,927321,241181,562704,200575,12331,229950
178703,180173,Burst Shot,20389.0,202569,198936,1266633,18696,181617,424439,587236,62546,514699,337643,927321,241181,562704,200575,12331,229950
179353,181003,Heartbreak Shot,11130.0,202569,198936,1266633,18696,181617,424439,598366,62546,514699,337643,927321,241181,562704,200575,12331,229950
143842,181500,Stormbite (dot),4616.0,202569,198936,1266633,18696,181617,424439,598366,62546,514699,337643,927321,241181,562704,200575,12331,234566
143842,181500,Caustic Bite (dot),3691.0,202569,198936,1266633,18696,185308,424439,598366,62546,514699,337643,927321,241181,562704,200575,12331,234566
180003,181653,Heartbreak Shot,9063.0,202569,198936,1266633,18696,185308,424439,607429,62546,514699,337643,927321,241181,562704,200575,12331,234566
181193,182663,Refulgent Arrow,9012.0,202569,198936,1266633,18696,185308,424439,607429,62546,514699,337643,936333,241181,562704,200575,12331,234566
181193,182663,Burst Shot,20323.0,202569,198936,1286956,18696,185308,424439,607429,62546,514699,337643,936333,241181,562704,200575,12331,234566
182400,183158,Shot,8399.0,202569,198936,1286956,18696,185308,424439,607429,62546,514699,337643,936333,241181,571103,200575,12331,234566
143842,184500,Stormbite (dot),4616.0,202569,198936,1286956,18696,185308,424439,607429,62546,514699,337643,936333,241181,571103,200575,12331,239182
143842,184500,Caustic Bite (dot),3691.0,202569,198936,1286956,18696,188999,424439,607429,62546,514699,337643,936333,241181,571103,200575,12331,239182
183683,185153,Refulgent Arrow,9054.0,202569,198936,1286956,18696,188999,424439,607429,62546,514699,337643,945387,241181,571103,200575,12331,239182
183683,185153,Burst Shot,20290.0,202569,198936,1307246,18696,188999,424439,607429,62546,514699,337643,945387,241181,571103,200575,12331,239182
184422,185452,Empyreal Arrow,32390.0,202569,198936,1307246,18696,188999,456829,607429,62546,514699,337643,945387,241181,571103,200575,12331,239182
185440,186198,Shot,8399.0,202569,198936,1307246,18696,188999,456829,607429,62546,514699,337643,945387,241181,579502,200575,12331,239182
185072,186722,Heartbreak Shot,20125.0,202569,198936,1307246,18696,188999,456829,627554,62546,514699,337643,945387,241181,579502,200575,12331,239182
143842,187500,Caustic Bite (dot),3691.0,202569,198936,1307246,18696,192690,456829,627554,62546,514699,337643,945387,241181,579502,200575,12331,239182
143842,187500,Stormbite (dot),4616.0,202569,198936,1307246,18696,192690,456829,627554,62546,514699,337643,945387,241181,579502,200575,12331,243798
186173,187643,Refulgent Arrow,9103.0,202569,198936,1307246,18696,192690,456829,627554,62546,514699,337643,954490,241181,579502,200575,12331,243798
186173,187643,Burst Shot,20252.0,202569,198936,1327498,18696,192690,456829,627554,62546,514699,337643,954490,241181,579502,200575,12331,243798
186793,188443,Heartbreak Shot,20178.0,202569,198936,1327498,18696,192690,456829,647732,62546,514699,337643,954490,241181,579502,200575,12331,243798
188480,189238,Shot,8399.0,202569,198936,1327498,18696,192690,456829,647732,62546,514699,337643,954490,241181,587901,200575,12331,243798
188663,189333,Iron Jaws,12454.0,202569,198936,1327498,18696,192690,456829,647732,75000,514699,337643,954490,241181,587901,200575,12331,243798
188663,190500,Stormbite (dot),3115.0,202569,198936,1327498,18696,192690,456829,647732,75000,514699,337643,954490,241181,587901,200575,12331,246913
188663,190500,Caustic Bite (dot),2491.0,202569,198936,1327498,18696,195181,456829,647732,75000,514699,337643,954490,241181,587901,200575,12331,246913
189283,190933,Heartbreak Shot,8902.0,202569,198936,1327498,18696,195181,456829,656634,75000,514699,337643,954490,241181,587901,200575,12331,246913
191520,192278,Shot,8399.0,202569,198936,1327498,18696,195181,456829,656634,75000,514699,337643,954490,241181,596300,200575,12331,246913
191773,192303,Sidewinder,49833.0,202569,198936,1327498,18696,195181,456829,656634,75000,514699,337643,954490,241181,596300,250408,12331,246913
191153,192623,Refulgent Arrow,18276.0,202569,198936,1327498,18696,195181,456829,656634,75000,514699,337643,972766,241181,596300,250408,12331,246913
191153,192623,Burst Shot,13044.0,202569,198936,1340542,18696,195181,456829,656634,75000,514699,337643,972766,241181,596300,250408,12331,246913
188663,193500,Caustic Bite (dot),2491.0,202569,198936,1340542,18696,197672,456829,656634,75000,514699,337643,972766,241181,596300,250408,12331,246913
188663,193500,Stormbite (dot),3115.0,202569,198936,1340542,18696,197672,456829,656634,75000,514699,337643,972766,241181,596300,250408,12331,250028
192423,194073,Heartbreak Shot,9003.0,202569,198936,1340542,18696,197672,456829,665637,75000,514699,337643,972766,241181,596300,250408,12331,250028
193643,195113,Refulgent Arrow,9110.0,202569,198936,1340542,18696,197672,456829,665637,75000,514699,337643,981876,241181,596300,250408,12331,250028
193643,195113,Burst Shot,20247.0,202569,198936,1360789,18696,197672,456829,665637,75000,514699,337643,981876,241181,596300,250408,12331,250028
194560,195318,Shot,8399.0,202569,198936,1360789,18696,197672,456829,665637,75000,514699,337643,981876,241181,604699,250408,12331,250028
194293,195943,Heartbreak Shot,11245.0,202569,198936,1360789,18696,197672,456829,676882,75000,514699,337643,981876,241181,604699,250408,12331,250028
188663,196500,Stormbite (dot),3115.0,202569,198936,1360789,18696,197672,456829,676882,75000,514699,337643,981876,241181,604699,250408,12331,253143
188663,196500,Caustic Bite (dot),2491.0,202569,198936,1360789,18696,200163,456829,676882,75000,514699,337643,981876,241181,604699,250408,12331,253143
196133,197203,Apex Arrow,223.0,202792,198936,1360789,18696,200163,456829,676882,75000,514699,337643,981876,241181,604699,250408,12331,253143
196133,197203,Apex Arrow,22.0,202814,198936,1360789,18696,200163,456829,676882,75000,514699,337643,981876,241181,604699,250408,12331,253143
196133,197203,Apex Arrow,86861.0,289675,198936,1360789,18696,200163,456829,676882,75000,514699,337643,981876,241181,604699,250408,12331,253143
196133,197203,Apex Arrow,78.0,289753,198936,1360789,18696,200163,456829,676882,75000,514699,337643,981876,241181,604699,250408,12331,253143
197600,198358,Shot,8399.0,289753,198936,1360789,18696,200163,456829,676882,75000,514699,337643,981876,241181,613098,250408,12331,253143
196783,198433,Heartbreak Shot,9012.0,289753,198936,1360789,18696,200163,456829,685894,75000,514699,337643,981876,241181,613098,250408,12331,253143
188663,199500,Caustic Bite (dot),2491.0,289753,198936,1360789,18696,202654,456829,685894,75000,514699,337643,981876,241181,613098,250408,12331,253143
188663,199500,Stormbite (dot),3115.0,289753,198936,1360789,18696,202654,456829,685894,75000,514699,337643,981876,241181,613098,250408,12331,256258
198623,200273,Blast Arrow,87210.0,289753,286146,1360789,18696,202654,456829,685894,75000,514699,337643,981876,241181,613098,250408,12331,256258
199422,200452,Empyreal Arrow,32390.0,289753,286146,1360789,18696,202654,489219,685894,75000,514699,337643,981876,241181,613098,250408,12331,256258
200640,201398,Shot,8399.0,289753,286146,1360789,18696,202654,489219,685894,75000,514699,337643,981876,241181,621497,250408,12331,256258
200042,201692,Heartbreak Shot,20261.0,289753,286146,1360789,18696,202654,489219,706155,75000,514699,337643,981876,241181,621497,250408,12331,256258
188663,202500,Caustic Bite (dot),2491.0,289753,286146,1360789,18696,205145,489219,706155,75000,514699,337643,981876,241181,621497,250408,12331,256258
188663,202500,Stormbite (dot),3115.0,289753,286146,1360789,18696,205145,489219,706155,75000,514699,337643,981876,241181,621497,250408,12331,259373
201113,202583,Refulgent Arrow,8827.0,289753,286146,1360789,18696,205145,489219,706155,75000,514699,337643,990703,241181,621497,250408,12331,259373
201113,202583,Burst Shot,20469.0,289753,286146,1381258,18696,205145,489219,706155,75000,514699,337643,990703,241181,621497,250408,12331,259373
201733,203383,Heartbreak Shot,20120.0,289753,286146,1381258,18696,205145,489219,726275,75000,514699,337643,990703,241181,621497,250408,12331,259373
203680,204438,Shot,8374.0,289753,286146,1381258,18696,205145,489219,726275,75000,514699,337643,990703,241181,629871,250408,12331,259373
203603,205073,Burst Shot,20175.0,289753,286146,1401433,18696,205145,489219,726275,75000,514699,337643,990703,241181,629871,250408,12331,259373
203603,205073,Refulgent Arrow,9097.0,289753,286146,1401433,18696,205145,489219,726275,75000,514699,337643,999800,241181,629871,250408,12331,259373
188663,205500,Stormbite (dot),3115.0,289753,286146,1401433,18696,205145,489219,726275,75000,514699,337643,999800,241181,629871,250408,12331,262488
188663,205500,Caustic Bite (dot),2491.0,289753,286146,1401433,18696,207636,489219,726275,75000,514699,337643,999800,241181,629871,250408,12331,262488
206720,207478,Shot,8374.0,289753,286146,1401433,18696,207636,489219,726275,75000,514699,337643,999800,241181,638245,250408,12331,262488
206093,207563,Burst Shot,20211.0,289753,286146,1421644,18696,207636,489219,726275,75000,514699,337643,999800,241181,638245,250408,12331,262488
206093,207563,Refulgent Arrow,9051.0,289753,286146,1421644,18696,207636,489219,726275,75000,514699,337643,1008851,241181,638245,250408,12331,262488
188663,208500,Caustic Bite (dot),2491.0,289753,286146,1421644,18696,210127,489219,726275,75000,514699,337643,1008851,241181,638245,250408,12331,262488
188663,208500,Stormbite (dot),3115.0,289753,286146,1421644,18696,210127,489219,726275,75000,514699,337643,1008851,241181,638245,250408,12331,265603
208483,209953,Refulgent Arrow,9152.0,289753,286146,1421644,18696,210127,489219,726275,75000,514699,337643,1018003,241181,638245,250408,12331,265603
208483,209953,Burst Shot,20131.0,289753,286146,1441775,18696,210127,489219,726275,75000,514699,337643,1018003,241181,638245,250408,12331,265603
209760,210518,Shot,8374.0,289753,286146,1441775,18696,210127,489219,726275,75000,514699,337643,1018003,241181,646619,250408,12331,265603
209133,210783,Heartbreak Shot,11137.0,289753,286146,1441775,18696,210127,489219,737412,75000,514699,337643,1018003,241181,646619,250408,12331,265603
188663,211500,Stormbite (dot),3115.0,289753,286146,1441775,18696,210127,489219,737412,75000,514699,337643,1018003,241181,646619,250408,12331,268718
188663,211500,Caustic Bite (dot),2491.0,289753,286146,1441775,18696,212618,489219,737412,75000,514699,337643,1018003,241181,646619,250408,12331,268718
210773,212243,Refulgent Arrow,8822.0,289753,286146,1441775,18696,212618,489219,737412,75000,514699,337643,1026825,241181,646619,250408,12331,268718
210773,212243,Burst Shot,20391.0,289753,286146,1462166,18696,212618,489219,737412,75000,514699,337643,1026825,241181,646619,250408,12331,268718
212800,213558,Shot,8374.0,289753,286146,1462166,18696,212618,489219,737412,75000,514699,337643,1026825,241181,654993,250408,12331,268718
188663,214500,Stormbite (dot),3115.0,289753,286146,1462166,18696,212618,489219,737412,75000,514699,337643,1026825,241181,654993,250408,12331,271833
188663,214500,Caustic Bite (dot),2491.0,289753,286146,1462166,18696,215109,489219,737412,75000,514699,337643,1026825,241181,654993,250408,12331,271833
213063,214533,Burst Shot,20170.0,289753,286146,1482336,18696,215109,489219,737412,75000,514699,337643,1026825,241181,654993,250408,12331,271833
213063,214533,Refulgent Arrow,9104.0,289753,286146,1482336,18696,215109,489219,737412,75000,514699,337643,1035929,241181,654993,250408,12331,271833
214422,215452,Empyreal Arrow,32293.0,289753,286146,1482336,18696,215109,521512,737412,75000,514699,337643,1035929,241181,654993,250408,12331,271833
215840,216598,Shot,8374.0,289753,286146,1482336,18696,215109,521512,737412,75000,514699,337643,1035929,241181,663367,250408,12331,271833
215253,216723,Refulgent Arrow,8780.0,289753,286146,1482336,18696,215109,521512,737412,75000,514699,337643,1044709,241181,663367,250408,12331,271833
215253,216723,Burst Shot,20424.0,289753,286146,1502760,18696,215109,521512,737412,75000,514699,337643,1044709,241181,663367,250408,12331,271833
188663,217500,Caustic Bite (dot),2491.0,289753,286146,1502760,18696,217600,521512,737412,75000,514699,337643,1044709,241181,663367,250408,12331,271833
188663,217500,Stormbite (dot),3115.0,289753,286146,1502760,18696,217600,521512,737412,75000,514699,337643,1044709,241181,663367,250408,12331,274948
215903,217553,Heartbreak Shot,11213.0,289753,286146,1502760,18696,217600,521512,748625,75000,514699,337643,1044709,241181,663367,250408,12331,274948
217343,218813,Burst Shot,20235.0,289753,286146,1522995,18696,217600,521512,748625,75000,514699,337643,1044709,241181,663367,250408,12331,274948
217343,218813,Refulgent Arrow,9020.0,289753,286146,1522995,18696,217600,521512,748625,75000,514699,337643,1053729,241181,663367,250408,12331,274948
218880,219638,Shot,8374.0,289753,286146,1522995,18696,217600,521512,748625,75000,514699,337643,1053729,241181,671741,250408,12331,274948
188663,220500,Caustic Bite (dot),2491.0,289753,286146,1522995,18696,220091,521512,748625,75000,514699,337643,1053729,241181,671741,250408,12331,274948
188663,220500,Stormbite (dot),3115.0,289753,286146,1522995,18696,220091,521512,748625,75000,514699,337643,1053729,241181,671741,250408,12331,278063
219433,220903,Refulgent Arrow,8937.0,289753,286146,1522995,18696,220091,521512,748625,75000,514699,337643,1062666,241181,671741,250408,12331,278063
219433,220903,Burst Shot,20301.0,289753,286146,1543296,18696,220091,521512,748625,75000,514699,337643,1062666,241181,671741,250408,12331,278063
221920,222678,Shot,8374.0,289753,286146,1543296,18696,220091,521512,748625,75000,514699,337643,1062666,241181,680115,250408,12331,278063
221523,222993,Burst Shot,20085.0,289753,286146,1563381,18696,220091,521512,748625,75000,514699,337643,1062666,241181,680115,250408,12331,278063
221523,222993,Refulgent Arrow,9211.0,289753,286146,1563381,18696,220091,521512,748625,75000,514699,337643,1071877,241181,680115,250408,12331,278063
188663,223500,Caustic Bite (dot),2491.0,289753,286146,1563381,18696,222582,521512,748625,75000,514699,337643,1071877,241181,680115,250408,12331,278063
188663,223500,Stormbite (dot),3115.0,289753,286146,1563381,18696,222582,521512,748625,75000,514699,337643,1071877,241181,680115,250408,12331,281178
223613,225083,Refulgent Arrow,9239.0,289753,286146,1563381,18696,222582,521512,748625,75000,514699,337643,1081116,241181,680115,250408,12331,281178
223613,225083,Burst Shot,20063.0,289753,286146,1583444,18696,222582,521512,748625,75000,514699,337643,1081116,241181,680115,250408,12331,281178
224960,225718,Shot,8374.0,289753,286146,1583444,18696,222582,521512,748625,75000,514699,337643,1081116,241181,688489,250408,12331,281178
225703,226373,Iron Jaws,12417.0,289753,286146,1583444,18696,222582,521512,748625,87417,514699,337643,1081116,241181,688489,250408,12331,281178
225703,226500,Caustic Bite (dot),2484.0,289753,286146,1583444,18696,225066,521512,748625,87417,514699,337643,1081116,241181,688489,250408,12331,281178
225703,226500,Stormbite (dot),3106.0,289753,286146,1583444,18696,225066,521512,748625,87417,514699,337643,1081116,241181,688489,250408,12331,284284
228000,228758,Shot,8374.0,289753,286146,1583444,18696,225066,521512,748625,87417,514699,337643,1081116,241181,696863,250408,12331,284284
227793,229263,Refulgent Arrow,18135.0,289753,286146,1583444,18696,225066,521512,748625,87417,514699,337643,1099251,241181,696863,250408,12331,284284
227793,229263,Burst Shot,13074.0,289753,286146,1596518,18696,225066,521512,748625,87417,514699,337643,1099251,241181,696863,250408,12331,284284
225703,229500,Caustic Bite (dot),2484.0,289753,286146,1596518,18696,227550,521512,748625,87417,514699,337643,1099251,241181,696863,250408,12331,284284
225703,229500,Stormbite (dot),3106.0,289753,286146,1596518,18696,227550,521512,748625,87417,514699,337643,1099251,241181,696863,250408,12331,287390
229883,231353,Burst Shot,20290.0,289753,286146,1616808,18696,227550,521512,748625,87417,514699,337643,1099251,241181,696863,250408,12331,287390
229883,231353,Refulgent Arrow,8951.0,289753,286146,1616808,18696,227550,521512,748625,87417,514699,337643,1108202,241181,696863,250408,12331,287390
230503,231533,Empyreal Arrow,32293.0,289753,286146,1616808,18696,227550,553805,748625,87417,514699,337643,1108202,241181,696863,250408,12331,287390
231040,231798,Shot,8374.0,289753,286146,1616808,18696,227550,553805,748625,87417,514699,337643,1108202,241181,705237,250408,12331,287390
225703,232500,Stormbite (dot),3106.0,289753,286146,1616808,18696,227550,553805,748625,87417,514699,337643,1108202,241181,705237,250408,12331,290496
225703,232500,Caustic Bite (dot),2484.0,289753,286146,1616808,18696,230034,553805,748625,87417,514699,337643,1108202,241181,705237,250408,12331,290496
231973,233443,Burst Shot,20093.0,289753,286146,1636901,18696,230034,553805,748625,87417,514699,337643,1108202,241181,705237,250408,12331,290496
231973,233443,Refulgent Arrow,9201.0,289753,286146,1636901,18696,230034,553805,748625,87417,514699,337643,1117403,241181,705237,250408,12331,290496
234080,234838,Shot,8374.0,289753,286146,1636901,18696,230034,553805,748625,87417,514699,337643,1117403,241181,713611,250408,12331,290496
225703,235500,Stormbite (dot),3106.0,289753,286146,1636901,18696,230034,553805,748625,87417,514699,337643,1117403,241181,713611,250408,12331,293602
225703,235500,Caustic Bite (dot),2484.0,289753,286146,1636901,18696,232518,553805,748625,87417,514699,337643,1117403,241181,713611,250408,12331,293602
234063,235533,Refulgent Arrow,8846.0,289753,286146,1636901,18696,232518,553805,748625,87417,514699,337643,1126249,241181,713611,250408,12331,293602
234063,235533,Burst Shot,20372.0,289753,286146,1657273,18696,232518,553805,748625,87417,514699,337643,1126249,241181,713611,250408,12331,293602
236153,237623,Burst Shot,20197.0,289753,286146,1677470,18696,232518,553805,748625,87417,514699,337643,1126249,241181,713611,250408,12331,293602
236153,237623,Refulgent Arrow,9069.0,289753,286146,1677470,18696,232518,553805,748625,87417,514699,337643,1135318,241181,713611,250408,12331,293602
237120,237878,Shot,8374.0,289753,286146,1677470,18696,232518,553805,748625,87417,514699,337643,1135318,241181,721985,250408,12331,293602
225703,238500,Stormbite (dot),3106.0,289753,286146,1677470,18696,232518,553805,748625,87417,514699,337643,1135318,241181,721985,250408,12331,296708
225703,238500,Caustic Bite (dot),2484.0,289753,286146,1677470,18696,235002,553805,748625,87417,514699,337643,1135318,241181,721985,250408,12331,296708
238243,239713,Refulgent Arrow,8787.0,289753,286146,1677470,18696,235002,553805,748625,87417,514699,337643,1144105,241181,721985,250408,12331,296708
238243,239713,Burst Shot,20418.0,289753,286146,1697888,18696,235002,553805,748625,87417,514699,337643,1144105,241181,721985,250408,12331,296708
240160,240918,Shot,8374.0,289753,286146,1697888,18696,235002,553805,748625,87417,514699,337643,1144105,241181,730359,250408,12331,296708
225703,241500,Caustic Bite (dot),2484.0,289753,286146,1697888,18696,237486,553805,748625,87417,514699,337643,1144105,241181,730359,250408,12331,296708
225703,241500,Stormbite (dot),3106.0,289753,286146,1697888,18696,237486,553805,748625,87417,514699,337643,1144105,241181,730359,250408,12331,299814
240333,241803,Refulgent Arrow,9013.0,289753,286146,1697888,18696,237486,553805,748625,87417,514699,337643,1153118,241181,730359,250408,12331,299814
240333,241803,Burst Shot,20241.0,289753,286146,1718129,18696,237486,553805,748625,87417,514699,337643,1153118,241181,730359,250408,12331,299814
242423,243893,Refulgent Arrow,8942.0,289753,286146,1718129,18696,237486,553805,748625,87417,514699,337643,1162060,241181,730359,250408,12331,299814
242423,243893,Burst Shot,20397.0,289753,286146,1738526,18696,237486,553805,748625,87417,514699,337643,1162060,241181,730359,250408,12331,299814
243200,243958,Shot,8405.0,289753,286146,1738526,18696,237486,553805,748625,87417,514699,337643,1162060,241181,738764,250408,12331,299814
225703,244500,Caustic Bite (dot),2484.0,289753,286146,1738526,18696,239970,553805,748625,87417,514699,337643,1162060,241181,738764,250408,12331,299814
225703,244500,Stormbite (dot),3106.0,289753,286146,1738526,18696,239970,553805,748625,87417,514699,337643,1162060,241181,738764,250408,12331,302920
244613,246083,Burst Shot,20400.0,289753,286146,1758926,18696,239970,553805,748625,87417,514699,337643,1162060,241181,738764,250408,12331,302920
244613,246083,Refulgent Arrow,8938.0,289753,286146,1758926,18696,239970,553805,748625,87417,514699,337643,1170998,241181,738764,250408,12331,302920
246240,246998,Shot,9259.0,289753,286146,1758926,18696,239970,553805,748625,87417,514699,337643,1170998,241181,748023,250408,12331,302920
225703,247500,Stormbite (dot),3106.0,289753,286146,1758926,18696,239970,553805,748625,87417,514699,337643,1170998,241181,748023,250408,12331,306026
225703,247500,Caustic Bite (dot),2484.0,289753,286146,1758926,18696,242454,553805,748625,87417,514699,337643,1170998,241181,748023,250408,12331,306026
246803,248273,Refulgent Arrow,11913.0,289753,286146,1758926,18696,242454,553805,748625,87417,514699,337643,1182911,241181,748023,250408,12331,306026
246803,248273,Burst Shot,25949.0,289753,286146,1784875,18696,242454,553805,748625,87417,514699,337643,1182911,241181,748023,250408,12331,306026
248043,249073,Empyreal Arrow,47993.0,289753,286146,1784875,18696,242454,601798,748625,87417,514699,337643,1182911,241181,748023,250408,12331,306026
249280,250038,Shot,12445.0,289753,286146,1784875,18696,242454,601798,748625,87417,514699,337643,1182911,241181,760468,250408,12331,306026
248993,250063,Apex Arrow,4173.0,293926,286146,1784875,18696,242454,601798,748625,87417,514699,337643,1182911,241181,760468,250408,12331,306026
248993,250063,Apex Arrow,119658.0,413584,286146,1784875,18696,242454,601798,748625,87417,514699,337643,1182911,241181,760468,250408,12331,306026
248993,250063,Apex Arrow,2314.0,415898,286146,1784875,18696,242454,601798,748625,87417,514699,337643,1182911,241181,760468,250408,12331,306026
248993,250063,Apex Arrow,485.0,416383,286146,1784875,18696,242454,601798,748625,87417,514699,337643,1182911,241181,760468,250408,12331,306026
248993,250063,Apex Arrow,8.0,416391,286146,1784875,18696,242454,601798,748625,87417,514699,337643,1182911,241181,760468,250408,12331,306026
248993,250063,Apex Arrow,81.0,416472,286146,1784875,18696,242454,601798,748625,87417,514699,337643,1182911,241181,760468,250408,12331,306026
248993,250063,Apex Arrow,1252.0,417724,286146,1784875,18696,242454,601798,748625,87417,514699,337643,1182911,241181,760468,250408,12331,306026
248993,250063,Apex Arrow,290.0,418014,286146,1784875,18696,242454,601798,748625,87417,514699,337643,1182911,241181,760468,250408,12331,306026
249613,250413,Pitch Perfect,43112.0,418014,286146,1784875,18696,242454,601798,748625,87417,557811,337643,1182911,241181,760468,250408,12331,306026
225703,250500,Stormbite (dot),3106.0,418014,286146,1784875,18696,242454,601798,748625,87417,557811,337643,1182911,241181,760468,250408,12331,309132
225703,250500,Caustic Bite (dot),2484.0,418014,286146,1784875,18696,244938,601798,748625,87417,557811,337643,1182911,241181,760468,250408,12331,309132
250233,251033,Pitch Perfect,16492.0,418014,286146,1784875,18696,244938,601798,748625,87417,574303,337643,1182911,241181,760468,250408,12331,309132
249613,251263,Heartbreak Shot,11666.0,418014,286146,1784875,18696,244938,601798,760291,87417,574303,337643,1182911,241181,760468,250408,12331,309132
250233,251883,Heartbreak Shot,24973.0,418014,286146,1784875,18696,244938,601798,785264,87417,574303,337643,1182911,241181,760468,250408,12331,309132
251183,252653,Refulgent Arrow,77.0,418014,286146,1784875,18696,244938,601798,785264,87417,574303,337643,1182988,241181,760468,250408,12331,309132
251183,252653,Burst Shot,101.0,418014,286146,1784976,18696,244938,601798,785264,87417,574303,337643,1182988,241181,760468,250408,12331,309132
251183,252833,Blast Arrow,128704.0,418014,414850,1784976,18696,244938,601798,785264,87417,574303,337643,1182988,241181,760468,250408,12331,309132
252423,252953,Sidewinder,73838.0,418014,414850,1784976,18696,244938,601798,785264,87417,574303,337643,1182988,241181,760468,324246,12331,309132
252320,253078,Shot,12445.0,418014,414850,1784976,18696,244938,601798,785264,87417,574303,337643,1182988,241181,772913,324246,12331,309132
251803,253453,Heartbreak Shot,29796.0,418014,414850,1784976,18696,244938,601798,815060,87417,574303,337643,1182988,241181,772913,324246,12331,309132
225703,253500,Caustic Bite (dot),2484.0,418014,414850,1784976,18696,247422,601798,815060,87417,574303,337643,1182988,241181,772913,324246,12331,309132
225703,253500,Stormbite (dot),3106.0,418014,414850,1784976,18696,247422,601798,815060,87417,574303,337643,1182988,241181,772913,324246,12331,312238
253674,255634,Radiant Encore,203063.0,418014,414850,1784976,18696,247422,601798,815060,87417,574303,540706,1182988,241181,772913,324246,12331,312238
254914,255714,Pitch Perfect,5003.0,418014,414850,1784976,18696,247422,601798,815060,87417,579306,540706,1182988,241181,772913,324246,12331,312238
255360,256118,Shot,12445.0,418014,414850,1784976,18696,247422,601798,815060,87417,579306,540706,1182988,241181,785358,324246,12331,312238
225703,256500,Caustic Bite (dot),2484.0,418014,414850,1784976,18696,249906,601798,815060,87417,579306,540706,1182988,241181,785358,324246,12331,312238
225703,256500,Stormbite (dot),3106.0,418014,414850,1784976,18696,249906,601798,815060,87417,579306,540706,1182988,241181,785358,324246,12331,315344
254914,256564,Heartbreak Shot,15266.0,418014,414850,1784976,18696,249906,601798,830326,87417,579306,540706,1182988,241181,785358,324246,12331,315344
256784,257584,Pitch Perfect,23184.0,418014,414850,1784976,18696,249906,601798,830326,87417,602490,540706,1182988,241181,785358,324246,12331,315344
256164,257634,Refulgent Arrow,51680.0,418014,414850,1784976,18696,249906,601798,830326,87417,602490,540706,1234668,241181,785358,324246,12331,315344
256164,257754,Refulgent Arrow,51680.0,418014,414850,1784976,18696,249906,601798,830326,87417,602490,540706,1286348,241181,785358,324246,12331,315344
256164,257874,Refulgent Arrow,51680.0,418014,414850,1784976,18696,249906,601798,830326,87417,602490,540706,1338028,241181,785358,324246,12331,315344
256784,258434,Heartbreak Shot,1285.0,418014,414850,1784976,18696,249906,601798,831611,87417,602490,540706,1338028,241181,785358,324246,12331,315344
258400,259158,Shot,12445.0,418014,414850,1784976,18696,249906,601798,831611,87417,602490,540706,1338028,241181,797803,324246,12331,315344
225703,259500,Stormbite (dot),3106.0,418014,414850,1784976,18696,249906,601798,831611,87417,602490,540706,1338028,241181,797803,324246,12331,318450
225703,259500,Caustic Bite (dot),2484.0,418014,414850,1784976,18696,252390,601798,831611,87417,602490,540706,1338028,241181,797803,324246,12331,318450
259304,260104,Pitch Perfect,21749.0,418014,414850,1784976,18696,252390,601798,831611,87417,624239,540706,1338028,241181,797803,324246,12331,318450
258654,260124,Refulgent Arrow,13617.0,418014,414850,1784976,18696,252390,601798,831611,87417,624239,540706,1351645,241181,797803,324246,12331,318450
258654,260124,Burst Shot,29906.0,418014,414850,1814882,18696,252390,601798,831611,87417,624239,540706,1351645,241181,797803,324246,12331,318450
261440,262198,Shot,12445.0,418014,414850,1814882,18696,252390,601798,831611,87417,624239,540706,1351645,241181,810248,324246,12331,318450
261144,262304,Resonant Arrow,118138.0,418014,414850,1814882,18696,252390,601798,831611,87417,624239,540706,1351645,359319,810248,324246,12331,318450
225703,262500,Stormbite (dot),3106.0,418014,414850,1814882,18696,252390,601798,831611,87417,624239,540706,1351645,359319,810248,324246,12331,321556
225703,262500,Caustic Bite (dot),2484.0,418014,414850,1814882,18696,254874,601798,831611,87417,624239,540706,1351645,359319,810248,324246,12331,321556
262444,263244,Pitch Perfect,13496.0,418014,414850,1814882,18696,254874,601798,831611,87417,637735,540706,1351645,359319,810248,324246,12331,321556
261794,263444,Heartbreak Shot,16665.0,418014,414850,1814882,18696,254874,601798,848276,87417,637735,540706,1351645,359319,810248,324246,12331,321556
263634,264304,Iron Jaws,18453.0,418014,414850,1814882,18696,254874,601798,848276,105870,637735,540706,1351645,359319,810248,324246,12331,321556
264480,265238,Shot,12445.0,418014,414850,1814882,18696,254874,601798,848276,105870,637735,540706,1351645,359319,822693,324246,12331,321556
264254,265284,Empyreal Arrow,47993.0,418014,414850,1814882,18696,254874,649791,848276,105870,637735,540706,1351645,359319,822693,324246,12331,321556
263634,265500,Stormbite (dot),4616.0,418014,414850,1814882,18696,254874,649791,848276,105870,637735,540706,1351645,359319,822693,324246,12331,326172
263634,265500,Caustic Bite (dot),3691.0,418014,414850,1814882,18696,258565,649791,848276,105870,637735,540706,1351645,359319,822693,324246,12331,326172
264874,265674,Pitch Perfect,21649.0,418014,414850,1814882,18696,258565,649791,848276,105870,659384,540706,1351645,359319,822693,324246,12331,326172
265494,266294,Pitch Perfect,20759.0,418014,414850,1814882,18696,258565,649791,848276,105870,680143,540706,1351645,359319,822693,324246,12331,326172
266124,267594,Burst Shot,18166.0,418014,414850,1833048,18696,258565,649791,848276,105870,680143,540706,1351645,359319,822693,324246,12331,326172
266124,267594,Refulgent Arrow,23910.0,418014,414850,1833048,18696,258565,649791,848276,105870,680143,540706,1375555,359319,822693,324246,12331,326172
267520,268278,Shot,9665.0,418014,414850,1833048,18696,258565,649791,848276,105870,680143,540706,1375555,359319,832358,324246,12331,326172
263634,268500,Caustic Bite (dot),3691.0,418014,414850,1833048,18696,262256,649791,848276,105870,680143,540706,1375555,359319,832358,324246,12331,326172
263634,268500,Stormbite (dot),4616.0,418014,414850,1833048,18696,262256,649791,848276,105870,680143,540706,1375555,359319,832358,324246,12331,330788
269264,270064,Pitch Perfect,10756.0,418014,414850,1833048,18696,262256,649791,848276,105870,690899,540706,1375555,359319,832358,324246,12331,330788
268614,270084,Refulgent Arrow,9067.0,418014,414850,1833048,18696,262256,649791,848276,105870,690899,540706,1384622,359319,832358,324246,12331,330788
268614,270084,Burst Shot,20299.0,418014,414850,1853347,18696,262256,649791,848276,105870,690899,540706,1384622,359319,832358,324246,12331,330788
269264,270914,Heartbreak Shot,8515.0,418014,414850,1853347,18696,262256,649791,856791,105870,690899,540706,1384622,359319,832358,324246,12331,330788
270560,271318,Shot,8405.0,418014,414850,1853347,18696,262256,649791,856791,105870,690899,540706,1384622,359319,840763,324246,12331,330788
263634,271500,Caustic Bite (dot),3691.0,418014,414850,1853347,18696,265947,649791,856791,105870,690899,540706,1384622,359319,840763,324246,12331,330788
263634,271500,Stormbite (dot),4616.0,418014,414850,1853347,18696,265947,649791,856791,105870,690899,540706,1384622,359319,840763,324246,12331,335404
269914,271564,Heartbreak Shot,2662.0,418014,414850,1853347,18696,265947,649791,859453,105870,690899,540706,1384622,359319,840763,324246,12331,335404
271754,272554,Pitch Perfect,11466.0,418014,414850,1853347,18696,265947,649791,859453,105870,702365,540706,1384622,359319,840763,324246,12331,335404
271104,272574,Refulgent Arrow,9067.0,418014,414850,1853347,18696,265947,649791,859453,105870,702365,540706,1393689,359319,840763,324246,12331,335404
271104,272574,Burst Shot,20299.0,418014,414850,1873646,18696,265947,649791,859453,105870,702365,540706,1393689,359319,840763,324246,12331,335404
273600,274358,Shot,8405.0,418014,414850,1873646,18696,265947,649791,859453,105870,702365,540706,1393689,359319,849168,324246,12331,335404
263634,274500,Stormbite (dot),4616.0,418014,414850,1873646,18696,265947,649791,859453,105870,702365,540706,1393689,359319,849168,324246,12331,340020
263634,274500,Caustic Bite (dot),3691.0,418014,414850,1873646,18696,269638,649791,859453,105870,702365,540706,1393689,359319,849168,324246,12331,340020
274214,275014,Pitch Perfect,12812.0,418014,414850,1873646,18696,269638,649791,859453,105870,715177,540706,1393689,359319,849168,324246,12331,340020
273594,275064,Burst Shot,20576.0,418014,414850,1894222,18696,269638,649791,859453,105870,715177,540706,1393689,359319,849168,324246,12331,340020
273594,275064,Refulgent Arrow,8715.0,418014,414850,1894222,18696,269638,649791,859453,105870,715177,540706,1402404,359319,849168,324246,12331,340020
276640,277398,Shot,8405.0,418014,414850,1894222,18696,269638,649791,859453,105870,715177,540706,1402404,359319,857573,324246,12331,340020
263634,277500,Caustic Bite (dot),3691.0,418014,414850,1894222,18696,273329,649791,859453,105870,715177,540706,1402404,359319,857573,324246,12331,340020
263634,277500,Stormbite (dot),4616.0,418014,414850,1894222,18696,273329,649791,859453,105870,715177,540706,1402404,359319,857573,324246,12331,344636
276084,277554,Burst Shot,20274.0,418014,414850,1914496,18696,273329,649791,859453,105870,715177,540706,1402404,359319,857573,324246,12331,344636
276084,277554,Refulgent Arrow,9099.0,418014,414850,1914496,18696,273329,649791,859453,105870,715177,540706,1411503,359319,857573,324246,12331,344636
277384,278184,Pitch Perfect,11986.0,418014,414850,1914496,18696,273329,649791,859453,105870,727163,540706,1411503,359319,857573,324246,12331,344636
276734,278384,Heartbreak Shot,11255.0,418014,414850,1914496,18696,273329,649791,870708,105870,727163,540706,1411503,359319,857573,324246,12331,344636
278574,280044,Burst Shot,20386.0,418014,414850,1934882,18696,273329,649791,870708,105870,727163,540706,1411503,359319,857573,324246,12331,344636
278574,280044,Refulgent Arrow,8956.0,418014,414850,1934882,18696,273329,649791,870708,105870,727163,540706,1420459,359319,857573,324246,12331,344636
279254,280284,Empyreal Arrow,32412.0,418014,414850,1934882,18696,273329,682203,870708,105870,727163,540706,1420459,359319,857573,324246,12331,344636
279680,280438,Shot,8405.0,418014,414850,1934882,18696,273329,682203,870708,105870,727163,540706,1420459,359319,865978,324246,12331,344636
263634,280500,Caustic Bite (dot),3691.0,418014,414850,1934882,18696,277020,682203,870708,105870,727163,540706,1420459,359319,865978,324246,12331,344636
263634,280500,Stormbite (dot),4616.0,418014,414850,1934882,18696,277020,682203,870708,105870,727163,540706,1420459,359319,865978,324246,12331,349252
279904,280704,Pitch Perfect,14625.0,418014,414850,1934882,18696,277020,682203,870708,105870,741788,540706,1420459,359319,865978,324246,12331,349252
281714,282514,Pitch Perfect,12112.0,418014,414850,1934882,18696,277020,682203,870708,105870,753900,540706,1420459,359319,865978,324246,12331,349252
281064,282534,Burst Shot,20230.0,418014,414850,1955112,18696,277020,682203,870708,105870,753900,540706,1420459,359319,865978,324246,12331,349252
281064,282534,Refulgent Arrow,9154.0,418014,414850,1955112,18696,277020,682203,870708,105870,753900,540706,1429613,359319,865978,324246,12331,349252
282720,283478,Shot,8405.0,418014,414850,1955112,18696,277020,682203,870708,105870,753900,540706,1429613,359319,874383,324246,12331,349252
263634,283500,Caustic Bite (dot),3691.0,418014,414850,1955112,18696,280711,682203,870708,105870,753900,540706,1429613,359319,874383,324246,12331,349252
263634,283500,Stormbite (dot),4616.0,418014,414850,1955112,18696,280711,682203,870708,105870,753900,540706,1429613,359319,874383,324246,12331,353868
284174,284974,Pitch Perfect,11865.0,418014,414850,1955112,18696,280711,682203,870708,105870,765765,540706,1429613,359319,874383,324246,12331,353868
283554,285024,Burst Shot,20408.0,418014,414850,1975520,18696,280711,682203,870708,105870,765765,540706,1429613,359319,874383,324246,12331,353868
283554,285024,Refulgent Arrow,8928.0,418014,414850,1975520,18696,280711,682203,870708,105870,765765,540706,1438541,359319,874383,324246,12331,353868
284824,285624,Pitch Perfect,9197.0,418014,414850,1975520,18696,280711,682203,870708,105870,774962,540706,1438541,359319,874383,324246,12331,353868
284824,285624,Pitch Perfect,4127.0,418014,414850,1975520,18696,280711,682203,870708,105870,779089,540706,1438541,359319,874383,324246,12331,353868
284174,285824,Heartbreak Shot,8208.0,418014,414850,1975520,18696,280711,682203,878916,105870,779089,540706,1438541,359319,874383,324246,12331,353868
284824,286474,Heartbreak Shot,2970.0,418014,414850,1975520,18696,280711,682203,881886,105870,779089,540706,1438541,359319,874383,324246,12331,353868
263634,286500,Caustic Bite (dot),3691.0,418014,414850,1975520,18696,284402,682203,881886,105870,779089,540706,1438541,359319,874383,324246,12331,353868
263634,286500,Stormbite (dot),4616.0,418014,414850,1975520,18696,284402,682203,881886,105870,779089,540706,1438541,359319,874383,324246,12331,358484
285760,286518,Shot,8399.0,418014,414850,1975520,18696,284402,682203,881886,105870,779089,540706,1438541,359319,882782,324246,12331,358484
286044,287514,Refulgent Arrow,9277.0,418014,414850,1975520,18696,284402,682203,881886,105870,779089,540706,1447818,359319,882782,324246,12331,358484
286044,287514,Burst Shot,20115.0,418014,414850,1995635,18696,284402,682203,881886,105870,779089,540706,1447818,359319,882782,324246,12331,358484
263634,289500,Stormbite (dot),4616.0,418014,414850,1995635,18696,284402,682203,881886,105870,779089,540706,1447818,359319,882782,324246,12331,363100
263634,289500,Caustic Bite (dot),3691.0,418014,414850,1995635,18696,288093,682203,881886,105870,779089,540706,1447818,359319,882782,324246,12331,363100
288800,289558,Shot,8399.0,418014,414850,1995635,18696,288093,682203,881886,105870,779089,540706,1447818,359319,891181,324246,12331,363100
288534,290004,Burst Shot,20205.0,418014,414850,2015840,18696,288093,682203,881886,105870,779089,540706,1447818,359319,891181,324246,12331,363100
288534,290004,Refulgent Arrow,9162.0,418014,414850,2015840,18696,288093,682203,881886,105870,779089,540706,1456980,359319,891181,324246,12331,363100
289184,290834,Heartbreak Shot,8985.0,418014,414850,2015840,18696,288093,682203,890871,105870,779089,540706,1456980,359319,891181,324246,12331,363100
291024,292494,Refulgent Arrow,9061.0,418014,414850,2015840,18696,288093,682203,890871,105870,779089,540706,1466041,359319,891181,324246,12331,363100
291024,292494,Burst Shot,20285.0,418014,414850,2036125,18696,288093,682203,890871,105870,779089,540706,1466041,359319,891181,324246,12331,363100
263634,292500,Caustic Bite (dot),3691.0,418014,414850,2036125,18696,291784,682203,890871,105870,779089,540706,1466041,359319,891181,324246,12331,363100
263634,292500,Stormbite (dot),4616.0,418014,414850,2036125,18696,291784,682203,890871,105870,779089,540706,1466041,359319,891181,324246,12331,367716
291840,292598,Shot,8399.0,418014,414850,2036125,18696,291784,682203,890871,105870,779089,540706,1466041,359319,899580,324246,12331,367716
291674,293324,Heartbreak Shot,20138.0,418014,414850,2036125,18696,291784,682203,911009,105870,779089,540706,1466041,359319,899580,324246,12331,367716
293514,294984,Refulgent Arrow,9054.0,418014,414850,2036125,18696,291784,682203,911009,105870,779089,540706,1475095,359319,899580,324246,12331,367716
293514,294984,Burst Shot,20290.0,418014,414850,2056415,18696,291784,682203,911009,105870,779089,540706,1475095,359319,899580,324246,12331,367716
294254,295284,Empyreal Arrow,32390.0,418014,414850,2056415,18696,291784,714593,911009,105870,779089,540706,1475095,359319,899580,324246,12331,367716
263634,295500,Stormbite (dot),4616.0,418014,414850,2056415,18696,291784,714593,911009,105870,779089,540706,1475095,359319,899580,324246,12331,372332
263634,295500,Caustic Bite (dot),3691.0,418014,414850,2056415,18696,295475,714593,911009,105870,779089,540706,1475095,359319,899580,324246,12331,372332
294880,295638,Shot,8399.0,418014,414850,2056415,18696,295475,714593,911009,105870,779089,540706,1475095,359319,907979,324246,12331,372332
294874,296524,Heartbreak Shot,20172.0,418014,414850,2056415,18696,295475,714593,931181,105870,779089,540706,1475095,359319,907979,324246,12331,372332
296004,297474,Refulgent Arrow,9030.0,418014,414850,2056415,18696,295475,714593,931181,105870,779089,540706,1484125,359319,907979,324246,12331,372332
296004,297474,Burst Shot,20310.0,418014,414850,2076725,18696,295475,714593,931181,105870,779089,540706,1484125,359319,907979,324246,12331,372332
263634,298500,Caustic Bite (dot),3691.0,418014,414850,2076725,18696,299166,714593,931181,105870,779089,540706,1484125,359319,907979,324246,12331,372332
263634,298500,Stormbite (dot),4616.0,418014,414850,2076725,18696,299166,714593,931181,105870,779089,540706,1484125,359319,907979,324246,12331,376948
297920,298678,Shot,8399.0,418014,414850,2076725,18696,299166,714593,931181,105870,779089,540706,1484125,359319,916378,324246,12331,376948
297244,298894,Heartbreak Shot,8929.0,418014,414850,2076725,18696,299166,714593,940110,105870,779089,540706,1484125,359319,916378,324246,12331,376948
298494,299964,Burst Shot,20570.0,418014,414850,2097295,18696,299166,714593,940110,105870,779089,540706,1484125,359319,916378,324246,12331,376948
298494,299964,Refulgent Arrow,8698.0,418014,414850,2097295,18696,299166,714593,940110,105870,779089,540706,1492823,359319,916378,324246,12331,376948
299144,300794,Heartbreak Shot,11101.0,418014,414850,2097295,18696,299166,714593,951211,105870,779089,540706,1492823,359319,916378,324246,12331,376948
263634,301500,Stormbite (dot),4616.0,418014,414850,2097295,18696,299166,714593,951211,105870,779089,540706,1492823,359319,916378,324246,12331,381564
263634,301500,Caustic Bite (dot),3691.0,418014,414850,2097295,18696,302857,714593,951211,105870,779089,540706,1492823,359319,916378,324246,12331,381564
300960,301718,Shot,8399.0,418014,414850,2097295,18696,302857,714593,951211,105870,779089,540706,1492823,359319,924777,324246,12331,381564
300984,302454,Burst Shot,20370.0,418014,414850,2117665,18696,302857,714593,951211,105870,779089,540706,1492823,359319,924777,324246,12331,381564
300984,302454,Refulgent Arrow,8953.0,418014,414850,2117665,18696,302857,714593,951211,105870,779089,540706,1501776,359319,924777,324246,12331,381564
301604,303254,Heartbreak Shot,9198.0,418014,414850,2117665,18696,302857,714593,960409,105870,779089,540706,1501776,359319,924777,324246,12331,381564
263634,304500,Stormbite (dot),4616.0,418014,414850,2117665,18696,302857,714593,960409,105870,779089,540706,1501776,359319,924777,324246,12331,386180
263634,304500,Caustic Bite (dot),3691.0,418014,414850,2117665,18696,306548,714593,960409,105870,779089,540706,1501776,359319,924777,324246,12331,386180
304000,304758,Shot,8399.0,418014,414850,2117665,18696,306548,714593,960409,105870,779089,540706,1501776,359319,933176,324246,12331,386180
303475,304945,Refulgent Arrow,8876.0,418014,414850,2117665,18696,306548,714593,960409,105870,779089,540706,1510652,359319,933176,324246,12331,386180
303475,304945,Burst Shot,20430.0,418014,414850,2138095,18696,306548,714593,960409,105870,779089,540706,1510652,359319,933176,324246,12331,386180
304125,305775,Heartbreak Shot,8761.0,418014,414850,2138095,18696,306548,714593,969170,105870,779089,540706,1510652,359319,933176,324246,12331,386180
305965,307435,Refulgent Arrow,8970.0,418014,414850,2138095,18696,306548,714593,969170,105870,779089,540706,1519622,359319,933176,324246,12331,386180
305965,307435,Burst Shot,20356.0,418014,414850,2158451,18696,306548,714593,969170,105870,779089,540706,1519622,359319,933176,324246,12331,386180
263634,307500,Stormbite (dot),4616.0,418014,414850,2158451,18696,306548,714593,969170,105870,779089,540706,1519622,359319,933176,324246,12331,390796
263634,307500,Caustic Bite (dot),3691.0,418014,414850,2158451,18696,310239,714593,969170,105870,779089,540706,1519622,359319,933176,324246,12331,390796
307040,307798,Shot,8399.0,418014,414850,2158451,18696,310239,714593,969170,105870,779089,540706,1519622,359319,941575,324246,12331,390796
306615,308265,Heartbreak Shot,20270.0,418014,414850,2158451,18696,310239,714593,989440,105870,779089,540706,1519622,359319,941575,324246,12331,390796
308455,309125,Iron Jaws,12454.0,418014,414850,2158451,18696,310239,714593,989440,118324,779089,540706,1519622,359319,941575,324246,12331,390796
309254,310284,Empyreal Arrow,32390.0,418014,414850,2158451,18696,310239,746983,989440,118324,779089,540706,1519622,359319,941575,324246,12331,390796
308455,310500,Caustic Bite (dot),2491.0,418014,414850,2158451,18696,312730,746983,989440,118324,779089,540706,1519622,359319,941575,324246,12331,390796
308455,310500,Stormbite (dot),3115.0,418014,414850,2158451,18696,312730,746983,989440,118324,779089,540706,1519622,359319,941575,324246,12331,393911
310080,310838,Shot,8399.0,418014,414850,2158451,18696,312730,746983,989440,118324,779089,540706,1519622,359319,949974,324246,12331,393911
309874,311524,Heartbreak Shot,20080.0,418014,414850,2158451,18696,312730,746983,1009520,118324,779089,540706,1519622,359319,949974,324246,12331,393911
310945,312015,Apex Arrow,12.0,418026,414850,2158451,18696,312730,746983,1009520,118324,779089,540706,1519622,359319,949974,324246,12331,393911
310945,312015,Apex Arrow,80573.0,498599,414850,2158451,18696,312730,746983,1009520,118324,779089,540706,1519622,359319,949974,324246,12331,393911
310945,312015,Apex Arrow,3181.0,501780,414850,2158451,18696,312730,746983,1009520,118324,779089,540706,1519622,359319,949974,324246,12331,393911
310945,312015,Apex Arrow,1734.0,503514,414850,2158451,18696,312730,746983,1009520,118324,779089,540706,1519622,359319,949974,324246,12331,393911
310945,312015,Apex Arrow,91.0,503605,414850,2158451,18696,312730,746983,1009520,118324,779089,540706,1519622,359319,949974,324246,12331,393911
310945,312015,Apex Arrow,299.0,503904,414850,2158451,18696,312730,746983,1009520,118324,779089,540706,1519622,359319,949974,324246,12331,393911
310945,312015,Apex Arrow,719.0,504623,414850,2158451,18696,312730,746983,1009520,118324,779089,540706,1519622,359319,949974,324246,12331,393911
312423,312953,Sidewinder,49833.0,504623,414850,2158451,18696,312730,746983,1009520,118324,779089,540706,1519622,359319,949974,374079,12331,393911
308455,313500,Stormbite (dot),3115.0,504623,414850,2158451,18696,312730,746983,1009520,118324,779089,540706,1519622,359319,949974,374079,12331,397026
308455,313500,Caustic Bite (dot),2491.0,504623,414850,2158451,18696,315221,746983,1009520,118324,779089,540706,1519622,359319,949974,374079,12331,397026
313120,313878,Shot,8399.0,504623,414850,2158451,18696,315221,746983,1009520,118324,779089,540706,1519622,359319,958373,374079,12331,397026
313435,314905,Refulgent Arrow,20.0,504623,414850,2158451,18696,315221,746983,1009520,118324,779089,540706,1519642,359319,958373,374079,12331,397026
313435,314905,Burst Shot,27.0,504623,414850,2158478,18696,315221,746983,1009520,118324,779089,540706,1519642,359319,958373,374079,12331,397026
313435,315085,Blast Arrow,87071.0,504623,501921,2158478,18696,315221,746983,1009520,118324,779089,540706,1519642,359319,958373,374079,12331,397026
314055,315705,Heartbreak Shot,20158.0,504623,501921,2158478,18696,315221,746983,1029678,118324,779089,540706,1519642,359319,958373,374079,12331,397026
308455,316500,Stormbite (dot),3115.0,504623,501921,2158478,18696,315221,746983,1029678,118324,779089,540706,1519642,359319,958373,374079,12331,400141
308455,316500,Caustic Bite (dot),2491.0,504623,501921,2158478,18696,317712,746983,1029678,118324,779089,540706,1519642,359319,958373,374079,12331,400141
316160,316918,Shot,8399.0,504623,501921,2158478,18696,317712,746983,1029678,118324,779089,540706,1519642,359319,966772,374079,12331,400141
315925,317395,Burst Shot,13187.0,504623,501921,2171665,18696,317712,746983,1029678,118324,779089,540706,1519642,359319,966772,374079,12331,400141
315925,317395,Refulgent Arrow,18095.0,504623,501921,2171665,18696,317712,746983,1029678,118324,779089,540706,1537737,359319,966772,374079,12331,400141
316575,318225,Heartbreak Shot,8980.0,504623,501921,2171665,18696,317712,746983,1038658,118324,779089,540706,1537737,359319,966772,374079,12331,400141
308455,319500,Caustic Bite (dot),2491.0,504623,501921,2171665,18696,320203,746983,1038658,118324,779089,540706,1537737,359319,966772,374079,12331,400141
308455,319500,Stormbite (dot),3115.0,504623,501921,2171665,18696,320203,746983,1038658,118324,779089,540706,1537737,359319,966772,374079,12331,403256
318415,319885,Refulgent Arrow,8991.0,504623,501921,2171665,18696,320203,746983,1038658,118324,779089,540706,1546728,359319,966772,374079,12331,403256
318415,319885,Burst Shot,20340.0,504623,501921,2192005,18696,320203,746983,1038658,118324,779089,540706,1546728,359319,966772,374079,12331,403256
319200,319958,Shot,8399.0,504623,501921,2192005,18696,320203,746983,1038658,118324,779089,540706,1546728,359319,975171,374079,12331,403256
319035,320685,Heartbreak Shot,8962.0,504623,501921,2192005,18696,320203,746983,1047620,118324,779089,540706,1546728,359319,975171,374079,12331,403256
320905,322375,Burst Shot,20562.0,504623,501921,2212567,18696,320203,746983,1047620,118324,779089,540706,1546728,359319,975171,374079,12331,403256
320905,322375,Refulgent Arrow,8709.0,504623,501921,2212567,18696,320203,746983,1047620,118324,779089,540706,1555437,359319,975171,374079,12331,403256
308455,322500,Stormbite (dot),3115.0,504623,501921,2212567,18696,320203,746983,1047620,118324,779089,540706,1555437,359319,975171,374079,12331,406371
308455,322500,Caustic Bite (dot),2491.0,504623,501921,2212567,18696,322694,746983,1047620,118324,779089,540706,1555437,359319,975171,374079,12331,406371
322240,322998,Shot,8399.0,504623,501921,2212567,18696,322694,746983,1047620,118324,779089,540706,1555437,359319,983570,374079,12331,406371
321555,323205,Heartbreak Shot,20147.0,504623,501921,2212567,18696,322694,746983,1067767,118324,779089,540706,1555437,359319,983570,374079,12331,406371
323395,324865,Burst Shot,20230.0,504623,501921,2232797,18696,322694,746983,1067767,118324,779089,540706,1555437,359319,983570,374079,12331,406371
323395,324865,Refulgent Arrow,9027.0,504623,501921,2232797,18696,322694,746983,1067767,118324,779089,540706,1564464,359319,983570,374079,12331,406371
324254,325284,Empyreal Arrow,32293.0,504623,501921,2232797,18696,322694,779276,1067767,118324,779089,540706,1564464,359319,983570,374079,12331,406371
308455,325500,Stormbite (dot),3115.0,504623,501921,2232797,18696,322694,779276,1067767,118324,779089,540706,1564464,359319,983570,374079,12331,409486
308455,325500,Caustic Bite (dot),2491.0,504623,501921,2232797,18696,325185,779276,1067767,118324,779089,540706,1564464,359319,983570,374079,12331,409486
325280,326038,Shot,8374.0,504623,501921,2232797,18696,325185,779276,1067767,118324,779089,540706,1564464,359319,991944,374079,12331,409486
325885,327355,Refulgent Arrow,8992.0,504623,501921,2232797,18696,325185,779276,1067767,118324,779089,540706,1573456,359319,991944,374079,12331,409486
325885,327355,Burst Shot,20257.0,504623,501921,2253054,18696,325185,779276,1067767,118324,779089,540706,1573456,359319,991944,374079,12331,409486
308455,328500,Stormbite (dot),3115.0,504623,501921,2253054,18696,325185,779276,1067767,118324,779089,540706,1573456,359319,991944,374079,12331,412601
308455,328500,Caustic Bite (dot),2491.0,504623,501921,2253054,18696,327676,779276,1067767,118324,779089,540706,1573456,359319,991944,374079,12331,412601
328320,329078,Shot,8374.0,504623,501921,2253054,18696,327676,779276,1067767,118324,779089,540706,1573456,359319,1000318,374079,12331,412601
328275,329745,Burst Shot,20271.0,504623,501921,2273325,18696,327676,779276,1067767,118324,779089,540706,1573456,359319,1000318,374079,12331,412601
328275,329745,Refulgent Arrow,8975.0,504623,501921,2273325,18696,327676,779276,1067767,118324,779089,540706,1582431,359319,1000318,374079,12331,412601
328925,330575,Heartbreak Shot,11231.0,504623,501921,2273325,18696,327676,779276,1078998,118324,779089,540706,1582431,359319,1000318,374079,12331,412601
308455,331500,Stormbite (dot),3115.0,504623,501921,2273325,18696,327676,779276,1078998,118324,779089,540706,1582431,359319,1000318,374079,12331,415716
308455,331500,Caustic Bite (dot),2491.0,504623,501921,2273325,18696,330167,779276,1078998,118324,779089,540706,1582431,359319,1000318,374079,12331,415716
331360,332118,Shot,8374.0,504623,501921,2273325,18696,330167,779276,1078998,118324,779089,540706,1582431,359319,1008692,374079,12331,415716
330665,332135,Burst Shot,20369.0,504623,501921,2293694,18696,330167,779276,1078998,118324,779089,540706,1582431,359319,1008692,374079,12331,415716
330665,332135,Refulgent Arrow,8850.0,504623,501921,2293694,18696,330167,779276,1078998,118324,779089,540706,1591281,359319,1008692,374079,12331,415716
332955,334425,Burst Shot,19976.0,504623,501921,2313670,18696,330167,779276,1078998,118324,779089,540706,1591281,359319,1008692,374079,12331,415716
332955,334425,Refulgent Arrow,9350.0,504623,501921,2313670,18696,330167,779276,1078998,118324,779089,540706,1600631,359319,1008692,374079,12331,415716
308455,334500,Stormbite (dot),3115.0,504623,501921,2313670,18696,330167,779276,1078998,118324,779089,540706,1600631,359319,1008692,374079,12331,418831
308455,334500,Caustic Bite (dot),2491.0,504623,501921,2313670,18696,332658,779276,1078998,118324,779089,540706,1600631,359319,1008692,374079,12331,418831
334400,335158,Shot,8374.0,504623,501921,2313670,18696,332658,779276,1078998,118324,779089,540706,1600631,359319,1017066,374079,12331,418831
335145,336615,Refulgent Arrow,8947.0,504623,501921,2313670,18696,332658,779276,1078998,118324,779089,540706,1609578,359319,1017066,374079,12331,418831
335145,336615,Burst Shot,20293.0,504623,501921,2333963,18696,332658,779276,1078998,118324,779089,540706,1609578,359319,1017066,374079,12331,418831
308455,337500,Stormbite (dot),3115.0,504623,501921,2333963,18696,332658,779276,1078998,118324,779089,540706,1609578,359319,1017066,374079,12331,421946
308455,337500,Caustic Bite (dot),2491.0,504623,501921,2333963,18696,335149,779276,1078998,118324,779089,540706,1609578,359319,1017066,374079,12331,421946
336445,338095,Heartbreak Shot,11119.0,504623,501921,2333963,18696,335149,779276,1090117,118324,779089,540706,1609578,359319,1017066,374079,12331,421946
337440,338198,Shot,8374.0,504623,501921,2333963,18696,335149,779276,1090117,118324,779089,540706,1609578,359319,1025440,374079,12331,421946
337235,338705,Burst Shot,20315.0,504623,501921,2354278,18696,335149,779276,1090117,118324,779089,540706,1609578,359319,1025440,374079,12331,421946
337235,338705,Refulgent Arrow,8919.0,504623,501921,2354278,18696,335149,779276,1090117,118324,779089,540706,1618497,359319,1025440,374079,12331,421946
308455,340500,Caustic Bite (dot),2491.0,504623,501921,2354278,18696,337640,779276,1090117,118324,779089,540706,1618497,359319,1025440,374079,12331,421946
308455,340500,Stormbite (dot),3115.0,504623,501921,2354278,18696,337640,779276,1090117,118324,779089,540706,1618497,359319,1025440,374079,12331,425061
339325,340795,Refulgent Arrow,8839.0,504623,501921,2354278,18696,337640,779276,1090117,118324,779089,540706,1627336,359319,1025440,374079,12331,425061
339325,340795,Burst Shot,20377.0,504623,501921,2374655,18696,337640,779276,1090117,118324,779089,540706,1627336,359319,1025440,374079,12331,425061
339945,340975,Empyreal Arrow,32293.0,504623,501921,2374655,18696,337640,811569,1090117,118324,779089,540706,1627336,359319,1025440,374079,12331,425061
340480,341238,Shot,8374.0,504623,501921,2374655,18696,337640,811569,1090117,118324,779089,540706,1627336,359319,1033814,374079,12331,425061
341415,342885,Burst Shot,20279.0,504623,501921,2394934,18696,337640,811569,1090117,118324,779089,540706,1627336,359319,1033814,374079,12331,425061
341415,342885,Refulgent Arrow,8964.0,504623,501921,2394934,18696,337640,811569,1090117,118324,779089,540706,1636300,359319,1033814,374079,12331,425061
308455,343500,Caustic Bite (dot),2491.0,504623,501921,2394934,18696,340131,811569,1090117,118324,779089,540706,1636300,359319,1033814,374079,12331,425061
308455,343500,Stormbite (dot),3115.0,504623,501921,2394934,18696,340131,811569,1090117,118324,779089,540706,1636300,359319,1033814,374079,12331,428176
343520,344278,Shot,8374.0,504623,501921,2394934,18696,340131,811569,1090117,118324,779089,540706,1636300,359319,1042188,374079,12331,428176
343505,344975,Refulgent Arrow,8947.0,504623,501921,2394934,18696,340131,811569,1090117,118324,779089,540706,1645247,359319,1042188,374079,12331,428176
343505,344975,Burst Shot,20293.0,504623,501921,2415227,18696,340131,811569,1090117,118324,779089,540706,1645247,359319,1042188,374079,12331,428176
345595,346265,Iron Jaws,12417.0,504623,501921,2415227,18696,340131,811569,1090117,130741,779089,540706,1645247,359319,1042188,374079,12331,428176
345595,346500,Caustic Bite (dot),2484.0,504623,501921,2415227,18696,342615,811569,1090117,130741,779089,540706,1645247,359319,1042188,374079,12331,428176
345595,346500,Stormbite (dot),3106.0,504623,501921,2415227,18696,342615,811569,1090117,130741,779089,540706,1645247,359319,1042188,374079,12331,431282
346560,347318,Shot,8374.0,504623,501921,2415227,18696,342615,811569,1090117,130741,779089,540706,1645247,359319,1050562,374079,12331,431282
347685,349155,Refulgent Arrow,18058.0,504623,501921,2415227,18696,342615,811569,1090117,130741,779089,540706,1663305,359319,1050562,374079,12331,431282
347685,349155,Burst Shot,13134.0,504623,501921,2428361,18696,342615,811569,1090117,130741,779089,540706,1663305,359319,1050562,374079,12331,431282
345595,349500,Caustic Bite (dot),2484.0,504623,501921,2428361,18696,345099,811569,1090117,130741,779089,540706,1663305,359319,1050562,374079,12331,431282
345595,349500,Stormbite (dot),3106.0,504623,501921,2428361,18696,345099,811569,1090117,130741,779089,540706,1663305,359319,1050562,374079,12331,434388
349600,350358,Shot,8374.0,504623,501921,2428361,18696,345099,811569,1090117,130741,779089,540706,1663305,359319,1058936,374079,12331,434388
349775,351245,Burst Shot,20383.0,504623,501921,2448744,18696,345099,811569,1090117,130741,779089,540706,1663305,359319,1058936,374079,12331,434388
349775,351245,Refulgent Arrow,8832.0,504623,501921,2448744,18696,345099,811569,1090117,130741,779089,540706,1672137,359319,1058936,374079,12331,434388
345595,352500,Stormbite (dot),3106.0,504623,501921,2448744,18696,345099,811569,1090117,130741,779089,540706,1672137,359319,1058936,374079,12331,437494
345595,352500,Caustic Bite (dot),2484.0,504623,501921,2448744,18696,347583,811569,1090117,130741,779089,540706,1672137,359319,1058936,374079,12331,437494
351865,353335,Burst Shot,20181.0,504623,501921,2468925,18696,347583,811569,1090117,130741,779089,540706,1672137,359319,1058936,374079,12331,437494
351865,353335,Refulgent Arrow,9090.0,504623,501921,2468925,18696,347583,811569,1090117,130741,779089,540706,1681227,359319,1058936,374079,12331,437494
352640,353398,Shot,8374.0,504623,501921,2468925,18696,347583,811569,1090117,130741,779089,540706,1681227,359319,1067310,374079,12331,437494
353955,355425,Burst Shot,20336.0,504623,501921,2489261,18696,347583,811569,1090117,130741,779089,540706,1681227,359319,1067310,374079,12331,437494
353955,355425,Refulgent Arrow,8891.0,504623,501921,2489261,18696,347583,811569,1090117,130741,779089,540706,1690118,359319,1067310,374079,12331,437494
345595,355500,Stormbite (dot),3106.0,504623,501921,2489261,18696,347583,811569,1090117,130741,779089,540706,1690118,359319,1067310,374079,12331,440600
345595,355500,Caustic Bite (dot),2484.0,504623,501921,2489261,18696,350067,811569,1090117,130741,779089,540706,1690118,359319,1067310,374079,12331,440600
354945,355975,Empyreal Arrow,32293.0,504623,501921,2489261,18696,350067,843862,1090117,130741,779089,540706,1690118,359319,1067310,374079,12331,440600
355680,356438,Shot,8374.0,504623,501921,2489261,18696,350067,843862,1090117,130741,779089,540706,1690118,359319,1075684,374079,12331,440600
356045,357515,Refulgent Arrow,8930.0,504623,501921,2489261,18696,350067,843862,1090117,130741,779089,540706,1699048,359319,1075684,374079,12331,440600
356045,357515,Burst Shot,20306.0,504623,501921,2509567,18696,350067,843862,1090117,130741,779089,540706,1699048,359319,1075684,374079,12331,440600
345595,358500,Caustic Bite (dot),2484.0,504623,501921,2509567,18696,352551,843862,1090117,130741,779089,540706,1699048,359319,1075684,374079,12331,440600
345595,358500,Stormbite (dot),3106.0,504623,501921,2509567,18696,352551,843862,1090117,130741,779089,540706,1699048,359319,1075684,374079,12331,443706
358720,359478,Shot,8374.0,504623,501921,2509567,18696,352551,843862,1090117,130741,779089,540706,1699048,359319,1084058,374079,12331,443706
358135,359605,Refulgent Arrow,8853.0,504623,501921,2509567,18696,352551,843862,1090117,130741,779089,540706,1707901,359319,1084058,374079,12331,443706
358135,359605,Burst Shot,20366.0,504623,501921,2529933,18696,352551,843862,1090117,130741,779089,540706,1707901,359319,1084058,374079,12331,443706
345595,361500,Stormbite (dot),3106.0,504623,501921,2529933,18696,352551,843862,1090117,130741,779089,540706,1707901,359319,1084058,374079,12331,446812
345595,361500,Caustic Bite (dot),2484.0,504623,501921,2529933,18696,355035,843862,1090117,130741,779089,540706,1707901,359319,1084058,374079,12331,446812
360225,361695,Burst Shot,20178.0,504623,501921,2550111,18696,355035,843862,1090117,130741,779089,540706,1707901,359319,1084058,374079,12331,446812
360225,361695,Refulgent Arrow,9093.0,504623,501921,2550111,18696,355035,843862,1090117,130741,779089,540706,1716994,359319,1084058,374079,12331,446812
361760,362518,Shot,8405.0,504623,501921,2550111,18696,355035,843862,1090117,130741,779089,540706,1716994,359319,1092463,374079,12331,446812
362315,363785,Burst Shot,20044.0,504623,501921,2570155,18696,355035,843862,1090117,130741,779089,540706,1716994,359319,1092463,374079,12331,446812
362315,363785,Refulgent Arrow,9392.0,504623,501921,2570155,18696,355035,843862,1090117,130741,779089,540706,1726386,359319,1092463,374079,12331,446812
345595,364500,Caustic Bite (dot),2484.0,504623,501921,2570155,18696,357519,843862,1090117,130741,779089,540706,1726386,359319,1092463,374079,12331,446812
345595,364500,Stormbite (dot),3106.0,504623,501921,2570155,18696,357519,843862,1090117,130741,779089,540706,1726386,359319,1092463,374079,12331,449918
364800,365558,Shot,9097.0,504623,501921,2570155,18696,357519,843862,1090117,130741,779089,540706,1726386,359319,1101560,374079,12331,449918
364505,365975,Refulgent Arrow,9451.0,504623,501921,2570155,18696,357519,843862,1090117,130741,779089,540706,1735837,359319,1101560,374079,12331,449918
364505,365975,Burst Shot,22254.0,504623,501921,2592409,18696,357519,843862,1090117,130741,779089,540706,1735837,359319,1101560,374079,12331,449918
345595,367500,Stormbite (dot),3106.0,504623,501921,2592409,18696,357519,843862,1090117,130741,779089,540706,1735837,359319,1101560,374079,12331,453024
345595,367500,Caustic Bite (dot),2484.0,504623,501921,2592409,18696,360003,843862,1090117,130741,779089,540706,1735837,359319,1101560,374079,12331,453024
366695,368165,Refulgent Arrow,13011.0,504623,501921,2592409,18696,360003,843862,1090117,130741,779089,540706,1748848,359319,1101560,374079,12331,453024
366695,368165,Burst Shot,27992.0,504623,501921,2620401,18696,360003,843862,1090117,130741,779089,540706,1748848,359319,1101560,374079,12331,453024
367840,368598,Shot,11713.0,504623,501921,2620401,18696,360003,843862,1090117,130741,779089,540706,1748848,359319,1113273,374079,12331,453024
368043,369693,Heartbreak Shot,35958.0,504623,501921,2620401,18696,360003,843862,1126075,130741,779089,540706,1748848,359319,1113273,374079,12331,453024
345595,370500,Caustic Bite (dot),2484.0,504623,501921,2620401,18696,362487,843862,1126075,130741,779089,540706,1748848,359319,1113273,374079,12331,453024
345595,370500,Stormbite (dot),3106.0,504623,501921,2620401,18696,362487,843862,1126075,130741,779089,540706,1748848,359319,1113273,374079,12331,456130
368885,370845,Radiant Encore,219781.0,504623,501921,2620401,18696,362487,843862,1126075,130741,779089,760487,1748848,359319,1113273,374079,12331,456130
369945,370975,Empyreal Arrow,51944.0,504623,501921,2620401,18696,362487,895806,1126075,130741,779089,760487,1748848,359319,1113273,374079,12331,456130
370565,371365,Pitch Perfect,64422.0,504623,501921,2620401,18696,362487,895806,1126075,130741,843511,760487,1748848,359319,1113273,374079,12331,456130
370880,371638,Shot,13470.0,504623,501921,2620401,18696,362487,895806,1126075,130741,843511,760487,1748848,359319,1126743,374079,12331,456130
370565,372215,Heartbreak Shot,3750.0,504623,501921,2620401,18696,362487,895806,1129825,130741,843511,760487,1748848,359319,1126743,374079,12331,456130
371185,372655,Refulgent Arrow,14537.0,504623,501921,2620401,18696,362487,895806,1129825,130741,843511,760487,1763385,359319,1126743,374079,12331,456130
371185,372655,Burst Shot,32526.0,504623,501921,2652927,18696,362487,895806,1129825,130741,843511,760487,1763385,359319,1126743,374079,12331,456130
372423,372953,Sidewinder,79919.0,504623,501921,2652927,18696,362487,895806,1129825,130741,843511,760487,1763385,359319,1126743,453998,12331,456130
345595,373500,Caustic Bite (dot),2484.0,504623,501921,2652927,18696,364971,895806,1129825,130741,843511,760487,1763385,359319,1126743,453998,12331,456130
345595,373500,Stormbite (dot),3106.0,504623,501921,2652927,18696,364971,895806,1129825,130741,843511,760487,1763385,359319,1126743,453998,12331,459236
373043,373843,Pitch Perfect,5523.0,504623,501921,2652927,18696,364971,895806,1129825,130741,849034,760487,1763385,359319,1126743,453998,12331,459236
373920,374678,Shot,13470.0,504623,501921,2652927,18696,364971,895806,1129825,130741,849034,760487,1763385,359319,1140213,453998,12331,459236
373043,374693,Heartbreak Shot,32207.0,504623,501921,2652927,18696,364971,895806,1162032,130741,849034,760487,1763385,359319,1140213,453998,12331,459236
373675,374745,Apex Arrow,136.0,504759,501921,2652927,18696,364971,895806,1162032,130741,849034,760487,1763385,359319,1140213,453998,12331,459236
373675,374745,Apex Arrow,2806.0,507565,501921,2652927,18696,364971,895806,1162032,130741,849034,760487,1763385,359319,1140213,453998,12331,459236
373675,374745,Apex Arrow,128753.0,636318,501921,2652927,18696,364971,895806,1162032,130741,849034,760487,1763385,359319,1140213,453998,12331,459236
373675,374745,Apex Arrow,5434.0,641752,501921,2652927,18696,364971,895806,1162032,130741,849034,760487,1763385,359319,1140213,453998,12331,459236
373675,374745,Apex Arrow,18.0,641770,501921,2652927,18696,364971,895806,1162032,130741,849034,760487,1763385,359319,1140213,453998,12331,459236
373675,374745,Apex Arrow,39.0,641809,501921,2652927,18696,364971,895806,1162032,130741,849034,760487,1763385,359319,1140213,453998,12331,459236
373675,374745,Apex Arrow,1224.0,643033,501921,2652927,18696,364971,895806,1162032,130741,849034,760487,1763385,359319,1140213,453998,12331,459236
373675,374745,Apex Arrow,447.0,643480,501921,2652927,18696,364971,895806,1162032,130741,849034,760487,1763385,359319,1140213,453998,12331,459236
345595,376500,Stormbite (dot),3106.0,643480,501921,2652927,18696,364971,895806,1162032,130741,849034,760487,1763385,359319,1140213,453998,12331,462342
345595,376500,Caustic Bite (dot),2484.0,643480,501921,2652927,18696,367455,895806,1162032,130741,849034,760487,1763385,359319,1140213,453998,12331,462342
374915,376565,Heartbreak Shot,18069.0,643480,501921,2652927,18696,367455,895806,1180101,130741,849034,760487,1763385,359319,1140213,453998,12331,462342
376815,377615,Pitch Perfect,1496.0,643480,501921,2652927,18696,367455,895806,1180101,130741,850530,760487,1763385,359319,1140213,453998,12331,462342
376165,377635,Refulgent Arrow,27.0,643480,501921,2652927,18696,367455,895806,1180101,130741,850530,760487,1763412,359319,1140213,453998,12331,462342
376165,377635,Burst Shot,61.0,643480,501921,2652988,18696,367455,895806,1180101,130741,850530,760487,1763412,359319,1140213,453998,12331,462342
376960,377718,Shot,13470.0,643480,501921,2652988,18696,367455,895806,1180101,130741,850530,760487,1763412,359319,1153683,453998,12331,462342
376165,377815,Blast Arrow,139593.0,643480,641514,2652988,18696,367455,895806,1180101,130741,850530,760487,1763412,359319,1153683,453998,12331,462342
345595,379500,Stormbite (dot),3106.0,643480,641514,2652988,18696,367455,895806,1180101,130741,850530,760487,1763412,359319,1153683,453998,12331,465448
345595,379500,Caustic Bite (dot),2484.0,643480,641514,2652988,18696,369939,895806,1180101,130741,850530,760487,1763412,359319,1153683,453998,12331,465448
378655,379815,Resonant Arrow,127868.0,643480,641514,2652988,18696,369939,895806,1180101,130741,850530,760487,1763412,487187,1153683,453998,12331,465448
379305,380105,Pitch Perfect,34142.0,643480,641514,2652988,18696,369939,895806,1180101,130741,884672,760487,1763412,487187,1153683,453998,12331,465448
380000,380758,Shot,13470.0,643480,641514,2652988,18696,369939,895806,1180101,130741,884672,760487,1763412,487187,1167153,453998,12331,465448
345595,382500,Stormbite (dot),3106.0,643480,641514,2652988,18696,369939,895806,1180101,130741,884672,760487,1763412,487187,1167153,453998,12331,468554
345595,382500,Caustic Bite (dot),2484.0,643480,641514,2652988,18696,372423,895806,1180101,130741,884672,760487,1763412,487187,1167153,453998,12331,468554
381145,382615,Refulgent Arrow,55936.0,643480,641514,2652988,18696,372423,895806,1180101,130741,884672,760487,1819348,487187,1167153,453998,12331,468554
381145,382735,Refulgent Arrow,55936.0,643480,641514,2652988,18696,372423,895806,1180101,130741,884672,760487,1875284,487187,1167153,453998,12331,468554
381145,382855,Refulgent Arrow,55936.0,643480,641514,2652988,18696,372423,895806,1180101,130741,884672,760487,1931220,487187,1167153,453998,12331,468554
382445,383245,Pitch Perfect,22548.0,643480,641514,2652988,18696,372423,895806,1180101,130741,907220,760487,1931220,487187,1167153,453998,12331,468554
381795,383445,Heartbreak Shot,17889.0,643480,641514,2652988,18696,372423,895806,1197990,130741,907220,760487,1931220,487187,1167153,453998,12331,468554
383040,383798,Shot,13470.0,643480,641514,2652988,18696,372423,895806,1197990,130741,907220,760487,1931220,487187,1180623,453998,12331,468554
383635,384305,Iron Jaws,19976.0,643480,641514,2652988,18696,372423,895806,1197990,150717,907220,760487,1931220,487187,1180623,453998,12331,468554
383635,385500,Caustic Bite (dot),3997.0,643480,641514,2652988,18696,376420,895806,1197990,150717,907220,760487,1931220,487187,1180623,453998,12331,468554
383635,385500,Stormbite (dot),4997.0,643480,641514,2652988,18696,376420,895806,1197990,150717,907220,760487,1931220,487187,1180623,453998,12331,473551
384945,385975,Empyreal Arrow,51944.0,643480,641514,2652988,18696,376420,947750,1197990,150717,907220,760487,1931220,487187,1180623,453998,12331,473551
386080,386838,Shot,12258.0,643480,641514,2652988,18696,376420,947750,1197990,150717,907220,760487,1931220,487187,1192881,453998,12331,473551
386745,387545,Pitch Perfect,29701.0,643480,641514,2652988,18696,376420,947750,1197990,150717,936921,760487,1931220,487187,1192881,453998,12331,473551
386125,387595,Refulgent Arrow,26215.0,643480,641514,2652988,18696,376420,947750,1197990,150717,936921,760487,1957435,487187,1192881,453998,12331,473551
386125,387595,Burst Shot,19396.0,643480,641514,2672384,18696,376420,947750,1197990,150717,936921,760487,1957435,487187,1192881,453998,12331,473551
383635,388500,Stormbite (dot),4997.0,643480,641514,2672384,18696,376420,947750,1197990,150717,936921,760487,1957435,487187,1192881,453998,12331,478548
383635,388500,Caustic Bite (dot),3997.0,643480,641514,2672384,18696,380417,947750,1197990,150717,936921,760487,1957435,487187,1192881,453998,12331,478548
389120,389878,Shot,9097.0,643480,641514,2672384,18696,380417,947750,1197990,150717,936921,760487,1957435,487187,1201978,453998,12331,478548
389235,390035,Pitch Perfect,16034.0,643480,641514,2672384,18696,380417,947750,1197990,150717,952955,760487,1957435,487187,1201978,453998,12331,478548
388615,390085,Refulgent Arrow,9531.0,643480,641514,2672384,18696,380417,947750,1197990,150717,952955,760487,1966966,487187,1201978,453998,12331,478548
388615,390085,Burst Shot,22192.0,643480,641514,2694576,18696,380417,947750,1197990,150717,952955,760487,1966966,487187,1201978,453998,12331,478548
389235,390885,Heartbreak Shot,8089.0,643480,641514,2694576,18696,380417,947750,1206079,150717,952955,760487,1966966,487187,1201978,453998,12331,478548
383635,391500,Stormbite (dot),4997.0,643480,641514,2694576,18696,380417,947750,1206079,150717,952955,760487,1966966,487187,1201978,453998,12331,483545
383635,391500,Caustic Bite (dot),3997.0,643480,641514,2694576,18696,384414,947750,1206079,150717,952955,760487,1966966,487187,1201978,453998,12331,483545
389885,391535,Heartbreak Shot,4113.0,643480,641514,2694576,18696,384414,947750,1210192,150717,952955,760487,1966966,487187,1201978,453998,12331,483545
391756,392556,Pitch Perfect,5639.0,643480,641514,2694576,18696,384414,947750,1210192,150717,958594,760487,1966966,487187,1201978,453998,12331,483545
391106,392576,Refulgent Arrow,9440.0,643480,641514,2694576,18696,384414,947750,1210192,150717,958594,760487,1976406,487187,1201978,453998,12331,483545
391106,392576,Burst Shot,22263.0,643480,641514,2716839,18696,384414,947750,1210192,150717,958594,760487,1976406,487187,1201978,453998,12331,483545
392160,392918,Shot,9097.0,643480,641514,2716839,18696,384414,947750,1210192,150717,958594,760487,1976406,487187,1211075,453998,12331,483545
383635,394500,Caustic Bite (dot),3997.0,643480,641514,2716839,18696,388411,947750,1210192,150717,958594,760487,1976406,487187,1211075,453998,12331,483545
383635,394500,Stormbite (dot),4997.0,643480,641514,2716839,18696,388411,947750,1210192,150717,958594,760487,1976406,487187,1211075,453998,12331,488542
394246,395046,Pitch Perfect,13418.0,643480,641514,2716839,18696,388411,947750,1210192,150717,972012,760487,1976406,487187,1211075,453998,12331,488542
393596,395066,Refulgent Arrow,9224.0,643480,641514,2716839,18696,388411,947750,1210192,150717,972012,760487,1985630,487187,1211075,453998,12331,488542
393596,395066,Burst Shot,20175.0,643480,641514,2737014,18696,388411,947750,1210192,150717,972012,760487,1985630,487187,1211075,453998,12331,488542
395200,395958,Shot,8405.0,643480,641514,2737014,18696,388411,947750,1210192,150717,972012,760487,1985630,487187,1219480,453998,12331,488542
383635,397500,Stormbite (dot),4997.0,643480,641514,2737014,18696,388411,947750,1210192,150717,972012,760487,1985630,487187,1219480,453998,12331,493539
383635,397500,Caustic Bite (dot),3997.0,643480,641514,2737014,18696,392408,947750,1210192,150717,972012,760487,1985630,487187,1219480,453998,12331,493539
396086,397556,Refulgent Arrow,9057.0,643480,641514,2737014,18696,392408,947750,1210192,150717,972012,760487,1994687,487187,1219480,453998,12331,493539
396086,397556,Burst Shot,20307.0,643480,641514,2757321,18696,392408,947750,1210192,150717,972012,760487,1994687,487187,1219480,453998,12331,493539
397386,398186,Pitch Perfect,14818.0,643480,641514,2757321,18696,392408,947750,1210192,150717,986830,760487,1994687,487187,1219480,453998,12331,493539
396736,398386,Heartbreak Shot,11160.0,643480,641514,2757321,18696,392408,947750,1221352,150717,986830,760487,1994687,487187,1219480,453998,12331,493539
398240,398998,Shot,8405.0,643480,641514,2757321,18696,392408,947750,1221352,150717,986830,760487,1994687,487187,1227885,453998,12331,493539
398576,400046,Refulgent Arrow,9137.0,643480,641514,2757321,18696,392408,947750,1221352,150717,986830,760487,2003824,487187,1227885,453998,12331,493539
398576,400046,Burst Shot,20244.0,643480,641514,2777565,18696,392408,947750,1221352,150717,986830,760487,2003824,487187,1227885,453998,12331,493539
383635,400500,Caustic Bite (dot),3997.0,643480,641514,2777565,18696,396405,947750,1221352,150717,986830,760487,2003824,487187,1227885,453998,12331,493539
383635,400500,Stormbite (dot),4997.0,643480,641514,2777565,18696,396405,947750,1221352,150717,986830,760487,2003824,487187,1227885,453998,12331,498536
401280,402038,Shot,8405.0,643480,641514,2777565,18696,396405,947750,1221352,150717,986830,760487,2003824,487187,1236290,453998,12331,498536
401686,402486,Pitch Perfect,10245.0,643480,641514,2777565,18696,396405,947750,1221352,150717,997075,760487,2003824,487187,1236290,453998,12331,498536
401066,402536,Burst Shot,20134.0,643480,641514,2797699,18696,396405,947750,1221352,150717,997075,760487,2003824,487187,1236290,453998,12331,498536
401066,402536,Refulgent Arrow,9277.0,643480,641514,2797699,18696,396405,947750,1221352,150717,997075,760487,2013101,487187,1236290,453998,12331,498536
402306,403336,Empyreal Arrow,32412.0,643480,641514,2797699,18696,396405,980162,1221352,150717,997075,760487,2013101,487187,1236290,453998,12331,498536
383635,403500,Caustic Bite (dot),3997.0,643480,641514,2797699,18696,400402,980162,1221352,150717,997075,760487,2013101,487187,1236290,453998,12331,498536
383635,403500,Stormbite (dot),4997.0,643480,641514,2797699,18696,400402,980162,1221352,150717,997075,760487,2013101,487187,1236290,453998,12331,503533
404176,404976,Pitch Perfect,27671.0,643480,641514,2797699,18696,400402,980162,1221352,150717,1024746,760487,2013101,487187,1236290,453998,12331,503533
403556,405026,Refulgent Arrow,8816.0,643480,641514,2797699,18696,400402,980162,1221352,150717,1024746,760487,2021917,487187,1236290,453998,12331,503533
403556,405026,Burst Shot,20496.0,643480,641514,2818195,18696,400402,980162,1221352,150717,1024746,760487,2021917,487187,1236290,453998,12331,503533
404320,405078,Shot,8405.0,643480,641514,2818195,18696,400402,980162,1221352,150717,1024746,760487,2021917,487187,1244695,453998,12331,503533
404826,405626,Pitch Perfect,765.0,643480,641514,2818195,18696,400402,980162,1221352,150717,1025511,760487,2021917,487187,1244695,453998,12331,503533
404826,405626,Pitch Perfect,8830.0,643480,641514,2818195,18696,400402,980162,1221352,150717,1034341,760487,2021917,487187,1244695,453998,12331,503533
404176,405826,Heartbreak Shot,4275.0,643480,641514,2818195,18696,400402,980162,1225627,150717,1034341,760487,2021917,487187,1244695,453998,12331,503533
404826,406476,Heartbreak Shot,6997.0,643480,641514,2818195,18696,400402,980162,1232624,150717,1034341,760487,2021917,487187,1244695,453998,12331,503533
383635,406500,Caustic Bite (dot),3997.0,643480,641514,2818195,18696,404399,980162,1232624,150717,1034341,760487,2021917,487187,1244695,453998,12331,503533
383635,406500,Stormbite (dot),4997.0,643480,641514,2818195,18696,404399,980162,1232624,150717,1034341,760487,2021917,487187,1244695,453998,12331,508530
406046,407516,Refulgent Arrow,9197.0,643480,641514,2818195,18696,404399,980162,1232624,150717,1034341,760487,2031114,487187,1244695,453998,12331,508530
406046,407516,Burst Shot,20178.0,643480,641514,2838373,18696,404399,980162,1232624,150717,1034341,760487,2031114,487187,1244695,453998,12331,508530
407360,408118,Shot,8399.0,643480,641514,2838373,18696,404399,980162,1232624,150717,1034341,760487,2031114,487187,1253094,453998,12331,508530
383635,409500,Stormbite (dot),4997.0,643480,641514,2838373,18696,404399,980162,1232624,150717,1034341,760487,2031114,487187,1253094,453998,12331,513527
383635,409500,Caustic Bite (dot),3997.0,643480,641514,2838373,18696,408396,980162,1232624,150717,1034341,760487,2031114,487187,1253094,453998,12331,513527
408536,410006,Burst Shot,20356.0,643480,641514,2858729,18696,408396,980162,1232624,150717,1034341,760487,2031114,487187,1253094,453998,12331,513527
408536,410006,Refulgent Arrow,8970.0,643480,641514,2858729,18696,408396,980162,1232624,150717,1034341,760487,2040084,487187,1253094,453998,12331,513527
409186,410836,Heartbreak Shot,8879.0,643480,641514,2858729,18696,408396,980162,1241503,150717,1034341,760487,2040084,487187,1253094,453998,12331,513527
410400,411158,Shot,8399.0,643480,641514,2858729,18696,408396,980162,1241503,150717,1034341,760487,2040084,487187,1261493,453998,12331,513527
411026,412496,Burst Shot,20381.0,643480,641514,2879110,18696,408396,980162,1241503,150717,1034341,760487,2040084,487187,1261493,453998,12331,513527
411026,412496,Refulgent Arrow,8939.0,643480,641514,2879110,18696,408396,980162,1241503,150717,1034341,760487,2049023,487187,1261493,453998,12331,513527
383635,412500,Stormbite (dot),4997.0,643480,641514,2879110,18696,408396,980162,1241503,150717,1034341,760487,2049023,487187,1261493,453998,12331,518524
383635,412500,Caustic Bite (dot),3997.0,643480,641514,2879110,18696,412393,980162,1241503,150717,1034341,760487,2049023,487187,1261493,453998,12331,518524
411646,413296,Heartbreak Shot,20080.0,643480,641514,2879110,18696,412393,980162,1261583,150717,1034341,760487,2049023,487187,1261493,453998,12331,518524
413440,414198,Shot,8399.0,643480,641514,2879110,18696,412393,980162,1261583,150717,1034341,760487,2049023,487187,1269892,453998,12331,518524
413516,414986,Refulgent Arrow,8995.0,643480,641514,2879110,18696,412393,980162,1261583,150717,1034341,760487,2058018,487187,1269892,453998,12331,518524
413516,414986,Burst Shot,20337.0,643480,641514,2899447,18696,412393,980162,1261583,150717,1034341,760487,2058018,487187,1269892,453998,12331,518524
383635,415500,Caustic Bite (dot),3997.0,643480,641514,2899447,18696,416390,980162,1261583,150717,1034341,760487,2058018,487187,1269892,453998,12331,518524
383635,415500,Stormbite (dot),4997.0,643480,641514,2899447,18696,416390,980162,1261583,150717,1034341,760487,2058018,487187,1269892,453998,12331,523521
414136,415786,Heartbreak Shot,8897.0,643480,641514,2899447,18696,416390,980162,1270480,150717,1034341,760487,2058018,487187,1269892,453998,12331,523521
416480,417238,Shot,8399.0,643480,641514,2899447,18696,416390,980162,1270480,150717,1034341,760487,2058018,487187,1278291,453998,12331,523521
416006,417476,Refulgent Arrow,8949.0,643480,641514,2899447,18696,416390,980162,1270480,150717,1034341,760487,2066967,487187,1278291,453998,12331,523521
416006,417476,Burst Shot,20373.0,643480,641514,2919820,18696,416390,980162,1270480,150717,1034341,760487,2066967,487187,1278291,453998,12331,523521
417306,418336,Empyreal Arrow,32390.0,643480,641514,2919820,18696,416390,1012552,1270480,150717,1034341,760487,2066967,487187,1278291,453998,12331,523521
383635,418500,Caustic Bite (dot),3997.0,643480,641514,2919820,18696,420387,1012552,1270480,150717,1034341,760487,2066967,487187,1278291,453998,12331,523521
383635,418500,Stormbite (dot),4997.0,643480,641514,2919820,18696,420387,1012552,1270480,150717,1034341,760487,2066967,487187,1278291,453998,12331,528518
418496,419966,Refulgent Arrow,9079.0,643480,641514,2919820,18696,420387,1012552,1270480,150717,1034341,760487,2076046,487187,1278291,453998,12331,528518
418496,419966,Burst Shot,20271.0,643480,641514,2940091,18696,420387,1012552,1270480,150717,1034341,760487,2076046,487187,1278291,453998,12331,528518
419520,420278,Shot,8399.0,643480,641514,2940091,18696,420387,1012552,1270480,150717,1034341,760487,2076046,487187,1286690,453998,12331,528518
419116,420766,Heartbreak Shot,22418.0,643480,641514,2940091,18696,420387,1012552,1292898,150717,1034341,760487,2076046,487187,1286690,453998,12331,528518
419766,421416,Heartbreak Shot,9023.0,643480,641514,2940091,18696,420387,1012552,1301921,150717,1034341,760487,2076046,487187,1286690,453998,12331,528518
383635,421500,Stormbite (dot),4997.0,643480,641514,2940091,18696,420387,1012552,1301921,150717,1034341,760487,2076046,487187,1286690,453998,12331,533515
383635,421500,Caustic Bite (dot),3997.0,643480,641514,2940091,18696,424384,1012552,1301921,150717,1034341,760487,2076046,487187,1286690,453998,12331,533515
420986,422456,Burst Shot,20397.0,643480,641514,2960488,18696,424384,1012552,1301921,150717,1034341,760487,2076046,487187,1286690,453998,12331,533515
420986,422456,Refulgent Arrow,8918.0,643480,641514,2960488,18696,424384,1012552,1301921,150717,1034341,760487,2084964,487187,1286690,453998,12331,533515
421606,423256,Heartbreak Shot,8913.0,643480,641514,2960488,18696,424384,1012552,1310834,150717,1034341,760487,2084964,487187,1286690,453998,12331,533515
422560,423318,Shot,8399.0,643480,641514,2960488,18696,424384,1012552,1310834,150717,1034341,760487,2084964,487187,1295089,453998,12331,533515
383635,424500,Stormbite (dot),4997.0,643480,641514,2960488,18696,424384,1012552,1310834,150717,1034341,760487,2084964,487187,1295089,453998,12331,538512
383635,424500,Caustic Bite (dot),3997.0,643480,641514,2960488,18696,428381,1012552,1310834,150717,1034341,760487,2084964,487187,1295089,453998,12331,538512
423476,424946,Burst Shot,20458.0,643480,641514,2980946,18696,428381,1012552,1310834,150717,1034341,760487,2084964,487187,1295089,453998,12331,538512
423476,424946,Refulgent Arrow,8841.0,643480,641514,2980946,18696,428381,1012552,1310834,150717,1034341,760487,2093805,487187,1295089,453998,12331,538512
424096,425746,Heartbreak Shot,9050.0,643480,641514,2980946,18696,428381,1012552,1319884,150717,1034341,760487,2093805,487187,1295089,453998,12331,538512
425600,426358,Shot,8399.0,643480,641514,2980946,18696,428381,1012552,1319884,150717,1034341,760487,2093805,487187,1303488,453998,12331,538512
425966,427436,Burst Shot,20153.0,643480,641514,3001099,18696,428381,1012552,1319884,150717,1034341,760487,2093805,487187,1303488,453998,12331,538512
425966,427436,Refulgent Arrow,9228.0,643480,641514,3001099,18696,428381,1012552,1319884,150717,1034341,760487,2103033,487187,1303488,453998,12331,538512
383635,427500,Stormbite (dot),4997.0,643480,641514,3001099,18696,428381,1012552,1319884,150717,1034341,760487,2103033,487187,1303488,453998,12331,543509
383635,427500,Caustic Bite (dot),3997.0,643480,641514,3001099,18696,432378,1012552,1319884,150717,1034341,760487,2103033,487187,1303488,453998,12331,543509
426616,428266,Heartbreak Shot,20223.0,643480,641514,3001099,18696,432378,1012552,1340107,150717,1034341,760487,2103033,487187,1303488,453998,12331,543509
428456,429126,Iron Jaws,12454.0,643480,641514,3001099,18696,432378,1012552,1340107,163171,1034341,760487,2103033,487187,1303488,453998,12331,543509
428640,429398,Shot,8399.0,643480,641514,3001099,18696,432378,1012552,1340107,163171,1034341,760487,2103033,487187,1311887,453998,12331,543509
428456,430500,Stormbite (dot),3115.0,643480,641514,3001099,18696,432378,1012552,1340107,163171,1034341,760487,2103033,487187,1311887,453998,12331,546624
428456,430500,Caustic Bite (dot),2491.0,643480,641514,3001099,18696,434869,1012552,1340107,163171,1034341,760487,2103033,487187,1311887,453998,12331,546624
429076,430726,Heartbreak Shot,8821.0,643480,641514,3001099,18696,434869,1012552,1348928,163171,1034341,760487,2103033,487187,1311887,453998,12331,546624
430946,432416,Refulgent Arrow,18004.0,643480,641514,3001099,18696,434869,1012552,1348928,163171,1034341,760487,2121037,487187,1311887,453998,12331,546624
430946,432416,Burst Shot,13258.0,643480,641514,3014357,18696,434869,1012552,1348928,163171,1034341,760487,2121037,487187,1311887,453998,12331,546624
431680,432438,Shot,8399.0,643480,641514,3014357,18696,434869,1012552,1348928,163171,1034341,760487,2121037,487187,1320286,453998,12331,546624
432423,432953,Sidewinder,49833.0,643480,641514,3014357,18696,434869,1012552,1348928,163171,1034341,760487,2121037,487187,1320286,503831,12331,546624
428456,433500,Caustic Bite (dot),2491.0,643480,641514,3014357,18696,437360,1012552,1348928,163171,1034341,760487,2121037,487187,1320286,503831,12331,546624
428456,433500,Stormbite (dot),3115.0,643480,641514,3014357,18696,437360,1012552,1348928,163171,1034341,760487,2121037,487187,1320286,503831,12331,549739
433436,434506,Apex Arrow,15.0,643495,641514,3014357,18696,437360,1012552,1348928,163171,1034341,760487,2121037,487187,1320286,503831,12331,549739
433436,434506,Apex Arrow,56.0,643551,641514,3014357,18696,437360,1012552,1348928,163171,1034341,760487,2121037,487187,1320286,503831,12331,549739
433436,434506,Apex Arrow,189.0,643740,641514,3014357,18696,437360,1012552,1348928,163171,1034341,760487,2121037,487187,1320286,503831,12331,549739
433436,434506,Apex Arrow,425.0,644165,641514,3014357,18696,437360,1012552,1348928,163171,1034341,760487,2121037,487187,1320286,503831,12331,549739
433436,434506,Apex Arrow,1297.0,645462,641514,3014357,18696,437360,1012552,1348928,163171,1034341,760487,2121037,487187,1320286,503831,12331,549739
433436,434506,Apex Arrow,4646.0,650108,641514,3014357,18696,437360,1012552,1348928,163171,1034341,760487,2121037,487187,1320286,503831,12331,549739
433436,434506,Apex Arrow,69062.0,719170,641514,3014357,18696,437360,1012552,1348928,163171,1034341,760487,2121037,487187,1320286,503831,12331,549739
433436,434506,Apex Arrow,2661.0,721831,641514,3014357,18696,437360,1012552,1348928,163171,1034341,760487,2121037,487187,1320286,503831,12331,549739
433436,434506,Apex Arrow,6917.0,728748,641514,3014357,18696,437360,1012552,1348928,163171,1034341,760487,2121037,487187,1320286,503831,12331,549739
434056,435086,Empyreal Arrow,32390.0,728748,641514,3014357,18696,437360,1044942,1348928,163171,1034341,760487,2121037,487187,1320286,503831,12331,549739
434720,435478,Shot,8399.0,728748,641514,3014357,18696,437360,1044942,1348928,163171,1034341,760487,2121037,487187,1328685,503831,12331,549739
434676,436326,Heartbreak Shot,22418.0,728748,641514,3014357,18696,437360,1044942,1371346,163171,1034341,760487,2121037,487187,1328685,503831,12331,549739
428456,436500,Stormbite (dot),3115.0,728748,641514,3014357,18696,437360,1044942,1371346,163171,1034341,760487,2121037,487187,1328685,503831,12331,552854
428456,436500,Caustic Bite (dot),2491.0,728748,641514,3014357,18696,439851,1044942,1371346,163171,1034341,760487,2121037,487187,1328685,503831,12331,552854
435926,437396,Refulgent Arrow,118.0,728748,641514,3014357,18696,439851,1044942,1371346,163171,1034341,760487,2121155,487187,1328685,503831,12331,552854
435926,437396,Burst Shot,205.0,728748,641514,3014562,18696,439851,1044942,1371346,163171,1034341,760487,2121155,487187,1328685,503831,12331,552854
435926,437576,Blast Arrow,86260.0,728748,727774,3014562,18696,439851,1044942,1371346,163171,1034341,760487,2121155,487187,1328685,503831,12331,552854
436576,438226,Heartbreak Shot,17928.0,728748,727774,3014562,18696,439851,1044942,1389274,163171,1034341,760487,2121155,487187,1328685,503831,12331,552854
437760,438518,Shot,8399.0,728748,727774,3014562,18696,439851,1044942,1389274,163171,1034341,760487,2121155,487187,1337084,503831,12331,552854
428456,439500,Stormbite (dot),3115.0,728748,727774,3014562,18696,439851,1044942,1389274,163171,1034341,760487,2121155,487187,1337084,503831,12331,555969
428456,439500,Caustic Bite (dot),2491.0,728748,727774,3014562,18696,442342,1044942,1389274,163171,1034341,760487,2121155,487187,1337084,503831,12331,555969
438416,439886,Burst Shot,20422.0,728748,727774,3034984,18696,442342,1044942,1389274,163171,1034341,760487,2121155,487187,1337084,503831,12331,555969
438416,439886,Refulgent Arrow,8887.0,728748,727774,3034984,18696,442342,1044942,1389274,163171,1034341,760487,2130042,487187,1337084,503831,12331,555969
439036,440686,Heartbreak Shot,9036.0,728748,727774,3034984,18696,442342,1044942,1398310,163171,1034341,760487,2130042,487187,1337084,503831,12331,555969
440800,441558,Shot,8399.0,728748,727774,3034984,18696,442342,1044942,1398310,163171,1034341,760487,2130042,487187,1345483,503831,12331,555969
440906,442376,Refulgent Arrow,9124.0,728748,727774,3034984,18696,442342,1044942,1398310,163171,1034341,760487,2139166,487187,1345483,503831,12331,555969
440906,442376,Burst Shot,20236.0,728748,727774,3055220,18696,442342,1044942,1398310,163171,1034341,760487,2139166,487187,1345483,503831,12331,555969
428456,442500,Caustic Bite (dot),2491.0,728748,727774,3055220,18696,444833,1044942,1398310,163171,1034341,760487,2139166,487187,1345483,503831,12331,555969
428456,442500,Stormbite (dot),3115.0,728748,727774,3055220,18696,444833,1044942,1398310,163171,1034341,760487,2139166,487187,1345483,503831,12331,559084
441556,443206,Heartbreak Shot,20192.0,728748,727774,3055220,18696,444833,1044942,1418502,163171,1034341,760487,2139166,487187,1345483,503831,12331,559084
443840,444598,Shot,8374.0,728748,727774,3055220,18696,444833,1044942,1418502,163171,1034341,760487,2139166,487187,1353857,503831,12331,559084
443397,444867,Burst Shot,20448.0,728748,727774,3075668,18696,444833,1044942,1418502,163171,1034341,760487,2139166,487187,1353857,503831,12331,559084
443397,444867,Refulgent Arrow,8749.0,728748,727774,3075668,18696,444833,1044942,1418502,163171,1034341,760487,2147915,487187,1353857,503831,12331,559084
428456,445500,Stormbite (dot),3115.0,728748,727774,3075668,18696,444833,1044942,1418502,163171,1034341,760487,2147915,487187,1353857,503831,12331,562199
428456,445500,Caustic Bite (dot),2491.0,728748,727774,3075668,18696,447324,1044942,1418502,163171,1034341,760487,2147915,487187,1353857,503831,12331,562199
445887,447357,Burst Shot,20205.0,728748,727774,3095873,18696,447324,1044942,1418502,163171,1034341,760487,2147915,487187,1353857,503831,12331,562199
445887,447357,Refulgent Arrow,9058.0,728748,727774,3095873,18696,447324,1044942,1418502,163171,1034341,760487,2156973,487187,1353857,503831,12331,562199
446880,447638,Shot,8374.0,728748,727774,3095873,18696,447324,1044942,1418502,163171,1034341,760487,2156973,487187,1362231,503831,12331,562199
428456,448500,Caustic Bite (dot),2491.0,728748,727774,3095873,18696,449815,1044942,1418502,163171,1034341,760487,2156973,487187,1362231,503831,12331,562199
428456,448500,Stormbite (dot),3115.0,728748,727774,3095873,18696,449815,1044942,1418502,163171,1034341,760487,2156973,487187,1362231,503831,12331,565314
448277,449747,Refulgent Arrow,8902.0,728748,727774,3095873,18696,449815,1044942,1418502,163171,1034341,760487,2165875,487187,1362231,503831,12331,565314
448277,449747,Burst Shot,20328.0,728748,727774,3116201,18696,449815,1044942,1418502,163171,1034341,760487,2165875,487187,1362231,503831,12331,565314
449056,450086,Empyreal Arrow,32293.0,728748,727774,3116201,18696,449815,1077235,1418502,163171,1034341,760487,2165875,487187,1362231,503831,12331,565314
449920,450678,Shot,8374.0,728748,727774,3116201,18696,449815,1077235,1418502,163171,1034341,760487,2165875,487187,1370605,503831,12331,565314
449706,451356,Heartbreak Shot,11216.0,728748,727774,3116201,18696,449815,1077235,1429718,163171,1034341,760487,2165875,487187,1370605,503831,12331,565314
428456,451500,Caustic Bite (dot),2491.0,728748,727774,3116201,18696,452306,1077235,1429718,163171,1034341,760487,2165875,487187,1370605,503831,12331,565314
428456,451500,Stormbite (dot),3115.0,728748,727774,3116201,18696,452306,1077235,1429718,163171,1034341,760487,2165875,487187,1370605,503831,12331,568429
450667,452137,Refulgent Arrow,9017.0,728748,727774,3116201,18696,452306,1077235,1429718,163171,1034341,760487,2174892,487187,1370605,503831,12331,568429
450667,452137,Burst Shot,20238.0,728748,727774,3136439,18696,452306,1077235,1429718,163171,1034341,760487,2174892,487187,1370605,503831,12331,568429
452960,453718,Shot,8374.0,728748,727774,3136439,18696,452306,1077235,1429718,163171,1034341,760487,2174892,487187,1378979,503831,12331,568429
452857,454327,Refulgent Arrow,9100.0,728748,727774,3136439,18696,452306,1077235,1429718,163171,1034341,760487,2183992,487187,1378979,503831,12331,568429
452857,454327,Burst Shot,20172.0,728748,727774,3156611,18696,452306,1077235,1429718,163171,1034341,760487,2183992,487187,1378979,503831,12331,568429
428456,454500,Caustic Bite (dot),2491.0,728748,727774,3156611,18696,454797,1077235,1429718,163171,1034341,760487,2183992,487187,1378979,503831,12331,568429
428456,454500,Stormbite (dot),3115.0,728748,727774,3156611,18696,454797,1077235,1429718,163171,1034341,760487,2183992,487187,1378979,503831,12331,571544
455047,456517,Refulgent Arrow,8902.0,728748,727774,3156611,18696,454797,1077235,1429718,163171,1034341,760487,2192894,487187,1378979,503831,12331,571544
455047,456517,Burst Shot,20328.0,728748,727774,3176939,18696,454797,1077235,1429718,163171,1034341,760487,2192894,487187,1378979,503831,12331,571544
456000,456758,Shot,8374.0,728748,727774,3176939,18696,454797,1077235,1429718,163171,1034341,760487,2192894,487187,1387353,503831,12331,571544
428456,457500,Caustic Bite (dot),2491.0,728748,727774,3176939,18696,457288,1077235,1429718,163171,1034341,760487,2192894,487187,1387353,503831,12331,571544
428456,457500,Stormbite (dot),3115.0,728748,727774,3176939,18696,457288,1077235,1429718,163171,1034341,760487,2192894,487187,1387353,503831,12331,574659
456347,457997,Heartbreak Shot,11135.0,728748,727774,3176939,18696,457288,1077235,1440853,163171,1034341,760487,2192894,487187,1387353,503831,12331,574659
457137,458607,Refulgent Arrow,9309.0,728748,727774,3176939,18696,457288,1077235,1440853,163171,1034341,760487,2202203,487187,1387353,503831,12331,574659
457137,458607,Burst Shot,20009.0,728748,727774,3196948,18696,457288,1077235,1440853,163171,1034341,760487,2202203,487187,1387353,503831,12331,574659
459040,459798,Shot,8374.0,728748,727774,3196948,18696,457288,1077235,1440853,163171,1034341,760487,2202203,487187,1395727,503831,12331,574659
428456,460500,Caustic Bite (dot),2491.0,728748,727774,3196948,18696,459779,1077235,1440853,163171,1034341,760487,2202203,487187,1395727,503831,12331,574659
428456,460500,Stormbite (dot),3115.0,728748,727774,3196948,18696,459779,1077235,1440853,163171,1034341,760487,2202203,487187,1395727,503831,12331,577774
459227,460697,Burst Shot,20331.0,728748,727774,3217279,18696,459779,1077235,1440853,163171,1034341,760487,2202203,487187,1395727,503831,12331,577774
459227,460697,Refulgent Arrow,8898.0,728748,727774,3217279,18696,459779,1077235,1440853,163171,1034341,760487,2211101,487187,1395727,503831,12331,577774
461317,462787,Burst Shot,20350.0,728748,727774,3237629,18696,459779,1077235,1440853,163171,1034341,760487,2211101,487187,1395727,503831,12331,577774
461317,462787,Refulgent Arrow,8874.0,728748,727774,3237629,18696,459779,1077235,1440853,163171,1034341,760487,2219975,487187,1395727,503831,12331,577774
462080,462838,Shot,8374.0,728748,727774,3237629,18696,459779,1077235,1440853,163171,1034341,760487,2219975,487187,1404101,503831,12331,577774
428456,463500,Stormbite (dot),3115.0,728748,727774,3237629,18696,459779,1077235,1440853,163171,1034341,760487,2219975,487187,1404101,503831,12331,580889
428456,463500,Caustic Bite (dot),2491.0,728748,727774,3237629,18696,462270,1077235,1440853,163171,1034341,760487,2219975,487187,1404101,503831,12331,580889
463407,464877,Burst Shot,20213.0,728748,727774,3257842,18696,462270,1077235,1440853,163171,1034341,760487,2219975,487187,1404101,503831,12331,580889
463407,464877,Refulgent Arrow,9048.0,728748,727774,3257842,18696,462270,1077235,1440853,163171,1034341,760487,2229023,487187,1404101,503831,12331,580889
464056,465086,Empyreal Arrow,32293.0,728748,727774,3257842,18696,462270,1109528,1440853,163171,1034341,760487,2229023,487187,1404101,503831,12331,580889
465120,465878,Shot,8374.0,728748,727774,3257842,18696,462270,1109528,1440853,163171,1034341,760487,2229023,487187,1412475,503831,12331,580889
465497,466167,Iron Jaws,12417.0,728748,727774,3257842,18696,462270,1109528,1440853,175588,1034341,760487,2229023,487187,1412475,503831,12331,580889
465497,466500,Caustic Bite (dot),2484.0,728748,727774,3257842,18696,464754,1109528,1440853,175588,1034341,760487,2229023,487187,1412475,503831,12331,580889
465497,466500,Stormbite (dot),3106.0,728748,727774,3257842,18696,464754,1109528,1440853,175588,1034341,760487,2229023,487187,1412475,503831,12331,583995
468160,468918,Shot,8374.0,728748,727774,3257842,18696,464754,1109528,1440853,175588,1034341,760487,2229023,487187,1420849,503831,12331,583995
467587,469057,Refulgent Arrow,17919.0,728748,727774,3257842,18696,464754,1109528,1440853,175588,1034341,760487,2246942,487187,1420849,503831,12331,583995
467587,469057,Burst Shot,13243.0,728748,727774,3271085,18696,464754,1109528,1440853,175588,1034341,760487,2246942,487187,1420849,503831,12331,583995
465497,469500,Caustic Bite (dot),2484.0,728748,727774,3271085,18696,467238,1109528,1440853,175588,1034341,760487,2246942,487187,1420849,503831,12331,583995
465497,469500,Stormbite (dot),3106.0,728748,727774,3271085,18696,467238,1109528,1440853,175588,1034341,760487,2246942,487187,1420849,503831,12331,587101
469677,471147,Burst Shot,20101.0,728748,727774,3291186,18696,467238,1109528,1440853,175588,1034341,760487,2246942,487187,1420849,503831,12331,587101
469677,471147,Refulgent Arrow,9190.0,728748,727774,3291186,18696,467238,1109528,1440853,175588,1034341,760487,2256132,487187,1420849,503831,12331,587101
471200,471958,Shot,8374.0,728748,727774,3291186,18696,467238,1109528,1440853,175588,1034341,760487,2256132,487187,1429223,503831,12331,587101
465497,472500,Caustic Bite (dot),2484.0,728748,727774,3291186,18696,469722,1109528,1440853,175588,1034341,760487,2256132,487187,1429223,503831,12331,587101
465497,472500,Stormbite (dot),3106.0,728748,727774,3291186,18696,469722,1109528,1440853,175588,1034341,760487,2256132,487187,1429223,503831,12331,590207
471767,473237,Burst Shot,20263.0,728748,727774,3311449,18696,469722,1109528,1440853,175588,1034341,760487,2256132,487187,1429223,503831,12331,590207
471767,473237,Refulgent Arrow,8985.0,728748,727774,3311449,18696,469722,1109528,1440853,175588,1034341,760487,2265117,487187,1429223,503831,12331,590207
474240,474998,Shot,8374.0,728748,727774,3311449,18696,469722,1109528,1440853,175588,1034341,760487,2265117,487187,1437597,503831,12331,590207
473857,475327,Burst Shot,20413.0,728748,727774,3331862,18696,469722,1109528,1440853,175588,1034341,760487,2265117,487187,1437597,503831,12331,590207
473857,475327,Refulgent Arrow,8794.0,728748,727774,3331862,18696,469722,1109528,1440853,175588,1034341,760487,2273911,487187,1437597,503831,12331,590207
465497,475500,Caustic Bite (dot),2484.0,728748,727774,3331862,18696,472206,1109528,1440853,175588,1034341,760487,2273911,487187,1437597,503831,12331,590207
465497,475500,Stormbite (dot),3106.0,728748,727774,3331862,18696,472206,1109528,1440853,175588,1034341,760487,2273911,487187,1437597,503831,12331,593313
475947,477417,Refulgent Arrow,9104.0,728748,727774,3331862,18696,472206,1109528,1440853,175588,1034341,760487,2283015,487187,1437597,503831,12331,593313
475947,477417,Burst Shot,20170.0,728748,727774,3352032,18696,472206,1109528,1440853,175588,1034341,760487,2283015,487187,1437597,503831,12331,593313
477280,478038,Shot,8374.0,728748,727774,3352032,18696,472206,1109528,1440853,175588,1034341,760487,2283015,487187,1445971,503831,12331,593313
465497,478500,Stormbite (dot),3106.0,728748,727774,3352032,18696,472206,1109528,1440853,175588,1034341,760487,2283015,487187,1445971,503831,12331,596419
465497,478500,Caustic Bite (dot),2484.0,728748,727774,3352032,18696,474690,1109528,1440853,175588,1034341,760487,2283015,487187,1445971,503831,12331,596419
478037,479507,Burst Shot,20364.0,728748,727774,3372396,18696,474690,1109528,1440853,175588,1034341,760487,2283015,487187,1445971,503831,12331,596419
478037,479507,Refulgent Arrow,8857.0,728748,727774,3372396,18696,474690,1109528,1440853,175588,1034341,760487,2291872,487187,1445971,503831,12331,596419
479056,480086,Empyreal Arrow,32293.0,728748,727774,3372396,18696,474690,1141821,1440853,175588,1034341,760487,2291872,487187,1445971,503831,12331,596419
480320,481078,Shot,8374.0,728748,727774,3372396,18696,474690,1141821,1440853,175588,1034341,760487,2291872,487187,1454345,503831,12331,596419
465497,481500,Caustic Bite (dot),2484.0,728748,727774,3372396,18696,477174,1141821,1440853,175588,1034341,760487,2291872,487187,1454345,503831,12331,596419
465497,481500,Stormbite (dot),3106.0,728748,727774,3372396,18696,477174,1141821,1440853,175588,1034341,760487,2291872,487187,1454345,503831,12331,599525
480127,481597,Refulgent Arrow,9072.0,728748,727774,3372396,18696,477174,1141821,1440853,175588,1034341,760487,2300944,487187,1454345,503831,12331,599525
480127,481597,Burst Shot,20194.0,728748,727774,3392590,18696,477174,1141821,1440853,175588,1034341,760487,2300944,487187,1454345,503831,12331,599525
482217,483687,Refulgent Arrow,8997.0,728748,727774,3392590,18696,477174,1141821,1440853,175588,1034341,760487,2309941,487187,1454345,503831,12331,599525
482217,483687,Burst Shot,20354.0,728748,727774,3412944,18696,477174,1141821,1440853,175588,1034341,760487,2309941,487187,1454345,503831,12331,599525
483360,484118,Shot,8405.0,728748,727774,3412944,18696,477174,1141821,1440853,175588,1034341,760487,2309941,487187,1462750,503831,12331,599525
465497,484500,Stormbite (dot),3106.0,728748,727774,3412944,18696,477174,1141821,1440853,175588,1034341,760487,2309941,487187,1462750,503831,12331,602631
465497,484500,Caustic Bite (dot),2484.0,728748,727774,3412944,18696,479658,1141821,1440853,175588,1034341,760487,2309941,487187,1462750,503831,12331,602631
484407,485877,Burst Shot,20452.0,728748,727774,3433396,18696,479658,1141821,1440853,175588,1034341,760487,2309941,487187,1462750,503831,12331,602631
484407,485877,Refulgent Arrow,8872.0,728748,727774,3433396,18696,479658,1141821,1440853,175588,1034341,760487,2318813,487187,1462750,503831,12331,602631
486400,487158,Shot,10209.0,728748,727774,3433396,18696,479658,1141821,1440853,175588,1034341,760487,2318813,487187,1472959,503831,12331,602631
465497,487500,Caustic Bite (dot),2484.0,728748,727774,3433396,18696,482142,1141821,1440853,175588,1034341,760487,2318813,487187,1472959,503831,12331,602631
465497,487500,Stormbite (dot),3106.0,728748,727774,3433396,18696,482142,1141821,1440853,175588,1034341,760487,2318813,487187,1472959,503831,12331,605737
486597,488067,Refulgent Arrow,11796.0,728748,727774,3433396,18696,482142,1141821,1440853,175588,1034341,760487,2330609,487187,1472959,503831,12331,605737
486597,488067,Burst Shot,26041.0,728748,727774,3459437,18696,482142,1141821,1440853,175588,1034341,760487,2330609,487187,1472959,503831,12331,605737
488043,489693,Heartbreak Shot,33217.0,728748,727774,3459437,18696,482142,1141821,1474070,175588,1034341,760487,2330609,487187,1472959,503831,12331,605737
489440,490198,Shot,12445.0,728748,727774,3459437,18696,482142,1141821,1474070,175588,1034341,760487,2330609,487187,1485404,503831,12331,605737
465497,490500,Stormbite (dot),3106.0,728748,727774,3459437,18696,482142,1141821,1474070,175588,1034341,760487,2330609,487187,1485404,503831,12331,608843
465497,490500,Caustic Bite (dot),2484.0,728748,727774,3459437,18696,484626,1141821,1474070,175588,1034341,760487,2330609,487187,1485404,503831,12331,608843
488787,490747,Radiant Encore,203063.0,728748,727774,3459437,18696,484626,1141821,1474070,175588,1034341,963550,2330609,487187,1485404,503831,12331,608843
490027,490827,Pitch Perfect,34135.0,728748,727774,3459437,18696,484626,1141821,1474070,175588,1068476,963550,2330609,487187,1485404,503831,12331,608843
489407,491057,Heartbreak Shot,33217.0,728748,727774,3459437,18696,484626,1141821,1507287,175588,1068476,963550,2330609,487187,1485404,503831,12331,608843
490977,492447,Burst Shot,29955.0,728748,727774,3489392,18696,484626,1141821,1507287,175588,1068476,963550,2330609,487187,1485404,503831,12331,608843
490977,492447,Refulgent Arrow,13555.0,728748,727774,3489392,18696,484626,1141821,1507287,175588,1068476,963550,2344164,487187,1485404,503831,12331,608843
492423,492953,Sidewinder,73838.0,728748,727774,3489392,18696,484626,1141821,1507287,175588,1068476,963550,2344164,487187,1485404,577669,12331,608843
492480,493238,Shot,12445.0,728748,727774,3489392,18696,484626,1141821,1507287,175588,1068476,963550,2344164,487187,1497849,577669,12331,608843
465497,493500,Stormbite (dot),3106.0,728748,727774,3489392,18696,484626,1141821,1507287,175588,1068476,963550,2344164,487187,1497849,577669,12331,611949
465497,493500,Caustic Bite (dot),2484.0,728748,727774,3489392,18696,487110,1141821,1507287,175588,1068476,963550,2344164,487187,1497849,577669,12331,611949
494087,494887,Pitch Perfect,20220.0,728748,727774,3489392,18696,487110,1141821,1507287,175588,1088696,963550,2344164,487187,1497849,577669,12331,611949
493467,494937,Refulgent Arrow,13602.0,728748,727774,3489392,18696,487110,1141821,1507287,175588,1088696,963550,2357766,487187,1497849,577669,12331,611949
493467,494937,Burst Shot,29919.0,728748,727774,3519311,18696,487110,1141821,1507287,175588,1088696,963550,2357766,487187,1497849,577669,12331,611949
494087,495737,Heartbreak Shot,11702.0,728748,727774,3519311,18696,487110,1141821,1518989,175588,1088696,963550,2357766,487187,1497849,577669,12331,611949
494707,495737,Empyreal Arrow,47993.0,728748,727774,3519311,18696,487110,1189814,1518989,175588,1088696,963550,2357766,487187,1497849,577669,12331,611949
495520,496278,Shot,12445.0,728748,727774,3519311,18696,487110,1189814,1518989,175588,1088696,963550,2357766,487187,1510294,577669,12331,611949
465497,496500,Caustic Bite (dot),2484.0,728748,727774,3519311,18696,489594,1189814,1518989,175588,1088696,963550,2357766,487187,1510294,577669,12331,611949
465497,496500,Stormbite (dot),3106.0,728748,727774,3519311,18696,489594,1189814,1518989,175588,1088696,963550,2357766,487187,1510294,577669,12331,615055
495957,497027,Apex Arrow,2395.0,731143,727774,3519311,18696,489594,1189814,1518989,175588,1088696,963550,2357766,487187,1510294,577669,12331,615055
495957,497027,Apex Arrow,735.0,731878,727774,3519311,18696,489594,1189814,1518989,175588,1088696,963550,2357766,487187,1510294,577669,12331,615055
495957,497027,Apex Arrow,268.0,732146,727774,3519311,18696,489594,1189814,1518989,175588,1088696,963550,2357766,487187,1510294,577669,12331,615055
495957,497027,Apex Arrow,48.0,732194,727774,3519311,18696,489594,1189814,1518989,175588,1088696,963550,2357766,487187,1510294,577669,12331,615055
495957,497027,Apex Arrow,9.0,732203,727774,3519311,18696,489594,1189814,1518989,175588,1088696,963550,2357766,487187,1510294,577669,12331,615055
495957,497027,Apex Arrow,119774.0,851977,727774,3519311,18696,489594,1189814,1518989,175588,1088696,963550,2357766,487187,1510294,577669,12331,615055
495957,497027,Apex Arrow,5229.0,857206,727774,3519311,18696,489594,1189814,1518989,175588,1088696,963550,2357766,487187,1510294,577669,12331,615055
497227,498027,Pitch Perfect,33371.0,857206,727774,3519311,18696,489594,1189814,1518989,175588,1122067,963550,2357766,487187,1510294,577669,12331,615055
497227,498877,Heartbreak Shot,4966.0,857206,727774,3519311,18696,489594,1189814,1523955,175588,1122067,963550,2357766,487187,1510294,577669,12331,615055
498560,499318,Shot,12445.0,857206,727774,3519311,18696,489594,1189814,1523955,175588,1122067,963550,2357766,487187,1522739,577669,12331,615055
465497,499500,Stormbite (dot),3106.0,857206,727774,3519311,18696,489594,1189814,1523955,175588,1122067,963550,2357766,487187,1522739,577669,12331,618161
465497,499500,Caustic Bite (dot),2484.0,857206,727774,3519311,18696,492078,1189814,1523955,175588,1122067,963550,2357766,487187,1522739,577669,12331,618161
499097,499897,Pitch Perfect,21789.0,857206,727774,3519311,18696,492078,1189814,1523955,175588,1143856,963550,2357766,487187,1522739,577669,12331,618161
498447,499917,Burst Shot,24.0,857206,727774,3519335,18696,492078,1189814,1523955,175588,1143856,963550,2357766,487187,1522739,577669,12331,618161
498447,500097,Blast Arrow,129143.0,857206,856917,3519335,18696,492078,1189814,1523955,175588,1143856,963550,2357766,487187,1522739,577669,12331,618161
500937,502097,Resonant Arrow,118138.0,857206,856917,3519335,18696,492078,1189814,1523955,175588,1143856,963550,2357766,605325,1522739,577669,12331,618161
501600,502358,Shot,12445.0,857206,856917,3519335,18696,492078,1189814,1523955,175588,1143856,963550,2357766,605325,1535184,577669,12331,618161
465497,502500,Stormbite (dot),3106.0,857206,856917,3519335,18696,492078,1189814,1523955,175588,1143856,963550,2357766,605325,1535184,577669,12331,621267
465497,502500,Caustic Bite (dot),2484.0,857206,856917,3519335,18696,494562,1189814,1523955,175588,1143856,963550,2357766,605325,1535184,577669,12331,621267
502207,503007,Pitch Perfect,8173.0,857206,856917,3519335,18696,494562,1189814,1523955,175588,1152029,963550,2357766,605325,1535184,577669,12331,621267
501557,503207,Heartbreak Shot,16549.0,857206,856917,3519335,18696,494562,1189814,1540504,175588,1152029,963550,2357766,605325,1535184,577669,12331,621267
503427,504897,Refulgent Arrow,51680.0,857206,856917,3519335,18696,494562,1189814,1540504,175588,1152029,963550,2409446,605325,1535184,577669,12331,621267
503427,505017,Refulgent Arrow,51680.0,857206,856917,3519335,18696,494562,1189814,1540504,175588,1152029,963550,2461126,605325,1535184,577669,12331,621267
503427,505137,Refulgent Arrow,51680.0,857206,856917,3519335,18696,494562,1189814,1540504,175588,1152029,963550,2512806,605325,1535184,577669,12331,621267
504640,505398,Shot,12445.0,857206,856917,3519335,18696,494562,1189814,1540504,175588,1152029,963550,2512806,605325,1547629,577669,12331,621267
465497,505500,Caustic Bite (dot),2484.0,857206,856917,3519335,18696,497046,1189814,1540504,175588,1152029,963550,2512806,605325,1547629,577669,12331,621267
465497,505500,Stormbite (dot),3106.0,857206,856917,3519335,18696,497046,1189814,1540504,175588,1152029,963550,2512806,605325,1547629,577669,12331,624373
505917,506587,Iron Jaws,17634.0,857206,856917,3519335,18696,497046,1189814,1540504,193222,1152029,963550,2512806,605325,1547629,577669,12331,624373
506537,507337,Pitch Perfect,16126.0,857206,856917,3519335,18696,497046,1189814,1540504,193222,1168155,963550,2512806,605325,1547629,577669,12331,624373
507680,508438,Shot,9665.0,857206,856917,3519335,18696,497046,1189814,1540504,193222,1168155,963550,2512806,605325,1557294,577669,12331,624373
505917,508500,Caustic Bite (dot),3527.0,857206,856917,3519335,18696,500573,1189814,1540504,193222,1168155,963550,2512806,605325,1557294,577669,12331,624373
505917,508500,Stormbite (dot),4411.0,857206,856917,3519335,18696,500573,1189814,1540504,193222,1168155,963550,2512806,605325,1557294,577669,12331,628784
509057,509857,Pitch Perfect,14755.0,857206,856917,3519335,18696,500573,1189814,1540504,193222,1182910,963550,2512806,605325,1557294,577669,12331,628784
508407,509877,Refulgent Arrow,18020.0,857206,856917,3519335,18696,500573,1189814,1540504,193222,1182910,963550,2530826,605325,1557294,577669,12331,628784
508407,509877,Burst Shot,13264.0,857206,856917,3532599,18696,500573,1189814,1540504,193222,1182910,963550,2530826,605325,1557294,577669,12331,628784
509057,510707,Heartbreak Shot,7596.0,857206,856917,3532599,18696,500573,1189814,1548100,193222,1182910,963550,2530826,605325,1557294,577669,12331,628784
509707,510737,Empyreal Arrow,32412.0,857206,856917,3532599,18696,500573,1222226,1548100,193222,1182910,963550,2530826,605325,1557294,577669,12331,628784
510720,511478,Shot,8405.0,857206,856917,3532599,18696,500573,1222226,1548100,193222,1182910,963550,2530826,605325,1565699,577669,12331,628784
505917,511500,Caustic Bite (dot),3527.0,857206,856917,3532599,18696,504100,1222226,1548100,193222,1182910,963550,2530826,605325,1565699,577669,12331,628784
505917,511500,Stormbite (dot),4411.0,857206,856917,3532599,18696,504100,1222226,1548100,193222,1182910,963550,2530826,605325,1565699,577669,12331,633195
511547,512347,Pitch Perfect,23757.0,857206,856917,3532599,18696,504100,1222226,1548100,193222,1206667,963550,2530826,605325,1565699,577669,12331,633195
510897,512367,Refulgent Arrow,9116.0,857206,856917,3532599,18696,504100,1222226,1548100,193222,1206667,963550,2539942,605325,1565699,577669,12331,633195
510897,512367,Burst Shot,20260.0,857206,856917,3552859,18696,504100,1222226,1548100,193222,1206667,963550,2539942,605325,1565699,577669,12331,633195
511547,513197,Heartbreak Shot,3661.0,857206,856917,3552859,18696,504100,1222226,1551761,193222,1206667,963550,2539942,605325,1565699,577669,12331,633195
505917,514500,Caustic Bite (dot),3527.0,857206,856917,3552859,18696,507627,1222226,1551761,193222,1206667,963550,2539942,605325,1565699,577669,12331,633195
505917,514500,Stormbite (dot),4411.0,857206,856917,3552859,18696,507627,1222226,1551761,193222,1206667,963550,2539942,605325,1565699,577669,12331,637606
513760,514518,Shot,8405.0,857206,856917,3552859,18696,507627,1222226,1551761,193222,1206667,963550,2539942,605325,1574104,577669,12331,637606
514036,514836,Pitch Perfect,13898.0,857206,856917,3552859,18696,507627,1222226,1551761,193222,1220565,963550,2539942,605325,1574104,577669,12331,637606
513386,514856,Refulgent Arrow,9168.0,857206,856917,3552859,18696,507627,1222226,1551761,193222,1220565,963550,2549110,605325,1574104,577669,12331,637606
513386,514856,Burst Shot,20219.0,857206,856917,3573078,18696,507627,1222226,1551761,193222,1220565,963550,2549110,605325,1574104,577669,12331,637606
515876,517346,Refulgent Arrow,9319.0,857206,856917,3573078,18696,507627,1222226,1551761,193222,1220565,963550,2558429,605325,1574104,577669,12331,637606
515876,517346,Burst Shot,20101.0,857206,856917,3593179,18696,507627,1222226,1551761,193222,1220565,963550,2558429,605325,1574104,577669,12331,637606
505917,517500,Caustic Bite (dot),3527.0,857206,856917,3593179,18696,511154,1222226,1551761,193222,1220565,963550,2558429,605325,1574104,577669,12331,637606
505917,517500,Stormbite (dot),4411.0,857206,856917,3593179,18696,511154,1222226,1551761,193222,1220565,963550,2558429,605325,1574104,577669,12331,642017
516800,517558,Shot,8405.0,857206,856917,3593179,18696,511154,1222226,1551761,193222,1220565,963550,2558429,605325,1582509,577669,12331,642017
517176,517976,Pitch Perfect,5115.0,857206,856917,3593179,18696,511154,1222226,1551761,193222,1225680,963550,2558429,605325,1582509,577669,12331,642017
516526,518176,Heartbreak Shot,11176.0,857206,856917,3593179,18696,511154,1222226,1562937,193222,1225680,963550,2558429,605325,1582509,577669,12331,642017
518366,519836,Burst Shot,20474.0,857206,856917,3613653,18696,511154,1222226,1562937,193222,1225680,963550,2558429,605325,1582509,577669,12331,642017
518366,519836,Refulgent Arrow,8844.0,857206,856917,3613653,18696,511154,1222226,1562937,193222,1225680,963550,2567273,605325,1582509,577669,12331,642017
505917,520500,Stormbite (dot),4411.0,857206,856917,3613653,18696,511154,1222226,1562937,193222,1225680,963550,2567273,605325,1582509,577669,12331,646428
505917,520500,Caustic Bite (dot),3527.0,857206,856917,3613653,18696,514681,1222226,1562937,193222,1225680,963550,2567273,605325,1582509,577669,12331,646428
519840,520598,Shot,8405.0,857206,856917,3613653,18696,514681,1222226,1562937,193222,1225680,963550,2567273,605325,1590914,577669,12331,646428
521507,522307,Pitch Perfect,13660.0,857206,856917,3613653,18696,514681,1222226,1562937,193222,1239340,963550,2567273,605325,1590914,577669,12331,646428
520857,522327,Burst Shot,20071.0,857206,856917,3633724,18696,514681,1222226,1562937,193222,1239340,963550,2567273,605325,1590914,577669,12331,646428
520857,522327,Refulgent Arrow,9357.0,857206,856917,3633724,18696,514681,1222226,1562937,193222,1239340,963550,2576630,605325,1590914,577669,12331,646428
505917,523500,Caustic Bite (dot),3527.0,857206,856917,3633724,18696,518208,1222226,1562937,193222,1239340,963550,2576630,605325,1590914,577669,12331,646428
505917,523500,Stormbite (dot),4411.0,857206,856917,3633724,18696,518208,1222226,1562937,193222,1239340,963550,2576630,605325,1590914,577669,12331,650839
522880,523638,Shot,8405.0,857206,856917,3633724,18696,518208,1222226,1562937,193222,1239340,963550,2576630,605325,1599319,577669,12331,650839
523967,524767,Pitch Perfect,14917.0,857206,856917,3633724,18696,518208,1222226,1562937,193222,1254257,963550,2576630,605325,1599319,577669,12331,650839
523347,524817,Refulgent Arrow,8729.0,857206,856917,3633724,18696,518208,1222226,1562937,193222,1254257,963550,2585359,605325,1599319,577669,12331,650839
523347,524817,Burst Shot,20565.0,857206,856917,3654289,18696,518208,1222226,1562937,193222,1254257,963550,2585359,605325,1599319,577669,12331,650839
524617,525417,Pitch Perfect,3980.0,857206,856917,3654289,18696,518208,1222226,1562937,193222,1258237,963550,2585359,605325,1599319,577669,12331,650839
524617,525417,Pitch Perfect,7629.0,857206,856917,3654289,18696,518208,1222226,1562937,193222,1265866,963550,2585359,605325,1599319,577669,12331,650839
523967,525617,Heartbreak Shot,7463.0,857206,856917,3654289,18696,518208,1222226,1570400,193222,1265866,963550,2585359,605325,1599319,577669,12331,650839
524617,526267,Heartbreak Shot,3793.0,857206,856917,3654289,18696,518208,1222226,1574193,193222,1265866,963550,2585359,605325,1599319,577669,12331,650839
505917,526500,Caustic Bite (dot),3527.0,857206,856917,3654289,18696,521735,1222226,1574193,193222,1265866,963550,2585359,605325,1599319,577669,12331,650839
505917,526500,Stormbite (dot),4411.0,857206,856917,3654289,18696,521735,1222226,1574193,193222,1265866,963550,2585359,605325,1599319,577669,12331,655250
525920,526678,Shot,8399.0,857206,856917,3654289,18696,521735,1222226,1574193,193222,1265866,963550,2585359,605325,1607718,577669,12331,655250
525838,527308,Refulgent Arrow,9208.0,857206,856917,3654289,18696,521735,1222226,1574193,193222,1265866,963550,2594567,605325,1607718,577669,12331,655250
525838,527308,Burst Shot,20170.0,857206,856917,3674459,18696,521735,1222226,1574193,193222,1265866,963550,2594567,605325,1607718,577669,12331,655250
526458,527488,Empyreal Arrow,32390.0,857206,856917,3674459,18696,521735,1254616,1574193,193222,1265866,963550,2594567,605325,1607718,577669,12331,655250
527078,528728,Heartbreak Shot,11168.0,857206,856917,3674459,18696,521735,1254616,1585361,193222,1265866,963550,2594567,605325,1607718,577669,12331,655250
505917,529500,Caustic Bite (dot),3527.0,857206,856917,3674459,18696,525262,1254616,1585361,193222,1265866,963550,2594567,605325,1607718,577669,12331,655250
505917,529500,Stormbite (dot),4411.0,857206,856917,3674459,18696,525262,1254616,1585361,193222,1265866,963550,2594567,605325,1607718,577669,12331,659661
528960,529718,Shot,8399.0,857206,856917,3674459,18696,525262,1254616,1585361,193222,1265866,963550,2594567,605325,1616117,577669,12331,659661
528328,529798,Refulgent Arrow,8918.0,857206,856917,3674459,18696,525262,1254616,1585361,193222,1265866,963550,2603485,605325,1616117,577669,12331,659661
528328,529798,Burst Shot,20397.0,857206,856917,3694856,18696,525262,1254616,1585361,193222,1265866,963550,2603485,605325,1616117,577669,12331,659661
528978,530628,Heartbreak Shot,8992.0,857206,856917,3694856,18696,525262,1254616,1594353,193222,1265866,963550,2603485,605325,1616117,577669,12331,659661
530818,532288,Refulgent Arrow,9047.0,857206,856917,3694856,18696,525262,1254616,1594353,193222,1265866,963550,2612532,605325,1616117,577669,12331,659661
530818,532288,Burst Shot,20296.0,857206,856917,3715152,18696,525262,1254616,1594353,193222,1265866,963550,2612532,605325,1616117,577669,12331,659661
505917,532500,Stormbite (dot),4411.0,857206,856917,3715152,18696,525262,1254616,1594353,193222,1265866,963550,2612532,605325,1616117,577669,12331,664072
505917,532500,Caustic Bite (dot),3527.0,857206,856917,3715152,18696,528789,1254616,1594353,193222,1265866,963550,2612532,605325,1616117,577669,12331,664072
532000,532758,Shot,8399.0,857206,856917,3715152,18696,528789,1254616,1594353,193222,1265866,963550,2612532,605325,1624516,577669,12331,664072
531468,533118,Heartbreak Shot,20145.0,857206,856917,3715152,18696,528789,1254616,1614498,193222,1265866,963550,2612532,605325,1624516,577669,12331,664072
533308,534778,Burst Shot,20389.0,857206,856917,3735541,18696,528789,1254616,1614498,193222,1265866,963550,2612532,605325,1624516,577669,12331,664072
533308,534778,Refulgent Arrow,8929.0,857206,856917,3735541,18696,528789,1254616,1614498,193222,1265866,963550,2621461,605325,1624516,577669,12331,664072
505917,535500,Stormbite (dot),4411.0,857206,856917,3735541,18696,528789,1254616,1614498,193222,1265866,963550,2621461,605325,1624516,577669,12331,668483
505917,535500,Caustic Bite (dot),3527.0,857206,856917,3735541,18696,532316,1254616,1614498,193222,1265866,963550,2621461,605325,1624516,577669,12331,668483
535040,535798,Shot,8399.0,857206,856917,3735541,18696,532316,1254616,1614498,193222,1265866,963550,2621461,605325,1632915,577669,12331,668483
534608,536258,Heartbreak Shot,8871.0,857206,856917,3735541,18696,532316,1254616,1623369,193222,1265866,963550,2621461,605325,1632915,577669,12331,668483
535798,537268,Refulgent Arrow,9026.0,857206,856917,3735541,18696,532316,1254616,1623369,193222,1265866,963550,2630487,605325,1632915,577669,12331,668483
535798,537268,Burst Shot,20312.0,857206,856917,3755853,18696,532316,1254616,1623369,193222,1265866,963550,2630487,605325,1632915,577669,12331,668483
505917,538500,Caustic Bite (dot),3527.0,857206,856917,3755853,18696,535843,1254616,1623369,193222,1265866,963550,2630487,605325,1632915,577669,12331,668483
505917,538500,Stormbite (dot),4411.0,857206,856917,3755853,18696,535843,1254616,1623369,193222,1265866,963550,2630487,605325,1632915,577669,12331,672894
537068,538718,Heartbreak Shot,9113.0,857206,856917,3755853,18696,535843,1254616,1632482,193222,1265866,963550,2630487,605325,1632915,577669,12331,672894
538080,538838,Shot,8399.0,857206,856917,3755853,18696,535843,1254616,1632482,193222,1265866,963550,2630487,605325,1641314,577669,12331,672894
538288,539758,Refulgent Arrow,9176.0,857206,856917,3755853,18696,535843,1254616,1632482,193222,1265866,963550,2639663,605325,1641314,577669,12331,672894
538288,539758,Burst Shot,20195.0,857206,856917,3776048,18696,535843,1254616,1632482,193222,1265866,963550,2639663,605325,1641314,577669,12331,672894
538908,540558,Heartbreak Shot,11173.0,857206,856917,3776048,18696,535843,1254616,1643655,193222,1265866,963550,2639663,605325,1641314,577669,12331,672894
505917,541500,Stormbite (dot),4411.0,857206,856917,3776048,18696,535843,1254616,1643655,193222,1265866,963550,2639663,605325,1641314,577669,12331,677305
505917,541500,Caustic Bite (dot),3527.0,857206,856917,3776048,18696,539370,1254616,1643655,193222,1265866,963550,2639663,605325,1641314,577669,12331,677305
541120,541878,Shot,8399.0,857206,856917,3776048,18696,539370,1254616,1643655,193222,1265866,963550,2639663,605325,1649713,577669,12331,677305
540778,542248,Refulgent Arrow,8942.0,857206,856917,3776048,18696,539370,1254616,1643655,193222,1265866,963550,2648605,605325,1649713,577669,12331,677305
540778,542248,Burst Shot,20378.0,857206,856917,3796426,18696,539370,1254616,1643655,193222,1265866,963550,2648605,605325,1649713,577669,12331,677305
541458,542488,Empyreal Arrow,32390.0,857206,856917,3796426,18696,539370,1287006,1643655,193222,1265866,963550,2648605,605325,1649713,577669,12331,677305
542078,543728,Heartbreak Shot,20261.0,857206,856917,3796426,18696,539370,1287006,1663916,193222,1265866,963550,2648605,605325,1649713,577669,12331,677305
505917,544500,Caustic Bite (dot),3527.0,857206,856917,3796426,18696,542897,1287006,1663916,193222,1265866,963550,2648605,605325,1649713,577669,12331,677305
505917,544500,Stormbite (dot),4411.0,857206,856917,3796426,18696,542897,1287006,1663916,193222,1265866,963550,2648605,605325,1649713,577669,12331,681716
543268,544738,Refulgent Arrow,9312.0,857206,856917,3796426,18696,542897,1287006,1663916,193222,1265866,963550,2657917,605325,1649713,577669,12331,681716
543268,544738,Burst Shot,20088.0,857206,856917,3816514,18696,542897,1287006,1663916,193222,1265866,963550,2657917,605325,1649713,577669,12331,681716
544160,544918,Shot,8399.0,857206,856917,3816514,18696,542897,1287006,1663916,193222,1265866,963550,2657917,605325,1658112,577669,12331,681716
543918,545568,Heartbreak Shot,8826.0,857206,856917,3816514,18696,542897,1287006,1672742,193222,1265866,963550,2657917,605325,1658112,577669,12331,681716
545758,547228,Refulgent Arrow,8988.0,857206,856917,3816514,18696,542897,1287006,1672742,193222,1265866,963550,2666905,605325,1658112,577669,12331,681716
545758,547228,Burst Shot,20343.0,857206,856917,3836857,18696,542897,1287006,1672742,193222,1265866,963550,2666905,605325,1658112,577669,12331,681716
505917,547500,Stormbite (dot),4411.0,857206,856917,3836857,18696,542897,1287006,1672742,193222,1265866,963550,2666905,605325,1658112,577669,12331,686127
505917,547500,Caustic Bite (dot),3527.0,857206,856917,3836857,18696,546424,1287006,1672742,193222,1265866,963550,2666905,605325,1658112,577669,12331,686127
547200,547958,Shot,8399.0,857206,856917,3836857,18696,546424,1287006,1672742,193222,1265866,963550,2666905,605325,1666511,577669,12331,686127
546408,548058,Heartbreak Shot,20225.0,857206,856917,3836857,18696,546424,1287006,1692967,193222,1265866,963550,2666905,605325,1666511,577669,12331,686127
548248,549718,Burst Shot,20301.0,857206,856917,3857158,18696,546424,1287006,1692967,193222,1265866,963550,2666905,605325,1666511,577669,12331,686127
548248,549718,Refulgent Arrow,9040.0,857206,856917,3857158,18696,546424,1287006,1692967,193222,1265866,963550,2675945,605325,1666511,577669,12331,686127
505917,550500,Stormbite (dot),4411.0,857206,856917,3857158,18696,546424,1287006,1692967,193222,1265866,963550,2675945,605325,1666511,577669,12331,690538
505917,550500,Caustic Bite (dot),3527.0,857206,856917,3857158,18696,549951,1287006,1692967,193222,1265866,963550,2675945,605325,1666511,577669,12331,690538
550240,550998,Shot,8399.0,857206,856917,3857158,18696,549951,1287006,1692967,193222,1265866,963550,2675945,605325,1674910,577669,12331,690538
549518,551168,Heartbreak Shot,9133.0,857206,856917,3857158,18696,549951,1287006,1702100,193222,1265866,963550,2675945,605325,1674910,577669,12331,690538
550738,551408,Iron Jaws,12454.0,857206,856917,3857158,18696,549951,1287006,1702100,205676,1265866,963550,2675945,605325,1674910,577669,12331,690538
552423,552953,Sidewinder,49833.0,857206,856917,3857158,18696,549951,1287006,1702100,205676,1265866,963550,2675945,605325,1674910,627502,12331,690538
550738,553500,Caustic Bite (dot),2491.0,857206,856917,3857158,18696,552442,1287006,1702100,205676,1265866,963550,2675945,605325,1674910,627502,12331,690538
550738,553500,Stormbite (dot),3115.0,857206,856917,3857158,18696,552442,1287006,1702100,205676,1265866,963550,2675945,605325,1674910,627502,12331,693653
553280,554038,Shot,8399.0,857206,856917,3857158,18696,552442,1287006,1702100,205676,1265866,963550,2675945,605325,1683309,627502,12331,693653
553228,554698,Refulgent Arrow,18091.0,857206,856917,3857158,18696,552442,1287006,1702100,205676,1265866,963550,2694036,605325,1683309,627502,12331,693653
553228,554698,Burst Shot,13190.0,857206,856917,3870348,18696,552442,1287006,1702100,205676,1265866,963550,2694036,605325,1683309,627502,12331,693653
553878,555528,Heartbreak Shot,20111.0,857206,856917,3870348,18696,552442,1287006,1722211,205676,1265866,963550,2694036,605325,1683309,627502,12331,693653
550738,556500,Stormbite (dot),3115.0,857206,856917,3870348,18696,552442,1287006,1722211,205676,1265866,963550,2694036,605325,1683309,627502,12331,696768
550738,556500,Caustic Bite (dot),2491.0,857206,856917,3870348,18696,554933,1287006,1722211,205676,1265866,963550,2694036,605325,1683309,627502,12331,696768
556320,557078,Shot,8399.0,857206,856917,3870348,18696,554933,1287006,1722211,205676,1265866,963550,2694036,605325,1691708,627502,12331,696768
555718,557188,Refulgent Arrow,8779.0,857206,856917,3870348,18696,554933,1287006,1722211,205676,1265866,963550,2702815,605325,1691708,627502,12331,696768
555718,557188,Burst Shot,20507.0,857206,856917,3890855,18696,554933,1287006,1722211,205676,1265866,963550,2702815,605325,1691708,627502,12331,696768
556958,557988,Empyreal Arrow,32390.0,857206,856917,3890855,18696,554933,1319396,1722211,205676,1265866,963550,2702815,605325,1691708,627502,12331,696768
556338,557988,Heartbreak Shot,8940.0,857206,856917,3890855,18696,554933,1319396,1731151,205676,1265866,963550,2702815,605325,1691708,627502,12331,696768
558208,559278,Apex Arrow,320.0,857526,856917,3890855,18696,554933,1319396,1731151,205676,1265866,963550,2702815,605325,1691708,627502,12331,696768
558208,559278,Apex Arrow,85.0,857611,856917,3890855,18696,554933,1319396,1731151,205676,1265866,963550,2702815,605325,1691708,627502,12331,696768
558208,559278,Apex Arrow,1852.0,859463,856917,3890855,18696,554933,1319396,1731151,205676,1265866,963550,2702815,605325,1691708,627502,12331,696768
558208,559278,Apex Arrow,874.0,860337,856917,3890855,18696,554933,1319396,1731151,205676,1265866,963550,2702815,605325,1691708,627502,12331,696768
558208,559278,Apex Arrow,3819.0,864156,856917,3890855,18696,554933,1319396,1731151,205676,1265866,963550,2702815,605325,1691708,627502,12331,696768
558208,559278,Apex Arrow,79536.0,943692,856917,3890855,18696,554933,1319396,1731151,205676,1265866,963550,2702815,605325,1691708,627502,12331,696768
558208,559278,Apex Arrow,36.0,943728,856917,3890855,18696,554933,1319396,1731151,205676,1265866,963550,2702815,605325,1691708,627502,12331,696768
550738,559500,Caustic Bite (dot),2491.0,943728,856917,3890855,18696,557424,1319396,1731151,205676,1265866,963550,2702815,605325,1691708,627502,12331,696768
550738,559500,Stormbite (dot),3115.0,943728,856917,3890855,18696,557424,1319396,1731151,205676,1265866,963550,2702815,605325,1691708,627502,12331,699883
559360,560118,Shot,8399.0,943728,856917,3890855,18696,557424,1319396,1731151,205676,1265866,963550,2702815,605325,1700107,627502,12331,699883
558828,560478,Heartbreak Shot,20264.0,943728,856917,3890855,18696,557424,1319396,1751415,205676,1265866,963550,2702815,605325,1700107,627502,12331,699883
560698,562168,Refulgent Arrow,13.0,943728,856917,3890855,18696,557424,1319396,1751415,205676,1265866,963550,2702828,605325,1700107,627502,12331,699883
560698,562168,Burst Shot,41.0,943728,856917,3890896,18696,557424,1319396,1751415,205676,1265866,963550,2702828,605325,1700107,627502,12331,699883
560698,562348,Blast Arrow,87045.0,943728,943962,3890896,18696,557424,1319396,1751415,205676,1265866,963550,2702828,605325,1700107,627502,12331,699883
550738,562500,Stormbite (dot),3115.0,943728,943962,3890896,18696,557424,1319396,1751415,205676,1265866,963550,2702828,605325,1700107,627502,12331,702998
550738,562500,Caustic Bite (dot),2491.0,943728,943962,3890896,18696,559915,1319396,1751415,205676,1265866,963550,2702828,605325,1700107,627502,12331,702998
561318,562968,Heartbreak Shot,20199.0,943728,943962,3890896,18696,559915,1319396,1771614,205676,1265866,963550,2702828,605325,1700107,627502,12331,702998
562400,563158,Shot,8374.0,943728,943962,3890896,18696,559915,1319396,1771614,205676,1265866,963550,2702828,605325,1708481,627502,12331,702998
563188,564658,Refulgent Arrow,9215.0,943728,943962,3890896,18696,559915,1319396,1771614,205676,1265866,963550,2712043,605325,1708481,627502,12331,702998
563188,564658,Burst Shot,20082.0,943728,943962,3910978,18696,559915,1319396,1771614,205676,1265866,963550,2712043,605325,1708481,627502,12331,702998
550738,565500,Stormbite (dot),3115.0,943728,943962,3910978,18696,559915,1319396,1771614,205676,1265866,963550,2712043,605325,1708481,627502,12331,706113
550738,565500,Caustic Bite (dot),2491.0,943728,943962,3910978,18696,562406,1319396,1771614,205676,1265866,963550,2712043,605325,1708481,627502,12331,706113
565440,566198,Shot,8374.0,943728,943962,3910978,18696,562406,1319396,1771614,205676,1265866,963550,2712043,605325,1716855,627502,12331,706113
565678,567148,Refulgent Arrow,8770.0,943728,943962,3910978,18696,562406,1319396,1771614,205676,1265866,963550,2720813,605325,1716855,627502,12331,706113
565678,567148,Burst Shot,20432.0,943728,943962,3931410,18696,562406,1319396,1771614,205676,1265866,963550,2720813,605325,1716855,627502,12331,706113
550738,568500,Caustic Bite (dot),2491.0,943728,943962,3931410,18696,564897,1319396,1771614,205676,1265866,963550,2720813,605325,1716855,627502,12331,706113
550738,568500,Stormbite (dot),3115.0,943728,943962,3931410,18696,564897,1319396,1771614,205676,1265866,963550,2720813,605325,1716855,627502,12331,709228
568480,569238,Shot,8374.0,943728,943962,3931410,18696,564897,1319396,1771614,205676,1265866,963550,2720813,605325,1725229,627502,12331,709228
568168,569638,Burst Shot,20082.0,943728,943962,3951492,18696,564897,1319396,1771614,205676,1265866,963550,2720813,605325,1725229,627502,12331,709228
568168,569638,Refulgent Arrow,9215.0,943728,943962,3951492,18696,564897,1319396,1771614,205676,1265866,963550,2730028,605325,1725229,627502,12331,709228
568818,570468,Heartbreak Shot,10936.0,943728,943962,3951492,18696,564897,1319396,1782550,205676,1265866,963550,2730028,605325,1725229,627502,12331,709228
550738,571500,Caustic Bite (dot),2491.0,943728,943962,3951492,18696,567388,1319396,1782550,205676,1265866,963550,2730028,605325,1725229,627502,12331,709228
550738,571500,Stormbite (dot),3115.0,943728,943962,3951492,18696,567388,1319396,1782550,205676,1265866,963550,2730028,605325,1725229,627502,12331,712343
570658,572128,Burst Shot,20451.0,943728,943962,3971943,18696,567388,1319396,1782550,205676,1265866,963550,2730028,605325,1725229,627502,12331,712343
570658,572128,Refulgent Arrow,8745.0,943728,943962,3971943,18696,567388,1319396,1782550,205676,1265866,963550,2738773,605325,1725229,627502,12331,712343
571520,572278,Shot,8374.0,943728,943962,3971943,18696,567388,1319396,1782550,205676,1265866,963550,2738773,605325,1733603,627502,12331,712343
571958,572988,Empyreal Arrow,32293.0,943728,943962,3971943,18696,567388,1351689,1782550,205676,1265866,963550,2738773,605325,1733603,627502,12331,712343
550738,574500,Stormbite (dot),3115.0,943728,943962,3971943,18696,567388,1351689,1782550,205676,1265866,963550,2738773,605325,1733603,627502,12331,715458
550738,574500,Caustic Bite (dot),2491.0,943728,943962,3971943,18696,569879,1351689,1782550,205676,1265866,963550,2738773,605325,1733603,627502,12331,715458
573149,574619,Burst Shot,20123.0,943728,943962,3992066,18696,569879,1351689,1782550,205676,1265866,963550,2738773,605325,1733603,627502,12331,715458
573149,574619,Refulgent Arrow,9163.0,943728,943962,3992066,18696,569879,1351689,1782550,205676,1265866,963550,2747936,605325,1733603,627502,12331,715458
574560,575318,Shot,8374.0,943728,943962,3992066,18696,569879,1351689,1782550,205676,1265866,963550,2747936,605325,1741977,627502,12331,715458
575539,577009,Burst Shot,20153.0,943728,943962,4012219,18696,569879,1351689,1782550,205676,1265866,963550,2747936,605325,1741977,627502,12331,715458
575539,577009,Refulgent Arrow,9124.0,943728,943962,4012219,18696,569879,1351689,1782550,205676,1265866,963550,2757060,605325,1741977,627502,12331,715458
550738,577500,Stormbite (dot),3115.0,943728,943962,4012219,18696,569879,1351689,1782550,205676,1265866,963550,2757060,605325,1741977,627502,12331,718573
550738,577500,Caustic Bite (dot),2491.0,943728,943962,4012219,18696,572370,1351689,1782550,205676,1265866,963550,2757060,605325,1741977,627502,12331,718573
576189,577839,Heartbreak Shot,11414.0,943728,943962,4012219,18696,572370,1351689,1793964,205676,1265866,963550,2757060,605325,1741977,627502,12331,718573
577600,578358,Shot,8374.0,943728,943962,4012219,18696,572370,1351689,1793964,205676,1265866,963550,2757060,605325,1750351,627502,12331,718573
577829,579299,Refulgent Arrow,8857.0,943728,943962,4012219,18696,572370,1351689,1793964,205676,1265866,963550,2765917,605325,1750351,627502,12331,718573
577829,579299,Burst Shot,20364.0,943728,943962,4032583,18696,572370,1351689,1793964,205676,1265866,963550,2765917,605325,1750351,627502,12331,718573
550738,580500,Caustic Bite (dot),2491.0,943728,943962,4032583,18696,574861,1351689,1793964,205676,1265866,963550,2765917,605325,1750351,627502,12331,718573
550738,580500,Stormbite (dot),3115.0,943728,943962,4032583,18696,574861,1351689,1793964,205676,1265866,963550,2765917,605325,1750351,627502,12331,721688
580640,581398,Shot,8374.0,943728,943962,4032583,18696,574861,1351689,1793964,205676,1265866,963550,2765917,605325,1758725,627502,12331,721688
580019,581489,Refulgent Arrow,9114.0,943728,943962,4032583,18696,574861,1351689,1793964,205676,1265866,963550,2775031,605325,1758725,627502,12331,721688
580019,581489,Burst Shot,20162.0,943728,943962,4052745,18696,574861,1351689,1793964,205676,1265866,963550,2775031,605325,1758725,627502,12331,721688
550738,583500,Caustic Bite (dot),2491.0,943728,943962,4052745,18696,577352,1351689,1793964,205676,1265866,963550,2775031,605325,1758725,627502,12331,721688
550738,583500,Stormbite (dot),3115.0,943728,943962,4052745,18696,577352,1351689,1793964,205676,1265866,963550,2775031,605325,1758725,627502,12331,724803
582209,583679,Burst Shot,20284.0,943728,943962,4073029,18696,577352,1351689,1793964,205676,1265866,963550,2775031,605325,1758725,627502,12331,724803
582209,583679,Refulgent Arrow,8957.0,943728,943962,4073029,18696,577352,1351689,1793964,205676,1265866,963550,2783988,605325,1758725,627502,12331,724803
583680,584438,Shot,8374.0,943728,943962,4073029,18696,577352,1351689,1793964,205676,1265866,963550,2783988,605325,1767099,627502,12331,724803
584399,585869,Refulgent Arrow,9208.0,943728,943962,4073029,18696,577352,1351689,1793964,205676,1265866,963550,2793196,605325,1767099,627502,12331,724803
584399,585869,Burst Shot,20088.0,943728,943962,4093117,18696,577352,1351689,1793964,205676,1265866,963550,2793196,605325,1767099,627502,12331,724803
550738,586500,Stormbite (dot),3115.0,943728,943962,4093117,18696,577352,1351689,1793964,205676,1265866,963550,2793196,605325,1767099,627502,12331,727918
550738,586500,Caustic Bite (dot),2491.0,943728,943962,4093117,18696,579843,1351689,1793964,205676,1265866,963550,2793196,605325,1767099,627502,12331,727918
586720,587478,Shot,8374.0,943728,943962,4093117,18696,579843,1351689,1793964,205676,1265866,963550,2793196,605325,1775473,627502,12331,727918
586489,587959,Refulgent Arrow,9156.0,943728,943962,4093117,18696,579843,1351689,1793964,205676,1265866,963550,2802352,605325,1775473,627502,12331,727918
586489,587959,Burst Shot,20129.0,943728,943962,4113246,18696,579843,1351689,1793964,205676,1265866,963550,2802352,605325,1775473,627502,12331,727918
587109,588139,Empyreal Arrow,32293.0,943728,943962,4113246,18696,579843,1383982,1793964,205676,1265866,963550,2802352,605325,1775473,627502,12331,727918
588579,589249,Iron Jaws,12417.0,943728,943962,4113246,18696,579843,1383982,1793964,218093,1265866,963550,2802352,605325,1775473,627502,12331,727918
588579,589500,Caustic Bite (dot),2484.0,943728,943962,4113246,18696,582327,1383982,1793964,218093,1265866,963550,2802352,605325,1775473,627502,12331,727918
588579,589500,Stormbite (dot),3106.0,943728,943962,4113246,18696,582327,1383982,1793964,218093,1265866,963550,2802352,605325,1775473,627502,12331,731024
589760,590518,Shot,8374.0,943728,943962,4113246,18696,582327,1383982,1793964,218093,1265866,963550,2802352,605325,1783847,627502,12331,731024
590669,592139,Refulgent Arrow,18006.0,943728,943962,4113246,18696,582327,1383982,1793964,218093,1265866,963550,2820358,605325,1783847,627502,12331,731024
590669,592139,Burst Shot,13175.0,943728,943962,4126421,18696,582327,1383982,1793964,218093,1265866,963550,2820358,605325,1783847,627502,12331,731024
588579,592500,Caustic Bite (dot),2484.0,943728,943962,4126421,18696,584811,1383982,1793964,218093,1265866,963550,2820358,605325,1783847,627502,12331,731024
588579,592500,Stormbite (dot),3106.0,943728,943962,4126421,18696,584811,1383982,1793964,218093,1265866,963550,2820358,605325,1783847,627502,12331,734130
592800,593558,Shot,8374.0,943728,943962,4126421,18696,584811,1383982,1793964,218093,1265866,963550,2820358,605325,1792221,627502,12331,734130
592759,594229,Refulgent Arrow,8752.0,943728,943962,4126421,18696,584811,1383982,1793964,218093,1265866,963550,2829110,605325,1792221,627502,12331,734130
592759,594229,Burst Shot,20446.0,943728,943962,4146867,18696,584811,1383982,1793964,218093,1265866,963550,2829110,605325,1792221,627502,12331,734130
588579,595500,Stormbite (dot),3106.0,943728,943962,4146867,18696,584811,1383982,1793964,218093,1265866,963550,2829110,605325,1792221,627502,12331,737236
588579,595500,Caustic Bite (dot),2484.0,943728,943962,4146867,18696,587295,1383982,1793964,218093,1265866,963550,2829110,605325,1792221,627502,12331,737236
594849,596319,Burst Shot,20164.0,943728,943962,4167031,18696,587295,1383982,1793964,218093,1265866,963550,2829110,605325,1792221,627502,12331,737236
594849,596319,Refulgent Arrow,9110.0,943728,943962,4167031,18696,587295,1383982,1793964,218093,1265866,963550,2838220,605325,1792221,627502,12331,737236
595840,596598,Shot,8374.0,943728,943962,4167031,18696,587295,1383982,1793964,218093,1265866,963550,2838220,605325,1800595,627502,12331,737236
596939,598409,Burst Shot,20183.0,943728,943962,4187214,18696,587295,1383982,1793964,218093,1265866,963550,2838220,605325,1800595,627502,12331,737236
596939,598409,Refulgent Arrow,9086.0,943728,943962,4187214,18696,587295,1383982,1793964,218093,1265866,963550,2847306,605325,1800595,627502,12331,737236
588579,598500,Stormbite (dot),3106.0,943728,943962,4187214,18696,587295,1383982,1793964,218093,1265866,963550,2847306,605325,1800595,627502,12331,740342
588579,598500,Caustic Bite (dot),2484.0,943728,943962,4187214,18696,589779,1383982,1793964,218093,1265866,963550,2847306,605325,1800595,627502,12331,740342
598880,599638,Shot,8374.0,943728,943962,4187214,18696,589779,1383982,1793964,218093,1265866,963550,2847306,605325,1808969,627502,12331,740342
599029,600499,Refulgent Arrow,8864.0,943728,943962,4187214,18696,589779,1383982,1793964,218093,1265866,963550,2856170,605325,1808969,627502,12331,740342
599029,600499,Burst Shot,20358.0,943728,943962,4207572,18696,589779,1383982,1793964,218093,1265866,963550,2856170,605325,1808969,627502,12331,740342
588579,601500,Caustic Bite (dot),2484.0,943728,943962,4207572,18696,592263,1383982,1793964,218093,1265866,963550,2856170,605325,1808969,627502,12331,740342
588579,601500,Stormbite (dot),3106.0,943728,943962,4207572,18696,592263,1383982,1793964,218093,1265866,963550,2856170,605325,1808969,627502,12331,743448
601119,602589,Refulgent Arrow,8815.0,943728,943962,4207572,18696,592263,1383982,1793964,218093,1265866,963550,2864985,605325,1808969,627502,12331,743448
601119,602589,Burst Shot,20396.0,943728,943962,4227968,18696,592263,1383982,1793964,218093,1265866,963550,2864985,605325,1808969,627502,12331,743448
601920,602678,Shot,8405.0,943728,943962,4227968,18696,592263,1383982,1793964,218093,1265866,963550,2864985,605325,1817374,627502,12331,743448
602359,603389,Empyreal Arrow,32412.0,943728,943962,4227968,18696,592263,1416394,1793964,218093,1265866,963550,2864985,605325,1817374,627502,12331,743448
588579,604500,Stormbite (dot),3106.0,943728,943962,4227968,18696,592263,1416394,1793964,218093,1265866,963550,2864985,605325,1817374,627502,12331,746554
588579,604500,Caustic Bite (dot),2484.0,943728,943962,4227968,18696,594747,1416394,1793964,218093,1265866,963550,2864985,605325,1817374,627502,12331,746554
603209,604679,Burst Shot,20351.0,943728,943962,4248319,18696,594747,1416394,1793964,218093,1265866,963550,2864985,605325,1817374,627502,12331,746554
603209,604679,Refulgent Arrow,9001.0,943728,943962,4248319,18696,594747,1416394,1793964,218093,1265866,963550,2873986,605325,1817374,627502,12331,746554
604960,605718,Shot,8405.0,943728,943962,4248319,18696,594747,1416394,1793964,218093,1265866,963550,2873986,605325,1825779,627502,12331,746554
605399,606869,Burst Shot,20323.0,943728,943962,4268642,18696,594747,1416394,1793964,218093,1265866,963550,2873986,605325,1825779,627502,12331,746554
605399,606869,Refulgent Arrow,9036.0,943728,943962,4268642,18696,594747,1416394,1793964,218093,1265866,963550,2883022,605325,1825779,627502,12331,746554
588579,607500,Stormbite (dot),3106.0,943728,943962,4268642,18696,594747,1416394,1793964,218093,1265866,963550,2883022,605325,1825779,627502,12331,749660
588579,607500,Caustic Bite (dot),2484.0,943728,943962,4268642,18696,597231,1416394,1793964,218093,1265866,963550,2883022,605325,1825779,627502,12331,749660
608000,608758,Shot,10821.0,943728,943962,4268642,18696,597231,1416394,1793964,218093,1265866,963550,2883022,605325,1836600,627502,12331,749660
607589,609059,Refulgent Arrow,11657.0,943728,943962,4268642,18696,597231,1416394,1793964,218093,1265866,963550,2894679,605325,1836600,627502,12331,749660
607589,609059,Burst Shot,26150.0,943728,943962,4294792,18696,597231,1416394,1793964,218093,1265866,963550,2894679,605325,1836600,627502,12331,749660
608829,609629,Pitch Perfect,42747.0,943728,943962,4294792,18696,597231,1416394,1793964,218093,1308613,963550,2894679,605325,1836600,627502,12331,749660
608829,610479,Heartbreak Shot,11848.0,943728,943962,4294792,18696,597231,1416394,1805812,218093,1308613,963550,2894679,605325,1836600,627502,12331,749660
588579,610500,Stormbite (dot),3106.0,943728,943962,4294792,18696,597231,1416394,1805812,218093,1308613,963550,2894679,605325,1836600,627502,12331,752766
588579,610500,Caustic Bite (dot),2484.0,943728,943962,4294792,18696,599715,1416394,1805812,218093,1308613,963550,2894679,605325,1836600,627502,12331,752766
609779,611739,Radiant Encore,203063.0,943728,943962,4294792,18696,599715,1416394,1805812,218093,1308613,1166613,2894679,605325,1836600,627502,12331,752766
611040,611798,Shot,12445.0,943728,943962,4294792,18696,599715,1416394,1805812,218093,1308613,1166613,2894679,605325,1849045,627502,12331,752766
611019,611819,Pitch Perfect,16738.0,943728,943962,4294792,18696,599715,1416394,1805812,218093,1325351,1166613,2894679,605325,1849045,627502,12331,752766
610399,612049,Heartbreak Shot,33217.0,943728,943962,4294792,18696,599715,1416394,1839029,218093,1325351,1166613,2894679,605325,1849045,627502,12331,752766
611019,612669,Heartbreak Shot,21369.0,943728,943962,4294792,18696,599715,1416394,1860398,218093,1325351,1166613,2894679,605325,1849045,627502,12331,752766
612589,613119,Sidewinder,73838.0,943728,943962,4294792,18696,599715,1416394,1860398,218093,1325351,1166613,2894679,605325,1849045,701340,12331,752766
611969,613439,Burst Shot,30012.0,943728,943962,4324804,18696,599715,1416394,1860398,218093,1325351,1166613,2894679,605325,1849045,701340,12331,752766
611969,613439,Refulgent Arrow,13483.0,943728,943962,4324804,18696,599715,1416394,1860398,218093,1325351,1166613,2908162,605325,1849045,701340,12331,752766
588579,613500,Stormbite (dot),3106.0,943728,943962,4324804,18696,599715,1416394,1860398,218093,1325351,1166613,2908162,605325,1849045,701340,12331,755872
588579,613500,Caustic Bite (dot),2484.0,943728,943962,4324804,18696,602199,1416394,1860398,218093,1325351,1166613,2908162,605325,1849045,701340,12331,755872
614080,614838,Shot,12445.0,943728,943962,4324804,18696,602199,1416394,1860398,218093,1325351,1166613,2908162,605325,1861490,701340,12331,755872
615109,615909,Pitch Perfect,5070.0,943728,943962,4324804,18696,602199,1416394,1860398,218093,1330421,1166613,2908162,605325,1861490,701340,12331,755872
614459,615929,Burst Shot,30170.0,943728,943962,4354974,18696,602199,1416394,1860398,218093,1330421,1166613,2908162,605325,1861490,701340,12331,755872
614459,615929,Refulgent Arrow,13282.0,943728,943962,4354974,18696,602199,1416394,1860398,218093,1330421,1166613,2921444,605325,1861490,701340,12331,755872
588579,616500,Caustic Bite (dot),2484.0,943728,943962,4354974,18696,604683,1416394,1860398,218093,1330421,1166613,2921444,605325,1861490,701340,12331,755872
588579,616500,Stormbite (dot),3106.0,943728,943962,4354974,18696,604683,1416394,1860398,218093,1330421,1166613,2921444,605325,1861490,701340,12331,758978
615759,616559,Pitch Perfect,17980.0,943728,943962,4354974,18696,604683,1416394,1860398,218093,1348401,1166613,2921444,605325,1861490,701340,12331,758978
615109,616759,Heartbreak Shot,14967.0,943728,943962,4354974,18696,604683,1416394,1875365,218093,1348401,1166613,2921444,605325,1861490,701340,12331,758978
615759,617409,Heartbreak Shot,1285.0,943728,943962,4354974,18696,604683,1416394,1876650,218093,1348401,1166613,2921444,605325,1861490,701340,12331,758978
617120,617878,Shot,12445.0,943728,943962,4354974,18696,604683,1416394,1876650,218093,1348401,1166613,2921444,605325,1873935,701340,12331,758978
616949,618419,Burst Shot,30126.0,943728,943962,4385100,18696,604683,1416394,1876650,218093,1348401,1166613,2921444,605325,1873935,701340,12331,758978
616949,618419,Refulgent Arrow,13338.0,943728,943962,4385100,18696,604683,1416394,1876650,218093,1348401,1166613,2934782,605325,1873935,701340,12331,758978
617569,618599,Empyreal Arrow,47993.0,943728,943962,4385100,18696,604683,1464387,1876650,218093,1348401,1166613,2934782,605325,1873935,701340,12331,758978
588579,619500,Stormbite (dot),3106.0,943728,943962,4385100,18696,604683,1464387,1876650,218093,1348401,1166613,2934782,605325,1873935,701340,12331,762084
588579,619500,Caustic Bite (dot),2484.0,943728,943962,4385100,18696,607167,1464387,1876650,218093,1348401,1166613,2934782,605325,1873935,701340,12331,762084
619439,620509,Apex Arrow,7770.0,951498,943962,4385100,18696,607167,1464387,1876650,218093,1348401,1166613,2934782,605325,1873935,701340,12331,762084
619439,620509,Apex Arrow,117.0,951615,943962,4385100,18696,607167,1464387,1876650,218093,1348401,1166613,2934782,605325,1873935,701340,12331,762084
619439,620509,Apex Arrow,310.0,951925,943962,4385100,18696,607167,1464387,1876650,218093,1348401,1166613,2934782,605325,1873935,701340,12331,762084
619439,620509,Apex Arrow,111349.0,1063274,943962,4385100,18696,607167,1464387,1876650,218093,1348401,1166613,2934782,605325,1873935,701340,12331,762084
619439,620509,Apex Arrow,1044.0,1064318,943962,4385100,18696,607167,1464387,1876650,218093,1348401,1166613,2934782,605325,1873935,701340,12331,762084
619439,620509,Apex Arrow,4616.0,1068934,943962,4385100,18696,607167,1464387,1876650,218093,1348401,1166613,2934782,605325,1873935,701340,12331,762084
619439,620509,Apex Arrow,41.0,1068975,943962,4385100,18696,607167,1464387,1876650,218093,1348401,1166613,2934782,605325,1873935,701340,12331,762084
619439,620509,Apex Arrow,2218.0,1071193,943962,4385100,18696,607167,1464387,1876650,218093,1348401,1166613,2934782,605325,1873935,701340,12331,762084
620059,620859,Pitch Perfect,51598.0,1071193,943962,4385100,18696,607167,1464387,1876650,218093,1399999,1166613,2934782,605325,1873935,701340,12331,762084
620160,620918,Shot,12445.0,1071193,943962,4385100,18696,607167,1464387,1876650,218093,1399999,1166613,2934782,605325,1886380,701340,12331,762084
588579,622500,Stormbite (dot),3106.0,1071193,943962,4385100,18696,607167,1464387,1876650,218093,1399999,1166613,2934782,605325,1886380,701340,12331,765190
588579,622500,Caustic Bite (dot),2484.0,1071193,943962,4385100,18696,609651,1464387,1876650,218093,1399999,1166613,2934782,605325,1886380,701340,12331,765190
621929,623399,Burst Shot,154.0,1071193,943962,4385254,18696,609651,1464387,1876650,218093,1399999,1166613,2934782,605325,1886380,701340,12331,765190
621929,623399,Refulgent Arrow,62.0,1071193,943962,4385254,18696,609651,1464387,1876650,218093,1399999,1166613,2934844,605325,1886380,701340,12331,765190
621929,623579,Blast Arrow,128574.0,1071193,1072536,4385254,18696,609651,1464387,1876650,218093,1399999,1166613,2934844,605325,1886380,701340,12331,765190
623200,623958,Shot,12445.0,1071193,1072536,4385254,18696,609651,1464387,1876650,218093,1399999,1166613,2934844,605325,1898825,701340,12331,765190
623229,624029,Pitch Perfect,10598.0,1071193,1072536,4385254,18696,609651,1464387,1876650,218093,1410597,1166613,2934844,605325,1898825,701340,12331,765190
622579,624229,Heartbreak Shot,16964.0,1071193,1072536,4385254,18696,609651,1464387,1893614,218093,1410597,1166613,2934844,605325,1898825,701340,12331,765190
588579,625500,Caustic Bite (dot),2484.0,1071193,1072536,4385254,18696,612135,1464387,1893614,218093,1410597,1166613,2934844,605325,1898825,701340,12331,765190
588579,625500,Stormbite (dot),3106.0,1071193,1072536,4385254,18696,612135,1464387,1893614,218093,1410597,1166613,2934844,605325,1898825,701340,12331,768296
624419,625579,Resonant Arrow,118138.0,1071193,1072536,4385254,18696,612135,1464387,1893614,218093,1410597,1166613,2934844,723463,1898825,701340,12331,768296
626240,626998,Shot,11851.0,1071193,1072536,4385254,18696,612135,1464387,1893614,218093,1410597,1166613,2934844,723463,1910676,701340,12331,768296
627559,628359,Pitch Perfect,2404.0,1071193,1072536,4385254,18696,612135,1464387,1893614,218093,1413001,1166613,2934844,723463,1910676,701340,12331,768296
626909,628379,Refulgent Arrow,44790.0,1071193,1072536,4385254,18696,612135,1464387,1893614,218093,1413001,1166613,2979634,723463,1910676,701340,12331,768296
626909,628499,Refulgent Arrow,44790.0,1071193,1072536,4385254,18696,612135,1464387,1893614,218093,1413001,1166613,3024424,723463,1910676,701340,12331,768296
588579,628500,Stormbite (dot),3106.0,1071193,1072536,4385254,18696,612135,1464387,1893614,218093,1413001,1166613,3024424,723463,1910676,701340,12331,771402
588579,628500,Caustic Bite (dot),2484.0,1071193,1072536,4385254,18696,614619,1464387,1893614,218093,1413001,1166613,3024424,723463,1910676,701340,12331,771402
626909,628619,Refulgent Arrow,44790.0,1071193,1072536,4385254,18696,614619,1464387,1893614,218093,1413001,1166613,3069214,723463,1910676,701340,12331,771402
629280,630038,Shot,8405.0,1071193,1072536,4385254,18696,614619,1464387,1893614,218093,1413001,1166613,3069214,723463,1919081,701340,12331,771402
629399,630069,Iron Jaws,12462.0,1071193,1072536,4385254,18696,614619,1464387,1893614,230555,1413001,1166613,3069214,723463,1919081,701340,12331,771402
630019,630819,Pitch Perfect,18206.0,1071193,1072536,4385254,18696,614619,1464387,1893614,230555,1431207,1166613,3069214,723463,1919081,701340,12331,771402
629399,631500,Stormbite (dot),3118.0,1071193,1072536,4385254,18696,614619,1464387,1893614,230555,1431207,1166613,3069214,723463,1919081,701340,12331,774520
629399,631500,Caustic Bite (dot),2493.0,1071193,1072536,4385254,18696,617112,1464387,1893614,230555,1431207,1166613,3069214,723463,1919081,701340,12331,774520
630019,631669,Heartbreak Shot,6494.0,1071193,1072536,4385254,18696,617112,1464387,1900108,230555,1431207,1166613,3069214,723463,1919081,701340,12331,774520
630639,632289,Heartbreak Shot,4482.0,1071193,1072536,4385254,18696,617112,1464387,1904590,230555,1431207,1166613,3069214,723463,1919081,701340,12331,774520
632320,633078,Shot,8405.0,1071193,1072536,4385254,18696,617112,1464387,1904590,230555,1431207,1166613,3069214,723463,1927486,701340,12331,774520
631889,633359,Burst Shot,13212.0,1071193,1072536,4398466,18696,617112,1464387,1904590,230555,1431207,1166613,3069214,723463,1927486,701340,12331,774520
631889,633359,Refulgent Arrow,18086.0,1071193,1072536,4398466,18696,617112,1464387,1904590,230555,1431207,1166613,3087300,723463,1927486,701340,12331,774520
632569,633599,Empyreal Arrow,32412.0,1071193,1072536,4398466,18696,617112,1496799,1904590,230555,1431207,1166613,3087300,723463,1927486,701340,12331,774520
633219,634019,Pitch Perfect,24139.0,1071193,1072536,4398466,18696,617112,1496799,1904590,230555,1455346,1166613,3087300,723463,1927486,701340,12331,774520
629399,634500,Caustic Bite (dot),2493.0,1071193,1072536,4398466,18696,619605,1496799,1904590,230555,1455346,1166613,3087300,723463,1927486,701340,12331,774520
629399,634500,Stormbite (dot),3118.0,1071193,1072536,4398466,18696,619605,1496799,1904590,230555,1455346,1166613,3087300,723463,1927486,701340,12331,777638
634999,635799,Pitch Perfect,13498.0,1071193,1072536,4398466,18696,619605,1496799,1904590,230555,1468844,1166613,3087300,723463,1927486,701340,12331,777638
634379,635849,Burst Shot,20315.0,1071193,1072536,4418781,18696,619605,1496799,1904590,230555,1468844,1166613,3087300,723463,1927486,701340,12331,777638
634379,635849,Refulgent Arrow,9046.0,1071193,1072536,4418781,18696,619605,1496799,1904590,230555,1468844,1166613,3096346,723463,1927486,701340,12331,777638
635360,636118,Shot,8405.0,1071193,1072536,4418781,18696,619605,1496799,1904590,230555,1468844,1166613,3096346,723463,1935891,701340,12331,777638
629399,637500,Caustic Bite (dot),2493.0,1071193,1072536,4418781,18696,622098,1496799,1904590,230555,1468844,1166613,3096346,723463,1935891,701340,12331,777638
629399,637500,Stormbite (dot),3118.0,1071193,1072536,4418781,18696,622098,1496799,1904590,230555,1468844,1166613,3096346,723463,1935891,701340,12331,780756
636869,638339,Burst Shot,20296.0,1071193,1072536,4439077,18696,622098,1496799,1904590,230555,1468844,1166613,3096346,723463,1935891,701340,12331,780756
636869,638339,Refulgent Arrow,9071.0,1071193,1072536,4439077,18696,622098,1496799,1904590,230555,1468844,1166613,3105417,723463,1935891,701340,12331,780756
638169,638969,Pitch Perfect,5219.0,1071193,1072536,4439077,18696,622098,1496799,1904590,230555,1474063,1166613,3105417,723463,1935891,701340,12331,780756
638400,639158,Shot,8405.0,1071193,1072536,4439077,18696,622098,1496799,1904590,230555,1474063,1166613,3105417,723463,1944296,701340,12331,780756
637519,639169,Heartbreak Shot,11456.0,1071193,1072536,4439077,18696,622098,1496799,1916046,230555,1474063,1166613,3105417,723463,1944296,701340,12331,780756
629399,640500,Caustic Bite (dot),2493.0,1071193,1072536,4439077,18696,624591,1496799,1916046,230555,1474063,1166613,3105417,723463,1944296,701340,12331,780756
629399,640500,Stormbite (dot),3118.0,1071193,1072536,4439077,18696,624591,1496799,1916046,230555,1474063,1166613,3105417,723463,1944296,701340,12331,783874
639359,640829,Refulgent Arrow,9032.0,1071193,1072536,4439077,18696,624591,1496799,1916046,230555,1474063,1166613,3114449,723463,1944296,701340,12331,783874
639359,640829,Burst Shot,20326.0,1071193,1072536,4459403,18696,624591,1496799,1916046,230555,1474063,1166613,3114449,723463,1944296,701340,12331,783874
641440,642198,Shot,8405.0,1071193,1072536,4459403,18696,624591,1496799,1916046,230555,1474063,1166613,3114449,723463,1952701,701340,12331,783874
642499,643299,Pitch Perfect,13629.0,1071193,1072536,4459403,18696,624591,1496799,1916046,230555,1487692,1166613,3114449,723463,1952701,701340,12331,783874
641849,643319,Burst Shot,20351.0,1071193,1072536,4479754,18696,624591,1496799,1916046,230555,1487692,1166613,3114449,723463,1952701,701340,12331,783874
641849,643319,Refulgent Arrow,9001.0,1071193,1072536,4479754,18696,624591,1496799,1916046,230555,1487692,1166613,3123450,723463,1952701,701340,12331,783874
629399,643500,Stormbite (dot),3118.0,1071193,1072536,4479754,18696,624591,1496799,1916046,230555,1487692,1166613,3123450,723463,1952701,701340,12331,786992
629399,643500,Caustic Bite (dot),2493.0,1071193,1072536,4479754,18696,627084,1496799,1916046,230555,1487692,1166613,3123450,723463,1952701,701340,12331,786992
644480,645238,Shot,8405.0,1071193,1072536,4479754,18696,627084,1496799,1916046,230555,1487692,1166613,3123450,723463,1961106,701340,12331,786992
644959,645759,Pitch Perfect,4092.0,1071193,1072536,4479754,18696,627084,1496799,1916046,230555,1491784,1166613,3123450,723463,1961106,701340,12331,786992
644959,645759,Pitch Perfect,14809.0,1071193,1072536,4479754,18696,627084,1496799,1916046,230555,1506593,1166613,3123450,723463,1961106,701340,12331,786992
644959,645759,Pitch Perfect,7563.0,1071193,1072536,4479754,18696,627084,1496799,1916046,230555,1514156,1166613,3123450,723463,1961106,701340,12331,786992
644339,645809,Burst Shot,20296.0,1071193,1072536,4500050,18696,627084,1496799,1916046,230555,1514156,1166613,3123450,723463,1961106,701340,12331,786992
644339,645809,Refulgent Arrow,9071.0,1071193,1072536,4500050,18696,627084,1496799,1916046,230555,1514156,1166613,3132521,723463,1961106,701340,12331,786992
629399,646500,Caustic Bite (dot),2493.0,1071193,1072536,4500050,18696,629577,1496799,1916046,230555,1514156,1166613,3132521,723463,1961106,701340,12331,786992
629399,646500,Stormbite (dot),3118.0,1071193,1072536,4500050,18696,629577,1496799,1916046,230555,1514156,1166613,3132521,723463,1961106,701340,12331,790110
644959,646609,Heartbreak Shot,717.0,1071193,1072536,4500050,18696,629577,1496799,1916763,230555,1514156,1166613,3132521,723463,1961106,701340,12331,790110
645609,647259,Heartbreak Shot,10251.0,1071193,1072536,4500050,18696,629577,1496799,1927014,230555,1514156,1166613,3132521,723463,1961106,701340,12331,790110
647520,648278,Shot,8399.0,1071193,1072536,4500050,18696,629577,1496799,1927014,230555,1514156,1166613,3132521,723463,1969505,701340,12331,790110
646829,648299,Refulgent Arrow,8824.0,1071193,1072536,4500050,18696,629577,1496799,1927014,230555,1514156,1166613,3141345,723463,1969505,701340,12331,790110
646829,648299,Burst Shot,20471.0,1071193,1072536,4520521,18696,629577,1496799,1927014,230555,1514156,1166613,3141345,723463,1969505,701340,12331,790110
647569,648599,Empyreal Arrow,32390.0,1071193,1072536,4520521,18696,629577,1529189,1927014,230555,1514156,1166613,3141345,723463,1969505,701340,12331,790110
629399,649500,Stormbite (dot),3118.0,1071193,1072536,4520521,18696,629577,1529189,1927014,230555,1514156,1166613,3141345,723463,1969505,701340,12331,793228
629399,649500,Caustic Bite (dot),2493.0,1071193,1072536,4520521,18696,632070,1529189,1927014,230555,1514156,1166613,3141345,723463,1969505,701340,12331,793228
648189,649839,Heartbreak Shot,11449.0,1071193,1072536,4520521,18696,632070,1529189,1938463,230555,1514156,1166613,3141345,723463,1969505,701340,12331,793228
649320,650790,Refulgent Arrow,8831.0,1071193,1072536,4520521,18696,632070,1529189,1938463,230555,1514156,1166613,3150176,723463,1969505,701340,12331,793228
649320,650790,Burst Shot,20466.0,1071193,1072536,4540987,18696,632070,1529189,1938463,230555,1514156,1166613,3150176,723463,1969505,701340,12331,793228
650560,651318,Shot,8399.0,1071193,1072536,4540987,18696,632070,1529189,1938463,230555,1514156,1166613,3150176,723463,1977904,701340,12331,793228
649940,651590,Heartbreak Shot,8929.0,1071193,1072536,4540987,18696,632070,1529189,1947392,230555,1514156,1166613,3150176,723463,1977904,701340,12331,793228
629399,652500,Caustic Bite (dot),2493.0,1071193,1072536,4540987,18696,634563,1529189,1947392,230555,1514156,1166613,3150176,723463,1977904,701340,12331,793228
629399,652500,Stormbite (dot),3118.0,1071193,1072536,4540987,18696,634563,1529189,1947392,230555,1514156,1166613,3150176,723463,1977904,701340,12331,796346
651810,653280,Burst Shot,20258.0,1071193,1072536,4561245,18696,634563,1529189,1947392,230555,1514156,1166613,3150176,723463,1977904,701340,12331,796346
651810,653280,Refulgent Arrow,9096.0,1071193,1072536,4561245,18696,634563,1529189,1947392,230555,1514156,1166613,3159272,723463,1977904,701340,12331,796346
652460,654110,Heartbreak Shot,20118.0,1071193,1072536,4561245,18696,634563,1529189,1967510,230555,1514156,1166613,3159272,723463,1977904,701340,12331,796346
653600,654358,Shot,8399.0,1071193,1072536,4561245,18696,634563,1529189,1967510,230555,1514156,1166613,3159272,723463,1986303,701340,12331,796346
629399,655500,Caustic Bite (dot),2493.0,1071193,1072536,4561245,18696,637056,1529189,1967510,230555,1514156,1166613,3159272,723463,1986303,701340,12331,796346
629399,655500,Stormbite (dot),3118.0,1071193,1072536,4561245,18696,637056,1529189,1967510,230555,1514156,1166613,3159272,723463,1986303,701340,12331,799464
654300,655770,Refulgent Arrow,8929.0,1071193,1072536,4561245,18696,637056,1529189,1967510,230555,1514156,1166613,3168201,723463,1986303,701340,12331,799464
654300,655770,Burst Shot,20389.0,1071193,1072536,4581634,18696,637056,1529189,1967510,230555,1514156,1166613,3168201,723463,1986303,701340,12331,799464
654950,656600,Heartbreak Shot,9146.0,1071193,1072536,4581634,18696,637056,1529189,1976656,230555,1514156,1166613,3168201,723463,1986303,701340,12331,799464
656640,657398,Shot,8399.0,1071193,1072536,4581634,18696,637056,1529189,1976656,230555,1514156,1166613,3168201,723463,1994702,701340,12331,799464
656790,658260,Refulgent Arrow,9204.0,1071193,1072536,4581634,18696,637056,1529189,1976656,230555,1514156,1166613,3177405,723463,1994702,701340,12331,799464
656790,658260,Burst Shot,20173.0,1071193,1072536,4601807,18696,637056,1529189,1976656,230555,1514156,1166613,3177405,723463,1994702,701340,12331,799464
629399,658500,Caustic Bite (dot),2493.0,1071193,1072536,4601807,18696,639549,1529189,1976656,230555,1514156,1166613,3177405,723463,1994702,701340,12331,799464
629399,658500,Stormbite (dot),3118.0,1071193,1072536,4601807,18696,639549,1529189,1976656,230555,1514156,1166613,3177405,723463,1994702,701340,12331,802582
658090,659740,Heartbreak Shot,8855.0,1071193,1072536,4601807,18696,639549,1529189,1985511,230555,1514156,1166613,3177405,723463,1994702,701340,12331,802582
659680,660438,Shot,8399.0,1071193,1072536,4601807,18696,639549,1529189,1985511,230555,1514156,1166613,3177405,723463,2003101,701340,12331,802582
659280,660750,Refulgent Arrow,9085.0,1071193,1072536,4601807,18696,639549,1529189,1985511,230555,1514156,1166613,3186490,723463,2003101,701340,12331,802582
659280,660750,Burst Shot,20266.0,1071193,1072536,4622073,18696,639549,1529189,1985511,230555,1514156,1166613,3186490,723463,2003101,701340,12331,802582
629399,661500,Caustic Bite (dot),2493.0,1071193,1072536,4622073,18696,642042,1529189,1985511,230555,1514156,1166613,3186490,723463,2003101,701340,12331,802582
629399,661500,Stormbite (dot),3118.0,1071193,1072536,4622073,18696,642042,1529189,1985511,230555,1514156,1166613,3186490,723463,2003101,701340,12331,805700
659900,661550,Heartbreak Shot,11258.0,1071193,1072536,4622073,18696,642042,1529189,1996769,230555,1514156,1166613,3186490,723463,2003101,701340,12331,805700
661770,663240,Burst Shot,20293.0,1071193,1072536,4642366,18696,642042,1529189,1996769,230555,1514156,1166613,3186490,723463,2003101,701340,12331,805700
661770,663240,Refulgent Arrow,9051.0,1071193,1072536,4642366,18696,642042,1529189,1996769,230555,1514156,1166613,3195541,723463,2003101,701340,12331,805700
662720,663478,Shot,8399.0,1071193,1072536,4642366,18696,642042,1529189,1996769,230555,1514156,1166613,3195541,723463,2011500,701340,12331,805700
662569,663599,Empyreal Arrow,32390.0,1071193,1072536,4642366,18696,642042,1561579,1996769,230555,1514156,1166613,3195541,723463,2011500,701340,12331,805700
629399,664500,Stormbite (dot),3118.0,1071193,1072536,4642366,18696,642042,1561579,1996769,230555,1514156,1166613,3195541,723463,2011500,701340,12331,808818
629399,664500,Caustic Bite (dot),2493.0,1071193,1072536,4642366,18696,644535,1561579,1996769,230555,1514156,1166613,3195541,723463,2011500,701340,12331,808818
663189,664839,Heartbreak Shot,20210.0,1071193,1072536,4642366,18696,644535,1561579,2016979,230555,1514156,1166613,3195541,723463,2011500,701340,12331,808818
664260,665730,Refulgent Arrow,9371.0,1071193,1072536,4642366,18696,644535,1561579,2016979,230555,1514156,1166613,3204912,723463,2011500,701340,12331,808818
664260,665730,Burst Shot,20041.0,1071193,1072536,4662407,18696,644535,1561579,2016979,230555,1514156,1166613,3204912,723463,2011500,701340,12331,808818
665760,666518,Shot,8399.0,1071193,1072536,4662407,18696,644535,1561579,2016979,230555,1514156,1166613,3204912,723463,2019899,701340,12331,808818
664910,666560,Heartbreak Shot,8958.0,1071193,1072536,4662407,18696,644535,1561579,2025937,230555,1514156,1166613,3204912,723463,2019899,701340,12331,808818
629399,667500,Stormbite (dot),3118.0,1071193,1072536,4662407,18696,644535,1561579,2025937,230555,1514156,1166613,3204912,723463,2019899,701340,12331,811936
629399,667500,Caustic Bite (dot),2493.0,1071193,1072536,4662407,18696,647028,1561579,2025937,230555,1514156,1166613,3204912,723463,2019899,701340,12331,811936
666750,668220,Burst Shot,20532.0,1071193,1072536,4682939,18696,647028,1561579,2025937,230555,1514156,1166613,3204912,723463,2019899,701340,12331,811936
666750,668220,Refulgent Arrow,8747.0,1071193,1072536,4682939,18696,647028,1561579,2025937,230555,1514156,1166613,3213659,723463,2019899,701340,12331,811936
667370,669020,Heartbreak Shot,20156.0,1071193,1072536,4682939,18696,647028,1561579,2046093,230555,1514156,1166613,3213659,723463,2019899,701340,12331,811936
668800,669558,Shot,8399.0,1071193,1072536,4682939,18696,647028,1561579,2046093,230555,1514156,1166613,3213659,723463,2028298,701340,12331,811936
669240,670310,Apex Arrow,40919.0,1112112,1072536,4682939,18696,647028,1561579,2046093,230555,1514156,1166613,3213659,723463,2028298,701340,12331,811936
669240,670310,Apex Arrow,4225.0,1116337,1072536,4682939,18696,647028,1561579,2046093,230555,1514156,1166613,3213659,723463,2028298,701340,12331,811936
669240,670310,Apex Arrow,2160.0,1118497,1072536,4682939,18696,647028,1561579,2046093,230555,1514156,1166613,3213659,723463,2028298,701340,12331,811936
669240,670310,Apex Arrow,8218.0,1126715,1072536,4682939,18696,647028,1561579,2046093,230555,1514156,1166613,3213659,723463,2028298,701340,12331,811936
669240,670310,Apex Arrow,8578.0,1135293,1072536,4682939,18696,647028,1561579,2046093,230555,1514156,1166613,3213659,723463,2028298,701340,12331,811936
669240,670310,Apex Arrow,765.0,1136058,1072536,4682939,18696,647028,1561579,2046093,230555,1514156,1166613,3213659,723463,2028298,701340,12331,811936
669240,670310,Apex Arrow,282.0,1136340,1072536,4682939,18696,647028,1561579,2046093,230555,1514156,1166613,3213659,723463,2028298,701340,12331,811936
669240,670310,Apex Arrow,67.0,1136407,1072536,4682939,18696,647028,1561579,2046093,230555,1514156,1166613,3213659,723463,2028298,701340,12331,811936
669240,670310,Apex Arrow,17.0,1136424,1072536,4682939,18696,647028,1561579,2046093,230555,1514156,1166613,3213659,723463,2028298,701340,12331,811936
669240,670310,Apex Arrow,7990.0,1144414,1072536,4682939,18696,647028,1561579,2046093,230555,1514156,1166613,3213659,723463,2028298,701340,12331,811936
669240,670310,Apex Arrow,6544.0,1150958,1072536,4682939,18696,647028,1561579,2046093,230555,1514156,1166613,3213659,723463,2028298,701340,12331,811936
629399,670500,Stormbite (dot),3118.0,1150958,1072536,4682939,18696,647028,1561579,2046093,230555,1514156,1166613,3213659,723463,2028298,701340,12331,815054
629399,670500,Caustic Bite (dot),2493.0,1150958,1072536,4682939,18696,649521,1561579,2046093,230555,1514156,1166613,3213659,723463,2028298,701340,12331,815054
669890,671540,Heartbreak Shot,8897.0,1150958,1072536,4682939,18696,649521,1561579,2054990,230555,1514156,1166613,3213659,723463,2028298,701340,12331,815054
671840,672598,Shot,8399.0,1150958,1072536,4682939,18696,649521,1561579,2054990,230555,1514156,1166613,3213659,723463,2036697,701340,12331,815054
672589,673119,Sidewinder,49833.0,1150958,1072536,4682939,18696,649521,1561579,2054990,230555,1514156,1166613,3213659,723463,2036697,751173,12331,815054
671730,673200,Refulgent Arrow,1070.0,1150958,1072536,4682939,18696,649521,1561579,2054990,230555,1514156,1166613,3214729,723463,2036697,751173,12331,815054
671730,673200,Burst Shot,2466.0,1150958,1072536,4685405,18696,649521,1561579,2054990,230555,1514156,1166613,3214729,723463,2036697,751173,12331,815054
671730,673380,Blast Arrow,76684.0,1150958,1149220,4685405,18696,649521,1561579,2054990,230555,1514156,1166613,3214729,723463,2036697,751173,12331,815054
629399,673500,Stormbite (dot),3118.0,1150958,1149220,4685405,18696,649521,1561579,2054990,230555,1514156,1166613,3214729,723463,2036697,751173,12331,818172
629399,673500,Caustic Bite (dot),2493.0,1150958,1149220,4685405,18696,652014,1561579,2054990,230555,1514156,1166613,3214729,723463,2036697,751173,12331,818172
673209,674859,Heartbreak Shot,9222.0,1150958,1149220,4685405,18696,652014,1561579,2064212,230555,1514156,1166613,3214729,723463,2036697,751173,12331,818172
674220,674890,Iron Jaws,12454.0,1150958,1149220,4685405,18696,652014,1561579,2064212,243009,1514156,1166613,3214729,723463,2036697,751173,12331,818172
674880,675638,Shot,8399.0,1150958,1149220,4685405,18696,652014,1561579,2064212,243009,1514156,1166613,3214729,723463,2045096,751173,12331,818172
674220,676500,Stormbite (dot),3115.0,1150958,1149220,4685405,18696,652014,1561579,2064212,243009,1514156,1166613,3214729,723463,2045096,751173,12331,821287
674220,676500,Caustic Bite (dot),2491.0,1150958,1149220,4685405,18696,654505,1561579,2064212,243009,1514156,1166613,3214729,723463,2045096,751173,12331,821287
674870,676520,Heartbreak Shot,11043.0,1150958,1149220,4685405,18696,654505,1561579,2075255,243009,1514156,1166613,3214729,723463,2045096,751173,12331,821287
676710,678180,Burst Shot,13335.0,1150958,1149220,4698740,18696,654505,1561579,2075255,243009,1514156,1166613,3214729,723463,2045096,751173,12331,821287
676710,678180,Refulgent Arrow,17906.0,1150958,1149220,4698740,18696,654505,1561579,2075255,243009,1514156,1166613,3232635,723463,2045096,751173,12331,821287
677569,678599,Empyreal Arrow,32390.0,1150958,1149220,4698740,18696,654505,1593969,2075255,243009,1514156,1166613,3232635,723463,2045096,751173,12331,821287
677920,678678,Shot,8399.0,1150958,1149220,4698740,18696,654505,1593969,2075255,243009,1514156,1166613,3232635,723463,2053495,751173,12331,821287
674220,679500,Stormbite (dot),3115.0,1150958,1149220,4698740,18696,654505,1593969,2075255,243009,1514156,1166613,3232635,723463,2053495,751173,12331,824402
674220,679500,Caustic Bite (dot),2491.0,1150958,1149220,4698740,18696,656996,1593969,2075255,243009,1514156,1166613,3232635,723463,2053495,751173,12331,824402
678189,679839,Heartbreak Shot,20286.0,1150958,1149220,4698740,18696,656996,1593969,2095541,243009,1514156,1166613,3232635,723463,2053495,751173,12331,824402
679200,680670,Refulgent Arrow,9106.0,1150958,1149220,4698740,18696,656996,1593969,2095541,243009,1514156,1166613,3241741,723463,2053495,751173,12331,824402
679200,680670,Burst Shot,20249.0,1150958,1149220,4718989,18696,656996,1593969,2095541,243009,1514156,1166613,3241741,723463,2053495,751173,12331,824402
679820,681470,Heartbreak Shot,8915.0,1150958,1149220,4718989,18696,656996,1593969,2104456,243009,1514156,1166613,3241741,723463,2053495,751173,12331,824402
680960,681718,Shot,8399.0,1150958,1149220,4718989,18696,656996,1593969,2104456,243009,1514156,1166613,3241741,723463,2061894,751173,12331,824402
674220,682500,Caustic Bite (dot),2491.0,1150958,1149220,4718989,18696,659487,1593969,2104456,243009,1514156,1166613,3241741,723463,2061894,751173,12331,824402
674220,682500,Stormbite (dot),3115.0,1150958,1149220,4718989,18696,659487,1593969,2104456,243009,1514156,1166613,3241741,723463,2061894,751173,12331,827517
681690,683160,Refulgent Arrow,9267.0,1150958,1149220,4718989,18696,659487,1593969,2104456,243009,1514156,1166613,3251008,723463,2061894,751173,12331,827517
681690,683160,Burst Shot,20123.0,1150958,1149220,4739112,18696,659487,1593969,2104456,243009,1514156,1166613,3251008,723463,2061894,751173,12331,827517
682310,683960,Heartbreak Shot,20136.0,1150958,1149220,4739112,18696,659487,1593969,2124592,243009,1514156,1166613,3251008,723463,2061894,751173,12331,827517
684000,684758,Shot,8374.0,1150958,1149220,4739112,18696,659487,1593969,2124592,243009,1514156,1166613,3251008,723463,2070268,751173,12331,827517
674220,685500,Stormbite (dot),3115.0,1150958,1149220,4739112,18696,659487,1593969,2124592,243009,1514156,1166613,3251008,723463,2070268,751173,12331,830632
674220,685500,Caustic Bite (dot),2491.0,1150958,1149220,4739112,18696,661978,1593969,2124592,243009,1514156,1166613,3251008,723463,2070268,751173,12331,830632
684180,685650,Refulgent Arrow,8982.0,1150958,1149220,4739112,18696,661978,1593969,2124592,243009,1514156,1166613,3259990,723463,2070268,751173,12331,830632
684180,685650,Burst Shot,20265.0,1150958,1149220,4759377,18696,661978,1593969,2124592,243009,1514156,1166613,3259990,723463,2070268,751173,12331,830632
687040,687798,Shot,8374.0,1150958,1149220,4759377,18696,661978,1593969,2124592,243009,1514156,1166613,3259990,723463,2078642,751173,12331,830632
686670,688140,Refulgent Arrow,9065.0,1150958,1149220,4759377,18696,661978,1593969,2124592,243009,1514156,1166613,3269055,723463,2078642,751173,12331,830632
686670,688140,Burst Shot,20200.0,1150958,1149220,4779577,18696,661978,1593969,2124592,243009,1514156,1166613,3269055,723463,2078642,751173,12331,830632
674220,688500,Caustic Bite (dot),2491.0,1150958,1149220,4779577,18696,664469,1593969,2124592,243009,1514156,1166613,3269055,723463,2078642,751173,12331,830632
674220,688500,Stormbite (dot),3115.0,1150958,1149220,4779577,18696,664469,1593969,2124592,243009,1514156,1166613,3269055,723463,2078642,751173,12331,833747
689060,690530,Burst Shot,20252.0,1150958,1149220,4799829,18696,664469,1593969,2124592,243009,1514156,1166613,3269055,723463,2078642,751173,12331,833747
689060,690530,Refulgent Arrow,8999.0,1150958,1149220,4799829,18696,664469,1593969,2124592,243009,1514156,1166613,3278054,723463,2078642,751173,12331,833747
690080,690838,Shot,8374.0,1150958,1149220,4799829,18696,664469,1593969,2124592,243009,1514156,1166613,3278054,723463,2087016,751173,12331,833747
689710,691360,Heartbreak Shot,11191.0,1150958,1149220,4799829,18696,664469,1593969,2135783,243009,1514156,1166613,3278054,723463,2087016,751173,12331,833747
674220,691500,Caustic Bite (dot),2491.0,1150958,1149220,4799829,18696,666960,1593969,2135783,243009,1514156,1166613,3278054,723463,2087016,751173,12331,833747
674220,691500,Stormbite (dot),3115.0,1150958,1149220,4799829,18696,666960,1593969,2135783,243009,1514156,1166613,3278054,723463,2087016,751173,12331,836862
691450,692920,Refulgent Arrow,8933.0,1150958,1149220,4799829,18696,666960,1593969,2135783,243009,1514156,1166613,3286987,723463,2087016,751173,12331,836862
691450,692920,Burst Shot,20304.0,1150958,1149220,4820133,18696,666960,1593969,2135783,243009,1514156,1166613,3286987,723463,2087016,751173,12331,836862
692569,693599,Empyreal Arrow,32293.0,1150958,1149220,4820133,18696,666960,1626262,2135783,243009,1514156,1166613,3286987,723463,2087016,751173,12331,836862
693120,693878,Shot,8374.0,1150958,1149220,4820133,18696,666960,1626262,2135783,243009,1514156,1166613,3286987,723463,2095390,751173,12331,836862
674220,694500,Caustic Bite (dot),2491.0,1150958,1149220,4820133,18696,669451,1626262,2135783,243009,1514156,1166613,3286987,723463,2095390,751173,12331,836862
674220,694500,Stormbite (dot),3115.0,1150958,1149220,4820133,18696,669451,1626262,2135783,243009,1514156,1166613,3286987,723463,2095390,751173,12331,839977
693840,695310,Burst Shot,20252.0,1150958,1149220,4840385,18696,669451,1626262,2135783,243009,1514156,1166613,3286987,723463,2095390,751173,12331,839977
693840,695310,Refulgent Arrow,8999.0,1150958,1149220,4840385,18696,669451,1626262,2135783,243009,1514156,1166613,3295986,723463,2095390,751173,12331,839977
696160,696918,Shot,8374.0,1150958,1149220,4840385,18696,669451,1626262,2135783,243009,1514156,1166613,3295986,723463,2103764,751173,12331,839977
696030,697500,Burst Shot,20375.0,1150958,1149220,4860760,18696,669451,1626262,2135783,243009,1514156,1166613,3295986,723463,2103764,751173,12331,839977
696030,697500,Refulgent Arrow,8843.0,1150958,1149220,4860760,18696,669451,1626262,2135783,243009,1514156,1166613,3304829,723463,2103764,751173,12331,839977
674220,697500,Stormbite (dot),3115.0,1150958,1149220,4860760,18696,669451,1626262,2135783,243009,1514156,1166613,3304829,723463,2103764,751173,12331,843092
674220,697500,Caustic Bite (dot),2491.0,1150958,1149220,4860760,18696,671942,1626262,2135783,243009,1514156,1166613,3304829,723463,2103764,751173,12331,843092
696680,698330,Heartbreak Shot,11160.0,1150958,1149220,4860760,18696,671942,1626262,2146943,243009,1514156,1166613,3304829,723463,2103764,751173,12331,843092
698120,699590,Refulgent Arrow,9114.0,1150958,1149220,4860760,18696,671942,1626262,2146943,243009,1514156,1166613,3313943,723463,2103764,751173,12331,843092
698120,699590,Burst Shot,20162.0,1150958,1149220,4880922,18696,671942,1626262,2146943,243009,1514156,1166613,3313943,723463,2103764,751173,12331,843092
699200,699958,Shot,8374.0,1150958,1149220,4880922,18696,671942,1626262,2146943,243009,1514156,1166613,3313943,723463,2112138,751173,12331,843092
674220,700500,Stormbite (dot),3115.0,1150958,1149220,4880922,18696,671942,1626262,2146943,243009,1514156,1166613,3313943,723463,2112138,751173,12331,846207
674220,700500,Caustic Bite (dot),2491.0,1150958,1149220,4880922,18696,674433,1626262,2146943,243009,1514156,1166613,3313943,723463,2112138,751173,12331,846207
700210,701680,Refulgent Arrow,9024.0,1150958,1149220,4880922,18696,674433,1626262,2146943,243009,1514156,1166613,3322967,723463,2112138,751173,12331,846207
700210,701680,Burst Shot,20233.0,1150958,1149220,4901155,18696,674433,1626262,2146943,243009,1514156,1166613,3322967,723463,2112138,751173,12331,846207
702240,702998,Shot,8374.0,1150958,1149220,4901155,18696,674433,1626262,2146943,243009,1514156,1166613,3322967,723463,2120512,751173,12331,846207
674220,703500,Caustic Bite (dot),2491.0,1150958,1149220,4901155,18696,676924,1626262,2146943,243009,1514156,1166613,3322967,723463,2120512,751173,12331,846207
674220,703500,Stormbite (dot),3115.0,1150958,1149220,4901155,18696,676924,1626262,2146943,243009,1514156,1166613,3322967,723463,2120512,751173,12331,849322
702300,703770,Refulgent Arrow,8968.0,1150958,1149220,4901155,18696,676924,1626262,2146943,243009,1514156,1166613,3331935,723463,2120512,751173,12331,849322
702300,703770,Burst Shot,20276.0,1150958,1149220,4921431,18696,676924,1626262,2146943,243009,1514156,1166613,3331935,723463,2120512,751173,12331,849322
704390,705860,Burst Shot,20224.0,1150958,1149220,4941655,18696,676924,1626262,2146943,243009,1514156,1166613,3331935,723463,2120512,751173,12331,849322
704390,705860,Refulgent Arrow,9034.0,1150958,1149220,4941655,18696,676924,1626262,2146943,243009,1514156,1166613,3340969,723463,2120512,751173,12331,849322
705280,706038,Shot,8374.0,1150958,1149220,4941655,18696,676924,1626262,2146943,243009,1514156,1166613,3340969,723463,2128886,751173,12331,849322
674220,706500,Caustic Bite (dot),2491.0,1150958,1149220,4941655,18696,679415,1626262,2146943,243009,1514156,1166613,3340969,723463,2128886,751173,12331,849322
674220,706500,Stormbite (dot),3115.0,1150958,1149220,4941655,18696,679415,1626262,2146943,243009,1514156,1166613,3340969,723463,2128886,751173,12331,852437
706480,707950,Refulgent Arrow,8780.0,1150958,1149220,4941655,18696,679415,1626262,2146943,243009,1514156,1166613,3349749,723463,2128886,751173,12331,852437
706480,707950,Burst Shot,20424.0,1150958,1149220,4962079,18696,679415,1626262,2146943,243009,1514156,1166613,3349749,723463,2128886,751173,12331,852437
707569,708599,Empyreal Arrow,32293.0,1150958,1149220,4962079,18696,679415,1658555,2146943,243009,1514156,1166613,3349749,723463,2128886,751173,12331,852437
708320,709078,Shot,8374.0,1150958,1149220,4962079,18696,679415,1658555,2146943,243009,1514156,1166613,3349749,723463,2137260,751173,12331,852437
708570,709240,Iron Jaws,12417.0,1150958,1149220,4962079,18696,679415,1658555,2146943,255426,1514156,1166613,3349749,723463,2137260,751173,12331,852437
708570,709500,Caustic Bite (dot),2484.0,1150958,1149220,4962079,18696,681899,1658555,2146943,255426,1514156,1166613,3349749,723463,2137260,751173,12331,852437
708570,709500,Stormbite (dot),3106.0,1150958,1149220,4962079,18696,681899,1658555,2146943,255426,1514156,1166613,3349749,723463,2137260,751173,12331,855543
711360,712118,Shot,8374.0,1150958,1149220,4962079,18696,681899,1658555,2146943,255426,1514156,1166613,3349749,723463,2145634,751173,12331,855543
710660,712130,Burst Shot,13090.0,1150958,1149220,4975169,18696,681899,1658555,2146943,255426,1514156,1166613,3349749,723463,2145634,751173,12331,855543
710660,712130,Refulgent Arrow,18114.0,1150958,1149220,4975169,18696,681899,1658555,2146943,255426,1514156,1166613,3367863,723463,2145634,751173,12331,855543
708570,712500,Stormbite (dot),3106.0,1150958,1149220,4975169,18696,681899,1658555,2146943,255426,1514156,1166613,3367863,723463,2145634,751173,12331,858649
708570,712500,Caustic Bite (dot),2484.0,1150958,1149220,4975169,18696,684383,1658555,2146943,255426,1514156,1166613,3367863,723463,2145634,751173,12331,858649
712750,714220,Burst Shot,20282.0,1150958,1149220,4995451,18696,684383,1658555,2146943,255426,1514156,1166613,3367863,723463,2145634,751173,12331,858649
712750,714220,Refulgent Arrow,8961.0,1150958,1149220,4995451,18696,684383,1658555,2146943,255426,1514156,1166613,3376824,723463,2145634,751173,12331,858649
714400,715158,Shot,8374.0,1150958,1149220,4995451,18696,684383,1658555,2146943,255426,1514156,1166613,3376824,723463,2154008,751173,12331,858649
708570,715500,Caustic Bite (dot),2484.0,1150958,1149220,4995451,18696,686867,1658555,2146943,255426,1514156,1166613,3376824,723463,2154008,751173,12331,858649
708570,715500,Stormbite (dot),3106.0,1150958,1149220,4995451,18696,686867,1658555,2146943,255426,1514156,1166613,3376824,723463,2154008,751173,12331,861755
714840,716310,Refulgent Arrow,9044.0,1150958,1149220,4995451,18696,686867,1658555,2146943,255426,1514156,1166613,3385868,723463,2154008,751173,12331,861755
714840,716310,Burst Shot,20216.0,1150958,1149220,5015667,18696,686867,1658555,2146943,255426,1514156,1166613,3385868,723463,2154008,751173,12331,861755
717440,718198,Shot,8374.0,1150958,1149220,5015667,18696,686867,1658555,2146943,255426,1514156,1166613,3385868,723463,2162382,751173,12331,861755
716930,718400,Burst Shot,20293.0,1150958,1149220,5035960,18696,686867,1658555,2146943,255426,1514156,1166613,3385868,723463,2162382,751173,12331,861755
716930,718400,Refulgent Arrow,8947.0,1150958,1149220,5035960,18696,686867,1658555,2146943,255426,1514156,1166613,3394815,723463,2162382,751173,12331,861755
708570,718500,Stormbite (dot),3106.0,1150958,1149220,5035960,18696,686867,1658555,2146943,255426,1514156,1166613,3394815,723463,2162382,751173,12331,864861
708570,718500,Caustic Bite (dot),2484.0,1150958,1149220,5035960,18696,689351,1658555,2146943,255426,1514156,1166613,3394815,723463,2162382,751173,12331,864861
719020,720490,Burst Shot,20306.0,1150958,1149220,5056266,18696,689351,1658555,2146943,255426,1514156,1166613,3394815,723463,2162382,751173,12331,864861
719020,720490,Refulgent Arrow,8930.0,1150958,1149220,5056266,18696,689351,1658555,2146943,255426,1514156,1166613,3403745,723463,2162382,751173,12331,864861
720480,721238,Shot,8374.0,1150958,1149220,5056266,18696,689351,1658555,2146943,255426,1514156,1166613,3403745,723463,2170756,751173,12331,864861
708570,721500,Stormbite (dot),3106.0,1150958,1149220,5056266,18696,689351,1658555,2146943,255426,1514156,1166613,3403745,723463,2170756,751173,12331,867967
708570,721500,Caustic Bite (dot),2484.0,1150958,1149220,5056266,18696,691835,1658555,2146943,255426,1514156,1166613,3403745,723463,2170756,751173,12331,867967
721111,722581,Refulgent Arrow,8860.0,1150958,1149220,5056266,18696,691835,1658555,2146943,255426,1514156,1166613,3412605,723463,2170756,751173,12331,867967
721111,722581,Burst Shot,20361.0,1150958,1149220,5076627,18696,691835,1658555,2146943,255426,1514156,1166613,3412605,723463,2170756,751173,12331,867967
723520,724278,Shot,9097.0,1150958,1149220,5076627,18696,691835,1658555,2146943,255426,1514156,1166613,3412605,723463,2179853,751173,12331,867967
708570,724500,Stormbite (dot),3106.0,1150958,1149220,5076627,18696,691835,1658555,2146943,255426,1514156,1166613,3412605,723463,2179853,751173,12331,871073
708570,724500,Caustic Bite (dot),2484.0,1150958,1149220,5076627,18696,694319,1658555,2146943,255426,1514156,1166613,3412605,723463,2179853,751173,12331,871073
723201,724671,Burst Shot,22046.0,1150958,1149220,5098673,18696,694319,1658555,2146943,255426,1514156,1166613,3412605,723463,2179853,751173,12331,871073
723201,724671,Refulgent Arrow,9716.0,1150958,1149220,5098673,18696,694319,1658555,2146943,255426,1514156,1166613,3422321,723463,2179853,751173,12331,871073
723821,724851,Empyreal Arrow,35080.0,1150958,1149220,5098673,18696,694319,1693635,2146943,255426,1514156,1166613,3422321,723463,2179853,751173,12331,871073
725391,726861,Refulgent Arrow,10033.0,1150958,1149220,5098673,18696,694319,1693635,2146943,255426,1514156,1166613,3432354,723463,2179853,751173,12331,871073
725391,726861,Burst Shot,21797.0,1150958,1149220,5120470,18696,694319,1693635,2146943,255426,1514156,1166613,3432354,723463,2179853,751173,12331,871073
726560,727318,Shot,9577.0,1150958,1149220,5120470,18696,694319,1693635,2146943,255426,1514156,1166613,3432354,723463,2189430,751173,12331,871073
708570,727500,Caustic Bite (dot),2484.0,1150958,1149220,5120470,18696,696803,1693635,2146943,255426,1514156,1166613,3432354,723463,2189430,751173,12331,871073
708570,727500,Stormbite (dot),3106.0,1150958,1149220,5120470,18696,696803,1693635,2146943,255426,1514156,1166613,3432354,723463,2189430,751173,12331,874179
727581,729051,Refulgent Arrow,12734.0,1150958,1149220,5120470,18696,696803,1693635,2146943,255426,1514156,1166613,3445088,723463,2189430,751173,12331,874179
727581,729051,Burst Shot,28210.0,1150958,1149220,5148680,18696,696803,1693635,2146943,255426,1514156,1166613,3445088,723463,2189430,751173,12331,874179
728829,729629,Pitch Perfect,46124.0,1150958,1149220,5148680,18696,696803,1693635,2146943,255426,1560280,1166613,3445088,723463,2189430,751173,12331,874179
729600,730358,Shot,13470.0,1150958,1149220,5148680,18696,696803,1693635,2146943,255426,1560280,1166613,3445088,723463,2202900,751173,12331,874179
728829,730479,Heartbreak Shot,12898.0,1150958,1149220,5148680,18696,696803,1693635,2159841,255426,1560280,1166613,3445088,723463,2202900,751173,12331,874179
708570,730500,Stormbite (dot),3106.0,1150958,1149220,5148680,18696,696803,1693635,2159841,255426,1560280,1166613,3445088,723463,2202900,751173,12331,877285
708570,730500,Caustic Bite (dot),2484.0,1150958,1149220,5148680,18696,699287,1693635,2159841,255426,1560280,1166613,3445088,723463,2202900,751173,12331,877285
729771,731731,Radiant Encore,219781.0,1150958,1149220,5148680,18696,699287,1693635,2159841,255426,1560280,1386394,3445088,723463,2202900,751173,12331,877285
731041,731841,Pitch Perfect,18412.0,1150958,1149220,5148680,18696,699287,1693635,2159841,255426,1578692,1386394,3445088,723463,2202900,751173,12331,877285
730391,732041,Heartbreak Shot,35958.0,1150958,1149220,5148680,18696,699287,1693635,2195799,255426,1578692,1386394,3445088,723463,2202900,751173,12331,877285
731041,732691,Heartbreak Shot,23060.0,1150958,1149220,5148680,18696,699287,1693635,2218859,255426,1578692,1386394,3445088,723463,2202900,751173,12331,877285
732589,733119,Sidewinder,79919.0,1150958,1149220,5148680,18696,699287,1693635,2218859,255426,1578692,1386394,3445088,723463,2202900,831092,12331,877285
732640,733398,Shot,13470.0,1150958,1149220,5148680,18696,699287,1693635,2218859,255426,1578692,1386394,3445088,723463,2216370,831092,12331,877285
731961,733431,Refulgent Arrow,14482.0,1150958,1149220,5148680,18696,699287,1693635,2218859,255426,1578692,1386394,3459570,723463,2216370,831092,12331,877285
731961,733431,Burst Shot,32569.0,1150958,1149220,5181249,18696,699287,1693635,2218859,255426,1578692,1386394,3459570,723463,2216370,831092,12331,877285
708570,733500,Caustic Bite (dot),2484.0,1150958,1149220,5181249,18696,701771,1693635,2218859,255426,1578692,1386394,3459570,723463,2216370,831092,12331,877285
708570,733500,Stormbite (dot),3106.0,1150958,1149220,5181249,18696,701771,1693635,2218859,255426,1578692,1386394,3459570,723463,2216370,831092,12331,880391
735101,735901,Pitch Perfect,5480.0,1150958,1149220,5181249,18696,701771,1693635,2218859,255426,1584172,1386394,3459570,723463,2216370,831092,12331,880391
734451,735921,Burst Shot,32442.0,1150958,1149220,5213691,18696,701771,1693635,2218859,255426,1584172,1386394,3459570,723463,2216370,831092,12331,880391
734451,735921,Refulgent Arrow,14644.0,1150958,1149220,5213691,18696,701771,1693635,2218859,255426,1584172,1386394,3474214,723463,2216370,831092,12331,880391
735680,736438,Shot,13470.0,1150958,1149220,5213691,18696,701771,1693635,2218859,255426,1584172,1386394,3474214,723463,2229840,831092,12331,880391
708570,736500,Caustic Bite (dot),2484.0,1150958,1149220,5213691,18696,704255,1693635,2218859,255426,1584172,1386394,3474214,723463,2229840,831092,12331,880391
708570,736500,Stormbite (dot),3106.0,1150958,1149220,5213691,18696,704255,1693635,2218859,255426,1584172,1386394,3474214,723463,2229840,831092,12331,883497
735101,736751,Heartbreak Shot,16605.0,1150958,1149220,5213691,18696,704255,1693635,2235464,255426,1584172,1386394,3474214,723463,2229840,831092,12331,883497
735751,737401,Heartbreak Shot,1398.0,1150958,1149220,5213691,18696,704255,1693635,2236862,255426,1584172,1386394,3474214,723463,2229840,831092,12331,883497
737561,738361,Pitch Perfect,25000.0,1150958,1149220,5213691,18696,704255,1693635,2236862,255426,1609172,1386394,3474214,723463,2229840,831092,12331,883497
736941,738411,Refulgent Arrow,14403.0,1150958,1149220,5213691,18696,704255,1693635,2236862,255426,1609172,1386394,3488617,723463,2229840,831092,12331,883497
736941,738411,Burst Shot,32631.0,1150958,1149220,5246322,18696,704255,1693635,2236862,255426,1609172,1386394,3488617,723463,2229840,831092,12331,883497
738720,739478,Shot,13470.0,1150958,1149220,5246322,18696,704255,1693635,2236862,255426,1609172,1386394,3488617,723463,2243310,831092,12331,883497
708570,739500,Caustic Bite (dot),2484.0,1150958,1149220,5246322,18696,706739,1693635,2236862,255426,1609172,1386394,3488617,723463,2243310,831092,12331,883497
708570,739500,Stormbite (dot),3106.0,1150958,1149220,5246322,18696,706739,1693635,2236862,255426,1609172,1386394,3488617,723463,2243310,831092,12331,886603
738821,739851,Empyreal Arrow,51944.0,1150958,1149220,5246322,18696,706739,1745579,2236862,255426,1609172,1386394,3488617,723463,2243310,831092,12331,886603
739441,740511,Apex Arrow,1132.0,1152090,1149220,5246322,18696,706739,1745579,2236862,255426,1609172,1386394,3488617,723463,2243310,831092,12331,886603
739441,740511,Apex Arrow,2883.0,1154973,1149220,5246322,18696,706739,1745579,2236862,255426,1609172,1386394,3488617,723463,2243310,831092,12331,886603
739441,740511,Apex Arrow,249.0,1155222,1149220,5246322,18696,706739,1745579,2236862,255426,1609172,1386394,3488617,723463,2243310,831092,12331,886603
739441,740511,Apex Arrow,89.0,1155311,1149220,5246322,18696,706739,1745579,2236862,255426,1609172,1386394,3488617,723463,2243310,831092,12331,886603
739441,740511,Apex Arrow,9.0,1155320,1149220,5246322,18696,706739,1745579,2236862,255426,1609172,1386394,3488617,723463,2243310,831092,12331,886603
739441,740511,Apex Arrow,20.0,1155340,1149220,5246322,18696,706739,1745579,2236862,255426,1609172,1386394,3488617,723463,2243310,831092,12331,886603
739441,740511,Apex Arrow,135117.0,1290457,1149220,5246322,18696,706739,1745579,2236862,255426,1609172,1386394,3488617,723463,2243310,831092,12331,886603
740681,741481,Pitch Perfect,41837.0,1290457,1149220,5246322,18696,706739,1745579,2236862,255426,1651009,1386394,3488617,723463,2243310,831092,12331,886603
708570,742500,Caustic Bite (dot),2484.0,1290457,1149220,5246322,18696,709223,1745579,2236862,255426,1651009,1386394,3488617,723463,2243310,831092,12331,886603
708570,742500,Stormbite (dot),3106.0,1290457,1149220,5246322,18696,709223,1745579,2236862,255426,1651009,1386394,3488617,723463,2243310,831092,12331,889709
741760,742518,Shot,13470.0,1290457,1149220,5246322,18696,709223,1745579,2236862,255426,1651009,1386394,3488617,723463,2256780,831092,12331,889709
741931,743401,Refulgent Arrow,5.0,1290457,1149220,5246322,18696,709223,1745579,2236862,255426,1651009,1386394,3488622,723463,2256780,831092,12331,889709
741931,743401,Burst Shot,8.0,1290457,1149220,5246330,18696,709223,1745579,2236862,255426,1651009,1386394,3488622,723463,2256780,831092,12331,889709
741931,743581,Blast Arrow,139816.0,1290457,1289036,5246330,18696,709223,1745579,2236862,255426,1651009,1386394,3488622,723463,2256780,831092,12331,889709
743231,744031,Pitch Perfect,19584.0,1290457,1289036,5246330,18696,709223,1745579,2236862,255426,1670593,1386394,3488622,723463,2256780,831092,12331,889709
742581,744231,Heartbreak Shot,17953.0,1290457,1289036,5246330,18696,709223,1745579,2254815,255426,1670593,1386394,3488622,723463,2256780,831092,12331,889709
708570,745500,Stormbite (dot),3106.0,1290457,1289036,5246330,18696,709223,1745579,2254815,255426,1670593,1386394,3488622,723463,2256780,831092,12331,892815
708570,745500,Caustic Bite (dot),2484.0,1290457,1289036,5246330,18696,711707,1745579,2254815,255426,1670593,1386394,3488622,723463,2256780,831092,12331,892815
744800,745558,Shot,13470.0,1290457,1289036,5246330,18696,711707,1745579,2254815,255426,1670593,1386394,3488622,723463,2270250,831092,12331,892815
744421,745581,Resonant Arrow,127868.0,1290457,1289036,5246330,18696,711707,1745579,2254815,255426,1670593,1386394,3488622,851331,2270250,831092,12331,892815
747561,748361,Pitch Perfect,6193.0,1290457,1289036,5246330,18696,711707,1745579,2254815,255426,1676786,1386394,3488622,851331,2270250,831092,12331,892815
746911,748381,Refulgent Arrow,50903.0,1290457,1289036,5246330,18696,711707,1745579,2254815,255426,1676786,1386394,3539525,851331,2270250,831092,12331,892815
708570,748500,Caustic Bite (dot),2484.0,1290457,1289036,5246330,18696,714191,1745579,2254815,255426,1676786,1386394,3539525,851331,2270250,831092,12331,892815
708570,748500,Stormbite (dot),3106.0,1290457,1289036,5246330,18696,714191,1745579,2254815,255426,1676786,1386394,3539525,851331,2270250,831092,12331,895921
746911,748501,Refulgent Arrow,50903.0,1290457,1289036,5246330,18696,714191,1745579,2254815,255426,1676786,1386394,3590428,851331,2270250,831092,12331,895921
747840,748598,Shot,10985.0,1290457,1289036,5246330,18696,714191,1745579,2254815,255426,1676786,1386394,3590428,851331,2281235,831092,12331,895921
746911,748621,Refulgent Arrow,50903.0,1290457,1289036,5246330,18696,714191,1745579,2254815,255426,1676786,1386394,3641331,851331,2281235,831092,12331,895921
750021,750821,Pitch Perfect,16014.0,1290457,1289036,5246330,18696,714191,1745579,2254815,255426,1692800,1386394,3641331,851331,2281235,831092,12331,895921
749401,750871,Burst Shot,22177.0,1290457,1289036,5268507,18696,714191,1745579,2254815,255426,1692800,1386394,3641331,851331,2281235,831092,12331,895921
749401,750871,Refulgent Arrow,9550.0,1290457,1289036,5268507,18696,714191,1745579,2254815,255426,1692800,1386394,3650881,851331,2281235,831092,12331,895921
708570,751500,Stormbite (dot),3106.0,1290457,1289036,5268507,18696,714191,1745579,2254815,255426,1692800,1386394,3650881,851331,2281235,831092,12331,899027
708570,751500,Caustic Bite (dot),2484.0,1290457,1289036,5268507,18696,716675,1745579,2254815,255426,1692800,1386394,3650881,851331,2281235,831092,12331,899027
750880,751638,Shot,9097.0,1290457,1289036,5268507,18696,716675,1745579,2254815,255426,1692800,1386394,3650881,851331,2290332,831092,12331,899027
750021,751671,Heartbreak Shot,8091.0,1290457,1289036,5268507,18696,716675,1745579,2262906,255426,1692800,1386394,3650881,851331,2290332,831092,12331,899027
750671,752321,Heartbreak Shot,4067.0,1290457,1289036,5268507,18696,716675,1745579,2266973,255426,1692800,1386394,3650881,851331,2290332,831092,12331,899027
752511,753311,Pitch Perfect,4549.0,1290457,1289036,5268507,18696,716675,1745579,2266973,255426,1697349,1386394,3650881,851331,2290332,831092,12331,899027
752511,753311,Pitch Perfect,7782.0,1290457,1289036,5268507,18696,716675,1745579,2266973,255426,1705131,1386394,3650881,851331,2290332,831092,12331,899027
752511,753311,Pitch Perfect,15791.0,1290457,1289036,5268507,18696,716675,1745579,2266973,255426,1720922,1386394,3650881,851331,2290332,831092,12331,899027
751891,753361,Burst Shot,21984.0,1290457,1289036,5290491,18696,716675,1745579,2266973,255426,1720922,1386394,3650881,851331,2290332,831092,12331,899027
751891,753361,Refulgent Arrow,9795.0,1290457,1289036,5290491,18696,716675,1745579,2266973,255426,1720922,1386394,3660676,851331,2290332,831092,12331,899027
